# BEAST v10.5.0-beta5 Prerelease #fb0d1ded5
# Generated Tue Jul 08 11:16:32 CEST 2025 [seed=1751966180065]
# A3_RRW_pols.xml
state	joint	prior	likelihood	Current Tree	location.precision.col11	location.precision.col12	location.precision.col21	location.precision.col22	correlation	location.varCovar.location.precision.col11	location.varCovar.location.precision.col12	location.varCovar.location.precision.col21	location.varCovar.location.precision.col22	location.diffusionRate	location.traitLikelihood
0	-98009.69547456624	-408.2387888925428	-97601.4566856737	890.0	0.05	0.002	0.002	0.05	-0.04	20.03205128205128	-0.8012820512820512	-0.8012820512820512	20.03205128205128	1939.2891220125964	-97601.4566856737
10000	-1163.1936540236363	-269.1003716016317	-894.0932824220047	592.0	2.1732425998503293E-4	1.0991485057590615E-4	1.0991485057590615E-4	1.2105010650676143E-4	-0.6776722173453321	8509.164848349965	-7726.416851850502	-7726.416851850502	15276.714801196962	2172.688937461021	-894.0932824220047
20000	-1109.2816347221747	-254.50864063868985	-854.7729940834847	722.0	2.78998987261382E-4	1.2442701800977185E-4	1.2442701800977185E-4	1.3547046709396076E-4	-0.6400163452922517	6071.086419059073	-5576.176087731379	-5576.176087731377	12503.293144468103	1857.296370817268	-854.7729940834847
30000	-1044.2707814292996	-249.8740521462641	-794.3967292830356	414.0	3.811080713137809E-4	1.5724727507866753E-4	1.5724727507866753E-4	2.487582649164029E-4	-0.5107052184619518	3549.78083279872	-2243.9188634462735	-2243.918863446274	5438.4127788846845	1905.789149649365	-794.3967292830356
40000	-1170.5486212793064	-260.56629298804853	-909.9823282912579	69.0	2.012775887821158E-4	7.011407668326941E-5	7.011407668326941E-5	8.320969093344358E-5	-0.5417769878066654	7032.441429212494	-5925.669619813837	-5925.669619813838	17010.91349150104	2111.0168855048523	-909.9823282912579
50000	-1054.5845366014944	-241.7433108944999	-812.8412257069946	982.0	3.817755068744098E-4	1.6551674524636163E-4	1.6551674524636163E-4	1.8206544590552374E-4	-0.6278040917550199	4323.328216632866	-3930.362576433943	-3930.362576433943	9065.645669777114	1576.069058830944	-812.8412257069946
60000	-1128.7912139718787	-241.52495891040843	-887.2662550614702	610.0	1.4064616741384044E-4	7.515831705103321E-5	7.515831705103321E-5	1.1098142458832916E-4	-0.6015724628294581	11142.333621923572	-7545.758636197796	-7545.758636197796	14120.619966656343	1940.5544839508616	-887.2662550614702
70000	-1136.1226860699767	-288.32364440250507	-847.7990416674717	753.0	2.2951418449466488E-4	1.5456842705687557E-4	1.5456842705687557E-4	2.2351386728427874E-4	-0.6824389175358518	8154.998576039394	-5639.494845956384	-5639.494845956386	8373.92270321334	1754.6212571883002	-847.7990416674717
80000	-1078.5683065328406	-243.65131372765305	-834.9169928051874	732.0	2.5507410712384657E-4	1.1845507309705825E-4	1.1845507309705825E-4	1.5299930658244047E-4	-0.5996194976797972	6121.304951047085	-4739.234716955807	-4739.234716955806	10205.18608677351	1644.0052165123143	-834.9169928051874
90000	-1108.6158733677844	-246.07132310353876	-862.5445502642456	633.0	2.6078952963906626E-4	1.297833949067336E-4	1.297833949067336E-4	1.2471132240421802E-4	-0.7196496402660516	7953.69179432704	-8277.172458839066	-8277.172458839066	16632.327377730493	2325.37191448611	-862.5445502642456
100000	-1069.4159402073979	-237.4000173384677	-832.01592286893	903.0	2.1473782870928633E-4	1.0321166865905456E-4	1.0321166865905456E-4	1.483928314622222E-4	-0.5781866501399835	6995.40328533095	-4865.5129692423725	-4865.5129692423725	10122.980319438142	1765.576108294357	-832.01592286893
110000	-1086.2368235878612	-270.3150006537717	-815.9218229340894	2.0	3.42108868922856E-4	1.6123821476597106E-4	1.6123821476597106E-4	2.248254836312787E-4	-0.5813839607747359	4415.526270691684	-3166.6853847680245	-3166.6853847680245	6718.947842420335	1747.43871451807	-815.9218229340894
120000	-1108.807064617586	-270.99425997924226	-837.8128046383438	971.0	3.357924215325202E-4	1.2538450098651096E-4	1.2538450098651096E-4	2.3827286233569337E-4	-0.4432728374087526	3706.28029361765	-1950.327454734129	-1950.3274547341289	5223.174903228155	1710.3821574107792	-837.8128046383438
130000	-1089.2176229565248	-219.9311614884783	-869.2864614680465	55.0	1.7849148414586505E-4	1.0466319490177602E-4	1.0466319490177602E-4	1.1905774472258795E-4	-0.717970187963095	11563.035477123545	-10165.018988208041	-10165.01898820804	17335.313787037518	1897.750107376107	-869.2864614680465
140000	-1125.2975186159315	-246.81874798141655	-878.4787706345148	718.0	1.9703239615442183E-4	1.069294606504545E-4	1.069294606504545E-4	1.343806289465429E-4	-0.6571435084345323	8932.846360744783	-7108.051591333085	-7108.051591333085	13097.57318993506	2330.1157819712607	-878.4787706345148
150000	-1034.6189724170729	-192.04828154467717	-842.5706908723956	181.0	2.605278436500942E-4	1.3996532449510833E-4	1.3996532449510833E-4	1.6361302640052115E-4	-0.6779293615790792	7102.660351368774	-6076.081976653078	-6076.081976653078	11309.86221715188	1842.4011369635764	-842.5706908723956
160000	-1049.2219819831066	-242.21765796108315	-807.0043240220235	430.0	3.3009104134188745E-4	2.0316746911423485E-4	2.0316746911423485E-4	2.193980916648369E-4	-0.7549546750344599	7044.561037335945	-6523.418805131185	-6523.418805131187	10598.75439647406	1963.332068920503	-807.0043240220235
170000	-1073.8189088499018	-250.9117443033688	-822.907164546533	389.0	3.223454057466233E-4	1.6265274802976636E-4	1.6265274802976636E-4	2.464726536859975E-4	-0.5770537826570467	4651.005634369028	-3069.3013452754776	-3069.301345275478	6082.744985780501	1905.0227496849877	-822.907164546533
180000	-1173.1405516835262	-280.70095604559424	-892.4395956379319	999.0	2.0633213304122288E-4	8.85209560743564E-5	8.85209560743564E-5	8.928605221360125E-5	-0.6521850682486506	8433.856684577	-8361.586592795169	-8361.586592795169	19489.893397119664	1920.4882259215572	-892.4395956379319
190000	-1080.472774891044	-226.7867611497324	-853.6860137413117	602.0	2.208334561798794E-4	1.5560885128313072E-4	1.5560885128313072E-4	1.8373779132772002E-4	-0.772507342944538	11229.998657164144	-9510.76628452306	-9510.76628452306	13497.274558686926	2002.9162905225487	-853.6860137413117
200000	-1096.3739777128267	-210.82604224434246	-885.5479354684843	770.0	1.5470361359556868E-4	5.514741851778627E-5	5.514741851778627E-5	1.1338141442604512E-4	-0.4163935785328994	7819.797933744937	-3803.459954700396	-3803.4599547003954	10669.746925115165	2034.1750827952485	-885.5479354684843
210000	-1153.5524935386911	-265.09549717176844	-888.4569963669228	299.0	2.774966296345371E-4	1.431165231844384E-4	1.431165231844384E-4	1.6840206857920856E-4	-0.6620445424381532	6415.642630620532	-5452.334849772959	-5452.3348497729585	10571.83692550352	2044.973495351081	-888.4569963669228
220000	-1076.1809019124153	-233.2888316999779	-842.8920702124374	625.0	2.2334267406932604E-4	1.3792534499282774E-4	1.3792534499282774E-4	1.8458296399162166E-4	-0.6793012525356417	8313.85436704177	-6212.335131027654	-6212.335131027653	10059.641615909559	1796.1469345102514	-842.8920702124374
230000	-1173.2529369092053	-297.0405882513957	-876.2123486578097	663.0	1.7319813520727707E-4	9.014501001574154E-5	9.014501001574154E-5	1.42565051715676E-4	-0.5736718603527527	8605.945871000777	-5441.60765489339	-5441.60765489339	10455.113357828677	1907.827889771564	-876.2123486578097
240000	-1080.740214221365	-243.9582918156786	-836.7819224056865	981.0	1.9012263618044774E-4	1.054927669462819E-4	1.054927669462819E-4	2.1400211988307133E-4	-0.5229940307656117	7240.093212697353	-3569.018224556653	-3569.018224556653	6432.205477881701	1922.7270508980532	-836.7819224056865
250000	-1111.8742923332734	-260.04028610132116	-851.8340062319522	824.0	3.9331963262383325E-4	1.9880435384198074E-4	1.9880435384198074E-4	1.8154817989596977E-4	-0.7439729223030302	5694.147834854197	-6235.377196497207	-6235.377196497206	12336.230172034715	1858.0237585760954	-851.8340062319522
260000	-1034.6396464106638	-203.84538013193446	-830.7942662787292	834.0	1.7557320496687582E-4	9.783443920929023E-5	9.783443920929023E-5	1.5261974002702962E-4	-0.5976642610018795	8860.691794791072	-5680.004517084196	-5680.004517084196	10193.308259859743	1764.1140426162412	-830.7942662787292
270000	-1024.8487960107527	-192.16487656127381	-832.6839194494788	155.0	1.951919805811327E-4	1.0229395385955776E-4	1.0229395385955776E-4	1.451087246659275E-4	-0.6078161247028984	8124.785716883579	-5727.542965835428	-5727.542965835428	10928.998373646256	2175.317208449689	-832.6839194494788
280000	-1025.7923331305128	-231.68152830267368	-794.1108048278392	787.0	2.869312782899291E-4	2.026451967296628E-4	2.026451967296628E-4	2.9368130143198485E-4	-0.6980864680714762	6797.977564840047	-4690.722542680796	-4690.722542680796	6641.731642276695	1896.4694633802972	-794.1108048278392
290000	-1085.858625528749	-257.6543870055875	-828.2042385231614	839.0	2.394080293269397E-4	1.2880189700425088E-4	1.2880189700425088E-4	1.8982989287461574E-4	-0.6041859227124673	6578.325384944355	-4463.473986426897	-4463.473986426897	8296.39575112202	2046.2729073121207	-828.2042385231614
300000	-1121.159925178271	-227.2945585422238	-893.865366636047	551.0	1.3756311776286326E-4	6.0493057496457585E-5	6.0493057496457585E-5	9.354343744102661E-5	-0.5332708787150314	10158.140216909673	-6569.108181276719	-6569.108181276719	14938.358875163083	1992.9837735460314	-893.865366636047
310000	-1110.0450984096888	-229.73772970648923	-880.3073687031995	84.0	1.6183879094931264E-4	9.745441028060394E-5	9.745441028060394E-5	1.1086320431192937E-4	-0.7275560755191265	13128.287954776779	-11540.434615500799	-11540.4346155008	19164.75590816813	2185.6024139019846	-880.3073687031995
320000	-1104.6810762602477	-281.3472941146059	-823.3337821456416	539.0	2.825747320376761E-4	1.2806190048697864E-4	1.2806190048697864E-4	2.197764688922031E-4	-0.5138811468972759	4808.752559004326	-2802.0196829159395	-2802.01968291594	6182.790963224649	1676.230477922968	-823.3337821456416
330000	-1133.6674021578942	-252.02284150974344	-881.6445606481507	188.0	1.4408294027375355E-4	4.1156918432554635E-5	4.1156918432554635E-5	9.94047634077831E-5	-0.3439006295739904	7871.376015271951	-3259.0146538908148	-3259.0146538908148	11409.22186624193	2027.1829163984753	-881.6445606481507
340000	-1111.024806649917	-284.1372224701951	-826.8875841797219	433.0	3.199268085260216E-4	1.4085618070697314E-4	1.4085618070697314E-4	2.1208274411149686E-4	-0.5407517387226434	4417.424943081029	-2933.8624820649975	-2933.8624820649975	6663.685298225753	1757.1888442396437	-826.8875841797219
350000	-1115.3542147830576	-275.0628980761761	-840.2913167068814	694.0	2.6111257119463036E-4	1.2832045393093206E-4	1.2832045393093206E-4	1.7849794426395355E-4	-0.5943816417473513	5921.917198167949	-4257.209270077638	-4257.2092700776375	8662.772181447452	2004.5383127036532	-840.2913167068814
360000	-1107.616067473813	-243.0643547191326	-864.5517127546804	513.0	2.3490794941567072E-4	1.2645843390261195E-4	1.2645843390261195E-4	1.245692324160147E-4	-0.7392537700137672	9386.880625880023	-9529.240890039791	-9529.24089003979	17701.42463326025	1878.4801720895277	-864.5517127546804
370000	-1064.5237339542398	-237.90411632929053	-826.6196176249492	740.0	2.1326436817658542E-4	1.0576647695993344E-4	1.0576647695993344E-4	1.8884599101718703E-4	-0.5270295949551218	6492.325400082682	-3636.139592615133	-3636.139592615133	7331.803375796409	1854.5671798153303	-826.6196176249492
380000	-1060.6618598573093	-196.22550392284867	-864.4363559344607	423.0	1.657931929803359E-4	9.16028425804779E-5	9.16028425804779E-5	1.2406304849617427E-4	-0.6387109748928234	10187.700590909453	-7522.161874934889	-7522.161874934888	13614.459990853911	1986.590137765952	-864.4363559344607
390000	-1141.124924801401	-293.4111004250875	-847.7138243763135	647.0	2.08181388276619E-4	1.2257559918787882E-4	1.2257559918787882E-4	2.337292963377257E-4	-0.5556822173251961	6949.339309723447	-3644.4700908113823	-3644.4700908113823	6189.737990795448	2028.929391744422	-847.7138243763135
400000	-1114.374996946867	-289.8387843239283	-824.5362126229387	648.0	2.7567787778141504E-4	1.7370802468944606E-4	1.7370802468944606E-4	2.3711208538845698E-4	-0.6794258686114207	6737.655019327698	-4935.997853204839	-4935.997853204838	7833.520733068384	1615.1720032763599	-824.5362126229387
410000	-1115.9132227065961	-247.90484980434633	-868.0083729022499	3.0	1.8747185818532332E-4	6.627098651481126E-5	6.627098651481126E-5	9.610193403658253E-5	-0.4937297874272187	7053.578414859634	-4864.08108950634	-4864.081089506339	13759.842250274103	2122.3768893958195	-868.0083729022499
420000	-1141.246366785735	-260.82201244803025	-880.4243543377047	291.0	2.1141593745334613E-4	1.1570173040757089E-4	1.1570173040757089E-4	1.4737648467437513E-4	-0.6554761527347753	8293.1602882185	-6510.760505750259	-6510.760505750258	11896.78435239153	1960.699138083519	-880.4243543377047
430000	-1147.523666798363	-263.79561122426526	-883.7280555740977	720.0	2.221869482384366E-4	1.2785852620365805E-4	1.2785852620365805E-4	1.9443033757675897E-4	-0.6151604515457778	7240.79225997597	-4761.587303945751	-4761.58730394575	8274.47791905115	1836.9241440663575	-883.7280555740977
440000	-1119.8363098031236	-271.5918900911241	-848.2444197119995	218.0	2.0685684887456694E-4	1.337702541592035E-4	1.337702541592035E-4	2.0527345541173546E-4	-0.649169643939758	8355.406794017	-5444.9557941980775	-5444.9557941980775	8419.856902631424	1859.864922448819	-848.2444197119995
450000	-1076.213693726261	-253.22258997364935	-822.9911037526116	576.0	2.3987206113697116E-4	1.4283910841814322E-4	1.4283910841814322E-4	1.9481855072361648E-4	-0.6607575636135575	7399.526340362797	-5425.2623338392505	-5425.262333839252	9110.732156190761	1774.54002581498	-822.9911037526116
460000	-1095.4484531468047	-227.67697870071618	-867.7714744460886	622.0	1.8607962291356515E-4	1.1779289534946998E-4	1.1779289534946998E-4	1.5216263795243481E-4	-0.7000284229512286	10538.162566566612	-8157.854628987918	-8157.854628987919	12887.11435984398	2111.419474934823	-867.7714744460886
470000	-1110.5209362575836	-222.6166675810937	-887.9042686764899	758.0	1.6669640842232534E-4	9.39292327083598E-5	9.39292327083598E-5	1.3837676063941759E-4	-0.6184521069857902	9714.598256755518	-6594.205241621244	-6594.205241621244	11702.750022359127	1703.6144159086382	-887.9042686764899
480000	-1109.2347734554446	-253.79809442466765	-855.4366790307769	822.0	2.0413710713369188E-4	1.0922769557468592E-4	1.0922769557468592E-4	1.5960985557891144E-4	-0.6051206043790838	7728.690232101563	-5289.065771039875	-5289.0657710398755	9884.806049045077	2109.3541131740067	-855.4366790307769
490000	-1072.4220975634107	-219.71657370855291	-852.7055238548579	545.0	1.685151025038914E-4	9.258472146780503E-5	9.258472146780503E-5	1.4507485378210345E-4	-0.5921392362123343	9138.358632235591	-5831.971334668449	-5831.971334668449	10614.875021286916	2041.257477271433	-852.7055238548579
500000	-1094.9005864800629	-280.88334730100723	-814.0172391790558	916.0	3.268698742001182E-4	1.5838357412663206E-4	1.5838357412663206E-4	2.1406146782064952E-4	-0.5987609126389549	4769.121077334946	-3528.6614137572374	-3528.661413757238	7282.403612684317	1906.3511678466925	-814.0172391790558
510000	-1086.7163126591786	-228.79768804406226	-857.9186246151163	116.0	3.152528629204908E-4	1.9376684267377654E-4	1.9376684267377654E-4	1.9127578285802653E-4	-0.7890780252505457	8406.008998727968	-8515.483762938482	-8515.483762938482	13854.437623979624	2101.1871788809995	-857.9186246151163
520000	-1034.351433959001	-202.00125361711952	-832.3501803418816	376.0	2.746632722119036E-4	1.421495855148982E-4	1.421495855148982E-4	1.4457659137438725E-4	-0.7133395642704186	7412.901167090379	-7288.460865950946	-7288.460865950948	14082.858585758468	1834.9509751557546	-832.3501803418816
530000	-1019.4234077209023	-208.8309067263089	-810.5925009945934	113.0	2.7805322060083697E-4	1.2020010551665884E-4	1.2020010551665884E-4	1.572844190970399E-4	-0.574775215173519	5370.749902619226	-4104.441550565296	-4104.441550565295	9494.610566247833	1714.359563485401	-810.5925009945934
540000	-1086.9629799493632	-278.178552013923	-808.7844279354401	173.0	3.2817980601731924E-4	1.4048364918604233E-4	1.4048364918604233E-4	1.8021594374908627E-4	-0.5776612659350867	4573.129178122892	-3564.8892199923785	-3564.8892199923785	8327.835014742544	1820.1000736215253	-808.7844279354401
550000	-1087.6510531954684	-231.93352159880908	-855.7175315966593	487.0	2.397403093939766E-4	1.0969734546819823E-4	1.0969734546819823E-4	1.2010401030664585E-4	-0.6464677036291452	7165.997100611467	-6545.08419463147	-6545.084194631471	14304.08824510225	1745.3315467270056	-855.7175315966593
560000	-1101.28668610719	-254.3361163112643	-846.9505697959257	752.0	2.4737125914231305E-4	1.3265045032122866E-4	1.3265045032122866E-4	1.8560829934373288E-4	-0.6190638055148275	6554.4243797808385	-4684.312870968209	-4684.312870968209	8735.472592078391	1915.5108870210581	-846.9505697959257
570000	-1109.2551320789394	-233.1193815581741	-876.1357505207652	146.0	1.8663267669481617E-4	7.004351072196302E-5	7.004351072196302E-5	8.48629644471125E-5	-0.5565638108398555	7762.7259205497485	-6407.13625537491	-6407.13625537491	17071.973933968857	2195.146259112648	-876.1357505207652
580000	-1097.6826404401795	-200.3055931660676	-897.3770472741119	782.0	1.7711198029205343E-4	1.1843396619769784E-4	1.1843396619769784E-4	1.3593974782912926E-4	-0.7632715484706506	13526.40553251308	-11784.528669478175	-11784.528669478179	17623.16399989253	2019.776682918449	-897.3770472741119
590000	-1060.6715335820406	-230.888333881591	-829.7831997004496	783.0	3.5751743182536666E-4	2.39036086469633E-4	2.39036086469633E-4	2.4071324675031054E-4	-0.8148259722881324	8323.149953350792	-8265.158726443522	-8265.158726443522	12361.892152557893	1867.3651655248045	-829.7831997004496
600000	-1157.4551634087602	-295.9324381939219	-861.5227252148384	926.0	2.7533756030180816E-4	1.514301411736278E-4	1.514301411736278E-4	1.6419730157159353E-4	-0.7121911775843505	7370.181492526698	-6797.113065843823	-6797.113065843823	12358.83764051401	2010.7232219512439	-861.5227252148384
610000	-1085.8547144311729	-255.43312171461872	-830.4215927165542	254.0	4.1793864753274695E-4	2.2055154382906572E-4	2.2055154382906572E-4	2.2563328918119677E-4	-0.7182113241509305	4941.824904996083	-4830.524414571366	-4830.524414571366	9153.700788712466	1848.1196627132153	-830.4215927165542
620000	-1094.4798356586437	-259.35079883986765	-835.1290368187761	46.0	2.828324677901884E-4	1.6354487617146595E-4	1.6354487617146595E-4	1.9727472303153657E-4	-0.6923673660632153	6791.155752853038	-5630.010320602187	-5630.010320602187	9736.469585208364	1816.5489479857497	-835.1290368187761
630000	-1108.492677785662	-229.29874226906688	-879.193935516595	445.0	2.0274049503023965E-4	8.219990607194014E-5	8.219990607194014E-5	1.4724914800948283E-4	-0.47574548425667273	6375.376752170837	-3558.97047477602	-3558.9704747760206	8777.959371664121	1768.9252160263034	-879.193935516595
640000	-1143.045351640277	-289.01094592163594	-854.034405718641	916.0	2.697487489642649E-4	1.7214921031828375E-4	1.7214921031828375E-4	2.3037071908643008E-4	-0.6905763105615943	7086.833371390493	-5295.780528793763	-5295.780528793763	8298.209267357344	1989.319085128469	-854.034405718641
650000	-1043.8878799544473	-190.16293345115903	-853.7249465032883	304.0	1.4756340903705867E-4	7.97130939971367E-5	7.97130939971367E-5	1.0618539160132147E-4	-0.636807162969304	11399.519047276237	-8557.588945468204	-8557.588945468204	15841.650782950359	1868.7237620880517	-853.7249465032883
660000	-1055.3470797036643	-208.64868366030177	-846.6983960433627	263.0	2.9504817961581377E-4	1.6484536732994906E-4	1.6484536732994906E-4	1.6021869722056015E-4	-0.7581823652597858	7971.777559330835	-8201.980310896586	-8201.980310896588	14680.299478061968	2143.4224581280173	-846.6983960433627
670000	-1113.7846830068663	-233.66688921515248	-880.1177937917139	477.0	2.616268621945451E-4	1.1074672408513994E-4	1.1074672408513994E-4	1.0690155108933078E-4	-0.662213025532795	6807.506859891501	-7052.368054885453	-7052.368054885452	16660.43795410381	2143.6301558299874	-880.1177937917139
680000	-1054.9122381748384	-243.85385685475282	-811.0583813200857	714.0	4.3330382522946545E-4	2.2738287620235252E-4	2.2738287620235252E-4	2.312913947641851E-4	-0.7182601247135942	4767.275465559478	-4686.71481752713	-4686.71481752713	8931.0659277038	1774.6643744165497	-811.0583813200857
690000	-1062.8146242416876	-197.8082791154355	-865.0063451262522	727.0	1.9660435071951868E-4	8.639298075643132E-5	8.639298075643132E-5	9.595436660090245E-5	-0.6289983769536066	8416.090843099671	-7577.4683321754055	-7577.4683321754055	17244.03103702563	1849.0077910296966	-865.0063451262522
700000	-1070.1162796906335	-234.89730097626583	-835.2189787143677	562.0	2.847376808785865E-4	1.5834810193839517E-4	1.5834810193839517E-4	1.6262078411006292E-4	-0.7358721467044338	7659.900357397927	-7458.64490365682	-7458.644903656819	13411.95269388434	1879.918377599401	-835.2189787143677
710000	-1100.6387359601567	-264.046042954895	-836.5926930052618	950.0	1.8746921397844938E-4	1.0259513308918375E-4	1.0259513308918375E-4	1.6615348298423645E-4	-0.5813090110717707	8056.746176721907	-4974.815642865441	-4974.815642865441	9090.341326863603	1652.2616100656326	-836.5926930052618
720000	-1036.443107428647	-208.35026559001415	-828.0928418386328	809.0	2.885786504303961E-4	1.8521836787948798E-4	1.8521836787948798E-4	1.8235778852966243E-4	-0.8074019528409621	9954.722899175316	-10110.878964612491	-10110.878964612491	15753.2097905722	1808.056634180744	-828.0928418386328
730000	-1145.7350904585317	-235.8230156509199	-909.9120748076117	430.0	2.1598270441647543E-4	1.2958779145554137E-4	1.2958779145554137E-4	1.2876753736514967E-4	-0.7770543676526249	11686.415993973184	-11760.858906505498	-11760.858906505495	19601.70849704707	2121.69171731022	-909.9120748076117
740000	-1094.6914355285578	-248.31514206870185	-846.376293459856	349.0	2.881350185925974E-4	1.7608451075433159E-4	1.7608451075433159E-4	2.707444217642964E-4	-0.6304394397949428	5759.8830749126655	-3746.0649665059864	-3746.0649665059873	6129.8548870047525	2043.4831417093321	-846.376293459856
750000	-1131.1964458987165	-262.42698657904367	-868.7694593196729	678.0	2.3656213819134273E-4	8.137701354617199E-5	8.137701354617199E-5	1.2167269678795151E-4	-0.47965896077170234	5490.41350957893	-3672.092970222826	-3672.092970222827	10674.736351444462	1943.3402336305928	-868.7694593196729
760000	-1061.7597388617103	-206.88232767705878	-854.8774111846516	568.0	2.3723881104815165E-4	1.289045947757521E-4	1.289045947757521E-4	1.7994393217211875E-4	-0.6238884207279031	6901.466304494934	-4943.932849530504	-4943.932849530505	9098.921207307865	1908.3952089829925	-854.8774111846516
770000	-1075.5087887689276	-252.15891803491886	-823.3498707340087	206.0	2.7235783807897995E-4	1.1263564702699665E-4	1.1263564702699665E-4	1.3172650772341304E-4	-0.5946608263164832	5680.325441070356	-4857.087175819437	-4857.087175819437	11744.645656008477	1841.4418398841206	-823.3498707340087
780000	-1154.964701126266	-298.375229015889	-856.589472110377	262.0	2.376724058572395E-4	1.348562393612211E-4	1.348562393612211E-4	1.618842146353957E-4	-0.687510621603199	7978.83460199037	-6646.698884959363	-6646.698884959362	11714.229333990961	1875.5667623870938	-856.589472110377
790000	-1093.9317332915953	-251.55700440598383	-842.3747288856114	648.0	1.9412393939853483E-4	7.712660647025511E-5	7.712660647025511E-5	1.232227752262063E-4	-0.498676820945186	6856.383934263307	-4291.492579485756	-4291.492579485756	10801.47932802727	1628.4115147846617	-842.3747288856114
800000	-1098.998465617616	-248.80785907588074	-850.1906065417352	448.0	1.635925564386835E-4	8.715386406751361E-5	8.715386406751361E-5	1.4718735313600407E-4	-0.5616550001121908	8929.667906306378	-5287.513134060789	-5287.513134060789	9924.950546473196	1901.0387121874328	-850.1906065417352
810000	-1077.5628745597999	-224.19177052913844	-853.3711040306614	896.0	1.9111641368338894E-4	1.0287200420072154E-4	1.0287200420072154E-4	1.7270469165094274E-4	-0.5662342558098058	7701.76109536148	-4587.574270166939	-4587.574270166939	8522.831345929451	1785.235696417586	-853.3711040306614
820000	-1088.1674266182722	-256.96024680495	-831.2071798133221	32.0	4.079109122975675E-4	1.6474677180857895E-4	1.6474677180857895E-4	1.5704618108074536E-4	-0.6509094273009586	4253.763184452808	-4462.341891118432	-4462.341891118432	11048.7017852145	1947.9876613344954	-831.2071798133221
830000	-1040.6313616375742	-234.29437531720356	-806.3369863203707	880.0	4.301081354462728E-4	1.9601557641298325E-4	1.9601557641298325E-4	2.812975191966443E-4	-0.5635322880366358	3406.9312248104743	-2374.0400901430444	-2374.040090143044	5209.249057303454	1696.3007194633478	-806.3369863203707
840000	-1126.781565427391	-279.28910789531267	-847.4924575320783	682.0	2.612073788714539E-4	1.1293328890247513E-4	1.1293328890247513E-4	1.286038402234482E-4	-0.6161724647899848	6171.499929399527	-5419.49434229573	-5419.49434229573	12534.9392169231	1727.360829035538	-847.4924575320783
850000	-1147.6757391937663	-288.641432280535	-859.0343069132311	877.0	3.172876822278131E-4	1.4636159383674358E-4	1.4636159383674358E-4	1.6839644754293632E-4	-0.6331900203169447	5261.007578975779	-4572.599159193973	-4572.599159193973	9912.6372632687	1723.337164994565	-859.0343069132311
860000	-1148.72260591542	-290.99058713782284	-857.7320187775972	734.0	2.7493489298148174E-4	1.265655862084627E-4	1.265655862084627E-4	1.542283249368095E-4	-0.6146369052528188	5845.5468147198035	-4797.076410037867	-4797.076410037867	10420.55529411806	1969.9142229884676	-857.7320187775972
870000	-1095.5037731812533	-253.69775963851055	-841.8060135427428	575.0	2.9716859060648976E-4	1.4937727973019085E-4	1.4937727973019085E-4	1.6595912792135415E-4	-0.6726397398895946	6145.662796648973	-5531.617345793112	-5531.617345793113	11004.50438910701	1874.5442403500695	-841.8060135427428
880000	-1112.2159480460941	-231.67643136437306	-880.539516681721	536.0	1.7815855416673858E-4	1.1219121405787112E-4	1.1219121405787112E-4	1.4297091746244946E-4	-0.7029616873642861	11096.243380772063	-8707.372369610765	-8707.372369610766	13827.22243437945	1950.4262231038456	-880.539516681721
890000	-1195.6690020279611	-290.8643957171708	-904.8046063107903	337.0	2.8459138323032047E-4	1.1805176262784142E-4	1.1805176262784142E-4	1.2197759104061099E-4	-0.6336093488076395	5870.642843007685	-5681.697182762366	-5681.697182762366	13697.05986886138	2129.8227972236746	-904.8046063107903
900000	-1089.1533953258254	-249.5855539682906	-839.5678413575347	634.0	1.9600404344544066E-4	1.0624469990113627E-4	1.0624469990113627E-4	1.5680974049928287E-4	-0.6060217912488409	8063.272447802524	-5463.1807865391975	-5463.1807865391975	10078.672397131722	1707.3473021780483	-839.5678413575347
910000	-1153.920470078648	-314.65598979225564	-839.2644802863923	452.0	3.821320622858156E-4	1.8447332155836245E-4	1.8447332155836245E-4	2.042936965726849E-4	-0.6602362191555192	4639.162199315304	-4189.075211389155	-4189.075211389155	8677.568854269708	1971.5024765656456	-839.2644802863923
920000	-1115.764090355667	-252.65954290298788	-863.1045474526791	260.0	1.8743654626891346E-4	7.073763657461883E-5	7.073763657461883E-5	1.320432079927921E-4	-0.44964045157858734	6687.116999169507	-3582.3944238391255	-3582.3944238391255	9492.423986615757	1904.1131794834678	-863.1045474526791
930000	-1041.680755285351	-228.68871503057917	-812.9920402547718	315.0	2.956875977570409E-4	1.4352295722413376E-4	1.4352295722413376E-4	1.8694637766985652E-4	-0.610444650817629	5390.783812390481	-4138.6265096647785	-4138.6265096647785	8526.444509816789	1814.644654694063	-812.9920402547718
940000	-1141.7124543702898	-275.0811953504295	-866.6312590198604	660.0	3.936808917500585E-4	1.672920155469445E-4	1.672920155469445E-4	1.6482924086748906E-4	-0.6567285797625828	4466.49295349313	-4533.228477444685	-4533.228477444685	10667.845824395528	1962.57552817606	-866.6312590198604
950000	-1140.6124973546343	-225.38887171173155	-915.2236256429027	878.0	1.7368533891674195E-4	8.500401858787042E-5	8.500401858787042E-5	8.064485868987003E-5	-0.7182399118261346	11892.511013420317	-12535.346253489275	-12535.346253489279	25612.9756997944	2438.2070324115784	-915.2236256429027
960000	-1112.2539134712847	-227.834772571271	-884.4191409000136	814.0	2.844506757118326E-4	1.0533896512092087E-4	1.0533896512092087E-4	8.630730860789882E-5	-0.672297932371597	6415.052218266155	-7829.637753377697	-7829.637753377697	21142.658340819773	1861.3227650310741	-884.4191409000136
970000	-1147.4552985605837	-260.3200854821513	-887.1352130784326	792.0	2.492512199084212E-4	1.7127680361612212E-4	1.7127680361612212E-4	1.960886621069066E-4	-0.7747358654227284	10035.451823877382	-8765.627205412813	-8765.627205412811	12756.212330470717	2114.7891975627736	-887.1352130784326
980000	-1126.601798901132	-315.6338877692766	-810.9679111318555	437.0	4.291562018805572E-4	2.3259111694319927E-4	2.3259111694319927E-4	2.59803306450011E-4	-0.6965673126744814	4526.381428730373	-4052.2814224534177	-4052.2814224534172	7476.90508161558	1779.4780377489599	-810.9679111318555
990000	-1136.7777947167447	-256.42344594751387	-880.3543487692308	202.0	1.9583856786148105E-4	1.3109178336013193E-4	1.3109178336013193E-4	2.0352994660111985E-4	-0.6566171171100522	8976.375021900472	-5781.60132885232	-5781.601328852321	8637.158601145562	2068.8207239865555	-880.3543487692308
1000000	-1135.2206752502348	-292.67063879394993	-842.5500364562849	325.0	2.68997140267558E-4	1.5572099409816835E-4	1.5572099409816835E-4	1.8986039301256919E-4	-0.6890585854431343	7078.301437039606	-5805.529625282775	-5805.529625282775	10028.64691420579	1815.3366354230157	-842.5500364562849
1010000	-1128.7690558151705	-301.51261053330853	-827.256445281862	184.0	4.681732210662473E-4	2.051976023342871E-4	2.051976023342871E-4	1.753370358929857E-4	-0.7161964552499531	4385.393967578649	-5132.2432984871975	-5132.2432984871975	11709.58553616065	1914.2481511958092	-827.256445281862
1020000	-1043.3044904436479	-219.46402281990956	-823.8404676237383	952.0	2.686203460174503E-4	1.5161105306935494E-4	1.5161105306935494E-4	1.9547308983277614E-4	-0.6616341655278264	6621.23767529132	-5135.5039071218625	-5135.503907121862	9098.946340501872	1617.584213825269	-823.8404676237383
1030000	-1046.4986374707591	-204.11223716485767	-842.3864003059015	726.0	1.2801541009107868E-4	6.455168040344418E-5	6.455168040344418E-5	1.0564494083636909E-4	-0.5550755197417049	11290.156493029777	-6898.565779612172	-6898.565779612172	13680.863484852282	1844.1046255427534	-842.3864003059015
1040000	-1089.6740208226654	-250.60265482381192	-839.0713659988535	98.0	2.035707112104059E-4	1.1420157293636914E-4	1.1420157293636914E-4	1.6940601903223053E-4	-0.6149644635056405	7899.887771079399	-5325.546368611669	-5325.546368611669	9493.085199853815	1613.8411422390939	-839.0713659988535
1050000	-1128.6996943138088	-258.7131841570897	-869.9865101567192	830.0	2.1114205506116767E-4	1.206830888563326E-4	1.206830888563326E-4	1.3834461758300938E-4	-0.7061190229066311	9445.92418089251	-8240.02644388266	-8240.026443882662	14416.403603912706	1751.2138914733594	-869.9865101567192
1060000	-1154.0285938135087	-262.47571015413126	-891.5528836593774	799.0	2.2128237015528316E-4	1.0376514777495482E-4	1.0376514777495482E-4	1.0794577867898944E-4	-0.6713906207149382	8228.018693223747	-7909.355845553161	-7909.35584555316	16866.94468648926	2130.59272689805	-891.5528836593774
1070000	-1038.4597155428057	-223.10359518283158	-815.3561203599742	768.0	2.113139369214276E-4	9.614239320902985E-5	9.614239320902985E-5	1.5007786865607058E-4	-0.5398741473846754	6678.977735447656	-4278.664865286187	-4278.664865286187	9404.191920678082	1826.7791628329699	-815.3561203599742
1080000	-1077.7515377193965	-250.34786124406185	-827.4036764753347	232.0	2.736777488148226E-4	1.343206885810817E-4	1.343206885810817E-4	1.8882599132208675E-4	-0.5908704600096034	5613.902372569079	-3993.4292256631993	-3993.429225663199	8136.592598474477	1908.7059605504026	-827.4036764753347
1090000	-1075.7190249890764	-249.06710487934848	-826.6519201097279	367.0	2.556322054305507E-4	1.5565699182355298E-4	1.5565699182355298E-4	2.287051616454391E-4	-0.6437583372323996	6680.389047511519	-4546.680345407894	-4546.680345407894	7466.917550365314	1908.0742482626993	-826.6519201097279
1100000	-1075.7548029774448	-249.27683601118656	-826.4779669662581	417.0	3.1702798802598703E-4	1.9902797534764797E-4	1.9902797534764797E-4	2.8508453148004716E-4	-0.6620312593165316	5615.4772782168375	-3920.3708019227997	-3920.3708019227997	6244.686283314986	1781.5881361787349	-826.4779669662581
1110000	-1067.384813589692	-233.2254353926918	-834.159378197	802.0	2.5403545313191865E-4	1.105585056987976E-4	1.105585056987976E-4	1.7396620765949963E-4	-0.525911353539412	5441.477149955079	-3458.1519628840074	-3458.1519628840074	7945.957620697355	1972.5558895730792	-834.159378197
1120000	-1103.772536717249	-245.35161994806856	-858.4209167691805	267.0	1.9482754675378245E-4	1.2046448063042742E-4	1.2046448063042742E-4	1.7162749844686672E-4	-0.6587799839781128	9068.309889833761	-6365.001243741753	-6365.001243741753	10294.134593975545	1949.6442255947488	-858.4209167691805
1130000	-1098.3524304800444	-254.6223278064198	-843.7301026736246	789.0	3.250394144798541E-4	1.3044440597335792E-4	1.3044440597335792E-4	1.8826226979660302E-4	-0.5273218908106224	4261.553126787102	-2952.7731007824073	-2952.7731007824073	7357.675728664061	1737.7959156259558	-843.7301026736246
1140000	-1098.4365653782115	-254.9454199489478	-843.4911454292637	237.0	2.364071579881504E-4	9.195271148222511E-5	9.195271148222511E-5	1.5787787763720684E-4	-0.4759634341376318	5468.927771776881	-3185.2641107256322	-3185.264110725632	8189.200989509287	2098.647932625783	-843.4911454292637
1150000	-1108.7600217479762	-261.81038830701596	-846.9496334409604	321.0	2.3302783998207404E-4	1.0378137545049234E-4	1.0378137545049234E-4	1.6094252631505506E-4	-0.5358955002106666	6020.25300597554	-3882.0699029977745	-3882.0699029977745	8716.692761376382	1799.788672179059	-846.9496334409604
1160000	-1132.032151771543	-237.51001575100904	-894.5221360205342	639.0	1.9823268383278774E-4	9.672298269313619E-5	9.672298269313619E-5	1.1458694800664202E-4	-0.6417627033546941	8577.160854570402	-7239.991947815644	-7239.991947815645	14838.28346460944	2181.8673518827595	-894.5221360205342
1170000	-1045.4817534565252	-218.97799644321825	-826.5037570133069	524.0	2.3229303044782556E-4	1.2341461063245407E-4	1.2341461063245407E-4	1.7710080510851482E-4	-0.6084686677462071	6835.726728854835	-4763.550070337413	-4763.550070337414	8966.033080346211	1858.2498481728778	-826.5037570133069
1180000	-1159.8725909078723	-261.0053642898631	-898.8672266180092	691.0	1.6663126777326497E-4	7.864627440872306E-5	7.864627440872306E-5	1.1283584809722834E-4	-0.5735566985552203	8943.34137482565	-6233.484231796205	-6233.484231796205	13207.153015167512	2270.7689430410614	-898.8672266180092
1190000	-1132.70985723934	-225.70219301441753	-907.0076642249223	884.0	1.4444056843876282E-4	6.812496722407296E-5	6.812496722407296E-5	9.135389765290946E-5	-0.5930593689959741	10679.423174086021	-7963.922420374636	-7963.922420374635	16885.343630589523	2167.740844762518	-907.0076642249223
1200000	-1089.8146512780634	-213.26168642890485	-876.5529648491586	870.0	1.9346157410085369E-4	8.853440504754641E-5	8.853440504754641E-5	1.2068632610139589E-4	-0.5794095928449128	7781.281885557455	-5708.278514222758	-5708.278514222758	12473.484699813	1795.5177479253384	-876.5529648491586
1210000	-1098.8799726064171	-226.2774104134637	-872.6025621929533	874.0	1.4602775654925336E-4	6.096057287674561E-5	6.096057287674561E-5	1.333064507945429E-4	-0.43692384836235487	8463.767024834011	-3870.4510055886326	-3870.451005588632	9271.456131533692	2048.7297087479833	-872.6025621929533
1220000	-1083.629026415142	-212.735927007194	-870.8930994079482	164.0	1.6164604727961608E-4	1.13028946675294E-4	1.13028946675294E-4	1.749003996058674E-4	-0.6722204726363991	11286.50686096313	-7293.876886575994	-7293.876886575995	10431.189555771338	2040.999094768746	-870.8930994079482
1230000	-1103.5585864720254	-240.98654835568192	-862.5720381163434	640.0	1.7362753347523226E-4	8.051087660218135E-5	8.051087660218135E-5	1.4541104240277486E-4	-0.506694935534636	7748.907945158736	-4290.398865625849	-4290.39886562585	9252.555730381499	1678.2077502062118	-862.5720381163434
1240000	-1036.9696404052195	-243.15684083639604	-793.8127995688234	806.0	3.4370802357650476E-4	1.8418671066227485E-4	1.8418671066227485E-4	2.57916478849608E-4	-0.6186199353252745	4713.108703484625	-3365.7872229046657	-3365.787222904665	6280.844421424162	1554.9322628563568	-793.8127995688234
1250000	-1056.522626833377	-242.20303386492336	-814.3195929684535	209.0	2.2792008615174194E-4	9.804729615273339E-5	9.804729615273339E-5	1.600578413586682E-4	-0.5133408716923131	5957.386325967361	-3649.3408660276987	-3649.340866027698	8483.233268222231	1975.7940839280877	-814.3195929684535
1260000	-1068.191381559383	-297.8656604550874	-770.3257211042956	71.0	3.80906921125978E-4	1.9033866663402583E-4	1.9033866663402583E-4	3.394664004132664E-4	-0.5293210837874964	3647.184347863864	-2044.9747158946436	-2044.9747158946436	4092.4160948842773	1502.3328740850393	-770.3257211042956
1270000	-1074.4041296114303	-240.92947704002307	-833.4746525714073	943.0	2.8513855861888194E-4	1.772282998828469E-4	1.772282998828469E-4	2.1898552251723675E-4	-0.7092468155004168	7056.913442676438	-5711.266925271325	-5711.266925271325	9188.72674418277	1657.5485347848144	-833.4746525714073
1280000	-1033.115571783473	-205.38607278508908	-827.7294989983837	107.0	1.9516594945027016E-4	5.930125127905802E-5	5.930125127905802E-5	1.3841681432736214E-4	-0.3608007303905831	5890.676153122823	-2523.7141055256698	-2523.7141055256693	8305.778527811537	1514.5056351388278	-827.7294989983837
1290000	-1106.6589172958847	-235.9224616569568	-870.736455638928	363.0	2.490807700386027E-4	1.1552566810156869E-4	1.1552566810156869E-4	1.0331273905282526E-4	-0.7201640716948979	8340.39184061944	-9326.336214198782	-9326.336214198782	20108.18066708065	2181.990508126494	-870.736455638928
1300000	-1212.77735703772	-251.32925910563097	-961.4480979320891	921.0	1.2631840327369817E-4	6.0233335116119605E-5	6.0233335116119605E-5	6.475043520486004E-5	-0.6660123019771228	14227.372366257896	-13234.846759675671	-13234.846759675671	27755.47306207359	2368.5471885051275	-961.4480979320891
1310000	-1093.1320753750267	-244.01752055319386	-849.1145548218329	320.0	1.8602510916549073E-4	6.289702591049432E-5	6.289702591049432E-5	1.2930708374168207E-4	-0.40553950587119597	6433.723268990137	-3129.4655129568923	-3129.465512956892	9255.750256075486	1935.6276958445821	-849.1145548218329
1320000	-1083.4348176044161	-218.0021665249362	-865.43265107948	181.0	1.552400247669332E-4	5.654040430389926E-5	5.654040430389926E-5	9.423880838602075E-5	-0.4674575354210974	8242.833170621714	-4945.447932315718	-4945.447932315718	13578.45719266151	1998.0117713593602	-865.43265107948
1330000	-1102.2520742783834	-256.67022845264023	-845.5818458257431	922.0	2.6949078918182996E-4	1.2378164347196476E-4	1.2378164347196476E-4	1.6313289903000305E-4	-0.5903553515530968	5695.798455937549	-4321.846163178652	-4321.846163178652	9409.292852871764	1971.6100311421642	-845.5818458257431
1340000	-1098.7078649752286	-263.8476909074984	-834.8601740677302	452.0	2.717153677727576E-4	9.420524303313226E-5	9.420524303313226E-5	1.2038707785314347E-4	-0.5208684315218451	5050.558041353637	-3952.1604496377954	-3952.1604496377954	11399.18220573562	1922.8026553125312	-834.8601740677302
1350000	-1240.6237248390466	-264.3055316210451	-976.3181932180016	815.0	2.911071507503394E-4	1.3968971119572313E-4	1.3968971119572313E-4	1.8023413991353522E-4	-0.6098449803409457	5469.226001554783	-4238.900582252856	-4238.900582252856	8833.680449697744	1679.694192951007	-976.3181932180016
1360000	-1149.5888264421897	-277.904868894595	-871.6839575475947	387.0	1.800640144994647E-4	9.591258326044157E-5	9.591258326044157E-5	1.6369316267116237E-4	-0.5586590701231599	8073.237609638621	-4730.344638592559	-4730.344638592559	8880.637103456054	1963.1154190231027	-871.6839575475947
1370000	-1164.6110663226414	-312.0541645473957	-852.5569017752456	30.0	3.165387667376971E-4	1.4994766858584122E-4	1.4994766858584122E-4	1.802165565529748E-4	-0.6278110003661865	5214.414874370187	-4338.609994588953	-4338.609994588953	9158.783660959907	2013.2163766776232	-852.5569017752456
1380000	-1140.7697983198173	-278.8904490426588	-861.8793492771584	567.0	2.3905729019169783E-4	1.2773337151685972E-4	1.2773337151685972E-4	1.703448339533396E-4	-0.6329784080108101	6979.526341891372	-5233.610028260216	-5233.610028260215	9794.876753181476	1869.223769999576	-861.8793492771584
1390000	-1151.0669065140964	-272.35871686163426	-878.7081896524621	626.0	2.082308037850932E-4	1.0311092215248058E-4	1.0311092215248058E-4	1.5288864607034732E-4	-0.5778891835524808	7210.278576133578	-4862.744828149808	-4862.744828149808	9820.23284274429	1983.0976860949597	-878.7081896524621
1400000	-1071.0721248808159	-220.9933090358386	-850.0788158449774	882.0	1.8957727421730123E-4	9.813645905575335E-5	9.813645905575335E-5	1.2622483752042191E-4	-0.6344024277987282	8827.778417578427	-6863.363282917956	-6863.363282917955	13258.453745508492	2211.968971751699	-850.0788158449774
1410000	-1054.814430332859	-193.39507247293284	-861.4193578599263	559.0	3.265132229768973E-4	1.4762646633125542E-4	1.4762646633125542E-4	1.3044885816119398E-4	-0.7153090116802505	6271.669105524134	-7097.527422611508	-7097.527422611508	15697.974838222814	1972.2505588067559	-861.4193578599263
1420000	-1127.6095788769092	-275.40909155551475	-852.2004873213943	92.0	2.8168209988585057E-4	1.4624435889596364E-4	1.4624435889596364E-4	1.7111006548996776E-4	-0.6661341816643003	6382.0296633658745	-5454.593415655531	-5454.593415655532	10506.123716118194	1741.64306458457	-852.2004873213943
1430000	-1115.534090648805	-276.2538715542013	-839.2802190946038	714.0	3.7601806949104225E-4	1.9294688268570572E-4	1.9294688268570572E-4	1.9792320720247598E-4	-0.7072696931964978	5321.345602630875	-5187.55258786081	-5187.5525878608105	10109.58810175787	1857.4922659643232	-839.2802190946038
1440000	-1091.9764003235266	-264.66737033218493	-827.3090299913416	575.0	4.017667193692607E-4	1.8058720120138664E-4	1.8058720120138664E-4	1.903583141419402E-4	-0.6530013255181982	4339.353427320457	-4116.613944579973	-4116.613944579973	9158.558682014434	1882.4067650081768	-827.3090299913416
1450000	-1044.8132036492063	-205.9682259847418	-838.8449776644645	292.0	2.613007489243577E-4	1.2619704114175497E-4	1.2619704114175497E-4	1.4689630997702456E-4	-0.6441298150165885	6540.811546462335	-5619.140902575943	-5619.140902575943	11634.866498219122	2010.4752649885725	-838.8449776644645
1460000	-1192.6612259568599	-288.82650891046774	-903.8347170463921	197.0	1.2544878828208239E-4	6.169860583581746E-5	6.169860583581746E-5	9.990817363879317E-5	-0.5511142051938954	11448.639804587438	-7070.143402013078	-7070.143402013077	14375.38029827265	2413.765907175575	-903.8347170463921
1470000	-1083.7076911720571	-237.75685068542467	-845.9508404866325	497.0	2.070825036880107E-4	1.006751771271643E-4	1.006751771271643E-4	1.7311900619972303E-4	-0.5317142794457768	6732.369080872074	-3915.1244255659594	-3915.124425565959	8053.164557855293	1770.2226083589737	-845.9508404866325
1480000	-1207.796530140124	-282.4306981894987	-925.3658319506253	899.0	2.1129525309034826E-4	7.689242947827842E-5	7.689242947827842E-5	6.407016346837335E-5	-0.6608620249676944	8402.340588739069	-10083.888446624844	-10083.888446624846	27709.850968700855	2171.1015062898796	-925.3658319506253
1490000	-1142.460875170719	-258.5409511878233	-883.9199239828956	451.0	2.9304130795049124E-4	1.475124540768598E-4	1.475124540768598E-4	1.383431807908565E-4	-0.732631162986785	7366.382190142777	-7854.619998789658	-7854.619998789658	15603.618910035326	2126.9993880980405	-883.9199239828956
1500000	-1114.45717234508	-260.3495356163602	-854.1076367287196	608.0	2.551157856618654E-4	1.6856674326541657E-4	1.6856674326541657E-4	1.9141251234107068E-4	-0.7628129696301357	9374.875159868057	-8255.9502244187	-8255.9502244187	12494.89185759186	1841.3497735041437	-854.1076367287196
1510000	-1169.097076178959	-263.5171696705811	-905.579906508378	668.0	1.5259744081944844E-4	5.621700454128484E-5	5.621700454128484E-5	9.401488429548357E-5	-0.4693488606508076	8404.632498575134	-5025.621920197655	-5025.6219201976555	13641.727263947121	1797.1731113761991	-905.579906508378
1520000	-1101.432710807623	-271.55820651286984	-829.8745042947531	727.0	2.8859984432651843E-4	1.5427087738281112E-4	1.5427087738281112E-4	1.9717869950797642E-4	-0.6467045318031114	5955.937889414907	-4659.873333835417	-4659.873333835418	8717.385559356635	1767.0351972300048	-829.8745042947531
1530000	-1191.4100776430098	-261.1586489194789	-930.2514287235309	464.0	1.0503347095490124E-4	5.1356772790004495E-5	5.1356772790004495E-5	1.0277263530115765E-4	-0.4943051327403764	12599.242898160242	-6295.999445288184	-6295.999445288185	12876.406342211927	2300.670078655469	-930.2514287235309
1540000	-1111.5136966276248	-242.6187265961934	-868.8949700314313	519.0	2.9670429210755896E-4	1.0556539397211495E-4	1.0556539397211495E-4	1.1170900020886131E-4	-0.579849885794104	5077.569330774523	-4798.320688769545	-4798.320688769545	13486.2599351686	1786.1107527594777	-868.8949700314313
1550000	-1141.030363684894	-258.6662063856716	-882.3641572992224	420.0	1.949920825319008E-4	7.336718754941993E-5	7.336718754941993E-5	1.38522033888375E-4	-0.4464100390211449	6404.767796576819	-3392.238671001577	-3392.2386710015767	9015.742663684465	1903.5562334376955	-882.3641572992224
1560000	-1153.805589079709	-240.49595152287344	-913.3096375568357	457.0	2.1194879929460373E-4	1.033183687452269E-4	1.033183687452269E-4	1.2403095432045915E-4	-0.6372311797681928	7943.814239178487	-6617.23465165376	-6617.23465165376	13574.691084478172	2218.0794722944684	-913.3096375568357
1570000	-1085.901065017068	-227.6040333421037	-858.2970316749644	112.0	2.536830650231781E-4	1.5778379991237716E-4	1.5778379991237716E-4	2.1559396925501575E-4	-0.6746808271703864	7235.471148740793	-5295.324984968868	-5295.324984968867	8513.765502077635	2202.1094516751364	-858.2970316749644
1580000	-1120.72290880132	-277.16904105015027	-843.5538677511698	259.0	2.837467143943982E-4	1.355479258519299E-4	1.355479258519299E-4	1.7069538191318159E-4	-0.6159090278288623	5678.297622056892	-4509.093663888516	-4509.093663888515	9439.026853296176	2033.5396678792615	-843.5538677511698
1590000	-1175.6802056666486	-271.8453334669168	-903.8348721997318	159.0	1.503892883395228E-4	6.024691839011369E-5	6.024691839011369E-5	1.1887282590703015E-4	-0.45059367595408834	8343.411465744794	-4228.593253642317	-4228.593253642317	10555.479800223773	2319.2669146328494	-903.8348721997318
1600000	-1134.109950208022	-281.6519458625015	-852.4580043455205	729.0	2.723464782643493E-4	1.4520212741847563E-4	1.4520212741847563E-4	1.700443409000102E-4	-0.6747315314438036	6740.48387582352	-5755.749314674479	-5755.74931467448	10795.69620289585	1995.00916551464	-852.4580043455205
1610000	-1123.8392651979966	-266.22627815339206	-857.6129870446046	677.0	2.008343145744105E-4	1.0834116168123657E-4	1.0834116168123657E-4	1.4772678082910167E-4	-0.628991695773811	8238.716917109805	-6042.182443514634	-6042.182443514634	11200.522043017361	1917.0993839479188	-857.6129870446046
1620000	-1095.5990275082936	-252.23408062477006	-843.3649468835237	419.0	3.2338383665517293E-4	1.614290654816311E-4	1.614290654816311E-4	1.6908395542089796E-4	-0.6903532577220359	5907.962099256228	-5640.492607413616	-5640.492607413616	11299.35389620472	1879.4573620366282	-843.3649468835237
1630000	-1092.7292551785	-258.0216142890541	-834.7076408894458	67.0	2.541847091352724E-4	1.0484479789754377E-4	1.0484479789754377E-4	1.529556336184292E-4	-0.5317278864579325	5484.924627320278	-3759.690313004379	-3759.6903130043784	9114.956657969842	1842.3894610623668	-834.7076408894458
1640000	-1062.0454359487173	-246.16827907813862	-815.8771568705787	237.0	3.119614000548377E-4	1.6372848690926112E-4	1.6372848690926112E-4	2.1287943798078767E-4	-0.6353411144229939	5375.315789229029	-4134.228881745535	-4134.228881745535	7877.18652045719	1989.4289630008861	-815.8771568705787
1650000	-1080.3402557755232	-218.97769803046685	-861.3625577450564	638.0	2.139968030378669E-4	8.827106445456776E-5	8.827106445456776E-5	1.4514790467823417E-4	-0.5008519115673575	6237.714018447874	-3793.438543891985	-3793.438543891985	9196.487273939272	1872.2061882462158	-861.3625577450564
1660000	-1105.2204086520258	-271.356273772307	-833.8641348797187	259.0	2.888845326738539E-4	1.074111520615502E-4	1.074111520615502E-4	1.6108930567314028E-4	-0.4979134696869394	4602.676099499797	-3068.973078924054	-3068.9730789240543	8254.067074763097	1747.8714485963312	-833.8641348797187
1670000	-1182.4181698900536	-246.7010211829709	-935.7171487070827	271.0	2.913892954548061E-4	1.6368461786879377E-4	1.6368461786879377E-4	1.731325795717943E-4	-0.7287552093829067	7318.658768342507	-6919.274620473588	-6919.274620473587	12317.605545160426	1948.0644796034733	-935.7171487070827
1680000	-1146.74318759742	-256.29315429698255	-890.4500333004374	854.0	2.1302553372090145E-4	1.3055636216595574E-4	1.3055636216595574E-4	1.6431555812627876E-4	-0.6978191222068855	9149.76497759545	-7269.9143268605985	-7269.914326860599	11862.136428220307	2282.971022307262	-890.4500333004374
1690000	-1152.646668282134	-264.42954650197254	-888.2171217801614	425.0	1.723785264493487E-4	1.0096339909550311E-4	1.0096339909550311E-4	1.174808738980641E-4	-0.7094777780250889	11680.83849955609	-10038.546020896027	-10038.546020896027	17139.179012180295	2078.995637332221	-888.2171217801614
1700000	-1089.6928695097429	-224.79385907859177	-864.8990104311512	50.0	1.9484860246455455E-4	1.2002501271430921E-4	1.2002501271430921E-4	1.4062808587737494E-4	-0.7250819270265367	10821.555433210913	-9236.116102670423	-9236.116102670423	14993.910636688057	2063.8082202181267	-864.8990104311512
1710000	-1171.421454281538	-257.6044115971904	-913.8170426843477	375.0	2.1328596880869593E-4	1.1404598843601034E-4	1.1404598843601034E-4	1.1024219152662595E-4	-0.7437465283754667	10492.63583740314	-10854.673776026399	-10854.673776026399	20300.140707896404	2590.735743524593	-913.8170426843477
1720000	-1079.071142111983	-246.37615033234596	-832.6949917796369	493.0	2.820373851583037E-4	1.1361554648095547E-4	1.1361554648095547E-4	1.7278864441370474E-4	-0.5146675933202031	4823.2158241050765	-3171.4601588009577	-3171.4601588009577	7872.781129225957	2094.209536019303	-832.6949917796369
1730000	-1117.0757622957703	-218.8384764521979	-898.2372858435724	451.0	1.7938126513924134E-4	1.1008614463127541E-4	1.1008614463127541E-4	1.1667118236315016E-4	-0.7609608636614232	13243.543494273124	-12496.064709477185	-12496.064709477185	20361.871190564136	2307.859776534665	-898.2372858435724
1740000	-1100.1572654184417	-224.07114143136508	-876.0861239870766	138.0	1.316203742864937E-4	8.590352290452767E-5	8.590352290452767E-5	1.2168459687916976E-4	-0.6787840207443	14089.153804191817	-9946.270748841082	-9946.270748841082	15239.559851022912	2082.6694767634563	-876.0861239870766
1750000	-1157.1915926246875	-268.98914191295245	-888.2024507117351	998.0	1.4753526982382985E-4	8.578714578805521E-5	8.578714578805521E-5	1.3741145426243408E-4	-0.6025080074230367	10640.831158422458	-6643.161873174529	-6643.161873174528	11424.796459175937	2047.4647405157807	-888.2024507117351
1760000	-1163.0370661569887	-294.58948245866617	-868.4475836983225	151.0	2.4261472407254098E-4	1.3713034815944296E-4	1.3713034815944296E-4	1.8654769688866506E-4	-0.6445847933486974	7051.647103008755	-5183.633132229113	-5183.633132229112	9171.024058123094	2029.675325256425	-868.4475836983225
1770000	-1067.2047746558244	-169.9957278471558	-897.2090468086685	778.0	1.526590833374753E-4	8.340927692897361E-5	8.340927692897361E-5	8.915206063207362E-5	-0.7149692082045663	13400.754272117994	-12537.536611218738	-12537.536611218738	22946.71428465339	1916.3117038644475	-897.2090468086685
1780000	-1091.2940735897794	-243.63072285561978	-847.6633507341596	632.0	2.510776986816833E-4	1.2551560520680146E-4	1.2551560520680146E-4	1.740480734649692E-4	-0.6004253841329477	6228.142475657777	-4491.454898543946	-4491.454898543946	8984.573334932851	1976.9610738392712	-847.6633507341596
1790000	-1137.111388856272	-283.91974887188803	-853.191639984384	338.0	3.325656602828424E-4	1.73201481160232E-4	1.73201481160232E-4	2.117564256524804E-4	-0.6526714282452751	5238.362723432493	-4284.602839122521	-4284.602839122521	8226.902926565099	1901.8048371614345	-853.191639984384
1800000	-1078.0521018673874	-252.31040542424438	-825.741696443143	641.0	3.238190376800302E-4	1.2168468779145001E-4	1.2168468779145001E-4	1.7058690781272958E-4	-0.517740209127312	4219.093294023392	-3009.604059473583	-3009.604059473583	8008.954191565297	1755.1275428174592	-825.741696443143
1810000	-1121.0422700509707	-226.7099338774481	-894.3323361735225	799.0	1.3323269730912104E-4	7.39493119622677E-5	7.39493119622677E-5	1.3361782064055526E-4	-0.5542383019843541	10833.500888461842	-5995.6818110324175	-5995.681811032417	10802.275757463158	2084.892371032714	-894.3323361735225
1820000	-1164.8124170240135	-254.9665391559734	-909.84587786804	380.0	1.9372821599980176E-4	1.1280129957484992E-4	1.1280129957484992E-4	1.1430883746551717E-4	-0.7580149298850827	12133.776467095351	-11973.75272626647	-11973.75272626647	20564.06941431687	2122.6208732121645	-909.84587786804
1830000	-1202.4439064267206	-293.8322434508103	-908.6116629759102	695.0	1.769868317951523E-4	9.201828869229401E-5	9.201828869229401E-5	1.185987552037582E-4	-0.6351314367274927	9470.435051718863	-7347.912085025592	-7347.912085025592	14132.882698859614	2054.31285437233	-908.6116629759102
1840000	-1240.250034505401	-273.0179068229592	-967.2321276824417	118.0	2.147206712912537E-4	1.4684106495541001E-4	1.4684106495541001E-4	1.3150828512709063E-4	-0.8738442645849454	19700.88111868579	-21997.841133978985	-21997.841133978985	32166.69135899167	2396.8741857676428	-967.2321276824417
1850000	-1048.8612802113291	-230.29969791698846	-818.5615822943406	438.0	2.0444723771270593E-4	8.103017949190089E-5	8.103017949190089E-5	1.749602613419079E-4	-0.42843650509633846	5990.917364675272	-2774.6021048295347	-2774.602104829535	7000.5982911707215	1789.8913953965812	-818.5615822943406
1860000	-1097.2855551982452	-242.16015462067585	-855.1254005775693	828.0	1.7347013026372004E-4	8.68706654166346E-5	8.68706654166346E-5	1.7008811096522604E-4	-0.505735939056357	7745.8208118398115	-3956.0943107899543	-3956.0943107899548	7899.838134506617	1654.334512440251	-855.1254005775693
1870000	-1100.8775695076504	-258.6122389527516	-842.2653305548988	312.0	3.084864072462196E-4	1.5007970542590723E-4	1.5007970542590723E-4	1.7817564528770633E-4	-0.6401470996513794	5492.324136131535	-4626.257349163617	-4626.257349163617	9509.197160201427	1640.6267385440167	-842.2653305548988
1880000	-1102.9267761627063	-213.0393946209487	-889.8873815417577	200.0	1.72496957030267E-4	1.1590572201288245E-4	1.1590572201288245E-4	1.903349703565325E-4	-0.6396683503898637	9812.05870895141	-5975.117168240187	-5975.117168240188	8892.481850949354	1913.0854862132467	-889.8873815417577
1890000	-1076.5884378598569	-242.80737377205986	-833.7810640877971	744.0	2.5613381920142785E-4	1.278037538879446E-4	1.278037538879446E-4	1.6335296683210327E-4	-0.6248080758301994	6404.386359935899	-5010.650458462923	-5010.650458462924	10041.935385831837	1790.49996056819	-833.7810640877971
1900000	-1043.0340521678772	-218.2586961953441	-824.7753559725332	403.0	1.9819264869340276E-4	7.19165813658808E-5	7.19165813658808E-5	1.353544513789394E-4	-0.43908539553815673	6250.707038840776	-3321.1281695832095	-3321.1281695832085	9152.592852421762	1993.4539279430946	-824.7753559725332
1910000	-1059.1941707341089	-227.01773582378237	-832.1764349103264	883.0	2.95388128161673E-4	1.841053316218105E-4	1.841053316218105E-4	2.25774075338516E-4	-0.7129068885708898	6884.151752870078	-5613.616352970176	-5613.616352970174	9006.776784324127	1962.6472954255903	-832.1764349103264
1920000	-1075.8909558055352	-226.59812012317778	-849.2928356823573	797.0	3.3291265157285463E-4	1.7448313018384324E-4	1.7448313018384324E-4	1.8126193536022013E-4	-0.7102888340843182	6062.266244106167	-5835.550570379886	-5835.550570379886	11134.191664980484	1807.0583748980298	-849.2928356823573
1930000	-1042.3818009861736	-183.50262185876315	-858.8791791274105	91.0	1.2023437837940111E-4	7.036607621300742E-5	7.036607621300742E-5	1.0290364718112678E-4	-0.6326064554490548	13866.22704801034	-9481.801821171142	-9481.80182117114	16201.536439720441	2043.6881069627973	-858.8791791274105
1940000	-1023.1510741695547	-185.743546770723	-837.4075273988317	902.0	1.986990666621123E-4	1.4957194100562627E-4	1.4957194100562627E-4	1.876879408464692E-4	-0.7745224867736762	12578.227034518197	-10023.81838426846	-10023.818384268458	13316.156385707029	1977.6813693621398	-837.4075273988317
1950000	-1042.8274450171466	-221.18487427521654	-821.6425707419302	580.0	3.4065419586468934E-4	2.2741890991218245E-4	2.2741890991218245E-4	2.337214837522179E-4	-0.8059727988866692	8377.461366782976	-8151.553298733186	-8151.553298733185	12210.33393881094	1909.4772543770878	-821.6425707419302
1960000	-1141.1800134819098	-247.9623909218754	-893.2176225600343	410.0	1.3726215212498852E-4	5.707231199411646E-5	5.707231199411646E-5	1.075019654898976E-4	-0.46983120902812886	9349.051942520315	-4963.369803344312	-4963.369803344312	11937.186302693575	2270.5348382218303	-893.2176225600343
1970000	-1084.8022763426636	-238.2701666595237	-846.53210968314	172.0	2.124101854732285E-4	1.6958770452793037E-4	1.6958770452793037E-4	2.062851943963569E-4	-0.8101634816793662	13700.206162591774	-11262.98240391011	-11262.98240391011	14106.990763603631	1986.8183636829785	-846.53210968314
1980000	-1108.1608086134022	-271.96254399621375	-836.1982646171884	640.0	2.8718546403805155E-4	1.4588742582309711E-4	1.4588742582309711E-4	1.899018513721611E-4	-0.6247007606845895	5710.662285703383	-4387.075821465329	-4387.075821465328	8636.141178372663	1712.991544051175	-836.1982646171884
1990000	-1119.7131496139675	-252.54938594392667	-867.1637636700408	5.0	2.7267586818308765E-4	1.3902865524541614E-4	1.3902865524541614E-4	1.393016036423649E-4	-0.7133504043532	7467.16538868461	-7452.534180074655	-7452.534180074655	14616.599895387339	1889.6506097872898	-867.1637636700408
2000000	-1094.4443817295914	-264.70823545877136	-829.73614627082	311.0	3.7726828896394386E-4	2.3851110175142535E-4	2.3851110175142535E-4	2.904987714129157E-4	-0.7204623616273933	5511.429161249516	-4525.103617757026	-4525.103617757026	7157.6462760838485	2098.4092698819204	-829.73614627082
2010000	-1041.313011414452	-239.4899728190612	-801.8230385953908	56.0	3.170694225379061E-4	2.0469428847354082E-4	2.0469428847354082E-4	2.933404304902114E-4	-0.6711855245646825	5739.446934074297	-4005.012212052328	-4005.012212052328	6203.724191829802	1706.0341136358234	-801.8230385953908
2020000	-1054.6128604726496	-239.0049535827181	-815.6079068899315	938.0	3.3216919125038884E-4	2.495755034672609E-4	2.495755034672609E-4	2.9399874039518604E-4	-0.7986372202097765	8312.236220230265	-7056.25655679421	-7056.25655679421	9391.43065390251	1718.4997276630193	-815.6079068899315
2030000	-1104.9973988661382	-254.40480274198072	-850.5925961241574	509.0	2.0297567824619335E-4	1.0215014094531124E-4	1.0215014094531124E-4	1.8952314060822448E-4	-0.5208178342974532	6760.489707436734	-3643.802937507991	-3643.802937507991	7240.355870209932	1614.7591497943788	-850.5925961241574
2040000	-1064.6686229869586	-221.7171459417726	-842.9514770451859	539.0	2.4871643946009923E-4	1.1265184636708804E-4	1.1265184636708804E-4	1.222934221745957E-4	-0.6459286071817253	6899.119622710816	-6355.195152656629	-6355.195152656628	14031.208199572244	1869.5595642769238	-842.9514770451859
2050000	-1042.4659371026485	-238.13677994622535	-804.3291571564232	66.0	3.737911457429213E-4	1.974535215174344E-4	1.974535215174344E-4	2.0183195074447168E-4	-0.7188783755825155	5536.45263282816	-5416.347932198414	-5416.347932198414	10253.465644774458	1662.756113391473	-804.3291571564232
2060000	-1076.117296057618	-283.7926986260098	-792.3245974316081	898.0	6.038306927660615E-4	3.6310505757603125E-4	3.6310505757603125E-4	3.26338892402756E-4	-0.8179754856654982	5004.571655207884	-5568.399358189053	-5568.399358189052	9260.048495329302	1852.9308135194967	-792.3245974316081
2070000	-1170.1437854004482	-289.9737142957637	-880.1700711046846	141.0	3.5767347253420683E-4	1.582342861859559E-4	1.582342861859559E-4	1.9224213589240927E-4	-0.6034383888279485	4396.93779347814	-3619.1145605271913	-3619.1145605271918	8180.662380854856	1917.8645986734764	-880.1700711046846
2080000	-1029.5487973747026	-227.70671366888482	-801.8420837058178	669.0	3.391793957987366E-4	1.5592648575031004E-4	1.5592648575031004E-4	1.8925418244563437E-4	-0.6154353198742298	4745.823354992802	-3910.0829803238184	-3910.0829803238184	8505.41571823066	1820.9565623910062	-801.8420837058178
2090000	-1084.8467335301202	-222.93791427805388	-861.9088192520665	298.0	1.9822830255023028E-4	6.958413548663678E-5	6.958413548663678E-5	9.382661126567277E-5	-0.5102281191321023	6820.213001009402	-5058.038642855562	-5058.038642855562	14409.123680199791	2116.571436698527	-861.9088192520665
2100000	-1092.7331491549905	-211.49467687426235	-881.2384722807282	744.0	1.8693350913552537E-4	6.736685188492166E-5	6.736685188492166E-5	8.461662320777665E-5	-0.5356422535390104	7501.879658341628	-5972.561851836705	-5972.561851836705	16573.01646513039	1955.8334864930507	-881.2384722807282
2110000	-1098.2035851154915	-221.67185234553256	-876.5317327699588	506.0	1.274392149088773E-4	7.854109188310603E-5	7.854109188310603E-5	1.4677945318974098E-4	-0.5742655424585753	11707.93010289972	-6264.866055769592	-6264.866055769592	10165.247165710502	2138.673712811073	-876.5317327699588
2120000	-1096.4022669080823	-232.5925455054563	-863.809721402626	578.0	1.6650346599730585E-4	9.222028142509264E-5	9.222028142509264E-5	1.4473174540766443E-4	-0.5940635473796988	9281.390361961123	-5913.923229387589	-5913.923229387589	10677.572222926281	1862.2370797324947	-863.809721402626
2130000	-1094.7854548308894	-236.4187696692033	-858.3666851616861	335.0	2.039994884861276E-4	8.624036413148042E-5	8.624036413148042E-5	1.31038675342655E-4	-0.5274682160501722	6791.531410417983	-4469.704385466865	-4469.704385466865	10572.977253775298	1755.677457679768	-858.3666851616861
2140000	-1072.1752972137124	-257.44379018345217	-814.7315070302603	54.0	3.4446011551757125E-4	1.8934608635688747E-4	1.8934608635688747E-4	2.5526926966754976E-4	-0.6385392438482019	4901.658571891008	-3635.807273057104	-3635.8072730571034	6614.293526597202	1867.0829347380466	-814.7315070302603
2150000	-1173.51231947346	-309.99051928843176	-863.5218001850282	726.0	2.546990344441113E-4	1.325070570339716E-4	1.325070570339716E-4	1.543084160120149E-4	-0.6683909371333473	7096.569952815269	-6093.9359225231365	-6093.9359225231365	11713.486286492664	1916.1708511639165	-863.5218001850282
2160000	-1176.4618098722212	-280.8150706775914	-895.6467391946297	313.0	2.2777125720874973E-4	1.1404715216809743E-4	1.1404715216809743E-4	1.3244629963972746E-4	-0.6566214578977548	7717.997726007613	-6645.830525166278	-6645.830525166279	13272.836236035766	2229.742754650071	-895.6467391946297
2170000	-1152.8382498950514	-284.17952292046226	-868.6587269745892	669.0	2.775232429837663E-4	1.6242989297507552E-4	1.6242989297507552E-4	1.7125028169548347E-4	-0.7450760954342223	8099.82632609953	-7682.638009346673	-7682.638009346671	13126.34377805939	1981.7974563085327	-868.6587269745892
2180000	-1068.2904339101665	-223.38348627708	-844.9069476330866	446.0	3.0053619201098476E-4	9.79351737275254E-5	9.79351737275254E-5	1.2031563323515916E-4	-0.515026146805682	4528.608400587124	-3686.2213041640425	-3686.2213041640425	11312.002332741662	1689.2223167764575	-844.9069476330866
2190000	-1154.2889788879902	-268.0166909177558	-886.2722879702343	990.0	1.8498721582053303E-4	9.963036008912056E-5	9.963036008912056E-5	1.3700130903968635E-4	-0.6258330344410061	8886.216675808093	-6462.251882456429	-6462.251882456429	11998.69179030652	1986.6056689329403	-886.2722879702343
2200000	-1063.4467687348824	-252.01193782943622	-811.4348309054461	532.0	3.2838334323286077E-4	1.6807193056359872E-4	1.6807193056359872E-4	1.9930545272243212E-4	-0.6569692436700513	5357.61339651505	-4518.011998496292	-4518.011998496292	8827.410263315676	1847.3401296408103	-811.4348309054461
2210000	-1090.1783183594234	-257.1842767244417	-832.9940416349818	383.0	1.922747163045109E-4	8.471168810284469E-5	8.471168810284469E-5	1.5028661113378525E-4	-0.4983358152557079	6919.194891009015	-3900.125733809866	-3900.125733809866	8852.327061524255	2119.563420471633	-832.9940416349818
2220000	-1124.8366039851653	-249.14541292362418	-875.6911910615412	328.0	1.5847059682557615E-4	5.275314838708918E-5	5.275314838708918E-5	1.0560265182293301E-4	-0.4077900503972532	7568.986233668437	-3781.040031021604	-3781.0400310216046	11358.254220975236	2045.8063134908302	-875.6911910615412
2230000	-1057.4342316478378	-235.26206666365522	-822.1721649841826	436.0	3.496821819471564E-4	1.8825545242744736E-4	1.8825545242744736E-4	2.244563557040367E-4	-0.6719622228885951	5214.061816321405	-4373.124401567618	-4373.124401567618	8123.024661162812	1956.103313254005	-822.1721649841826
2240000	-1024.5601695334544	-207.30883344457095	-817.2513360888834	847.0	2.2225879741369725E-4	1.4668340430390987E-4	1.4668340430390987E-4	2.1006350392343133E-4	-0.6788537133813921	8344.97960386381	-5827.14271769747	-5827.142717697471	8829.44965000994	1769.2116880604685	-817.2513360888834
2250000	-1126.6052031776169	-266.0813577084284	-860.5238454691885	908.0	2.461380857431969E-4	1.5202369464204955E-4	1.5202369464204955E-4	1.838742541333404E-4	-0.7145973669337764	8302.35029581122	-6864.223445151034	-6864.223445151034	11113.707128886745	2124.8397803652447	-860.5238454691885
2260000	-1126.6201081281545	-248.2151791760627	-878.4049289520917	314.0	3.2136451846822526E-4	1.9893865788994257E-4	1.9893865788994257E-4	2.058586515636254E-4	-0.7734560828850245	7745.139264482725	-7484.784334996324	-7484.784334996325	12090.88338670356	1716.6404752209182	-878.4049289520917
2270000	-1144.3692630137955	-304.39335394551546	-839.9759090682801	189.0	3.6353768714699825E-4	1.9275253776200734E-4	1.9275253776200734E-4	2.1037032050758307E-4	-0.6970005975026758	5349.667534721908	-4901.651483026094	-4901.651483026095	9244.677471069801	1627.9612258660898	-839.9759090682801
2280000	-1074.1177429651384	-260.01847960174246	-814.0992633633961	442.0	2.795260559019547E-4	1.6883608605747436E-4	1.6883608605747436E-4	2.810695410656252E-4	-0.6023476706443006	5614.581872677949	-3372.6316435364297	-3372.63164353643	5583.749560546808	1701.172986092075	-814.0992633633961
2290000	-1104.8490620768118	-261.91390281516794	-842.9351592616439	560.0	2.367646210826139E-4	1.1658664733605806E-4	1.1658664733605806E-4	1.7331551869452576E-4	-0.5755349264778143	6315.5793547594885	-4248.391768390965	-4248.391768390965	8627.650680735258	1852.9184717274838	-842.9351592616439
2300000	-1176.054113894563	-290.4161709206588	-885.6379429739042	642.0	2.384897321394345E-4	1.2918521821740712E-4	1.2918521821740712E-4	1.4718188074747669E-4	-0.6895262530035148	7993.564555228989	-7016.151554510501	-7016.1515545105	12952.566307306972	2350.9859497553184	-885.6379429739042
2310000	-1103.482543034253	-259.5636491509157	-843.9188938833372	447.0	2.0484008996474485E-4	9.269471772979513E-5	9.269471772979513E-5	1.5570328077144742E-4	-0.5190373675745341	6681.981190139622	-3977.978866129161	-3977.9788661291614	8790.67943430213	2072.526870649331	-843.9188938833372
2320000	-1118.7076388916744	-281.52530533653595	-837.1823335551384	259.0	2.9426069285260164E-4	1.255340403590016E-4	1.255340403590016E-4	1.8898801522742892E-4	-0.5323266983501554	4742.133766981761	-3149.931020629468	-3149.931020629468	7383.661689829974	1851.2613459191393	-837.1823335551384
2330000	-1092.7729953491407	-235.0815744127291	-857.6914209364115	668.0	2.713964417905306E-4	7.549476247019552E-5	7.549476247019552E-5	1.1349931636586607E-4	-0.4301482154357675	4521.191364035889	-3007.298008826065	-3007.298008826065	10810.948366402987	1771.939582202831	-857.6914209364115
2340000	-1140.0489299216172	-262.17907333584844	-877.8698565857687	752.0	2.188095406518671E-4	1.1069284829031988E-4	1.1069284829031988E-4	1.418380016678694E-4	-0.6283333819898589	7551.563235631123	-5893.3715490002605	-5893.37154900026	11649.586594297607	2025.4880790568177	-877.8698565857687
2350000	-1121.9339397432066	-280.7089607761634	-841.2249789670432	730.0	3.3701546855683973E-4	1.6069542564116604E-4	1.6069542564116604E-4	1.766252326326501E-4	-0.6586462498914814	5240.729155397416	-4768.068467590959	-4768.068467590959	9999.742197419526	2248.010470655694	-841.2249789670432
2360000	-1101.9683607825104	-234.03959522987995	-867.9287655526306	440.0	1.9908339910714782E-4	3.0426393424841407E-5	3.0426393424841407E-5	9.190303032045036E-5	-0.2249406973348903	5290.722164405775	-1751.6026785453848	-1751.602678545385	11460.93821442847	2095.3982905544995	-867.9287655526306
2370000	-1074.5128876160063	-252.75511770686919	-821.7577699091372	544.0	3.4016648899041113E-4	1.2144513432587483E-4	1.2144513432587483E-4	1.4758784163741468E-4	-0.5420122037274108	4162.619898381614	-3425.2816973126514	-3425.281697312651	9594.176458741114	1825.9315563027842	-821.7577699091372
2380000	-1132.72661935192	-211.79961861293094	-920.9270007389889	496.0	1.6993795712533463E-4	6.0435595754057536E-5	6.0435595754057536E-5	7.113148885284008E-5	-0.549688513032964	8432.418792787497	-7164.453628183483	-7164.453628183483	20145.621107920513	1884.406292933369	-920.9270007389889
2390000	-1036.9513936570372	-209.54198933162195	-827.4094043254153	440.0	3.472144106724916E-4	1.3799131291690665E-4	1.3799131291690665E-4	1.2736945439278656E-4	-0.656175833660824	5057.773962998018	-5479.562371671501	-5479.5623716715	13787.701409644147	2153.547261231047	-827.4094043254153
2400000	-1113.9950104924853	-281.3297764604143	-832.6652340320711	573.0	2.957428838213977E-4	1.5032538358283702E-4	1.5032538358283702E-4	1.8822333486142353E-4	-0.6371452314615593	5692.0099984834505	-4545.948497880615	-4545.948497880616	8943.479048073827	1613.06592268543	-832.6652340320711
2410000	-1183.031973980928	-270.37933144302156	-912.6526425379062	524.0	3.9467378958375104E-4	2.607776873034894E-4	2.607776873034894E-4	2.9490798457111145E-4	-0.7643777222156385	6094.720566612174	-5389.366233788388	-5389.366233788388	8156.532167065927	1854.2808289870457	-912.6526425379062
2420000	-1152.6650525149496	-284.72390758419334	-867.9411449307563	777.0	2.3910182921693565E-4	1.050800784569392E-4	1.050800784569392E-4	1.4977318816033905E-4	-0.5552798342862636	6046.7461604962355	-4242.365197393831	-4242.365197393831	9653.183493946526	1726.2833838647277	-867.9411449307563
2430000	-1089.1397464394013	-226.0744264775019	-863.0653199618994	502.0	1.749925969588456E-4	1.0148938396287068E-4	1.0148938396287068E-4	1.9034980397365876E-4	-0.5560765246392869	8272.585434861352	-4410.719538647275	-4410.719538647275	7605.162593236179	1696.4906196205293	-863.0653199618994
2440000	-1016.941297317014	-232.45592422659973	-784.4853730904142	742.0	3.386420736396519E-4	2.1316129350603657E-4	2.1316129350603657E-4	3.198197824323231E-4	-0.6477168987165614	5087.268718535279	-3390.6870056896755	-3390.6870056896755	5386.66875108476	2020.5819225126397	-784.4853730904142
2450000	-1053.7551628024228	-247.53604431316236	-806.2191184892604	50.0	2.772036288950524E-4	1.7528977318569404E-4	1.7528977318569404E-4	2.355115674853069E-4	-0.6860424700444467	6814.934326919859	-5072.312605263904	-5072.312605263904	8021.366195617994	1939.787836981472	-806.2191184892604
2460000	-1113.4387539802403	-246.29534520395708	-867.1434087762833	579.0	2.0225172010224064E-4	1.0949427442079989E-4	1.0949427442079989E-4	1.608608987238541E-4	-0.607043834766435	7829.534572411053	-5329.382179633368	-5329.382179633368	9844.137683132773	2100.7161271405166	-867.1434087762833
2470000	-1085.1676479020514	-239.59082646340343	-845.5768214386479	594.0	1.9730698397805782E-4	1.0976867750837815E-4	1.0976867750837815E-4	2.0733908740440664E-4	-0.5427084848531123	7184.235010629791	-3803.4505982370824	-3803.4505982370824	6836.62574134976	1985.3113054854937	-845.5768214386479
2480000	-1118.1535884232296	-235.7609691545253	-882.3926192687044	454.0	1.8369934597400338E-4	9.755265181419602E-5	9.755265181419602E-5	1.1425587446383966E-4	-0.6733579704503917	9959.36084484837	-8503.3882533271	-8503.3882533271	16012.551495518617	2452.402336544041	-882.3926192687044
2490000	-1073.5851467356702	-236.58691500837742	-836.9982317272927	659.0	3.0626725831859323E-4	1.4931243002703083E-4	1.4931243002703083E-4	2.0078757448162963E-4	-0.6021119705084458	5122.072133898368	-3808.946041907968	-3808.9460419079683	7812.8489445079895	1850.5925905390723	-836.9982317272927
2500000	-1073.165160029629	-219.0682911271515	-854.0968689024777	380.0	1.64708815571949E-4	7.005262482731546E-5	7.005262482731546E-5	1.100765449029762E-4	-0.520257794909667	8324.496785856254	-5297.703073164087	-5297.703073164086	12456.041448606626	1683.85212106655	-854.0968689024777
2510000	-1025.630186768058	-220.38103879477282	-805.2491479732851	526.0	2.5539164493745863E-4	1.1405739375071371E-4	1.1405739375071371E-4	1.8066339076273355E-4	-0.5309883863792351	5453.029178712594	-3442.636017982057	-3442.6360179820567	7708.579397097422	1834.7135421787916	-805.2491479732851
2520000	-1144.2559081556765	-265.178107128658	-879.0778010270185	384.0	1.5093791408174516E-4	8.222781677271835E-5	8.222781677271835E-5	1.2718065215134273E-4	-0.593484066451094	10227.661790338878	-6612.62767160955	-6612.62767160955	12138.18226635834	1991.5297852496349	-879.0778010270185
2530000	-1138.3592213492618	-267.3185501524319	-871.0406711968299	728.0	2.742996637103722E-4	1.4978396344984487E-4	1.4978396344984487E-4	1.5267755398063655E-4	-0.7319224763257682	7852.100929987568	-7703.285571701737	-7703.285571701738	14107.04185625512	1662.2805654811327	-871.0406711968299
2540000	-1096.2856599018605	-254.13449240995376	-842.1511674919067	276.0	2.576846041746901E-4	1.2805662520431956E-4	1.2805662520431956E-4	2.097697860090436E-4	-0.5507903832024644	5570.695036740873	-3400.701407097467	-3400.7014070974665	6843.132048857578	1757.30600237052	-842.1511674919067
2550000	-1162.1206595319907	-278.6205549256013	-883.5001046063893	591.0	2.8523413306375607E-4	1.3840326857954095E-4	1.3840326857954095E-4	1.9340692172112642E-4	-0.5892635704005383	5370.804609661103	-3843.383195721301	-3843.3831957213006	7920.79612797111	1656.5264475536849	-883.5001046063893
2560000	-1036.6450311348513	-199.80536434180715	-836.8396667930441	652.0	2.378224262605252E-4	1.060370599968327E-4	1.060370599968327E-4	1.6640062683265727E-4	-0.5330326308388258	5873.666195699577	-3742.932383428559	-3742.932383428559	8394.737281311449	1895.8706865616634	-836.8396667930441
2570000	-1127.3509503492382	-246.2442242240094	-881.1067261252289	739.0	1.84265435635806E-4	1.0446558019057349E-4	1.0446558019057349E-4	1.4686020366802994E-4	-0.6350372756710038	9094.523589346667	-6469.177214717268	-6469.177214717268	11410.894913908422	2078.983736363617	-881.1067261252289
2580000	-1077.8646669404284	-269.84107357524846	-808.02359336518	18.0	3.398147123663551E-4	1.3769860718608308E-4	1.3769860718608308E-4	2.314618790413702E-4	-0.4909855618715288	3877.5221112039276	-2306.7703254521216	-2306.7703254521216	5692.682813991315	1683.9498661029984	-808.02359336518
2590000	-1089.2312233684052	-259.3465384004064	-829.8846849679987	25.0	2.4590880418693794E-4	1.3983135967497032E-4	1.3983135967497032E-4	1.8313350286256502E-4	-0.6589214424235341	7186.967546227086	-5487.6001835830475	-5487.600183583048	9650.547646376628	1703.974910019295	-829.8846849679987
2600000	-1111.780989471818	-252.04697286079883	-859.7340166110192	699.0	2.346509265665433E-4	9.333413202026829E-5	9.333413202026829E-5	1.336998935969865E-4	-0.5269432254768333	5899.858159795328	-4118.6131534782735	-4118.6131534782735	10354.587027422722	1825.3455603151149	-859.7340166110192
2610000	-1113.1925507657756	-227.58807831434657	-885.6044724514292	40.0	1.4380336126145168E-4	7.46964966353079E-5	7.46964966353079E-5	1.3416180347918563E-4	-0.537775819543304	9783.297808913398	-5446.990521255853	-5446.990521255853	10486.375947993343	1950.706217586218	-885.6044724514292
2620000	-1122.5297914088217	-264.82822565669755	-857.7015657521241	0.0	2.6508113107528866E-4	1.4884058359647398E-4	1.4884058359647398E-4	1.8050256324906385E-4	-0.6804406800062827	7025.002939270631	-5792.746199427774	-5792.746199427775	10316.72731638477	2046.9325730750145	-857.7015657521241
2630000	-1095.2323140629328	-253.23224340884497	-842.0000706540878	521.0	2.777676355482886E-4	1.5898503262308088E-4	1.5898503262308088E-4	1.729680859546078E-4	-0.7253246373563508	7596.7498760806075	-6982.614857604525	-6982.614857604525	12199.540968987936	1864.327591772182	-842.0000706540878
2640000	-1150.569744147917	-291.73286231463493	-858.8368818332821	30.0	3.966870912237895E-4	1.8609653297048303E-4	1.8609653297048303E-4	1.770298170682793E-4	-0.7022488518567863	4973.652482757061	-5228.381854363742	-5228.381854363742	11144.923317533056	1883.8236046032098	-858.8368818332821
2650000	-1131.1247318699873	-291.34907701647256	-839.7756548535147	571.0	4.4331333720689276E-4	2.1901125231960344E-4	2.1901125231960344E-4	2.2683761434802256E-4	-0.6906428089521929	4312.976832754585	-4164.170303421518	-4164.170303421518	8428.937848424861	1573.0543189833754	-839.7756548535147
2660000	-1083.659478782704	-234.65163209156592	-849.0078466911381	53.0	1.992179911450157E-4	1.0019163553633706E-4	1.0019163553633706E-4	1.4228280093848804E-4	-0.5951014177024021	7772.07327269711	-5472.880260745098	-5472.880260745098	10882.108126954614	1825.0045972765442	-849.0078466911381
2670000	-1156.7183045797165	-259.2266070901342	-897.4916974895823	198.0	2.1568616242591206E-4	1.137196079594619E-4	1.137196079594619E-4	1.1982439528027521E-4	-0.7073780657759816	9279.853969923553	-8807.065981116453	-8807.065981116453	16703.91146947985	1781.458659299923	-897.4916974895823
2680000	-1114.0706259597853	-278.8775502716257	-835.1930756881596	728.0	3.8020357721395146E-4	1.7334506828015132E-4	1.7334506828015132E-4	2.03467001058082E-4	-0.6232415500558532	4300.68514731176	-3663.9973884481515	-3663.9973884481515	8036.368890167466	1476.7587829346216	-835.1930756881596
2690000	-1070.2780742598009	-221.87605725310468	-848.4020170066963	584.0	2.6402402363129795E-4	1.283567787632118E-4	1.283567787632118E-4	1.7930997658501143E-4	-0.5899223631217659	5809.176215885689	-4158.4253176534085	-4158.4253176534085	8553.69069648066	1810.4664188194843	-848.4020170066963
2700000	-1148.1163598027706	-288.07860138460666	-860.0377584181639	34.0	1.5532086257383676E-4	1.0223920759127926E-4	1.0223920759127926E-4	1.5499112081133608E-4	-0.6589450023656707	11379.254220704102	-7506.274736348738	-7506.274736348739	11403.463448452352	1952.1604355968864	-860.0377584181639
2710000	-1045.0456653933006	-211.0490069003677	-833.9966584929329	989.0	1.9255159013657148E-4	1.0951299759425898E-4	1.0951299759425898E-4	1.7891988277870694E-4	-0.5900146692448928	7966.791319059209	-4876.3009734205225	-4876.3009734205225	8573.77231052851	1871.685644757987	-833.9966584929329
2720000	-1101.2769560329448	-267.69200024125064	-833.584955791694	726.0	2.572080630563699E-4	1.2774746477432888E-4	1.2774746477432888E-4	1.5252498761465436E-4	-0.6449699806742925	6657.211706005388	-5575.754708840009	-5575.754708840009	11226.282034415477	1787.7994939700136	-833.584955791694
2730000	-1102.188838807579	-246.43328702922312	-855.7555517783559	730.0	3.279136643731428E-4	1.7705021371546006E-4	1.7705021371546006E-4	1.8766541762366587E-4	-0.7137145875141028	6215.882162163752	-5864.2837832175255	-5864.2837832175255	10861.20566546902	2009.7137514195188	-855.7555517783559
2740000	-1188.8644342258683	-247.04700945461497	-941.8174247712533	663.0	1.46438937525803E-4	7.598616953068727E-5	7.598616953068727E-5	7.87681917866998E-5	-0.7075071443530494	13673.05745374272	-13190.13726373687	-13190.13726373687	25419.753339995204	2224.608996878742	-941.8174247712533
2750000	-1071.193239897906	-218.02510091478018	-853.1681389831258	184.0	2.292733271944552E-4	1.2157384971366084E-4	1.2157384971366084E-4	1.5479173274996887E-4	-0.6453413919740092	7474.4619934614	-5870.462866071436	-5870.462866071436	11070.970909005087	2113.805810825783	-853.1681389831258
2760000	-1085.7439375362164	-256.796395841567	-828.9475416946495	389.0	3.6479058700837234E-4	1.8333458231627281E-4	1.8333458231627281E-4	2.306473402558124E-4	-0.6320455185564832	4564.886803065278	-3628.4902068795845	-3628.4902068795845	7219.8003006236295	2000.2050564271074	-828.9475416946495
2770000	-1016.8588934324903	-206.3459278736443	-810.512965558846	398.0	2.379738854397951E-4	1.1263786272082948E-4	1.1263786272082948E-4	2.2249457405370252E-4	-0.4895082755549588	5526.358720786636	-2797.7187200429403	-2797.7187200429407	5910.836534837315	1699.8875606031204	-810.512965558846
2780000	-1045.5259217966643	-185.28359070963918	-860.2423310870251	803.0	1.7400433601085936E-4	6.976631668147599E-5	6.976631668147599E-5	1.23068779003776E-4	-0.47675122072855186	7437.455273981393	-4216.210351229528	-4216.210351229529	10515.660243284687	2045.151286046272	-860.2423310870251
2790000	-1102.6071861956414	-261.943060413996	-840.6641257816453	829.0	2.4008912833486904E-4	1.315318222267621E-4	1.315318222267621E-4	2.053286510362618E-4	-0.5924064964202521	6417.210878650425	-4110.811794761297	-4110.811794761298	7503.592696004836	1794.0830888318958	-840.6641257816453
2800000	-1082.6950529948235	-248.40396366691604	-834.2910893279075	299.0	2.806892949042278E-4	1.5651729234772386E-4	1.5651729234772386E-4	2.3051485699615416E-4	-0.6153184547605064	5733.431704899199	-3892.943031981615	-3892.9430319816147	6981.384729820474	2020.5944240897377	-834.2910893279075
2810000	-1096.5915241835626	-236.05003761560087	-860.5414865679618	546.0	1.9447156495663675E-4	9.734149571772935E-5	9.734149571772935E-5	1.61759394569336E-4	-0.5488266658155581	7358.641582028699	-4428.189039359435	-4428.189039359435	8846.760018001325	1970.4295310416633	-860.5414865679618
2820000	-1037.5774096366342	-212.1383056955483	-825.4391039410859	399.0	2.499838149024802E-4	1.357162493990673E-4	1.357162493990673E-4	1.6169915297206962E-4	-0.6750283782455944	7348.868930525512	-6168.003420206734	-6168.003420206734	11361.211587721798	1919.3317485857092	-825.4391039410859
2830000	-1078.4185254292538	-253.83440319936688	-824.5841222298868	286.0	2.71619437608784E-4	1.9036214687253585E-4	1.9036214687253585E-4	2.7498169427140256E-4	-0.6965435571608919	7151.181116247953	-4950.562958637174	-4950.562958637174	7063.742181749406	1954.0180126242483	-824.5841222298868
2840000	-1090.611899747022	-241.72267613331144	-848.8892236137106	605.0	2.3165785248491566E-4	1.3961326079850117E-4	1.3961326079850117E-4	1.721435807379339E-4	-0.6991296829081831	8443.978199385503	-6848.302594114005	-6848.302594114005	11363.269241372514	1988.570647051711	-848.8892236137106
2850000	-1034.8203479312829	-235.3224095336801	-799.4979383976028	529.0	3.3216665616963057E-4	1.6248568334999375E-4	1.6248568334999375E-4	1.9070853039960856E-4	-0.645582908573097	5161.89944613365	-4397.99288019002	-4397.99288019002	8990.740345559298	1622.0628394194434	-799.4979383976028
2860000	-1057.3979319865311	-215.14105992717046	-842.2568720593606	509.0	2.4487283424290835E-4	1.081579354199978E-4	1.081579354199978E-4	1.2706757625619713E-4	-0.6131556177147836	6544.053372354907	-5570.195976707012	-5570.195976707012	12611.09201842713	1640.5070539436276	-842.2568720593606
2870000	-1162.8158248615762	-260.94458928135765	-901.8712355802186	802.0	1.914181241265793E-4	6.757245887278764E-5	6.757245887278764E-5	1.1464841629043504E-4	-0.45613580562596334	6596.667514740196	-3888.0000157003883	-3888.000015700388	11013.861002314248	2110.735763303033	-901.8712355802186
2880000	-1073.0943682295128	-218.27035850668682	-854.824009722826	324.0	2.223319154973513E-4	1.2096224125871053E-4	1.2096224125871053E-4	1.6219700392113278E-4	-0.6369825079122708	7568.792505762562	-5644.60552899205	-5644.605528992049	10374.939703734788	2022.800414155121	-854.824009722826
2890000	-1107.4613509298508	-223.66067665494464	-883.8006742749061	908.0	1.747371474837297E-4	1.0759711067530115E-4	1.0759711067530115E-4	1.6721358165449636E-4	-0.6294659081715707	9478.536947392002	-6099.164786002564	-6099.164786002563	9905.011854411652	1944.976962002432	-883.8006742749061
2900000	-1156.0062636597531	-273.4290016444546	-882.5772620152985	651.0	1.85905379780761E-4	9.941102625875885E-5	9.941102625875885E-5	1.4505007678409357E-4	-0.6053821296951375	8490.883254175096	-5819.282808083424	-5819.282808083424	10882.454604909428	2092.7442669394504	-882.5772620152985
2910000	-1139.4735858851473	-269.2315217140748	-870.2420641710723	796.0	1.584867900701859E-4	7.814184236377476E-5	7.814184236377476E-5	1.7612043674988446E-4	-0.46771600859074897	8076.468331826692	-3583.400807357096	-3583.400807357095	7267.830835739516	1760.2271263729367	-870.2420641710723
2920000	-1088.390534779832	-268.1326009804758	-820.2579337993562	679.0	2.9807836442484356E-4	1.6159042768502395E-4	1.6159042768502395E-4	1.9777710661253147E-4	-0.6655219650230233	6022.150125025829	-4920.29553346032	-4920.29553346032	9076.240877086568	1725.13131395703	-820.2579337993562
2930000	-1151.4357205776353	-295.33075566077855	-856.1049649168567	56.0	2.461084648986741E-4	1.4110469880485355E-4	1.4110469880485355E-4	2.1213508254266955E-4	-0.6175497519733897	6568.1166031602925	-4368.877150801649	-4368.87715080165	7619.9988945917585	1823.383297032111	-856.1049649168567
2940000	-1037.27525819412	-215.7633791552668	-821.5118790388532	741.0	2.411992844369679E-4	1.304755938013922E-4	1.304755938013922E-4	1.714163000513939E-4	-0.641675143058695	7047.901507478756	-5364.595630440691	-5364.59563044069	9917.077896771929	1786.8361689690776	-821.5118790388532
2950000	-1176.5554614349414	-288.9035962971633	-887.6518651377781	401.0	1.908818154878777E-4	9.572460881174789E-5	9.572460881174789E-5	1.356466042055013E-4	-0.5948902604889315	8108.34002498894	-5721.983838451491	-5721.9838384514915	11410.050945456273	1979.021617990349	-887.6518651377781
2960000	-1099.0607185502267	-241.18302927529848	-857.8776892749282	725.0	1.584358214298302E-4	9.951551780863845E-5	9.951551780863845E-5	1.591638487171064E-4	-0.6266743237993914	10393.412116405614	-6498.371312954548	-6498.371312954548	10345.871876020381	1744.3837763082142	-857.8776892749282
2970000	-1060.4282391585298	-260.4933736712172	-799.9348654873125	180.0	3.71255930379322E-4	1.5496062554229995E-4	1.5496062554229995E-4	2.0746232056365266E-4	-0.5583609600566476	3913.732001537217	-2923.2988309173425	-2923.2988309173425	7003.663178635967	1813.2784248771684	-799.9348654873125
2980000	-1086.3440950719178	-214.65127760028693	-871.6928174716307	977.0	1.6281685114288852E-4	6.562127715468123E-5	6.562127715468123E-5	9.701539403035323E-5	-0.5221252268831444	8443.76543209977	-5711.368563586695	-5711.368563586695	14170.816015173077	1805.6302525431763	-871.6928174716307
2990000	-1112.1872481889227	-265.8691802629161	-846.3180679260065	900.0	2.6635383350018477E-4	1.5227352348810437E-4	1.5227352348810437E-4	2.2032299607623377E-4	-0.6285864381871328	6206.867532792699	-4289.800002153357	-4289.800002153356	7503.633260393478	2022.8047396592228	-846.3180679260065
3000000	-1159.5735628581842	-259.61089522798204	-899.9626676302022	121.0	2.0686041757323137E-4	1.320090924709023E-4	1.320090924709023E-4	1.747995355691048E-4	-0.6942166246862479	9331.249327835576	-7046.985287328243	-7046.985287328243	11042.741767885851	2122.5585596238802	-899.9626676302022
3010000	-1102.720763789316	-233.69261017262548	-869.0281536166904	482.0	1.819053046230545E-4	1.1295162390080081E-4	1.1295162390080081E-4	1.5934949051686024E-4	-0.6634290090887406	9819.145234614121	-6960.100066652713	-6960.100066652713	11209.038693798077	1980.95438190761	-869.0281536166904
3020000	-1093.7129977829288	-178.94430954513533	-914.7686882377934	96.0	1.723332282958078E-4	9.634042791268604E-5	9.634042791268604E-5	8.223397744828034E-5	-0.8092792606520834	16816.183960761144	-19700.83910457933	-19700.83910457933	35240.7527824711	2405.144770106247	-914.7686882377934
3030000	-1115.1442056334054	-238.79354744143032	-876.350658191975	28.0	2.0541157431588675E-4	1.0014975289413238E-4	1.0014975289413238E-4	1.261704949145564E-4	-0.6220975961663456	7941.790998775717	-6303.917620382342	-6303.917620382343	12929.613956503947	1897.320315295899	-876.350658191975
3040000	-1099.2859987181473	-287.5614643675774	-811.7245343505699	83.0	3.8705789306512896E-4	1.912752102195896E-4	1.912752102195896E-4	2.5865727986127454E-4	-0.6045167945100061	4071.4748738737494	-3010.82657647083	-3010.82657647083	6092.604419231443	1947.3106019272452	-811.7245343505699
3050000	-1174.8387831443133	-235.97162794356797	-938.8671552007453	4.0	2.1560458771988314E-4	1.0146290172375571E-4	1.0146290172375571E-4	1.3253283214966294E-4	-0.6002283999083726	7250.168333793974	-5550.49722548538	-5550.497225485379	11794.583494165354	1948.6642463734267	-938.8671552007453
3060000	-1075.891618997553	-274.5051794126537	-801.3864395848993	123.0	4.2163839930511036E-4	2.866238448789612E-4	2.866238448789612E-4	3.5087346172163323E-4	-0.7451899320869131	5333.355851316935	-4356.7471666607225	-4356.7471666607225	6408.998882502744	1820.04640218893	-801.3864395848993
3070000	-1125.02577555057	-236.16926314025454	-888.8565124103153	277.0	1.8902239525876437E-4	8.916562256591121E-5	8.916562256591121E-5	1.0014602206136997E-4	-0.6480730526349895	9121.321361923632	-8121.224199611908	-8121.224199611908	17216.20066645465	1951.2388069450744	-888.8565124103153
3080000	-1144.1484074134587	-259.29069983664124	-884.8577075768173	197.0	2.866390977261604E-4	1.2159053921889637E-4	1.2159053921889637E-4	1.339803218156324E-4	-0.6204568191875892	5672.38782526266	-5147.835779059285	-5147.835779059285	12135.574136204514	2101.182870818702	-884.8577075768173
3090000	-1065.6694209544798	-226.1015134454875	-839.5679075089924	554.0	2.2161609737940697E-4	1.3937004381966715E-4	1.3937004381966715E-4	1.6919599285245517E-4	-0.7197368662089775	9362.044951569505	-7711.699273396841	-7711.699273396842	12262.582763805132	1827.1408950361579	-839.5679075089924
3100000	-1047.9872681019528	-200.14813886861273	-847.83912923334	714.0	2.3956450937410762E-4	1.2828916774259105E-4	1.2828916774259105E-4	1.6679674267991988E-4	-0.6417782068453671	7097.592001140168	-5459.004511557294	-5459.004511557292	10194.030879569642	1721.7809754499622	-847.83912923334
3110000	-1067.6869512374656	-206.4181690965157	-861.26878214095	501.0	2.568602667106844E-4	1.4410534818909147E-4	1.4410534818909147E-4	1.666435837071376E-4	-0.6965260060104743	7561.728306865586	-6539.018582840891	-6539.018582840891	11655.459553178309	2540.4375177914353	-861.26878214095
3120000	-1075.3165738993912	-221.54984091432434	-853.7667329850668	637.0	2.3564880288205333E-4	1.2312586880883943E-4	1.2312586880883943E-4	1.4344463591044957E-4	-0.6696911084938307	7694.463842754668	-6604.551920985113	-6604.551920985113	12640.355506192163	1973.21084576554	-853.7667329850668
3130000	-1199.4217744830542	-288.7678279444702	-910.6539465385839	195.0	2.4940077223472993E-4	1.3628990679105557E-4	1.3628990679105557E-4	1.9524206047120024E-4	-0.6176296070682916	6482.445313107727	-4525.1103444070095	-4525.110344407009	8280.627971025498	1700.2975003008225	-910.6539465385839
3140000	-1099.5237806819648	-251.35683754961076	-848.166943132354	50.0	2.778622997626348E-4	1.6338761003958257E-4	1.6338761003958257E-4	1.6878054239874614E-4	-0.7544719848025959	8354.546550235124	-8087.599283704501	-8087.599283704501	13754.035180417599	1912.6271611198156	-848.166943132354
3150000	-1140.278829737705	-223.52803891718216	-916.750790820523	648.0	1.0841395225506939E-4	5.3708155288347585E-5	5.3708155288347585E-5	8.9461657287778E-5	-0.5453548474902621	13128.46767751216	-7881.653460249551	-7881.653460249552	15909.710496347729	1903.916849856112	-916.750790820523
3160000	-1149.3404403431232	-263.90071753323105	-885.439722809892	806.0	2.113585969058004E-4	7.881511696215351E-5	7.881511696215351E-5	1.4140364473466855E-4	-0.45589965537768506	5972.685384152388	-3329.036518212903	-3329.036518212903	8927.481359642263	1863.8912388094984	-885.439722809892
3170000	-1131.0375344147735	-248.72647483273087	-882.3110595820426	869.0	1.074647899645718E-4	4.750160377000348E-5	4.750160377000348E-5	1.2354926125457392E-4	-0.41224471733617724	11210.559956159694	-4310.180179710715	-4310.180179710714	9751.094088628879	2101.6235133586224	-882.3110595820426
3180000	-1070.1946843919463	-228.79617271268683	-841.3985116792594	377.0	2.4358508148437976E-4	9.15794891651536E-5	9.15794891651536E-5	1.6029711453273773E-4	-0.46345761375167704	5228.355733271499	-2987.016632348163	-2987.0166323481626	7944.930643515503	1981.9726528023139	-841.3985116792594
3190000	-1132.0372644418137	-269.17963429063525	-862.8576301511785	559.0	2.827001856851395E-4	1.0671366455861096E-4	1.0671366455861096E-4	1.3647180212993868E-4	-0.543294769265766	5018.6745821618715	-3924.3356322042696	-3924.3356322042696	10396.142017085624	1849.0571435488569	-862.8576301511785
3200000	-1104.0640654366214	-248.90535755085816	-855.1587078857633	283.0	2.677917361661684E-4	1.0854581390266878E-4	1.0854581390266878E-4	1.4127911038207768E-4	-0.5580530912806779	5423.135757188305	-4166.636405599468	-4166.636405599467	10279.44567285806	1908.4141591083692	-855.1587078857633
3210000	-1097.611824178465	-255.45471059817962	-842.1571135802853	707.0	2.336591105888256E-4	8.792331470001131E-5	8.792331470001131E-5	1.56882261832987E-4	-0.4592252633831355	5423.486286447236	-3039.546255663625	-3039.546255663625	8077.694489967476	1874.15423671887	-842.1571135802853
3220000	-1135.6323545908563	-261.18819118083	-874.4441634100264	950.0	1.8406750572160543E-4	1.1332678819134985E-4	1.1332678819134985E-4	1.716477600662109E-4	-0.6375657029566938	9153.66155073717	-6043.510636757206	-6043.510636757207	9815.983903396285	1992.1544409304317	-874.4441634100264
3230000	-1041.25386008058	-214.41646059013362	-826.8373994904463	137.0	2.771522483177206E-4	1.2588373194107521E-4	1.2588373194107521E-4	1.2977104570584063E-4	-0.6637759368767042	6449.973985814731	-6256.763917104404	-6256.763917104405	13775.220674506028	1781.175255177906	-826.8373994904463
3240000	-1112.153840175848	-210.56559111694483	-901.5882490589031	790.0	1.903021858316103E-4	7.529963577840557E-5	7.529963577840557E-5	8.250525737144359E-5	-0.6009387032597057	8225.113695633696	-7506.77090465703	-7506.770904657032	18971.604536008243	2032.18282029535	-901.5882490589031
3250000	-993.5655892386023	-158.06748717504348	-835.4981020635588	304.0	1.486670270788574E-4	5.897614081062361E-5	5.897614081062361E-5	9.836428193457465E-5	-0.4876972526343732	8825.597095893176	-5291.551433389494	-5291.5514333894935	13338.940280323917	1828.9809727451502	-835.4981020635588
3260000	-1053.8640859717584	-214.2599527171395	-839.604133254619	692.0	2.0845171782018493E-4	7.93960853447801E-5	7.93960853447801E-5	1.184257432040785E-4	-0.5053279165187469	6442.375046183221	-4319.156841670798	-4319.156841670798	11339.79917613501	1883.3782425563281	-839.604133254619
3270000	-1078.5310603162247	-249.92966794880078	-828.6013923674241	787.0	3.533450749291266E-4	1.5713206420688098E-4	1.5713206420688098E-4	1.7304905271242271E-4	-0.6354489720327771	4746.851355809797	-4310.237706190461	-4310.237706190461	9692.491936279937	1918.5084869184805	-828.6013923674241
3280000	-1040.5387864178472	-220.47862147588864	-820.0601649419585	280.0	3.404883876815495E-4	1.643123057239863E-4	1.643123057239863E-4	1.5573525472979683E-4	-0.7135517386915029	5983.486046405433	-6313.0239216417285	-6313.023921641728	13081.864605354747	1808.6932590642082	-820.0601649419585
3290000	-1102.879329794286	-249.71045003515306	-853.1688797591329	882.0	2.057111322444733E-4	1.188856292575265E-4	1.188856292575265E-4	1.7951703182143475E-4	-0.618653727673101	7875.329765869714	-5215.457972574153	-5215.457972574152	9024.452925152613	2162.988563260508	-853.1688797591329
3300000	-1065.7299086574226	-243.34384271294593	-822.3860659444767	272.0	3.143518676523071E-4	1.7037124089390427E-4	1.7037124089390427E-4	2.0415767251788633E-4	-0.6725203202940223	5808.021229820618	-4846.841031536477	-4846.841031536477	8942.903288625632	2427.1221009047094	-822.3860659444767
3310000	-1149.5206313147373	-263.5723069604794	-885.948324354258	797.0	2.0676334066250984E-4	1.0555193363508039E-4	1.0555193363508039E-4	1.1935368823749803E-4	-0.6719106138139125	8817.007774387728	-7797.431593486132	-7797.4315934861315	15274.215728064735	1995.878166957977	-885.948324354258
3320000	-1087.4813568144314	-261.37327985037234	-826.108076964059	207.0	3.319489014991454E-4	1.8685615093303942E-4	1.8685615093303942E-4	2.401662408807871E-4	-0.6617832951025677	5359.93250869593	-4170.179597943286	-4170.179597943286	7408.30060813725	1680.4166243713946	-826.108076964059
3330000	-1126.3637461762812	-251.49577487362527	-874.867971302656	876.0	2.74499457558053E-4	1.4507460108978954E-4	1.4507460108978954E-4	1.574944448584399E-4	-0.6977310012831338	7098.981148649343	-6539.163074671769	-6539.163074671769	12372.921954616244	1797.7282136982635	-874.867971302656
3340000	-1111.0342920825326	-229.6514135402365	-881.3828785422961	478.0	2.1852378239999463E-4	1.3142568258633295E-4	1.3142568258633295E-4	1.386126370546385E-4	-0.7551434744753113	10648.21924462	-10096.117585595559	-10096.117585595559	16786.991392722444	1881.1808459920735	-881.3828785422961
3350000	-1150.2314193803513	-261.7553398440468	-888.4760795363046	960.0	1.7916466516693983E-4	7.078751123687733E-5	7.078751123687733E-5	9.443985184970649E-5	-0.5441928280424343	7929.849634416096	-5943.828893297036	-5943.828893297036	15043.954715593465	2173.356066655381	-888.4760795363046
3360000	-1107.0752541011939	-252.41375147776762	-854.6615026234263	370.0	3.424930925824755E-4	1.6524667240653493E-4	1.6524667240653493E-4	1.6318343640837302E-4	-0.6989864823335701	5709.160606618795	-5781.3452960831455	-5781.345296083145	11982.515598688442	2025.2493270729733	-854.6615026234263
3370000	-1070.9139720192427	-234.21057833841718	-836.7033936808256	968.0	2.611754439434039E-4	1.5602001864385636E-4	1.5602001864385636E-4	2.462480795093734E-4	-0.6152161514589742	6160.559772359494	-3903.261509511723	-3903.2615095117226	6534.008048678487	1595.8955059248144	-836.7033936808256
3380000	-1047.2556430416957	-239.75458023053173	-807.5010628111639	196.0	4.629195126016713E-4	2.3778259777476382E-4	2.3778259777476382E-4	2.3633720930178555E-4	-0.7188880630170643	4470.618691672371	-4497.960051685525	-4497.960051685524	8756.710938116588	1923.1457393156197	-807.5010628111639
3390000	-1033.6042330630967	-182.63774601973094	-850.9664870433658	429.0	2.2773171105358516E-4	1.3495392712121362E-4	1.3495392712121362E-4	1.414689811880958E-4	-0.7518706972933473	10101.74467195488	-9636.53023303756	-9636.530233037562	16261.427624985978	2005.2593185724193	-850.9664870433658
3400000	-1129.6391902431906	-287.31984935741406	-842.3193408857765	999.0	1.81613759328876E-4	6.426929714923448E-5	6.426929714923448E-5	1.1697829840106208E-4	-0.4409369832951214	6835.109870058131	-3755.292334483496	-3755.292334483496	10611.797366646355	1864.5950011538314	-842.3193408857765
3410000	-1106.1125265162414	-244.3250133048752	-861.7875132113661	91.0	2.663995961460375E-4	1.3911414175979124E-4	1.3911414175979124E-4	1.835806271863708E-4	-0.6290585580531138	6211.899006350035	-4707.2668407957235	-4707.2668407957235	9014.281146951427	1903.168607904692	-861.7875132113661
3420000	-1059.7551807502437	-232.89482860952222	-826.8603521407215	49.0	2.7539353946616404E-4	1.5293712538372864E-4	1.5293712538372864E-4	1.9943700012453613E-4	-0.6525791328613308	6324.5275344551455	-4849.927846517043	-4849.927846517043	8733.25422101821	1864.8397085927136	-826.8603521407215
3430000	-1122.7716415946036	-244.44589955978475	-878.3257420348187	974.0	1.8303353831242822E-4	1.0273432836064707E-4	1.0273432836064707E-4	1.3444335270833675E-4	-0.6549084307593732	9566.674702625565	-7310.3346533702315	-7310.334653370231	13024.238725318359	1927.8939242892866	-878.3257420348187
3440000	-1168.3073880125908	-268.42428050465975	-899.883107507931	505.0	2.3096232354907287E-4	1.1470144275406485E-4	1.1470144275406485E-4	1.3384440958923667E-4	-0.6523763258210555	7537.729537814509	-6459.653083237792	-6459.653083237793	13007.129200845742	2089.094934112832	-899.883107507931
3450000	-1121.5464905378585	-260.8591286567113	-860.6873618811472	173.0	1.7053661548489915E-4	9.204216943654289E-5	9.204216943654289E-5	1.655921305116128E-4	-0.5477194706238065	8376.878616496982	-4656.175861659664	-4656.175861659664	8627.007353378041	2004.2728152399347	-860.6873618811472
3460000	-1065.4286975684577	-274.58450920741484	-790.8441883610429	109.0	5.120279968186416E-4	2.4871642893322906E-4	2.4871642893322906E-4	2.632824939954348E-4	-0.6774022390564306	3609.173207498481	-3409.496233297134	-3409.4962332971345	7019.067996366679	1769.1243728910242	-790.8441883610429
3470000	-1115.4536714738513	-238.84336008818113	-876.6103113856701	575.0	1.7034946104009833E-4	1.0714063357922799E-4	1.0714063357922799E-4	1.5274522122634107E-4	-0.6642017452494006	10504.486526856144	-7368.200018801931	-7368.200018801931	11715.152879979782	1891.4416906434917	-876.6103113856701
3480000	-1052.5484856652656	-245.4150288568187	-807.1334568084469	876.0	3.117283826723718E-4	1.5328959357632527E-4	1.5328959357632527E-4	2.3980352868822603E-4	-0.5606563106895444	4678.557681734783	-2990.6741134278045	-2990.6741134278045	6081.808834692899	1712.272449770162	-807.1334568084469
3490000	-1102.5444444399886	-230.8239724957749	-871.7204719442136	624.0	1.9217015508462242E-4	9.55903919268598E-5	9.55903919268598E-5	1.0053539448575184E-4	-0.687720196744113	9873.46781292274	-9387.824683457917	-9387.824683457917	18872.814400716292	1990.6007485354555	-871.7204719442136
3500000	-1076.2894812904606	-234.9545831739606	-841.3348981165001	565.0	2.9884335147164744E-4	1.083574547350822E-4	1.083574547350822E-4	1.1181467927809746E-4	-0.5927718682796309	5158.994362787729	-4999.482194587103	-4999.482194587102	13788.271589675074	2002.2726571902224	-841.3348981165001
3510000	-1177.0448053223813	-235.8433292550006	-941.2014760673807	380.0	6.609079281078077E-5	3.253992480509235E-5	3.253992480509235E-5	7.444564683869807E-5	-0.4639021767433101	19279.81836027899	-8427.13934716198	-8427.13934716198	17116.091199255	2061.4164967113247	-941.2014760673807
3520000	-1105.263476612432	-270.5756164415027	-834.6878601709292	792.0	2.206917635606883E-4	1.3166458779906713E-4	1.3166458779906713E-4	1.934454086899083E-4	-0.6372307253752925	7629.103238869974	-5192.590199090857	-5192.590199090856	8703.645434519987	1960.1581811668946	-834.6878601709292
3530000	-1151.381258091718	-294.908599821618	-856.4726582701	803.0	2.587537038995697E-4	1.2630821238772595E-4	1.2630821238772595E-4	1.9669801176103361E-4	-0.5598714427587557	5629.1791359483395	-3614.7368623924835	-3614.736862392483	7405.112732458043	1993.5765487626356	-856.4726582701
3540000	-1096.6108043397328	-292.46275557048824	-804.1480487692446	335.0	4.086104496591122E-4	2.3575439346342183E-4	2.3575439346342183E-4	3.3938611535757154E-4	-0.6330791709805678	4084.236905534465	-2837.1131017270104	-2837.11310172701	4917.295678777235	1679.047618242743	-804.1480487692446
3550000	-1153.3333472194172	-272.9095681181148	-880.4237791013024	412.0	2.339428718417646E-4	1.3182133944945754E-4	1.3182133944945754E-4	1.5154386757658026E-4	-0.700102499860155	8383.82552162192	-7292.720765571528	-7292.7207655715265	12942.366134065982	1941.8450069301325	-880.4237791013024
3560000	-1160.843122375129	-265.1104985783852	-895.7326237967438	122.0	2.1529133417657746E-4	1.1894020934740569E-4	1.1894020934740569E-4	1.2688852266263233E-4	-0.7196217043042595	9633.76706754233	-9030.306664253323	-9030.306664253323	16345.580526869506	2199.2789875402595	-895.7326237967438
3570000	-1157.5040553494603	-313.29567208891467	-844.2083832605456	337.0	2.485616272725767E-4	1.3646298431347638E-4	1.3646298431347638E-4	2.088634449128327E-4	-0.5989169503310605	6273.439318081653	-4098.813229917782	-4098.813229917782	7465.817133050328	2042.9675845513325	-844.2083832605456
3580000	-1265.6112937326639	-225.70798841202384	-1039.9033053206401	447.0	2.6723993567885753E-5	3.0126871549291175E-5	3.0126871549291175E-5	7.571696945763094E-5	-0.6697407820283586	67856.99740248299	-26999.483195231853	-26999.48319523186	23949.8486945483	3348.4330156551373	-1039.9033053206401
3590000	-1053.0283634167556	-193.23954418202987	-859.7888192347258	998.0	2.238146533288361E-4	1.2509647941397355E-4	1.2509647941397355E-4	1.452055351166477E-4	-0.6939197420185749	8617.540535541882	-7424.124578567137	-7424.124578567137	13282.770839004825	2027.7399533785267	-859.7888192347258
3600000	-1054.5925218519728	-217.08536039370077	-837.507161458272	753.0	1.6971112124791008E-4	8.911022253676895E-5	8.911022253676895E-5	1.3358023411852871E-4	-0.5918358609523716	9068.940814731317	-6049.812230875549	-6049.812230875549	11521.915082386433	1654.9884333047087	-837.507161458272
3610000	-1101.8728150938605	-272.8990374523496	-828.973777641511	228.0	2.4282987387666012E-4	1.2458538383722419E-4	1.2458538383722419E-4	1.7543593709371376E-4	-0.60361045977226	6478.5351497721385	-4600.715233767413	-4600.715233767414	8967.272608942836	1923.01672489919	-828.973777641511
3620000	-1123.4477155626028	-243.440316196391	-880.0073993662118	518.0	2.745045773827899E-4	1.7407751925283964E-4	1.7407751925283964E-4	2.172467901726971E-4	-0.7128386013631577	7406.4126886421045	-5934.678926103671	-5934.678926103671	9358.454425964386	1763.6680832510992	-880.0073993662118
3630000	-1112.9345736533794	-250.203866143674	-862.7307075097054	311.0	2.1883723095395073E-4	9.357699296645567E-5	9.357699296645567E-5	1.2655325988834837E-4	-0.5623048269317124	6682.535235944646	-4941.252033521564	-4941.252033521563	11555.510368334437	2147.5235452771185	-862.7307075097054
3640000	-1099.6476979004735	-273.1177912573526	-826.5299066431209	742.0	3.348060906771287E-4	1.9657694957959856E-4	1.9657694957959856E-4	2.6753082606075017E-4	-0.6568239818739903	5253.071923670728	-3859.8649355006964	-3859.864935500697	6574.047935734353	2018.1079981563837	-826.5299066431209
3650000	-1159.4979155415467	-285.3063107073734	-874.1916048341734	270.0	2.020740264801837E-4	1.3860088462760734E-4	1.3860088462760734E-4	1.8634369356504128E-4	-0.7142551900954967	10102.658688883048	-7514.273247359651	-7514.273247359651	10955.481671318556	2129.7120111632785	-874.1916048341734
3660000	-1115.2424160172125	-267.3148872289683	-847.9275287882441	733.0	2.140829903984209E-4	1.2575128663690275E-4	1.2575128663690275E-4	1.7277845973351168E-4	-0.6538476346363382	8159.340127978926	-5938.515256959726	-5938.515256959725	10109.917271919992	1908.009308082955	-847.9275287882441
3670000	-1122.1185890992401	-278.9304023950855	-843.1881867041546	377.0	3.092345319541282E-4	1.3423530707744764E-4	1.3423530707744764E-4	2.1655953544094187E-4	-0.5187213368662982	4424.226085385785	-2742.374497352828	-2742.3744973528273	6317.539793331427	1981.6027708468657	-843.1881867041546
3680000	-1078.3178294123932	-229.39373543310933	-848.9240939792837	39.0	1.2764834951991448E-4	3.823458850320082E-5	3.823458850320082E-5	1.1690952756367389E-4	-0.3129852461989184	8684.781298526137	-2840.307767120071	-2840.307767120071	9482.529112903067	2012.9366542130208	-848.9240939792837
3690000	-1115.8377604944317	-209.18545394054777	-906.6523065538838	439.0	7.569259340147177E-5	5.0639693242979556E-5	5.0639693242979556E-5	8.784993004774626E-5	-0.621002950367518	21504.382691661154	-12395.858964184761	-12395.858964184761	18528.443842185083	2487.3264828363135	-906.6523065538838
3700000	-1121.4849078809561	-260.9019841308032	-860.5829237501529	540.0	2.914258380535815E-4	2.1117169964673932E-4	2.1117169964673932E-4	2.4605247629398355E-4	-0.7886018985774244	9075.220293405991	-7788.7031372014035	-7788.7031372014035	10748.738315345214	2069.075996278933	-860.5829237501529
3710000	-1112.34006382646	-267.17631663788154	-845.1637471885784	139.0	3.7624026421929213E-4	2.2153124952453948E-4	2.2153124952453948E-4	2.298631609932716E-4	-0.7532994917313932	6144.811687164034	-5922.07905463498	-5922.079054634979	10057.83424697646	2024.9937039502602	-845.1637471885784
3720000	-1171.1465949683477	-291.9688905636295	-879.1777044047182	69.0	2.044018143821819E-4	1.1663001984148422E-4	1.1663001984148422E-4	1.7106356132659268E-4	-0.6237193557493095	8007.416281872916	-5459.404168786482	-5459.404168786481	9567.966455482714	2066.740419749916	-879.1777044047182
3730000	-1053.1721408164603	-224.78485885031628	-828.387281966144	777.0	1.949774221901784E-4	1.0324896653826735E-4	1.0324896653826735E-4	1.9117303700524207E-4	-0.5347862487080718	7183.154915996148	-3879.487050993181	-3879.4870509931816	7326.101267488011	1782.0095309653407	-828.387281966144
3740000	-1083.5269073000254	-256.76551123756286	-826.7613960624625	243.0	2.5794352347311187E-4	1.7145175883688876E-4	1.7145175883688876E-4	1.9156742795240395E-4	-0.7712919463076015	9569.819930716747	-8564.934427586282	-8564.934427586284	12885.661713564354	1997.2270049499268	-826.7613960624625
3750000	-1136.4914452930025	-243.7462259943914	-892.7452192986111	467.0	1.7154899838585136E-4	7.189861703140992E-5	7.189861703140992E-5	1.0805147224479986E-4	-0.5280938369179917	8083.624656496795	-5378.931182782627	-5378.931182782627	12834.047369640866	2319.579923081853	-892.7452192986111
3760000	-1129.7182417457368	-253.6668729497087	-876.0513687960281	188.0	1.598932254986046E-4	8.050339286572857E-5	8.050339286572857E-5	1.3970470506290174E-4	-0.5386338417844286	8810.26396940486	-5076.823584863742	-5076.823584863742	10083.422193461685	2061.3975047187487	-876.0513687960281
3770000	-1090.6128450158599	-223.98259509071107	-866.6302499251487	224.0	1.4888468362186016E-4	7.082025347235674E-5	7.082025347235674E-5	1.2084762170188563E-4	-0.5279750642149282	9312.553246756943	-5457.429547410403	-5457.429547410404	11473.0974787028	2084.780531977813	-866.6302499251487
3780000	-1120.9307583000063	-265.30472660366297	-855.6260316963433	71.0	1.9024000561902998E-4	9.334380737895016E-5	9.334380737895016E-5	1.6922629317787775E-4	-0.5202363157971714	7207.085531432093	-3975.3680765345753	-3975.3680765345753	8102.026973759336	1707.2560025160112	-855.6260316963433
3790000	-1167.5256513286058	-266.52594689254664	-900.9997044360592	73.0	2.107404041263002E-4	1.2313299665566368E-4	1.2313299665566368E-4	2.0388705617046876E-4	-0.5940263595707973	7332.6145554654595	-4428.367452519894	-4428.367452519893	7579.08904932731	1937.0641455736209	-900.9997044360592
3800000	-1138.3596622502205	-285.3843872906665	-852.9752749595539	680.0	2.488104985882182E-4	1.3739841224367228E-4	1.3739841224367228E-4	1.6467328347770464E-4	-0.6787905551043916	7453.263483415369	-6218.777855326263	-6218.777855326263	11261.390823418025	1994.0294831874846	-852.9752749595539
3810000	-1034.187944023164	-233.71288231162015	-800.4750617115437	14.0	2.5146722386441643E-4	1.0382421971612134E-4	1.0382421971612134E-4	1.7666304105977163E-4	-0.49258947842576006	5250.718895945303	-3085.828190491582	-3085.8281904915825	7474.0234071316845	1644.344279754551	-800.4750617115437
3820000	-1156.808023074293	-271.18654698570674	-885.6214760885864	473.0	2.2767255468626797E-4	1.077270070960141E-4	1.077270070960141E-4	1.4887918032832588E-4	-0.5851298708786438	6679.0132136210805	-4832.84568246132	-4832.84568246132	10213.839153164225	2083.630426958499	-885.6214760885864
3830000	-1083.692823391376	-284.3430018857579	-799.3498215056181	743.0	4.5768447155796496E-4	3.095707338650472E-4	3.095707338650472E-4	3.726984969917996E-4	-0.7495454757809772	4986.314939773337	-4141.731688340682	-4141.731688340682	6123.3381316318	1702.4819000733683	-799.3498215056181
3840000	-1154.4688415014402	-250.02859867801675	-904.4402428234234	462.0	2.0060767980963523E-4	1.1482039633728777E-4	1.1482039633728777E-4	1.1561808760354003E-4	-0.7539323409214972	11550.082096996586	-11470.39387688985	-11470.39387688985	20040.421175573465	2292.4787258008428	-904.4402428234234
3850000	-1033.6273018471793	-243.29411951082787	-790.3331823363515	286.0	3.372558097539505E-4	1.5028521618122096E-4	1.5028521618122096E-4	2.2777866151403744E-4	-0.5422256052268088	4199.921312211156	-2771.050098171168	-2771.050098171168	6218.52746713658	1753.4393631672035	-790.3331823363515
3860000	-1005.7452510734411	-227.32516846422922	-778.4200826092118	10.0	3.3600860617582015E-4	1.864088983729292E-4	1.864088983729292E-4	2.400236083651243E-4	-0.656393783237161	5229.076485298255	-4061.0438021973678	-4061.0438021973673	7320.174516912726	1616.2753089783	-778.4200826092118
3870000	-1063.961492672889	-231.40479012877765	-832.5567025441114	99.0	3.4135164602919893E-4	1.3143746443624576E-4	1.3143746443624576E-4	1.1864195719239152E-4	-0.6531290797154132	5108.852222346192	-5659.840735733628	-5659.840735733628	14698.974601285832	2171.1835272054686	-832.5567025441114
3880000	-1081.7853456332653	-216.76702077702242	-865.0183248562428	625.0	1.709135216529575E-4	6.300608863798916E-5	6.300608863798916E-5	1.062428997039337E-4	-0.4675675370141046	7487.915824803585	-4440.619462440259	-4440.619462440259	12045.85028293148	1693.62004363504	-865.0183248562428
3890000	-1070.9449123792162	-259.0403542252513	-811.9045581539649	902.0	3.338357994070559E-4	2.481139727616727E-4	2.481139727616727E-4	2.6890888852333346E-4	-0.8280988666824767	9532.101837891421	-8794.977617717777	-8794.977617717777	11833.587407825053	1941.69670097655	-811.9045581539649
3900000	-1043.6140815055974	-213.92929101786908	-829.6847904877284	406.0	1.8626154732377372E-4	1.0120837744675756E-4	1.0120837744675756E-4	1.7911142042612016E-4	-0.5541064686553547	7747.558308540593	-4377.821379094985	-4377.821379094985	8056.840792712981	1824.204777289709	-829.6847904877284
3910000	-1020.6229566347467	-243.91897622693338	-776.7039804078133	752.0	4.123907621484977E-4	2.5174431145331315E-4	2.5174431145331315E-4	3.175911932208297E-4	-0.6956182639677941	4698.339508240898	-3724.2224272056055	-3724.222427205606	6100.77310704466	1708.3629219214276	-776.7039804078133
3920000	-1093.8986722262828	-285.348409873487	-808.5502623527957	19.0	3.237528858181709E-4	1.448349481413458E-4	1.448349481413458E-4	2.094930497572312E-4	-0.5561369291149143	4471.873698427733	-3091.6710409103803	-3091.6710409103803	6910.883280176132	1604.929511785142	-808.5502623527957
3930000	-1140.788825259083	-252.9400333721317	-887.8487918869514	763.0	1.770987790136369E-4	9.796121008421162E-5	9.796121008421162E-5	1.2763528546835454E-4	-0.6515698509066319	9812.321286009244	-7531.043342640984	-7531.0433426409845	13614.966368156935	2148.466276999283	-887.8487918869514
3940000	-1066.5046679493996	-220.4795252402576	-846.025142709142	626.0	2.5145186815117484E-4	1.1698814576039476E-4	1.1698814576039476E-4	1.438799865298952E-4	-0.6150553917914205	6396.751365143202	-5201.168690288187	-5201.168690288186	11179.282954197586	1869.3834317169903	-846.025142709142
3950000	-1134.7033702935319	-264.1744631948352	-870.5289070986965	659.0	2.822861758175251E-4	1.5831942057879464E-4	1.5831942057879464E-4	2.0491423529042565E-4	-0.6582688765012963	6251.30812427652	-4829.842488455037	-4829.842488455036	8611.689967551494	1913.181211564834	-870.5289070986965
3960000	-1085.9803714292689	-246.01218622561063	-839.9681852036583	346.0	1.9427524430145788E-4	1.0844444520587315E-4	1.0844444520587315E-4	1.8343023419396391E-4	-0.5744643984509623	7682.698517966685	-4542.031918161816	-4542.031918161816	8136.925398536841	1915.3024676205714	-839.9681852036583
3970000	-1101.0381440586916	-229.90845492823104	-871.1296891304605	890.0	1.8393947570638353E-4	1.1997692999209332E-4	1.1997692999209332E-4	1.6254012117625807E-4	-0.6938729913911104	10484.375447978782	-7738.908830816775	-7738.908830816775	11864.704597573464	2060.6248093315776	-871.1296891304605
3980000	-1049.4393800024375	-207.07129351516517	-842.3680864872723	810.0	2.2436296465930792E-4	1.2459163347436082E-4	1.2459163347436082E-4	1.628769614462954E-4	-0.6517536400209828	7748.488124435989	-5927.153747268803	-5927.153747268803	10673.540025481854	1997.4825399062518	-842.3680864872723
3990000	-1111.139145416356	-227.78893185716294	-883.3502135591932	276.0	1.5810393557012903E-4	7.532657577479338E-5	7.532657577479338E-5	1.502784069190854E-4	-0.48868453329144773	8309.324378203848	-4165.022542121578	-4165.022542121578	8742.02031453661	1996.252696858658	-883.3502135591932
4000000	-1165.3091843599052	-270.9258450702985	-894.3833392896067	111.0	1.8856508662839125E-4	1.1727976479723627E-4	1.1727976479723627E-4	1.4534241563528332E-4	-0.7084288790045977	10646.265790729049	-8590.689389935098	-8590.689389935098	13812.306767594122	2237.0851608021817	-894.3833392896067
4010000	-1097.0314129556832	-217.77212258730765	-879.2592903683754	162.0	2.0896428588627563E-4	1.1860643864467876E-4	1.1860643864467876E-4	1.279428991123831E-4	-0.7253775970161851	10099.68468556412	-9362.673820113738	-9362.673820113736	16495.432045366208	1865.5989376414286	-879.2592903683754
4020000	-1117.7748549692137	-248.7280363568559	-869.0468186123577	915.0	1.7533075316016178E-4	9.14554593555706E-5	9.14554593555706E-5	1.394250412522022E-4	-0.5849384842649503	8669.958589645721	-5687.034683931288	-5687.034683931287	10902.706972417613	1994.7269758300713	-869.0468186123577
4030000	-1066.7960956318593	-233.6271673878657	-833.1689282439937	398.0	3.04127711547137E-4	1.2687713731173282E-4	1.2687713731173282E-4	1.5267902634504647E-4	-0.5887971285279849	5032.912974922874	-4182.379242805597	-4182.379242805597	10025.268971914998	1924.6345181821453	-833.1689282439937
4040000	-1053.0692900230872	-215.8861839697284	-837.1831060533588	322.0	2.6748660615927007E-4	1.735965136270046E-4	1.735965136270046E-4	1.9907470731490688E-4	-0.7522841916071932	8612.707414000643	-7510.426613838397	-7510.426613838399	11572.458938088848	2130.5733088342517	-837.1831060533588
4050000	-1098.6714410074562	-250.06092679609677	-848.6105142113595	130.0	2.465575023095654E-4	1.1456944370538314E-4	1.1456944370538314E-4	1.3582115031202124E-4	-0.6260744652969951	6670.466765976049	-5626.750067109993	-5626.750067109993	12108.965512954092	1962.6817846733748	-848.6105142113595
4060000	-1119.9333050229238	-278.6304391262879	-841.302865896636	605.0	2.3920711834223007E-4	1.2339249369962545E-4	1.2339249369962545E-4	1.3998671267025857E-4	-0.6743079562812941	7666.2576371992245	-6757.488829857979	-6757.48882985798	13099.981868873132	1947.6500326512037	-841.302865896636
4070000	-1140.4200438887553	-225.00177513451973	-915.4182687542357	926.0	2.0745024465975415E-4	1.0155607534444619E-4	1.0155607534444619E-4	8.895468320570616E-5	-0.7475917924493041	10928.04763752876	-12476.123676121157	-12476.123676121157	25485.180480226438	2064.512169522885	-915.4182687542357
4080000	-1134.494762422232	-263.95803870258334	-870.5367237196486	918.0	3.293159861224552E-4	1.8472595644279178E-4	1.8472595644279178E-4	1.6659440180305792E-4	-0.7886627258436015	8033.089919172029	-8907.383456163434	-8907.383456163436	15879.434721160796	1788.3802099211898	-870.5367237196486
4090000	-1172.0381597677167	-265.5359805618453	-906.5021792058715	93.0	2.249773600603166E-4	6.273545003849486E-5	6.273545003849486E-5	9.347579167462699E-5	-0.43260748923528225	5468.2752547648	-3669.9845264338473	-3669.9845264338473	13161.034625760489	2218.3310200370306	-906.5021792058715
4100000	-1150.6977785220636	-293.2646204141084	-857.4331581079553	314.0	1.9981785340893017E-4	1.0450917396201782E-4	1.0450917396201782E-4	1.551921061566049E-4	-0.5934750380640631	7725.617967349021	-5202.571007696881	-5202.571007696881	9947.13221389865	1811.474510778049	-857.4331581079553
4110000	-1116.8721606138865	-241.35881454775398	-875.5133460661325	395.0	1.9660918433914832E-4	7.682531091406294E-5	7.682531091406294E-5	1.1560883436457408E-4	-0.5095735936978698	6870.179150954152	-4565.426614742342	-4565.426614742343	11683.711946038136	1962.1660720208831	-875.5133460661325
4120000	-1187.2477290905288	-276.855196586246	-910.3925325042827	87.0	2.010139619560656E-4	8.713152208467046E-5	8.713152208467046E-5	1.0418753456519023E-4	-0.6020801488088391	7803.580804870516	-6526.096198328296	-6526.096198328296	15055.81931252854	2097.0477117480427	-910.3925325042827
4130000	-1053.847390090547	-215.1913742993432	-838.6560157912038	319.0	2.1072115375536868E-4	1.2210820837506517E-4	1.2210820837506517E-4	1.9850513455441015E-4	-0.5970420488966905	7374.214802198978	-4536.165574208809	-4536.165574208809	7828.024472250427	1704.4109672142258	-838.6560157912038
4140000	-1059.514658643774	-203.60169617614108	-855.9129624676331	55.0	2.1202577303493605E-4	1.0256782367721234E-4	1.0256782367721234E-4	1.139649934763652E-4	-0.6598285119062961	8353.14873346778	-7517.784718879787	-7517.784718879788	15540.586310449813	1766.8920934738746	-855.9129624676331
4150000	-1092.8723252080981	-244.24554186806927	-848.6267833400289	169.0	2.7566819084862224E-4	1.7179547364424243E-4	1.7179547364424243E-4	2.1851504607836884E-4	-0.6999672423824099	7112.202566106604	-5591.5793004929965	-5591.579300492996	8972.416543089568	2005.1939792604715	-848.6267833400289
4160000	-1073.8370581578622	-233.83761143587142	-839.9994467219907	986.0	2.2348610885889483E-4	1.4825720907913083E-4	1.4825720907913083E-4	2.081429901272691E-4	-0.6874002071873424	8482.867471458298	-6042.2224910748255	-6042.2224910748255	9108.17626864454	1760.5260413961967	-839.9994467219907
4170000	-1116.829156704955	-260.49520259031306	-856.3339541146421	353.0	1.968896406446829E-4	1.1689759084848941E-4	1.1689759084848941E-4	1.674447633330426E-4	-0.6438109259367824	8674.504514524948	-6055.899625451045	-6055.899625451047	10199.901404133463	1851.1468548628761	-856.3339541146421
4180000	-1114.3014526759985	-233.3689465695789	-880.9325061064196	995.0	1.762668865309645E-4	9.780331651852142E-5	9.780331651852142E-5	1.2142136079651216E-4	-0.6685296406364295	10257.715302944824	-8262.455386347567	-8262.455386347568	14891.0828169787	2239.862175068693	-880.9325061064196
4190000	-1072.6382714252281	-242.86427929953604	-829.7739921256922	100.0	2.9194230140868E-4	1.5122003506341618E-4	1.5122003506341618E-4	1.8052822209882187E-4	-0.6587009172980238	6050.618443197284	-5068.319637218745	-5068.319637218744	9784.794048909802	1726.0332396939655	-829.7739921256922
4200000	-1094.403705903382	-261.6470324789872	-832.7566734243946	44.0	2.4351575312809022E-4	1.1144309522639903E-4	1.1144309522639903E-4	1.7786808460689313E-4	-0.5354767526230297	5757.344804244562	-3607.259428742816	-3607.2594287428165	7882.26937464518	1907.3479872818505	-832.7566734243946
4210000	-1129.8202229250955	-236.12817842865977	-893.6920444964358	974.0	1.8365175004583968E-4	9.545835794827902E-5	9.545835794827902E-5	1.306008735224848E-4	-0.6163726830474001	8781.2006776737	-6418.326117556416	-6418.326117556415	12348.178296685297	1777.6202325908534	-893.6920444964358
4220000	-1086.69352933661	-242.74282182824098	-843.950707508369	975.0	2.8777583158359185E-4	1.2043525447451037E-4	1.2043525447451037E-4	1.4615863988913795E-4	-0.5872381061116362	5304.005974145524	-4370.520344983124	-4370.520344983124	10443.20562295751	1797.2935421574718	-843.950707508369
4230000	-1074.3867494990814	-247.36900993318284	-827.0177395658985	492.0	2.534107258256203E-4	1.5665055799435885E-4	1.5665055799435885E-4	2.552312881685966E-4	-0.615959976280264	6358.693902971351	-3902.7070511739394	-3902.7070511739394	6313.337400038937	2062.9096166966024	-827.0177395658985
4240000	-1138.5895976169713	-253.91056053772655	-884.6790370792448	547.0	2.480251255813546E-4	1.2996195538556436E-4	1.2996195538556436E-4	1.478271140984269E-4	-0.6787210967703006	7475.557131970396	-6572.1233103454915	-6572.123310345492	12542.529885370192	2023.1221921305548	-884.6790370792448
4250000	-1110.4703783246682	-227.5139160260563	-882.956462298612	343.0	1.463929387210612E-4	7.619929709349859E-5	7.619929709349859E-5	1.1182010761061776E-4	-0.5955674415573879	10585.675934126266	-7213.560089289286	-7213.560089289287	13858.582695536697	2157.189164435615	-882.956462298612
4260000	-1161.4748957665224	-292.14121325181327	-869.333682514709	608.0	2.867836093183735E-4	1.3296142218411516E-4	1.3296142218411516E-4	1.577422802978418E-4	-0.6251358874128082	5723.769385934616	-4824.581693448352	-4824.581693448351	10406.108243807339	1832.3438538502094	-869.333682514709
4270000	-1092.502828790717	-266.36403496747886	-826.1387938232382	508.0	3.490787773970483E-4	1.951288421405865E-4	1.951288421405865E-4	2.3350863645445685E-4	-0.6834523962013176	5375.720536206832	-4492.159861102177	-4492.159861102178	8036.319259537474	1865.068073314475	-826.1387938232382
4280000	-1057.7357542860834	-241.13093819152783	-816.6048160945556	21.0	3.0456556874526754E-4	1.5247081254583537E-4	1.5247081254583537E-4	2.0201345187159173E-4	-0.6146900278763835	5277.397210915589	-3983.1458421238904	-3983.1458421238913	7956.467592360491	1852.9935025893983	-816.6048160945556
4290000	-1107.2523902622454	-267.78438063545485	-839.4680096267905	618.0	2.882354006668958E-4	1.081082689223535E-4	1.081082689223535E-4	1.3230003205487662E-4	-0.5536117243261214	5002.61880655526	-4087.863403016948	-4087.863403016948	10898.953036482302	1791.80794103341	-839.4680096267905
4300000	-1068.606985987533	-253.90162029823324	-814.7053656892998	666.0	2.5003957454384476E-4	1.5684999197554403E-4	1.5684999197554403E-4	2.557762756011769E-4	-0.6202260393713802	6499.657278883151	-3985.7926214635904	-3985.79262146359	6353.8791346966855	2158.0489374075	-814.7053656892998
4310000	-1134.835489568699	-303.75289194030233	-831.0825976283966	464.0	3.35703738502824E-4	1.8487131397844345E-4	1.8487131397844345E-4	2.396757536661911E-4	-0.6517475215039942	5178.523394017626	-3994.398305527028	-3994.3983055270273	7253.339717113308	1838.513312602437	-831.0825976283966
4320000	-1120.1374425436206	-277.7402991136381	-842.3971434299826	791.0	2.5680970693534223E-4	1.1857871777920551E-4	1.1857871777920551E-4	1.750985832126098E-4	-0.5591904119441319	5665.501736434823	-3836.741104104623	-3836.741104104623	8309.352445238519	1816.4999031702923	-842.3971434299826
4330000	-1085.0337323559957	-283.5053103348118	-801.5284220211838	112.0	4.731327439112362E-4	2.0212411864991848E-4	2.0212411864991848E-4	2.2763871896031997E-4	-0.6158905920871907	3405.2585970559703	-3023.584458077063	-3023.5844580770627	7077.615579242729	1914.1362680792058	-801.5284220211838
4340000	-1080.1807774746237	-232.99713975978833	-847.1836377148353	71.0	2.662248833596672E-4	1.545776649023477E-4	1.545776649023477E-4	1.5365703668162488E-4	-0.764268909792865	9031.704270940621	-9085.817261875614	-9085.817261875614	15648.254502344658	1862.0999274873318	-847.1836377148353
4350000	-1073.0939451737486	-246.6738358728183	-826.4201093009302	860.0	2.4055181920513115E-4	1.2089898301270268E-4	1.2089898301270268E-4	2.0994326660154895E-4	-0.5379815101226935	5850.337000528554	-3369.004422456049	-3369.004422456049	6703.283373746701	1891.9622277614578	-826.4201093009302
4360000	-1072.3542282527235	-215.56833197292102	-856.7858962798025	793.0	1.344455132950096E-4	6.763439888945881E-5	6.763439888945881E-5	1.3270275091735624E-4	-0.5063543144887043	10002.560920697113	-5097.989231947859	-5097.9892319478595	10133.922830923322	2203.5269092571825	-856.7858962798025
4370000	-1096.530493165285	-235.04881250242076	-861.4816806628642	722.0	2.249828088995295E-4	1.6748352543303333E-4	1.6748352543303333E-4	2.1180084136076174E-4	-0.7672441507341483	10805.71499491915	-8544.721685458473	-8544.721685458475	11478.236328550589	1832.8791617099055	-861.4816806628642
4380000	-1146.4031180046745	-255.02194701049018	-891.3811709941843	30.0	2.200362428347969E-4	8.901692524404862E-5	8.901692524404862E-5	1.1332007880061274E-4	-0.5637311651202855	6661.767900744161	-5233.054031467362	-5233.054031467363	12935.310273621795	2027.9437190563433	-891.3811709941843
4390000	-1056.0188963561493	-229.64769544024577	-826.3712009159035	227.0	2.553079285296647E-4	1.0536447933165566E-4	1.0536447933165566E-4	1.2186231634158352E-4	-0.5973479257696589	6089.844947300943	-5265.395910285385	-5265.395910285385	12758.543783167064	1956.2102847203448	-826.3712009159035
4400000	-1025.688402806008	-221.3334908280972	-804.3549119779108	303.0	2.548271588120248E-4	1.478977281829258E-4	1.478977281829258E-4	1.9820676165161022E-4	-0.6580810936764727	6921.9013414252	-5164.977594975085	-5164.977594975085	8899.23450499095	1758.0996753664692	-804.3549119779108
4410000	-1062.5175427548747	-274.3747325740837	-788.1428101807911	494.0	3.172828315136212E-4	7.724348028041389E-5	7.724348028041389E-5	1.943284429989657E-4	-0.3110787615386311	3489.434667893351	-1387.0130064318337	-1387.0130064318337	5697.249948206952	1472.1947356129936	-788.1428101807911
4420000	-1099.4747562071482	-253.95877459986642	-845.5159816072817	480.0	2.451560758784336E-4	1.0807711911288994E-4	1.0807711911288994E-4	1.5211270522725028E-4	-0.5596669793816292	5939.42232196717	-4220.000247803147	-4220.0002478031465	9572.411898551883	2051.940511869512	-845.5159816072817
4430000	-1068.8333218460396	-195.85560667988298	-872.9777151661566	48.0	1.6740346094168288E-4	1.1827733128357415E-4	1.1827733128357415E-4	1.496089908311486E-4	-0.7473782481812808	13532.495766097096	-10698.471234437258	-10698.471234437258	15142.04870869078	2030.293861521689	-872.9777151661566
4440000	-1064.5336003749333	-221.129567709966	-843.4040326649673	590.0	1.4687401145907614E-4	9.34288057426485E-5	9.34288057426485E-5	1.4519643823176164E-4	-0.6397795258442546	11526.59914885994	-7416.9615030999985	-7416.961503099999	11659.77537804022	1766.0959357211618	-843.4040326649673
4450000	-1052.5417309496183	-224.14829728040505	-828.3934336692132	285.0	2.0160071376029403E-4	6.893515554117491E-5	6.893515554117491E-5	1.2742624533814136E-4	-0.4300958814604238	6086.126615883877	-3292.477807816723	-3292.477807816723	9628.844250584343	1969.5716000958066	-828.3934336692132
4460000	-1133.7669208357615	-255.9020174517452	-877.8649033840164	21.0	1.822511956161108E-4	6.763566837216818E-5	6.763566837216818E-5	1.54595051232868E-4	-0.40294224264649725	6550.485302287994	-2865.8514489894474	-2865.8514489894474	7722.328552480407	1939.933249348481	-877.8649033840164
4470000	-1130.361359421596	-223.42152007677626	-906.9398393448198	242.0	9.756884783651585E-5	2.3619290784845305E-5	2.3619290784845305E-5	6.399729171095444E-5	-0.2989031327901668	11254.702838395271	-4153.73982133028	-4153.73982133028	17158.669676901776	1846.0302255229954	-906.9398393448198
4480000	-1141.5786678426784	-214.1654455992923	-927.413222243386	472.0	2.480360520495587E-4	1.3995074723842837E-4	1.3995074723842837E-4	1.5421092402514183E-4	-0.7155833827540423	8262.631647594471	-7498.570419357613	-7498.570419357612	13289.788297195752	1788.24967827619	-927.413222243386
4490000	-1080.9469323682315	-208.811431282789	-872.1355010854425	608.0	1.161456124192222E-4	2.276461664339248E-5	2.276461664339248E-5	9.130414665265022E-5	-0.22106179194011152	9052.250062455918	-2256.973094725848	-2256.973094725848	11515.130098917227	1932.6622215488846	-872.1355010854425
4500000	-1105.323701766014	-233.25248480837914	-872.0712169576349	411.0	1.8167842178756755E-4	7.215883195318006E-5	7.215883195318006E-5	1.310222646194197E-4	-0.467697738037141	7045.3360796586285	-3880.128493447002	-3880.128493447002	9769.221617664458	1713.0086585053784	-872.0712169576349
4510000	-1103.6042974232096	-207.86352111320966	-895.74077631	711.0	2.5061117636686515E-4	1.103780519002152E-4	1.103780519002152E-4	1.0926036590766267E-4	-0.6670389312459605	7188.865624423159	-7262.404591129079	-7262.404591129079	16489.145500414765	1802.3961733414362	-895.74077631
4520000	-1007.6896058720515	-195.14968375923016	-812.5399221128214	953.0	3.146041973961277E-4	8.070121286197367E-5	8.070121286197367E-5	1.4223774651276743E-4	-0.38149633838925023	3720.004576552759	-2110.6133114458007	-2110.6133114458003	8227.978035431352	1863.6428700097517	-812.5399221128214
4530000	-1060.8570092247191	-210.71826735240384	-850.1387418723152	769.0	1.756074873780974E-4	8.617157620542357E-5	8.617157620542357E-5	2.0790756800868277E-4	-0.450980094488188	7148.376620906093	-2962.792007204627	-2962.7920072046268	6037.819927638365	1937.1657352436625	-850.1387418723152
4540000	-1074.2580578848613	-220.54884303424072	-853.7092148506206	93.0	2.1352377431542343E-4	8.502616455751934E-5	8.502616455751934E-5	1.2007978644950554E-4	-0.5309999946574924	6522.374412659565	-4618.366641997216	-4618.366641997216	11597.972009011248	2192.8214323694906	-853.7092148506206
4550000	-1078.3305064209158	-237.8133807639821	-840.5171256569336	954.0	3.2554523240391697E-4	1.3980873524533093E-4	1.3980873524533093E-4	1.5535439214938335E-4	-0.6216799616808004	5006.845210285938	-4505.83138805708	-4505.8313880570795	10491.847478799742	2450.4085236054248	-840.5171256569336
4560000	-1103.2560054815865	-246.95362447834756	-856.3023810032389	616.0	2.440771186327929E-4	1.0275236995276232E-4	1.0275236995276232E-4	1.1537450955298242E-4	-0.6123128585692278	6554.5399949559815	-5837.463760767805	-5837.463760767805	13866.26250573649	1766.146314942039	-856.3023810032389
4570000	-1046.331462372826	-227.45334259333663	-818.8781197794893	527.0	2.412192343720965E-4	1.0563253800864133E-4	1.0563253800864133E-4	1.7043114061037254E-4	-0.5209754662490903	5689.945408914352	-3526.6053640296973	-3526.605364029698	8053.248193034817	1844.327034915557	-818.8781197794893
4580000	-1010.854381677758	-236.64367708134571	-774.2107045964124	245.0	4.618043284829981E-4	2.59379605553176E-4	2.59379605553176E-4	3.1185343226167373E-4	-0.6834890507606578	4063.899564606308	-3380.0899942984333	-3380.0899942984342	6017.975803070907	1717.8926983932429	-774.2107045964124
4590000	-1098.6716266064118	-241.93192406228314	-856.7397025441287	685.0	2.8482246379864533E-4	1.3438440073202588E-4	1.3438440073202588E-4	1.3606726891926654E-4	-0.6826292690752154	6574.616872187113	-6493.302580621048	-6493.302580621049	13762.300007502576	1746.8006079229165	-856.7397025441287
4600000	-1158.6504218719267	-268.8307417014034	-889.8196801705234	244.0	1.9119917225386124E-4	1.0349862108195383E-4	1.0349862108195383E-4	1.299446249925671E-4	-0.6566174191064768	9194.19071608629	-7323.012099452856	-7323.012099452855	13528.236774398238	2034.1125469679896	-889.8196801705234
4610000	-1100.550646329235	-246.32951085160153	-854.2211354776334	485.0	2.1765969028750398E-4	8.7964703528634E-5	8.7964703528634E-5	1.3224039945642897E-4	-0.5184863933333979	6283.513094354441	-4179.716400851411	-4179.71640085141	10342.282083662998	1758.3007244231399	-854.2211354776334
4620000	-1102.9470577299198	-269.783771629027	-833.1632861008928	504.0	3.296920177931517E-4	2.2442635523072595E-4	2.2442635523072595E-4	2.63287385947095E-4	-0.7617362329207708	7225.912148062204	-6159.372659550381	-6159.372659550381	9048.384706775812	1948.0319881517992	-833.1632861008928
4630000	-1074.3434056903245	-252.5283172554721	-821.8150884348524	960.0	3.9187638155640733E-4	1.9299053840342087E-4	1.9299053840342087E-4	2.2223718439939546E-4	-0.6539628983907911	4458.640757909063	-3871.8789690473022	-3871.8789690473022	7862.032681845271	1983.3229062210767	-821.8150884348524
4640000	-1125.6790625665774	-264.0033796314049	-861.6756829351725	195.0	2.0286070967262188E-4	9.145446356692676E-5	9.145446356692676E-5	1.1638319190497378E-4	-0.5951970972636608	7633.858238464182	-5998.72196936085	-5998.721969360851	13306.130158893273	1649.704262901205	-861.6756829351725
4650000	-1075.9161263524406	-221.79041317324823	-854.1257131791923	901.0	2.8790804087265457E-4	1.321874305619522E-4	1.321874305619522E-4	1.4316814457641065E-4	-0.6510885612609054	6029.213035749303	-5566.784300127369	-5566.784300127369	12124.6169548562	1912.6934099941209	-854.1257131791923
4660000	-1073.9947425175526	-216.18426805666851	-857.8104744608842	684.0	2.0762143620234867E-4	1.0393298823081968E-4	1.0393298823081968E-4	1.2847583198593906E-4	-0.6363654597481025	8094.357406079604	-6548.08565952071	-6548.08565952071	13080.764559433193	1957.0328041140858	-857.8104744608842
4670000	-1063.5155504944253	-215.73775570346604	-847.7777947909592	503.0	2.6120025775646527E-4	1.3821941988680897E-4	1.3821941988680897E-4	1.725310879198272E-4	-0.6511013336021836	6645.89325129326	-5324.208644938643	-5324.208644938643	10061.427486427288	2010.8531018944275	-847.7777947909592
4680000	-1045.847116248149	-212.29396642837284	-833.5531498197761	690.0	1.9637739772954873E-4	1.425193192551716E-4	1.425193192551716E-4	2.109238812823037E-4	-0.7002693396092851	9992.165193243334	-6751.613769709911	-6751.613769709912	9303.04992684358	1675.2427621380778	-833.5531498197761
4690000	-1057.2036862430743	-240.6401361677833	-816.5635500752911	336.0	3.238509852904024E-4	1.6272733229921567E-4	1.6272733229921567E-4	2.2145711843576932E-4	-0.6076354053348635	4895.278488874776	-3597.0648177081275	-3597.064817708128	7158.680529625039	1782.0393471163081	-816.5635500752911
4700000	-1083.082207365529	-267.183191984759	-815.89901538077	791.0	2.9921950311805485E-4	1.469612504384873E-4	1.469612504384873E-4	2.377113934251553E-4	-0.5510397024775905	4799.314946792786	-2967.0993706528493	-2967.099370652849	6041.1434765264585	1671.177312716909	-815.89901538077
4710000	-1120.1853870096131	-266.1353265185489	-854.0500604910642	917.0	2.487865835838023E-4	1.236441617006045E-4	1.236441617006045E-4	1.5588215054553574E-4	-0.6278587368107467	6635.1157187955405	-5262.907382056729	-5262.907382056729	10589.588131709297	1957.0326762557968	-854.0500604910642
4720000	-1109.80760196742	-244.84739011278924	-864.9602118546306	785.0	1.8348822656656395E-4	1.084965323072458E-4	1.084965323072458E-4	1.7001319649063529E-4	-0.6142857485500576	8752.773669476861	-5585.716937336187	-5585.716937336188	9446.507396496658	1853.4497259818122	-864.9602118546306
4730000	-1151.3316805659513	-242.0964468721156	-909.2352336938357	211.0	1.1279576381860435E-4	5.869368087665789E-5	5.869368087665789E-5	1.0016784273484652E-4	-0.5521801511995919	12754.45030520292	-7473.512611751057	-7473.512611751057	14362.373442243614	2227.1185356091382	-909.2352336938357
4740000	-1135.943802001112	-244.1686786778443	-891.7751233232677	937.0	1.4516079336813982E-4	8.891626897932085E-5	8.891626897932085E-5	1.0570103402978738E-4	-0.7178223006187945	14211.821434761994	-11955.059370784064	-11955.059370784064	19517.30457144834	2060.009800682193	-891.7751233232677
4750000	-1085.4927233853687	-221.14093125658445	-864.3517921287843	184.0	1.847661345235009E-4	1.0843451675748924E-4	1.0843451675748924E-4	1.4053412912385372E-4	-0.6729231333203599	9891.264413990404	-7631.985792620878	-7631.985792620878	13004.46164014876	2129.0828294067655	-864.3517921287843
4760000	-1097.5841261539204	-270.22212131485077	-827.3620048390696	594.0	3.6244669576864424E-4	2.58281078487962E-4	2.58281078487962E-4	2.8728730433561216E-4	-0.8004096235031821	7677.943856076593	-6902.73322137773	-6902.733221377729	9686.628468904333	2162.124787882193	-827.3620048390696
4770000	-1115.7268867519579	-252.86193364904355	-862.8649531029143	295.0	3.008908458431909E-4	1.4383774877735553E-4	1.4383774877735553E-4	1.596380807452907E-4	-0.6562965794208218	5838.066875472309	-5260.238613864437	-5260.238613864437	11003.770980263416	1983.87376266581	-862.8649531029143
4780000	-1101.7358578741346	-252.43522214299935	-849.3006357311353	975.0	3.0450484982541684E-4	1.8455986819764008E-4	1.8455986819764008E-4	2.0484233300549764E-4	-0.7389759553181205	7234.886026754872	-6518.523744244752	-6518.523744244753	10754.895488433402	1960.0024207313015	-849.3006357311353
4790000	-1027.6504068814165	-209.48395858849196	-818.1664482929245	394.0	2.9303112955907177E-4	1.442823023995022E-4	1.442823023995022E-4	1.7969067735139235E-4	-0.6287723152289177	5643.9805069406075	-4531.82387780114	-4531.82387780114	9203.938721450724	1764.9322811317777	-818.1664482929245
4800000	-1127.4513256125233	-303.48095239489703	-823.9703732176264	286.0	3.471841608877174E-4	2.0585882079216024E-4	2.0585882079216024E-4	2.754515894232662E-4	-0.6656821129298846	5172.355431337349	-3865.56124813958	-3865.56124813958	6519.33025328263	1931.8098889137432	-823.9703732176264
4810000	-1113.7366037373283	-256.4611525901876	-857.2754511471406	462.0	1.8140074846402672E-4	1.0290749052235038E-4	1.0290749052235038E-4	1.5387358994903072E-4	-0.615949925885629	8882.703649182857	-5940.569410864584	-5940.569410864584	10471.771607328134	1992.389122464093	-857.2754511471406
4820000	-1107.643127891205	-257.0942227028123	-850.5489051883927	551.0	2.0620873302840614E-4	1.1279857301088673E-4	1.1279857301088673E-4	1.8144299182177835E-4	-0.5831495964027466	7348.365765878332	-4568.295330840315	-4568.295330840316	8351.367992760386	1863.200272449678	-850.5489051883927
4830000	-1100.4122796133877	-237.58563663752244	-862.8266429758653	917.0	2.184229546003732E-4	1.1982404200404915E-4	1.1982404200404915E-4	1.4984292398249476E-4	-0.6623334778876505	8156.344607132334	-6522.337877754572	-6522.337877754572	11889.336115976957	2061.767607588022	-862.8266429758653
4840000	-1076.9327402211054	-240.1157078690165	-836.817032352089	963.0	2.0158208665931024E-4	8.522086330451818E-5	8.522086330451818E-5	1.4339417423076065E-4	-0.5012497943985154	6625.398650190004	-3937.5532216333227	-3937.5532216333227	9313.918728007684	1616.678885913907	-836.817032352089
4850000	-1032.1215845951108	-206.75474870636904	-825.3668358887417	823.0	2.2885971812049174E-4	1.2282296046419458E-4	1.2282296046419458E-4	1.5763776382300416E-4	-0.6466432507984585	7509.6160320194385	-5851.0933588072485	-5851.0933588072485	10902.518321756927	1761.1303219547585	-825.3668358887417
4860000	-1123.176289541169	-250.89712246488588	-872.2791670762831	305.0	2.531655319734514E-4	1.1162138424681864E-4	1.1162138424681864E-4	1.291821837174154E-4	-0.6172254211788244	6380.897617325421	-5513.489587241517	-5513.489587241516	12505.00102469269	2037.5458092456252	-872.2791670762831
4870000	-1140.5783335083902	-292.70153609615693	-847.8767974122334	603.0	3.74792941324757E-4	1.7729975693265627E-4	1.7729975693265627E-4	2.206604458995291E-4	-0.6165242917946263	4304.160956176797	-3458.3755517137024	-3458.375551713703	7310.640283194149	2045.1058877409384	-847.8767974122334
4880000	-1140.018340177336	-264.4158230018313	-875.6025171755047	900.0	2.1331225530100723E-4	8.934867525260584E-5	8.934867525260584E-5	9.658668087080016E-5	-0.6224745400311287	7653.4994733423255	-7079.962090263597	-7079.962090263597	16902.798800877747	2255.3673839957623	-875.6025171755047
4890000	-1097.7136739798927	-257.9997708178399	-839.7139031620529	815.0	3.0345316404836297E-4	1.981954501521299E-4	1.981954501521299E-4	2.3543770468269408E-4	-0.7414977504480764	7320.168621914697	-6162.242012872134	-6162.242012872134	9434.887808990941	1993.0664194559429	-839.7139031620529
4900000	-1097.81528821291	-274.6466606840482	-823.1686275288619	835.0	2.568846088163263E-4	1.5312329801680057E-4	1.5312329801680057E-4	2.1666033227486165E-4	-0.6490565393743489	6726.501063971841	-4753.911416152627	-4753.911416152627	7975.315907523397	1845.643863184514	-823.1686275288619
4910000	-1111.9154883632552	-228.7994823984322	-883.116005964823	685.0	1.8560488637724953E-4	8.968479868816442E-5	8.968479868816442E-5	1.0864841406902323E-4	-0.6315568343056697	8962.679827822702	-7398.323693469607	-7398.323693469607	15311.01199527757	1742.7154811273188	-883.116005964823
4920000	-1057.8280809953267	-238.42868240922863	-819.399398586098	23.0	3.0287580488379983E-4	1.5854220280302086E-4	1.5854220280302086E-4	1.7151379494441358E-4	-0.6956055993456408	6396.964157659247	-5913.161615577099	-5913.161615577098	11296.383877995286	1974.3754572246305	-819.399398586098
4930000	-1124.502404657795	-296.13494437996775	-828.3674602778273	987.0	3.3237137741334036E-4	1.8487537700649225E-4	1.8487537700649225E-4	2.248137284256512E-4	-0.6763256367495589	5545.103974545745	-4560.011503805358	-4560.011503805357	8198.048485857802	1933.107260020329	-828.3674602778273
4940000	-1137.4107194018143	-252.9283872300521	-884.4823321717622	95.0	2.1087651075925353E-4	1.1949052632812011E-4	1.1949052632812011E-4	1.156046078834223E-4	-0.765300149426457	11445.648961712457	-11830.381536184801	-11830.381536184801	20878.2206921642	2362.3432805955285	-884.4823321717622
4950000	-1123.1475302751294	-246.68045000581455	-876.4670802693149	62.0	2.210173893107765E-4	9.230717483792616E-5	9.230717483792616E-5	1.0667736480097138E-4	-0.6011544929166683	7084.930801131237	-6130.540882733487	-6130.540882733488	14678.773815185914	1918.096371933983	-876.4670802693149
4960000	-1116.4869765011606	-258.8720516998165	-857.614924801344	842.0	2.1324183284580887E-4	7.827526675693454E-5	7.827526675693454E-5	1.369678098736629E-4	-0.45801436289993935	5934.416362112224	-3391.439377029654	-3391.4393770296538	9239.147673414762	1666.3105589815611	-857.614924801344
4970000	-1103.9771772925305	-240.3267725445085	-863.6504047480221	81.0	2.5509487070527365E-4	1.3270578875825708E-4	1.3270578875825708E-4	1.4158496782592318E-4	-0.6982813314339529	7650.440743329446	-7170.660761388783	-7170.660761388784	13783.865774913578	2082.7337882388997	-863.6504047480221
4980000	-1069.8593429138157	-222.26353984452652	-847.5958030692892	487.0	2.438452093063539E-4	1.5222036660676662E-4	1.5222036660676662E-4	1.6946040285311872E-4	-0.7488270644324407	9336.112261852488	-8386.303863640085	-8386.303863640085	13434.207698492672	1750.6283854638157	-847.5958030692892
4990000	-1151.79960173312	-232.4792197232786	-919.3203820098413	378.0	1.2974303721897598E-4	7.806296325292618E-5	7.806296325292618E-5	1.1223265393337864E-4	-0.6469092878673998	13254.396770462938	-9219.041444449285	-9219.041444449285	15322.329404471202	2115.6442687824106	-919.3203820098413
5000000	-1083.6675745402335	-239.22862807349634	-844.4389464667371	918.0	2.521272952990733E-4	1.3627719218079254E-4	1.3627719218079254E-4	1.6017608774165492E-4	-0.6781322575154466	7343.050170652189	-6247.438512252621	-6247.438512252621	11558.425510791581	1652.658512087611	-844.4389464667371
5010000	-1057.5735685099964	-239.46104648021387	-818.1125220297827	27.0	3.0560939685230057E-4	1.5750896349317288E-4	1.5750896349317288E-4	2.1494961658055954E-4	-0.6145448510785988	5257.863787772585	-3852.8129920621045	-3852.8129920621045	7475.484750681147	1948.2309919570691	-818.1125220297827
5020000	-1114.6713666752487	-230.14580550055302	-884.5255611746957	225.0	2.234343856457619E-4	1.572467555673415E-4	1.572467555673415E-4	1.9409256803489114E-4	-0.7550961142404226	10412.46151682395	-8435.798483000293	-8435.798483000293	11986.558607712754	2102.397821223248	-884.5255611746957
5030000	-1117.5766042065925	-260.28820217912096	-857.2884020274715	648.0	2.668560792994929E-4	1.1122210460151121E-4	1.1122210460151121E-4	1.4050388900212722E-4	-0.5743920041328302	5592.425987057417	-4426.933606793564	-4426.933606793564	10621.576977532233	1565.241520225451	-857.2884020274715
5040000	-1092.4998810292998	-221.8837812504514	-870.6160997788484	369.0	2.320901363727044E-4	1.3419536436207148E-4	1.3419536436207148E-4	1.6995294631684828E-4	-0.6756858482165261	7928.386519117286	-6260.278158124553	-6260.278158124552	10827.116259619817	1876.426414977053	-870.6160997788484
5050000	-1065.412691743298	-196.5825726918617	-868.8301190514363	21.0	1.771184403675388E-4	9.19806060409802E-5	9.19806060409802E-5	1.2022619938459131E-4	-0.6303254142354835	9367.901749049175	-7167.034179077077	-7167.034179077077	13800.886627050626	1992.3289200650977	-868.8301190514363
5060000	-1112.7824537080778	-280.34012701594656	-832.4423266921312	822.0	2.9654366482166075E-4	1.3275962924807214E-4	1.3275962924807214E-4	2.021294459941173E-4	-0.5422591798043711	4776.770126562392	-3137.4064668645365	-3137.4064668645365	7007.988926970421	1973.2284368691355	-832.4423266921312
5070000	-1087.600505283685	-261.4745052066695	-826.1260000770153	863.0	2.4845586923674966E-4	1.1302088378840987E-4	1.1302088378840987E-4	1.975686652744802E-4	-0.5101231536020241	5440.658410965059	-3112.3762522960365	-3112.376252296037	6841.9934549771115	1743.0902123345052	-826.1260000770153
5080000	-1066.9660096208954	-227.06145174043297	-839.9045578804623	589.0	2.588799130457066E-4	1.2972001267651378E-4	1.2972001267651378E-4	1.7784848703159012E-4	-0.6045506854681092	6087.757977614009	-4440.319145854567	-4440.319145854567	8861.465633992639	2025.2771075327873	-839.9045578804623
5090000	-1074.2268108813855	-228.62052843997606	-845.6062824414093	841.0	2.370675279455116E-4	1.487489667170192E-4	1.487489667170192E-4	1.7642254639734932E-4	-0.7273457055230047	8956.458581051353	-7551.551582157559	-7551.551582157559	12035.227573317183	1881.942429377569	-845.6062824414093
5100000	-1082.3754637354277	-233.95965650691483	-848.415807228513	701.0	2.3044455605918723E-4	1.439076168957761E-4	1.439076168957761E-4	1.7458960154795772E-4	-0.7174495507038746	8942.388959789938	-7370.87359813338	-7370.873598133379	11803.250798881698	2043.9779258771948	-848.415807228513
5110000	-1111.181997171452	-270.10090193850084	-841.0810952329512	106.0	2.38550739478556E-4	1.2830598377918068E-4	1.2830598377918068E-4	2.0177312159738817E-4	-0.5848235744852033	6370.970946447028	-4051.251665440085	-4051.251665440085	7532.221429888445	2660.7860947910513	-841.0810952329512
5120000	-1167.628991764674	-308.81060346691106	-858.818388297763	735.0	3.0898039490459247E-4	1.325779415856563E-4	1.325779415856563E-4	1.4167596697942485E-4	-0.6336620778941817	5407.854153586403	-5060.577226778689	-5060.577226778689	11793.961584213008	2098.4120676657853	-858.818388297763
5130000	-1145.58129381756	-309.24010511249406	-836.341188705066	289.0	2.93314205234002E-4	1.5275964547775743E-4	1.5275964547775743E-4	1.8990261783484105E-4	-0.6472567940721501	5867.416778506378	-4719.811223110147	-4719.811223110146	9062.52219577617	2080.985403777364	-836.341188705066
5140000	-1097.2716082863565	-213.9601371929634	-883.3114710933932	903.0	2.304046221594154E-4	1.6267485759111116E-4	1.6267485759111116E-4	1.6757957038001416E-4	-0.8278741177708772	13794.829913829934	-13391.083332157274	-13391.083332157277	18966.468089408874	1918.0807631603748	-883.3114710933932
5150000	-1137.419670139583	-281.92861566143347	-855.4910544781495	627.0	2.0874823542611198E-4	1.1039235661063522E-4	1.1039235661063522E-4	1.695919115525322E-4	-0.5867120803492073	7305.103065499892	-4755.106156311661	-4755.106156311662	8991.745895007662	1943.0022770039561	-855.4910544781495
5160000	-1100.3854250749514	-255.82658788830307	-844.5588371866482	668.0	2.561148870990504E-4	1.0173625807018336E-4	1.0173625807018336E-4	1.4186543001878607E-4	-0.5337280883447323	5459.810272083869	-3915.4053724110763	-3915.4053724110763	9856.796622206166	1713.7410857523025	-844.5588371866482
5170000	-1135.9409390000233	-273.20197556611527	-862.738963433908	393.0	2.527428747649838E-4	1.1523426866246077E-4	1.1523426866246077E-4	1.5271862958134364E-4	-0.586538035539199	6031.634643705325	-4551.186773427241	-4551.18677342724	9982.10030800579	2229.1730837400232	-862.738963433908
5180000	-1161.6986765771444	-300.3657971259637	-861.3328794511806	858.0	3.323301579327318E-4	1.4043742760965177E-4	1.4043742760965177E-4	1.4199643309387538E-4	-0.6464862186724024	5169.705423822867	-5112.946257892043	-5112.946257892044	12099.24068183412	2040.6142868663005	-861.3328794511806
5190000	-1061.2234058242202	-230.34046556849657	-830.8829402557237	646.0	3.0863794327079736E-4	1.9418941661962838E-4	1.9418941661962838E-4	2.2348904447788725E-4	-0.7393886498937535	7147.607993243673	-6210.549737130915	-6210.549737130914	9870.832977492595	1928.7237914885213	-830.8829402557237
5200000	-1043.08730015343	-233.2891679782936	-809.7981321751365	682.0	3.1917558137268924E-4	1.4496421768813328E-4	1.4496421768813328E-4	1.7588569558520622E-4	-0.611829941917867	5007.593767107209	-4127.236785989811	-4127.236785989811	9087.161105266892	1589.5017824834606	-809.7981321751365
5210000	-1074.3214080602158	-238.09233100033995	-836.2290770598759	626.0	3.053271970782091E-4	1.8228801248305247E-4	1.8228801248305247E-4	2.024348696912444E-4	-0.7332172994524093	7083.107441611413	-6378.17773046986	-6378.177730469859	10683.264918981275	1813.629931988735	-836.2290770598759
5220000	-1108.6023452209756	-259.8511810168351	-848.7511642041404	500.0	1.7218461576200256E-4	1.0543827464609457E-4	1.0543827464609457E-4	1.7770577906502398E-4	-0.6027682134504507	9122.018315251524	-5412.372504206861	-5412.372504206861	8838.605175641544	1944.699445632133	-848.7511642041404
5230000	-1132.8927225609273	-237.19358097903677	-895.6991415818906	764.0	1.8527764677177695E-4	6.74517971273771E-5	6.74517971273771E-5	7.313222401220424E-5	-0.5794655499622018	8125.783317413394	-7494.626277682015	-7494.626277682015	20586.356172847634	1899.7913178023446	-895.6991415818906
5240000	-1160.3182865488423	-285.8436560419894	-874.4746305068528	295.0	2.6806018733885827E-4	1.0160201972052234E-4	1.0160201972052234E-4	1.2915830636738652E-4	-0.5460406966967521	5315.325202080485	-4181.285673308713	-4181.285673308713	11031.633268585729	1900.9474541021661	-874.4746305068528
5250000	-1146.3467403312704	-244.5946215630307	-901.7521187682398	550.0	1.8965354122553273E-4	5.7137612541225674E-5	5.7137612541225674E-5	8.50300035304824E-5	-0.4499409417706733	6611.186514650473	-4442.51908535387	-4442.519085353869	14745.79421552608	1899.7800495512085	-901.7521187682398
5260000	-1094.6293492018726	-226.23772243928565	-868.391626762587	349.0	1.520255969971533E-4	4.2280214378028616E-5	4.2280214378028616E-5	1.091498311647736E-4	-0.3282216979142866	7372.023984019203	-2855.6228728725127	-2855.6228728725127	10267.87064430707	2078.475066753208	-868.391626762587
5270000	-1126.0135490419027	-210.93079403306265	-915.08275500884	340.0	1.3151115162989514E-4	5.427187577558927E-5	5.427187577558927E-5	7.832717609541243E-5	-0.5347333946358043	10648.847164566509	-7378.446910489842	-7378.446910489841	17879.390320888997	2170.7723194472364	-915.08275500884
5280000	-1136.2414017507533	-225.3768890113888	-910.8645127393645	392.0	2.1878479548953565E-4	9.058332605137161E-5	9.058332605137161E-5	8.128252704437665E-5	-0.6792679064898133	8486.340550068386	-9457.394854494785	-9457.394854494783	22842.32970128499	2039.9830868822487	-910.8645127393645
5290000	-1092.9970924382278	-249.69760096029194	-843.2994914779359	783.0	2.294613597721907E-4	1.2577441329611545E-4	1.2577441329611545E-4	1.610944805505595E-4	-0.6541798882934691	7618.289183672736	-5947.974437869422	-5947.974437869422	10851.414581362249	1888.8350855495737	-843.2994914779359
5300000	-1152.504765427244	-288.98633493340554	-863.5184304938384	26.0	2.477736269112627E-4	1.1505955072866608E-4	1.1505955072866608E-4	1.710422355051243E-4	-0.5589120240421009	5869.459307146865	-3948.3660214454653	-3948.3660214454653	8502.562049922904	2011.4578097863355	-863.5184304938384
5310000	-1024.7722973344955	-200.73333073718396	-824.0389665973116	820.0	2.474886895298882E-4	1.4025397369203817E-4	1.4025397369203817E-4	1.5475808860854342E-4	-0.7166561266307793	8307.063105187559	-7528.5151211718785	-7528.5151211718785	13284.631389738268	2047.312587503407	-824.0389665973116
5320000	-1071.2290500508202	-236.44053681858009	-834.7885132322402	80.0	2.3647660150385386E-4	1.4167532310636563E-4	1.4167532310636563E-4	1.8752698982271374E-4	-0.6727725028004345	7725.47431750645	-5836.541561923403	-5836.541561923402	9742.031871446123	1750.5642027507035	-834.7885132322402
5330000	-1119.5141865862033	-234.70993630035323	-884.8042502858501	783.0	1.8278632369053102E-4	1.3058644514513064E-4	1.3058644514513064E-4	1.80121809111427E-4	-0.7196860760422744	11349.127004516706	-8227.999476196803	-8227.999476196801	11517.012917459824	1887.3283380230682	-884.8042502858501
5340000	-1084.4538225347756	-231.64799347459095	-852.8058290601847	156.0	2.4369263323538483E-4	1.8698962564893843E-4	1.8698962564893843E-4	2.6289894067489135E-4	-0.7387574842534659	9033.888572985617	-6425.447885336944	-6425.447885336944	8373.910100415158	2045.1523629049216	-852.8058290601847
5350000	-1045.8563720302254	-228.50125481970227	-817.3551172105231	306.0	3.8078069866690417E-4	1.781999964616424E-4	1.781999964616424E-4	1.954908256386965E-4	-0.6531411363106171	4579.966946453053	-4174.876703220697	-4174.876703220697	8920.94556378257	1843.51860205778	-817.3551172105231
5360000	-1020.5896961160026	-203.88055874317158	-816.709137372831	617.0	2.6720848006038566E-4	1.2743292724575427E-4	1.2743292724575427E-4	1.6861988377091258E-4	-0.6003467282891235	5851.299179917243	-4422.065571463537	-4422.065571463538	9272.434100170925	1579.361269354528	-816.709137372831
5370000	-1066.2928917057002	-234.03262411907713	-832.2602675866231	944.0	3.7595943326247596E-4	1.9793557443339738E-4	1.9793557443339738E-4	1.655877511383415E-4	-0.7933032959988526	7175.82296469948	-8577.631079508496	-8577.631079508496	16292.37861166654	1881.503450410552	-832.2602675866231
5380000	-1116.829522727132	-249.31697241217228	-867.5125503149598	53.0	1.9026421569039783E-4	7.119826872521917E-5	7.119826872521917E-5	1.1217316295204532E-4	-0.48735608488774085	6893.061026306822	-4375.146410912358	-4375.146410912358	11691.770253790484	1870.7008695035513	-867.5125503149598
5390000	-1075.5012949869042	-267.11239933857837	-808.3888956483258	950.0	4.573855730443256E-4	2.5754272199653773E-4	2.5754272199653773E-4	2.8795530705636905E-4	-0.7096521241137438	4404.444427940073	-3939.2661953339752	-3939.2661953339757	6995.979199719699	1544.579821074708	-808.3888956483258
5400000	-1088.2006240430048	-233.32048094226246	-854.8801431007424	441.0	1.9260778340418445E-4	7.986965517864082E-5	7.986965517864082E-5	1.3487018002700336E-4	-0.4955493652911607	6881.874383508012	-4075.4222607507177	-4075.4222607507177	9827.98844346562	1959.7122149615332	-854.8801431007424
5410000	-1134.9904203828955	-310.13491929112627	-824.8555010917694	810.0	3.8096664246694173E-4	2.47524551169363E-4	2.47524551169363E-4	3.441227535303954E-4	-0.6836252761859648	4927.944787714736	-3544.628506114611	-3544.628506114611	5455.560728774434	1922.4753875985461	-824.8555010917694
5420000	-1033.452537725308	-215.17564667571432	-818.2768910495937	585.0	2.1831972408957318E-4	8.633606752484838E-5	8.633606752484838E-5	1.5972893046001347E-4	-0.46233203270117895	5825.683273685343	-3148.8759302823364	-3148.8759302823364	7962.624937644739	1789.3477786316878	-818.2768910495937
5430000	-1056.4606321650256	-249.04005568165246	-807.4205764833731	14.0	3.485973808472288E-4	2.056276717849629E-4	2.056276717849629E-4	2.450815718292337E-4	-0.7035001103120315	5679.487893016402	-4765.1884376911885	-4765.188437691189	8078.349544120654	1814.89164019529	-807.4205764833731
5440000	-1075.1018289271583	-241.3692177504779	-833.7326111766804	992.0	2.497927364981219E-4	1.6228842760478485E-4	1.6228842760478485E-4	2.4306855547718786E-4	-0.6586174900752892	7070.216072361802	-4720.537574089299	-4720.537574089298	7265.804566456998	1683.3565196664842	-833.7326111766804
5450000	-1138.331766900083	-279.2291715375601	-859.1025953625231	38.0	3.618384156569482E-4	1.8772599843306322E-4	1.8772599843306322E-4	1.8245794191192968E-4	-0.730610148323866	5927.954336736294	-6099.110484686814	-6099.110484686815	11755.923490174762	1793.671805935275	-859.1025953625231
5460000	-1062.4130811542027	-230.46483141232457	-831.948249741878	584.0	2.7300909812303634E-4	1.5042804638887376E-4	1.5042804638887376E-4	1.9597428805992977E-4	-0.6503403606357543	6347.5167198936515	-4872.294978320414	-4872.294978320414	8842.638655174615	1820.179620058919	-831.948249741878
5470000	-1135.9396647286342	-241.1472061236408	-894.7924586049933	132.0	1.5576302367417734E-4	8.229881797274134E-5	8.229881797274134E-5	1.298207353139214E-4	-0.5787478367871796	9653.409252224405	-6119.7016712629775	-6119.7016712629775	11582.465699757198	1962.3651502632142	-894.7924586049933
5480000	-1147.345300226295	-283.41919326425847	-863.9261069620364	95.0	2.0229847465750387E-4	1.0019690505354983E-4	1.0019690505354983E-4	1.40358766484274E-4	-0.594618245942039	7646.918564923063	-5458.8508619279555	-5458.8508619279555	11021.4701957174	2423.6521684914433	-863.9261069620364
5490000	-1095.8172051764973	-239.24292404608116	-856.5742811304161	795.0	2.451101273034757E-4	1.4282018616177314E-4	1.4282018616177314E-4	1.778790040323294E-4	-0.6839850707089492	7666.4252815275395	-6155.421725343628	-6155.421725343627	10564.026299451682	2110.804310325645	-856.5742811304161
5500000	-1081.0769272269436	-253.21285901969262	-827.8640682072509	865.0	3.623347842398986E-4	2.0980435640859265E-4	2.0980435640859265E-4	2.0318439161336424E-4	-0.7732400069177962	6863.664004578596	-7087.2895188998355	-7087.289518899836	12239.838879585317	1740.6606072692268	-827.8640682072509
5510000	-1120.5410791847148	-250.10001572090619	-870.4410634638086	807.0	1.628028200584658E-4	6.38240532109417E-5	6.38240532109417E-5	1.5162257512399521E-4	-0.4062295251574545	7356.364939485025	-3096.5905106995833	-3096.590510699584	7898.803700886715	1769.0950704739764	-870.4410634638086
5520000	-1129.0031382803231	-244.45867325895443	-884.5444650213688	414.0	1.9808227951105707E-4	8.781764362584343E-5	8.781764362584343E-5	1.1277920047114436E-4	-0.5875495004913945	7710.015750261499	-6003.5486390891765	-6003.548639089177	13541.659175609282	2235.6978527783203	-884.5444650213688
5530000	-1107.8961328566584	-252.0845402026821	-855.8115926539764	106.0	2.373335060321548E-4	1.5731921423009726E-4	1.5731921423009726E-4	2.0528040630781003E-4	-0.7127356658419762	8563.846904761971	-6563.011492796069	-6563.0114927960685	9901.031703835088	2616.4610713390744	-855.8115926539764
5540000	-1091.1572825009616	-274.0669530846611	-817.0903294163004	896.0	4.8813899775352845E-4	3.134064454897887E-4	3.134064454897887E-4	3.157337047598074E-4	-0.7983175899925742	5648.356247252026	-5606.722461442603	-5606.722461442603	8732.621560267049	1826.5167527944864	-817.0903294163004
5550000	-1128.3419504285362	-271.11309516767454	-857.2288552608616	331.0	3.964325601381097E-4	1.979994716184067E-4	1.979994716184067E-4	1.4361203739407345E-4	-0.8298201016139465	8100.541076891201	-11168.303731020296	-11168.303731020298	22361.065937697105	1981.0163962194758	-857.2288552608616
5560000	-1041.1382081397005	-232.63878801322122	-808.4994201264792	977.0	4.3192792400278837E-4	2.3001804991427784E-4	2.3001804991427784E-4	2.3354532963173932E-4	-0.7242202813507841	4868.931276147212	-4795.394877182829	-4795.394877182828	9004.793123179228	1670.0411212406573	-808.4994201264792
5570000	-1031.505803031795	-222.04601429386403	-809.4597887379309	320.0	5.105429244517042E-4	3.0498929399485817E-4	3.0498929399485817E-4	2.8597235899852655E-4	-0.7981902799336991	5397.467208285728	-5756.3944955391435	-5756.394495539144	9636.031617882934	1786.7245003200858	-809.4597887379309
5580000	-1048.1825280108908	-249.60316785826504	-798.5793601526258	217.0	4.823121116482965E-4	2.5876368862507554E-4	2.5876368862507554E-4	2.781249466611242E-4	-0.7065115675140946	4139.726094551205	-3851.545166959596	-3851.5451669595955	7178.931837212408	1789.6730489510242	-798.5793601526258
5590000	-1176.6848475439651	-315.12354921093277	-861.5612983330323	344.0	2.568624881884579E-4	1.4429697589802746E-4	1.4429697589802746E-4	1.8458479165794212E-4	-0.662687729304956	6941.550427091853	-5426.474877351671	-5426.474877351671	9659.646922009826	1986.278563146295	-861.5612983330323
5600000	-1172.352700537574	-296.8003203284949	-875.552380209079	337.0	2.779152624558609E-4	1.775800193351281E-4	1.775800193351281E-4	1.9418271929865042E-4	-0.7644210023438527	8656.62917249394	-7916.483924937968	-7916.4839249379675	12389.410227367414	2144.4788154731104	-875.552380209079
5610000	-1134.9752119377852	-252.8004021449993	-882.1748097927858	837.0	2.2402399134495524E-4	1.1766775780807256E-4	1.1766775780807256E-4	1.4788786920317637E-4	-0.6464633922851165	7668.65146755486	-6101.602710625737	-6101.602710625738	11616.651989452625	1982.3828258460046	-882.1748097927858
5620000	-1121.4629872386859	-273.0241783847514	-848.4388088539346	532.0	2.5770420467162886E-4	1.688136050980988E-4	1.688136050980988E-4	1.9881210099292196E-4	-0.7458049901337166	8744.1126576471	-7424.725023019987	-7424.725023019987	11334.292966796287	2002.6604898864434	-848.4388088539346
5630000	-1120.9035141797444	-269.4593049780245	-851.4442092017199	29.0	2.8862160566150443E-4	1.6057857496095285E-4	1.6057857496095285E-4	1.8520619446812475E-4	-0.6945370629905087	6693.6279006728255	-5803.549026508973	-5803.549026508973	10431.214992246567	1991.136352828989	-851.4442092017199
5640000	-1171.2951688837356	-256.9638095720336	-914.331359311702	252.0	1.9985360215409294E-4	1.2908904986879614E-4	1.2908904986879614E-4	1.1530887076969095E-4	-0.850358494869313	18070.912105817897	-20230.506624783688	-20230.506624783684	31320.546758029723	2344.905822994287	-914.331359311702
5650000	-1075.554452373443	-285.86381807922805	-789.6906342942149	755.0	5.321358408059217E-4	3.127440959183589E-4	3.127440959183589E-4	3.184463409938061E-4	-0.7597307988831836	4444.604786660347	-4365.0176710478745	-4365.017671047874	7427.1021542229955	1546.1642463340452	-789.6906342942149
5660000	-1193.6215413951036	-265.9213970017148	-927.7001443933887	999.0	1.015125615627377E-4	2.2941039972983737E-5	2.2941039972983737E-5	5.92610517088538E-5	-0.2957798135668665	10795.444604474184	-4179.11459644873	-4179.11459644873	18492.301493277126	1886.734373263591	-927.7001443933887
5670000	-1088.236503852974	-251.75789126192603	-836.478612591048	376.0	2.2448712429632803E-4	1.4902618837345504E-4	1.4902618837345504E-4	2.216702575182529E-4	-0.6680564516452652	8045.139647319551	-5408.64845827804	-5408.64845827804	8147.37296833982	1940.7893966983993	-836.478612591048
5680000	-1078.3765914603189	-206.38160469959968	-871.9949867607193	781.0	1.3975625971378728E-4	7.071135665220973E-5	7.071135665220973E-5	1.2222241909705077E-4	-0.5410384090957683	10116.7012499606	-5852.982419385624	-5852.982419385625	11568.027680859468	1933.4941596316762	-871.9949867607193
5690000	-1144.1517770895261	-290.3308565543121	-853.820920535214	347.0	2.3662074482094092E-4	1.3578270609679291E-4	1.3578270609679291E-4	2.0035292642948518E-4	-0.6236202457626797	6915.705174577249	-4686.895169969919	-4686.895169969917	8167.58376597229	2009.260107278574	-853.820920535214
5700000	-1178.2063405517906	-243.03290188090523	-935.1734386708854	353.0	1.4025815830548706E-4	1.1300987118764179E-4	1.1300987118764179E-4	1.4729606094191001E-4	-0.7862429195342535	18672.859890351603	-14326.367435893184	-14326.367435893184	17780.658367707423	2274.9992420457606	-935.1734386708854
5710000	-1142.4443469533978	-251.0597422698109	-891.384604683587	200.0	1.5551267068381825E-4	5.220136500137228E-5	5.220136500137228E-5	1.0098274225942354E-4	-0.41655791365023365	7780.4037059244665	-4021.9515198706304	-4021.951519870631	11981.763737394249	2025.3481117883446	-891.384604683587
5720000	-1144.537156689805	-297.3428144246303	-847.1943422651747	728.0	2.2220756173599968E-4	1.1307379349863199E-4	1.1307379349863199E-4	1.9661251243214325E-4	-0.5409747178760886	6362.225329990586	-3658.9784864450453	-3658.9784864450453	7190.460873033934	1614.1712547392092	-847.1943422651747
5730000	-1074.5128913058861	-220.76258539323953	-853.7503059126467	743.0	1.7622188242149642E-4	7.118207294256485E-5	7.118207294256485E-5	1.3652831487617745E-4	-0.45891193037439804	7188.5803228244495	-3747.9262038563515	-3747.926203856352	9278.552639979092	1718.3272761405974	-853.7503059126467
5740000	-1101.81753132082	-251.86954341870333	-849.9479879021168	729.0	2.3922445561809353E-4	1.0208463301040286E-4	1.0208463301040286E-4	1.5501647009031553E-4	-0.5301132540649964	5814.035147307181	-3828.7779613136536	-3828.7779613136536	8972.333018863621	1891.423552771945	-849.9479879021168
5750000	-1096.3207970401306	-214.99485983006818	-881.3259372100624	725.0	2.377030393470013E-4	1.3903483278282776E-4	1.3903483278282776E-4	1.4125506066541127E-4	-0.7587596778946664	9915.368639542714	-9759.520220265533	-9759.520220265533	16685.51378451516	1723.6307511992195	-881.3259372100624
5760000	-1049.5999051867602	-186.21161774820405	-863.3882874385563	508.0	1.2308815520788085E-4	6.16585447139254E-5	6.16585447139254E-5	9.791744947734547E-5	-0.5616362002860404	11867.77179653412	-7473.127025643799	-7473.127025643798	14918.506810182736	2040.9294037417178	-863.3882874385563
5770000	-1032.3868221333487	-199.31268799084336	-833.0741341425053	15.0	2.8046564296042707E-4	1.3097929394991525E-4	1.3097929394991525E-4	1.70428081161936E-4	-0.5990902256009494	5561.6124014134	-4274.272529466909	-4274.272529466909	9152.489351663688	1850.9864867045208	-833.0741341425053
5780000	-1040.213088220584	-205.50345752030586	-834.7096307002781	527.0	2.7743741045182726E-4	1.3571027436594645E-4	1.3571027436594645E-4	1.263423135913284E-4	-0.7248627872708339	7595.057948356006	-8158.212151557437	-8158.212151557438	16678.12745806868	1906.4740874679314	-834.7096307002781
5790000	-1119.9945038103665	-237.5841156839385	-882.410388126428	274.0	2.6659712112821616E-4	1.5674566048606066E-4	1.5674566048606066E-4	1.7653170826227013E-4	-0.7225309193211475	7848.070997084618	-6968.442576627145	-6968.442576627145	11852.109486892597	1933.8549351371062	-882.410388126428
5800000	-1176.5893640268473	-268.49919296148306	-908.0901710653642	842.0	2.0983001241020935E-4	1.3439336331351633E-4	1.3439336331351633E-4	1.6729740512377834E-4	-0.7172976649980924	9816.516901793446	-7885.805051667769	-7885.805051667768	12312.204494770045	2030.422216812717	-908.0901710653642
5810000	-1083.9856692931976	-265.75528971264384	-818.2303795805536	572.0	3.6574366508215566E-4	2.130063185952392E-4	2.130063185952392E-4	2.160808218583523E-4	-0.7576976995476241	6419.799515532272	-6328.455478660854	-6328.455478660856	10866.309113923164	2002.6191051357143	-818.2303795805536
5820000	-1157.817467280329	-282.680059251916	-875.137408028413	759.0	2.2981666378938713E-4	1.4958895361290048E-4	1.4958895361290048E-4	1.879401482026067E-4	-0.7197786887336789	9029.106181518606	-7186.620627206712	-7186.620627206713	11040.956812483551	2108.8536130430616	-875.137408028413
5830000	-1111.881277608099	-251.55908787614848	-860.3221897319506	777.0	2.6904516712111516E-4	9.665829675486097E-5	9.665829675486097E-5	1.0401964192614595E-4	-0.577788459552547	5579.508323477849	-5184.6532182820465	-5184.6532182820465	14431.31048662484	1804.4452024065233	-860.3221897319506
5840000	-1091.5710133670193	-242.88434199463435	-848.686671372385	653.0	1.948177184637216E-4	1.2768477132778087E-4	1.2768477132778087E-4	1.5972272617669316E-4	-0.723838234208066	10782.301884255954	-8619.535763215745	-8619.535763215745	13151.43751399574	1994.9421379463183	-848.686671372385
5850000	-1097.5697245330223	-268.04292532904657	-829.5267992039757	133.0	2.835931414129784E-4	1.9442712547844843E-4	1.9442712547844843E-4	2.374255752708206E-4	-0.7492819042800771	8040.050795111017	-6583.974632939493	-6583.974632939493	9603.444193005062	1981.217555740149	-829.5267992039757
5860000	-1063.4974248200137	-227.5993355377515	-835.8980892822622	531.0	1.6592539577438381E-4	1.0600754580322411E-4	1.0600754580322411E-4	1.6738206418042705E-4	-0.6361007233346712	10122.68934057696	-6410.97036995737	-6410.970369957369	10034.59506465314	1773.2315635665966	-835.8980892822622
5870000	-1130.8396624900615	-283.9594193562834	-846.8802431337781	734.0	3.005574552466682E-4	1.89288292120282E-4	1.89288292120282E-4	2.3585799655530626E-4	-0.7109428611678179	6727.493539383791	-5399.16297483508	-5399.162974835079	8572.947993779197	2019.1787417038852	-846.8802431337781
5880000	-1090.3016725948085	-269.65351210201925	-820.6481604927892	602.0	2.8807250424247194E-4	1.3075875392168062E-4	1.3075875392168062E-4	2.0443092244323212E-4	-0.5388235577532741	4891.502176576764	-3128.7181105978575	-3128.7181105978575	6892.828465836728	1719.976371832496	-820.6481604927892
5890000	-1089.2560933228626	-241.68251145869408	-847.5735818641685	215.0	1.54161499497853E-4	7.277964859121969E-5	7.277964859121969E-5	1.4535625932879089E-4	-0.4861889927844811	8494.672301991885	-4253.268953751077	-4253.268953751076	9009.2537181752	1828.4446419271521	-847.5735818641685
5900000	-1072.8089222481622	-256.5212966214161	-816.2876256267459	652.0	3.169862682386525E-4	1.6179254571781814E-4	1.6179254571781814E-4	2.1216653922071218E-4	-0.6238782391234923	5165.086846111046	-3938.7575098097377	-3938.7575098097377	7716.8700139567445	1927.9100986586382	-816.2876256267459
5910000	-1124.0744864317653	-269.5055845593684	-854.568901872397	797.0	3.305553326653683E-4	1.3384154344013723E-4	1.3384154344013723E-4	1.428006911529354E-4	-0.616032603225313	4875.412477800976	-4569.534822750563	-4569.534822750563	11285.614799682022	1854.8333974970346	-854.568901872397
5920000	-1098.6770563598548	-276.0606133045332	-822.6164430553216	513.0	2.331661714409298E-4	1.1243305726970414E-4	1.1243305726970414E-4	1.9797700031880163E-4	-0.5233037891844197	5906.17398199435	-3354.173446880654	-3354.1734468806544	6955.959394414919	1611.6524430182621	-822.6164430553216
5930000	-1070.5504185349885	-259.86680255223575	-810.6836159827527	807.0	2.7413541036667456E-4	1.3944971227680707E-4	1.3944971227680707E-4	2.2667712722561665E-4	-0.5594112600901519	5309.343244336427	-3266.259798081002	-3266.2597980810015	6420.934511028226	1566.7678224096865	-810.6836159827527
5940000	-1144.2405606917603	-274.7642750623976	-869.4762856293627	879.0	2.111394114192395E-4	8.358792668137359E-5	8.358792668137359E-5	1.3863095256729486E-4	-0.48857224990131676	6221.233267571977	-3751.1102723260756	-3751.1102723260756	9475.138892804702	1703.8312574285767	-869.4762856293627
5950000	-1076.5186904685568	-225.07314218295446	-851.4455482856024	730.0	2.199749337732039E-4	7.702366854941106E-5	7.702366854941106E-5	1.2041417563766395E-4	-0.47325890387540515	5858.015638273855	-3747.1157568473272	-3747.115756847327	10701.535722415576	2122.3767844716454	-851.4455482856024
5960000	-1177.3560937776545	-269.85962625949384	-907.4964675181607	904.0	1.3189791060354904E-4	4.600893393233903E-5	4.600893393233903E-5	1.1045896590382236E-4	-0.38117352276148747	8870.435708378298	-3694.7592901891844	-3694.759290189185	10592.095684626749	1945.8667960802718	-907.4964675181607
5970000	-1061.459040192401	-247.13555134411104	-814.3234888482901	203.0	4.537321882410766E-4	1.839159790509831E-4	1.839159790509831E-4	1.921062108645514E-4	-0.6229439402892833	3601.562592242801	-3448.0140297637754	-3448.014029763775	8506.46560936918	1868.6790523705151	-814.3234888482901
5980000	-1050.9655951025115	-233.9891193026674	-816.976475799844	643.0	3.099355361629534E-4	1.6418852695397653E-4	1.6418852695397653E-4	2.119430948300041E-4	-0.6406155609947308	5472.20717330956	-4239.221078154636	-4239.221078154636	8002.296397600571	1907.9229685290939	-816.976475799844
5990000	-1098.3538538516823	-242.9501616555859	-855.4036921960965	226.0	2.3252922729060442E-4	1.0128292265784545E-4	1.0128292265784545E-4	1.526840899642865E-4	-0.5375273398509431	6048.024486056244	-4011.95433261757	-4011.95433261757	9210.798981781685	2131.676498181919	-855.4036921960965
6000000	-1110.787913569012	-251.91758251474738	-858.8703310542647	614.0	3.1251973409303905E-4	1.2939008469784052E-4	1.2939008469784052E-4	1.3321340298168865E-4	-0.6341446206771855	5352.08029312053	-5198.471827430904	-5198.471827430904	12556.02418835093	1802.6244467443485	-858.8703310542647
6010000	-1130.8939327968453	-243.82813318822133	-887.065799608624	46.0	1.3151916358845113E-4	6.282980464309252E-5	6.282980464309252E-5	1.4159919074400418E-4	-0.4604058196384064	9648.729911708435	-4281.294350774911	-4281.294350774911	8961.865396342295	1869.2472820555838	-887.065799608624
6020000	-1118.4832601757998	-247.72513205534162	-870.7581281204582	662.0	1.8814943741929084E-4	1.0771830742734506E-4	1.0771830742734506E-4	1.740363700976247E-4	-0.595275557478553	8231.934976816417	-5095.085021925126	-5095.085021925126	8899.48425085735	2113.586408353248	-870.7581281204582
6030000	-1040.7745948289526	-184.8401843468923	-855.9344104820603	119.0	2.4256989853964816E-4	1.2356946376557523E-4	1.2356946376557523E-4	1.446048692902277E-4	-0.6597831957483707	7300.556549430972	-6238.557957497554	-6238.557957497554	12246.44280770503	1842.9059484390023	-855.9344104820603
6040000	-1067.6367361682885	-251.97731015223465	-815.6594260160539	159.0	4.612511609285638E-4	2.004937392814516E-4	2.004937392814516E-4	2.3907701454230337E-4	-0.6037583742571561	3411.642326035465	-2861.0568370498336	-2861.0568370498336	6582.079781151189	1877.444239051353	-815.6594260160539
6050000	-1121.6809224008753	-231.3697854699457	-890.3111369309296	254.0	2.159152915484149E-4	9.618753583182835E-5	9.618753583182835E-5	1.0558903675357933E-4	-0.6370414400418364	7794.708572993323	-7100.678566783488	-7100.678566783489	15939.124229350742	1847.0761974975308	-890.3111369309296
6060000	-1076.3753795010937	-203.67762986013088	-872.6977496409628	850.0	1.8084833725758812E-4	1.2863740191445739E-4	1.2863740191445739E-4	1.5784163534212465E-4	-0.7613760546002287	13155.863836167124	-10721.734732136649	-10721.734732136649	15073.43797345399	1762.359896262279	-872.6977496409628
6070000	-1035.2632332081635	-194.2332632302753	-841.0299699778882	493.0	2.7426090883093344E-4	1.2448909905838512E-4	1.2448909905838512E-4	1.484288360712085E-4	-0.6170071937806889	5887.53525199846	-4937.948572500741	-4937.948572500741	10878.753830641077	2090.5243757723997	-841.0299699778882
6080000	-1101.9439510031243	-264.0606158152612	-837.883335187863	715.0	2.2442113263357807E-4	1.0491124244959028E-4	1.0491124244959028E-4	1.7481214424484197E-4	-0.5296687558160653	6193.484057744552	-3716.9391771755177	-3716.9391771755177	7951.09923965167	1890.2970715341464	-837.883335187863
6090000	-1075.4251231748892	-221.53384022234792	-853.8912829525414	413.0	2.3872426620234448E-4	1.3962767216946784E-4	1.3962767216946784E-4	1.6738121526442939E-4	-0.6985055413121155	8180.072077545837	-6823.731208796594	-6823.731208796595	11666.671801309403	1745.5610335287238	-853.8912829525414
6100000	-1105.40295088892	-237.74056471781543	-867.6623861711047	824.0	2.517854231346431E-4	1.3217380810903612E-4	1.3217380810903612E-4	1.4360740388047282E-4	-0.6950910482964763	7684.333612223596	-7072.52975029907	-7072.529750299069	13472.865171156858	2023.0133681706832	-867.6623861711047
6110000	-1100.6892340135903	-273.9942495852808	-826.6949844283096	102.0	3.5218509624509244E-4	1.8530377705675352E-4	1.8530377705675352E-4	1.9504413143784586E-4	-0.7070210449650922	5677.455323864836	-5393.927557971068	-5393.927557971068	10251.603752044852	1969.5488729705214	-826.6949844283096
6120000	-1144.3622854108094	-270.54048608225065	-873.8217993285587	427.0	2.2493854995843707E-4	1.198400265913368E-4	1.198400265913368E-4	1.3304283105567398E-4	-0.6927462958058206	8547.657449647417	-7699.411444655199	-7699.411444655199	14451.71947266018	1928.0769143242528	-873.8217993285587
6130000	-1092.3323255746807	-218.61455243116637	-873.7177731435143	977.0	1.8786619677689577E-4	1.3413258044915502E-4	1.3413258044915502E-4	1.7348101861991487E-4	-0.7429917237780864	11882.530091920567	-9187.370677053861	-9187.370677053861	12867.838534814053	1951.1966870667275	-873.7177731435143
6140000	-1036.5248065731587	-236.35799886582294	-800.1668077073357	280.0	3.518346290664466E-4	2.1900392557787238E-4	2.1900392557787238E-4	2.730199400011325E-4	-0.706619185588107	5676.6626275518975	-4553.55531764423	-4553.555317644229	7315.386890392685	1752.2526594336587	-800.1668077073357
6150000	-1107.4827848701198	-283.3927716639662	-824.0900132061536	188.0	3.3245673821881915E-4	1.3040830503471774E-4	1.3040830503471774E-4	1.8253832153414788E-4	-0.5293716191346975	4179.01298245338	-2985.5539109790466	-2985.5539109790466	7611.229321294283	1756.402227103191	-824.0900132061536
6160000	-1095.1371896645287	-242.14685291427702	-852.9903367502516	846.0	2.1489192288950596E-4	1.3391767098707913E-4	1.3391767098707913E-4	1.8873808986396299E-4	-0.6649638928420694	8342.255259848504	-5919.183541509031	-5919.183541509032	9498.25907063092	1901.7737854782783	-852.9903367502516
6170000	-1126.7719571275284	-246.56170997254677	-880.2102471549815	671.0	1.7079979893029853E-4	8.124524704571606E-5	8.124524704571606E-5	1.2104672620737815E-4	-0.5650381378503111	8600.75428420341	-5772.732799088414	-5772.732799088414	12135.868093401654	2228.155537882023	-880.2102471549815
6180000	-1102.3609416064066	-251.69670572682554	-850.664235879581	909.0	3.265253596055429E-4	1.7487939040650052E-4	1.7487939040650052E-4	2.4095185450937628E-4	-0.6234692461589619	5010.009665431211	-3636.1929564945176	-3636.192956494518	6789.303244680002	2146.5637722775577	-850.664235879581
6190000	-1158.9216961284483	-274.9608905287383	-883.96080559971	325.0	2.2085693742302849E-4	1.337401747182488E-4	1.337401747182488E-4	1.7302630240426597E-4	-0.6841483753108499	8511.879925918976	-6579.232710026935	-6579.232710026935	10864.866820991898	2004.206393404279	-883.96080559971
6200000	-1116.4182030723798	-240.29488660166302	-876.1233164707168	29.0	2.119237632123895E-4	1.0055445562281915E-4	1.0055445562281915E-4	1.1603025070381743E-4	-0.6412477809388947	8014.0416414290985	-6945.150852509486	-6945.150852509485	14637.267892558064	2038.3617822101903	-876.1233164707168
6210000	-1136.9223675806372	-284.25924669887956	-852.6631208817577	844.0	3.104458051111017E-4	2.0105257444471715E-4	2.0105257444471715E-4	2.2563766306169837E-4	-0.7596454555525867	7616.171135020087	-6786.326331028462	-6786.326331028461	10478.784205581494	2168.338372513779	-852.6631208817577
6220000	-1147.7181139563106	-247.68310736172296	-900.0350065945877	697.0	1.5995226921978561E-4	9.584386930943677E-5	9.584386930943677E-5	1.1055716379880374E-4	-0.7207351300818551	13010.05887490189	-11278.639390418834	-11278.639390418834	18822.737199650244	1965.3077243739945	-900.0350065945877
6230000	-1048.988063755247	-209.6478680877308	-839.3401956675161	508.0	1.6454900088311056E-4	7.466642458388483E-5	7.466642458388483E-5	1.1213855279273981E-4	-0.5496677504389905	8708.294465537656	-5798.337822025344	-5798.337822025344	12778.309671505904	1801.7502282863672	-839.3401956675161
6240000	-1035.9684892508444	-233.37577459579512	-802.5927146550492	56.0	2.693498666818782E-4	1.8044389717830316E-4	1.8044389717830316E-4	2.7371866694036296E-4	-0.6645560371833926	6649.130163815699	-4383.314346135267	-4383.314346135267	6543.003965324801	1614.436362183772	-802.5927146550492
6250000	-1037.3121346467392	-240.267024187008	-797.0451104597313	9.0	3.413843757202196E-4	1.9662308764814532E-4	1.9662308764814532E-4	2.345842188961857E-4	-0.6948055758988623	5663.173672609971	-4746.741697441459	-4746.741697441459	8241.47087948282	1956.0510441294796	-797.0451104597313
6260000	-1094.296909540721	-212.31766811577282	-881.979241424948	27.0	1.0576958322213545E-4	6.652162377978514E-5	6.652162377978514E-5	1.1742563463123738E-4	-0.5968991867503565	14687.505183775247	-8320.47190689682	-8320.47190689682	13229.575524453709	2164.6555365143863	-881.979241424948
6270000	-1128.7507160233658	-225.51305208640227	-903.2376639369635	532.0	3.3246051017842617E-4	1.4224321390270936E-4	1.4224321390270936E-4	1.7642925837498322E-4	-0.5873219318070361	4591.805958288449	-3702.0687109410483	-3702.0687109410487	8652.726682602088	1874.0499861645603	-903.2376639369635
6280000	-1063.8462115887337	-232.65212877843265	-831.1940828103011	453.0	1.9453125594632965E-4	9.18143716899086E-5	9.18143716899086E-5	1.6843234927420184E-4	-0.507227998438147	6921.267462266018	-3772.8608909398827	-3772.8608909398827	7993.730764766444	1797.4740099655826	-831.1940828103011
6290000	-1119.3364397371474	-279.4816898231069	-839.8547499140407	563.0	3.3835123840285396E-4	2.3397233283078522E-4	2.3397233283078522E-4	2.6137586890845696E-4	-0.7867701514293278	7757.388504940366	-6944.077480279163	-6944.077480279163	10041.944646152117	1863.4771612286615	-839.8547499140407
6300000	-1062.9480727830733	-243.64154939923816	-819.3065233838352	383.0	3.654120498342639E-4	1.8550462388033353E-4	1.8550462388033353E-4	2.1662575836075388E-4	-0.6593382316150808	4841.264595940983	-4145.7533710262205	-4145.7533710262205	8166.417665099535	1992.1088284139064	-819.3065233838352
6310000	-1072.2320721799686	-237.91949281441984	-834.3125793655487	24.0	2.544989354534764E-4	1.3369702910641113E-4	1.3369702910641113E-4	1.8766464949788013E-4	-0.6117690979180684	6279.442731256319	-4473.633366002165	-4473.6333660021655	8515.78331146408	1675.0747125452024	-834.3125793655487
6320000	-1067.978998739252	-241.7236532442573	-826.2553454949946	187.0	3.282199546378872E-4	1.6490849487318728E-4	1.6490849487318728E-4	2.1677274177645952E-4	-0.618241568162673	4931.772425366576	-3751.814739525567	-3751.814739525566	7467.295511755086	1802.0003918531784	-826.2553454949946
6330000	-1114.7900885086651	-272.09773828660775	-842.6923502220573	157.0	2.730523279405728E-4	1.83396527277778E-4	1.83396527277778E-4	2.7573909460392896E-4	-0.6683731475216381	6619.287374119038	-4402.546977282256	-4402.546977282256	6554.789879929818	2381.93892624399	-842.6923502220573
6340000	-1101.4179692969972	-230.99862846178706	-870.41934083521	363.0	1.7003706575406815E-4	1.0835301987264796E-4	1.0835301987264796E-4	1.6892059957068645E-4	-0.6393341631546146	9946.811818513492	-6380.31774324765	-6380.31774324765	10012.55441625501	1973.1169373600503	-870.41934083521
6350000	-1072.8429042852738	-232.13907595337903	-840.7038283318948	15.0	2.777613949589089E-4	1.5194838559803013E-4	1.5194838559803013E-4	1.3766016528464465E-4	-0.7770625958717623	9087.458690593738	-10030.677170620334	-10030.677170620336	18336.06110606881	2209.306167107849	-840.7038283318948
6360000	-1145.7846939084563	-253.14999653364606	-892.6346973748103	307.0	1.9174117811665957E-4	1.1931450215574312E-4	1.1931450215574312E-4	1.1830384203288418E-4	-0.7922023260441673	14004.154389691892	-14123.790744292173	-14123.790744292173	22697.25999651586	2489.8886372621005	-892.6346973748103
6370000	-1075.7268212338572	-232.6861132858232	-843.0407079480341	650.0	2.4076735638414628E-4	1.716877221597497E-4	1.716877221597497E-4	2.627042590220214E-4	-0.6826638092129302	7778.313398352805	-5083.438367460615	-5083.438367460615	7128.79174864007	2077.3950401126663	-843.0407079480341
6380000	-1091.604283314066	-245.9655231327847	-845.6387601812813	572.0	1.8514455731542145E-4	6.948860964670097E-5	6.948860964670097E-5	1.1404875535485769E-4	-0.47820363430520557	7002.509952379032	-4266.549679687317	-4266.549679687317	11367.740061661514	1951.769645689523	-845.6387601812813
6390000	-1065.5779740812186	-229.12448994605566	-836.4534841351629	828.0	2.6823831623552194E-4	1.226453284989703E-4	1.226453284989703E-4	1.5921291553593653E-4	-0.5934736701883958	5755.003800481781	-4433.210265932203	-4433.210265932203	9695.900135826767	1665.1582174385699	-836.4534841351629
6400000	-1125.706620757128	-252.16047235776585	-873.546148399362	272.0	2.0388938672145495E-4	1.2338037939589518E-4	1.2338037939589518E-4	1.501512176990301E-4	-0.7051546307934113	9755.449844159817	-8016.1261519881755	-8016.1261519881755	13246.863504660787	2594.8182562827697	-873.546148399362
6410000	-1088.8462424885445	-263.2824817455864	-825.563760742958	642.0	2.5772111847574677E-4	1.3898063866407822E-4	1.3898063866407822E-4	2.2013229728460308E-4	-0.5834953728460849	5883.196624254955	-3714.3592026761285	-3714.359202676128	6887.785358708357	2083.3898775483144	-825.563760742958
6420000	-1112.6232514027165	-235.6603482397809	-876.9629031629356	238.0	1.254686418578423E-4	4.531437256879924E-5	4.531437256879924E-5	1.0981753830482425E-4	-0.3860401897721265	9365.889649318706	-3864.6778971628432	-3864.6778971628437	10700.708395307543	2124.923261424181	-876.9629031629356
6430000	-1119.1007057895642	-236.29981757046804	-882.8008882190962	575.0	2.2564038060941363E-4	1.280508164147843E-4	1.280508164147843E-4	1.434227924619202E-4	-0.7118112586681631	8983.5975436756	-8020.74049781829	-8020.740497818289	14133.4744234251	1979.4549549632868	-882.8008882190962
6440000	-1129.4620578276595	-250.84533094976322	-878.6167268778962	616.0	2.38540654023904E-4	1.420608215883291E-4	1.420608215883291E-4	1.597898905904541E-4	-0.727643190596746	8909.335298726908	-7920.823324092427	-7920.823324092426	13300.207298618256	1938.8086577541812	-878.6167268778962
6450000	-1117.7199844359243	-239.91065950317216	-877.8093249327521	974.0	1.925252954252319E-4	9.267976164711892E-5	9.267976164711892E-5	1.300610781196224E-4	-0.5856893595728306	7906.203752733957	-5633.853647307193	-5633.853647307193	11703.303057254416	1745.1947549757276	-877.8093249327521
6460000	-1115.0401070182957	-246.7618215227129	-868.2782854955827	611.0	1.7118552185718176E-4	8.398982285790712E-5	8.398982285790712E-5	1.4222666182433892E-4	-0.538273056161269	8224.59113701063	-4856.908991714969	-4856.908991714968	9899.205309269099	2047.9311625968526	-868.2782854955827
6470000	-1126.8177669126453	-245.1054969578897	-881.7122699547556	711.0	1.6483470001074765E-4	8.895176054976504E-5	8.895176054976504E-5	1.4120590149592287E-4	-0.5830473196982243	9191.167720955458	-5789.917713253407	-5789.917713253407	10729.1788656291	1919.4495566285332	-881.7122699547556
6480000	-1068.6836908777316	-211.31192401248526	-857.3717668652464	401.0	1.9474928804252752E-4	9.448742322520261E-5	9.448742322520261E-5	1.0746683825596429E-4	-0.6531287934212375	8954.66163497861	-7873.153406890622	-7873.153406890623	16227.461479048721	1911.275424533054	-857.3717668652464
6490000	-1246.1355861486848	-307.0430641054043	-939.0925220432805	606.0	2.9961612276069543E-4	1.3725954103551105E-4	1.3725954103551105E-4	1.0528926235901245E-4	-0.7728014192767845	8286.46147394405	-10802.582079488251	-10802.582079488253	23580.348105805468	2118.3656555388075	-939.0925220432805
6500000	-1156.6373305379889	-269.700416392844	-886.936914145145	285.0	2.0035618412636637E-4	9.014827378164765E-5	9.014827378164765E-5	1.149670805690209E-4	-0.5939765335749471	7711.949732495865	-6047.113246978247	-6047.113246978247	13439.819580785084	2083.987881527485	-886.936914145145
6510000	-1139.701857248143	-250.52758039711006	-889.1742768510328	912.0	1.422286207668846E-4	7.930939434371187E-5	7.930939434371187E-5	1.602259606587264E-4	-0.5253693010038779	9711.40743198392	-4806.997807903104	-4806.997807903105	8620.576085658933	2304.3437468204975	-889.1742768510328
6520000	-1097.230098532019	-246.70021890151963	-850.5298796304993	124.0	1.647673009158133E-4	8.166991869090169E-5	8.166991869090169E-5	1.5643445169861945E-4	-0.5086984417558217	8188.010466568191	-4274.724280896864	-4274.724280896864	8624.164113452613	1909.4069988162048	-850.5298796304993
6530000	-1072.8963100386457	-241.26590967287177	-831.6304003657739	564.0	2.2836322336014004E-4	1.4519095126654477E-4	1.4519095126654477E-4	2.015492155979253E-4	-0.6767619175744503	8079.414921465776	-5820.205921638959	-5820.205921638959	9154.29627873446	1863.8870969094667	-831.6304003657739
6540000	-1152.8222759190041	-278.9272030836154	-873.8950728353888	539.0	2.065757713534931E-4	1.3234408305836984E-4	1.3234408305836984E-4	1.5816010414801602E-4	-0.7321774794990997	10434.728076958992	-8731.497280857651	-8731.49728085765	13628.986987416542	1960.6124218353746	-873.8950728353888
6550000	-1013.894283484596	-182.86550415613578	-831.0287793284602	472.0	2.3953260014233373E-4	1.4769337568956608E-4	1.4769337568956608E-4	1.664124170788378E-4	-0.7397514722413374	9220.614753591934	-8183.426109638477	-8183.426109638477	13272.073476297737	1657.980986972219	-831.0287793284602
6560000	-1028.8247036793662	-234.08729684014742	-794.7374068392188	524.0	2.6223329586537133E-4	1.242520325057859E-4	1.242520325057859E-4	2.674092972086765E-4	-0.46921440177876755	4889.988740472432	-2272.1388009930174	-2272.138800993018	4795.337624921724	1698.4199865512076	-794.7374068392188
6570000	-1081.2944426334327	-220.14282702430677	-861.1516156091259	196.0	1.746658619631185E-4	1.1706579072198215E-4	1.1706579072198215E-4	1.90964616017099E-4	-0.6409874629240333	9718.004384230107	-5957.364726550818	-5957.364726550816	8888.576573688031	1979.0233709376369	-861.1516156091259
6580000	-1140.1398295615602	-311.4799742182272	-828.659855343333	93.0	4.3931866471664914E-4	2.0419167721223098E-4	2.0419167721223098E-4	2.1663361610694203E-4	-0.6618891841291001	4050.971800724026	-3818.311955430557	-3818.311955430557	8215.103243350464	1901.9992784238984	-828.659855343333
6590000	-1121.9856034282604	-254.18012648495431	-867.8054769433061	983.0	2.119675699376418E-4	6.533284305129283E-5	6.533284305129283E-5	1.0003423458884764E-4	-0.448665339301268	5906.731280699925	-3857.7148042791414	-3857.7148042791414	12516.06993336461	1816.2607723366154	-867.8054769433061
6600000	-1080.7341119320138	-253.73064141358222	-827.0034705184315	966.0	4.6746204997921497E-4	2.2191564741037273E-4	2.2191564741037273E-4	2.481070832605557E-4	-0.6516211386934317	3717.8461388646065	-3325.3715373045156	-3325.371537304516	7004.846273396417	1779.9708165845336	-827.0034705184315
6610000	-1113.793359174504	-256.10192470214275	-857.6914344723613	382.0	2.3039252096755962E-4	1.3973913880526128E-4	1.3973913880526128E-4	1.7876467422216604E-4	-0.6885619551166268	8253.591282208608	-6451.776576355781	-6451.776576355781	10637.256554282512	1730.2796158619815	-857.6914344723613
6620000	-1144.1158230919805	-297.17504581544557	-846.940777276535	119.0	2.306098636956929E-4	1.115014908632079E-4	1.115014908632079E-4	2.0588063767675095E-4	-0.5117218748323583	5874.662956315412	-3181.6186570030154	-3181.6186570030154	6580.294479858312	1929.9587358962094	-846.940777276535
6630000	-1144.8193387983479	-268.1880413285701	-876.6312974697777	39.0	2.0925799004883712E-4	1.2078078735776325E-4	1.2078078735776325E-4	1.7443035265181972E-4	-0.6321873511860957	7960.150562621665	-5511.846062473444	-5511.846062473445	9549.514071930373	2060.7771214404547	-876.6312974697777
6640000	-1133.1642429820163	-247.59927039593612	-885.5649725860801	154.0	2.543353667116677E-4	1.44047623382719E-4	1.44047623382719E-4	1.4424622585747533E-4	-0.7520565363843233	9050.914550787322	-9038.452983644687	-9038.452983644687	15958.598969687822	2212.3487559727955	-885.5649725860801
6650000	-1216.4683696947236	-259.8451129179584	-956.6232567767652	33.0	1.0334344384835591E-4	6.347024103106503E-5	6.347024103106503E-5	8.988239042925466E-5	-0.658553975133831	17086.983475803685	-12065.933655343691	-12065.933655343691	19645.980808213655	2274.9356617085323	-956.6232567767652
6660000	-1135.1099756191525	-278.43085994064285	-856.6791156785097	135.0	2.99206073765037E-4	1.6410810604974548E-4	1.6410810604974548E-4	1.9926789343066754E-4	-0.6720880381788995	6095.554171355143	-5020.025219129287	-5020.0252191292875	9152.637686049713	1885.899572436701	-856.6791156785097
6670000	-1209.2866633753943	-312.6439074403155	-896.6427559350786	693.0	2.2781934100728018E-4	1.2137667117425936E-4	1.2137667117425936E-4	1.159243867015399E-4	-0.7468829122405714	9927.140007764354	-10394.044279271935	-10394.044279271935	19509.221131172384	2511.000133116564	-896.6427559350786
6680000	-1079.9803955092905	-275.6732615736186	-804.3071339356718	871.0	4.172385771256514E-4	2.094570475469632E-4	2.094570475469632E-4	2.8073359131789636E-4	-0.6120058295472659	3831.9844303600153	-2859.066993946775	-2859.0669939467753	5695.2633412528085	1577.770966934364	-804.3071339356718
6690000	-1210.99526152626	-295.9167352076906	-915.0785263185694	931.0	2.105057534401136E-4	9.597738112202294E-5	9.597738112202294E-5	9.854644023550289E-5	-0.6663715388306652	8544.78418084889	-8322.025696421966	-8322.025696421966	18252.57439714946	2568.574052550336	-915.0785263185694
6700000	-1105.9413347629832	-256.2922164808442	-849.6491182821389	985.0	3.354951525008309E-4	2.081067432773663E-4	2.081067432773663E-4	2.0882752362068145E-4	-0.7862291813892212	7805.992866319826	-7779.050027940334	-7779.050027940334	12540.840985421739	2008.5566148274668	-849.6491182821389
6710000	-1106.059910977082	-271.5113051761098	-834.5486058009723	604.0	2.462610025321874E-4	1.545882443283269E-4	1.545882443283269E-4	2.4457734132052837E-4	-0.6298984409943755	6731.671242293648	-4254.839116015518	-4254.839116015518	6778.011813742731	1986.2764894884992	-834.5486058009723
6720000	-1069.425185451206	-241.36168843087168	-828.0634970203345	268.0	3.2028342807620186E-4	1.8164513412142133E-4	1.8164513412142133E-4	2.2308732159667996E-4	-0.679546358830457	5801.07293035471	-4723.426965461895	-4723.426965461895	8328.521367131403	1954.8185804306106	-828.0634970203345
6730000	-1072.7208537790546	-222.24693633010068	-850.4739174489539	763.0	2.6779635691603454E-4	1.0968082918106801E-4	1.0968082918106801E-4	1.6003893947528244E-4	-0.5298043994733169	5191.356678031082	-3557.836029706163	-3557.836029706163	8686.800914743424	2001.0900827117837	-850.4739174489539
6740000	-1131.6450011445227	-258.0998429667013	-873.5451581778212	585.0	2.1148249105760837E-4	1.1325508342005205E-4	1.1325508342005205E-4	1.3053011153280094E-4	-0.6816558105834566	8832.660607879636	-7663.700752412513	-7663.700752412513	14310.514609124473	1934.3881741224163	-873.5451581778212
6750000	-1105.7171502420024	-235.86240505039953	-869.8547451916028	744.0	2.4066338549715556E-4	1.1870527637506623E-4	1.1870527637506623E-4	1.5881165046097013E-4	-0.6071889130983443	6581.718647658605	-4919.56810993065	-4919.568109930649	9973.945157912465	1842.2798726344872	-869.8547451916028
6760000	-1138.4256399634617	-226.08543026280972	-912.3402097006519	992.0	1.4606601740639537E-4	8.806837811657215E-5	8.806837811657215E-5	1.3417237997024256E-4	-0.6290915367686406	11330.226228684412	-7436.960184170446	-7436.960184170446	12334.58795248665	1961.7446482757352	-912.3402097006519
6770000	-1116.060062676089	-236.551898636294	-879.508164039795	349.0	1.7809342205033036E-4	1.0444191276607121E-4	1.0444191276607121E-4	1.3431684783736888E-4	-0.6752827127437019	10321.875202523246	-8026.069751052342	-8026.069751052341	13685.982856146076	2211.3512410420703	-879.508164039795
6780000	-1141.8375648009676	-277.48853927582593	-864.3490255251417	40.0	2.2159819956215783E-4	1.378495501544936E-4	1.378495501544936E-4	2.1380899437996054E-4	-0.6332996587456664	7534.537296924053	-4857.759048047708	-4857.759048047707	7809.0255481262675	1850.5138272643217	-864.3490255251417
6790000	-1103.3530337844272	-232.16191154964497	-871.1911222347824	903.0	1.27818394514438E-4	6.252871346107122E-5	6.252871346107122E-5	1.2527243663907543E-4	-0.494145735299271	10351.142001716798	-5166.687976901045	-5166.687976901045	10561.512073580212	2113.388512053426	-871.1911222347824
6800000	-1121.0523496518488	-281.5390906929159	-839.5132589589329	593.0	2.813730641871195E-4	9.785351901896557E-5	9.785351901896557E-5	1.7691730705624744E-4	-0.4385812169601249	4400.440527646472	-2433.897497247007	-2433.8974972470073	6998.554610846648	1726.3284956032019	-839.5132589589329
6810000	-1140.555564815456	-226.00118602919008	-914.5543787862657	903.0	1.4605297380179246E-4	6.0126078761039486E-5	6.0126078761039486E-5	7.612315953617334E-5	-0.5702289687342673	10145.874175545905	-8013.745534150954	-8013.745534150952	19466.28469162697	2169.9494741535686	-914.5543787862657
6820000	-1086.6041242886445	-247.45633268281046	-839.147791605834	366.0	4.278968779335372E-4	2.3746367152951582E-4	2.3746367152951582E-4	2.20551274653874E-4	-0.7729881450794365	5806.394148308787	-6251.642276693964	-6251.642276693964	11265.126134555527	1988.8505735298604	-839.147791605834
6830000	-1157.6488517269527	-259.653758213112	-897.9950935138407	322.0	1.5632988974955393E-4	6.371696936154138E-5	6.371696936154138E-5	1.5493639417815626E-4	-0.40940899273535963	7684.827269580492	-3160.354326573271	-3160.354326573271	7753.944489094473	2271.163632785726	-897.9950935138407
6840000	-1160.523457207814	-270.15646161866727	-890.3669955891468	844.0	1.0227677466623247E-4	3.486385063602879E-5	3.486385063602879E-5	1.1023980228168511E-4	-0.32833533808616855	10958.793667533766	-3465.7695103597853	-3465.7695103597857	10167.19957174939	2355.7790622004836	-890.3669955891468
6850000	-1150.463650715641	-305.78399173379194	-844.6796589818492	257.0	2.4492698193764217E-4	1.3251418632668558E-4	1.3251418632668558E-4	2.1048373777824277E-4	-0.5836262068971311	6191.9480213664	-3898.2629370301624	-3898.262937030163	7205.1891381073365	1805.6953064748438	-844.6796589818492
6860000	-1111.3861457846822	-261.9201076265189	-849.4660381581632	653.0	1.9565189537141186E-4	1.2427702117759356E-4	1.2427702117759356E-4	1.8884033364722797E-4	-0.6465489723115324	8782.376262102825	-5779.737514941471	-5779.737514941473	9099.160800865999	1903.519090306138	-849.4660381581632
6870000	-1061.950959182282	-185.8623072254062	-876.088651956876	352.0	1.3060196789366473E-4	5.278890701997862E-5	5.278890701997862E-5	9.075901700619909E-5	-0.48486732475601174	10010.21787830216	-5822.324637907077	-5822.324637907077	14404.675117419038	1907.6486837344935	-876.088651956876
6880000	-1029.6179624713536	-216.112400224857	-813.5055622464965	689.0	2.5292679439393583E-4	1.8222818238424358E-4	1.8222818238424358E-4	2.5096380395430714E-4	-0.7232901973785762	8291.291766509768	-6020.418101821605	-6020.418101821604	8356.144650524842	1900.0758885014636	-813.5055622464965
6890000	-1139.9032264139282	-278.95210691329606	-860.9511195006321	128.0	3.110774874153365E-4	1.8784750598480887E-4	1.8784750598480887E-4	2.1555851273225395E-4	-0.7254183762680435	6785.244935115958	-5912.9714823221275	-5912.971482322128	9791.944280740443	2061.353918916464	-860.9511195006321
6900000	-1163.5335776720158	-268.85453981782683	-894.679037854189	623.0	1.7892143279765523E-4	8.865076103699041E-5	8.865076103699041E-5	1.1875818970717326E-4	-0.6081623076263751	8869.549130313108	-6620.952057252011	-6620.952057252011	13362.888425445262	2084.5620520962593	-894.679037854189
6910000	-1107.1235250589605	-232.48747221760686	-874.6360528413536	397.0	2.1766406884447844E-4	1.0278078466140974E-4	1.0278078466140974E-4	1.064032616798063E-4	-0.6753689447725394	8447.19913351038	-8159.615987581611	-8159.615987581611	17280.031689934272	1874.0265432924218	-874.6360528413536
6920000	-1121.780367648459	-266.0115572179914	-855.7688104304676	857.0	3.96732978123955E-4	1.7067778215680213E-4	1.7067778215680213E-4	1.638272929929976E-4	-0.6694755366553176	4567.915161408338	-4758.923953305691	-4758.92395330569	11061.908871805359	2120.6935377581517	-855.7688104304676
6930000	-1111.4765208626407	-232.38576411173972	-879.0907567509009	720.0	2.484153058347079E-4	1.1095703476835653E-4	1.1095703476835653E-4	1.1198619587705726E-4	-0.6652477595202467	7221.365032367953	-7155.0001738705405	-7155.0001738705405	16018.917233595113	2090.540489626308	-879.0907567509009
6940000	-1058.238139393307	-237.6317766603541	-820.6063627329528	954.0	3.393061562350238E-4	1.8212760391336544E-4	1.8212760391336544E-4	2.1038207224060906E-4	-0.681672132687532	5505.443037242206	-4766.0579543474	-4766.057954347399	8879.229562874087	2407.8756390879394	-820.6063627329528
6950000	-1081.2070626968462	-214.2989712885881	-866.908091408258	621.0	1.9607395505978614E-4	6.778466625579198E-5	6.778466625579198E-5	1.0398401883126047E-4	-0.4747207426362729	6583.851861609955	-4291.853749574836	-4291.853749574835	12414.61802056753	1798.1638267005135	-866.908091408258
6960000	-1115.2483160594115	-242.33894162950276	-872.9093744299088	690.0	2.960511633640165E-4	1.9216565914418734E-4	1.9216565914418734E-4	1.9433402662492763E-4	-0.8011576227314378	9431.321744479972	-9326.087618854614	-9326.087618854615	14367.806930191431	1780.2689929933472	-872.9093744299088
6970000	-1113.4496585463407	-248.34816692456485	-865.1014916217758	55.0	2.1237372818733296E-4	8.31867111559033E-5	8.31867111559033E-5	1.101569363945743E-4	-0.5438731692322241	6686.5480476500115	-5049.449987221389	-5049.449987221389	12891.127731590661	1740.7378294543043	-865.1014916217758
6980000	-1107.6212888860998	-249.83856545008118	-857.7827234360186	852.0	2.828543758823683E-4	1.8589688384032578E-4	1.8589688384032578E-4	2.1340213640039295E-4	-0.7566434509718567	8270.093870463437	-7204.167238052548	-7204.167238052548	10961.615847320205	1975.3426115385923	-857.7827234360186
6990000	-1120.1093665771596	-227.29433355575165	-892.815033021408	905.0	1.6835021987307542E-4	8.313735677430723E-5	8.313735677430723E-5	9.011590103072837E-5	-0.6749765020386429	10910.956726591186	-10066.016005525224	-10066.016005525224	20383.32794698342	2159.069413005064	-892.815033021408
7000000	-1086.500956847316	-242.03276129655083	-844.4681955507652	936.0	2.9548363354971863E-4	2.3443752045178837E-4	2.3443752045178837E-4	2.9531141392916143E-4	-0.7936340408163051	9143.125290285185	-7258.411023519302	-7258.411023519302	9148.457375311122	1986.499712208884	-844.4681955507652
7010000	-1100.7323714971963	-289.68670075620287	-811.0456707409934	304.0	3.928103992260399E-4	2.067875856409828E-4	2.067875856409828E-4	2.7266729151594944E-4	-0.631853582418694	4237.554095242749	-3213.7099228385096	-3213.70992283851	6104.7121077112315	1839.082383081703	-811.0456707409934
7020000	-1049.3686808446032	-204.18971373460695	-845.1789671099963	87.0	2.32015345971147E-4	1.0540635051460485E-4	1.0540635051460485E-4	1.3844990116163976E-4	-0.5881147835817863	6589.086306284194	-5016.482748949829	-5016.482748949828	11042.038500276296	1924.3631664997663	-845.1789671099963
7030000	-1128.784045373293	-257.01442960404614	-871.7696157692469	84.0	2.1097870786242656E-4	1.5314658684108546E-4	1.5314658684108546E-4	1.811013023104253E-4	-0.7834787493863539	12274.19181595404	-10379.553094676647	-10379.553094676647	14299.141399583857	2095.8385775636393	-871.7696157692469
7040000	-1077.7734354409663	-226.79132866819288	-850.9821067727734	741.0	2.729622172349152E-4	2.037878779173581E-4	2.037878779173581E-4	2.558081744440439E-4	-0.7712050577825915	9040.286611012583	-7201.884100173464	-7201.884100173463	9646.512208392673	1847.5809552165244	-850.9821067727734
7050000	-1143.5382082658798	-218.3846786638649	-925.1535296020149	770.0	2.481383342379955E-4	1.3922574541809434E-4	1.3922574541809434E-4	1.582604108932111E-4	-0.7025649442386055	7958.116586010107	-7000.959415927348	-7000.959415927347	12477.62331829647	1892.1204719491602	-925.1535296020149
7060000	-1053.0192085002043	-234.40061073650938	-818.618597763695	634.0	3.1381927345364673E-4	1.5031964979135418E-4	1.5031964979135418E-4	1.684763653066581E-4	-0.6537421044577405	5564.84302979492	-4965.119314273172	-4965.119314273172	10365.578538658187	1624.0853357166272	-818.618597763695
7070000	-1106.673994841762	-248.4610268795333	-858.2129679622285	236.0	2.1236813554180187E-4	8.097051229792635E-5	8.097051229792635E-5	1.0829694780400051E-4	-0.5339174332891408	6586.365135517684	-4924.435729890143	-4924.435729890142	12915.7295029117	1910.5403179050504	-858.2129679622285
7080000	-1041.3671724791657	-195.05527001778856	-846.3119024613771	340.0	2.074815461302893E-4	1.4824950264882443E-4	1.4824950264882443E-4	2.118623370535772E-4	-0.7070931465465262	9639.03976930405	-6744.864951858781	-6744.864951858781	9439.72818557551	2100.360735378045	-846.3119024613771
7090000	-1028.9316321675235	-182.86387229934834	-846.0677598681751	429.0	1.9916747475925056E-4	1.544465426583084E-4	1.544465426583084E-4	1.7853040402613477E-4	-0.8190546655180887	15254.165108919322	-13196.368848561524	-13196.368848561524	17017.45739543267	2058.5080700813137	-846.0677598681751
7100000	-1163.2559589330094	-266.51133059190596	-896.7446283411035	266.0	2.4637060150927835E-4	1.149360368083757E-4	1.149360368083757E-4	1.404628966524087E-4	-0.6178470334514896	6565.025601091643	-5371.938370331611	-5371.93837033161	11514.993245990585	1890.9069640798407	-896.7446283411035
7110000	-1070.8569117949087	-196.3786020571811	-874.4783097377275	804.0	2.0378400179001043E-4	1.0357992718519603E-4	1.0357992718519603E-4	1.1175864835676682E-4	-0.686356874424028	9277.792455429155	-8598.825067255084	-8598.825067255086	16917.399254051044	1980.6834860159704	-874.4783097377275
7120000	-1080.0211416811521	-213.93232555425016	-866.0888161269019	771.0	2.4228064085832614E-4	8.302545855994444E-5	8.302545855994444E-5	1.300537239013965E-4	-0.46772494222097866	5283.241900112837	-3372.787554876546	-3372.7875548765455	9842.295898727081	1788.345508120427	-866.0888161269019
7130000	-1102.8266715909167	-238.46810813763267	-864.358563453284	830.0	2.050790286108462E-4	9.26871495276961E-5	9.26871495276961E-5	9.977067403010956E-5	-0.6479738017536232	8405.304659900918	-7808.544318373206	-7808.544318373205	17277.1381128536	1733.1211172373094	-864.358563453284
7140000	-1133.0741998380154	-239.0139754149192	-894.0602244230962	661.0	2.478628982503259E-4	1.4630447014916286E-4	1.4630447014916286E-4	1.4318974249153549E-4	-0.7765973063142984	10165.086340142794	-10386.201868496264	-10386.201868496262	17595.867674540525	2102.305466716894	-894.0602244230962
7150000	-1090.584031102339	-243.57798203383163	-847.0060490685074	566.0	3.00703720001762E-4	1.250830939099076E-4	1.250830939099076E-4	1.6399798088769576E-4	-0.563261365840194	4870.8863072922095	-3715.079454647272	-3715.079454647272	8931.16869110371	2024.5170515067978	-847.0060490685074
7160000	-1144.7448452958477	-229.78397244112378	-914.9608728547239	491.0	1.8117185889690346E-4	7.148778452390653E-5	7.148778452390653E-5	9.182849671608619E-5	-0.5542398270824549	7966.91095088159	-6202.179429536551	-6202.179429536551	15718.215132062249	2204.161982766681	-914.9608728547239
7170000	-1130.1064391662367	-238.1536418301758	-891.9527973360608	328.0	1.9508418396497977E-4	1.1097402964670334E-4	1.1097402964670334E-4	1.2829620924686503E-4	-0.7014608115315758	10091.474798733341	-8728.953334378884	-8728.953334378883	15344.858103530896	2258.7872530987297	-891.9527973360608
7180000	-1107.044002310919	-218.39841705013495	-888.6455852607842	953.0	1.8732388785941604E-4	1.0202251342907842E-4	1.0202251342907842E-4	1.2153224145364808E-4	-0.6761665513937216	9834.855026013216	-8256.053019043155	-8256.053019043153	15158.967348669867	2169.974183388719	-888.6455852607842
7190000	-1088.8044374069214	-256.996961275841	-831.8074761310804	758.0	2.887753505549967E-4	8.991456997221588E-5	8.991456997221588E-5	1.353473071798544E-4	-0.4548049699626805	4365.994819392448	-2900.4385448536304	-2900.4385448536304	9315.232868401054	1698.8524507430225	-831.8074761310804
7200000	-1034.7399307895348	-221.43526608498146	-813.3046647045533	777.0	3.88050409169253E-4	1.958830175918354E-4	1.958830175918354E-4	2.0837611678308968E-4	-0.688856471350391	4904.088955642164	-4610.066441395253	-4610.066441395253	9132.686390448145	1650.8856195355522	-813.3046647045533
7210000	-1068.8866198074045	-227.710850440579	-841.1757693668254	248.0	2.011884279869262E-4	1.0152261070352792E-4	1.0152261070352792E-4	1.4663946774921583E-4	-0.5910658133239233	7639.332968159607	-5288.924181636233	-5288.924181636234	10481.11681202518	1983.3950835963647	-841.1757693668254
7220000	-1091.5421672358952	-240.95756674581946	-850.5846004900757	977.0	2.0307762684493104E-4	1.1952587463866654E-4	1.1952587463866654E-4	1.9518090773608659E-4	-0.6003606564753072	7699.310199980929	-4714.942647010656	-4714.942647010657	8010.812440063344	1702.3280913774583	-850.5846004900757
7230000	-1168.6184386498066	-276.7164178955242	-891.9020207542824	603.0	3.222541866645241E-4	1.2807549527676034E-4	1.2807549527676034E-4	1.145744266347213E-4	-0.6665349297524378	5583.8875243938355	-6241.874223263515	-6241.874223263515	15705.347043424857	2149.0936998954517	-891.9020207542824
7240000	-1072.930007922759	-226.32612121995163	-846.6038867028072	242.0	2.3160405572075982E-4	1.0292217297088691E-4	1.0292217297088691E-4	1.2578197248347666E-4	-0.6030129878554473	6784.853896237913	-5551.764632904991	-5551.764632904991	12493.043707419414	1738.340630377199	-846.6038867028072
7250000	-1117.3998832033205	-249.81417046010748	-867.5857127432131	55.0	2.3567058358630179E-4	1.3257488266691942E-4	1.3257488266691942E-4	1.7011610313124093E-4	-0.6621186942823158	7555.590724698961	-5888.2230157450385	-5888.2230157450385	10467.148274936293	1753.0997934974584	-867.5857127432131
7260000	-1073.954921451839	-219.67079436055616	-854.2841270912829	845.0	2.3615432195824067E-4	1.3143361223410255E-4	1.3143361223410255E-4	1.8161353569763307E-4	-0.634650151559737	7090.393713106088	-5131.313887457396	-5131.313887457397	9219.726455429407	1635.1821088432991	-854.2841270912829
7270000	-1113.1929552917325	-276.19222148822837	-837.0007338035041	95.0	3.140269703743321E-4	1.8297265169616255E-4	1.8297265169616255E-4	2.2047319291018116E-4	-0.6953841885476415	6166.127207687786	-5117.323475902672	-5117.323475902671	8782.610803671625	2139.464698532455	-837.0007338035041
7280000	-1113.1672074392027	-305.9814728767707	-807.1857345624319	786.0	3.3047234466171806E-4	2.0343675278666282E-4	2.0343675278666282E-4	2.845509888948863E-4	-0.6634096807346563	5404.605920036175	-3863.9664642665834	-3863.966464266584	6276.8110464263245	1726.7380104367003	-807.1857345624319
7290000	-1078.9318378191042	-257.35864156603515	-821.5731962530691	709.0	1.9200028587008886E-4	8.481739945448396E-5	8.481739945448396E-5	1.46678850849736E-4	-0.5054174887466569	6995.236665370021	-4045.012481950524	-4045.0124819505245	9156.653680467449	1825.3022671940878	-821.5731962530691
7300000	-1074.258581206034	-233.62565151293066	-840.6329296931033	31.0	2.5992328745511056E-4	1.5751347796404472E-4	1.5751347796404472E-4	1.7400108920780175E-4	-0.7406604282869872	8522.59720251536	-7715.031743575095	-7715.031743575096	12731.07825140095	1907.1042102780902	-840.6329296931033
7310000	-1084.516066381873	-248.68120440307774	-835.8348619787954	913.0	2.1240545268012292E-4	1.0586601910700936E-4	1.0586601910700936E-4	1.821749617819657E-4	-0.538182297466133	6627.59487379622	-3851.4463166599994	-3851.4463166599994	7727.391709481925	1916.5011970368782	-835.8348619787954
7320000	-1121.5934325995636	-246.55659436895937	-875.0368382306042	153.0	2.167557422283735E-4	1.2377469684961658E-4	1.2377469684961658E-4	1.8547407286616555E-4	-0.6173123437056935	7454.028229376682	-4974.388442234336	-4974.388442234335	8711.209046536931	1927.9490525594238	-875.0368382306042
7330000	-1138.9749487619008	-251.36637149980285	-887.608577262098	38.0	2.0842327184635481E-4	1.5490173353208415E-4	1.5490173353208415E-4	2.5018894612935995E-4	-0.6783426357797444	8887.501041396952	-5502.598493575232	-5502.598493575231	7403.8524652806855	1772.4969028300434	-887.608577262098
7340000	-1145.4059254055999	-237.14346000883657	-908.2624653967632	400.0	1.4575320513243823E-4	6.837651424777007E-5	6.837651424777007E-5	7.887417883555905E-5	-0.6377206424603997	11563.744150977922	-10024.681440365646	-10024.681440365648	21368.87886782868	1841.4795062665219	-908.2624653967632
7350000	-1057.9194427569369	-204.04649468847597	-853.8729480684609	969.0	1.6660592713014103E-4	8.375344033512285E-5	8.375344033512285E-5	1.2423493870542177E-4	-0.5821508778536394	9079.086664129034	-6120.69962882636	-6120.69962882636	12175.55759220658	2027.8869716912152	-853.8729480684609
7360000	-1024.059967354578	-208.21761030446362	-815.8423570501145	382.0	3.0960338284465955E-4	1.8063581728714828E-4	1.8063581728714828E-4	2.142563796153859E-4	-0.7013489298379343	6356.774933081236	-5359.286091778659	-5359.286091778659	9185.626242714481	1597.8084746679249	-815.8423570501145
7370000	-1113.881124656999	-216.61230439610583	-897.2688202608932	920.0	1.2984604174563633E-4	5.471011156924978E-5	5.471011156924978E-5	7.682858619119079E-5	-0.5477619012137883	11002.718102334544	-7835.10363506791	-7835.103635067911	18595.414348455248	1898.2689178300052	-897.2688202608932
7380000	-1106.3869178975842	-265.7132037902536	-840.6737141073306	648.0	2.057115895199522E-4	9.053638157264306E-5	9.053638157264306E-5	1.6206066832292007E-4	-0.49585527818415226	6446.09107384815	-3601.1560803330703	-3601.1560803330703	8182.340938823209	1659.2192388696296	-840.6737141073306
7390000	-1128.1200505854165	-250.76574144900013	-877.3543091364163	235.0	2.3918014185221327E-4	1.3800663731282996E-4	1.3800663731282996E-4	1.758505667759599E-4	-0.6729232413307903	7640.982076074486	-5996.604170347236	-5996.604170347236	10392.751131556532	2153.2975255950764	-877.3543091364163
7400000	-1069.2350673526878	-238.95879075890772	-830.2762765937802	91.0	3.332923391652012E-4	1.7474772435472445E-4	1.7474772435472445E-4	1.6868462845567983E-4	-0.7369891746721169	6567.558239700781	-6803.618488903207	-6803.618488903207	12976.385983437016	1964.5368184504487	-830.2762765937802
7410000	-1103.1044789708126	-261.6224003815942	-841.4820785892184	928.0	3.1258998553539255E-4	1.5085694349507468E-4	1.5085694349507468E-4	1.8707324986584303E-4	-0.6238381480558652	5237.29997826529	-4223.388792649508	-4223.388792649509	8751.26468174633	1869.6773291636703	-841.4820785892184
7420000	-1118.0452924647982	-239.50115463404205	-878.5441378307561	952.0	1.6019608811670153E-4	7.685510759088539E-5	7.685510759088539E-5	1.026350475953122E-4	-0.5993754319666829	9742.26848866089	-7295.1989638822315	-7295.1989638822315	15206.046451303711	1927.9959561031562	-878.5441378307561
7430000	-1145.4412447314378	-263.052467377498	-882.3887773539399	670.0	2.1453336953193417E-4	1.1193489110638388E-4	1.1193489110638388E-4	1.545570885278131E-4	-0.6147146876743871	7492.502507581155	-5426.295618589391	-5426.29561858939	10399.987632327815	1964.0109377611748	-882.3887773539399
7440000	-1147.0018404210227	-298.51734670287965	-848.4844937181431	860.0	3.2638362773736764E-4	1.5234303198638608E-4	1.5234303198638608E-4	1.7451136883868992E-4	-0.6383319018441557	5170.821481132397	-4513.967356614991	-4513.967356614991	9670.839697293899	2145.2731298460685	-848.4844937181431
7450000	-1134.8605727392737	-276.85710664317276	-858.0034660961011	334.0	2.727253378089817E-4	1.352699501967968E-4	1.352699501967968E-4	1.8441791595001788E-4	-0.6031662476266694	5763.513930404406	-4227.518992979234	-4227.518992979233	8523.33828597395	2109.4620295434847	-858.0034660961011
7460000	-1096.0877300266025	-239.84468678525977	-856.2430432413427	631.0	2.8241385048965697E-4	1.2488889652733894E-4	1.2488889652733894E-4	1.3898466823909729E-4	-0.6303726830800479	5875.746600203601	-5279.830635069027	-5279.830635069027	11939.39045859601	1840.217180197158	-856.2430432413427
7470000	-1133.1427936201057	-238.48785930141543	-894.6549343186903	730.0	2.02609896202653E-4	9.787723393469743E-5	9.787723393469743E-5	1.343416623012533E-4	-0.5932612759883017	7616.173401123226	-5548.911431491226	-5548.911431491226	11486.474678291872	2087.39802104673	-894.6549343186903
7480000	-1181.4758635606477	-265.33577401975657	-916.140089540891	710.0	1.6148160616508386E-4	9.142616150272747E-5	9.142616150272747E-5	1.025079733039404E-4	-0.7106080657887778	12509.501444008152	-11157.138927597238	-11157.13892759724	19706.31474210623	2097.070706964284	-916.140089540891
7490000	-1160.0581967682438	-257.6425743965829	-902.4156223716608	6.0	1.759357157071779E-4	1.0614091618633062E-4	1.0614091618633062E-4	1.2131788738556598E-4	-0.7265130279510887	12037.588282819233	-10531.67572026387	-10531.675720263871	17456.961669595596	2108.8966633751716	-902.4156223716608
7500000	-1097.064457933505	-207.9150484721459	-889.1494094613593	919.0	1.6650449377716655E-4	7.933781604881473E-5	7.933781604881473E-5	1.0279369560367333E-4	-0.6064346697034703	9499.355450936628	-7331.754257133486	-7331.754257133486	15386.98809570817	2108.7812039081846	-889.1494094613593
7510000	-1069.261715325615	-231.32642626041937	-837.9352890651954	888.0	2.790080165615946E-4	1.4451343354387694E-4	1.4451343354387694E-4	1.980990751222799E-4	-0.6146935482803997	5760.854773760736	-4202.5481592476435	-4202.548159247644	8113.741384881424	1921.1280412669223	-837.9352890651954
7520000	-1105.6235004734538	-257.3108567137239	-848.3126437597299	401.0	1.9152781884701535E-4	9.227260989431676E-5	9.227260989431676E-5	1.4968682964441497E-4	-0.544960566970541	7426.799584025688	-4578.159497452123	-4578.159497452123	9502.764730346698	1908.2889842709196	-848.3126437597299
7530000	-1078.6584157744094	-250.7515983327464	-827.906817441663	433.0	2.0975515945317554E-4	1.1675739060773544E-4	1.1675739060773544E-4	2.1966718148696385E-4	-0.5439330721023987	6770.648961723094	-3598.731955044797	-3598.7319550447965	6465.1375911243495	1788.58077310552	-827.906817441663
7540000	-1145.7868520974557	-260.20951307811174	-885.577339019344	124.0	2.545364825718552E-4	1.2422016788264038E-4	1.2422016788264038E-4	1.320109724480367E-4	-0.6776603528251048	7264.942716172114	-6836.192379507669	-6836.192379507668	14007.873215147813	2098.944556199504	-885.577339019344
7550000	-1153.2488415818075	-304.2045176285909	-849.0443239532167	597.0	3.119725168395817E-4	2.1159872391936357E-4	2.1159872391936357E-4	2.5309181665778447E-4	-0.7530361484759961	7403.880529392128	-6190.052656618007	-6190.052656618006	9126.360834721176	1738.3297181621388	-849.0443239532167
7560000	-1179.8791052319548	-260.73589048700876	-919.143214744946	931.0	8.366215474849517E-5	3.483974910896912E-5	3.483974910896912E-5	8.208287467441182E-5	-0.42042082209922177	14519.148582508562	-6162.594766532129	-6162.594766532129	14798.497985657077	2277.3340599332755	-919.143214744946
7570000	-1048.3531961686851	-237.89041439535632	-810.4627817733287	110.0	3.890922366202134E-4	1.8686807860029806E-4	1.8686807860029806E-4	2.1919731959748186E-4	-0.6398692173524688	4351.890666142697	-3710.0337200929866	-3710.0337200929876	7724.943333821428	1679.1706389755684	-810.4627817733287
7580000	-1140.564406183535	-238.9076148221128	-901.6567913614224	228.0	1.630711090738456E-4	1.0993321764817066E-4	1.0993321764817066E-4	1.5136348231751634E-4	-0.6997289972797048	12015.169374653238	-8726.452442291187	-8726.452442291187	12944.51584778363	2144.7330454527123	-901.6567913614224
7590000	-1078.3107277748736	-246.60099466268477	-831.7097331121889	127.0	2.562450401425408E-4	1.2026769170689743E-4	1.2026769170689743E-4	1.7484187357635867E-4	-0.5681964497855544	5763.122579794445	-3964.2531592586283	-3964.253159258629	8446.3266527561	1923.5306775280562	-831.7097331121889
7600000	-1084.411368122772	-230.14457974366093	-854.2667883791111	513.0	2.588414840231651E-4	1.7600168078609857E-4	1.7600168078609857E-4	2.1942089803213423E-4	-0.7385176526428255	8498.546188033388	-6816.845736877411	-6816.845736877411	10025.372820358329	1751.4066113892245	-854.2667883791111
7610000	-1054.9268238830946	-189.39241638126828	-865.5344075018263	103.0	1.3987613996213359E-4	5.1902502854087836E-5	5.1902502854087836E-5	8.072857413310846E-5	-0.48843057310281607	9389.083411192452	-6036.48626003449	-6036.48626003449	16268.201927791599	1828.8164038432085	-865.5344075018263
7620000	-1122.3541869343592	-253.57956488785473	-868.7746220465045	933.0	2.5363027988086243E-4	1.0021411135312691E-4	1.0021411135312691E-4	1.1344311630812119E-4	-0.5907983247506562	6056.843762141132	-5350.533685790954	-5350.533685790954	13541.579503282188	2160.4124484326526	-868.7746220465045
7630000	-1154.4412192091854	-276.0666718230135	-878.3745473861718	322.0	2.9297047964979783E-4	1.6956000365049657E-4	1.6956000365049657E-4	1.7116439265203007E-4	-0.7571898339762901	8000.011107083895	-7925.023957984229	-7925.023957984229	13693.076316467626	2457.1554883902872	-878.3745473861718
7640000	-1087.429758376592	-246.50332433309495	-840.9264340434971	531.0	3.182631714008115E-4	1.1667327690434266E-4	1.1667327690434266E-4	1.255390879279972E-4	-0.5836986893350268	4765.772187133338	-4429.204220213372	-4429.204220213372	12082.05185719351	1794.3978408806674	-840.9264340434971
7650000	-1135.4586604896813	-266.43445136689866	-869.0242091227827	107.0	2.6361021858502075E-4	1.2678154379806863E-4	1.2678154379806863E-4	1.3107489966329835E-4	-0.682048327368818	7093.1341779398535	-6860.798701781207	-6860.798701781206	14265.299122126022	1776.8092500086327	-869.0242091227827
7660000	-1093.9297400657117	-238.73344967907522	-855.1962903866365	57.0	1.6208605521770165E-4	6.379639124086087E-5	6.379639124086087E-5	1.1028103612737317E-4	-0.4771697099748174	7988.462728405294	-4621.239621341218	-4621.239621341217	11741.079485373655	1911.8290099998094	-855.1962903866365
7670000	-1127.2786267237589	-247.79534465735202	-879.4832820664069	546.0	2.584471680330677E-4	1.264690964708953E-4	1.264690964708953E-4	1.3076038275920717E-4	-0.6879556399738496	7345.9988468459505	-7104.918303486917	-7104.918303486917	14519.325794859948	1980.7031851668403	-879.4832820664069
7680000	-1160.6567746942492	-314.0577718668418	-846.5990028274073	586.0	3.3079545289860495E-4	1.403673601277982E-4	1.403673601277982E-4	1.800439585594779E-4	-0.5751711447396475	4517.505751592199	-3521.9751986494025	-3521.9751986494025	8300.030576012503	1793.7104430629788	-846.5990028274073
7690000	-1162.5262120821835	-240.3299948777296	-922.1962172044539	539.0	3.6186113480547635E-4	1.750089446810296E-4	1.750089446810296E-4	1.491349230084471E-4	-0.7533548670924493	6390.218174558763	-7498.8830010508045	-7498.883001050804	15505.232132445859	1908.6910147659523	-922.1962172044539
7700000	-1094.306501793215	-237.5323006186913	-856.7742011745236	598.0	2.3354240332405882E-4	1.1839582697800813E-4	1.1839582697800813E-4	1.4313668131637342E-4	-0.6475570723996444	7374.031475763474	-6099.446673666937	-6099.446673666937	12031.500361745926	1964.7954408518488	-856.7742011745236
7710000	-1043.5271594496976	-220.74622205895201	-822.7809373907455	431.0	2.594149689565901E-4	8.944685805860069E-5	8.944685805860069E-5	1.1338641607060833E-4	-0.5215393238484045	5295.116709083733	-4177.145456173482	-4177.145456173482	12114.61288143269	1937.6597191878086	-822.7809373907455
7720000	-1185.6555823733397	-231.35459295821946	-954.3009894151203	686.0	1.1452044791381575E-4	6.546845929183036E-5	6.546845929183036E-5	1.0970698061558013E-4	-0.5840815263037034	13253.519521924938	-7909.1366695712	-7909.136669571201	13835.026573229685	2318.4623411520884	-954.3009894151203
7730000	-1100.2746751833797	-255.45580850454803	-844.8188666788318	753.0	3.062482139153158E-4	1.6364190801073367E-4	1.6364190801073367E-4	1.8604312514896852E-4	-0.6855686334169572	6161.041459731848	-5419.1982584493	-5419.198258449301	10141.777297012632	1719.7558207585244	-844.8188666788318
7740000	-1142.9433055323307	-290.38422783923517	-852.5590776930956	149.0	2.2602708138001976E-4	1.250030028221632E-4	1.250030028221632E-4	1.7481835582919966E-4	-0.6288494588052727	7318.270817457058	-5232.893441359895	-5232.893441359896	9461.97775269377	1816.885909631472	-852.5590776930956
7750000	-1012.0745070006385	-193.31113931786814	-818.7633676827703	956.0	1.971413748756678E-4	8.56599847025584E-5	8.56599847025584E-5	1.284779706078409E-4	-0.5382385105525448	7141.35839054221	-4761.35050697944	-4761.35050697944	10957.965828154645	1939.0946417392317	-818.7633676827703
7760000	-1150.3206969599473	-253.4792467320931	-896.8414502278542	327.0	1.9064742608726774E-4	9.313762234574263E-5	9.313762234574263E-5	9.844317941020965E-5	-0.6798558798048158	9753.298139765806	-9227.647910290174	-9227.647910290174	18888.47147510194	1856.6978086105696	-896.8414502278542
7770000	-1096.2615605901951	-277.4965260747738	-818.7650345154213	1.0	2.8291082058859267E-4	1.2976753301519546E-4	1.2976753301519546E-4	2.2121127942283672E-4	-0.5187255447380935	4835.911369690806	-2836.854838334823	-2836.854838334823	6184.728271824697	1900.5509646955109	-818.7650345154213
7780000	-1134.562016947616	-249.96934258608462	-884.5926743615314	404.0	1.9211651450847295E-4	8.802323706626292E-5	8.802323706626292E-5	1.1868742884032613E-4	-0.5829249250044044	7884.256539650588	-5847.272868422772	-5847.272868422771	12762.058296216628	2228.066987527138	-884.5926743615314
7790000	-1144.701236554793	-249.97654442651339	-894.7246921282796	981.0	2.0650423450876195E-4	8.672204552460397E-5	8.672204552460397E-5	9.77618417930708E-5	-0.610351961809669	7717.519539823123	-6846.015465688567	-6846.015465688567	16301.866205128572	2059.8923492138515	-894.7246921282796
7800000	-1080.2173972446956	-216.70443942232518	-863.5129578223705	914.0	1.8452835354448272E-4	8.89763677880944E-5	8.89763677880944E-5	1.410374698963276E-4	-0.5515385402050474	7788.4170535629255	-4913.481933235712	-4913.481933235712	10190.08478149933	1869.2536937323714	-863.5129578223705
7810000	-1153.1606151100493	-247.33005252119688	-905.8305625888524	429.0	1.705817086560033E-4	8.57359551160145E-5	8.57359551160145E-5	1.1664839958881619E-4	-0.6077953426304122	9296.597467727299	-6832.949839297581	-6832.949839297582	13594.952749647835	2200.67710117791	-905.8305625888524
7820000	-1167.1914620412158	-306.87955008611925	-860.3119119550964	379.0	3.1767803059439003E-4	1.5835371680606851E-4	1.5835371680606851E-4	1.917369225983989E-4	-0.6416257637558648	5350.592525974902	-4419.003925381515	-4419.003925381515	8865.093238848945	1677.3766917437063	-860.3119119550964
7830000	-1159.9663647465215	-254.66189808389356	-905.304466662628	735.0	1.027642232691739E-4	6.181108366627463E-5	6.181108366627463E-5	1.364606240685298E-4	-0.5219653923501546	13375.00459682364	-6058.3302605731715	-6058.3302605731715	10072.29717727188	2113.836738228347	-905.304466662628
7840000	-1096.5415469392044	-246.5997558075972	-849.9417911316073	727.0	2.39995281579094E-4	8.97569834453443E-5	8.97569834453443E-5	1.314501359276675E-4	-0.5053431427646264	5595.742923282413	-3820.893766179419	-3820.893766179419	10216.435981902412	1800.7710332182578	-849.9417911316073
7850000	-1173.9935615236072	-286.3747159173754	-887.6188456062318	491.0	2.1904845096092033E-4	1.516132163534768E-4	1.516132163534768E-4	1.9710231277125188E-4	-0.7296609558055067	9763.152153907076	-7509.921517359907	-7509.921517359907	10850.219491290727	2115.6834821747557	-887.6188456062318
7860000	-1055.4738469444142	-205.51162412207464	-849.9622228223396	117.0	2.2902041349863315E-4	1.219032983465729E-4	1.219032983465729E-4	1.3830004543491378E-4	-0.6849631344985033	8225.721936404208	-7250.486665973935	-7250.486665973934	13621.530154063783	1948.901272171577	-849.9622228223396
7870000	-1129.2466841085034	-258.8211338659093	-870.425550242594	108.0	2.189431213974433E-4	1.0271666453038607E-4	1.0271666453038607E-4	1.190783555263491E-4	-0.6361489891599109	7672.241424576308	-6618.054516464634	-6618.054516464635	14106.547560104736	1984.4799493677808	-870.425550242594
7880000	-1094.487021674634	-253.58550574871444	-840.9015159259196	596.0	2.982639985786831E-4	1.6181229094254287E-4	1.6181229094254287E-4	2.288506802176687E-4	-0.6193483500589153	5439.151610858939	-3845.833370911503	-3845.8333709115036	7088.915387043803	1673.968004761801	-840.9015159259196
7890000	-1061.637542326285	-226.2802112278849	-835.3573310984001	391.0	2.9668721122523003E-4	1.2891712292819316E-4	1.2891712292819316E-4	1.5018125957282752E-4	-0.6107357186746053	5375.666642653701	-4614.527001326088	-4614.527001326088	10619.777389148941	1948.6889143129824	-835.3573310984001
7900000	-1057.8613889049288	-220.9479250494295	-836.9134638554993	236.0	2.1994953154186756E-4	1.2252164874219668E-4	1.2252164874219668E-4	1.7930840298387033E-4	-0.616951451655588	7340.508692300559	-5015.7784722894085	-5015.7784722894085	9004.270972709242	1736.051836545981	-836.9134638554993
7910000	-988.7385429460307	-165.54112377764085	-823.19741916839	286.0	1.5402586161735745E-4	9.975376489305644E-5	9.975376489305644E-5	1.593111226300156E-4	-0.6368093382040079	10921.28109938531	-6838.435943039443	-6838.435943039443	10558.959748245787	1937.9619727858744	-823.19741916839
7920000	-1079.8240556604137	-261.028545018169	-818.7955106422447	51.0	3.817713243489974E-4	2.307692464681871E-4	2.307692464681871E-4	2.96499929414495E-4	-0.6859050218401673	4946.552221625671	-3849.9575060751695	-3849.9575060751695	6369.147528435084	1688.6986743205869	-818.7955106422447
7930000	-1090.2379046321998	-260.4919859945969	-829.7459186376028	502.0	2.5056702989221695E-4	1.8523441490749817E-4	1.8523441490749817E-4	2.8262157355110764E-4	-0.696076641637104	7742.2380834175065	-5074.378871494932	-5074.378871494933	6864.124266612384	1809.7538483239196	-829.7459186376028
7940000	-1117.0783819426274	-258.65353675389963	-858.4248451887277	353.0	1.9709888308958216E-4	1.0601678884390523E-4	1.0601678884390523E-4	1.950917768796921E-4	-0.5406461092346903	7169.114984119906	-3895.841032489121	-3895.841032489121	7242.870912914978	1852.002234242205	-858.4248451887277
7950000	-1108.6677095624416	-242.04547333301352	-866.622236229428	486.0	1.8856378971893021E-4	9.45204332008085E-5	9.45204332008085E-5	1.298032209702234E-4	-0.6041625756623566	8351.730461285153	-6081.583918153693	-6081.583918153692	12132.472019721461	1811.9185910544245	-866.622236229428
7960000	-1107.2084359487224	-252.07622183016414	-855.1322141185583	249.0	2.2528475985706352E-4	1.5819465834536313E-4	1.5819465834536313E-4	2.2973784811658213E-4	-0.6953598864865322	8594.471877816437	-5918.047694431542	-5918.047694431542	8427.882253470143	1907.5882612707048	-855.1322141185583
7970000	-999.9681202950676	-193.08226565562197	-806.8858546394456	419.0	2.921536934410945E-4	1.3948353552056984E-4	1.3948353552056984E-4	2.0234817283288606E-4	-0.5736772305037153	5101.929220651582	-3516.8843667291653	-3516.884366729165	7366.251173018536	1783.7270347694296	-806.8858546394456
7980000	-1093.027163880673	-227.21151803412153	-865.8156458465515	751.0	2.402920600992299E-4	1.6943020269842994E-4	1.6943020269842994E-4	1.7201781414035222E-4	-0.8333633705513348	13622.02134554593	-13417.109438764668	-13417.109438764668	19028.631355390928	2031.642649883527	-865.8156458465515
7990000	-1138.6211277505397	-283.1263075643405	-855.4948201861991	201.0	3.0360908277459603E-4	1.917368574971966E-4	1.917368574971966E-4	2.5639472091751927E-4	-0.6872166700542731	6241.238568947639	-4667.317118768932	-4667.317118768932	7390.544978908526	1855.7498783494325	-855.4948201861991
8000000	-1075.064365103229	-268.497451259361	-806.566913843868	722.0	3.482665560150141E-4	2.3785953529593354E-4	2.3785953529593354E-4	3.3144722671952283E-4	-0.700095821657444	5631.606639434904	-4041.461898726393	-4041.461898726393	5917.3831941788185	1786.6917725668468	-806.566913843868
8010000	-1128.2138600279497	-265.0189700634391	-863.1948899645106	417.0	2.8661310889086254E-4	1.4457954926310704E-4	1.4457954926310704E-4	1.6192297229823048E-4	-0.6711268403288603	6348.426628755134	-5668.452397383233	-5668.452397383233	11237.085552516939	1939.18107190028	-863.1948899645106
8020000	-1131.2274081562932	-226.59844969143	-904.6289584648631	700.0	1.4970091695194523E-4	8.934704706678393E-5	8.934704706678393E-5	1.0242126003285197E-4	-0.7215607746152854	13935.506679986911	-12156.620323133142	-12156.620323133144	20368.409132194396	2174.3770546220767	-904.6289584648631
8030000	-1039.7366737176148	-184.5003521767885	-855.2363215408262	787.0	1.5335215146806389E-4	6.95720947551052E-5	6.95720947551052E-5	1.0573280480186794E-4	-0.5463680140998797	9295.946152436107	-6116.724584839679	-6116.72458483968	13482.602160026716	1945.2253499471158	-855.2363215408262
8040000	-1139.3382673584497	-234.7249624864752	-904.6133048719746	972.0	1.829806229849891E-4	9.601654220891836E-5	9.601654220891836E-5	1.0177715608632973E-4	-0.7035878890136014	10822.669837433163	-10210.103870240324	-10210.103870240326	19457.59682589875	2221.129526538571	-904.6133048719746
8050000	-1084.0841528572917	-224.8906675438751	-859.1934853134165	862.0	1.6261219885897556E-4	8.774315909405866E-5	8.774315909405866E-5	1.8209161901295174E-4	-0.509907883817701	8310.338394639612	-4004.4420926064868	-4004.4420926064863	7421.332222425883	1940.4772169614994	-859.1934853134165
8060000	-1101.4514741744204	-254.77633902729036	-846.6751351471299	202.0	2.028403702334338E-4	1.0298896066618036E-4	1.0298896066618036E-4	1.5638428446269854E-4	-0.5782517082845261	7406.550787605244	-4877.683012442905	-4877.683012442906	9606.767771277715	1961.5215992853541	-846.6751351471299
8070000	-1044.133015361856	-183.48230287390538	-860.6507124879507	422.0	1.2550016637500702E-4	6.106965944518839E-5	6.106965944518839E-5	1.3895226400957393E-4	-0.46245612275041964	10135.821038126094	-4454.703515684259	-4454.70351568426	9154.562796792401	1962.4411798957185	-860.6507124879507
8080000	-1113.2009538705836	-244.56629677916493	-868.6346570914187	372.0	1.9831205043482553E-4	1.312521892733833E-4	1.312521892733833E-4	1.609153749263994E-4	-0.7347392370120338	10958.31244538988	-8938.254034812058	-8938.25403481206	13505.02033348095	1964.2158101513846	-868.6346570914187
8090000	-1082.6091467738624	-240.36729248068448	-842.241854293178	880.0	2.739785467215634E-4	1.4132841109493823E-4	1.4132841109493823E-4	1.7251177424329602E-4	-0.6500725481016416	6321.241590633332	-5178.609019993694	-5178.609019993695	10039.22539243681	1919.7818997896359	-842.241854293178
8100000	-1111.0522592458858	-267.41418316483407	-843.6380760810517	191.0	2.952513235612918E-4	1.7916011745070298E-4	1.7916011745070298E-4	2.1104518226521245E-4	-0.7177243664967538	6985.239155828722	-5929.897352533926	-5929.897352533926	9772.320239743023	1780.8247809389648	-843.6380760810517
8110000	-1099.8052388083634	-236.13401248536016	-863.6712263230032	794.0	1.995614134764888E-4	1.36568768075059E-4	1.36568768075059E-4	1.8401061794937106E-4	-0.712675229542068	10182.990618826927	-7557.599119175336	-7557.5991191753355	11043.55837699567	2099.037463407229	-863.6712263230032
8120000	-1087.412891959332	-247.4292090412582	-839.9836829180738	659.0	2.4967576985881074E-4	1.4298871911856313E-4	1.4298871911856313E-4	2.0813093053269308E-4	-0.6272566351649624	6603.248325534497	-4536.519476818759	-4536.51947681876	7921.31714890765	1944.182243292359	-839.9836829180738
8130000	-1118.5444843716975	-197.2508351132116	-921.293649258486	707.0	1.669584119856053E-4	1.0344486145238533E-4	1.0344486145238533E-4	1.092369289296607E-4	-0.7659845829765447	14493.06756958523	-13724.601940440692	-13724.601940440692	22151.295994197466	1983.9700533418443	-921.293649258486
8140000	-1074.2049141125613	-229.55242282214843	-844.6524912904129	863.0	1.9745127974350263E-4	8.48138620663136E-5	8.48138620663136E-5	1.2938736488004362E-4	-0.5306289361285079	7049.426965307843	-4620.923587372541	-4620.92358737254	10757.76121608823	1816.7885656873216	-844.6524912904129
8150000	-1111.3991711170786	-252.73063883650778	-858.6685322805708	460.0	2.365199951477625E-4	1.4261337286989556E-4	1.4261337286989556E-4	1.6923147469633177E-4	-0.712829642271127	8595.642789315336	-7243.650227410259	-7243.650227410259	12013.376320621466	2022.1148835154536	-858.6685322805708
8160000	-1044.9991196660626	-171.13803839153047	-873.8610812745322	441.0	1.1428570579257579E-4	6.177715682111988E-5	6.177715682111988E-5	8.741458725301113E-5	-0.6180733296244657	14158.912537159495	-10006.308874889668	-10006.308874889668	18511.341910029812	2122.674336085425	-873.8610812745322
8170000	-1078.9166783545895	-222.60882919048305	-856.3078491641064	96.0	3.1986279426202916E-4	1.6234959348265424E-4	1.6234959348265424E-4	1.5950020597954947E-4	-0.7187679737803787	6467.765188579953	-6583.308420566241	-6583.308420566241	12970.500151674521	1861.454650847854	-856.3078491641064
8180000	-1041.9380607001615	-246.11060912234794	-795.8274515778135	328.0	2.2154939812774277E-4	1.1597923950806522E-4	1.1597923950806522E-4	2.3897266872112004E-4	-0.5040467892246574	6051.003057351219	-2936.6987304793342	-2936.6987304793347	5609.830164259341	1925.276863330234	-795.8274515778135
8190000	-1104.2632092486974	-221.71384125763942	-882.549367991058	170.0	2.1586534200912621E-4	3.7760128352810616E-5	3.7760128352810616E-5	5.141705755601266E-5	-0.3584168279066392	5315.340153919401	-3903.528050631791	-3903.5280506317913	22315.507241360556	1922.2394720639945	-882.549367991058
8200000	-1052.061515756895	-213.94890845531805	-838.1126073015769	52.0	2.6287366611057073E-4	9.101591660512879E-5	9.101591660512879E-5	1.2725378896912034E-4	-0.4976321665268138	5056.219681614729	-3616.3675172825638	-3616.3675172825638	10444.852095437567	2179.136051692774	-838.1126073015769
8210000	-1083.842014590203	-224.26508574919217	-859.5769288410108	402.0	1.8324171161828652E-4	9.652835973640966E-5	9.652835973640966E-5	1.3807572600682444E-4	-0.6068538183400835	8638.63707877257	-6039.247387559137	-6039.247387559138	11464.42383569464	1955.210972708897	-859.5769288410108
8220000	-1066.8356251604985	-220.68305838526987	-846.1525667752286	289.0	2.405448593540126E-4	1.3096764750093908E-4	1.3096764750093908E-4	1.3645372880018462E-4	-0.7228917736355048	8707.56056584398	-8357.475701162291	-8357.47570116229	15349.957454769477	2186.426960276745	-846.1525667752286
8230000	-1064.3691844334476	-251.40261855369235	-812.9665658797553	476.0	3.517719475529326E-4	1.6658393659399375E-4	1.6658393659399375E-4	2.1691800493606385E-4	-0.6030519394132459	4467.427554232278	-3430.7971283980896	-3430.7971283980896	7244.745274912169	1602.9454385566469	-812.9665658797553
8240000	-1114.9598237942182	-271.4587378809741	-843.5010859132442	649.0	2.5900192987162775E-4	1.533758972817311E-4	1.533758972817311E-4	1.972770865973552E-4	-0.6785272496408602	7155.243831933589	-5562.946827333667	-5562.946827333666	9394.00511806679	1761.9471293053032	-843.5010859132442
8250000	-1276.051437616066	-307.4268820639576	-968.6245555521085	297.0	2.9002474424809084E-4	1.6849366184208008E-4	1.6849366184208008E-4	1.8588598877371243E-4	-0.7256759240968288	7283.527806144305	-6602.048273147835	-6602.048273147834	11363.972632560197	2065.7262364873773	-968.6245555521085
8260000	-1106.9698309113319	-260.3787308115934	-846.5911000997386	279.0	2.999142119490387E-4	1.6383629161142367E-4	1.6383629161142367E-4	1.7186209381571068E-4	-0.7216415605132782	6957.54177827282	-6632.630956457984	-6632.630956457983	12141.511913445887	1990.856795764911	-846.5911000997386
8270000	-1132.9688005683213	-234.90970967299324	-898.059090895328	350.0	1.730342033768432E-4	1.0772688340306854E-4	1.0772688340306854E-4	1.486454974185605E-4	-0.6717106550880215	10530.527927731762	-7631.720932987157	-7631.7209329871575	12258.302758958273	2074.4820624242843	-898.059090895328
8280000	-1038.2306377952236	-212.52436351923708	-825.7062742759865	593.0	3.652818335077711E-4	1.8363435629422298E-4	1.8363435629422298E-4	2.3702408215102433E-4	-0.6240848833466514	4484.08061300359	-3474.040483429251	-3474.0404834292513	6910.4926936114	1641.1397970368535	-825.7062742759865
8290000	-1063.8817713345675	-228.46302390003737	-835.4187474345301	321.0	2.414418510984447E-4	8.908739804976041E-5	8.908739804976041E-5	1.3768454899940464E-4	-0.4886156754115278	5440.733435289443	-3520.3716666447945	-3520.371666644795	9540.80004979472	1779.654428231304	-835.4187474345301
8300000	-1060.1151912691678	-241.76171071876155	-818.3534805504063	551.0	2.3684046191679037E-4	1.0744236990462927E-4	1.0744236990462927E-4	1.549971419130085E-4	-0.5607713076448447	6159.055612795974	-4269.3918303642595	-4269.391830364259	9411.22886720386	1733.6065133070588	-818.3534805504063
8310000	-1050.4393097875507	-201.18111579131696	-849.2581939962338	2.0	2.0693533909711193E-4	1.1446207030553294E-4	1.1446207030553294E-4	1.513057460720966E-4	-0.6468693213802701	8309.420719283413	-6286.036870772034	-6286.036870772034	11364.49103146512	1843.4351333877896	-849.2581939962338
8320000	-1089.3172700214209	-236.92915275108396	-852.3881172703369	803.0	2.089514254529972E-4	9.349473333954506E-5	9.349473333954506E-5	1.662012650555726E-4	-0.5017037135146588	6395.62153860108	-3597.7880799656996	-3597.788079965699	8040.69834668072	2088.5239896051853	-852.3881172703369
8330000	-1145.3926243015162	-280.56268915666834	-864.8299351448478	963.0	2.910899522439146E-4	1.387337497534054E-4	1.387337497534054E-4	1.4595871722131038E-4	-0.6730595617252572	6280.478631865964	-5969.5944677546695	-5969.594467754669	12525.351413213637	1632.9698204955225	-864.8299351448478
8340000	-1138.3348133677396	-267.9359769779897	-870.3988363897498	372.0	1.721297535435942E-4	1.0979115476030657E-4	1.0979115476030657E-4	1.996868888012054E-4	-0.5921948199142114	8947.364052714278	-4919.408766923647	-4919.408766923647	7712.612372822077	1792.8825960775189	-870.3988363897498
8350000	-1050.0259301017973	-218.7147914479876	-831.3111386538096	7.0	2.4512947294928874E-4	1.16165965796252E-4	1.16165965796252E-4	1.3330487258182816E-4	-0.6426257588156968	6949.3245285540315	-6055.855122591435	-6055.855122591434	12778.85966240539	2076.549004756285	-831.3111386538096
8360000	-1154.186641116352	-249.82939621251953	-904.3572449038323	749.0	1.6062219284559376E-4	9.882919844504903E-5	9.882919844504903E-5	1.509493958878791E-4	-0.6346975297651782	10425.681036345431	-6825.874949715536	-6825.874949715536	11093.755891612629	1957.3738304480423	-904.3572449038323
8370000	-1021.3725749370285	-235.47664330099101	-785.8959316360375	537.0	4.730574276752219E-4	2.808071972020203E-4	2.808071972020203E-4	3.4975823091468736E-4	-0.6903468220962856	4038.6365483954996	-3242.463248703944	-3242.463248703945	5462.364708052061	1824.8028735434912	-785.8959316360375
8380000	-1164.0312485412512	-295.32706357770775	-868.7041849635434	396.0	2.838982779906072E-4	1.1231634494609618E-4	1.1231634494609618E-4	1.3995241407946266E-4	-0.563470761961443	5161.003342157295	-4141.872331809653	-4141.872331809652	10469.272510800052	1884.1840207173268	-868.7041849635434
8390000	-1123.8827911206554	-260.8590082660363	-863.0237828546192	601.0	2.001886442210206E-4	1.2542460273337947E-4	1.2542460273337947E-4	1.7325417727846122E-4	-0.6734745018103389	9141.645193540182	-6617.948465891493	-6617.9484658914935	10562.825012311718	2238.532984137405	-863.0237828546192
8400000	-1131.5644016697538	-290.92954537576753	-840.6348562939862	579.0	4.1814420786560067E-4	2.5691037147599504E-4	2.5691037147599504E-4	2.617291649776324E-4	-0.7765913245331415	6025.406393007439	-5914.470383358572	-5914.470383358572	9626.320335709393	2093.6066840056183	-840.6348562939862
8410000	-1182.3048650603391	-307.8153356862089	-874.4895293741303	684.0	3.1890707735973244E-4	1.6999057028209506E-4	1.6999057028209506E-4	1.6631811335808392E-4	-0.7381132086875087	6888.809703199758	-7040.920957842494	-7040.920957842494	13208.96518471733	2095.1099373467573	-874.4895293741303
8420000	-1157.4637546026238	-265.4595272189746	-892.0042273836493	304.0	2.2237681399498588E-4	1.3680375108601338E-4	1.3680375108601338E-4	1.4736147085435164E-4	-0.7557206334715866	10484.99669885835	-9733.798598861715	-9733.798598861715	15822.454452457103	1877.2137010832262	-892.0042273836493
8430000	-1090.3542431625556	-259.89994135925855	-830.454301803297	467.0	2.994590250988541E-4	1.5000565558600447E-4	1.5000565558600447E-4	2.1664499233086033E-4	-0.5889312542387909	5112.61427181534	-3539.9897655182385	-3539.989765518239	7066.946108803371	2090.1663227416593	-830.454301803297
8440000	-1180.8294074110645	-297.66702725683876	-883.1623801542257	494.0	2.8251696796699043E-4	1.3974380419583642E-4	1.3974380419583642E-4	1.4966671402262863E-4	-0.679591098242982	6577.295072578571	-6141.220115393809	-6141.220115393809	12415.569309874585	1710.2742409358716	-883.1623801542257
8450000	-1186.477405431459	-298.7790436294821	-887.6983618019767	451.0	2.216699711115351E-4	1.1527374455066435E-4	1.1527374455066435E-4	1.6714313967735583E-4	-0.5988701831332895	7033.880512640462	-4851.062071582354	-4851.062071582354	9328.531778503127	2196.360472975943	-887.6983618019767
8460000	-1108.2830483383618	-309.2868825737045	-798.9961657646572	33.0	4.074014696851824E-4	2.2345714698844514E-4	2.2345714698844514E-4	2.688156172969935E-4	-0.6752361823433325	4511.632600745159	-3750.364503966814	-3750.364503966814	6837.570564929066	1783.5964436646766	-798.9961657646572
8470000	-1119.6221561699144	-261.36358905502243	-858.258567114892	926.0	2.428034852023173E-4	1.5474965727114087E-4	1.5474965727114087E-4	1.854340811069115E-4	-0.7293020921403435	8798.10858221677	-7342.254884350827	-7342.254884350827	11520.058309664359	2074.8100155204493	-858.258567114892
8480000	-1101.0461271487588	-243.9166909877115	-857.1294361610475	185.0	3.2138611220566517E-4	1.8020855310327963E-4	1.8020855310327963E-4	1.8829464655872261E-4	-0.7325594251356506	6715.176892874688	-6426.801472128554	-6426.801472128554	11461.635441139624	1814.6579908896392	-857.1294361610475
8490000	-1100.6822344520212	-234.22214089899384	-866.4600935530275	265.0	2.029076982972421E-4	8.014699033935788E-5	8.014699033935788E-5	1.0299760340998164E-4	-0.5544014998392514	7115.321834904067	-5536.746598787489	-5536.7465987874875	14017.3511651299	2046.3607017843326	-866.4600935530275
8500000	-1136.3270525998932	-288.851947972144	-847.4751046277491	627.0	3.2296623065323826E-4	1.9078006767272936E-4	1.9078006767272936E-4	2.4121759339741335E-4	-0.6835179921770217	5811.337492935202	-4596.21267485515	-4596.21267485515	7780.799645301693	1872.4537186070513	-847.4751046277491
8510000	-1128.8437824190867	-269.7116824161801	-859.1321000029066	392.0	3.1637653850823783E-4	1.6143772041810829E-4	1.6143772041810829E-4	1.997933825629578E-4	-0.6421142848379464	5378.3366985499415	-4345.821693976044	-4345.821693976044	8516.696227828577	1828.602970903881	-859.1321000029066
8520000	-1102.4981065845748	-238.04701270007814	-864.4510938844967	433.0	1.7557437594621265E-4	8.152784754389116E-5	8.152784754389116E-5	1.2832218961766065E-4	-0.5431559344588438	8079.064315663407	-5132.929275811287	-5132.929275811287	11054.02487035412	1951.193463347887	-864.4510938844967
8530000	-1084.425932186677	-274.8278342975584	-809.5980978891187	239.0	3.31433400178276E-4	2.1687303487905656E-4	2.1687303487905656E-4	2.9021085576084874E-4	-0.699279173442727	5904.396126210702	-4412.323941715926	-4412.323941715926	6743.076784564081	1694.0996692987287	-809.5980978891187
8540000	-1186.6902802671357	-276.4766029931272	-910.2136772740085	347.0	1.0893609870601067E-4	5.0111667841827726E-5	5.0111667841827726E-5	1.1509787841673147E-4	-0.4475270485330977	11478.641019697863	-4997.605985160025	-4997.605985160025	10864.13049774249	2051.0246253315577	-910.2136772740085
8550000	-1082.4933048247217	-247.43340575148935	-835.0598990732324	599.0	2.4001959172178413E-4	1.2938427400546217E-4	1.2938427400546217E-4	1.9112083324198962E-4	-0.6040934569882054	6560.409679646563	-4441.241853025738	-4441.241853025739	8238.907429012088	1769.1211413272072	-835.0598990732324
8560000	-1124.1815981796249	-262.1122164440949	-862.0693817355299	922.0	2.885167893064237E-4	1.4164750793567172E-4	1.4164750793567172E-4	1.4947359324314543E-4	-0.6820891723738468	6481.485808577502	-6142.130476598595	-6142.130476598595	12510.68790715437	2183.0858743718068	-862.0693817355299
8570000	-1133.336969052752	-276.40914744055	-856.9278216122021	409.0	2.659022125694721E-4	9.939559033778145E-5	9.939559033778145E-5	1.5437874629392975E-4	-0.4905828784134072	4952.772537690157	-3188.8052080380317	-3188.805208038032	8530.66375871272	1745.3909853571588	-856.9278216122021
8580000	-1176.6534199976772	-286.6221841905586	-890.0312358071187	783.0	2.4240224019079617E-4	1.0248121938379536E-4	1.0248121938379536E-4	1.1188266725799031E-4	-0.6222924960678594	6732.534669112195	-6166.802949408771	-6166.802949408772	14586.54433212438	1898.2820459365762	-890.0312358071187
8590000	-1116.480752299451	-236.56522319068156	-879.9155291087694	651.0	2.390881843775777E-4	1.2876305336954956E-4	1.2876305336954956E-4	1.254540755468237E-4	-0.743480910841169	9352.010809008862	-9598.679530052945	-9598.679530052943	17822.898736923664	2026.5806052978903	-879.9155291087694
8600000	-1086.2968540514398	-229.90975265101952	-856.3871014004203	273.0	1.7782833522466787E-4	1.120772202829562E-4	1.120772202829562E-4	1.7685304103253716E-4	-0.6319905780838682	9363.16016241881	-5933.723038864491	-5933.723038864492	9414.795326129208	2137.2233660907464	-856.3871014004203
8610000	-1210.5364120641843	-274.6284099088745	-935.9080021553098	639.0	1.4981405615000778E-4	9.398807004773649E-5	9.398807004773649E-5	1.0643514723420209E-4	-0.7443101098678125	14966.153078515443	-13215.933650126468	-13215.933650126466	21065.786593226323	2308.1841810082324	-935.9080021553098
8620000	-1067.3382896143844	-251.10094696497407	-816.2373426494103	98.0	2.5159800081879605E-4	1.121612341226088E-4	1.121612341226088E-4	1.9207169934454832E-4	-0.5102200216964395	5373.429593660586	-3137.841216340684	-3137.841216340684	7038.747238240291	1660.357180585505	-816.2373426494103
8630000	-1038.1689613061887	-245.94523581320433	-792.2237254929845	987.0	2.8136283943466214E-4	1.6212539793492486E-4	1.6212539793492486E-4	2.2664668025393472E-4	-0.6420117919280678	6046.280188490407	-4325.038339351728	-4325.038339351728	7505.949612609301	1734.181563602643	-792.2237254929845
8640000	-1057.7035643656563	-224.85657454985906	-832.8469898157973	742.0	2.2299323155767494E-4	9.377543373953226E-5	9.377543373953226E-5	1.6055401258281788E-4	-0.4956015534156563	5944.5457090641	-3472.054938299428	-3472.054938299428	8256.37077816874	2003.5698772816934	-832.8469898157973
8650000	-1067.9502488905998	-217.50136436426013	-850.4488845263396	503.0	2.0586126811598132E-4	9.900847248111457E-5	9.900847248111457E-5	1.7207841682635586E-4	-0.5260437165724773	6716.145496483015	-3864.257463727748	-3864.2574637277476	8034.675436098442	2026.4119684841212	-850.4488845263396
8660000	-1091.6022752537892	-218.78988821677638	-872.8123870370129	886.0	1.2450169677454378E-4	5.5598960181415414E-5	5.5598960181415414E-5	9.418466079450496E-5	-0.513439108049874	10907.433619255897	-6438.8613003724095	-6438.861300372409	14418.41995923281	1935.6746725192638	-872.8123870370129
8670000	-1109.8824450455181	-251.90019716642482	-857.9822478790934	198.0	2.761005705322198E-4	1.549928839269433E-4	1.549928839269433E-4	1.8358880426544758E-4	-0.6884224277527035	6884.705926398834	-5812.339324235706	-5812.339324235706	10353.960536051201	1522.328678778714	-857.9822478790934
8680000	-1101.19870702188	-256.76121313398716	-844.4374938878927	872.0	3.540373877518146E-4	1.8422101678578485E-4	1.8422101678578485E-4	2.0180625964085063E-4	-0.689203214925925	5380.126105505209	-4911.30603855305	-4911.306038553049	9438.586273578778	1981.7573907273456	-844.4374938878927
8690000	-1214.3897166390602	-288.77339573237253	-925.6163209066877	211.0	3.883376977501556E-4	1.7530214153913407E-4	1.7530214153913407E-4	2.5931819537188856E-4	-0.55241562047225	3706.0179883782844	-2505.3116269514762	-2505.3116269514767	5549.886275290273	1889.0085435810677	-925.6163209066877
8700000	-1178.6623062755039	-282.95378142283545	-895.7085248526683	724.0	2.585415126844894E-4	1.8700449138300297E-4	1.8700449138300297E-4	1.878913298444703E-4	-0.8484642039217016	13808.402410382543	-13743.227384163494	-13743.227384163496	19000.58533776736	2108.9769273002084	-895.7085248526683
8710000	-1057.2213394354237	-245.42132502267387	-811.8000144127499	744.0	3.478478131817021E-4	2.0384056240347665E-4	2.0384056240347665E-4	2.118559587068718E-4	-0.7508888031261719	6591.115298284497	-6341.745861051825	-6341.745861051826	10821.999328840959	1912.2823993939292	-811.8000144127499
8720000	-1141.5619054008218	-236.52950439546822	-905.0324010053537	985.0	1.7274055809139442E-4	9.017637750092905E-5	9.017637750092905E-5	9.758988554697841E-5	-0.6945335373898547	11183.866577186156	-10334.273564639794	-10334.273564639794	19796.18423912216	2169.30382527397	-905.0324010053537
8730000	-1175.5525477952237	-309.9312156912157	-865.6213321040079	778.0	2.3799419251508764E-4	9.725155214154075E-5	9.725155214154075E-5	1.1245481196011407E-4	-0.5944623305314758	6498.126714781901	-5619.616430901104	-5619.616430901104	13752.336546467772	1805.0618510608754	-865.6213321040079
8740000	-1157.675569757037	-253.59761320060483	-904.0779565564322	132.0	9.598290605845975E-5	6.146150117254411E-5	6.146150117254411E-5	1.0923191011047472E-4	-0.6002490094343841	16286.54597272077	-9163.948184982635	-9163.948184982635	14311.11119942357	2173.5712690814894	-904.0779565564322
8750000	-1160.6765750266454	-249.59665841568008	-911.0799166109654	832.0	2.9749527674724794E-4	1.2128148646648506E-4	1.2128148646648506E-4	1.5861896193786147E-4	-0.5583119480992854	4883.710067624184	-3734.128689512119	-3734.128689512119	9159.564911856753	1738.4965959210183	-911.0799166109654
8760000	-1065.3985733733389	-221.0656476188347	-844.3329257545042	247.0	2.975601069897457E-4	1.5302863411878657E-4	1.5302863411878657E-4	1.732665073121127E-4	-0.6739505596664743	6157.426094171476	-5438.22646104995	-5438.226461049949	10574.486643645934	1988.8570718008268	-844.3329257545042
8770000	-1067.6381711079027	-239.83022889106192	-827.8079422168407	454.0	3.0874880904592424E-4	1.7058936762556908E-4	1.7058936762556908E-4	2.4442571474922947E-4	-0.6209775032269635	5271.724831357612	-3679.237293833626	-3679.2372938336257	6659.032438421536	1948.71345530361	-827.8079422168407
8780000	-1043.1785830342958	-203.17169759049312	-840.0068854438027	317.0	2.2988337177255513E-4	1.3840349160950392E-4	1.3840349160950392E-4	1.8582162376203944E-4	-0.6696457886557942	7886.571547442763	-5874.068996362035	-5874.068996362035	9756.62370367257	1697.126238840553	-840.0068854438027
8790000	-1173.9656508311568	-289.25232947542344	-884.7133213557333	197.0	2.3660938938238583E-4	1.1279273203055889E-4	1.1279273203055889E-4	1.1376712020936556E-4	-0.6874747413459372	8013.931410099788	-7945.2940039898485	-7945.2940039898485	16667.13030976358	2266.0436968992008	-884.7133213557333
8800000	-1101.6254183219758	-253.33715130274356	-848.2882670192321	922.0	2.2383800373338065E-4	1.0728094853782179E-4	1.0728094853782179E-4	1.3224511194583833E-4	-0.6235422395189666	7309.477432791649	-5929.6533593381555	-5929.6533593381555	12372.017481904117	2093.2751881567438	-848.2882670192321
8810000	-1097.3278144340609	-237.87260037558428	-859.4552140584766	891.0	2.038041324396791E-4	9.793736609677465E-5	9.793736609677465E-5	1.2419224505061106E-4	-0.6155944392915527	7900.689662343304	-6230.443258051981	-6230.443258051981	12965.328081901001	1689.6211618111242	-859.4552140584766
8820000	-1039.9731229735812	-203.68349186073428	-836.289631112847	333.0	2.050819491047941E-4	1.2017760488372817E-4	1.2017760488372817E-4	1.5472934213323124E-4	-0.6746421737796965	8949.304427680567	-6950.885699287205	-6950.885699287204	11861.620878479247	1861.1096266819557	-836.289631112847
8830000	-1114.4173146090175	-263.9327483086451	-850.4845663003723	322.0	3.4384640755034636E-4	1.5028263175355516E-4	1.5028263175355516E-4	1.3090581963727494E-4	-0.708348647591469	5837.071402774062	-6701.080628599647	-6701.080628599646	15332.061156792306	2255.7811743669704	-850.4845663003723
8840000	-1116.6600958742445	-277.27630896510993	-839.3837869091345	326.0	3.8037812991664565E-4	2.0677896271804983E-4	2.0677896271804983E-4	2.401893972856456E-4	-0.6841032706373813	4941.63440834611	-4254.2512227316365	-4254.2512227316365	7825.864406258613	2049.3533771298867	-839.3837869091345
8850000	-1098.7336645951532	-246.9327869782842	-851.8008776168689	277.0	2.3602534134142816E-4	1.55867110365233E-4	1.55867110365233E-4	1.810879999738687E-4	-0.7539287950244271	9816.769901042853	-8449.546948537405	-8449.546948537405	12794.919967630352	2043.2863045244621	-851.8008776168689
8860000	-1148.0420877656168	-279.3160052897744	-868.7260824758423	21.0	2.6807876303936725E-4	1.3595625468356196E-4	1.3595625468356196E-4	1.7077873654462036E-4	-0.6354056739014932	6256.078407874815	-4980.438469979734	-4980.438469979734	9820.43663627985	1949.3214784843528	-868.7260824758423
8870000	-1121.8703375669222	-264.0704810776441	-857.7998564892781	729.0	2.823099077648533E-4	1.3881193943806014E-4	1.3881193943806014E-4	1.5040411722806905E-4	-0.6736493569229483	6485.223265892833	-5985.384149174145	-5985.384149174145	12172.823562086682	2062.2356515317433	-857.7998564892781
8880000	-1089.436510176838	-231.10003917645963	-858.3364710003783	899.0	2.980631409448647E-4	1.4612730473168552E-4	1.4612730473168552E-4	1.3857877854040243E-4	-0.718999970536051	6945.595572362432	-7323.929186240779	-7323.929186240779	14938.98311008363	2039.292444265543	-858.3364710003783
8890000	-1074.8109138471827	-243.85569378253868	-830.955220064644	176.0	4.183205997789535E-4	1.8615752648111657E-4	1.8615752648111657E-4	1.7998937524981576E-4	-0.6784260871135566	4429.020774762489	-4580.801233511184	-4580.801233511184	10293.666636492124	2030.4356951936106	-830.955220064644
8900000	-1069.3059511439103	-206.68535139406896	-862.6205997498413	326.0	2.2054883558674578E-4	1.4051189049529383E-4	1.4051189049529383E-4	1.5445789470175037E-4	-0.7612996617937796	10784.72175305185	-9810.969163558475	-9810.969163558475	15399.393014876296	2248.6934564968956	-862.6205997498413
8910000	-1079.1788720070062	-192.0538151838986	-887.1250568231077	334.0	1.1895750898531777E-4	9.079443797381646E-5	9.079443797381646E-5	1.2744544135213343E-4	-0.737396651542035	18425.059501244523	-13126.345707630282	-13126.34570763028	17197.94100063838	2294.7121064116404	-887.1250568231077
8920000	-1070.6362704720425	-216.8044661928756	-853.8318042791669	421.0	2.683972821641283E-4	1.5191679873687266E-4	1.5191679873687266E-4	1.5953879384851462E-4	-0.7341479511343978	8081.5697842242125	-7695.471306832948	-7695.471306832949	13595.886701795536	1915.5871404879279	-853.8318042791669
8930000	-1105.110274917821	-231.33980664650977	-873.7704682713113	919.0	2.1376510966231686E-4	1.2560904371887715E-4	1.2560904371887715E-4	1.517655207666338E-4	-0.6973743025361901	9107.092586633586	-7537.503809085322	-7537.503809085322	12827.542353840145	2080.764169671651	-873.7704682713113
8940000	-1087.526042832505	-237.33524699793804	-850.1907958345671	540.0	3.8588998345350363E-4	1.7713229938203334E-4	1.7713229938203334E-4	1.5890262497722022E-4	-0.7153201709499785	5306.823006605166	-5915.633940648906	-5915.633940648906	12887.451308643347	1835.9528545174228	-850.1907958345671
8950000	-1114.0607848536526	-258.160487044285	-855.9002978093677	813.0	2.368948331235283E-4	1.2423326460749847E-4	1.2423326460749847E-4	1.6078058721231994E-4	-0.6365657944211499	7097.168919870916	-5483.898769582776	-5483.898769582776	10457.000288860014	1923.2965297235096	-855.9002978093677
8960000	-1075.4189717165887	-256.13500344811973	-819.283968268469	292.0	3.290240350678998E-4	2.3101145137911178E-4	2.3101145137911178E-4	2.870174007849642E-4	-0.7517364055148554	6988.606390866743	-5624.913684871043	-5624.913684871043	8011.428812105477	2006.194621653816	-819.283968268469
8970000	-1121.4354409159732	-261.30150650342057	-860.1339344125527	866.0	2.2412401744287147E-4	1.378163919979129E-4	1.378163919979129E-4	1.879994451051421E-4	-0.6713954488174043	8123.792312322013	-5955.292821201944	-5955.292821201944	9684.799701886586	1971.5119538702857	-860.1339344125527
8980000	-1133.075455577087	-269.9269894256762	-863.1484661514108	424.0	2.744801789679611E-4	1.0439822771518637E-4	1.0439822771518637E-4	1.604849096216411E-4	-0.49741689356810004	4841.036944492536	-3149.178813760631	-3149.178813760631	8279.711095875153	1966.261541040169	-863.1484661514108
8990000	-1116.799173022423	-271.03040046886787	-845.7687725535551	9.0	2.7209295960998385E-4	1.4373433331300636E-4	1.4373433331300636E-4	2.1382110728647235E-4	-0.5959043826500955	5698.908547468464	-3830.9072059229597	-3830.9072059229597	7252.010397410524	2032.9811513701989	-845.7687725535551
9000000	-1241.6734891488434	-306.9275807452182	-934.7459084036252	447.0	4.1333557666799317E-4	2.1540036088421932E-4	2.1540036088421932E-4	2.420161351945255E-4	-0.6810403948168607	4512.148432871215	-4015.9239797066625	-4015.923979706662	7706.227822427408	2183.8989880041454	-934.7459084036252
9010000	-1149.6684777998612	-258.67148128081067	-890.9969965190505	858.0	3.026385287018204E-4	1.4650176563044527E-4	1.4650176563044527E-4	1.3648827129274818E-4	-0.7208303827962567	6878.117120295489	-7382.731811255795	-7382.731811255795	15251.00454280299	1961.409962083618	-890.9969965190505
9020000	-1051.4420010466852	-236.2082107434094	-815.2337903032758	79.0	2.753616703874898E-4	1.2917301657444663E-4	1.2917301657444663E-4	1.9309769518487262E-4	-0.5601850482258584	5292.372590484239	-3540.341233458304	-3540.341233458304	7547.042731056239	1557.6894412698932	-815.2337903032758
9030000	-1093.999912432589	-257.7417305788306	-836.2581818537586	129.0	2.8597272681945364E-4	1.2507312130210772E-4	1.2507312130210772E-4	1.8144412564320543E-4	-0.5490731712615774	5006.075277378424	-3450.789372185337	-3450.789372185337	7890.037732885789	1902.254935781138	-836.2581818537586
9040000	-1044.353559703325	-235.44122869475035	-808.9123310085746	74.0	2.4944187833917715E-4	1.4763156226114916E-4	1.4763156226114916E-4	2.0945276812726524E-4	-0.6458794685968093	6878.306066515573	-4848.133922455657	-4848.133922455658	8191.524993266765	1794.1425279406683	-808.9123310085746
9050000	-1067.8291443725343	-265.6825491776496	-802.1465951948848	675.0	4.6009389443733676E-4	2.179109461428923E-4	2.179109461428923E-4	2.4766081875477207E-4	-0.6455459475004386	3726.349370657555	-3278.72741882112	-3278.72741882112	6922.655762022582	1770.9464124079268	-802.1465951948848
9060000	-1096.453055132672	-275.60676881673544	-820.8462863159365	396.0	4.3793016330477465E-4	1.6243946989460918E-4	1.6243946989460918E-4	1.7004388856999247E-4	-0.5952626316748562	3536.6301519302497	-3378.4708872755127	-3378.4708872755123	9108.21925450086	1692.4871380043699	-820.8462863159365
9070000	-1065.6063978949574	-244.11878280590778	-821.4876150890497	620.0	2.6461973068946673E-4	1.487762804118428E-4	1.487762804118428E-4	2.1052773883003758E-4	-0.6303299196010346	6270.295036573465	-4431.108118153313	-4431.108118153313	7881.354700062135	1550.1406305794026	-821.4876150890497
9080000	-1204.1151261550744	-282.33426307298845	-921.7808630820861	725.0	3.488432069595383E-4	1.9438451053412892E-4	1.9438451053412892E-4	2.1520193882514283E-4	-0.709452674607427	5771.593898800135	-5213.282283351587	-5213.282283351587	9355.776885269926	1679.0341380788927	-921.7808630820861
9090000	-1148.4186842419542	-266.007898117068	-882.4107861248863	414.0	1.7687180549756282E-4	8.471085849636184E-5	8.471085849636184E-5	1.1647619968541676E-4	-0.5901890972671244	8675.791594889426	-6309.733285628651	-6309.733285628651	13174.390370334157	2466.929389821555	-882.4107861248863
9100000	-1060.9900963548378	-221.2452311859538	-839.744865168884	556.0	3.014290912016355E-4	1.01258170151413E-4	1.01258170151413E-4	1.4003832732425376E-4	-0.4928491767903277	4381.892996214104	-3168.435920892967	-3168.4359208929664	9431.91802436553	1736.4186456010432	-839.744865168884
9110000	-1103.9212245868746	-200.38857662988738	-903.5326479569873	307.0	1.411384195857616E-4	8.79379545194311E-5	8.79379545194311E-5	1.0543585344389158E-4	-0.7208743545872702	14750.469608849677	-12302.514592851929	-12302.514592851929	19745.256482878714	2160.5029098034474	-903.5326479569873
9120000	-1065.5565750798928	-227.1085500637763	-838.4480250161165	122.0	2.260062872380182E-4	9.155815017962657E-5	9.155815017962657E-5	1.5118167972354586E-4	-0.49532148477785926	5863.137633856464	-3550.814073412121	-3550.814073412121	8764.990378573095	1802.8585012514668	-838.4480250161165
9130000	-1074.6428506763864	-206.2801593745547	-868.3626913018317	837.0	2.07109597018826E-4	1.4136753764479174E-4	1.4136753764479174E-4	1.6414067387498705E-4	-0.7667282686136503	11715.690914489138	-10090.237460887958	-10090.237460887958	14782.63715393899	2034.8429137804762	-868.3626913018317
9140000	-1077.9478651476427	-249.03124023010432	-828.9166249175385	249.0	2.948435295661719E-4	1.5697794147347268E-4	1.5697794147347268E-4	1.7291523930999721E-4	-0.6952263016707034	6564.5238649521225	-5959.483080761007	-5959.483080761008	11193.38812465183	1969.6218011819242	-828.9166249175385
9150000	-1142.3110020815175	-282.5725649412334	-859.7384371402841	864.0	3.007190648756888E-4	1.6982894787254588E-4	1.6982894787254588E-4	1.718759885568828E-4	-0.7470052144860978	7523.731119793921	-7434.12358456143	-7434.12358456143	13163.731628352247	1970.1796590648426	-859.7384371402841
9160000	-1135.8609133652287	-274.62885924147605	-861.2320541237527	955.0	2.6875207243755626E-4	1.3932139669140426E-4	1.3932139669140426E-4	1.4182167890529804E-4	-0.7136258897177601	7582.255420237774	-7448.582074140388	-7448.582074140387	14368.373535476961	1981.0811764310201	-861.2320541237527
9170000	-1118.7958824892407	-246.84759828774796	-871.9482842014928	281.0	2.5440006629851947E-4	1.3167868251849645E-4	1.3167868251849645E-4	1.3507175558332524E-4	-0.7103536073765975	7934.667781452573	-7735.344781530484	-7735.3447815304835	14944.501172289914	2235.0165938024875	-871.9482842014928
9180000	-1065.5760982937259	-263.0887276343258	-802.4873706594002	55.0	2.8675265149954825E-4	1.06157169800177E-4	1.06157169800177E-4	1.7611798703289684E-4	-0.47238244951877045	4489.03190622415	-2705.8163128927686	-2705.8163128927686	7308.974077334897	1688.822216390676	-802.4873706594002
9190000	-1151.9858291959767	-263.2639958432841	-888.7218333526928	663.0	1.5964463020086373E-4	5.6608209427362765E-5	5.6608209427362765E-5	9.818058372786362E-5	-0.45215720481300653	7873.649832522679	-4539.72875036666	-4539.728750366659	12802.795299407488	2047.3530639113249	-888.7218333526928
9200000	-1149.7555606723845	-304.40161005478564	-845.3539506175988	945.0	3.3527537049182115E-4	1.452797221493402E-4	1.452797221493402E-4	1.9071744249376838E-4	-0.5745250482788291	4452.201147478929	-3391.480806375886	-3391.480806375886	7826.832038573937	1942.3491322427808	-845.3539506175988
9210000	-1138.5564811754475	-288.16844272906235	-850.3880384463853	385.0	3.261175432761841E-4	1.8027139799861144E-4	1.8027139799861144E-4	2.2113804263657028E-4	-0.6712866572679614	5581.585210073765	-4550.09982394577	-4550.099823945771	8231.296770983172	2103.447828072314	-850.3880384463853
9220000	-1130.0307988349216	-242.4848501422509	-887.5459486926707	521.0	2.2536973576159098E-4	1.1467421657888724E-4	1.1467421657888724E-4	1.1498771527189454E-4	-0.712348085821701	9008.346517086171	-8983.786459930625	-8983.786459930625	17655.874537588847	2003.422124213687	-887.5459486926707
9230000	-1033.8464828321632	-202.6516718312241	-831.1948110009391	48.0	2.7503999884925036E-4	1.3346181933293201E-4	1.3346181933293201E-4	1.5519560998979447E-4	-0.6459804816005533	6239.535422414569	-5365.742944162424	-5365.742944162424	11057.798706507298	1726.9691179714418	-831.1948110009391
9240000	-999.6130888854664	-205.3143865022143	-794.2987023832521	137.0	2.905644226341362E-4	1.5480798152053932E-4	1.5480798152053932E-4	1.8709676763494816E-4	-0.6639555220296816	6154.872859658586	-5092.677206366207	-5092.677206366208	9558.620928944127	1827.4912369939825	-794.2987023832521
9250000	-1194.44711412884	-258.9558694477851	-935.4912446810548	688.0	1.2406701820627533E-4	6.834588939969853E-5	6.834588939969853E-5	1.1180272223991873E-4	-0.5803073056602428	12152.641824292037	-7429.006176207915	-7429.006176207915	13485.736342209117	2157.936464741418	-935.4912446810548
9260000	-1091.2077249846818	-215.55630716753183	-875.65141781715	329.0	1.593915487387475E-4	9.878729036782838E-5	9.878729036782838E-5	1.1305409998347109E-4	-0.7359109577243456	13685.380705706793	-11958.360446605579	-11958.360446605579	19294.60343393913	2007.3875801729002	-875.65141781715
9270000	-1129.3074375208196	-240.7324171881201	-888.5750203326994	313.0	1.8947271073005003E-4	1.0906791459901706E-4	1.0906791459901706E-4	1.239323230930742E-4	-0.7117563982795888	10696.746306497169	-9413.781518225915	-9413.781518225915	16353.615167542446	2100.4787455804685	-888.5750203326994
9280000	-1042.2347098685648	-221.34037362621854	-820.8943362423463	93.0	2.583007511812467E-4	1.4361122031221317E-4	1.4361122031221317E-4	1.7602242351356636E-4	-0.6735061098929965	7085.523945779412	-5780.858597974956	-5780.858597974955	10397.517095692509	2099.2256471151454	-820.8943362423463
9290000	-1071.7051251053763	-226.64156382654627	-845.06356127883	632.0	2.6198438085278273E-4	1.1969125967804082E-4	1.1969125967804082E-4	1.3672201900327287E-4	-0.6324198693448582	6361.224162596109	-5568.839157482691	-5568.839157482691	12189.268311372793	1920.7380499554977	-845.06356127883
9300000	-1048.0724569064264	-220.5586907242607	-827.5137661821656	802.0	2.462603041892329E-4	1.1978848687785295E-4	1.1978848687785295E-4	1.9407065986866998E-4	-0.5479462158932609	5803.094094707162	-3581.911151769089	-3581.911151769089	7363.667016788613	1972.9754745124942	-827.5137661821656
9310000	-1050.1573188586149	-240.2584943782012	-809.8988244804137	351.0	2.461797686075391E-4	1.4728264033111286E-4	1.4728264033111286E-4	2.3655053361364142E-4	-0.6103281700620363	6473.426771777016	-4030.527314280593	-4030.527314280593	6736.939800680346	2170.920865834391	-809.8988244804137
9320000	-1043.3651063360467	-243.71422313265595	-799.6508832033907	756.0	3.1085651583082107E-4	1.8710155838135446E-4	1.8710155838135446E-4	2.2737385880832101E-4	-0.7037641680897995	6373.719638052226	-5244.810829246356	-5244.810829246356	8713.89653125282	1947.1184218390815	-799.6508832033907
9330000	-1131.7160941794361	-285.49380214220974	-846.2222920372265	896.0	2.2470856413104822E-4	1.204465673409829E-4	1.204465673409829E-4	2.123091891449756E-4	-0.5514424807251328	6394.793947329264	-3627.873964902908	-3627.8739649029076	6768.2655263547895	1893.6267541139196	-846.2222920372265
9340000	-1159.7526830341594	-252.70369470483672	-907.0489883293228	422.0	1.3302638348436393E-4	6.797785635495669E-5	6.797785635495669E-5	1.1348013424524454E-4	-0.5532719498472521	10833.567495248131	-6489.617763512353	-6489.617763512353	12699.582298802316	2037.883051698474	-907.0489883293228
9350000	-1101.777864703704	-254.7602825314956	-847.0175821722084	45.0	2.250933759522017E-4	1.3309240568386562E-4	1.3309240568386562E-4	1.9964079235779229E-4	-0.6278375336364916	7333.202133281442	-4888.747944534933	-4888.747944534934	8268.125993819618	1997.4200119093564	-847.0175821722084
9360000	-1094.8630752522101	-252.76137793993396	-842.1016973122761	396.0	2.350474806773541E-4	1.157634695288923E-4	1.157634695288923E-4	1.9064153852116112E-4	-0.5468710922498817	6069.717894808557	-3685.7214225988264	-3685.721422598826	7483.531189812786	1700.9934110508527	-842.1016973122761
9370000	-1080.0609278837333	-249.50843493072674	-830.5524929530064	220.0	2.839866551267964E-4	1.541237732289989E-4	1.541237732289989E-4	2.000215843458758E-4	-0.6466692870948261	6052.2142323857	-4663.4471821429015	-4663.447182142902	8592.813028587758	1713.8366320114155	-830.5524929530064
9380000	-1051.5955862905555	-243.323429217112	-808.2721570734435	832.0	3.253384546607343E-4	1.319731383530484E-4	1.319731383530484E-4	1.6700483541871205E-4	-0.5661784326374518	4523.891937027473	-3574.939701612211	-3574.9397016122107	8812.894597660053	1695.6933218151253	-808.2721570734435
9390000	-1102.7595852562727	-220.13463817161747	-882.6249470846551	17.0	2.072521824947525E-4	1.1637148984635346E-4	1.1637148984635346E-4	1.525250190822944E-4	-0.6545253839109302	8441.338383065215	-6440.458947948033	-6440.458947948034	11470.156264154022	1961.3054267840448	-882.6249470846551
9400000	-1052.5958891210432	-228.76472268877282	-823.8311664322704	346.0	2.542068011303931E-4	1.880502382386617E-4	1.880502382386617E-4	2.448626203934276E-4	-0.7537356532104448	9108.506283465944	-6995.174575245594	-6995.1745752455945	9456.095183804186	1988.603608238877	-823.8311664322704
9410000	-1055.8525674531284	-216.15353851579403	-839.6990289373343	891.0	2.5285335555847604E-4	1.6011737279266562E-4	1.6011737279266562E-4	1.7267524104139914E-4	-0.7662827681100897	9580.326554021716	-8883.593901907429	-8883.593901907429	14028.749587496359	1660.543829254615	-839.6990289373343
9420000	-1016.0568202196738	-234.1325592450864	-781.9242609745874	745.0	3.8087267847374196E-4	1.6039756972808042E-4	1.6039756972808042E-4	2.8273681948558736E-4	-0.488783671841635	3449.720156063816	-1957.0381044864816	-1957.0381044864816	4647.092508911304	1404.5854996065161	-781.9242609745874
9430000	-1084.6233812232701	-281.34977717888586	-803.2736040443842	194.0	4.683784361937147E-4	2.3393165859731524E-4	2.3393165859731524E-4	2.470690386337538E-4	-0.6876720787251701	4050.4589177616085	-3835.084225655828	-3835.0842256558285	7678.6133311520725	1772.8867467094199	-803.2736040443842
9440000	-1077.84538322782	-238.67777446255116	-839.167608765269	286.0	2.7977162387686586E-4	1.403300342950004E-4	1.403300342950004E-4	1.649378988698252E-4	-0.6532637665866344	6235.265656036218	-5304.996906990901	-5304.996906990902	10576.407301451596	1687.4761706188592	-839.167608765269
9450000	-1127.6832565796926	-253.26296815331506	-874.4202884263776	488.0	1.4528516621348096E-4	7.866570650460872E-5	7.866570650460872E-5	1.3904327959558723E-4	-0.553477293697875	9922.709279175708	-5613.913438725927	-5613.913438725928	10368.156383437641	1542.0566225466443	-874.4202884263776
9460000	-1050.8118528760635	-217.229014935503	-833.5828379405605	561.0	2.2264811847441096E-4	1.1124833446958169E-4	1.1124833446958169E-4	1.5298194307591072E-4	-0.6027870543332989	7054.7519839456945	-5130.209438642689	-5130.209438642689	10267.402962385704	1775.6168234144086	-833.5828379405605
9470000	-1108.1893795140118	-263.37843806695935	-844.8109414470524	904.0	3.151210828677537E-4	1.3520652070252354E-4	1.3520652070252354E-4	1.602457061864045E-4	-0.6016801810816088	4974.103551804347	-4196.875229038674	-4196.875229038674	9781.509500901126	1732.6389189537117	-844.8109414470524
9480000	-1079.7338263552328	-258.46526284686803	-821.2685635083649	57.0	4.206316413201174E-4	1.908147914607766E-4	1.908147914607766E-4	2.1153601560003454E-4	-0.6396890368737148	4024.010375748231	-3629.834373623678	-3629.8343736236784	8001.59766760722	1720.510301066255	-821.2685635083649
9490000	-1035.300934033343	-213.4334196308954	-821.8675144024477	41.0	2.1887290935332834E-4	1.0583901024608098E-4	1.0583901024608098E-4	1.7321890375464783E-4	-0.5435657969688239	6484.920577760115	-3962.3710842019327	-3962.3710842019327	8194.102393062503	1843.4347616376745	-821.8675144024477
9500000	-1154.2265589598464	-310.66480164887474	-843.5617573109716	551.0	3.0800074417337267E-4	1.4892818776771294E-4	1.4892818776771294E-4	1.808881855372639E-4	-0.6309514179625973	5394.158065816655	-4441.098145180817	-4441.098145180817	9184.705421892091	1990.4345821530999	-843.5617573109716
9510000	-1080.2152754498998	-251.80820091699496	-828.4070745329047	89.0	4.133433036007069E-4	1.6502335692805898E-4	1.6502335692805898E-4	1.6849386941969707E-4	-0.6253136547447115	3972.684203100116	-3890.8577829479973	-3890.8577829479973	9745.650796240678	2039.1200113806854	-828.4070745329047
9520000	-1113.3764569626212	-264.9865130102032	-848.389943952418	227.0	3.166824273085601E-4	1.6467985931871128E-4	1.6467985931871128E-4	2.0854490667876187E-4	-0.640809159910292	5357.876639462308	-4230.908274316148	-4230.908274316148	8136.115172634666	1945.1557726645992	-848.389943952418
9530000	-1107.9848529351543	-264.16083049535223	-843.8240224398022	147.0	2.9096670288348745E-4	1.2818784424964303E-4	1.2818784424964303E-4	1.5144047276048918E-4	-0.6106666731750251	5480.617003008533	-4639.106481691453	-4639.106481691453	10530.058643270591	1888.0687152786156	-843.8240224398022
9540000	-1095.9182489087684	-229.96255527573163	-865.9556936330367	865.0	2.1764354156133273E-4	1.0579530072567731E-4	1.0579530072567731E-4	1.2774196318957406E-4	-0.6344927910628663	7690.866259752034	-6369.539722698109	-6369.539722698109	13103.504350899235	1835.4953007221577	-865.9556936330367
9550000	-1121.1900283249176	-258.7223251550942	-862.4677031698235	923.0	2.414670536527356E-4	1.4092156208874576E-4	1.4092156208874576E-4	2.0223092016691805E-4	-0.6377122039088676	6979.926138756492	-4863.8561003716295	-4863.8561003716295	8334.14691506188	1880.8545751342212	-862.4677031698235
9560000	-1017.836835701495	-193.7376051099961	-824.0992305914989	474.0	2.2154925296101328E-4	1.399792672778863E-4	1.399792672778863E-4	1.797907229854753E-4	-0.7013663595309001	8883.684780178706	-6916.550896553136	-6916.550896553136	10947.02604176478	2056.1804685547504	-824.0992305914989
9570000	-1044.997048755531	-211.37839310967738	-833.6186556458538	41.0	2.4942065574312444E-4	1.4059118680022128E-4	1.4059118680022128E-4	1.73442056822873E-4	-0.6759501692796339	7382.350872027757	-5984.09341705383	-5984.09341705383	10616.287820591408	1797.0493440346	-833.6186556458538
9580000	-1080.5809988341202	-222.47267227508175	-858.1083265590386	704.0	2.2699092623050922E-4	1.207622740793259E-4	1.207622740793259E-4	1.1877670793616777E-4	-0.7354639537718956	9596.017848989453	-9756.432533662597	-9756.432533662599	18338.687925558723	1763.6427863579052	-858.1083265590386
9590000	-1146.7476230700408	-262.1330165152159	-884.6146065548251	37.0	2.2094889130111324E-4	1.1515906853446163E-4	1.1515906853446163E-4	1.536405992284277E-4	-0.6250276555016253	7427.594376376375	-5567.244947825255	-5567.244947825254	10681.54349004317	1745.0462406190477	-884.6146065548251
9600000	-1088.1336482637598	-257.1811553016356	-830.9524929621243	575.0	2.868588503821748E-4	1.3186367454762963E-4	1.3186367454762963E-4	2.005824308776994E-4	-0.5497238783337142	4995.724783406928	-3284.2090111589055	-3284.209011158906	7144.5333568004835	1802.2096996833527	-830.9524929621243
9610000	-1107.8122446906743	-281.96628590926264	-825.8459587814117	614.0	3.5210220897869716E-4	2.146937299104308E-4	2.146937299104308E-4	2.8742609330317445E-4	-0.6748727464627653	5215.50131323237	-3895.7333950523443	-3895.733395052345	6389.084276295704	1739.5142212838832	-825.8459587814117
9620000	-1120.1767948979964	-262.2930493228653	-857.8837455751311	92.0	3.3631916946059564E-4	1.908522263069506E-4	1.908522263069506E-4	2.151637876911145E-4	-0.709474562729852	5986.894040478403	-5310.4291783961	-5310.4291783961	9358.020942784495	1794.4291330975927	-857.8837455751311
9630000	-1060.0323047385252	-239.5210471011762	-820.511257637349	907.0	2.528746138010819E-4	8.164509721589432E-5	8.164509721589432E-5	1.3671091926897847E-4	-0.43911259334100616	4899.190250558633	-2925.8443028901893	-2925.8443028901893	9062.047488032353	1716.7173639448506	-820.511257637349
9640000	-1102.5956991137737	-229.4047915117731	-873.1909076020005	221.0	2.3143232576004703E-4	8.715721914699934E-5	8.715721914699934E-5	9.947574497890129E-5	-0.5744242357330573	6448.776507995527	-5650.195708075363	-5650.195708075363	15003.208529563743	1936.616946921746	-873.1909076020005
9650000	-1103.4814773054231	-266.5003174894813	-836.9811598159417	654.0	2.306675637087992E-4	1.2291847494007774E-4	1.2291847494007774E-4	2.1987930700954222E-4	-0.5457977225888302	6174.637991499947	-3451.789509184238	-3451.7895091842383	6477.593192620328	1817.0328553756965	-836.9811598159417
9660000	-1152.0164437648264	-280.16217900994235	-871.8542647548841	860.0	2.180626042525839E-4	1.0900069064070398E-4	1.0900069064070398E-4	1.3197764576293426E-4	-0.6425226826271265	7810.142172714089	-6450.4173104973925	-6450.417310497392	12904.457659626485	1968.0862179761964	-871.8542647548841
9670000	-1143.1217596682302	-271.3251169926568	-871.7966426755735	500.0	2.3984758959115648E-4	1.1763560521448747E-4	1.1763560521448747E-4	1.4830362008842675E-4	-0.6237279933354488	6824.163981184478	-5412.98088024345	-5412.98088024345	11036.543011465004	1945.7925071193238	-871.7966426755735
9680000	-1100.988239568506	-258.21199022174477	-842.7762493467613	573.0	2.3490996074975378E-4	1.1908648882675752E-4	1.1908648882675752E-4	1.6670482476633392E-4	-0.6017799165894633	6673.790426402004	-4767.45811142441	-4767.458111424411	9404.285984617663	1827.2707895235635	-842.7762493467613
9690000	-1103.243022800961	-273.93388344543746	-829.3091393555235	142.0	2.9421835587295655E-4	1.5865144923852954E-4	1.5865144923852954E-4	2.1531222585550948E-4	-0.630339925678675	5639.6158839030795	-4155.515227130144	-4155.515227130143	7706.383167625947	1862.04231849166	-829.3091393555235
9700000	-1055.8011671059844	-221.2953010885377	-834.5058660174468	276.0	2.1155360082057196E-4	1.1049541731667033E-4	1.1049541731667033E-4	1.7143734081360705E-4	-0.5802048365611195	7125.720127468841	-4592.695006990995	-4592.695006990996	8793.135405924411	1940.7483447742395	-834.5058660174468
9710000	-1083.0429852612388	-275.1414271734206	-807.9015580878181	243.0	4.304759246497343E-4	2.696678609739628E-4	2.696678609739628E-4	2.844134239515691E-4	-0.7706899774577831	5721.179401506041	-5424.561857935184	-5424.561857935183	8659.33104961215	1887.5650977428713	-807.9015580878181
9720000	-1062.7976390649467	-240.11643111157855	-822.6812079533681	500.0	2.6970887079688513E-4	1.4896758302905915E-4	1.4896758302905915E-4	1.7707399524775653E-4	-0.6816583562990064	6925.857397280835	-5826.5372926910795	-5826.5372926910795	10549.06552092682	1841.7635277408995	-822.6812079533681
9730000	-1032.2410266439902	-224.41168135263266	-807.8293452913575	979.0	3.856156379528123E-4	1.5651630074308667E-4	1.5651630074308667E-4	2.1078814273326756E-4	-0.548983342851647	3711.983465848886	-2756.2552284041526	-2756.255228404152	6790.699200120138	1708.2757119512974	-807.8293452913575
9740000	-1058.0440894427238	-222.372702880573	-835.6713865621508	131.0	2.060844540167886E-4	1.0173573601103988E-4	1.0173573601103988E-4	1.7091887838531147E-4	-0.5420706560841771	6871.507440306675	-4090.114992265324	-4090.1149922653244	8285.280552306736	2123.9823569124806	-835.6713865621508
9750000	-1098.9062950151047	-259.95293606604474	-838.9533589490599	258.0	3.587510820372366E-4	1.2458765597823604E-4	1.2458765597823604E-4	1.6939171837318444E-4	-0.5053966027960706	3743.6802968615098	-2753.4778996121127	-2753.477899612112	7928.660091526418	1679.2797616140267	-838.9533589490599
9760000	-1091.3378829226303	-262.4079096448039	-828.9299732778263	171.0	2.2374415470293528E-4	1.6886225142260204E-4	1.6886225142260204E-4	2.4134819724951846E-4	-0.7266657594126366	9469.912925758605	-6625.741711119365	-6625.741711119365	8779.17335547236	2104.681244602564	-828.9299732778263
9770000	-1088.9760260088133	-264.23513779056736	-824.7408882182458	265.0	2.6356464447072807E-4	1.2505223054880765E-4	1.2505223054880765E-4	1.9501240651969542E-4	-0.5515904594146849	5453.319001369273	-3496.955487016924	-3496.9554870169236	7370.310994219729	1839.4929785532752	-824.7408882182458
9780000	-1075.749026600927	-239.46032645207458	-836.2887001488524	978.0	2.715776456348839E-4	1.3011427141118107E-4	1.3011427141118107E-4	2.2548258358797736E-4	-0.5258010191005255	5089.175925414984	-2936.6987333650573	-2936.6987333650573	6129.548429210149	1752.3439415004402	-836.2887001488524
9790000	-1140.9768712332775	-257.08830201205956	-883.8885692212178	455.0	2.585194090940371E-4	1.2349377871162897E-4	1.2349377871162897E-4	2.015218244393231E-4	-0.5410500719212585	5469.21239291303	-3351.566049267598	-3351.5660492675984	7016.10140717725	1870.2002069751713	-883.8885692212178
9800000	-1049.2395023909096	-221.1648311494371	-828.0746712414724	773.0	3.545465464731344E-4	2.0688781014799188E-4	2.0688781014799188E-4	2.1738113984244407E-4	-0.7452248738829446	6343.34483748119	-6037.1416001923635	-6037.1416001923635	10345.93436600436	1852.1275960558182	-828.0746712414724
9810000	-1189.3183974125857	-270.7329836252564	-918.5854137873292	780.0	1.1355358267472356E-4	6.933368359238831E-5	6.933368359238831E-5	1.1992682230987844E-4	-0.5941357571782986	13611.094981817472	-7869.026583367941	-7869.0265833679405	12887.764134345902	2146.6713415211398	-918.5854137873292
9820000	-1098.8837260880064	-263.7209962348592	-835.1627298531471	11.0	2.4905187042252466E-4	1.338810360654003E-4	1.338810360654003E-4	1.8790358925145382E-4	-0.6188802489703243	6507.797214316979	-4636.796119899248	-4636.796119899248	8625.588659656747	1760.1202193274783	-835.1627298531471
9830000	-1117.2175103503287	-296.3488926231666	-820.868617727162	997.0	2.7131493213836117E-4	1.3172706796254563E-4	1.3172706796254563E-4	2.3728143552745925E-4	-0.5191660640276429	5045.752475223422	-2801.155420138298	-2801.155420138298	5769.469437670295	1792.033615981018	-820.868617727162
9840000	-1123.4562686638374	-283.679195663544	-839.7770730002933	37.0	4.0113923881961167E-4	2.302763867934608E-4	2.302763867934608E-4	2.2817390341121793E-4	-0.7611475387664901	5926.242148745717	-5980.848856395495	-5980.848856395495	10418.580867787714	1793.0353731606338	-839.7770730002933
9850000	-1071.2878620971053	-220.0531418119669	-851.2347202851383	233.0	1.9034654944646563E-4	9.093096191140727E-5	9.093096191140727E-5	1.6278946194985688E-4	-0.516566379863276	7165.668578228209	-4002.6002221036883	-4002.6002221036883	8378.676801345002	1771.426952743734	-851.2347202851383
9860000	-1167.1979370659656	-292.81789608492716	-874.3800409810384	174.0	3.0129865926052706E-4	1.5942041804321632E-4	1.5942041804321632E-4	1.4738330301883876E-4	-0.7565213718450182	7760.478793308638	-8394.29398109391	-8394.29398109391	15864.903335385086	2118.078317775095	-874.3800409810384
9870000	-1092.245376743133	-240.38586503023689	-851.859511712896	835.0	2.6414486280783685E-4	1.8440914261518219E-4	1.8440914261518219E-4	2.2557614007134776E-4	-0.7554657568565962	8819.130826892124	-7209.664789387326	-7209.664789387325	10327.014646216463	2029.9366492329907	-851.859511712896
9880000	-1070.9749162492958	-261.0402087655332	-809.9347074837627	479.0	3.5750420771753417E-4	1.7614718748008078E-4	1.7614718748008078E-4	2.3509039324786594E-4	-0.6075998992586115	4434.164103232193	-3322.405160069533	-3322.405160069533	6743.075728084631	1842.9908043887942	-809.9347074837627
9890000	-1035.6005708122648	-254.87498120495172	-780.7255896073129	596.0	5.573631003330575E-4	2.557567419511746E-4	2.557567419511746E-4	2.828082960564812E-4	-0.6441869337819034	3066.8229309313806	-2773.4711176913743	-2773.4711176913743	6044.143544555171	1457.2592717294972	-780.7255896073129
9900000	-1109.2240169371782	-266.1072551397326	-843.1167617974456	735.0	1.893662765424193E-4	9.35211565701332E-5	9.35211565701332E-5	1.7261307336281773E-4	-0.5172752586694181	7209.969467093785	-3906.3361207912085	-3906.3361207912085	7909.743134567138	1979.46326406381	-843.1167617974456
9910000	-1055.4784295999475	-240.5130064634076	-814.9654231365399	662.0	2.487101340375682E-4	1.5187213300980253E-4	1.5187213300980253E-4	1.682513551736598E-4	-0.7424241087974685	8958.750377828625	-8086.6185450862295	-8086.618545086229	13242.877033466482	2170.149114252136	-814.9654231365399
9920000	-1029.190342021056	-194.76051246179878	-834.4298295592573	63.0	2.4465584984572557E-4	1.1189014243328167E-4	1.1189014243328167E-4	1.3991339013172535E-4	-0.6047618468023946	6444.288039684154	-5153.561828231727	-5153.561828231727	11268.633870676756	1843.961006161596	-834.4298295592573
9930000	-1029.0196208758916	-233.46985237821855	-795.5497684976732	761.0	3.241290617301642E-4	1.3569164842787095E-4	1.3569164842787095E-4	1.897945804230759E-4	-0.5470817518358142	4403.00263685509	-3147.8806428262455	-3147.8806428262455	7519.3986587920635	1842.3714135946557	-795.5497684976732
9940000	-1158.3854325589639	-248.6787217672167	-909.7067107917471	907.0	2.538398351843914E-4	9.191795199496499E-5	9.191795199496499E-5	1.5163353623207814E-4	-0.4685142657176665	5047.431585362095	-3059.676544449237	-3059.676544449237	8449.576746478057	1763.5063406809252	-909.7067107917471
9950000	-1136.6701117566367	-276.2362365392545	-860.4338752173821	273.0	2.801902789358736E-4	1.3880441819730507E-4	1.3880441819730507E-4	1.867157488268755E-4	-0.6068568841875912	5649.617732942832	-4199.923720336076	-4199.923720336076	8477.95635033471	1948.5928560312757	-860.4338752173821
9960000	-1026.596597296661	-221.36065669799822	-805.2359405986628	808.0	4.2168980814443125E-4	1.7702890979540787E-4	1.7702890979540787E-4	2.0500068013347655E-4	-0.6021018915096951	3720.0166831683646	-3212.430794928292	-3212.4307949282925	7652.136180221305	1696.2631748571798	-805.2359405986628
9970000	-1110.0791138962957	-256.4083205597719	-853.6707933365238	885.0	1.806825609458328E-4	7.668267412663786E-5	7.668267412663786E-5	1.639001615364693E-4	-0.44560436860061714	6905.808182413885	-3230.9659335831843	-3230.9659335831843	7612.921769583428	1794.2594332089247	-853.6707933365238
9980000	-1105.1481847142668	-220.58777812381652	-884.5604065904504	736.0	1.551808822564547E-4	7.355605645106423E-5	7.355605645106423E-5	1.0424158462009876E-4	-0.5783341354916762	9682.653472638198	-6832.377002182928	-6832.377002182929	14414.235105342137	2003.3044283262802	-884.5604065904504
9990000	-1052.1432249915304	-203.84758544631737	-848.2956395452129	427.0	2.0953374903833386E-4	1.2669487794264255E-4	1.2669487794264255E-4	1.2901017333049865E-4	-0.7705841756442133	11749.13968520581	-11538.28244641468	-11538.28244641468	19082.536071860708	1901.3289749194273	-848.2956395452129
10000000	-1120.1359182251022	-252.70453741317624	-867.4313808119258	76.0	2.874567223960562E-4	1.4831945142069187E-4	1.4831945142069187E-4	1.2680476503871638E-4	-0.7768623763650705	8774.066776236969	-10262.74344329765	-10262.74344329765	19890.13959223958	2023.1628786567173	-867.4313808119258
10010000	-1118.1934292237368	-252.48195728223115	-865.7114719415056	940.0	1.9490649576571896E-4	9.35142654449158E-5	9.35142654449158E-5	1.50484705803337E-4	-0.546032544718428	7310.218116128456	-4542.71863524293	-4542.718635242929	9468.131586473008	2030.7771789897	-865.7114719415056
10020000	-1147.3846598056084	-279.9238983260411	-867.4607614795672	144.0	2.4369590611620785E-4	8.005912694318024E-5	8.005912694318024E-5	1.242511838483653E-4	-0.46008329547071364	5205.319241288325	-3353.958497704595	-3353.958497704595	10209.27889651314	1980.869963716046	-867.4607614795672
10030000	-1084.2851354917298	-206.9753191203141	-877.3098163714156	380.0	1.3967635239805817E-4	4.206916232735651E-5	4.206916232735651E-5	7.888379999590993E-5	-0.40078227884807577	8529.465706698984	-4548.810749473849	-4548.810749473848	15102.779758046785	1699.7912078551856	-877.3098163714156
10040000	-1041.1392831456003	-232.53690793273043	-808.6023752128699	998.0	2.7999761480020677E-4	1.3516069071925702E-4	1.3516069071925702E-4	1.8104087373246186E-4	-0.6003229108322456	5583.786336711597	-4168.718381319682	-4168.718381319682	8635.877763955437	1754.1961342533543	-808.6023752128699
10050000	-1032.628918436981	-219.57549372828743	-813.0534247086935	314.0	2.946151583822802E-4	1.190128912050966E-4	1.190128912050966E-4	1.5463796100130377E-4	-0.5575815622267958	4925.61991314855	-3790.8690922034552	-3790.8690922034552	9384.256501098966	1584.2995346880132	-813.0534247086935
10060000	-1059.5529591578543	-232.34283156866007	-827.2101275891943	274.0	3.823642085367321E-4	2.533244805504841E-4	2.533244805504841E-4	2.4866974065262254E-4	-0.8215368974392981	8045.190928234123	-8195.78533148272	-8195.78533148272	12370.596654533869	1829.8738143366604	-827.2101275891943
10070000	-1050.2930661377482	-216.10878998541048	-834.1842761523376	940.0	2.2958079083544109E-4	1.0623558358686112E-4	1.0623558358686112E-4	1.4782414144702587E-4	-0.5766729116001884	6525.995751043594	-4689.984736667251	-4689.984736667252	10135.308420175914	1972.778809630024	-834.1842761523376
10080000	-1142.4891775050137	-278.88742484016444	-863.6017526648492	44.0	1.8584854505114412E-4	1.245084210184665E-4	1.245084210184665E-4	2.0193183191725576E-4	-0.6427125054779329	9167.722425816428	-5652.692954529906	-5652.692954529906	8437.539827642859	2051.8290216895793	-863.6017526648492
10090000	-1155.9889667071177	-253.78546460205763	-902.20350210506	251.0	2.1772853916576457E-4	9.591993464292305E-5	9.591993464292305E-5	1.1639459932971636E-4	-0.6025384695167235	7210.760599901596	-5942.334863055291	-5942.334863055292	13488.498441781203	2151.8750647532165	-902.20350210506
10100000	-1153.8490636120973	-265.69608042576056	-888.1529831863368	436.0	3.127955705115725E-4	1.623873669716836E-4	1.623873669716836E-4	1.42166620603255E-4	-0.7700574427758171	7854.755810058822	-8971.959161641505	-8971.959161641505	17282.065328773697	2175.6431051823783	-888.1529831863368
10110000	-1117.8341891661175	-252.7957816331023	-865.0384075330153	179.0	2.8009821048852467E-4	1.4814718925276822E-4	1.4814718925276822E-4	1.8843017300453226E-4	-0.6448564166516764	6111.63909184819	-4805.080517348314	-4805.080517348315	9084.84636766329	2040.193017160246	-865.0384075330153
10120000	-1143.0478260958137	-292.60944630033447	-850.4383797954791	92.0	2.4754258019657287E-4	1.1701004489357373E-4	1.1701004489357373E-4	1.7615303326886904E-4	-0.5603419360390018	5888.643497502436	-3911.5445656466086	-3911.544565646609	8275.134286246417	1742.3538972263184	-850.4383797954791
10130000	-1057.1375723070944	-264.24481243558995	-792.8927598715045	846.0	3.6418544547838145E-4	1.8148031867597756E-4	1.8148031867597756E-4	2.0559567799802191E-4	-0.6632255524030197	4902.1560684575215	-4327.157332128391	-4327.157332128391	8683.518588425435	1729.97522564355	-792.8927598715045
10140000	-1119.5265761867	-281.94848265408143	-837.5780935326185	503.0	3.4986270204108693E-4	1.9190980855869223E-4	1.9190980855869223E-4	1.996829150435312E-4	-0.7260690009283883	6045.0934598393815	-5809.774603622306	-5809.774603622306	10591.555774760429	2074.3504771954413	-837.5780935326185
10150000	-1124.9260721607714	-244.96255675665228	-879.963515404119	525.0	1.8859821237956028E-4	1.2360144161172544E-4	1.2360144161172544E-4	1.7501703250309605E-4	-0.6803221205393928	9870.912396962061	-6971.087241271677	-6971.087241271675	10636.887198903643	2181.2369948553223	-879.963515404119
10160000	-1190.9153499012928	-254.8997316403897	-936.015618260903	704.0	1.832452565628735E-4	9.288000536928918E-5	9.288000536928918E-5	8.262931386046455E-5	-0.7548119859718312	12683.45085557009	-14256.913539858386	-14256.913539858388	28127.81684301973	1870.9514106800225	-936.015618260903
10170000	-1067.7345516732153	-198.36687113847103	-869.3676805347443	481.0	1.6975976049498942E-4	1.1456600868499946E-4	1.1456600868499946E-4	1.3780359330320407E-4	-0.7490453894084768	13420.508984411888	-11157.431471922993	-11157.431471922991	16532.67767772819	2215.400967535009	-869.3676805347443
10180000	-1067.9427746663696	-245.03795345436828	-822.9048212120014	728.0	2.560196295840132E-4	1.2147427390406468E-4	1.2147427390406468E-4	1.727096867320476E-4	-0.5776826591976064	5862.301743601554	-4123.213128255835	-4123.213128255835	8690.099260240786	1549.1937423944241	-822.9048212120014
10190000	-1052.9811647353097	-245.80138019487111	-807.1797845404385	126.0	2.7432263854957603E-4	1.3737330698808563E-4	1.3737330698808563E-4	1.9133522933528644E-4	-0.5996171665327897	5691.7634929574115	-4086.525917563568	-4086.5259175635674	8160.439584558386	1624.687923198534	-807.1797845404385
10200000	-1081.1225061582363	-228.39342319553288	-852.7290829627034	171.0	1.7293497342541912E-4	5.396410317929137E-5	5.396410317929137E-5	1.0540131915065622E-4	-0.3997058688999356	6882.025658896863	-3523.50753986677	-3523.50753986677	11291.537278895354	2010.752689909809	-852.7290829627034
10210000	-1173.9175271766192	-259.37994947233227	-914.5375777042868	752.0	1.5375711910772048E-4	9.412740698890485E-5	9.412740698890485E-5	1.4878056113549516E-4	-0.6223366563634127	10614.9744188736	-6715.662380061797	-6715.662380061796	10970.034482944096	2179.7803453204806	-914.5375777042868
10220000	-1148.5574707874946	-307.92220918601373	-840.6352616014808	610.0	3.420147593618514E-4	1.571826401377657E-4	1.571826401377657E-4	1.8712987708098007E-4	-0.6213132122237005	4762.204894743898	-4000.087799496117	-4000.0877994961174	8703.817832375476	1673.9236785631435	-840.6352616014808
10230000	-1119.7523517374852	-257.1365178050572	-862.615833932428	55.0	2.6543057865993316E-4	1.378014786109748E-4	1.378014786109748E-4	1.4811688386680803E-4	-0.6949860979426159	7287.243329224697	-6779.732867376091	-6779.732867376091	13058.992082571775	1799.7753219371268	-862.615833932428
10240000	-1114.9121468584735	-239.96782416330498	-874.9443226951685	912.0	1.7532146916456794E-4	7.958260604972172E-5	7.958260604972172E-5	1.5302246749767517E-4	-0.48587326815437165	7466.429069907159	-3883.076080168679	-3883.076080168679	8554.464813927074	2427.1002625438546	-874.9443226951685
10250000	-1181.2681556977468	-316.5212720936825	-864.7468836040642	847.0	2.300423011301045E-4	9.76269989946032E-5	9.76269989946032E-5	1.6236483800655737E-4	-0.5051496961814707	5836.315490287463	-3509.269454507568	-3509.2694545075683	8269.028331446856	1821.9188814085155	-864.7468836040642
10260000	-1098.5343012713492	-213.09045734271015	-885.4438439286391	745.0	1.2450650902786083E-4	4.454659239899247E-5	4.454659239899247E-5	1.353022130312487E-4	-0.34321480229372214	9104.143998252204	-2997.4276306789516	-2997.4276306789516	8377.728357240838	1665.0431873267257	-885.4438439286391
10270000	-1055.123079770403	-217.5632814284738	-837.5597983419292	395.0	1.7367367726443039E-4	9.893717081959118E-5	9.893717081959118E-5	1.9177256666053454E-4	-0.542124764979679	8154.5374949723255	-4206.998337374128	-4206.998337374129	7384.937990893408	1840.7132758525368	-837.5597983419292
10280000	-1126.7116974752744	-295.4996506930576	-831.2120467822167	136.0	2.8058488845705517E-4	1.6368883531725094E-4	1.6368883531725094E-4	2.742628306224225E-4	-0.5900698748259703	5467.762949901566	-3263.335928638343	-3263.3359286383425	5593.8008585634525	1748.344447934397	-831.2120467822167
10290000	-1150.0499032605408	-297.87426103424156	-852.1756422262991	129.0	2.801337930706588E-4	1.3190981702213556E-4	1.3190981702213556E-4	1.9303653181090383E-4	-0.5672501428490246	5263.313599277716	-3596.639078094047	-3596.6390780940474	7638.098285615612	1874.461468160162	-852.1756422262991
10300000	-1127.4906807743414	-231.59372617012838	-895.8969546042131	838.0	1.528055830605072E-4	6.355774401926317E-5	6.355774401926317E-5	1.0950612644238014E-4	-0.4913372082702021	8626.903770102277	-5007.085533132106	-5007.085533132107	12038.039362948304	1970.852529819609	-895.8969546042131
10310000	-1102.4863795259598	-238.73229787370485	-863.754081652255	809.0	2.2071143924985292E-4	1.5070282948332204E-4	1.5070282948332204E-4	1.9782739032532653E-4	-0.721216699356146	9442.192508507118	-7192.963144376454	-7192.963144376453	10534.435574364365	1821.649193708259	-863.754081652255
10320000	-1119.832242690844	-229.1936842848608	-890.6385584059832	452.0	1.92759121464305E-4	7.77732516559933E-5	7.77732516559933E-5	1.0707405782878264E-4	-0.5413531360772109	7338.452425193064	-5330.285587408221	-5330.2855874082215	13210.9837907681	1954.6385529197685	-890.6385584059832
10330000	-1076.3269093038423	-258.521377692483	-817.8055316113594	843.0	3.625779397688318E-4	1.6749162954120243E-4	1.6749162954120243E-4	2.0485453171143852E-4	-0.6145675590538813	4431.942687376071	-3623.6118212286797	-3623.6118212286797	7844.223094980864	1729.8286774472076	-817.8055316113594
10340000	-1116.7303371889252	-303.63032294614317	-813.1000142427821	64.0	3.324992959158475E-4	2.3573176002751335E-4	2.3573176002751335E-4	2.988681891559112E-4	-0.7477955693598022	6822.851581015087	-5381.512218284799	-5381.512218284799	7590.614957158861	1785.4792507862549	-813.1000142427821
10350000	-1054.3245860471345	-250.02622532920938	-804.2983607179251	399.0	3.3516339313620006E-4	2.1782815478983572E-4	2.1782815478983572E-4	2.67392140805971E-4	-0.7276313530587307	6340.6711708278435	-5165.360122804678	-5165.360122804679	7947.731215920937	1828.9777368033122	-804.2983607179251
10360000	-1084.863685385996	-238.47579942703538	-846.3878859589605	368.0	2.7267226129900783E-4	1.1398770344564283E-4	1.1398770344564283E-4	1.593238655619342E-4	-0.5468863786829105	5232.310483898687	-3743.438270660868	-3743.4382706608676	8954.753429005623	1807.6649515826152	-846.3878859589605
10370000	-1048.2620490891813	-211.65965994423064	-836.6023891449507	319.0	2.8334644764906996E-4	1.8850425710100895E-4	1.8850425710100895E-4	2.1618132055075686E-4	-0.7616460493851019	8405.067760321232	-7328.991468858191	-7328.991468858192	11016.428644571937	1655.9354880565538	-836.6023891449507
10380000	-1060.8730338169057	-220.0849973629479	-840.7880364539578	934.0	3.232733788495288E-4	1.6165123293468807E-4	1.6165123293468807E-4	1.654047846878192E-4	-0.6990689550698318	6049.953821038202	-5912.661451810914	-5912.661451810913	11824.258997718498	1846.9302050455142	-840.7880364539578
10390000	-1091.7186518239123	-247.94710003733837	-843.771551786574	459.0	2.943030509859667E-4	1.6402977945611984E-4	1.6402977945611984E-4	1.8454712600409043E-4	-0.7038363228224667	6733.572950462005	-5984.9563086205735	-5984.956308620574	10738.238553298423	2134.8580178189713	-843.771551786574
10400000	-1091.7680869572036	-289.2506802499343	-802.5174067072694	683.0	3.34114212477509E-4	1.8982605252152295E-4	1.8982605252152295E-4	2.843611494754057E-4	-0.6158475400899863	4821.709597545533	-3218.7452505229535	-3218.7452505229535	5665.336871619686	1749.4545349220036	-802.5174067072694
10410000	-1116.9967591043116	-284.84018063536	-832.1565784689516	633.0	3.230675205501702E-4	1.4733821119429383E-4	1.4733821119429383E-4	1.8787993498375156E-4	-0.5980376729916843	4818.749343852799	-3778.9341825051747	-3778.9341825051742	8286.043971677544	2132.645836729648	-832.1565784689516
10420000	-1040.0051242421514	-227.8972945752867	-812.1078296668647	558.0	3.2882206060935954E-4	1.1624772347144482E-4	1.1624772347144482E-4	1.621984168584583E-4	-0.503362291361915	4073.1997571685965	-2919.2652319688727	-2919.2652319688727	8257.52780678806	1793.4510248716583	-812.1078296668647
10430000	-1137.0335580890044	-242.4275544669481	-894.6060036220563	843.0	1.1733088683697814E-4	5.849174808359323E-5	5.849174808359323E-5	1.2572704914863523E-4	-0.4815862325236404	11096.453216272592	-5162.381130732518	-5162.381130732518	10355.422364769898	1922.410641525954	-894.6060036220563
10440000	-1027.0858732414986	-221.14448464759363	-805.941388593905	509.0	3.6382347768603E-4	2.240102774673195E-4	2.240102774673195E-4	2.8117558930964274E-4	-0.7003800655266388	5395.013920385342	-4298.163180569267	-4298.163180569266	6980.807727649435	1525.9347960239215	-805.941388593905
10450000	-1066.4659636260178	-259.91468952577276	-806.5512741002451	651.0	2.67388819906732E-4	1.6043180234110552E-4	1.6043180234110552E-4	2.3045938909581196E-4	-0.646281370252113	6422.361655680144	-4470.857359076008	-4470.857359076008	7451.498118015997	1860.0562413249356	-806.5512741002451
10460000	-1093.044782308094	-230.1070309182183	-862.9377513898756	474.0	2.085686991561429E-4	1.1546930011151496E-4	1.1546930011151496E-4	1.396565242071925E-4	-0.6765678439393538	8841.91914994952	-7310.580165754195	-7310.580165754195	13204.879511484962	2089.6172776961766	-862.9377513898756
10470000	-1133.79658927587	-287.580271295157	-846.216317980713	584.0	2.699949578835973E-4	1.7013237845292138E-4	1.7013237845292138E-4	2.2783735700599494E-4	-0.6859566639592761	6995.332413719037	-5223.605809224341	-5223.60580922434	8289.705012572358	1864.1281455905032	-846.216317980713
10480000	-1110.4180836078522	-248.5132405002751	-861.9048431075771	728.0	2.79165860657783E-4	1.8458236796210127E-4	1.8458236796210127E-4	2.3919186638416722E-4	-0.7143085620349081	7313.941354692619	-5644.107530884105	-5644.107530884105	8536.254864970899	1594.134838220995	-861.9048431075771
10490000	-1109.1137344383415	-276.63108385855753	-832.482650579784	632.0	3.178353691404854E-4	1.6508815978184314E-4	1.6508815978184314E-4	2.269810872903578E-4	-0.6146388085089652	5056.551243328229	-3677.7369849135875	-3677.7369849135875	7080.549530301243	1906.5785265036495	-832.482650579784
10500000	-1117.1095085354373	-256.1093717171076	-861.0001368183296	681.0	3.612306091951062E-4	2.1508369238096707E-4	2.1508369238096707E-4	2.1933623028416634E-4	-0.7641172855242316	6652.60724167151	-6523.625064793326	-6523.625064793326	10956.353920787948	2009.8171653887089	-861.0001368183296
10510000	-1076.9966136959265	-280.74247468035725	-796.2541390155693	899.0	5.414404113661837E-4	3.5112511059912115E-4	3.5112511059912115E-4	3.7722459532438517E-4	-0.7769383427092977	4659.636620774642	-4337.244824702571	-4337.244824702571	6688.099344634821	1780.8346237664355	-796.2541390155693
10520000	-1075.3946122461243	-274.7628129680027	-800.6317992781217	282.0	4.9078478838012E-4	1.9513890973034607E-4	1.9513890973034607E-4	1.8557175739420968E-4	-0.6466099558036128	3501.5784375254607	-3682.1023211117563	-3682.102321111756	9260.68415037248	1742.3105208275745	-800.6317992781217
10530000	-1057.5808441416373	-236.3633687035013	-821.2174754381359	335.0	3.1012625351691165E-4	1.371280521135508E-4	1.371280521135508E-4	1.632872117330419E-4	-0.609369837868565	5129.084284490741	-4307.387759234525	-4307.387759234524	9741.508084063296	1754.9288359035415	-821.2174754381359
10540000	-1059.1913349972206	-230.92880475076092	-828.2625302464596	695.0	2.192496807690626E-4	1.1764392547416442E-4	1.1764392547416442E-4	2.0492279370050735E-4	-0.5550152145487122	6591.453998522845	-3784.081355546564	-3784.081355546564	7052.286175115311	1909.156422083199	-828.2625302464596
10550000	-1108.8351072405014	-278.6731035965517	-830.1620036439498	344.0	2.3363660287145044E-4	9.285519164134824E-5	9.285519164134824E-5	1.8396254205148895E-4	-0.44788967209315494	5354.23927750826	-2702.555143359085	-2702.555143359085	6800.005380485523	1831.029003878666	-830.1620036439498
10560000	-1098.5309284783239	-261.77712832633426	-836.7538001519896	325.0	3.302428160832203E-4	1.7003913726886352E-4	1.7003913726886352E-4	2.334328479620736E-4	-0.6124226142189457	4845.39639036617	-3529.5247825507026	-3529.5247825507026	6854.893657699691	1790.0390653655995	-836.7538001519896
10570000	-1157.0283394132766	-298.94943430055974	-858.0789051127168	460.0	2.40129392009794E-4	1.1454828724839239E-4	1.1454828724839239E-4	1.667912696939545E-4	-0.5723731883096563	6193.471191730885	-4253.529087204661	-4253.529087204661	8916.740513034287	1802.320414497434	-858.0789051127168
10580000	-1009.5427110201863	-221.27721746273005	-788.2654935574562	137.0	3.056597331691553E-4	1.5269871930859288E-4	1.5269871930859288E-4	2.3104851031098835E-4	-0.5745987718927833	4884.1964386969385	-3227.9391892064623	-3227.9391892064623	6461.423093308055	1601.6724590723563	-788.2654935574562
10590000	-1045.9411398787734	-191.34653946545538	-854.594600413318	345.0	1.688285678568877E-4	9.807751034743759E-5	9.807751034743759E-5	1.5550532462898532E-4	-0.6053044024800059	9348.337529709874	-5896.014641228314	-5896.014641228314	10149.275857590368	2276.03171318405	-854.594600413318
10600000	-1067.3019443975354	-227.3258942719535	-839.976050125582	971.0	2.324395903661482E-4	9.841941306263239E-5	9.841941306263239E-5	1.6318375343772363E-4	-0.5053441713572389	5777.646447051345	-3484.6151055056225	-3484.6151055056225	8229.702682660516	1578.3309555813896	-839.976050125582
10610000	-1066.962391632715	-218.95491777175437	-848.0074738609608	530.0	1.833132007778923E-4	7.98608722987573E-5	7.98608722987573E-5	1.3859242189678925E-4	-0.5010342760511248	7283.5807066453945	-4197.0051517266675	-4197.0051517266675	9633.834766619384	1881.6269798362687	-848.0074738609608
10620000	-1089.6256731196713	-251.0296480970689	-838.5960250226025	16.0	3.1123286253952715E-4	1.232567572247464E-4	1.232567572247464E-4	1.44517528830662E-4	-0.5811761059022955	4851.799658692817	-4138.024622157307	-4138.024622157307	10448.832805691347	1700.49975263355	-838.5960250226025
10630000	-1117.398775663326	-238.68110637020868	-878.7176692931173	183.0	1.7095862784696832E-4	1.1316718167565433E-4	1.1316718167565433E-4	1.5116755055953124E-4	-0.7039563009934324	11595.639413636374	-8680.737547914361	-8680.73754791436	13113.757521544416	1833.8788254727353	-878.7176692931173
10640000	-1027.400160555418	-186.06235453397892	-841.3378060214391	900.0	2.1687904134381526E-4	8.21423217782873E-5	8.21423217782873E-5	1.3465058803883024E-4	-0.48067778863118216	5996.322130807854	-3657.9997839522466	-3657.9997839522466	9658.157563658631	1906.776365497948	-841.3378060214391
10650000	-1065.6154163242418	-243.40555917350613	-822.2098571507357	170.0	3.3992458690128833E-4	1.6087635547467564E-4	1.6087635547467564E-4	1.6918974435308536E-4	-0.6708322188162031	5348.934259805855	-5086.106446235701	-5086.106446235701	10746.716803544223	1919.5669355702437	-822.2098571507357
10660000	-1061.6197861663716	-241.98057273492796	-819.6392134314436	59.0	3.086052287669628E-4	1.5059726867232019E-4	1.5059726867232019E-4	1.942391045267119E-4	-0.6151019751844454	5212.560265917378	-4041.3970232707015	-4041.3970232707015	8281.665822361705	1634.5580586445828	-819.6392134314436
10670000	-1119.9219621517989	-286.71159195099114	-833.2103702008078	620.0	1.9093574926443336E-4	6.895233204932774E-5	6.895233204932774E-5	1.6487605177486984E-4	-0.3886212503270202	6169.054453440464	-2579.9422446434723	-2579.9422446434723	7144.11232947948	1600.2307799298205	-833.2103702008078
10680000	-1098.1512183879506	-279.07799571605767	-819.073222671893	831.0	3.4562637300740635E-4	1.661365706999183E-4	1.661365706999183E-4	1.9850382869878222E-4	-0.6342746596275141	4840.75415122184	-4051.4397105446064	-4051.4397105446064	8428.514003355416	1715.8625126161294	-819.073222671893
10690000	-1052.8301380245034	-236.48952998550052	-816.3406080390029	605.0	3.0358044043014485E-4	1.5477030477897228E-4	1.5477030477897228E-4	1.9907510022712283E-4	-0.6295674601180682	5456.884228217327	-4242.437322303032	-4242.437322303032	8321.499351192213	1748.4518252817302	-816.3406080390029
10700000	-1045.4688742202047	-210.53230645657177	-834.9365677636329	905.0	2.1699540918448427E-4	1.3456149641521175E-4	1.3456149641521175E-4	2.1354968911904085E-4	-0.6250950551736678	7563.965105420975	-4766.190330768966	-4766.190330768966	7686.013076764703	1838.254790105217	-834.9365677636329
10710000	-1079.3794997176992	-239.20835171947996	-840.1711479982193	462.0	2.2040039022835542E-4	1.2317766302014083E-4	1.2317766302014083E-4	2.0122127115593052E-4	-0.5849097173659993	6896.687473327505	-4221.809357751513	-4221.809357751513	7554.035424150006	1822.896994617564	-840.1711479982193
10720000	-1150.374743037702	-306.64662989037635	-843.7281131473256	277.0	2.846513416667022E-4	1.9879110481269054E-4	1.9879110481269054E-4	3.037662784538195E-4	-0.6760371302865998	6470.0537994118295	-4234.14063446861	-4234.14063446861	6062.916213190892	1776.1700940357869	-843.7281131473256
10730000	-1122.3000356475502	-297.8832634177873	-824.4167722297628	266.0	2.446401946394173E-4	1.1350786471877184E-4	1.1350786471877184E-4	2.1636950726323424E-4	-0.49336009504266537	5402.6676301252055	-2834.249956185683	-2834.249956185683	6108.576376235506	1810.6351752021083	-824.4167722297628
10740000	-1059.725440937232	-204.8260598235458	-854.8993811136861	467.0	1.7440128604213E-4	7.719159889147476E-5	7.719159889147476E-5	1.5028719690594137E-4	-0.47679775625642296	7420.95324311259	-3811.603768837675	-3811.6037688376746	8611.670294624984	2035.9680955953527	-854.8993811136861
10750000	-1046.335231055119	-178.353638597232	-867.9815924578871	98.0	2.4332508672749624E-4	1.3697430155044208E-4	1.3697430155044208E-4	1.3008301797983815E-4	-0.7699018249703823	10091.384686438372	-10625.98631679934	-10625.98631679934	18876.307546990687	1788.3569024534145	-867.9815924578871
10760000	-1072.6791806215344	-240.77328976491657	-831.9058908566178	776.0	2.6564028270519474E-4	1.5543434276466483E-4	1.5543434276466483E-4	2.1431131903322965E-4	-0.6514445567972348	6539.886317487054	-4743.206920193559	-4743.206920193558	8106.231897008336	2006.1119211996104	-831.9058908566178
10770000	-1107.2960773219943	-237.46031079732154	-869.8357665246727	420.0	2.6369804196462365E-4	1.1473263197604928E-4	1.1473263197604928E-4	1.0397442967467865E-4	-0.6928994721904813	7294.262066947124	-8048.997122488784	-8048.997122488784	18499.57369950565	2083.354214583261	-869.8357665246727
10780000	-1062.7831486659788	-242.12256320345284	-820.660585462526	79.0	2.476117372873481E-4	1.6171300457152826E-4	1.6171300457152826E-4	2.2737162625723225E-4	-0.6815397624829105	7541.65075317487	-5363.831111210363	-5363.831111210364	8212.991549329998	1658.8739425702852	-820.660585462526
10790000	-1078.79392266428	-242.58813812239163	-836.2057845418883	463.0	2.9812069209194265E-4	1.6350476464145643E-4	1.6350476464145643E-4	1.9325626159006593E-4	-0.6811889044706997	6258.322460965342	-5294.863579639265	-5294.863579639265	9654.204257325047	1752.1404045292782	-836.2057845418883
10800000	-1118.8922050019235	-254.4334952618213	-864.4587097401021	908.0	2.3850413401280466E-4	1.34582606524233E-4	1.34582606524233E-4	2.169773393552779E-4	-0.5916076619802697	6450.456965642632	-4000.967632325535	-4000.967632325535	7090.420857536601	1888.9505029855663	-864.4587097401021
10810000	-1101.7412199200105	-277.24066997233587	-824.5005499476747	592.0	2.844049865433508E-4	1.6895608931685803E-4	1.6895608931685803E-4	2.546823745158986E-4	-0.6277775780382072	5803.1687647653935	-3849.8176483716416	-3849.817648371642	6480.425422407336	1801.7026301090655	-824.5005499476747
10820000	-1163.1938630025988	-285.957631049156	-877.2362319534428	652.0	2.4772243959999884E-4	1.0553270812897429E-4	1.0553270812897429E-4	2.029390168535158E-4	-0.47067554344995277	5185.561878044888	-2696.60510159787	-2696.60510159787	6329.882045566717	1959.4683153337367	-877.2362319534428
10830000	-1041.6087620220835	-218.7537272143347	-822.8550348077489	536.0	3.0340311065992165E-4	1.5973755142912414E-4	1.5973755142912414E-4	2.1014219649240188E-4	-0.6326162955919481	5495.104489715599	-4177.050352978937	-4177.050352978938	7933.826824929453	1722.1038661309947	-822.8550348077489
10840000	-1063.6869684471649	-233.68530974505717	-830.0016587021078	786.0	2.663598367349624E-4	1.7372377545622086E-4	1.7372377545622086E-4	2.14941829047553E-4	-0.7260464712685558	7939.659484692715	-6417.120518744902	-6417.120518744902	9838.970913409667	1719.2619724325525	-830.0016587021078
10850000	-1138.5636286659517	-282.64645463378645	-855.9171740321652	191.0	2.975039243988612E-4	1.7312298513114672E-4	1.7312298513114672E-4	1.708293574331446E-4	-0.76793971601213	8192.925948768634	-8302.927661390719	-8302.927661390719	14268.20107909051	1838.9798301645471	-855.9171740321652
10860000	-1079.142009365536	-215.9050192705544	-863.2369900949817	474.0	1.8058925753404825E-4	1.3164900909359777E-4	1.3164900909359777E-4	1.7042720041957648E-4	-0.7504161694584399	12675.068795921083	-9791.044170578993	-9791.044170578993	13430.844709137418	2506.645731282526	-863.2369900949817
10870000	-1099.428084650179	-275.1966364543502	-824.2314481958289	334.0	2.8311822156902057E-4	1.213033058524255E-4	1.213033058524255E-4	1.802149046614532E-4	-0.537023601440951	4963.554443582841	-3340.9864956296224	-3340.9864956296224	7797.7607311009615	1728.2940757419633	-824.2314481958289
10880000	-1101.438521469781	-279.5525697920711	-821.8859516777101	183.0	3.7895422305232106E-4	1.53680228249238E-4	1.53680228249238E-4	2.2368135706416132E-4	-0.5278490287987843	3658.0692184554355	-2513.275669560999	-2513.275669560999	6197.390773848703	1679.5244340429988	-821.8859516777101
10890000	-1033.365606471734	-231.89007573323153	-801.4755307385025	98.0	2.946140430725498E-4	9.714423504399198E-5	9.714423504399198E-5	1.9363148638833585E-4	-0.40672636104036275	4067.072163765621	-2040.4357864885164	-2040.4357864885167	6188.1287800050295	1480.2918829274565	-801.4755307385025
10900000	-1142.627105889601	-250.69982395480437	-891.9272819347965	113.0	2.1687950252187107E-4	9.994793371893124E-5	9.994793371893124E-5	1.3260838801131865E-4	-0.5893578439004343	7064.741416685536	-5324.748437451826	-5324.748437451826	11554.303817988035	1956.8504449626473	-891.9272819347965
10910000	-1116.4086494053736	-229.00900992287927	-887.3996394824943	988.0	2.019620958907809E-4	1.1237746336773276E-4	1.1237746336773276E-4	1.2840944384589432E-4	-0.6978238487823871	9651.111119784055	-8446.16528067089	-8446.16528067089	15179.246720869045	1815.0208079898932	-887.3996394824943
10920000	-1086.3371986664406	-216.90320011845944	-869.4339985479811	424.0	1.8798619929285315E-4	9.808274000928618E-5	9.808274000928618E-5	1.412862506696909E-4	-0.6018380695634792	8340.569167523834	-5790.130839413677	-5790.130839413676	11097.413161649663	1990.4310560986323	-869.4339985479811
10930000	-1091.9418991532857	-231.8458004994717	-860.0960986538139	585.0	2.9163260230207974E-4	1.6159860975904354E-4	1.6159860975904354E-4	1.6695279043490194E-4	-0.7323568406849172	7395.5490830187055	-7158.373616322326	-7158.373616322325	12918.521570769884	1974.3143914242935	-860.0960986538139
10940000	-1163.489330534181	-280.1695943720765	-883.3197361621044	198.0	1.930178883073563E-4	1.1691137169793451E-4	1.1691137169793451E-4	1.269844464659909E-4	-0.7467628610959262	11712.270452647392	-10783.191504346332	-10783.19150434633	17802.79217628515	1716.5190080046211	-883.3197361621044
10950000	-1127.1966406974907	-257.31940277127944	-869.8772379262111	304.0	2.8025074922334776E-4	1.2612060986666958E-4	1.2612060986666958E-4	1.0670047891913774E-4	-0.7293390829234795	7623.3790107621335	-9010.879986871743	-9010.879986871745	20022.943673933576	1873.6766543186752	-869.8772379262111
10960000	-1122.842486323094	-267.8885756551791	-854.9539106679147	181.0	2.9026948884142595E-4	1.6001302432861657E-4	1.6001302432861657E-4	1.7059411551819135E-4	-0.7190723945511873	7133.620934603468	-6691.1584651823	-6691.1584651823	12138.006612866064	1912.388451810171	-854.9539106679147
10970000	-1104.4242950239184	-249.86355874037457	-854.5607362835437	570.0	2.450168506566878E-4	1.1011670268655623E-4	1.1011670268655623E-4	1.308921366801833E-4	-0.6148914343767329	6562.6242252919565	-5520.992773047716	-5520.992773047716	12284.56926830625	2065.072572043279	-854.5607362835437
10980000	-1101.8759418674563	-251.93219461725275	-849.9437472502036	925.0	2.8251265580209254E-4	1.7488717038107717E-4	1.7488717038107717E-4	2.1415167024661707E-4	-0.7110141833966688	7158.663598223543	-5846.129609736784	-5846.129609736783	9443.835123017654	1802.6361665800925	-849.9437472502036
10990000	-1111.6878956137039	-252.54571698038404	-859.1421786333199	100.0	2.119286937499718E-4	9.49059524460789E-5	9.49059524460789E-5	1.4995046635734105E-4	-0.532383590564214	6584.95790601847	-4167.720961925669	-4167.720961925669	9306.683475697793	1931.392192857118	-859.1421786333199
11000000	-1073.4603045528995	-226.37611790274744	-847.084186650152	637.0	1.3970301604020584E-4	7.098745991683732E-5	7.098745991683732E-5	1.6176778927764384E-4	-0.47220732551197575	9212.168759896374	-4042.5134293447377	-4042.5134293447377	7955.649055820682	2003.9090247262602	-847.084186650152
