time	tree_1	tree_2	tree_3	tree_4	tree_5	tree_6	tree_7	tree_8	tree_9	tree_10	tree_11	tree_12	tree_13	tree_14	tree_15	tree_16	tree_17	tree_18	tree_19	tree_20	tree_21	tree_22	tree_23	tree_24	tree_25	tree_26	tree_27	tree_28	tree_29	tree_30	tree_31	tree_32	tree_33	tree_34	tree_35	tree_36	tree_37	tree_38	tree_39	tree_40	tree_41	tree_42	tree_43	tree_44	tree_45	tree_46	tree_47	tree_48	tree_49	tree_50	tree_51	tree_52	tree_53	tree_54	tree_55	tree_56	tree_57	tree_58	tree_59	tree_60	tree_61	tree_62	tree_63	tree_64	tree_65	tree_66	tree_67	tree_68	tree_69	tree_70	tree_71	tree_72	tree_73	tree_74	tree_75	tree_76	tree_77	tree_78	tree_79	tree_80	tree_81	tree_82	tree_83	tree_84	tree_85	tree_86	tree_87	tree_88	tree_89	tree_90	tree_91	tree_92	tree_93	tree_94	tree_95	tree_96	tree_97	tree_98	tree_99	tree_100	tree_101	tree_102	tree_103	tree_104	tree_105	tree_106	tree_107	tree_108	tree_109	tree_110	tree_111	tree_112	tree_113	tree_114	tree_115	tree_116	tree_117	tree_118	tree_119	tree_120	tree_121	tree_122	tree_123	tree_124	tree_125	tree_126	tree_127	tree_128	tree_129	tree_130	tree_131	tree_132	tree_133	tree_134	tree_135	tree_136	tree_137	tree_138	tree_139	tree_140	tree_141	tree_142	tree_143	tree_144	tree_145	tree_146	tree_147	tree_148	tree_149	tree_150	tree_151	tree_152	tree_153	tree_154	tree_155	tree_156	tree_157	tree_158	tree_159	tree_160	tree_161	tree_162	tree_163	tree_164	tree_165	tree_166	tree_167	tree_168	tree_169	tree_170	tree_171	tree_172	tree_173	tree_174	tree_175	tree_176	tree_177	tree_178	tree_179	tree_180	tree_181	tree_182	tree_183	tree_184	tree_185	tree_186	tree_187	tree_188	tree_189	tree_190	tree_191	tree_192	tree_193	tree_194	tree_195	tree_196	tree_197	tree_198	tree_199	tree_200	tree_201	tree_202	tree_203	tree_204	tree_205	tree_206	tree_207	tree_208	tree_209	tree_210	tree_211	tree_212	tree_213	tree_214	tree_215	tree_216	tree_217	tree_218	tree_219	tree_220	tree_221	tree_222	tree_223	tree_224	tree_225	tree_226	tree_227	tree_228	tree_229	tree_230	tree_231	tree_232	tree_233	tree_234	tree_235	tree_236	tree_237	tree_238	tree_239	tree_240	tree_241	tree_242	tree_243	tree_244	tree_245	tree_246	tree_247	tree_248	tree_249	tree_250	tree_251	tree_252	tree_253	tree_254	tree_255	tree_256	tree_257	tree_258	tree_259	tree_260	tree_261	tree_262	tree_263	tree_264	tree_265	tree_266	tree_267	tree_268	tree_269	tree_270	tree_271	tree_272	tree_273	tree_274	tree_275	tree_276	tree_277	tree_278	tree_279	tree_280	tree_281	tree_282	tree_283	tree_284	tree_285	tree_286	tree_287	tree_288	tree_289	tree_290	tree_291	tree_292	tree_293	tree_294	tree_295	tree_296	tree_297	tree_298	tree_299	tree_300	tree_301	tree_302	tree_303	tree_304	tree_305	tree_306	tree_307	tree_308	tree_309	tree_310	tree_311	tree_312	tree_313	tree_314	tree_315	tree_316	tree_317	tree_318	tree_319	tree_320	tree_321	tree_322	tree_323	tree_324	tree_325	tree_326	tree_327	tree_328	tree_329	tree_330	tree_331	tree_332	tree_333	tree_334	tree_335	tree_336	tree_337	tree_338	tree_339	tree_340	tree_341	tree_342	tree_343	tree_344	tree_345	tree_346	tree_347	tree_348	tree_349	tree_350	tree_351	tree_352	tree_353	tree_354	tree_355	tree_356	tree_357	tree_358	tree_359	tree_360	tree_361	tree_362	tree_363	tree_364	tree_365	tree_366	tree_367	tree_368	tree_369	tree_370	tree_371	tree_372	tree_373	tree_374	tree_375	tree_376	tree_377	tree_378	tree_379	tree_380	tree_381	tree_382	tree_383	tree_384	tree_385	tree_386	tree_387	tree_388	tree_389	tree_390	tree_391	tree_392	tree_393	tree_394	tree_395	tree_396	tree_397	tree_398	tree_399	tree_400	tree_401	tree_402	tree_403	tree_404	tree_405	tree_406	tree_407	tree_408	tree_409	tree_410	tree_411	tree_412	tree_413	tree_414	tree_415	tree_416	tree_417	tree_418	tree_419	tree_420	tree_421	tree_422	tree_423	tree_424	tree_425	tree_426	tree_427	tree_428	tree_429	tree_430	tree_431	tree_432	tree_433	tree_434	tree_435	tree_436	tree_437	tree_438	tree_439	tree_440	tree_441	tree_442	tree_443	tree_444	tree_445	tree_446	tree_447	tree_448	tree_449	tree_450	tree_451	tree_452	tree_453	tree_454	tree_455	tree_456	tree_457	tree_458	tree_459	tree_460	tree_461	tree_462	tree_463	tree_464	tree_465	tree_466	tree_467	tree_468	tree_469	tree_470	tree_471	tree_472	tree_473	tree_474	tree_475	tree_476	tree_477	tree_478	tree_479	tree_480	tree_481	tree_482	tree_483	tree_484	tree_485	tree_486	tree_487	tree_488	tree_489	tree_490	tree_491	tree_492	tree_493	tree_494	tree_495	tree_496	tree_497	tree_498	tree_499	tree_500	tree_501	tree_502	tree_503	tree_504	tree_505	tree_506	tree_507	tree_508	tree_509	tree_510	tree_511	tree_512	tree_513	tree_514	tree_515	tree_516	tree_517	tree_518	tree_519	tree_520	tree_521	tree_522	tree_523	tree_524	tree_525	tree_526	tree_527	tree_528	tree_529	tree_530	tree_531	tree_532	tree_533	tree_534	tree_535	tree_536	tree_537	tree_538	tree_539	tree_540	tree_541	tree_542	tree_543	tree_544	tree_545	tree_546	tree_547	tree_548	tree_549	tree_550	tree_551	tree_552	tree_553	tree_554	tree_555	tree_556	tree_557	tree_558	tree_559	tree_560	tree_561	tree_562	tree_563	tree_564	tree_565	tree_566	tree_567	tree_568	tree_569	tree_570	tree_571	tree_572	tree_573	tree_574	tree_575	tree_576	tree_577	tree_578	tree_579	tree_580	tree_581	tree_582	tree_583	tree_584	tree_585	tree_586	tree_587	tree_588	tree_589	tree_590	tree_591	tree_592	tree_593	tree_594	tree_595	tree_596	tree_597	tree_598	tree_599	tree_600	tree_601	tree_602	tree_603	tree_604	tree_605	tree_606	tree_607	tree_608	tree_609	tree_610	tree_611	tree_612	tree_613	tree_614	tree_615	tree_616	tree_617	tree_618	tree_619	tree_620	tree_621	tree_622	tree_623	tree_624	tree_625	tree_626	tree_627	tree_628	tree_629	tree_630	tree_631	tree_632	tree_633	tree_634	tree_635	tree_636	tree_637	tree_638	tree_639	tree_640	tree_641	tree_642	tree_643	tree_644	tree_645	tree_646	tree_647	tree_648	tree_649	tree_650	tree_651	tree_652	tree_653	tree_654	tree_655	tree_656	tree_657	tree_658	tree_659	tree_660	tree_661	tree_662	tree_663	tree_664	tree_665	tree_666	tree_667	tree_668	tree_669	tree_670	tree_671	tree_672	tree_673	tree_674	tree_675	tree_676	tree_677	tree_678	tree_679	tree_680	tree_681	tree_682	tree_683	tree_684	tree_685	tree_686	tree_687	tree_688	tree_689	tree_690	tree_691	tree_692	tree_693	tree_694	tree_695	tree_696	tree_697	tree_698	tree_699	tree_700	tree_701	tree_702	tree_703	tree_704	tree_705	tree_706	tree_707	tree_708	tree_709	tree_710	tree_711	tree_712	tree_713	tree_714	tree_715	tree_716	tree_717	tree_718	tree_719	tree_720	tree_721	tree_722	tree_723	tree_724	tree_725	tree_726	tree_727	tree_728	tree_729	tree_730	tree_731	tree_732	tree_733	tree_734	tree_735	tree_736	tree_737	tree_738	tree_739	tree_740	tree_741	tree_742	tree_743	tree_744	tree_745	tree_746	tree_747	tree_748	tree_749	tree_750	tree_751	tree_752	tree_753	tree_754	tree_755	tree_756	tree_757	tree_758	tree_759	tree_760	tree_761	tree_762	tree_763	tree_764	tree_765	tree_766	tree_767	tree_768	tree_769	tree_770	tree_771	tree_772	tree_773	tree_774	tree_775	tree_776	tree_777	tree_778	tree_779	tree_780	tree_781	tree_782	tree_783	tree_784	tree_785	tree_786	tree_787	tree_788	tree_789	tree_790	tree_791	tree_792	tree_793	tree_794	tree_795	tree_796	tree_797	tree_798	tree_799	tree_800	tree_801	tree_802	tree_803	tree_804	tree_805	tree_806	tree_807	tree_808	tree_809	tree_810	tree_811	tree_812	tree_813	tree_814	tree_815	tree_816	tree_817	tree_818	tree_819	tree_820	tree_821	tree_822	tree_823	tree_824	tree_825	tree_826	tree_827	tree_828	tree_829	tree_830	tree_831	tree_832	tree_833	tree_834	tree_835	tree_836	tree_837	tree_838	tree_839	tree_840	tree_841	tree_842	tree_843	tree_844	tree_845	tree_846	tree_847	tree_848	tree_849	tree_850	tree_851	tree_852	tree_853	tree_854	tree_855	tree_856	tree_857	tree_858	tree_859	tree_860	tree_861	tree_862	tree_863	tree_864	tree_865	tree_866	tree_867	tree_868	tree_869	tree_870	tree_871	tree_872	tree_873	tree_874	tree_875	tree_876	tree_877	tree_878	tree_879	tree_880	tree_881	tree_882	tree_883	tree_884	tree_885	tree_886	tree_887	tree_888	tree_889	tree_890	tree_891	tree_892	tree_893	tree_894	tree_895	tree_896	tree_897	tree_898	tree_899	tree_900	tree_901	tree_902	tree_903	tree_904	tree_905	tree_906	tree_907	tree_908	tree_909	tree_910	tree_911	tree_912	tree_913	tree_914	tree_915	tree_916	tree_917	tree_918	tree_919	tree_920	tree_921	tree_922	tree_923	tree_924	tree_925	tree_926	tree_927	tree_928	tree_929	tree_930	tree_931	tree_932	tree_933	tree_934	tree_935	tree_936	tree_937	tree_938	tree_939	tree_940	tree_941	tree_942	tree_943	tree_944	tree_945	tree_946	tree_947	tree_948	tree_949	tree_950	tree_951	tree_952	tree_953	tree_954	tree_955	tree_956	tree_957	tree_958	tree_959	tree_960	tree_961	tree_962	tree_963	tree_964	tree_965	tree_966	tree_967	tree_968	tree_969	tree_970	tree_971	tree_972	tree_973	tree_974	tree_975	tree_976	tree_977	tree_978	tree_979	tree_980	tree_981	tree_982	tree_983	tree_984	tree_985	tree_986	tree_987	tree_988	tree_989	tree_990	tree_991	tree_992	tree_993	tree_994	tree_995	tree_996	tree_997	tree_998	tree_999	tree_1000
2023.45867148254	10	0	2	12	4	6	2	8	2	6	10	2	4	14	4	4	12	8	8	8	4	4	4	8	12	12	4	0	4	12	8	8	0	2	8	0	4	6	2	6	8	6	2	10	12	6	10	2	14	4	2	0	2	2	2	8	10	4	4	2	8	2	2	8	2	2	4	10	4	0	8	2	10	4	8	6	4	8	8	6	2	8	0	8	12	10	6	2	12	4	8	8	0	4	4	2	2	8	6	6	10	6	2	10	4	8	6	4	2	2	4	8	8	8	4	0	14	8	6	4	4	6	8	6	16	10	4	8	4	2	6	10	6	18	6	8	0	4	10	2	4	6	10	4	10	8	4	10	2	2	4	4	2	8	6	2	6	8	0	4	0	8	2	8	6	2	6	0	4	0	6	6	10	12	0	10	6	8	2	10	4	2	6	10	10	10	2	4	6	0	4	6	8	4	4	2	4	4	4	6	6	2	6	4	2	8	4	6	4	6	2	6	8	6	6	4	4	8	0	6	0	8	4	8	8	8	14	6	4	10	8	2	10	4	2	0	6	12	4	6	0	2	4	0	8	2	10	2	12	0	8	2	8	12	10	8	2	2	12	8	6	0	8	0	2	8	8	0	4	6	4	6	8	4	10	0	4	10	6	6	2	10	6	4	0	4	12	2	4	4	4	8	8	8	6	2	2	4	12	0	2	8	4	10	6	2	6	2	6	8	8	10	0	6	10	6	10	6	8	6	8	0	2	4	6	6	6	6	14	2	6	4	4	4	8	8	12	4	8	6	4	8	6	12	2	6	8	12	12	0	6	14	2	2	8	4	0	8	4	0	14	2	8	2	8	6	8	10	6	8	2	10	0	8	8	8	0	12	2	4	8	6	4	8	0	8	12	4	16	6	6	4	6	10	4	12	2	12	2	4	4	2	8	8	8	2	0	4	2	2	4	8	2	6	6	10	12	8	8	4	10	8	4	12	6	8	8	6	2	8	4	4	10	12	10	2	2	4	8	6	2	2	14	14	6	4	0	8	12	6	4	8	2	4	8	0	12	8	8	0	10	14	14	2	4	0	8	4	2	12	2	4	14	2	4	4	8	10	8	2	12	2	2	6	2	2	8	8	6	6	4	2	4	10	4	4	8	6	10	6	16	6	2	8	2	6	6	6	4	4	2	6	4	12	2	0	2	8	6	8	6	12	4	14	6	8	12	8	4	12	4	8	8	2	6	8	0	4	10	2	8	6	0	6	8	2	4	14	2	6	2	12	10	0	12	2	0	6	8	6	0	6	4	14	2	2	2	4	2	8	2	12	0	4	2	8	2	10	8	6	8	4	4	2	8	4	0	4	2	6	0	2	4	8	6	2	10	6	2	2	0	4	4	8	2	8	0	4	6	2	6	8	8	12	8	8	2	0	10	6	8	0	4	10	2	2	6	10	10	0	8	6	4	2	6	10	14	0	0	12	12	14	2	8	4	6	12	8	6	4	0	10	8	6	4	2	2	6	4	4	2	2	14	12	10	4	6	8	0	8	2	0	4	10	4	4	4	12	10	6	10	2	4	8	8	6	2	10	10	2	10	2	4	8	8	4	2	0	0	8	8	4	2	2	6	2	0	12	2	4	14	6	10	6	2	8	14	4	6	4	4	4	4	4	0	10	4	4	0	4	4	0	12	8	0	4	4	4	10	0	10	2	4	2	0	2	4	8	2	10	0	4	0	8	6	6	8	10	14	10	8	0	2	4	10	2	12	4	2	4	10	4	10	0	6	8	4	4	4	4	4	2	4	12	6	4	8	10	2	14	14	0	6	8	6	4	6	0	8	10	8	6	6	2	14	14	0	8	4	10	8	4	2	0	6	4	0	2	2	2	14	10	10	8	2	12	8	6	8	2	2	6	6	8	10	4	8	2	8	12	2	12	8	6	4	0	4	6	10	6	10	6	8	4	4	4	6	6	4	0	10	4	2	2	10	2	8	0	2	6	14	4	14	2	10	2	2	8	4	6	14	8	4	0	8	10	0	8	6	8	8	4	2	8	4	10	10	8	10	2	4	6	14	4	10	4	4	4	10	6	8	4	2	12	6	2	12	2	2	2	8	2	10	4	4	2	0	10	4	8	6	6	0	0	8	4	8	8	6	8	6	8	4	8	6	8	2	0	4	6	0	8	10	2	4	10	4	0	10	6	2	0	8	10	6	10	6	8	2	8	8	4	2	16	6	0	8	4	2	0	4	2	14	4	4	6	0	8	2	10	0	8	10	8	6	6	12	4	10	4
2023.47589692231	15	4	6	12	12	8	4	9	6	14	10	4	2	13	6	6	12	8	12	16	8	8	4	7	11	10	2	10	6	17	10	10	2	10	11	2	3	8	4	12	7	8	14	18	11	8	14	2	12	3	8	8	4	4	2	8	7	3	3	4	11	8	4	10	6	4	6	10	2	2	6	2	11	4	6	8	14	5	11	13	10	8	8	16	18	12	8	4	9	9	9	8	0	4	6	2	4	12	6	10	11	8	2	12	8	9	8	4	8	4	4	12	10	10	10	0	13	12	6	8	8	8	10	5	15	12	8	10	5	4	8	11	11	17	10	13	0	4	11	5	4	5	10	4	10	10	6	10	12	4	4	9	12	8	9	8	8	8	0	6	0	5	4	6	12	10	10	2	6	6	5	9	15	14	4	12	10	20	2	9	4	4	8	9	11	12	10	14	9	6	6	10	10	16	6	2	10	11	12	14	8	6	15	6	7	12	7	8	4	9	6	10	8	12	10	6	10	12	0	8	0	6	4	14	10	11	16	8	7	9	10	2	9	3	4	6	8	11	6	6	2	8	6	4	10	10	9	6	12	0	12	6	14	12	10	6	4	6	9	10	6	0	5	6	6	8	10	0	8	10	10	7	10	9	10	10	8	9	4	10	6	10	8	4	0	7	14	6	6	13	4	14	8	9	12	6	0	8	12	6	12	12	8	12	7	14	8	2	8	8	14	10	6	4	9	8	10	6	6	4	10	10	8	8	6	6	8	5	14	8	8	6	4	10	10	8	13	4	10	12	7	11	8	13	14	6	10	12	13	10	6	13	6	2	6	2	0	7	4	2	14	10	12	5	12	8	8	10	8	10	10	10	0	10	20	8	0	12	6	4	11	6	13	9	4	9	12	4	14	10	6	6	8	9	4	15	6	12	2	6	6	8	11	12	13	14	0	4	2	8	4	10	8	8	12	9	10	12	8	4	12	7	8	12	8	8	10	6	6	6	2	10	10	12	16	4	2	4	14	12	10	5	15	16	7	10	10	8	18	6	8	11	8	8	8	6	12	8	12	2	6	14	15	2	3	0	13	4	8	11	12	10	14	12	9	6	10	10	8	6	12	4	8	4	4	2	9	10	12	7	6	4	4	12	10	4	12	6	10	7	14	10	6	12	10	8	8	10	6	8	4	8	12	13	4	6	12	11	6	7	8	14	9	15	6	8	14	6	8	12	4	7	8	2	8	10	0	6	10	4	12	7	2	8	14	6	4	14	8	14	12	12	11	10	14	0	0	8	8	6	12	10	8	13	10	6	2	6	2	8	2	15	10	3	6	12	6	9	8	5	10	2	6	6	7	10	0	6	6	8	8	4	2	11	4	8	10	8	4	2	4	4	6	8	2	10	0	6	8	4	11	8	16	12	8	12	8	10	12	7	5	4	6	9	6	0	4	9	10	10	8	8	4	12	14	11	14	0	2	12	9	11	2	8	6	12	14	13	6	2	6	10	12	8	11	12	8	4	8	4	4	2	14	9	11	13	12	12	4	8	12	0	6	12	6	4	6	11	10	10	11	4	9	6	14	10	6	9	14	6	10	2	7	8	8	10	6	0	8	10	10	14	10	4	7	4	0	9	8	9	14	6	10	8	8	8	16	4	8	5	8	6	3	8	4	11	4	4	10	6	6	6	12	12	0	6	10	3	12	6	12	6	9	8	6	8	2	10	14	14	4	0	2	8	9	8	10	13	16	7	12	6	10	4	14	4	10	4	4	6	13	4	8	4	16	5	8	12	6	8	6	6	2	13	11	5	11	7	4	15	13	8	5	12	12	8	10	0	9	10	10	8	8	8	13	16	2	12	6	10	10	4	12	2	4	6	0	6	6	2	13	8	12	6	8	13	8	12	8	2	4	6	6	9	9	8	9	10	10	16	4	14	8	9	6	8	8	8	12	8	10	10	12	6	4	9	10	5	6	0	5	4	6	14	7	6	8	2	2	8	14	8	16	6	14	4	10	13	8	10	12	9	10	0	12	10	0	14	10	10	10	6	4	12	8	15	9	12	10	6	6	5	15	4	6	10	4	6	10	8	9	8	14	15	8	6	12	4	8	4	11	4	10	6	6	2	2	12	6	7	8	8	0	4	14	10	12	10	6	9	5	18	0	10	4	12	2	0	10	10	0	8	13	6	6	11	14	10	15	8	2	0	8	10	10	14	11	10	2	6	12	8	4	15	4	8	12	6	4	2	5	10	14	4	6	6	0	10	6	13	2	10	13	8	8	12	11	16	5	16
2023.49312236208	13	10	13	5	11	8	4	6	14	20	6	4	3	11	5	5	3	5	9	9	12	6	14	2	9	3	0	12	13	11	3	7	4	9	6	8	2	5	6	13	2	5	15	22	6	7	14	2	0	4	11	14	8	8	0	5	5	0	0	5	6	11	8	10	5	12	2	4	2	2	6	2	19	4	0	11	16	3	6	15	12	2	18	9	11	3	12	4	3	11	8	0	2	0	10	2	13	12	2	6	19	5	3	6	13	10	11	2	13	12	2	10	16	7	12	0	3	10	8	6	6	11	9	2	8	23	9	7	4	11	6	9	14	5	6	12	2	0	9	13	2	9	6	2	9	4	5	11	16	8	2	11	13	12	10	7	8	7	2	9	0	2	6	3	22	15	8	10	2	12	3	9	13	6	14	14	6	18	2	0	0	8	3	13	11	3	11	16	9	8	7	9	6	16	13	0	17	11	17	11	6	6	18	13	9	8	7	11	0	10	7	9	9	21	8	10	13	9	2	10	0	3	9	12	9	12	5	16	7	6	12	0	8	0	8	6	10	14	13	4	2	17	9	4	3	11	10	13	10	0	17	6	11	9	3	0	6	10	3	4	0	0	2	12	13	8	9	0	7	7	7	5	9	11	8	12	9	8	2	8	10	6	7	0	0	10	12	13	13	17	4	12	2	8	11	6	4	10	11	6	14	6	6	12	7	17	13	2	6	0	10	6	8	4	0	7	6	8	6	2	9	16	8	5	3	3	8	8	7	8	4	7	2	15	5	8	4	2	10	21	16	8	7	10	15	6	8	8	8	12	0	4	6	0	4	2	2	7	0	8	6	11	16	7	10	2	8	11	6	9	15	9	0	9	18	7	0	8	10	5	13	2	17	8	8	10	6	0	11	15	5	6	11	6	2	8	7	9	0	2	10	14	10	16	12	17	0	10	3	8	2	7	15	10	14	9	6	10	9	14	12	3	7	11	5	5	9	0	5	5	0	9	8	3	16	4	0	9	12	10	15	13	7	5	7	16	16	0	11	2	6	12	10	6	2	6	8	5	10	4	5	5	7	2	3	0	12	6	8	5	18	9	5	12	11	9	5	9	2	9	3	4	13	6	6	2	8	8	13	5	2	6	3	7	8	2	10	8	6	7	11	8	12	12	18	4	9	12	5	7	4	8	10	5	4	8	16	10	8	0	10	6	6	6	0	2	11	0	5	3	6	3	0	6	10	8	6	2	5	4	10	7	2	13	12	9	15	14	9	11	12	8	11	12	12	5	0	4	5	8	18	15	9	11	15	5	5	2	2	8	2	11	10	0	10	11	5	5	5	3	5	2	8	4	3	6	0	5	5	7	10	5	0	8	3	15	11	9	4	2	10	5	7	0	6	5	0	8	8	6	12	5	9	15	4	10	13	16	6	7	2	6	5	5	13	5	2	8	9	14	9	8	7	12	11	3	7	0	4	3	3	9	4	8	10	10	18	10	2	2	14	8	5	12	11	18	9	0	5	0	9	2	7	3	9	15	10	9	6	0	14	2	13	7	7	2	4	5	3	6	9	13	10	5	11	7	7	8	7	5	0	2	9	3	9	13	9	0	18	10	9	16	18	6	2	6	2	3	17	11	6	8	5	8	10	8	7	14	7	17	6	9	0	12	12	11	0	0	12	7	13	14	9	10	0	10	9	0	6	12	12	9	10	7	12	9	2	12	17	5	14	0	12	5	8	6	10	9	5	5	9	14	10	4	7	4	3	14	5	13	8	6	3	14	15	0	6	12	11	6	10	6	0	8	12	8	10	5	3	7	3	18	9	10	10	7	12	0	10	3	9	10	8	12	3	5	4	10	6	6	4	2	14	6	6	10	0	7	12	0	11	3	10	4	9	4	8	10	8	0	6	4	5	3	6	10	9	8	9	16	9	6	8	14	7	16	7	6	3	7	4	9	15	13	7	11	11	9	7	2	2	2	6	17	0	6	5	2	3	13	7	10	12	7	13	6	17	8	6	13	0	8	17	0	10	0	0	13	11	13	7	7	4	12	7	13	8	5	8	10	7	0	5	0	5	16	4	9	6	8	10	5	17	14	13	12	3	13	8	4	8	4	6	5	2	2	2	7	10	2	7	7	0	8	10	6	9	9	2	8	2	18	0	13	2	16	4	0	17	8	0	0	8	7	2	12	16	12	13	13	0	0	5	8	7	13	14	9	2	6	5	9	6	8	4	14	9	4	4	2	4	15	8	15	6	12	0	12	10	6	4	16	13	7	11	12	6	16	2	16
2023.51034780185	4	10	11	6	12	9	5	3	15	24	7	6	4	10	5	3	1	1	12	1	21	6	13	3	4	1	1	9	11	8	1	3	9	9	3	16	4	10	6	5	7	6	12	15	0	5	11	3	4	11	8	11	11	11	2	4	6	0	5	10	1	8	11	11	5	15	1	7	7	7	6	8	16	8	1	15	12	3	10	13	17	12	14	1	6	1	6	4	1	4	7	4	6	7	8	4	19	8	3	10	16	3	9	1	13	10	8	3	11	15	1	4	14	6	7	2	4	4	11	3	8	8	3	3	7	23	13	4	7	11	8	1	8	3	10	4	4	3	1	16	0	7	7	8	5	1	7	7	14	11	1	4	14	8	8	4	8	8	2	7	0	5	3	3	16	16	9	10	1	10	6	9	4	4	16	6	5	11	0	7	0	11	8	11	8	1	10	12	8	7	13	5	11	13	10	2	12	20	7	1	8	0	14	10	3	9	12	15	0	5	8	11	8	20	9	12	12	12	2	8	2	3	11	4	11	5	3	14	12	1	16	2	8	5	11	13	12	16	14	0	0	15	8	4	3	10	11	12	3	0	11	5	15	4	6	4	6	9	1	6	7	12	6	14	15	3	3	0	12	14	4	8	3	6	3	11	11	7	7	7	9	7	8	11	2	10	13	11	11	12	3	10	12	7	4	0	8	8	8	6	13	3	11	6	6	16	8	8	11	4	1	7	7	1	7	5	7	2	6	7	9	9	6	2	1	4	8	8	6	1	4	10	3	15	5	8	7	10	11	20	19	1	3	7	12	1	6	10	8	10	7	1	5	0	2	7	2	7	0	11	1	8	14	10	3	1	8	7	3	9	16	5	2	10	11	9	2	1	9	7	3	8	12	6	10	10	6	11	4	9	3	4	6	3	1	13	6	4	0	3	5	17	5	14	19	11	2	11	9	6	3	4	15	8	8	9	4	8	8	13	6	4	13	8	3	4	9	7	3	6	1	4	4	1	7	9	8	11	4	8	16	16	3	3	8	17	9	1	6	8	11	5	7	6	5	6	1	2	13	4	5	1	3	3	1	0	11	10	6	5	17	7	1	13	6	8	10	5	0	8	1	14	11	3	6	0	7	10	5	8	3	3	1	7	9	1	4	2	7	7	4	9	14	8	17	6	8	8	5	3	6	8	1	1	5	7	15	7	2	1	12	4	7	4	2	0	4	4	2	7	3	4	9	7	6	6	8	1	1	6	13	6	4	12	4	10	15	4	7	9	13	10	4	9	4	9	0	1	1	11	14	9	6	10	16	5	5	3	3	3	0	6	3	0	9	7	3	3	4	6	6	1	12	6	1	1	2	6	3	0	11	7	0	1	5	15	7	8	7	0	7	7	7	4	7	5	0	12	8	5	8	1	1	9	6	13	11	14	4	8	5	10	3	3	12	9	7	7	5	17	5	8	7	4	1	1	4	0	6	7	7	12	4	11	8	3	15	10	3	7	14	3	4	6	10	17	7	4	2	2	16	0	4	7	9	13	8	12	5	3	13	2	11	4	10	3	9	5	6	5	9	19	10	6	15	14	5	7	4	3	4	6	12	7	8	12	9	2	14	9	11	12	17	3	9	5	6	1	15	4	1	11	5	9	13	8	4	13	3	13	8	11	1	21	13	4	5	3	16	10	11	11	4	4	2	12	4	5	1	14	6	8	10	4	14	7	7	9	11	6	13	3	16	4	3	11	9	18	3	6	12	11	6	3	4	6	1	13	7	14	3	10	1	14	14	1	3	13	10	0	8	5	1	0	8	9	7	6	3	3	1	14	7	3	3	10	6	2	10	1	10	6	9	18	4	10	6	6	4	1	6	2	13	8	3	11	2	6	9	1	10	1	7	2	7	7	3	6	3	0	5	0	3	4	3	8	6	10	3	11	12	4	8	15	10	16	3	11	1	3	7	1	8	11	14	14	10	7	7	8	3	0	9	16	3	5	3	4	9	12	4	12	4	7	7	5	23	1	7	13	4	9	20	2	4	4	0	15	10	6	6	13	5	8	3	4	8	4	6	12	13	4	7	2	5	17	6	11	0	8	10	3	16	9	12	9	1	19	6	6	1	7	10	6	3	5	7	4	8	7	5	5	2	10	1	1	12	3	3	6	3	9	3	7	7	14	4	0	19	9	2	4	6	8	3	3	12	10	4	8	2	0	3	4	14	7	8	9	3	6	1	13	5	7	1	11	9	9	6	2	7	16	6	15	7	11	2	9	9	4	9	14	5	9	17	5	4	13	3	13
2023.52757324162	1	7	6	8	7	9	5	0	13	13	8	10	9	10	8	8	1	3	16	3	21	6	14	3	4	1	6	4	7	3	7	1	7	9	4	16	4	9	0	6	7	3	1	11	0	7	8	3	4	10	3	6	14	14	2	4	3	0	9	8	9	3	14	12	5	16	3	4	9	11	12	7	6	5	7	14	14	3	9	9	26	22	4	3	3	1	3	4	4	4	10	6	13	9	5	9	12	8	3	8	6	1	7	1	7	1	1	3	7	16	1	6	9	9	4	4	1	1	7	1	9	1	3	6	4	21	16	4	13	3	10	9	6	5	8	14	4	7	9	11	0	1	8	15	6	1	7	7	7	14	1	4	10	4	9	2	8	8	2	6	2	4	3	3	4	9	11	10	3	5	7	13	1	1	11	3	3	1	3	7	2	19	11	6	4	1	13	14	5	11	8	7	14	3	1	6	16	21	10	4	10	2	6	6	13	3	17	14	2	4	12	10	12	9	11	10	7	12	0	23	2	3	11	9	12	5	4	16	17	4	18	6	7	9	19	14	14	18	12	0	3	14	5	10	3	14	9	10	3	2	8	11	17	7	5	7	0	9	4	6	7	22	6	12	10	4	7	0	11	12	0	6	3	3	6	4	8	3	22	1	9	10	3	15	8	8	8	6	7	4	8	9	22	10	9	2	9	11	9	11	6	1	9	6	12	10	8	7	13	6	7	8	6	1	7	12	8	5	12	22	11	1	12	2	1	4	8	8	6	6	5	8	3	7	5	15	4	14	13	9	17	4	1	4	1	5	13	9	8	3	7	4	11	2	2	14	2	10	2	9	7	4	14	6	4	4	15	7	0	11	9	6	2	15	1	16	4	10	7	9	3	12	4	3	14	1	6	15	1	12	4	9	8	8	1	14	1	7	2	5	3	9	3	14	27	5	2	9	7	18	4	4	6	23	4	6	4	3	12	14	6	9	15	9	1	4	11	7	7	9	3	4	9	1	6	10	10	11	9	9	9	11	9	4	12	14	1	1	3	12	9	5	10	6	7	11	10	2	14	0	10	1	9	3	4	6	14	7	12	6	25	6	1	10	3	5	7	6	0	3	1	16	7	6	0	3	10	15	6	6	5	4	1	4	1	1	1	5	10	7	1	11	7	8	9	4	6	3	5	5	10	7	5	1	5	11	10	7	5	3	14	4	9	4	2	0	4	7	2	15	3	9	12	1	4	4	12	3	1	10	14	12	9	11	9	9	10	1	7	4	10	9	4	4	4	10	2	1	3	7	14	12	11	10	9	5	2	7	3	4	3	1	1	0	9	1	0	1	4	7	3	6	15	6	5	1	6	9	3	3	13	9	2	4	15	6	7	7	9	3	6	9	6	7	1	5	2	14	8	7	12	3	3	6	10	14	8	4	4	12	4	11	1	1	10	11	22	3	6	13	5	8	12	9	4	4	6	0	15	15	7	10	3	9	5	8	13	9	7	9	8	6	4	3	5	25	9	4	2	6	19	2	4	7	4	12	9	16	15	3	6	6	7	1	12	4	10	6	5	3	4	12	10	9	17	12	7	3	4	7	4	10	4	16	12	7	12	2	4	11	12	14	9	3	8	5	13	4	14	4	4	7	13	4	17	15	10	14	1	10	9	10	5	21	7	4	7	7	14	12	7	4	7	6	4	10	4	9	1	12	6	3	10	2	12	7	14	4	5	6	7	3	15	4	5	13	11	13	4	3	12	4	6	3	4	10	1	14	9	12	10	7	4	7	9	1	1	7	8	3	5	5	3	2	12	11	7	3	5	9	1	4	1	4	8	12	12	2	1	1	15	4	4	11	1	18	3	12	9	8	6	2	6	8	6	4	6	1	9	5	10	4	9	2	9	4	4	7	4	2	7	0	1	1	8	11	7	7	7	10	11	1	15	30	12	7	5	13	1	1	4	1	6	7	21	13	7	1	6	10	1	0	11	10	3	11	3	9	7	11	6	18	1	2	4	7	18	4	8	16	4	1	7	2	6	4	4	11	7	9	9	8	5	8	5	1	7	4	4	7	8	4	12	6	10	14	6	10	0	7	1	5	10	9	11	9	1	12	12	10	4	9	10	9	5	5	11	1	5	7	12	12	2	14	7	1	16	3	7	3	3	1	3	4	22	14	3	2	10	11	6	6	6	12	1	3	14	3	1	8	6	2	3	9	12	4	6	13	3	12	3	16	5	4	1	6	21	6	10	0	13	9	1	10	5	6	6	4	7	7	7	9	10	16	16	10	8	3	1	3
2023.54479868139	4	8	6	7	10	17	12	8	7	8	8	11	8	4	16	11	3	2	25	6	14	10	14	2	7	4	5	10	12	3	10	11	3	14	11	9	24	13	6	4	18	7	9	6	9	11	16	9	2	9	0	11	12	12	5	5	4	6	5	8	9	0	12	15	10	10	6	6	10	11	15	7	1	8	9	14	20	7	7	18	27	22	1	6	3	9	4	3	9	8	10	10	12	16	9	16	9	6	6	14	1	6	7	4	9	9	1	5	7	10	9	6	6	9	11	7	9	4	9	6	10	1	3	11	1	17	17	9	9	9	13	12	7	10	14	13	7	17	12	8	2	14	8	14	9	4	5	11	7	12	9	8	10	9	10	10	10	18	9	18	6	3	1	5	1	9	10	10	3	7	15	14	4	4	21	7	8	4	6	3	2	12	12	6	1	9	7	20	7	11	8	11	12	5	9	13	21	23	9	7	13	9	8	6	14	7	14	14	2	11	20	9	13	4	10	16	4	9	8	28	20	5	10	9	13	6	13	17	14	10	16	13	12	5	12	9	15	12	11	7	10	10	1	16	5	17	13	16	14	6	9	13	20	15	9	7	6	12	9	12	3	26	10	11	17	7	13	4	3	12	8	6	3	3	20	7	11	6	26	4	21	7	11	10	22	16	4	6	12	6	13	10	22	10	11	9	12	7	7	10	11	6	14	9	20	9	6	7	17	10	7	8	6	1	3	12	8	6	15	26	3	7	21	13	3	0	10	4	9	14	9	6	5	11	9	17	6	9	11	4	21	4	9	4	9	9	14	10	20	5	3	14	13	3	1	15	6	15	2	8	18	4	23	3	14	4	17	11	1	3	9	9	11	11	4	14	5	10	10	16	4	17	6	8	15	9	9	10	1	11	6	16	3	9	9	7	2	15	3	3	3	9	6	23	26	1	6	13	7	18	17	9	16	28	8	11	6	1	13	14	9	9	11	7	6	6	3	3	10	16	6	4	5	1	12	10	20	10	9	11	9	8	9	13	14	11	7	6	3	17	14	6	7	10	7	10	10	4	16	0	7	1	9	9	6	10	18	10	21	9	24	7	1	11	3	1	10	9	8	5	7	16	7	9	6	6	10	15	4	6	3	6	2	9	4	9	4	6	7	5	1	10	6	6	7	7	7	5	7	11	11	13	5	7	12	11	12	1	6	4	15	9	11	10	3	8	4	7	13	23	7	9	14	7	6	6	10	3	1	13	16	20	11	13	9	11	6	1	14	1	11	10	9	10	1	9	6	7	2	9	12	11	13	4	9	10	7	7	9	7	6	1	3	6	21	0	3	1	6	15	1	5	7	17	7	8	7	8	7	10	12	11	2	4	14	16	11	4	12	6	9	16	13	6	7	9	6	14	10	4	9	2	6	3	10	16	11	7	12	14	3	10	6	1	16	5	26	6	9	13	6	10	14	15	7	11	13	6	17	23	6	10	2	12	9	11	3	13	18	10	4	20	11	4	1	24	10	6	13	10	14	8	1	6	4	13	11	25	14	4	11	7	12	8	9	17	8	9	9	8	4	9	8	16	20	12	6	6	13	10	10	13	6	14	13	4	12	8	1	5	13	20	7	1	9	10	12	9	10	8	12	9	18	5	17	17	9	14	9	19	10	10	10	14	14	9	14	17	14	9	12	4	15	6	5	16	4	5	4	11	9	5	8	10	11	14	15	1	1	21	7	0	15	7	9	17	5	9	13	4	9	4	11	5	13	11	4	14	11	11	9	10	6	4	14	9	6	15	12	4	9	1	6	3	9	12	1	4	7	9	6	1	14	14	11	13	16	4	9	1	11	6	5	12	9	19	5	17	16	15	12	5	11	4	9	4	13	2	8	10	4	6	7	1	10	6	7	9	7	6	4	7	5	9	9	7	11	12	13	4	7	4	17	30	9	7	11	17	9	9	6	9	15	12	21	17	6	14	13	16	6	5	11	9	7	13	4	11	7	13	13	19	1	11	11	4	17	7	9	10	2	6	4	8	6	10	12	9	6	13	9	8	12	6	11	4	12	11	4	10	8	9	9	10	7	11	3	10	3	13	9	8	9	6	13	8	7	9	21	13	4	12	10	8	3	4	11	8	9	18	12	12	20	15	7	8	25	3	18	8	4	1	0	7	26	23	2	6	10	10	7	10	11	20	3	1	20	5	4	6	13	6	4	5	12	11	7	8	9	15	9	17	10	1	1	11	20	8	13	0	9	9	9	6	8	8	7	1	10	19	3	6	15	14	11	13	8	5	6	5
2023.56202412116	11	10	9	8	12	20	17	25	22	10	12	11	8	13	20	15	10	1	30	7	8	16	22	12	23	12	12	11	23	4	13	17	12	21	17	8	38	13	17	12	28	7	19	5	18	10	20	11	7	10	6	12	19	19	17	14	10	10	7	21	12	6	19	9	11	10	13	15	13	21	22	11	8	18	10	15	32	15	16	27	31	32	8	7	8	14	14	17	14	10	15	11	14	12	16	22	6	16	11	21	8	7	20	11	16	12	5	8	19	10	11	2	19	8	18	11	12	8	10	7	30	5	9	9	8	23	26	13	31	12	20	24	13	17	21	22	6	22	24	10	8	19	12	20	15	13	16	12	5	19	11	10	17	16	15	10	14	19	26	22	8	12	6	9	5	13	14	21	11	16	19	7	11	10	34	19	9	7	12	4	14	7	16	5	6	14	10	32	13	14	12	16	8	5	15	18	20	28	14	15	20	15	11	21	18	16	2	15	14	17	31	4	11	5	14	15	14	10	16	21	32	9	12	18	26	10	23	23	2	15	12	18	18	7	7	13	11	11	19	13	18	14	4	13	11	22	10	26	30	6	16	16	24	24	12	5	17	20	14	19	6	33	13	18	17	10	12	12	10	14	15	11	9	10	28	8	18	13	34	10	26	7	21	12	29	19	7	9	23	11	11	11	32	15	14	15	14	11	2	13	18	10	13	16	28	15	11	11	21	11	15	12	9	12	4	10	12	5	22	34	8	10	23	16	7	11	14	9	5	18	19	12	8	18	17	25	9	7	13	5	10	5	12	10	19	9	20	13	31	10	6	15	16	5	9	20	8	22	14	11	30	10	21	6	17	5	25	12	9	8	13	15	13	22	7	8	2	10	7	24	12	12	11	15	5	12	22	12	2	14	11	21	8	12	11	10	7	24	5	10	10	12	20	21	25	2	8	23	20	16	30	13	26	21	12	24	16	8	11	22	16	12	13	2	7	8	8	6	12	26	14	5	9	8	12	18	22	12	18	14	13	10	10	23	19	14	10	8	8	12	13	10	12	16	2	13	10	5	20	0	10	9	10	11	11	15	13	15	23	8	11	8	9	19	10	4	12	15	17	11	10	17	19	9	17	14	15	8	12	11	10	10	7	14	8	11	8	5	7	25	2	14	11	16	15	6	27	18	13	9	11	23	6	18	17	14	15	7	5	9	11	12	12	13	3	17	12	5	16	26	19	12	29	7	16	12	20	11	8	14	20	28	6	22	18	16	8	5	20	10	19	13	16	11	2	9	8	12	1	10	10	14	15	13	13	11	14	16	11	10	14	5	6	10	26	1	3	2	8	19	5	7	8	27	12	18	10	12	7	10	12	18	3	5	18	26	12	7	15	12	15	24	20	14	7	17	12	22	14	14	8	1	7	4	6	20	14	8	16	19	12	15	11	2	26	10	34	13	15	14	10	14	19	20	15	22	18	10	17	26	8	16	7	20	16	30	9	16	24	13	12	28	15	14	10	11	18	4	16	13	13	13	10	8	10	15	14	30	15	10	18	15	23	11	20	30	5	8	12	9	10	6	17	26	24	14	14	13	30	12	16	12	10	13	11	14	15	20	8	4	26	32	15	6	10	12	14	14	14	10	26	10	17	14	25	25	22	22	12	25	30	23	24	8	33	16	21	22	8	20	23	5	24	2	2	15	5	7	11	18	16	11	17	10	18	20	20	11	2	26	12	0	30	13	12	21	4	7	23	10	10	5	11	8	30	11	12	22	18	19	8	15	22	8	19	14	7	19	15	4	16	10	14	7	8	11	7	10	12	10	10	8	19	17	30	15	19	4	12	11	22	16	14	19	12	15	7	15	21	22	19	6	18	9	9	11	20	7	8	21	13	22	14	9	18	9	10	18	10	21	14	13	8	12	12	11	10	16	12	13	14	10	25	17	20	17	9	21	14	12	15	16	16	23	18	20	7	19	20	24	9	13	13	15	10	16	9	6	20	22	18	21	2	16	17	14	18	15	11	23	7	7	10	20	2	16	13	5	7	15	8	12	17	16	9	11	18	15	5	12	12	25	11	13	10	14	5	23	6	23	12	9	15	7	22	8	10	6	23	14	5	15	28	12	10	5	21	11	16	28	10	10	32	5	15	18	30	9	24	15	11	2	0	11	34	21	7	6	7	14	10	11	12	31	4	14	32	10	11	11	18	8	9	9	14	17	13	15	11	22	9	26	12	8	12	12	28	11	14	7	31	13	18	8	9	13	10	11	7	24	12	19	15	8	11	19	20	5	9	5
2023.57924956093	23	11	9	11	12	15	27	33	30	8	21	18	18	15	28	17	18	4	26	14	5	13	27	24	27	15	17	13	28	2	22	23	28	19	15	18	30	15	25	14	25	19	24	19	31	15	25	13	19	13	16	25	25	25	25	18	14	22	10	30	23	16	25	10	14	13	23	29	10	25	28	15	12	33	10	11	24	17	25	26	27	34	23	14	10	23	16	29	25	18	10	20	8	14	28	23	18	20	25	26	12	13	22	12	12	8	5	17	19	13	24	7	25	10	22	8	21	26	22	15	36	5	15	17	24	20	31	20	38	17	20	20	14	23	26	23	11	25	20	29	14	21	21	20	15	22	11	11	26	25	24	18	20	26	20	19	18	28	29	22	10	27	10	18	14	10	18	18	19	18	16	9	23	21	30	26	16	9	20	12	15	4	23	4	11	23	9	24	15	9	19	21	8	8	13	17	15	25	19	11	20	17	18	32	20	27	13	11	15	14	28	14	16	17	18	12	24	27	23	8	34	18	9	37	23	15	25	16	13	14	9	17	18	10	4	20	11	10	24	18	19	27	8	13	16	26	19	27	27	18	10	16	28	24	27	17	25	25	25	15	9	27	14	20	19	20	33	28	11	12	17	25	15	22	29	20	16	23	18	14	18	17	22	24	41	19	9	9	28	15	9	13	34	10	18	17	22	20	8	22	20	18	18	28	27	21	10	15	30	20	16	21	10	14	12	12	21	12	28	18	13	11	10	25	13	21	18	14	5	26	19	16	17	31	13	18	11	13	16	17	13	21	15	13	24	2	18	14	29	14	9	19	16	13	22	23	13	31	15	20	31	21	17	12	11	24	18	11	22	13	10	15	25	18	9	5	11	17	17	23	15	13	15	20	16	8	29	24	7	20	25	26	24	15	24	13	15	24	13	22	16	17	18	17	13	2	16	25	22	15	30	20	26	8	13	30	22	30	16	27	28	19	13	8	13	13	13	9	7	22	22	11	22	17	8	22	14	9	37	18	10	29	14	25	20	20	11	9	10	13	18	15	16	13	17	22	17	14	11	10	13	13	14	13	18	19	18	20	10	15	8	19	13	15	22	8	21	15	23	16	13	19	19	14	25	20	10	10	14	25	22	15	15	28	18	24	26	12	17	34	7	18	20	20	33	4	36	23	17	4	18	15	12	18	27	9	18	19	12	8	11	19	19	22	16	23	15	17	25	16	32	19	31	17	21	18	28	19	25	20	11	27	11	23	37	22	15	25	28	19	15	14	23	13	10	10	10	11	4	22	5	20	22	15	10	14	16	22	13	20	20	12	10	22	18	15	12	8	13	16	12	12	9	29	14	31	23	20	27	11	16	22	12	21	16	26	11	17	20	20	13	23	28	20	17	13	17	24	18	17	9	4	14	5	14	11	22	15	14	20	27	13	13	8	27	9	18	23	15	17	22	18	16	30	11	26	28	13	4	16	14	20	15	22	28	31	16	20	19	10	16	29	29	16	21	8	16	9	25	24	17	23	23	14	19	10	18	26	8	14	20	15	28	14	21	30	12	15	27	16	19	18	18	22	28	12	13	23	28	7	26	16	10	20	16	24	23	18	23	1	23	24	33	10	15	21	8	25	27	18	27	22	19	20	26	18	20	27	15	21	36	23	32	5	32	23	29	25	19	21	28	15	24	7	11	12	11	10	12	20	28	16	18	19	20	28	23	17	2	27	21	8	30	12	17	30	1	21	25	14	27	15	16	21	28	18	15	27	22	24	5	20	34	16	21	25	15	21	31	14	28	18	22	21	9	13	19	14	18	14	12	23	21	11	31	21	17	22	8	17	18	21	20	30	21	9	11	13	26	19	15	14	20	18	14	18	22	15	14	28	15	34	32	22	16	11	20	24	20	26	17	18	12	26	15	20	10	27	33	28	14	21	18	15	21	25	4	30	23	15	29	29	14	28	13	13	8	21	28	33	20	24	15	21	14	16	18	11	22	23	28	25	2	17	20	17	18	20	17	28	19	13	12	18	7	26	11	8	8	19	10	19	27	20	4	23	18	29	16	35	19	26	9	24	13	20	17	23	4	15	8	17	21	16	23	14	13	18	10	20	21	20	31	20	22	16	25	14	28	25	12	12	34	16	16	31	26	15	19	20	13	12	8	19	18	17	15	18	15	18	23	20	28	28	6	18	24	14	23	10	17	10	18	22	12	20	14	18	13	28	8	31	21	24	14	25	23	15	20	20	38	10	24	15	15	21	23	17	17	25	28	25	16	5	18	9	33	8	20	8
2023.5964750007	35	24	21	25	14	20	28	26	33	15	24	23	21	21	24	12	38	12	23	20	15	12	35	37	36	15	27	13	27	20	41	28	33	23	19	17	24	21	38	27	10	33	42	34	36	21	21	19	28	14	36	25	25	25	19	30	25	37	13	25	36	36	25	20	16	24	30	37	20	23	38	29	12	24	11	15	21	26	36	19	21	25	35	20	23	35	13	34	46	32	18	27	24	15	31	22	25	26	37	30	12	20	28	31	24	13	11	25	19	24	22	10	28	26	33	11	39	34	34	33	29	11	23	29	36	6	18	46	34	22	33	24	24	24	30	15	19	31	24	41	21	34	24	26	25	32	15	17	38	25	22	32	31	41	27	24	37	31	14	19	23	30	9	40	22	21	26	14	27	14	23	29	35	29	7	32	24	23	19	25	22	12	31	12	21	35	20	21	18	9	22	26	6	15	13	23	13	21	17	14	33	14	22	33	18	23	31	15	22	17	27	26	25	32	26	11	29	41	29	11	14	40	8	39	25	17	21	12	31	20	10	23	32	13	12	31	15	16	38	32	19	33	18	13	16	30	38	30	14	42	26	12	22	26	35	42	38	21	46	12	14	24	19	21	18	31	37	37	26	36	33	38	23	33	22	26	43	42	8	28	18	27	22	35	25	18	29	21	27	24	30	14	25	18	23	14	29	39	23	30	30	36	23	34	28	27	22	29	29	27	15	24	16	14	25	23	24	23	38	8	12	12	5	25	20	22	37	16	13	21	17	26	25	39	13	16	21	31	15	32	11	45	24	13	42	12	26	21	18	13	14	30	12	27	28	17	23	35	22	23	28	30	20	18	10	38	16	17	31	12	21	25	29	18	23	11	13	16	26	26	22	21	24	21	27	13	29	35	11	23	34	22	41	30	22	10	19	26	27	29	29	27	14	20	6	9	26	15	28	30	24	46	15	11	13	27	26	33	25	35	34	23	19	23	20	16	12	14	16	22	25	19	30	32	17	16	18	8	39	25	21	41	19	21	27	23	12	18	23	21	23	17	16	12	28	30	16	25	18	33	19	25	19	19	31	24	18	21	5	29	15	30	25	25	33	18	25	25	31	23	22	26	19	16	38	25	18	12	27	38	29	26	23	37	18	22	34	23	27	46	11	26	29	26	35	17	37	32	27	9	23	22	17	14	28	9	23	30	23	20	15	21	21	28	30	31	34	42	25	24	34	23	14	26	24	33	30	27	35	35	18	28	14	29	39	32	26	39	24	32	25	21	39	13	14	15	23	14	12	34	17	23	32	21	21	16	19	37	19	31	25	21	15	37	18	28	18	11	16	23	18	23	17	31	36	35	18	22	41	18	25	13	30	45	12	15	17	22	39	19	8	26	29	28	26	13	17	30	37	33	27	12	20	10	30	18	21	20	12	27	30	30	30	11	30	17	8	42	25	33	35	37	18	32	14	17	32	10	6	24	34	20	33	28	31	32	19	39	15	20	31	22	29	13	33	15	23	19	25	31	22	38	38	34	18	21	25	23	16	25	30	16	27	26	19	24	19	29	35	24	18	25	22	22	22	36	13	42	17	16	32	18	14	29	25	29	26	16	35	16	25	21	35	9	18	37	24	46	33	32	24	34	22	19	24	16	26	35	24	13	29	19	33	15	22	39	29	31	33	19	27	27	26	10	13	11	19	13	31	21	34	23	22	24	21	24	17	10	9	17	34	19	16	15	25	29	16	35	21	25	41	27	20	28	17	23	15	35	13	38	10	21	38	16	22	33	33	30	25	21	31	38	25	31	27	24	30	25	33	19	13	35	34	10	32	30	28	36	13	23	18	24	19	28	39	27	15	6	22	12	12	28	30	32	16	27	18	19	35	27	21	38	40	28	23	21	31	32	31	21	33	32	26	25	30	39	13	29	37	36	12	29	16	21	19	19	9	29	35	24	37	35	17	27	19	12	17	34	29	28	36	30	19	27	19	12	23	14	28	29	32	34	5	18	22	33	21	33	28	29	28	26	14	16	10	32	15	9	17	24	26	22	28	26	9	35	32	29	17	39	22	19	17	31	19	23	29	19	10	22	13	22	27	37	29	35	22	25	5	35	45	39	24	22	29	23	23	26	31	10	23	23	14	27	15	35	23	23	15	21	23	29	19	33	8	20	33	42	21	26	18	27	36	27	18	21	21	13	35	22	23	23	23	30	36	22	24	32	19	38	17	18	37	36	14	25	20	21	35	35	34	21	30	26	21	25	18	10	26	32	33	28	24	11	24	14	46	15	36	15
2023.61370044047	21	24	20	28	35	21	22	22	19	25	26	20	18	33	17	18	33	17	16	16	27	19	26	41	26	21	20	22	27	31	40	22	25	27	28	16	7	19	33	29	10	28	34	28	28	22	19	17	25	23	33	24	27	27	29	24	32	33	20	16	21	33	27	23	17	28	32	28	26	15	26	26	21	20	20	30	9	29	30	16	9	17	34	16	29	33	25	28	41	34	23	28	22	20	33	18	30	18	30	24	21	30	19	33	37	23	20	23	22	28	15	22	23	34	31	21	41	33	32	29	18	20	27	30	33	5	13	41	23	28	23	18	20	27	24	17	39	29	18	34	34	34	26	23	20	29	17	23	38	27	15	34	25	30	25	30	35	28	23	19	32	31	15	37	29	21	21	13	31	21	25	32	21	32	9	22	29	30	25	36	20	32	18	29	30	33	25	9	27	19	31	37	17	15	17	14	9	16	18	25	23	19	23	28	23	25	30	30	20	24	22	26	25	27	21	21	19	30	32	13	12	37	15	25	20	28	16	8	30	22	23	14	25	20	32	20	20	21	40	32	30	21	19	14	19	25	36	31	19	41	31	13	13	21	30	39	33	22	41	12	19	12	23	20	20	40	21	38	23	42	29	34	27	25	23	25	35	41	5	27	19	37	19	32	18	28	31	20	27	17	29	23	17	23	22	19	22	40	22	28	27	39	24	30	23	27	30	26	24	28	18	26	21	17	36	22	26	24	26	5	30	22	17	27	19	28	35	26	37	15	25	26	23	35	19	18	30	29	19	27	16	40	33	30	34	30	34	24	20	20	19	31	13	24	32	11	25	25	20	34	17	24	16	16	17	40	18	23	39	30	21	20	23	21	30	13	30	16	31	15	23	32	17	17	35	23	21	32	16	25	21	19	42	28	15	14	23	21	24	30	38	24	9	16	2	19	18	26	19	31	18	41	23	13	28	14	31	22	25	26	30	27	32	22	30	28	30	19	28	27	22	30	30	34	28	12	22	15	25	22	21	34	29	16	29	26	22	18	29	32	24	28	18	19	22	28	16	39	29	38	27	27	29	17	25	25	19	24	17	34	18	30	27	32	25	19	31	20	30	31	28	26	22	32	33	29	23	13	29	34	30	25	26	34	28	15	33	24	37	29	16	21	31	18	26	24	29	35	26	28	20	23	18	15	22	19	15	34	24	29	20	11	14	29	24	30	38	39	27	21	28	27	15	25	26	27	22	31	31	32	29	23	24	21	25	26	26	29	27	32	32	24	30	22	24	23	32	32	17	32	27	25	29	33	21	17	30	25	17	40	29	25	29	33	19	34	29	16	28	25	36	27	26	18	42	27	25	21	28	25	29	12	32	40	20	23	23	24	39	25	23	15	20	26	25	19	22	25	35	25	35	17	16	18	24	29	21	20	26	29	31	32	32	16	31	20	5	41	20	37	36	35	23	24	25	31	20	19	12	21	38	21	38	29	33	24	27	31	20	26	37	23	19	25	36	18	26	36	27	25	25	39	31	38	28	28	22	16	20	28	27	23	27	24	20	18	23	34	30	29	28	30	29	27	13	42	20	41	26	28	27	25	27	21	25	19	13	15	34	20	20	9	26	15	27	35	22	41	21	34	19	32	22	21	14	18	34	26	33	11	18	21	21	27	28	30	21	29	24	20	27	30	21	22	30	21	30	20	33	20	30	31	29	30	20	27	11	14	19	17	32	28	15	21	29	24	20	36	16	32	30	30	34	32	26	20	21	26	12	40	21	24	23	20	16	31	29	27	21	25	33	36	22	25	35	22	34	32	29	29	16	34	34	17	24	35	34	38	23	27	21	26	21	31	41	32	17	13	19	19	12	29	27	33	32	34	24	23	33	30	33	23	29	32	26	30	40	24	40	27	25	32	33	25	28	40	22	32	21	26	26	32	18	13	20	25	28	24	33	33	28	26	23	27	25	18	28	34	20	21	36	16	26	27	33	13	27	24	19	21	20	27	22	26	34	25	16	41	28	31	25	31	17	15	22	27	22	24	28	20	34	31	22	18	28	21	25	19	31	32	31	17	20	25	27	26	33	21	24	23	23	38	27	35	21	33	28	30	17	32	40	39	16	21	30	28	15	24	33	10	22	22	12	35	18	27	16	27	20	17	30	36	28	33	5	16	38	41	23	21	25	28	31	22	32	26	9	20	21	30	14	32	27	30	42	34	20	33	17	26	31	13	35	33	17	24	10	22	32	34	23	21	28	26	28	24	25	14	31	20	25	23	17	13	23	23	39	15	36	15
2023.63092588024	23	37	26	29	38	22	13	19	10	23	7	17	17	35	9	32	16	30	13	24	39	25	18	33	17	23	26	22	24	37	22	22	16	24	24	25	6	21	10	29	14	28	14	8	27	24	17	10	24	27	24	18	28	28	31	20	32	24	29	10	17	24	28	26	15	25	27	10	34	17	10	21	19	19	28	28	23	33	21	11	5	8	19	24	28	31	25	13	18	27	20	24	25	28	27	21	26	22	23	20	19	39	21	34	38	35	37	22	32	25	24	32	27	36	24	33	26	17	20	27	4	37	36	13	25	7	14	13	15	33	18	25	35	22	20	25	40	10	25	13	32	25	7	24	22	29	24	26	18	28	24	27	11	14	14	27	24	15	29	10	33	23	27	32	35	27	16	20	28	31	19	26	23	31	8	13	31	38	35	26	22	33	17	40	30	31	26	23	30	19	18	28	31	20	31	13	10	13	14	40	18	23	19	27	22	9	28	28	22	34	22	15	18	20	16	26	18	8	26	15	16	32	19	8	10	33	19	7	28	36	33	13	16	29	33	17	23	19	20	19	32	10	24	21	23	13	18	24	16	21	32	13	15	7	23	25	10	22	18	20	18	4	26	24	18	31	8	18	26	24	16	20	36	14	13	29	20	22	4	20	19	31	21	21	1	36	25	26	24	19	24	31	8	20	18	23	22	33	34	21	19	23	21	27	11	23	40	21	14	24	30	7	25	33	26	26	7	33	10	4	28	25	30	29	18	29	24	28	42	11	24	15	22	20	27	11	31	40	16	20	13	28	24	45	14	34	28	25	16	33	18	26	13	28	25	18	25	14	22	35	10	24	10	31	29	34	11	26	30	28	27	22	18	31	38	29	34	21	25	12	27	32	19	16	31	35	16	21	32	18	16	23	25	24	24	26	25	7	28	35	30	27	19	10	1	24	26	28	21	19	10	13	24	15	30	7	24	23	18	18	27	27	32	34	39	34	28	18	27	20	24	43	22	35	32	6	15	19	8	19	27	13	32	19	24	14	25	31	28	32	21	33	24	25	22	21	21	32	27	25	29	28	32	10	25	34	17	30	30	26	14	23	28	23	14	24	30	22	19	28	37	21	32	36	10	21	20	12	29	20	35	26	21	26	33	24	17	33	31	14	32	16	26	22	11	25	13	22	21	35	17	13	27	23	13	19	27	28	33	36	23	19	19	37	24	19	39	25	29	9	7	27	17	27	25	22	18	28	34	18	27	11	28	25	8	19	17	15	19	28	23	25	14	22	33	29	33	40	30	20	32	18	18	35	27	15	24	12	10	31	21	40	34	24	19	34	35	37	34	19	38	21	33	9	25	10	29	18	7	26	29	26	25	28	22	24	26	30	29	35	31	12	18	31	27	27	28	19	24	22	39	30	24	33	15	27	18	19	32	24	23	27	31	37	24	31	4	22	22	29	19	24	14	9	40	35	19	30	22	9	22	27	29	19	27	14	28	16	19	34	33	13	10	25	25	14	22	39	29	15	13	19	24	22	36	26	19	13	17	21	19	31	24	22	16	10	22	26	23	31	36	26	29	20	15	24	31	22	28	27	23	23	29	14	18	18	14	27	19	29	10	23	11	27	19	25	25	18	10	27	22	20	19	18	10	11	24	18	24	15	4	20	12	39	21	14	12	10	25	16	24	30	7	32	34	26	43	29	34	24	27	28	29	27	24	19	18	22	24	14	23	34	13	24	36	14	29	21	19	32	8	30	37	29	28	17	23	18	26	20	25	30	10	35	26	23	27	21	16	43	27	30	24	24	39	16	28	32	30	32	36	19	25	29	14	31	25	24	35	33	31	25	18	17	26	17	25	27	23	30	20	18	19	31	36	30	26	25	27	24	35	10	13	25	22	31	31	25	31	19	22	19	33	13	24	33	29	16	8	12	38	31	11	8	16	24	35	14	31	24	10	19	31	24	17	20	29	25	18	16	33	26	18	23	34	13	25	28	21	25	19	24	36	34	31	22	11	31	19	24	24	20	21	27	32	23	32	29	29	19	36	18	13	22	35	23	16	10	43	24	18	18	18	15	29	14	33	20	36	13	35	33	23	25	25	27	37	26	30	18	28	29	16	18	35	34	17	22	27	14	26	26	16	31	30	10	13	36	19	16	30	27	34	35	4	10	29	21	24	16	29	24	15	22	38	34	23	33	23	40	13	33	25	22	24	31	35	21	10	10	30	14	25	25	33	18	12	20	18	17	15	27	18	17	32	27	29	22	25	10	16	27	16	29	32	18	19	20	33	20
2023.64815132001	18	31	26	24	19	17	4	15	1	23	6	13	20	22	7	30	10	26	7	26	34	16	9	21	12	23	20	27	16	30	7	16	7	12	17	28	6	18	7	26	16	18	7	10	16	15	18	7	21	24	12	14	12	12	24	24	21	18	27	12	16	12	12	18	16	15	18	7	25	16	4	21	14	16	30	10	20	18	12	10	15	4	10	26	19	21	25	10	7	28	14	21	25	29	10	15	15	21	22	24	14	26	7	31	22	23	29	18	31	15	23	31	19	22	20	25	19	13	10	20	10	29	23	10	18	4	21	6	16	23	20	20	23	17	24	20	26	7	20	4	21	15	6	15	14	23	29	24	4	12	23	28	6	13	15	15	13	13	16	10	15	20	32	21	18	21	13	28	18	24	10	10	18	27	13	10	20	26	23	25	24	25	18	25	20	21	22	20	22	15	22	21	26	25	25	18	15	10	10	30	20	24	21	15	14	13	15	10	24	20	13	14	18	18	13	25	13	9	10	4	10	21	28	9	12	28	18	18	15	28	21	18	17	27	25	13	23	12	7	13	21	7	18	32	25	4	10	10	12	7	18	19	16	12	10	10	7	17	7	17	23	4	28	22	16	23	9	11	24	7	7	12	23	13	7	24	10	7	4	18	10	18	20	18	7	21	19	26	16	24	15	21	4	14	12	24	19	18	27	16	21	10	12	19	16	12	28	21	1	21	28	6	32	23	25	19	6	24	4	4	21	30	22	27	25	20	13	18	35	17	20	15	18	10	24	10	21	34	17	18	13	9	12	32	7	19	18	16	15	21	23	15	19	22	22	18	25	7	24	24	4	29	9	35	28	24	10	24	18	21	21	14	18	23	26	38	27	24	20	15	22	20	24	18	21	23	13	18	35	17	21	21	15	19	23	26	22	12	22	21	22	24	27	9	4	26	29	15	7	10	7	6	19	4	22	13	19	24	18	9	19	20	24	27	26	26	21	23	26	15	24	38	18	19	22	6	9	28	9	19	21	4	27	18	7	18	30	33	19	20	12	28	23	16	20	16	24	18	21	16	26	26	27	7	27	23	12	25	22	18	14	23	26	17	13	18	18	14	10	17	24	18	31	24	7	10	14	15	26	12	21	24	21	20	32	23	13	24	18	7	35	13	12	21	9	25	7	18	12	27	13	7	28	29	4	15	29	19	24	28	23	23	20	25	24	10	16	10	27	7	10	20	13	22	25	21	17	18	22	12	21	16	24	13	9	13	14	14	12	17	17	16	12	27	37	24	15	25	26	10	28	17	7	22	21	16	26	16	7	23	10	32	33	18	10	25	27	37	26	10	28	14	31	10	15	10	27	7	7	20	18	24	20	9	13	19	24	40	13	23	29	15	13	21	22	24	17	18	13	21	33	26	26	37	16	21	10	26	22	7	20	16	15	37	10	28	4	7	14	18	13	13	12	12	30	29	15	23	24	7	22	21	20	15	10	12	21	4	13	25	20	7	18	25	19	14	13	27	27	12	1	18	16	22	34	13	19	7	27	17	21	24	16	21	18	7	15	18	10	20	34	15	21	15	16	7	26	7	20	26	22	25	30	23	18	13	22	23	10	29	12	20	9	32	13	20	25	7	7	28	21	10	26	9	12	10	16	9	12	20	10	21	10	34	15	12	10	7	16	18	16	26	12	31	27	25	38	27	31	22	19	17	21	15	22	12	18	28	26	7	13	26	7	28	22	1	29	15	18	21	9	26	24	18	20	13	23	9	24	7	28	25	12	32	21	13	20	17	10	30	10	12	24	18	33	18	19	21	23	27	32	10	15	28	12	24	24	13	23	28	23	25	9	13	19	10	15	24	21	33	17	19	21	17	24	16	18	22	15	16	22	12	10	22	13	21	23	20	23	7	21	13	20	18	19	18	26	16	9	12	28	27	10	9	18	20	27	1	21	12	7	16	19	16	1	17	24	15	13	12	21	19	17	12	20	19	21	24	7	13	15	10	40	20	28	21	13	15	15	13	21	18	26	23	31	22	24	29	24	15	22	22	4	21	27	18	17	18	34	20	22	19	17	12	26	18	25	21	26	7	23	27	12	15	13	15	24	15	22	12	9	13	13	7	21	25	16	21	10	16	19	19	10	21	28	10	7	23	13	18	15	22	26	20	4	9	20	7	10	13	27	21	16	13	27	36	20	21	18	28	18	15	21	18	7	28	23	14	7	4	25	21	20	18	23	14	13	23	12	12	16	21	13	14	22	20	27	28	20	10	7	19	16	38	16	23	10	25	21	25
2023.66537675978	12	14	24	20	15	20	12	14	9	13	24	9	21	18	9	20	6	14	10	24	11	17	9	6	15	20	11	25	4	14	6	14	12	15	15	17	6	11	7	14	16	7	9	11	18	14	17	10	18	12	9	12	11	11	13	11	12	10	15	16	11	9	11	9	17	17	13	9	12	15	8	17	16	9	20	12	11	12	4	6	14	4	7	24	20	9	20	14	7	22	13	9	18	20	9	6	13	14	15	11	16	12	12	12	6	17	22	17	15	17	18	18	4	20	17	12	7	9	11	13	14	22	20	9	18	10	21	6	10	15	13	14	12	14	11	12	13	11	14	6	13	7	24	15	11	16	17	20	7	11	18	22	15	16	12	14	12	9	7	15	12	9	30	7	6	15	12	22	12	19	11	18	12	10	21	13	11	11	13	19	16	11	15	15	14	9	11	11	11	14	17	7	14	28	27	15	19	7	14	16	13	26	9	6	12	19	14	12	16	16	7	20	12	12	12	17	12	11	4	7	4	7	27	10	11	19	7	22	14	14	12	15	16	15	11	11	12	4	4	17	9	7	17	30	21	6	4	6	15	13	11	26	9	15	4	6	7	12	7	20	25	7	22	18	14	13	11	8	15	4	9	10	20	21	4	20	12	4	14	24	15	13	12	15	10	6	16	24	4	19	15	8	4	13	6	26	6	7	18	11	14	12	12	9	17	14	16	17	4	9	26	24	27	19	19	17	24	9	8	14	17	21	6	9	20	15	12	22	6	16	11	15	17	6	20	8	10	12	15	12	9	4	12	21	9	13	10	15	12	15	25	9	26	21	9	17	21	9	16	9	14	14	10	30	22	7	8	20	15	17	15	11	15	16	11	29	22	15	20	14	18	12	19	22	14	17	6	15	30	14	17	8	9	13	18	14	18	15	21	7	13	17	26	10	8	27	14	4	12	12	7	6	7	7	20	14	13	9	12	9	9	11	15	18	12	11	17	25	14	14	22	18	6	14	13	11	17	27	10	14	15	6	12	7	10	15	21	22	20	12	12	19	11	17	20	11	15	9	9	10	17	12	12	10	16	12	12	10	6	15	15	15	12	10	21	17	15	11	4	17	11	13	15	13	7	13	13	18	14	10	7	19	18	11	18	18	9	9	13	4	30	12	10	14	14	17	4	13	8	20	9	13	26	27	12	14	11	15	9	17	12	21	20	9	21	4	12	6	9	9	15	11	6	26	19	12	15	12	12	7	9	17	17	17	10	11	17	17	7	14	10	15	12	25	26	12	12	7	14	11	14	14	10	18	15	17	18	15	10	13	13	10	20	10	15	9	7	21	11	11	21	17	13	13	10	19	12	18	12	23	7	18	18	4	10	7	20	30	10	13	26	14	7	6	26	20	14	17	12	18	14	14	24	27	14	9	12	20	15	10	9	12	14	21	6	25	14	4	11	9	13	12	6	13	16	7	14	16	23	9	21	12	17	9	9	9	13	6	14	12	7	4	20	20	17	15	23	22	9	12	4	12	9	21	15	13	14	10	21	13	14	6	4	18	21	7	11	15	4	11	15	13	10	14	9	4	14	4	7	14	15	27	25	24	12	12	20	14	7	20	11	11	14	30	17	9	18	7	7	22	14	11	15	8	14	8	6	9	12	17	14	20	13	11	7	12	9	11	10	21	4	24	15	18	22	17	18	15	12	18	9	17	10	14	18	7	17	32	27	12	12	17	14	28	16	4	20	4	7	12	11	24	10	13	7	9	20	9	18	4	21	10	12	22	9	10	13	7	4	12	9	7	22	19	14	18	15	12	12	12	17	7	7	22	9	10	17	10	17	14	16	19	8	4	7	4	11	16	8	21	20	22	14	7	13	10	6	18	9	7	18	12	9	9	23	10	13	14	13	10	18	17	13	24	13	7	23	7	11	13	16	10	8	9	21	12	20	4	9	12	9	22	7	4	4	9	21	7	7	6	13	12	12	14	14	26	10	17	12	17	14	10	23	14	15	18	12	10	11	6	18	19	22	14	18	15	17	20	21	14	20	17	12	14	20	12	16	20	19	9	17	14	13	12	17	15	6	20	19	13	17	7	14	9	17	9	11	13	6	7	4	10	10	18	7	20	15	18	9	16	17	17	4	14	26	19	10	20	14	22	11	15	17	9	14	10	17	13	13	12	12	9	13	7	16	14	11	15	12	16	15	12	10	6	4	15	12	17	10	8	19	21	9	18	19	12	9	24	7	12	10	15	6	17	9	15	12	32	20	8	12	4	15	29	4	19	9	28	13	28
2023.68260219956	9	11	13	11	17	20	12	9	14	9	27	19	15	12	11	17	12	13	9	13	6	17	10	6	14	15	6	22	6	12	8	9	14	12	12	6	6	14	12	14	12	9	14	13	7	11	16	19	18	12	11	16	14	14	11	6	9	9	15	19	8	11	14	6	15	9	9	11	8	14	8	19	17	9	14	14	8	9	6	8	13	9	6	13	17	9	15	8	12	19	6	9	9	16	14	6	9	9	12	9	17	12	11	9	8	16	11	11	14	9	9	17	6	17	14	11	6	9	14	15	14	11	15	12	14	12	20	6	9	6	9	9	9	13	9	15	9	10	9	11	9	9	27	9	11	10	16	10	9	14	9	19	20	15	10	11	9	11	6	20	9	6	21	6	9	12	14	17	9	15	13	20	9	6	16	12	9	7	9	12	17	10	15	12	8	9	12	8	9	20	17	6	11	22	23	12	15	6	15	12	9	24	9	6	12	17	12	14	17	13	6	14	14	12	14	15	13	11	9	9	6	6	17	11	6	16	6	19	12	14	11	12	13	15	10	13	11	9	6	14	6	9	17	23	17	8	9	9	14	9	14	23	6	9	6	8	12	9	12	21	28	9	14	20	13	9	11	8	18	6	8	6	15	18	9	22	11	6	16	22	12	6	19	11	9	6	14	13	6	11	15	15	9	6	9	24	6	9	14	11	10	9	9	6	10	11	6	19	6	9	17	27	22	12	12	21	27	11	8	16	17	22	9	9	16	16	9	20	9	14	12	11	11	8	18	8	6	9	12	12	9	12	11	9	14	13	12	11	8	10	28	9	23	14	6	17	9	9	17	9	16	8	9	21	20	6	8	10	13	17	12	11	17	12	7	22	22	18	12	9	15	9	11	17	10	16	11	11	15	11	10	9	11	9	9	12	24	9	14	6	15	14	23	9	14	22	11	6	11	8	12	6	9	9	21	15	18	8	14	10	6	14	11	14	12	9	17	28	14	9	17	6	8	13	12	11	17	17	11	12	12	11	14	6	9	13	22	20	17	9	9	16	9	17	18	11	18	9	9	9	9	11	14	19	12	9	21	9	9	9	9	12	11	9	18	17	14	11	6	14	9	10	14	12	12	11	6	20	14	6	6	12	17	12	12	9	9	11	6	9	15	14	6	9	17	18	6	9	11	17	19	15	16	22	12	20	12	17	11	12	11	18	20	6	17	6	9	8	9	9	11	14	8	16	9	17	9	9	9	9	9	10	18	7	11	9	12	14	9	9	9	11	12	22	20	15	9	6	13	14	11	11	9	12	12	15	9	8	19	9	11	14	12	9	12	11	6	15	9	13	11	18	9	11	9	15	12	17	10	18	9	9	17	12	10	9	10	11	12	9	20	9	9	6	16	18	12	15	9	20	6	13	13	18	14	9	11	15	12	9	6	9	9	15	9	16	16	6	11	9	6	9	6	15	12	6	9	17	21	9	12	15	15	9	14	7	12	10	12	8	9	9	9	15	12	9	16	14	9	9	9	11	12	12	11	12	12	9	15	11	10	9	6	12	20	12	11	9	6	9	11	9	9	9	6	6	12	6	6	14	9	21	17	16	14	13	14	12	6	20	6	8	17	21	14	6	9	12	9	19	12	14	9	13	14	8	9	10	11	16	14	12	12	6	6	12	6	10	6	20	6	17	9	17	22	15	6	15	9	20	6	14	9	11	20	9	17	18	22	15	12	13	13	15	13	6	20	6	6	9	11	17	9	12	6	19	15	10	9	6	18	9	8	20	9	12	15	12	9	6	14	6	17	14	6	15	17	9	6	14	17	6	9	20	7	6	13	9	16	9	12	9	13	9	6	6	19	14	9	13	21	18	10	9	12	9	6	24	6	6	12	8	8	6	16	6	9	9	9	12	20	14	9	21	9	9	20	9	11	12	8	6	8	11	20	9	17	6	9	11	11	14	12	6	12	12	14	9	9	8	9	12	12	11	14	23	6	18	11	7	9	9	14	9	12	20	12	12	14	6	18	18	16	12	17	9	11	13	14	12	17	17	12	9	17	9	13	9	11	6	17	13	10	9	9	13	6	12	14	15	16	6	11	14	7	6	9	9	9	9	12	12	12	17	6	14	14	12	14	12	21	21	6	10	17	15	9	15	12	17	10	17	13	6	16	9	15	9	15	14	12	9	12	6	13	11	8	10	9	6	12	9	6	8	6	12	9	12	19	8	17	20	6	14	12	16	13	13	9	9	9	12	8	12	9	6	12	18	12	11	14	6	9	22	9	19	11	22	9	22
2023.69982763933	6	6	12	6	9	12	12	6	15	6	14	20	12	6	12	9	12	10	9	12	6	12	6	6	6	18	9	6	12	9	6	15	12	15	12	6	6	15	9	12	12	9	12	9	6	9	15	19	9	15	12	12	9	9	9	9	9	6	15	15	6	12	9	9	15	6	12	8	6	9	6	8	17	12	12	9	6	9	6	6	9	9	9	12	6	6	17	9	9	12	9	9	9	9	14	6	9	6	6	6	17	9	9	6	6	9	11	6	9	6	12	18	6	9	9	9	6	12	9	6	9	11	9	12	9	12	12	6	6	6	12	9	9	8	6	12	9	7	9	14	9	9	14	6	11	6	9	6	6	9	12	12	12	15	6	9	9	9	6	11	9	6	6	6	9	9	12	12	12	9	9	11	6	9	8	9	12	9	9	9	12	9	9	9	9	6	9	6	9	18	12	6	6	15	17	9	6	6	21	9	12	9	9	6	9	15	9	9	12	9	9	9	12	9	12	12	15	9	9	6	9	6	12	12	9	9	6	9	9	12	14	9	9	15	9	12	14	11	9	9	6	9	18	9	12	12	9	9	9	9	9	14	6	15	9	6	9	9	9	19	18	12	9	12	15	6	12	9	12	6	9	9	9	15	9	15	8	6	12	12	9	6	14	6	6	6	6	12	12	6	15	15	9	9	12	9	6	9	8	9	6	12	9	6	9	6	6	8	9	9	9	14	12	12	9	15	14	9	6	12	12	9	12	6	6	9	9	12	9	15	9	9	6	12	9	9	12	9	6	9	6	15	6	12	12	9	12	14	6	9	18	9	14	8	6	12	6	6	12	6	14	9	6	9	6	6	9	6	9	12	9	11	6	6	9	12	12	18	9	9	15	6	6	9	6	9	15	6	9	9	9	6	9	9	12	12	15	15	8	6	6	6	20	6	16	6	9	6	9	9	12	6	12	6	17	12	18	6	12	6	6	9	6	8	9	7	12	18	11	6	12	9	6	6	12	12	9	12	12	12	9	14	9	6	9	9	9	15	6	6	9	9	20	12	15	9	18	9	9	6	9	12	9	19	6	6	18	6	12	6	9	12	12	6	15	18	9	11	9	9	6	9	9	9	9	14	9	15	12	9	6	6	12	12	9	12	12	9	6	9	9	12	6	6	15	12	6	6	12	12	20	12	17	12	12	18	9	9	9	9	14	13	9	6	12	9	6	6	6	6	9	9	6	8	6	12	6	12	6	6	9	9	12	7	12	12	12	15	6	6	6	14	9	6	6	15	9	9	10	9	9	9	9	6	9	15	12	8	19	6	14	12	9	6	9	9	6	18	7	9	6	6	6	9	9	7	12	15	7	9	6	12	15	15	12	12	6	6	6	9	12	9	9	6	8	9	12	9	9	9	6	10	12	6	9	9	6	17	17	9	6	9	12	18	9	9	12	6	11	6	6	9	9	12	9	6	9	15	15	6	9	9	9	9	14	6	6	13	9	6	9	9	12	17	9	9	9	6	6	9	9	6	9	9	6	12	12	9	9	11	6	12	12	15	9	12	12	6	9	12	6	9	9	6	6	6	9	6	6	11	6	9	6	9	12	15	12	9	9	12	9	6	15	6	6	6	9	9	9	12	9	9	6	13	6	9	9	6	6	12	9	9	12	6	6	9	6	7	15	9	12	9	15	18	12	12	9	15	6	12	6	9	9	9	12	6	12	19	6	15	9	9	6	6	9	9	12	6	6	9	9	9	9	6	6	20	18	6	12	9	12	6	9	9	9	6	6	9	12	6	14	6	12	9	6	15	9	9	9	9	15	9	9	6	6	6	6	6	9	6	6	6	13	9	6	9	14	6	6	9	19	9	6	12	9	9	6	15	6	9	6	9	6	6	9	12	6	6	6	12	9	9	6	6	9	9	9	6	12	6	9	9	9	6	9	6	12	9	6	6	8	12	12	12	12	12	6	9	9	12	9	12	9	6	12	14	6	12	9	7	9	6	6	9	9	9	12	9	15	9	9	11	9	9	18	6	6	12	6	15	9	12	12	6	12	6	9	12	9	9	12	6	6	9	9	9	9	9	12	12	9	6	6	9	7	6	6	9	12	6	15	6	9	15	6	9	9	15	14	12	15	15	9	6	9	7	9	9	9	9	12	12	9	6	12	6	9	9	9	12	12	9	9	9	12	9	6	9	6	6	9	9	6	6	6	9	9	9	19	6	9	12	6	9	12	12	12	12	6	6	6	9	9	12	12	6	12	19	9	9	12	6	6	12	9	12	6	15	9	15
2023.7170530791	7	4	10	6	7	7	10	4	7	4	10	13	6	4	12	6	10	10	4	10	4	10	4	4	4	13	9	6	10	10	4	10	7	7	10	4	7	13	10	4	4	7	7	4	4	7	7	9	7	9	7	10	4	4	6	9	7	3	9	7	4	7	4	10	12	7	7	7	4	4	6	3	12	10	7	10	4	7	4	10	7	4	10	10	4	4	10	6	7	7	10	7	4	7	7	3	4	4	3	4	12	3	6	4	4	7	7	10	4	7	6	13	4	4	7	6	4	10	10	4	7	7	7	7	7	10	7	7	4	7	7	3	7	7	4	10	6	4	3	7	9	3	10	4	10	4	3	10	4	4	6	7	12	7	6	4	7	7	6	7	3	4	7	4	7	7	7	7	10	4	7	7	7	7	10	7	10	7	3	7	15	10	3	7	12	4	10	4	7	13	7	4	3	10	7	10	7	7	16	4	7	4	10	4	7	13	7	10	15	7	7	7	4	10	7	4	10	7	3	3	9	4	10	10	10	4	4	7	7	7	10	10	10	9	10	7	13	13	10	7	3	7	10	7	13	13	4	7	7	6	7	10	4	13	7	3	10	6	7	12	14	7	4	10	13	4	13	6	7	4	7	7	7	4	10	10	4	4	10	7	7	7	10	4	3	4	4	10	10	7	6	4	4	10	11	4	7	4	7	7	4	7	6	7	4	10	7	3	7	7	10	10	7	10	7	13	10	10	6	10	4	4	10	4	3	6	7	10	7	6	4	7	10	10	7	6	10	7	4	10	4	7	4	10	7	10	10	10	4	7	14	7	10	7	4	10	3	3	15	4	7	7	10	4	7	3	6	10	3	4	7	10	3	7	7	7	4	13	7	6	13	7	7	7	7	7	12	4	7	7	7	4	7	4	6	10	3	13	7	4	4	4	7	10	15	4	6	4	6	10	9	7	7	3	7	7	10	7	4	4	7	4	10	7	3	7	4	14	4	6	3	9	7	4	7	12	10	10	10	13	7	7	4	4	4	4	4	7	4	7	6	4	18	10	7	7	13	4	4	7	10	13	4	9	3	3	4	7	10	4	7	10	13	7	4	10	3	10	7	4	4	7	4	6	10	6	10	12	4	7	4	3	9	4	7	6	10	10	7	4	7	7	4	4	7	9	4	4	12	7	13	7	10	4	10	13	7	7	10	3	13	7	10	4	4	7	4	3	4	7	3	4	4	4	4	3	10	10	3	10	4	4	7	4	10	13	13	13	3	4	7	10	7	6	7	10	3	9	10	10	7	7	7	4	7	12	7	5	9	4	6	7	10	3	7	7	4	13	7	7	7	9	7	7	4	4	6	12	7	4	4	9	7	7	12	7	10	4	4	3	10	6	10	4	4	7	9	7	7	4	4	10	10	7	4	4	7	15	10	4	4	7	6	13	7	7	10	4	10	4	7	7	12	4	4	3	7	9	4	7	4	7	7	3	7	4	4	7	4	4	10	10	10	10	7	7	7	3	4	7	4	4	7	4	4	4	13	4	7	7	4	9	10	13	7	9	10	4	7	10	4	4	7	6	4	4	7	4	4	4	4	7	4	10	4	10	10	6	10	7	10	4	7	7	3	4	4	7	7	7	4	10	4	5	10	6	10	4	4	4	7	7	6	4	10	7	3	4	13	7	10	7	13	13	4	4	9	9	4	10	7	4	7	4	10	3	10	10	4	4	7	10	7	4	4	7	7	4	4	7	7	7	4	3	4	13	13	4	9	10	10	7	10	7	4	3	4	7	7	4	7	4	3	4	4	7	7	7	7	4	7	10	3	7	4	4	4	3	7	4	7	4	5	3	4	7	6	4	4	7	12	10	4	7	6	7	6	3	4	6	4	10	4	4	7	10	4	4	4	6	4	7	6	6	4	4	7	7	13	4	7	7	6	10	7	7	7	7	4	4	7	7	10	10	4	6	7	3	10	13	4	6	10	10	7	10	7	7	6	4	7	4	4	3	4	4	10	7	7	7	7	7	7	6	13	4	3	13	7	7	4	7	10	4	7	7	10	10	4	7	7	3	10	7	10	4	7	7	7	7	7	4	10	4	4	4	4	4	10	10	7	4	4	12	4	4	4	13	7	4	13	13	9	7	10	4	4	7	4	7	7	4	10	10	10	10	7	6	7	7	6	7	7	7	12	4	4	7	7	7	10	3	7	7	4	4	7	4	9	6	7	7	4	7	10	10	10	7	10	3	4	7	7	13	7	7	6	10	7	7	7	4	10	7	7	7	3	10	4	10
2023.73427851887	6	3	9	8	3	6	6	6	6	6	6	9	2	3	8	2	6	12	3	6	3	9	6	3	3	6	5	5	3	6	3	6	6	3	6	6	6	9	9	3	3	6	3	3	3	3	3	11	3	8	3	9	3	3	2	5	6	2	5	3	3	3	3	9	13	6	6	6	3	3	5	2	11	3	9	6	3	9	3	15	3	3	9	6	3	3	6	5	3	3	11	6	6	6	6	5	6	6	2	3	11	5	8	6	3	6	6	9	3	6	2	9	3	3	6	8	3	3	6	3	12	6	6	6	3	6	6	6	3	9	3	2	6	6	3	3	5	3	2	6	8	2	6	3	9	3	2	9	3	3	2	3	9	3	5	9	9	6	5	3	2	3	9	3	6	6	6	3	9	3	6	3	6	6	9	3	8	6	2	3	8	6	2	6	11	3	9	3	3	9	3	6	2	3	3	9	9	6	3	3	3	3	6	6	6	3	6	6	8	6	12	6	3	9	6	3	3	3	2	2	8	3	6	9	9	3	3	9	6	3	9	9	6	5	6	9	6	9	9	3	2	6	12	9	9	6	3	3	6	5	6	3	3	12	3	2	9	2	3	9	8	3	6	9	6	9	9	8	3	3	3	6	6	3	9	3	3	3	3	6	3	6	3	6	2	3	6	9	3	6	2	3	3	11	8	3	9	6	6	3	9	6	2	6	3	9	9	2	6	6	6	6	6	6	3	12	6	6	5	3	9	3	9	3	5	2	9	9	6	8	6	6	9	9	6	8	6	3	9	9	9	3	9	6	3	6	6	6	3	3	8	3	3	6	3	6	2	2	8	3	3	3	9	6	6	2	8	9	2	9	6	9	2	6	6	9	3	12	6	5	6	6	6	6	6	6	6	6	9	6	9	3	6	6	2	6	2	12	6	6	3	3	6	9	9	9	2	6	8	9	2	6	6	2	6	3	9	6	3	6	6	6	9	6	5	6	9	8	3	8	2	8	6	3	6	5	9	6	9	12	6	6	3	3	6	3	3	3	3	6	2	3	6	9	6	3	12	3	3	6	9	9	3	11	2	2	3	6	9	3	6	9	9	9	3	12	2	9	6	3	3	6	3	5	9	8	11	2	3	6	6	2	5	3	3	2	3	6	6	3	9	6	3	6	3	5	3	3	5	3	9	3	3	3	6	9	6	3	6	8	6	3	6	3	3	6	3	2	3	9	2	6	6	3	3	2	9	9	2	9	3	3	12	6	9	6	9	9	2	6	9	6	6	5	6	3	2	5	12	6	6	6	9	3	6	13	3	8	11	9	8	3	9	2	3	6	6	9	6	6	6	8	9	6	6	3	2	6	6	3	6	2	3	3	8	6	9	3	3	2	6	5	6	3	3	6	5	3	9	6	3	12	6	6	3	3	6	14	6	6	3	3	5	9	3	6	3	3	9	3	9	9	8	3	3	2	6	8	3	9	3	6	6	2	6	6	3	6	6	3	6	9	6	6	3	6	6	2	3	9	3	3	3	3	3	3	12	3	9	3	9	5	3	9	3	2	3	3	3	8	3	6	9	8	3	3	9	3	6	3	3	9	6	9	3	3	3	5	9	3	9	3	3	9	2	3	6	3	6	3	3	6	3	5	9	8	9	6	9	3	12	3	5	3	9	6	5	3	3	3	3	3	12	9	3	3	8	5	6	9	6	3	9	9	9	2	6	6	9	6	3	9	6	3	3	6	3	3	3	6	3	3	3	2	6	9	6	6	2	9	9	6	9	3	3	5	3	6	9	3	6	3	2	3	3	6	3	6	6	3	6	9	2	6	6	3	6	2	6	3	6	3	5	2	3	6	5	6	3	6	9	9	9	9	5	9	5	2	3	5	3	9	3	3	6	6	9	3	9	2	6	3	8	5	6	6	3	9	9	6	6	6	8	9	3	6	3	6	3	9	6	6	9	3	9	8	6	2	6	6	3	5	6	9	3	3	6	12	8	6	6	3	3	5	3	6	9	3	3	3	3	9	3	5	9	3	2	9	6	3	3	3	6	6	3	6	6	6	3	3	3	2	9	9	9	3	9	3	6	3	6	6	9	6	6	3	3	6	9	9	3	3	3	6	6	3	3	9	6	3	12	12	8	6	6	3	3	6	6	6	3	3	9	9	3	9	6	5	6	6	2	6	3	12	8	3	3	3	6	9	9	2	6	6	3	3	6	6	11	5	6	6	3	3	6	9	6	3	9	5	3	6	3	9	6	6	2	6	6	9	6	3	14	9	6	3	2	3	3	3
2023.75150395864	8	5	8	10	5	5	8	11	5	11	5	11	4	5	7	7	5	11	5	5	5	8	8	5	5	11	7	7	5	5	8	5	5	5	11	8	8	11	8	5	5	5	5	5	5	5	5	13	5	10	5	11	5	5	4	7	8	7	4	5	5	5	5	5	7	11	5	5	5	5	4	4	11	5	8	5	5	11	8	11	8	5	5	5	8	5	8	7	5	5	13	8	8	5	8	7	8	8	4	5	11	7	10	8	5	8	8	11	5	11	7	8	5	5	5	10	8	5	11	11	11	8	5	5	5	5	8	8	5	11	5	7	5	5	5	5	4	5	7	5	4	4	5	5	8	5	7	11	5	5	7	5	8	5	4	14	11	8	7	8	7	5	8	5	5	5	8	5	8	5	8	5	8	5	8	5	8	8	4	5	4	5	7	8	7	5	8	5	5	14	5	8	13	5	5	8	14	5	5	8	5	5	5	8	5	5	5	5	4	5	11	5	5	11	8	5	5	5	7	7	4	5	8	5	5	5	8	10	5	8	8	8	8	4	5	8	8	11	5	5	4	8	11	8	8	5	5	5	5	4	8	8	5	5	5	7	8	4	5	11	9	8	8	8	5	11	8	7	5	8	5	8	5	5	11	5	5	5	5	11	5	8	5	11	7	8	8	8	5	5	4	5	5	13	7	5	8	8	8	5	11	8	7	5	5	8	14	4	5	8	5	5	8	5	5	8	5	5	4	5	11	8	5	5	10	4	11	5	5	7	8	8	11	5	8	10	5	5	11	11	11	5	11	5	5	5	8	5	5	5	9	5	8	5	5	5	4	7	4	5	5	5	5	8	8	4	10	11	4	11	5	8	4	5	8	8	5	11	5	4	8	8	5	5	5	8	8	11	8	11	8	5	5	8	7	8	4	5	5	8	5	5	5	5	11	11	7	8	10	8	7	8	5	7	8	5	5	5	5	8	5	8	8	8	7	5	11	9	8	10	4	4	5	5	8	4	11	8	5	8	5	5	8	8	11	5	8	5	8	8	7	5	8	8	8	5	11	5	8	8	5	11	8	13	4	4	5	11	5	11	8	8	11	8	5	11	7	8	8	8	8	5	5	4	8	7	13	4	5	8	8	4	7	5	8	7	5	5	8	5	8	8	5	8	5	4	5	5	4	5	11	5	5	8	8	14	5	5	5	10	8	8	8	5	5	8	5	7	5	11	4	8	11	5	5	4	8	8	7	5	8	5	11	8	5	8	5	8	4	8	8	5	5	7	5	5	7	4	11	11	8	11	8	5	5	7	8	13	13	11	7	5	5	7	5	8	8	5	5	8	5	7	8	5	11	5	7	5	8	5	11	4	5	5	4	5	11	5	5	4	5	4	5	5	5	8	4	5	11	8	5	11	5	5	8	8	5	10	5	11	5	5	7	5	5	11	5	5	8	5	8	11	10	5	8	4	5	7	5	11	5	8	8	4	8	8	5	5	8	5	11	11	8	8	5	8	8	4	5	8	8	5	5	5	5	5	8	5	11	8	11	4	5	8	8	7	5	11	5	8	5	8	8	10	5	8	14	5	8	8	5	8	8	5	5	5	5	4	5	5	5	5	5	8	4	5	8	5	8	5	5	11	5	10	5	10	8	8	11	8	11	5	4	5	8	5	7	5	5	8	5	5	5	8	5	5	4	4	8	8	5	8	8	14	8	4	5	5	11	8	5	5	5	5	5	5	5	8	8	8	5	5	5	4	8	11	11	8	4	5	8	11	5	5	5	10	11	8	8	5	8	8	4	5	5	5	5	8	8	8	5	5	4	8	8	5	8	4	8	5	5	5	10	4	8	8	10	11	5	8	11	8	11	8	4	8	7	4	8	7	5	5	5	5	8	5	11	5	11	4	8	5	7	7	8	8	5	11	8	8	8	5	10	11	8	5	5	5	5	11	5	5	8	5	11	10	5	4	5	8	5	7	8	8	8	8	11	11	10	8	5	5	5	7	5	8	5	5	8	5	5	8	5	4	8	5	4	11	5	5	5	5	8	8	5	8	8	8	5	5	5	4	5	8	5	5	8	5	5	5	8	8	8	8	8	8	8	8	5	5	5	5	5	5	8	5	5	8	8	5	8	8	4	5	5	5	5	5	8	5	8	5	5	5	5	5	8	4	5	8	7	8	5	11	7	5	5	5	8	14	8	7	11	5	8	5	5	8	13	4	7	8	5	5	5	11	8	8	5	7	5	5	5	5	5	8	7	5	5	11	5	5	11	8	5	5	4	5	5	5
2023.76872939841	10	7	10	10	10	7	10	12	7	13	7	9	7	7	7	10	7	7	7	10	7	9	9	7	7	12	10	10	7	7	9	7	7	7	13	7	7	7	10	7	7	10	10	7	7	7	7	9	7	10	7	9	7	7	7	10	12	10	7	7	10	7	7	7	10	13	7	7	13	7	7	7	7	7	7	7	7	10	10	10	10	7	7	10	10	7	10	10	7	7	9	10	7	7	7	7	7	10	7	7	7	7	7	7	10	7	7	7	7	13	9	10	7	7	7	7	10	7	10	12	7	7	7	10	7	7	10	7	7	7	7	9	7	7	7	7	7	10	9	10	7	7	7	7	10	7	10	13	7	7	9	7	10	10	7	13	10	9	7	9	13	7	7	7	7	7	10	10	7	10	9	7	10	7	7	7	7	7	7	7	7	7	10	7	7	7	7	7	13	9	7	10	16	7	10	10	13	7	7	10	7	7	7	7	10	7	7	7	7	7	16	10	7	7	10	7	10	7	10	13	7	7	7	7	7	7	10	7	7	10	7	10	10	7	7	7	10	12	7	7	7	9	12	7	7	7	7	7	7	7	10	16	7	7	7	9	10	7	7	10	7	10	7	10	7	7	10	10	10	12	7	7	7	7	7	7	13	10	10	9	7	10	7	13	10	10	9	10	7	7	7	7	7	9	9	7	7	9	7	7	10	9	10	7	7	7	10	7	7	10	7	7	10	7	7	7	7	10	7	10	12	9	7	7	13	7	10	7	7	10	12	10	7	10	7	12	7	7	7	7	7	7	10	7	10	7	10	7	7	10	7	7	16	10	7	7	10	10	7	7	7	7	7	10	7	7	12	13	7	12	7	10	7	7	7	7	7	7	7	7	16	13	7	10	7	7	7	13	7	10	7	7	7	9	9	7	7	7	10	7	7	10	10	7	7	10	10	7	7	7	10	7	10	13	7	7	7	10	7	9	7	7	10	7	7	10	12	7	10	10	7	7	10	7	7	7	12	7	7	10	7	10	10	10	12	7	9	7	10	13	10	7	10	9	7	7	7	7	9	10	7	10	10	9	7	7	7	10	7	13	7	7	10	9	7	12	9	10	7	10	12	7	7	7	10	7	9	7	7	7	7	7	7	7	10	9	7	10	10	7	7	10	10	10	7	10	7	7	7	7	9	7	10	10	10	9	7	7	10	7	10	10	7	7	7	7	7	9	7	13	7	7	10	7	7	7	7	7	9	7	9	7	7	7	7	7	10	10	10	7	9	7	10	10	7	7	13	7	7	10	7	10	7	7	7	10	13	13	9	7	7	7	10	10	7	10	7	7	10	9	7	7	10	7	10	7	10	10	13	10	13	7	7	7	7	10	13	7	7	7	7	7	7	7	7	7	7	7	10	10	7	7	10	7	13	9	7	10	7	12	7	7	13	7	7	10	10	10	10	7	10	10	7	7	10	10	7	7	7	13	7	7	7	10	7	7	7	7	7	13	10	7	10	10	7	7	7	7	7	10	9	7	7	7	7	7	10	7	10	12	10	7	7	7	10	10	7	13	7	7	7	7	10	10	7	12	10	10	7	10	7	7	7	7	7	10	13	7	7	7	7	7	7	7	10	7	7	7	9	7	10	10	7	12	7	12	7	9	10	10	7	7	7	7	7	10	10	10	7	10	7	7	7	10	7	7	7	7	7	10	7	10	10	13	10	10	7	7	10	10	7	10	7	10	7	7	7	10	10	12	7	7	7	7	7	9	12	9	7	7	10	10	7	7	7	12	12	7	7	7	7	13	7	7	7	7	7	12	7	10	7	7	7	7	7	7	10	7	7	7	7	7	12	7	10	13	12	10	7	7	10	7	10	9	7	7	10	7	10	7	7	7	7	7	7	7	7	7	7	7	10	7	10	10	9	9	10	7	10	7	10	7	12	7	10	7	7	7	7	10	7	7	7	7	13	9	13	7	7	10	7	10	12	7	9	16	9	7	7	7	7	7	7	7	7	10	7	7	10	7	7	7	7	7	10	7	7	7	13	10	7	7	10	10	7	10	10	10	7	7	7	7	7	10	7	7	9	7	7	7	7	7	7	9	7	10	12	7	7	7	7	7	7	10	7	7	7	7	7	7	7	7	7	7	7	7	7	7	7	10	9	7	10	7	10	7	7	7	7	10	10	10	7	16	7	7	7	10	10	10	10	13	9	10	12	7	7	9	9	7	7	10	7	7	7	9	7	13	7	9	7	7	7	10	7	7	10	7	7	7	7	7	9	7	7	10	7	7	7	7
2023.78595483818	7	4	7	4	7	4	4	4	4	7	7	4	7	4	7	4	7	4	4	10	4	4	4	4	7	4	7	7	4	4	4	4	4	4	7	4	4	4	7	4	7	10	7	4	4	4	4	4	4	4	4	7	4	4	4	7	7	7	7	4	7	4	4	4	7	4	4	7	10	4	4	4	4	4	4	7	4	7	7	7	4	4	4	10	4	4	4	7	4	4	4	7	4	4	4	4	4	7	4	4	4	4	4	4	10	7	4	4	4	4	4	7	4	4	4	4	7	4	7	7	4	4	4	7	4	4	7	4	4	4	4	4	4	4	4	4	4	10	4	10	4	4	7	4	7	7	7	7	4	4	4	4	7	7	10	7	7	4	4	4	7	4	4	4	4	7	4	7	4	7	4	4	7	4	4	4	4	4	4	4	4	4	4	4	4	4	4	4	10	4	4	4	10	7	10	4	4	4	7	7	4	4	4	4	7	4	4	7	4	7	7	7	4	7	4	4	7	4	4	10	4	4	4	4	10	4	7	4	4	4	4	4	7	7	4	7	10	7	4	4	4	7	4	4	7	4	4	7	4	4	4	10	4	4	4	4	7	4	4	7	4	4	4	7	4	4	4	4	7	7	4	7	4	4	7	4	10	10	7	4	4	10	4	4	4	4	4	7	4	4	4	4	4	4	4	4	4	4	4	4	4	7	7	4	4	4	4	4	7	7	4	7	4	4	4	4	7	7	4	7	4	4	4	4	10	4	7	7	4	4	7	4	4	7	4	7	4	4	4	7	4	4	7	4	7	4	4	4	7	7	4	7	10	7	4	4	7	7	4	4	4	4	4	7	4	4	7	7	7	4	7	7	4	4	4	4	4	4	4	4	10	10	4	7	7	7	4	4	7	4	4	7	4	4	4	4	4	4	7	7	4	10	7	4	7	4	7	4	4	7	7	4	7	10	4	4	4	7	4	4	4	4	7	4	4	7	4	4	4	4	4	4	7	4	4	4	4	4	4	10	7	10	7	7	7	4	4	4	4	10	7	4	4	4	4	4	4	10	4	4	4	4	7	4	4	4	4	7	4	4	4	4	4	7	4	4	4	7	7	4	7	4	4	4	7	4	4	4	4	7	7	4	4	4	7	4	4	7	10	4	7	4	7	7	4	7	4	4	4	4	4	4	7	7	4	4	7	7	7	4	10	4	4	4	4	7	4	4	4	7	4	4	4	4	7	4	4	4	7	4	4	4	4	4	4	4	7	4	7	4	7	4	7	7	4	7	7	4	4	7	4	4	4	4	7	7	10	7	4	4	4	4	7	7	4	4	4	4	7	4	4	4	4	4	7	7	7	10	10	10	4	7	7	4	4	7	7	4	4	4	4	4	4	4	4	4	4	9	7	7	4	4	10	10	7	4	4	4	4	7	4	7	10	4	7	7	7	10	7	4	4	7	4	4	7	7	4	4	7	7	4	4	10	7	4	4	4	7	4	10	7	7	4	4	10	4	4	4	4	7	4	4	4	4	4	4	10	4	7	7	4	4	4	7	4	7	4	4	4	4	4	4	4	4	4	7	7	10	4	4	4	4	4	4	4	7	10	4	4	4	10	4	4	4	7	10	4	4	7	4	10	7	4	4	7	7	4	4	7	4	4	4	4	4	4	7	7	10	4	4	4	4	4	7	4	4	4	7	4	7	4	4	4	7	7	7	4	4	4	7	4	7	7	7	4	7	4	4	7	7	4	4	4	4	4	4	4	4	7	4	4	7	4	4	4	4	7	4	4	4	4	7	4	4	4	4	7	7	4	7	4	4	4	4	4	4	7	4	7	4	4	7	4	4	7	10	6	4	7	4	7	4	4	4	4	4	7	4	4	7	4	4	4	4	4	4	4	4	4	4	7	4	7	7	4	4	7	4	4	4	7	4	7	4	4	4	4	7	4	7	7	4	4	4	4	4	10	4	4	7	4	4	7	4	4	10	4	4	4	4	4	7	4	4	4	7	4	4	4	4	4	4	4	4	7	4	4	4	10	7	4	4	4	7	4	7	7	4	4	4	4	4	4	7	4	4	4	4	4	4	7	4	4	4	4	4	7	4	4	4	4	4	4	10	7	7	4	7	4	7	4	4	4	7	4	7	4	4	4	7	7	4	7	4	7	4	10	4	4	4	7	7	4	7	7	4	4	7	7	4	4	7	4	7	7	4	4	7	4	4	4	7	10	4	4	7	4	10	4	4	4	7	4	7	4	4	7	4	4	4	4	4	4	4	4	7	4	7	4	7
2023.80318027795	3	3	0	3	0	0	0	0	0	3	3	0	6	0	3	3	3	3	0	6	0	0	3	0	3	3	3	0	0	0	0	3	0	0	0	0	0	6	0	0	3	3	3	0	0	0	0	6	3	0	0	3	0	0	3	0	3	0	6	3	0	0	0	0	6	0	0	3	3	0	3	0	0	0	0	3	0	3	0	3	3	0	0	6	0	3	0	0	3	0	3	3	0	0	0	3	3	0	0	0	0	0	3	3	3	3	0	3	0	0	3	0	0	0	0	0	3	0	3	3	0	0	0	3	0	0	3	3	0	0	0	3	3	3	0	0	0	6	3	6	0	0	3	0	3	3	0	3	3	0	3	0	0	3	6	0	0	0	0	0	3	0	0	3	0	3	0	3	0	6	0	3	3	0	0	0	0	0	0	3	0	0	0	3	6	3	0	0	0	0	0	0	0	3	6	0	0	3	6	0	0	0	0	0	3	0	3	3	0	6	3	3	0	6	0	0	3	0	0	3	3	3	3	3	6	0	3	0	3	0	0	0	3	6	0	3	3	0	0	0	0	3	3	0	3	3	0	3	3	0	0	3	0	0	0	3	0	0	3	0	0	3	0	3	0	0	3	0	3	0	0	3	0	3	3	0	8	3	0	0	3	6	0	3	3	3	0	0	0	3	0	3	0	3	0	0	6	0	0	0	0	6	0	0	0	3	0	0	3	3	0	3	3	3	3	3	3	0	3	0	0	0	0	0	0	3	0	3	0	3	0	0	3	3	3	0	6	0	0	6	0	0	0	3	3	3	0	0	3	3	0	3	3	0	0	0	0	0	0	3	3	3	0	3	0	0	0	3	3	0	3	3	0	0	0	0	0	0	0	0	6	6	3	0	3	3	0	3	6	0	0	3	0	0	3	0	3	0	0	3	0	3	0	0	3	3	3	0	3	3	0	3	3	3	0	0	3	0	0	3	0	5	0	0	0	3	0	0	3	0	3	0	3	0	3	0	3	3	3	3	3	6	0	3	0	0	0	0	0	6	0	0	0	0	0	0	0	6	0	0	3	0	0	6	3	0	0	3	0	3	0	0	0	6	3	3	0	3	3	0	0	0	0	0	0	0	3	0	0	3	3	0	0	0	0	3	0	0	6	3	6	0	3	0	3	0	0	0	0	0	0	0	3	0	0	0	3	3	0	0	3	0	6	0	0	3	0	3	0	6	0	5	3	0	6	3	0	0	3	0	0	0	0	3	3	3	0	0	0	3	6	0	0	0	0	3	3	0	3	3	0	0	0	0	3	6	3	0	6	0	0	0	3	0	3	0	0	3	3	0	0	6	0	0	3	3	0	6	6	6	0	3	3	0	0	3	3	0	0	0	0	0	0	0	0	3	0	5	0	3	0	3	6	9	6	0	0	0	3	0	0	8	0	3	3	0	0	3	3	0	0	0	0	0	0	3	3	0	3	6	3	6	6	3	0	0	0	3	3	3	3	3	0	0	6	0	0	0	0	3	0	0	0	3	0	3	3	0	3	0	0	0	0	6	3	0	0	3	0	0	0	3	0	0	0	0	6	3	0	3	0	0	3	3	0	3	6	3	0	0	6	0	3	0	0	9	0	3	3	0	6	3	0	0	3	0	0	3	0	3	0	0	0	0	0	0	3	6	3	3	0	0	0	0	0	0	0	6	3	3	0	0	0	0	3	0	0	0	3	3	0	3	3	0	0	3	0	0	3	3	0	0	3	0	0	0	3	3	3	0	0	3	3	0	0	0	3	0	0	0	0	3	3	0	0	0	3	3	0	0	0	0	0	0	0	0	3	0	3	3	0	6	0	0	3	6	0	3	3	0	0	0	0	0	0	3	3	3	0	3	0	3	3	0	0	6	0	3	0	0	3	0	3	0	0	0	3	0	3	0	3	0	0	0	3	0	0	3	3	0	3	3	0	0	0	0	6	0	0	0	0	0	3	3	0	3	0	0	3	3	3	3	0	0	0	3	0	0	3	0	3	3	0	3	0	0	0	0	6	0	0	0	0	0	0	3	3	0	0	0	0	3	0	3	3	0	0	0	0	0	3	0	3	0	3	0	0	3	0	0	0	0	6	6	3	3	0	6	0	3	3	3	3	3	0	3	0	0	3	0	3	0	3	0	0	0	6	0	0	0	0	3	0	3	3	0	0	3	3	0	0	3	0	3	0	0	3	3	6	3	0	3	9	0	3	3	0	0	0	0	0	3	0	0	0	0	0	0	0	0	0	0	0	0	3	3	3	3	0	3
2023.82040571772	2	5	5	5	5	2	2	2	2	11	2	2	5	2	2	5	5	5	2	13	5	2	5	2	5	8	2	2	2	5	2	7	2	5	2	2	8	8	2	2	2	5	2	2	2	2	2	8	5	2	8	2	2	2	8	2	5	2	7	8	5	8	2	2	8	2	2	2	8	5	5	5	2	2	2	5	5	5	2	5	5	2	2	13	5	8	5	5	5	5	8	2	2	2	5	8	5	5	8	5	2	2	5	8	8	5	2	5	5	2	5	2	2	2	2	2	5	2	5	8	2	2	2	5	2	2	5	8	5	11	2	11	5	5	5	2	2	5	11	2	5	2	2	2	5	2	5	2	5	2	5	5	2	2	5	2	5	2	2	5	5	2	5	5	2	2	2	5	2	5	2	8	2	5	2	2	8	2	2	5	5	5	5	5	10	8	2	5	2	2	11	2	2	4	8	2	2	8	5	2	2	5	2	2	5	2	8	5	5	8	2	5	2	8	2	10	8	11	5	5	8	5	5	8	5	2	2	2	8	2	2	2	5	7	5	2	5	2	5	2	5	2	5	2	5	8	5	8	8	2	2	5	5	8	5	5	2	2	5	2	5	5	2	2	8	5	8	2	2	2	5	5	2	5	2	2	5	2	2	2	14	8	8	5	11	5	2	5	2	5	5	4	2	8	5	5	8	2	2	5	5	14	5	8	5	8	2	5	5	2	2	2	5	8	5	5	2	8	5	2	8	5	2	2	2	5	5	5	2	11	2	5	5	2	10	8	8	5	2	8	2	5	2	5	2	8	11	5	5	5	5	8	5	5	5	2	2	2	5	8	8	5	5	5	8	5	8	2	2	8	2	5	2	5	2	5	2	2	5	8	5	2	5	5	2	5	2	5	5	2	2	11	8	5	5	2	5	8	5	5	2	2	8	5	5	5	8	2	5	5	5	8	2	5	2	2	8	5	2	5	8	7	2	2	2	2	8	5	8	8	11	5	2	2	5	4	5	5	8	2	2	2	2	2	2	5	5	2	5	2	5	2	2	2	2	5	2	5	2	5	5	2	2	8	8	2	2	5	2	5	2	2	2	5	5	5	2	5	11	2	5	2	5	8	2	2	8	5	2	5	5	5	5	2	2	5	2	8	8	5	5	2	5	5	5	2	2	5	5	2	2	2	8	5	2	2	5	8	8	2	5	5	8	5	2	11	5	5	2	8	5	7	5	2	11	5	5	2	8	2	2	5	5	5	8	8	2	2	5	5	5	5	2	2	2	5	5	2	5	5	2	2	2	2	2	8	11	5	8	5	2	2	2	2	14	8	2	5	2	2	2	8	5	5	8	2	2	2	8	8	2	2	4	5	2	2	2	2	2	2	2	8	2	2	2	10	2	2	5	11	2	5	13	8	5	2	2	5	5	2	2	17	2	5	8	2	2	2	5	8	5	5	2	5	2	2	5	5	7	8	14	8	2	2	5	2	2	11	5	8	5	2	2	5	5	2	2	7	2	5	5	2	5	14	2	5	2	2	8	2	5	2	2	8	8	5	5	5	5	8	2	5	5	8	5	2	10	2	2	8	5	5	8	8	2	8	5	8	2	8	5	5	5	5	8	8	2	5	2	5	5	5	2	7	5	8	2	5	2	8	2	5	2	5	5	2	8	5	8	8	2	2	8	2	2	10	5	7	8	2	8	2	5	2	2	5	2	2	5	8	11	5	2	2	2	5	8	8	2	5	11	2	5	2	2	2	8	5	2	5	2	5	5	5	2	2	8	2	5	5	5	2	11	5	2	11	8	5	5	2	8	2	2	8	2	2	5	2	5	5	5	11	7	2	5	5	2	5	11	8	2	2	5	2	8	8	2	5	2	2	2	5	8	5	2	8	5	5	5	2	11	2	2	2	5	2	5	2	8	8	8	5	8	5	8	5	2	5	8	2	2	5	2	2	2	2	2	2	2	2	2	8	2	8	2	5	5	5	5	5	5	2	2	2	2	11	2	5	5	8	5	7	5	8	2	5	5	2	2	2	2	11	2	5	2	2	5	2	2	2	11	5	2	5	5	5	2	5	5	2	5	2	8	2	5	2	5	5	2	2	5	2	11	2	5	11	5	8	5	2	5	5	8	2	2	2	2	2	5	5	2	2	5	2	2	5	2	2	2	2	2	2	2	2	5	5	5	5	2	2	2	5	5	2	2	2	5	2	8	5	2	5	8	2	8	2	2	2	2	5	5	2	2	2	5	5	2	2	5	2	2	2	2	5	5	5	5	4	2	4
2023.83763115749	9	6	9	9	9	9	9	9	9	15	6	9	9	9	6	11	9	9	6	15	9	6	9	12	6	9	9	6	9	6	6	6	9	9	9	6	12	9	9	6	12	6	6	9	6	12	6	15	12	6	11	6	6	6	12	12	6	6	12	12	9	11	6	6	9	6	6	6	6	9	9	9	9	12	9	6	9	9	6	9	9	6	9	15	9	9	9	12	12	9	15	9	6	9	12	18	9	6	12	9	9	9	9	12	9	9	6	12	9	6	9	6	9	12	6	6	12	12	9	12	9	6	6	12	6	9	6	9	6	12	9	12	9	9	9	9	6	6	12	8	12	6	6	6	9	6	9	11	9	6	9	9	6	6	9	9	9	12	6	12	15	6	9	9	9	6	6	8	9	6	6	6	9	6	6	9	12	9	6	12	6	9	12	14	6	9	9	9	11	9	12	6	6	6	9	9	6	12	9	6	9	12	9	15	9	6	12	6	6	6	6	12	9	8	6	11	9	15	9	9	12	9	9	12	9	6	6	9	12	9	9	9	9	12	9	9	6	9	9	6	15	12	9	6	9	12	12	11	9	6	6	6	15	12	6	12	9	9	12	6	6	6	6	12	12	9	12	9	6	6	12	9	6	12	6	12	9	6	12	9	20	9	12	9	15	9	9	9	9	12	9	8	6	15	9	12	12	6	9	12	12	12	12	12	9	6	9	9	6	9	12	6	6	9	12	6	6	12	9	12	12	18	9	9	6	12	9	9	6	15	9	9	12	6	14	12	9	9	6	8	9	12	9	9	6	12	12	9	5	9	6	12	6	9	9	6	9	6	6	11	9	12	12	6	15	9	12	11	9	12	6	9	9	12	9	14	9	9	9	12	9	6	12	12	9	9	9	9	9	6	6	12	12	12	9	6	9	12	9	6	9	6	12	12	6	12	9	9	9	6	12	9	6	9	9	9	12	9	9	9	12	14	9	9	9	6	12	6	9	12	12	12	9	9	15	8	9	9	12	6	6	8	9	6	9	12	18	12	9	6	12	6	12	6	6	12	9	12	12	12	12	12	9	15	15	6	6	12	9	6	12	6	12	12	12	9	9	9	12	9	9	6	9	14	9	6	15	15	6	9	6	9	9	6	9	9	12	12	9	9	9	6	9	6	6	6	6	9	9	6	9	9	9	9	9	9	6	17	12	6	6	9	9	9	9	12	12	12	9	9	6	14	12	6	6	12	12	9	12	6	12	9	9	6	12	12	9	6	9	9	12	9	6	6	6	6	15	9	9	9	9	6	9	9	6	9	9	15	15	9	6	9	9	6	20	9	15	9	6	6	9	12	6	6	12	6	6	12	6	9	12	6	9	12	6	6	11	9	9	6	9	12	9	6	6	14	6	6	9	18	6	9	15	6	5	12	9	9	9	9	6	15	6	9	11	6	12	6	9	12	9	9	6	9	6	9	9	6	9	9	18	9	6	6	12	6	6	15	9	6	6	6	6	9	6	12	6	17	9	6	9	9	6	18	6	9	6	6	6	6	12	6	9	6	12	12	9	6	6	12	6	9	9	12	15	6	9	6	9	9	12	9	9	6	9	9	9	9	9	12	9	9	6	9	12	9	6	12	12	9	5	9	9	11	9	12	6	9	9	11	9	12	6	9	9	6	15	6	15	12	9	9	12	6	9	11	12	12	12	12	12	9	9	9	12	9	6	9	12	11	12	9	6	9	6	6	12	9	6	6	15	9	12	6	9	9	9	9	6	9	9	12	9	6	6	6	12	6	9	9	12	6	12	12	6	12	17	6	9	9	12	9	6	15	6	6	6	6	9	6	12	6	11	6	12	5	12	9	12	9	6	6	12	9	14	12	6	9	6	6	9	9	9	9	6	9	9	12	9	6	18	6	12	6	12	6	9	6	12	12	17	6	12	6	12	9	6	6	9	9	6	9	6	9	9	6	6	6	9	9	6	9	9	6	6	6	9	9	9	6	9	9	6	6	6	18	12	9	12	9	12	9	14	9	6	12	9	6	6	9	12	12	9	6	6	9	9	6	6	6	12	6	6	6	12	12	9	12	11	9	9	6	6	6	6	6	9	9	9	6	12	9	9	12	6	17	9	6	12	12	6	6	12	9	12	6	6	6	9	12	12	6	9	12	12	12	6	6	6	6	6	9	9	6	15	9	9	9	9	9	9	15	9	9	6	6	9	6	15	9	6	6	9	6	9	6	15	9	6	12	6	6	6	9	9	12	6	9	9	9	9	9	6	14	9	9	6	6	6	6
2023.85485659726	10	16	13	7	10	15	10	13	16	10	10	10	10	18	10	10	10	16	10	13	10	7	10	13	10	10	13	7	10	7	10	9	16	10	10	10	13	10	13	10	17	7	7	10	7	13	13	10	16	10	15	10	13	13	12	18	10	13	16	10	12	15	13	10	10	10	10	7	7	13	10	7	19	16	10	7	7	7	7	13	7	16	16	13	10	7	7	13	10	7	13	13	10	16	13	19	13	6	13	10	19	16	9	13	10	13	10	10	7	10	7	13	10	13	7	10	13	16	7	10	13	10	16	12	13	13	7	10	9	14	12	10	12	7	10	10	10	10	10	9	13	10	10	10	10	10	10	12	7	13	7	7	13	10	10	10	7	13	16	16	13	10	10	7	10	7	7	9	10	7	7	6	10	10	7	13	22	10	10	13	9	10	10	13	10	7	13	7	12	10	6	10	10	10	10	10	7	13	10	10	12	18	16	19	7	7	10	7	9	10	7	10	16	6	7	15	10	13	10	10	10	7	7	10	13	13	10	10	10	13	10	10	7	16	10	10	10	10	7	10	13	13	7	13	10	9	10	10	11	7	7	7	15	10	10	15	13	13	10	10	10	7	16	13	7	12	10	15	7	16	13	10	16	13	7	16	13	10	13	13	19	12	10	10	12	15	10	13	10	10	12	7	16	13	10	18	7	10	16	16	18	13	15	10	10	9	13	7	9	13	13	10	10	7	13	10	10	10	10	13	10	20	15	13	7	18	7	10	15	10	13	10	10	10	13	7	7	9	10	6	10	10	13	10	7	10	16	10	9	10	10	10	7	12	7	7	10	13	9	12	12	13	12	7	12	19	7	12	10	10	7	10	10	16	10	18	10	12	7	16	10	13	10	10	10	13	10	10	10	10	10	13	7	10	7	10	17	10	12	13	13	7	9	12	7	10	10	10	9	7	10	10	10	10	10	10	12	10	16	10	10	13	10	16	16	10	10	10	9	13	13	13	13	13	13	15	7	7	10	7	7	9	16	10	18	13	20	13	10	13	15	13	13	7	13	16	12	15	16	18	16	13	16	10	10	10	10	13	15	7	13	7	13	10	13	7	10	10	7	10	13	13	7	10	13	7	13	13	10	10	13	10	10	7	13	7	16	10	12	7	10	7	7	6	19	7	13	7	10	10	10	10	7	10	10	10	10	18	10	13	10	10	7	10	13	7	10	15	13	15	9	13	10	10	7	10	15	10	13	7	16	10	10	7	10	10	10	7	7	7	10	10	10	7	10	10	13	10	16	7	13	10	10	18	7	10	6	13	10	12	7	10	10	13	19	13	16	10	10	7	10	13	9	13	10	10	10	13	7	7	13	7	13	10	10	10	12	10	13	10	13	16	10	13	10	13	10	10	7	17	7	16	13	10	6	16	10	12	10	18	10	7	7	10	10	10	13	10	10	14	12	7	10	15	10	10	13	10	10	15	13	10	7	10	13	13	10	13	13	7	7	7	10	7	7	13	13	19	13	13	7	13	10	13	13	7	7	10	9	10	18	7	10	7	7	10	7	7	10	22	13	13	7	13	15	16	6	10	10	9	16	10	10	10	16	10	7	9	16	10	13	7	19	10	10	7	10	10	13	7	12	7	13	10	10	7	7	10	13	9	13	15	13	10	10	10	13	10	12	7	10	18	10	13	10	15	13	16	13	13	10	10	7	10	13	7	7	10	10	10	13	15	7	13	10	9	10	13	10	10	13	18	10	13	10	10	10	10	7	7	10	13	10	9	13	10	10	13	10	7	13	10	13	18	7	10	18	10	7	16	10	16	10	12	13	10	7	10	13	11	16	7	10	10	13	6	13	10	13	7	10	13	18	13	10	10	10	17	10	10	18	10	13	7	13	7	12	10	12	13	17	10	13	7	10	10	7	13	10	16	16	10	7	7	7	10	10	9	7	13	7	10	10	10	10	10	10	10	10	13	7	9	10	9	13	7	12	10	9	7	13	10	19	13	18	17	13	16	13	13	16	10	19	9	13	16	19	13	10	10	13	6	10	6	10	10	7	10	10	10	6	10	7	13	16	13	13	15	18	10	13	7	9	13	7	10	13	13	15	7	10	13	10	13	13	19	13	7	13	17	10	10	10	10	13	10	10	16	13	10	13	13	15	16	13	12	7	7	7	7	10	13	13	7	18	10	7	10	10	13	10	13	12	13	16	18	12	10	10	10	16	7	7	13	7	10	18	10	7	13	9	7	10	10	13	13	10	10	7	10	16	10	10	18	10	10	7	10	7	10
2023.87208203703	14	17	11	8	8	17	14	12	17	9	8	9	9	16	14	8	12	17	16	11	14	11	9	8	9	14	14	8	9	11	9	8	16	8	14	8	16	8	12	9	17	6	8	11	8	8	14	8	15	8	11	17	15	15	11	16	12	11	19	11	9	11	15	14	8	15	8	12	5	11	12	9	18	14	17	8	8	8	9	12	6	14	21	11	12	6	6	14	9	5	12	11	11	15	11	17	12	8	10	11	18	15	5	14	8	8	15	8	9	15	8	12	9	12	9	8	8	17	6	12	15	15	18	12	21	12	12	9	14	8	16	9	11	5	11	15	14	8	9	14	15	14	8	11	10	9	12	10	6	15	8	5	11	11	8	8	8	12	22	14	11	12	11	12	14	11	12	8	14	11	9	8	14	11	14	9	25	12	9	14	11	12	11	9	11	6	13	8	11	6	5	17	15	11	5	12	12	8	12	12	16	19	17	19	9	18	8	8	11	9	8	9	15	5	12	16	8	5	11	8	8	12	8	9	12	14	9	11	8	17	9	12	5	19	12	5	9	8	9	14	5	9	9	14	15	14	12	12	8	12	9	5	19	9	11	21	12	17	9	8	13	8	15	14	5	8	14	18	6	18	12	12	18	11	5	17	12	9	15	11	8	8	8	8	8	13	6	11	9	10	11	12	14	12	5	19	6	12	18	11	14	8	12	8	12	8	9	9	13	11	5	8	8	5	14	15	8	8	12	15	9	23	16	12	5	13	8	11	19	5	12	8	8	12	17	9	8	11	10	5	8	5	15	9	8	8	11	9	13	8	13	6	5	11	9	9	6	11	11	8	11	11	8	6	14	17	9	10	14	9	11	10	8	11	12	17	12	15	8	11	14	15	10	5	9	8	9	8	9	10	9	8	8	11	8	15	20	9	11	15	12	12	8	8	11	6	8	8	5	5	9	9	15	8	11	17	11	9	15	9	8	14	6	18	15	11	9	13	8	11	11	11	17	14	10	15	8	8	9	8	11	14	20	9	14	12	23	14	12	15	12	14	14	11	11	11	15	12	9	15	11	13	20	8	6	11	14	11	16	5	8	9	13	8	11	9	14	10	8	9	11	13	9	9	12	11	12	10	9	12	15	12	12	12	13	8	17	8	8	8	9	12	9	8	18	9	12	9	11	10	9	5	8	8	14	6	8	8	8	11	9	8	5	11	11	8	11	21	12	14	11	14	11	8	5	5	18	14	14	9	9	12	12	12	9	8	12	5	8	8	8	9	9	8	12	11	11	5	17	6	11	10	14	16	11	8	5	13	8	8	11	15	9	11	8	13	11	15	11	9	9	11	10	14	6	8	17	12	8	9	14	5	9	5	9	15	10	9	15	9	16	11	9	15	8	17	8	8	8	11	9	17	11	13	5	9	14	11	6	14	12	8	8	15	12	8	15	9	10	14	11	8	12	14	12	12	11	8	5	14	8	8	6	12	11	14	15	5	14	5	9	5	11	6	8	8	14	12	12	11	12	19	11	8	11	5	8	16	13	8	14	12	9	9	6	9	12	5	11	25	11	12	6	11	19	18	11	9	12	8	15	9	5	16	15	8	5	10	21	11	12	8	18	11	8	5	11	9	9	5	11	6	17	6	14	9	15	9	15	18	15	14	13	14	8	9	17	8	13	6	9	16	9	12	12	16	11	19	14	14	8	9	6	8	14	8	9	9	6	12	11	12	8	9	12	13	11	11	9	12	5	16	9	12	12	9	14	9	5	9	5	11	10	11	12	12	12	14	6	14	11	9	11	16	9	8	8	12	9	20	5	21	14	14	14	9	13	14	8	13	11	5	6	9	8	14	15	5	8	8	8	12	14	15	9	5	14	20	9	9	16	10	9	9	14	8	8	8	8	15	11	14	11	12	11	12	5	14	14	15	11	11	9	5	6	11	10	13	6	15	12	8	13	9	11	11	11	14	9	12	8	8	11	8	15	5	13	12	5	12	11	6	20	11	18	11	9	15	15	11	15	8	16	10	12	15	17	11	11	14	12	5	14	8	10	14	5	11	12	8	5	18	9	11	11	12	15	14	20	5	8	11	8	11	12	9	11	12	16	9	5	15	8	12	15	18	11	9	11	17	15	15	8	9	5	8	16	18	14	5	11	12	12	15	15	8	6	12	12	12	17	11	14	8	18	8	8	8	14	9	12	11	13	17	18	18	11	8	8	12	17	12	5	21	5	17	15	8	9	11	14	11	12	12	9	11	17	9	8	5	16	9	9	17	12	8	12	11	8	11
2023.88930747681	8	11	8	5	7	8	11	8	16	5	8	8	8	13	9	3	11	10	15	8	16	10	8	5	11	12	8	7	8	10	10	16	11	8	8	10	16	3	5	10	16	5	5	5	13	5	16	5	10	10	9	16	16	16	8	7	9	3	11	5	5	9	16	8	8	14	8	11	8	11	10	8	17	13	11	8	8	8	13	11	8	8	13	8	18	5	8	8	8	14	5	5	7	8	11	8	6	13	7	11	17	8	6	13	5	10	13	5	8	14	8	11	16	8	8	8	5	8	5	8	11	13	16	11	22	16	8	13	17	8	13	5	11	5	11	14	10	5	5	11	8	13	8	13	8	8	8	5	8	16	8	14	6	11	8	11	5	5	16	11	5	10	10	11	13	19	10	8	8	8	10	11	8	10	18	8	14	7	8	5	8	8	8	11	10	5	11	8	10	8	5	13	12	16	5	5	11	8	10	7	13	16	8	13	8	16	5	8	8	5	8	5	8	8	10	8	10	5	10	15	5	11	8	8	5	13	7	11	5	17	6	5	5	11	8	5	5	17	7	8	5	5	5	16	11	8	8	11	3	10	8	5	16	5	14	10	5	13	8	5	10	5	5	8	5	11	11	14	10	11	13	8	16	5	5	5	12	5	10	10	5	5	8	13	14	11	11	8	8	5	8	10	8	5	8	16	5	7	16	5	8	5	14	11	7	5	5	8	8	5	8	8	8	8	5	13	8	8	10	10	5	11	11	11	11	8	5	8	14	5	8	13	5	8	13	5	11	18	7	8	14	8	13	8	5	8	15	10	11	8	10	5	5	11	8	7	11	10	8	8	8	8	5	11	8	11	5	5	13	5	19	8	5	5	7	7	11	11	8	8	8	13	5	5	10	10	8	13	7	11	8	5	8	11	8	16	14	5	11	13	5	14	5	5	8	5	5	8	6	8	5	13	16	15	5	19	11	11	8	8	11	13	3	16	8	8	5	10	11	9	13	10	12	17	14	11	11	8	8	11	19	11	13	7	11	8	11	5	18	13	14	13	5	10	5	5	11	8	10	8	10	5	13	5	5	13	10	5	11	5	8	5	5	6	5	5	18	8	5	8	9	13	8	11	5	10	5	5	10	8	13	15	11	10	8	8	8	8	5	10	7	10	5	13	5	10	5	8	11	11	8	5	8	8	11	8	5	5	8	8	5	16	11	8	5	5	5	10	11	11	8	13	5	5	5	5	13	8	8	10	10	7	14	11	8	5	8	8	13	8	6	10	11	7	10	8	5	8	10	5	11	11	20	13	19	8	11	8	5	11	10	15	10	3	5	8	11	8	8	10	8	11	5	16	5	5	13	5	8	5	8	11	8	8	8	16	5	10	7	8	16	8	13	23	5	13	10	7	5	8	13	10	8	10	5	10	11	5	5	11	10	7	8	8	11	5	10	5	8	17	11	5	8	13	7	7	11	14	8	11	5	5	5	10	11	10	13	3	5	8	8	5	13	8	5	8	13	7	11	10	8	13	12	5	8	8	11	15	13	5	8	10	8	10	5	5	11	5	14	14	8	6	5	9	16	11	11	5	13	11	8	8	8	11	8	10	5	8	13	8	5	8	5	10	8	5	7	8	5	14	10	5	8	8	11	5	13	8	13	13	11	11	5	16	8	11	10	5	8	5	8	8	5	11	11	8	10	11	13	8	11	8	5	11	8	13	7	10	5	8	5	16	10	5	7	8	8	11	7	9	5	8	8	7	13	8	12	8	11	7	8	5	7	11	11	13	8	13	5	14	11	10	13	8	13	5	5	9	11	13	5	13	13	8	10	8	10	10	10	13	5	5	8	10	5	13	8	5	5	8	5	7	8	15	11	5	11	14	16	5	13	7	8	8	13	11	11	5	11	10	8	8	11	8	11	7	8	7	11	6	10	10	5	8	5	8	11	8	5	13	11	8	10	8	5	10	11	13	13	8	10	8	5	5	8	5	10	14	6	11	11	8	19	5	10	8	8	7	14	8	10	11	3	8	11	8	10	7	11	8	8	5	11	13	11	8	5	13	14	10	5	19	7	10	10	8	7	11	15	5	10	8	5	11	11	16	9	6	11	10	8	7	8	5	13	11	11	10	11	16	13	13	5	10	8	5	15	16	5	5	10	5	16	8	10	5	5	10	11	10	13	5	8	8	8	11	8	8	8	5	5	5	10	12	11	10	11	5	5	10	11	8	5	22	8	16	8	8	10	11	17	19	10	8	8	5	13	10	8	8	11	16	5	7	11	7	11	16	10	16
2023.90653291658	4	6	3	1	3	4	4	3	16	6	4	6	6	3	4	4	6	9	5	1	8	9	6	6	9	4	4	6	9	3	9	14	1	12	1	9	6	1	1	9	4	6	4	3	12	1	9	8	8	9	7	11	11	11	3	3	10	1	1	1	7	7	11	12	6	3	9	6	9	3	6	6	6	9	4	6	6	3	9	6	6	9	12	1	14	3	9	6	3	12	3	6	8	3	9	3	11	9	1	14	6	6	4	12	6	8	6	6	6	3	6	9	14	6	9	9	6	6	3	6	9	6	13	7	11	15	4	12	14	6	7	4	3	6	14	12	1	3	4	6	6	6	4	9	4	3	6	3	9	11	6	12	7	11	9	12	4	6	6	6	3	3	9	6	11	14	3	6	7	3	6	9	4	6	9	6	4	6	12	8	6	6	8	9	3	3	12	6	11	11	6	9	7	18	8	1	11	3	3	3	7	4	4	11	6	12	3	6	6	3	6	4	8	6	3	6	8	3	4	14	3	6	6	6	6	3	3	6	3	10	4	1	3	1	6	3	7	18	6	7	3	3	6	6	4	3	6	12	4	3	3	6	14	9	12	3	1	11	3	6	6	6	6	9	3	7	9	4	8	6	11	6	13	3	3	3	6	3	8	8	3	3	9	14	11	4	14	3	9	3	7	3	9	3	14	4	9	6	3	3	4	1	6	9	3	1	3	6	6	6	9	4	8	11	8	6	4	9	6	8	11	1	6	9	15	3	4	6	9	3	9	11	6	9	8	9	9	18	14	6	9	9	15	7	4	6	12	6	6	9	6	3	6	12	12	11	11	6	6	4	4	6	1	9	3	4	9	3	9	11	14	4	3	6	6	3	9	1	4	6	6	6	3	3	9	8	3	14	3	9	6	6	9	9	6	6	3	9	12	9	3	6	3	1	6	9	3	6	4	12	1	12	9	14	3	15	4	9	8	6	9	6	4	3	6	1	11	6	14	4	11	9	4	15	12	4	11	6	6	9	14	6	3	3	6	3	1	3	14	6	6	3	6	9	3	3	1	7	6	3	9	6	3	8	6	8	9	3	6	6	6	4	6	4	3	6	18	4	3	9	7	9	6	6	1	8	3	1	9	6	9	11	3	3	9	6	6	9	3	6	3	3	1	9	6	6	3	9	6	14	6	9	6	6	4	11	3	1	9	6	7	12	9	6	6	3	3	3	9	7	9	6	3	6	3	3	3	7	3	14	6	3	7	12	6	3	6	9	11	6	4	6	12	6	3	6	3	9	9	3	12	9	15	3	14	6	9	6	8	7	8	10	10	1	3	4	14	6	1	6	9	6	12	9	3	3	6	3	9	1	6	9	8	9	6	9	3	12	3	12	15	6	11	15	6	8	6	9	4	3	9	9	1	1	11	6	6	6	3	6	3	3	12	6	12	11	8	3	4	10	7	4	6	9	3	11	3	14	9	7	6	6	3	9	9	9	9	4	8	9	11	3	9	9	3	6	3	3	9	9	9	6	9	6	11	6	9	5	3	3	4	12	9	9	6	1	9	6	12	4	11	11	6	4	14	6	9	3	8	14	1	3	6	9	8	8	9	6	12	6	6	6	6	9	4	10	8	3	3	12	6	3	3	6	6	9	12	6	15	4	9	3	6	8	8	12	1	3	11	6	9	6	9	9	9	6	9	1	12	9	9	9	6	12	9	11	11	9	9	3	1	9	15	6	3	6	6	9	3	10	3	6	6	3	8	6	4	6	9	6	6	3	3	9	6	13	6	3	11	11	9	11	11	3	9	1	1	10	9	3	3	12	6	3	9	9	3	4	8	12	6	3	6	6	6	9	3	3	6	7	6	9	4	6	6	3	12	3	14	3	3	3	6	12	3	9	7	3	7	9	3	7	11	6	9	6	6	1	9	1	6	6	9	9	6	1	14	6	3	15	6	4	9	9	6	9	11	6	11	4	14	7	6	1	3	6	9	7	4	12	3	6	11	3	6	3	6	9	4	9	8	6	4	6	9	1	4	8	11	9	6	6	4	9	14	4	3	9	16	6	6	14	6	9	9	3	6	3	3	9	8	9	1	8	12	14	7	11	6	14	9	3	6	3	9	1	3	9	9	4	6	6	3	9	9	3	5	13	8	3	8	3	9	3	8	1	3	3	9	3	6	6	3	6	9	10	6	9	4	3	1	3	9	4	6	6	3	3	8	6	3	4	10	11	11	11	9	12	14	6	14	14	12	6	6	9	6	9	4	6	1	14	9	3	12	3	4	18	14	18
2023.92375835635	6	6	3	3	6	9	6	6	11	6	11	8	6	3	3	6	3	11	3	3	9	6	6	9	6	6	6	6	11	3	6	13	6	9	3	9	3	3	3	12	6	6	6	9	10	3	3	8	4	6	6	3	12	12	3	3	12	6	3	6	9	6	12	9	3	3	6	3	9	3	9	9	6	6	3	3	6	3	10	6	7	12	9	3	14	3	6	9	11	11	3	6	6	4	4	3	12	6	6	11	6	11	6	6	10	6	7	9	11	3	9	9	6	3	7	9	6	13	4	3	9	7	8	6	7	12	3	13	14	12	9	10	3	10	11	6	9	3	10	6	6	6	11	9	9	3	3	6	6	12	9	11	13	12	11	9	8	9	6	3	3	6	9	6	9	8	3	9	8	3	9	6	6	6	7	3	3	8	12	8	3	8	6	6	6	3	9	6	6	15	6	6	6	11	8	6	6	3	3	3	9	3	6	6	3	8	3	3	3	9	3	6	8	6	3	11	8	3	3	11	3	6	3	6	7	6	3	3	3	6	9	6	9	3	8	3	9	9	8	9	4	3	6	6	6	3	6	10	9	12	11	6	9	9	9	8	3	6	11	6	8	6	7	9	3	6	11	3	9	3	9	3	8	3	3	8	3	9	6	9	3	3	6	12	6	3	9	3	11	3	9	9	12	3	15	3	11	7	3	3	9	6	9	9	6	9	6	9	6	6	9	11	8	9	8	3	11	7	9	6	13	3	3	9	11	3	8	6	8	6	9	6	9	12	6	11	9	14	14	6	9	9	10	11	6	9	10	10	9	10	8	3	6	14	10	11	15	6	3	6	8	9	3	9	3	3	11	6	6	13	8	9	3	10	8	3	3	6	6	4	3	9	3	3	9	6	8	12	4	3	3	6	6	9	9	6	3	9	14	6	3	9	3	3	6	9	3	3	6	11	3	13	6	11	9	3	6	12	8	6	9	7	9	3	11	3	13	8	12	6	7	6	3	9	8	6	6	3	6	11	8	6	6	3	6	3	3	9	14	9	9	6	11	6	3	3	6	8	3	3	15	8	6	8	8	6	8	3	3	7	6	6	8	6	3	6	9	9	3	7	6	9	11	6	3	6	3	6	12	3	6	12	6	3	6	9	13	7	3	3	4	3	6	6	9	7	3	9	6	11	8	12	6	3	6	15	3	3	7	4	9	3	6	6	9	3	3	8	9	6	9	7	3	12	3	6	3	8	3	12	3	6	3	10	6	3	8	9	3	6	6	10	9	6	3	7	3	13	11	4	9	3	6	3	8	3	6	4	8	6	6	3	8	6	3	6	8	6	3	9	17	6	14	6	3	3	6	3	9	3	9	11	6	9	12	6	6	12	3	12	12	4	8	9	12	6	3	9	8	3	6	11	3	3	11	3	9	9	6	6	6	3	9	6	10	14	6	9	9	11	6	8	9	10	3	9	7	9	9	6	8	7	3	6	4	6	7	8	10	9	10	3	3	6	6	6	4	3	9	6	11	6	6	8	8	3	11	3	3	9	9	14	11	9	7	3	6	7	9	3	8	12	9	6	9	3	3	9	6	12	3	3	6	3	8	8	11	9	9	3	7	6	9	9	11	10	6	11	3	11	6	4	3	9	6	11	9	6	10	3	9	6	6	9	12	9	6	3	8	7	11	6	9	9	3	11	6	3	6	9	9	7	9	9	9	3	11	6	9	6	3	6	15	9	3	6	3	6	3	12	3	6	7	6	6	8	6	6	11	8	6	3	3	3	6	11	3	6	16	9	4	10	7	3	6	6	3	12	8	6	3	9	6	3	6	6	3	6	6	12	10	3	9	6	6	6	9	6	6	14	6	13	9	3	6	3	6	3	12	3	3	3	6	10	4	9	6	3	6	11	3	9	8	6	9	7	7	6	11	6	3	6	11	6	7	3	11	6	3	10	3	8	9	11	6	6	6	6	8	3	19	12	11	9	4	6	6	3	6	10	7	3	6	3	6	3	6	9	3	6	4	6	9	9	9	3	6	8	6	6	3	6	6	6	11	6	9	3	10	3	6	9	6	6	15	3	7	6	3	12	6	9	9	6	10	12	6	12	3	12	9	3	8	3	6	3	3	9	4	6	3	3	3	9	9	3	3	8	10	3	8	3	6	3	6	3	3	12	6	3	6	6	3	3	6	9	6	10	6	6	6	3	6	3	3	6	3	3	8	9	11	3	10	7	9	3	8	13	12	6	14	8	10	8	6	9	6	6	6	3	6	6	9	3	12	4	9	11	19	11
2023.94098379612	6	3	3	3	6	6	6	11	3	6	8	8	6	3	3	6	6	3	3	6	6	6	8	9	3	6	3	6	9	3	3	6	6	3	3	6	3	6	3	9	3	3	6	13	3	6	3	8	3	3	6	3	6	6	6	3	6	8	3	9	10	6	6	12	3	3	6	3	8	3	15	6	6	6	6	9	11	3	3	6	3	11	8	6	3	8	6	6	12	3	6	6	3	3	3	6	6	3	6	3	6	11	9	3	6	6	9	6	13	3	11	3	8	3	6	3	3	14	3	3	3	9	6	6	3	3	3	6	3	11	3	9	3	8	3	9	9	6	9	6	5	6	8	3	9	9	6	6	8	6	11	3	10	11	9	9	8	10	6	3	3	9	6	3	11	3	9	14	11	6	9	3	6	3	8	3	3	9	9	3	6	6	3	6	6	8	6	11	8	5	6	3	3	9	6	6	6	6	3	3	3	3	6	3	6	8	6	9	6	15	6	11	3	9	9	11	3	6	3	6	3	3	3	6	6	12	3	6	6	6	6	6	9	3	6	3	9	3	6	8	6	3	8	9	11	6	6	3	6	13	11	6	6	6	6	8	3	3	12	9	8	6	6	6	6	6	11	3	9	6	8	8	6	3	3	8	6	11	6	6	3	3	3	3	6	6	6	3	9	3	13	9	11	6	11	3	6	6	3	3	9	6	8	6	9	9	8	6	8	6	6	8	6	8	3	3	8	6	15	6	9	3	6	6	14	3	8	8	6	6	3	6	6	9	6	8	3	3	9	9	3	6	6	6	6	8	6	6	8	14	8	3	6	9	6	8	11	12	6	3	11	9	3	6	3	6	8	6	3	9	3	9	6	8	9	6	6	6	3	6	6	6	3	3	6	6	8	3	3	6	3	3	3	3	11	8	3	6	9	3	3	9	6	3	6	3	3	6	9	11	3	6	6	6	8	3	6	6	3	8	6	3	10	3	11	6	9	8	3	3	3	6	3	3	3	3	3	3	6	11	3	6	8	3	3	3	3	9	3	6	8	12	9	6	8	3	6	9	3	6	8	6	8	8	6	9	9	3	6	8	6	3	6	6	3	8	3	9	3	6	3	9	13	3	3	6	6	8	9	8	3	8	8	3	3	11	14	6	3	3	3	9	8	3	6	3	6	3	6	8	8	8	6	8	6	5	6	3	6	6	9	3	6	5	6	3	6	8	6	3	6	3	3	9	6	6	3	11	6	9	3	9	3	3	6	3	8	8	6	9	6	6	6	6	3	11	3	14	3	3	3	6	3	3	3	3	6	6	8	6	6	9	6	8	3	6	3	8	6	9	11	3	10	8	3	6	11	8	8	3	11	12	9	6	9	6	6	14	3	9	6	6	12	3	9	6	3	3	8	3	6	3	6	3	9	3	6	9	11	3	9	3	13	8	3	11	6	11	9	6	3	8	10	3	3	6	6	9	8	3	8	8	6	3	3	8	6	6	9	8	11	3	9	6	8	6	3	3	6	3	9	3	3	8	3	6	11	3	3	11	9	13	9	6	6	3	3	8	6	3	3	6	6	3	6	6	6	11	6	3	9	3	8	6	3	3	8	6	8	3	6	11	6	6	9	14	3	12	3	3	9	3	3	6	6	8	9	8	6	3	3	6	3	6	9	6	8	6	6	6	9	3	6	3	6	11	6	3	3	6	6	6	6	9	6	6	8	3	3	6	3	3	6	6	3	8	3	6	3	6	6	3	9	6	6	8	6	8	12	6	3	3	6	6	6	8	3	8	14	6	3	6	3	3	6	9	3	6	6	8	8	8	6	3	8	8	6	8	6	6	8	6	6	11	3	3	11	6	3	14	9	12	9	6	3	3	3	3	11	6	3	6	6	6	3	3	6	3	6	16	3	8	3	13	3	6	3	6	11	6	3	3	8	3	6	9	8	8	8	6	3	8	8	9	3	3	6	6	12	6	12	8	10	9	3	6	3	3	9	3	6	8	3	3	6	3	6	15	3	3	3	3	6	6	3	9	3	3	6	6	3	6	6	3	8	6	9	9	3	3	6	6	6	3	8	3	3	6	3	8	6	3	9	8	3	11	3	6	6	9	6	3	6	8	3	3	3	6	3	3	3	3	3	6	6	6	3	6	9	3	8	6	3	3	6	3	6	13	6	9	11	6	6	6	3	6	11	14	6	8	6	3	3	3	6	6	3	6	8	15	11	3	14	3	8	3	6	13	9	6	3	3	8	8	6	3	11	3	3	6	6	8	8	6	8	6	6	9	12	9
2023.95820923589	5	2	5	7	2	2	2	10	2	2	5	5	7	5	2	14	5	5	5	5	2	5	5	11	5	5	2	8	5	2	2	7	2	5	5	5	2	5	2	7	2	5	7	12	2	5	2	2	2	8	5	7	5	5	5	2	2	8	8	5	5	5	5	8	2	2	2	2	5	2	13	7	5	8	9	10	14	5	2	7	7	2	2	5	5	7	5	5	8	2	5	2	5	2	10	13	2	2	7	2	5	5	10	2	9	2	10	5	7	2	8	2	7	2	5	2	2	10	10	2	2	10	2	5	2	2	2	2	2	7	2	5	2	7	2	10	5	7	5	5	2	7	5	2	2	10	5	7	5	5	8	2	5	8	7	2	2	10	5	2	7	5	5	5	8	2	10	13	10	5	10	2	5	2	5	5	2	5	10	2	5	5	7	10	5	7	2	14	10	2	5	8	2	2	2	2	8	5	5	5	2	2	8	2	8	2	8	10	5	10	5	8	10	8	10	5	2	7	5	5	2	5	7	7	2	10	5	5	8	5	5	2	8	8	5	2	7	2	5	7	8	10	5	8	10	5	2	2	5	7	10	5	5	2	2	2	2	2	8	7	5	5	5	5	12	5	5	8	5	8	2	7	2	5	2	5	5	10	8	2	2	5	5	2	2	7	2	5	5	2	10	7	2	5	2	2	5	8	2	2	2	2	8	11	8	7	7	7	10	2	5	5	2	7	2	5	5	5	13	8	5	2	8	5	5	2	2	7	2	5	2	5	5	2	5	5	2	2	10	8	2	5	2	2	7	17	2	7	11	13	5	5	5	5	5	5	7	10	5	5	5	5	5	5	11	5	5	7	2	5	2	2	8	5	5	5	5	9	5	5	10	8	2	5	5	2	5	2	5	7	5	5	2	7	8	7	2	2	5	2	5	8	5	5	5	2	2	8	10	8	8	2	7	5	5	2	5	5	10	5	11	2	7	2	5	9	5	5	5	5	2	7	5	5	2	5	2	7	7	5	2	5	8	5	2	2	2	5	5	8	8	10	7	5	7	2	9	8	2	8	7	5	8	2	2	5	8	7	8	8	5	2	5	5	5	5	2	2	2	2	2	8	7	2	2	2	5	5	7	7	2	7	8	7	2	8	10	5	5	2	5	10	7	2	2	2	5	2	5	2	5	7	8	11	2	2	8	5	5	9	7	5	5	5	2	2	12	2	5	5	2	2	5	7	9	5	2	10	5	7	2	8	5	2	7	2	8	5	5	5	5	7	2	8	5	14	7	10	5	10	5	7	2	5	2	2	5	8	2	5	2	10	5	8	2	11	2	7	9	10	5	2	10	5	2	5	10	7	5	5	7	8	13	5	2	7	7	5	7	10	2	5	11	2	7	5	2	2	2	2	2	5	5	2	5	2	2	7	8	2	5	2	10	7	2	5	8	10	2	2	2	2	10	5	5	5	5	8	7	5	12	10	8	7	10	7	5	2	2	5	10	2	8	5	8	5	7	5	5	7	5	7	2	12	2	8	5	5	2	10	2	5	5	7	5	8	2	8	2	2	2	2	7	5	5	8	5	10	2	5	8	2	5	8	10	2	7	2	2	5	2	14	2	5	5	8	5	8	10	2	11	10	7	5	5	5	5	5	2	2	2	8	5	2	8	2	7	7	2	5	5	2	2	2	5	5	7	8	2	5	11	2	7	2	5	5	5	10	2	5	5	2	2	2	5	10	5	5	5	2	7	2	10	5	2	5	5	5	8	5	5	7	10	5	13	5	2	13	11	5	10	2	2	2	2	10	5	2	5	8	7	2	7	11	7	10	5	5	2	2	5	9	5	8	2	2	12	5	5	8	7	8	2	5	2	8	5	2	2	5	5	10	10	5	7	2	5	8	5	10	2	7	5	13	7	8	5	5	5	7	2	2	5	2	5	12	2	10	7	2	2	10	5	5	10	2	5	7	11	8	5	2	5	7	2	5	2	5	10	2	5	10	2	2	5	2	5	12	2	2	2	2	5	2	2	8	5	2	5	2	2	5	2	2	2	5	8	8	5	2	5	2	8	7	7	2	5	8	2	7	2	10	7	10	2	2	2	2	8	7	5	7	2	7	2	2	2	7	10	2	5	5	2	5	5	5	5	2	2	5	5	10	2	2	8	5	8	7	5	10	10	2	5	5	2	8	14	13	5	7	2	7	2	5	8	5	2	5	2	13	8	2	8	2	7	7	2	8	7	7	2	2	7	8	5	5	10	10	5	8	2	7	8	5	5	5	5	2	5	2
2023.97543467566	4	4	4	6	4	1	6	1	1	4	4	4	8	4	4	12	4	4	4	1	4	7	4	4	9	4	4	9	4	7	1	4	1	4	4	6	1	4	4	4	1	4	9	9	1	4	1	1	1	9	1	6	1	1	7	4	1	11	9	4	4	1	1	4	4	7	4	6	4	4	10	4	4	7	7	6	9	13	4	4	6	4	1	1	4	7	7	4	1	1	1	4	6	4	9	12	4	6	7	1	4	4	4	1	9	1	6	7	6	7	9	1	4	1	4	4	1	7	9	4	4	6	1	1	1	1	4	1	1	1	1	1	1	6	1	7	4	11	1	4	1	10	4	1	1	13	4	4	4	1	9	1	4	4	6	4	6	7	4	4	12	10	4	6	7	4	8	4	4	8	6	6	4	4	1	6	1	1	7	1	11	1	6	6	1	7	4	9	9	1	4	7	4	1	1	4	4	10	6	7	1	1	9	1	6	9	7	6	11	9	11	7	18	6	8	1	1	4	4	4	1	6	6	8	4	4	4	6	7	1	4	4	4	9	1	1	7	1	4	9	6	9	4	4	4	13	4	1	1	7	11	13	4	1	1	1	4	6	1	6	1	6	4	4	10	7	1	9	4	12	1	4	1	4	4	7	4	4	9	4	4	7	4	1	1	9	4	4	4	7	6	9	4	1	1	1	1	12	6	6	1	1	4	10	1	6	1	4	12	4	4	4	1	4	1	6	4	8	10	9	4	1	7	4	1	1	6	4	1	6	1	1	7	1	1	4	4	1	9	6	1	4	1	4	9	17	1	4	6	7	1	4	13	1	4	4	1	9	11	4	4	4	4	4	10	1	4	4	4	4	4	1	7	4	1	1	6	7	9	4	6	9	7	9	4	1	7	1	6	4	9	4	1	9	9	4	1	1	1	1	13	9	6	4	13	4	1	4	4	6	9	1	6	4	10	1	9	4	18	4	10	1	6	6	4	10	4	1	4	6	1	4	7	9	1	4	4	6	8	1	4	4	10	4	1	4	1	4	4	9	4	4	6	7	9	6	7	1	4	9	1	4	10	1	4	1	1	6	7	10	4	4	4	4	4	4	1	1	4	4	4	4	6	1	4	4	1	4	4	4	1	1	9	6	4	9	7	8	7	1	6	8	6	6	1	1	6	1	4	4	4	7	4	10	6	1	4	4	8	9	7	4	1	6	4	4	13	1	4	4	4	1	7	7	7	4	1	4	1	6	4	1	4	4	8	4	9	6	7	6	4	4	1	9	4	9	12	1	4	9	4	4	1	4	4	4	1	6	1	7	4	6	1	11	4	11	1	4	10	6	1	1	9	4	1	6	1	4	4	4	6	1	10	4	1	6	4	1	6	7	1	4	4	1	7	1	7	1	6	1	1	4	1	1	4	4	1	4	9	1	10	4	1	4	1	7	9	4	1	1	1	6	9	4	7	10	1	4	1	4	14	4	13	11	9	4	6	4	1	4	1	4	7	7	6	4	6	4	4	6	1	6	1	14	1	4	1	4	6	4	1	1	4	6	6	9	4	10	1	1	1	4	6	6	4	12	1	4	1	4	4	4	1	7	18	1	6	7	1	4	4	9	1	4	4	1	6	1	9	1	4	9	9	6	6	4	1	4	1	1	4	6	6	4	4	1	4	11	1	6	4	1	1	1	6	1	4	9	1	4	10	4	6	4	4	7	4	9	4	1	6	1	1	1	4	12	4	7	4	1	4	1	12	4	1	4	4	4	1	4	6	6	7	4	9	4	4	9	4	1	9	1	1	4	1	6	4	1	4	10	4	1	10	10	4	7	7	6	1	1	4	7	6	1	1	1	7	4	4	1	6	4	1	7	1	9	4	1	4	4	4	7	9	4	6	4	7	9	7	1	1	9	4	7	9	12	7	10	1	4	1	4	4	7	6	10	4	12	7	1	6	9	4	4	9	4	6	10	4	6	1	1	1	6	1	13	1	4	4	4	1	10	1	7	1	1	4	1	6	4	1	4	4	7	1	4	6	1	6	1	1	4	6	6	4	4	4	7	7	7	4	1	9	6	1	4	4	6	1	7	1	9	6	7	4	4	4	4	7	6	4	6	1	4	1	1	4	6	9	1	6	6	1	4	4	6	4	1	1	9	1	9	1	1	9	4	13	7	7	8	1	4	4	11	1	7	9	7	4	1	4	12	1	7	12	1	1	13	1	10	1	4	1	1	4	6	1	4	6	6	1	4	6	9	4	4	1	9	9	4	1	4	4	1	1	6	9	1	1	1
2023.99266011543	7	4	9	1	6	4	12	9	1	4	4	6	4	1	6	9	6	4	4	4	4	4	1	4	9	9	7	7	6	9	4	4	7	4	4	12	1	4	9	4	1	4	9	6	4	7	1	9	4	10	1	7	1	1	7	4	4	7	14	9	4	1	1	1	4	7	10	6	1	11	7	7	9	1	4	7	4	12	6	6	4	4	1	4	1	9	7	7	1	1	4	8	4	4	1	12	7	9	10	1	9	4	9	1	7	1	6	9	4	7	4	6	4	1	4	8	1	1	6	13	4	6	4	1	1	1	8	1	4	4	6	1	4	4	1	7	6	12	1	7	4	7	4	4	6	6	7	4	4	1	4	1	4	4	6	9	6	4	4	9	7	7	4	4	1	4	6	1	7	7	9	8	7	6	1	7	1	1	7	4	10	4	7	1	7	9	6	4	1	4	10	4	4	1	4	6	1	9	4	7	6	1	6	1	8	9	4	7	10	9	14	4	16	4	6	1	6	1	10	4	4	4	10	4	4	4	4	7	4	1	4	6	1	14	4	4	4	1	4	7	4	7	12	1	1	12	12	4	1	12	9	12	4	1	6	6	9	6	1	4	1	9	7	4	1	6	1	12	4	12	1	1	4	7	4	6	4	7	4	4	4	7	14	1	4	4	7	9	6	7	1	9	4	4	1	1	4	12	9	10	1	6	1	11	1	9	1	7	7	8	4	4	1	1	4	6	4	9	7	4	4	1	7	1	1	1	6	7	1	9	4	1	9	6	1	7	6	1	9	4	4	11	7	4	9	9	1	1	1	1	1	7	12	1	4	10	4	9	10	1	1	1	4	4	9	4	7	4	7	4	4	6	1	1	1	1	4	4	7	1	4	4	7	11	1	1	6	1	9	4	11	6	1	9	4	4	6	1	1	4	13	12	7	4	12	9	4	4	9	6	9	1	4	4	10	1	9	6	16	1	11	4	4	9	4	9	4	1	1	4	1	1	11	9	1	1	9	10	4	1	4	7	7	4	4	4	1	6	1	4	1	4	1	4	9	10	4	1	4	4	1	4	7	9	4	9	4	11	7	6	4	8	4	1	7	12	1	6	10	7	7	1	4	1	9	8	4	6	4	1	4	1	6	4	4	4	1	9	7	1	9	6	6	9	1	4	7	4	1	4	6	4	9	1	12	4	1	12	9	9	4	1	7	7	10	10	6	6	1	7	4	4	4	4	4	4	1	7	1	4	4	1	4	4	4	6	4	9	4	4	1	1	1	7	4	4	7	4	4	6	4	4	1	1	4	4	1	4	9	6	8	1	6	7	4	7	4	4	9	9	1	1	4	1	4	4	1	1	4	6	4	1	1	11	1	4	4	4	4	7	1	1	1	1	4	1	11	4	6	1	1	4	4	6	1	4	1	4	6	4	7	4	1	4	4	10	4	7	6	1	1	6	4	1	7	9	4	6	1	7	7	1	12	7	1	4	4	4	1	1	4	4	12	7	7	4	4	4	1	12	1	1	1	7	1	4	1	4	9	7	1	1	6	4	10	9	4	6	6	1	1	7	9	4	4	12	4	7	4	1	4	6	1	4	16	6	1	7	1	7	4	4	1	4	7	1	4	1	7	1	7	6	9	6	4	7	1	1	7	1	4	6	6	4	4	1	1	12	1	10	6	1	1	6	4	1	1	14	1	4	11	7	9	9	4	4	10	9	9	1	4	1	1	1	4	7	7	6	4	4	1	1	12	4	4	6	9	1	1	4	7	11	4	8	9	1	13	4	4	1	1	1	1	4	1	6	12	4	4	7	7	1	7	9	4	6	7	7	1	1	1	4	6	1	1	1	4	9	6	1	4	1	1	6	1	9	6	6	4	4	1	4	4	4	4	6	6	9	6	4	1	7	1	4	9	12	4	7	1	1	1	6	7	13	10	6	4	7	9	7	6	7	9	6	4	4	9	7	1	9	1	4	7	9	1	12	1	4	9	4	4	9	1	7	1	1	8	1	6	4	4	7	4	7	6	4	6	4	9	4	1	10	12	9	4	7	1	12	4	9	10	1	4	12	1	4	6	6	1	4	1	9	9	4	4	4	7	7	7	4	11	4	4	1	4	1	11	4	1	1	6	6	4	1	4	4	4	4	1	11	4	6	1	1	4	4	12	12	12	6	1	8	1	14	1	1	4	1	7	1	6	7	1	11	12	1	4	14	9	7	1	8	1	1	1	7	1	4	4	4	4	4	1	4	6	4	1	9	7	4	7	4	1	1	1	4	9	1	1	1
2024.0098855552	12	4	14	6	9	7	14	9	1	4	1	4	4	1	9	1	4	4	10	4	1	4	6	4	1	14	7	6	4	10	4	1	9	1	10	10	1	4	13	7	1	7	9	4	7	7	1	14	4	4	1	7	1	1	7	9	9	9	6	9	1	1	1	4	4	4	10	7	1	11	1	9	6	1	4	7	1	9	4	6	7	1	1	4	1	9	4	7	1	1	10	6	4	10	1	4	4	13	14	1	6	1	9	1	4	9	4	4	1	4	7	6	4	8	12	9	7	1	4	16	9	4	4	4	1	1	10	1	6	4	6	1	6	7	1	1	8	6	1	7	7	4	1	4	9	7	12	4	1	1	7	1	4	4	1	9	7	1	6	9	4	1	9	7	1	1	4	4	7	7	10	11	12	6	1	7	1	4	1	6	7	4	4	1	7	9	6	1	1	4	17	4	9	1	4	8	1	1	1	9	6	1	4	1	6	4	4	7	7	7	7	4	10	4	4	1	6	6	14	1	11	7	9	1	4	1	4	4	4	1	6	8	4	6	4	7	1	1	4	7	4	4	9	1	1	6	12	4	1	12	4	12	4	4	9	6	13	6	1	4	6	6	7	1	1	6	1	4	7	10	1	9	4	7	6	4	4	9	1	9	4	9	14	1	4	7	6	14	4	10	4	4	1	10	1	1	4	7	4	9	1	6	1	7	4	4	1	9	4	6	9	1	6	1	6	4	1	12	1	1	1	1	1	4	1	6	7	4	1	7	4	1	4	6	1	9	4	1	4	4	7	17	7	7	9	7	1	6	1	1	6	7	12	1	6	12	4	4	7	10	4	1	6	4	4	7	9	4	7	1	1	9	9	1	4	1	1	1	1	6	4	1	10	9	7	9	4	1	6	7	9	6	4	4	7	1	6	4	1	9	1	4	9	6	12	9	6	9	9	4	9	1	6	1	1	4	4	6	10	6	7	4	4	4	1	4	1	6	1	7	1	1	9	1	1	1	9	9	1	4	1	7	7	4	6	6	1	9	1	1	1	1	1	4	6	9	1	4	6	4	6	4	7	14	4	14	4	9	1	4	7	13	4	1	7	9	1	9	11	7	9	7	1	4	13	10	10	4	7	9	9	4	1	4	7	7	1	12	9	4	6	4	6	13	1	6	6	6	1	1	4	14	9	1	14	4	6	12	12	1	1	1	9	7	16	11	1	6	4	9	4	4	4	1	10	4	1	7	7	7	6	4	4	4	1	6	1	11	4	9	1	6	1	6	8	4	4	4	4	4	4	7	1	1	1	4	6	4	14	6	10	1	6	9	4	4	4	4	4	10	4	4	4	1	4	6	1	6	1	9	4	4	1	17	1	6	4	4	6	1	1	6	1	1	1	1	7	4	7	1	4	4	4	6	4	6	6	4	1	6	1	4	1	4	4	15	1	9	9	1	4	7	7	1	9	9	6	6	4	9	1	1	10	4	1	4	4	4	1	1	4	6	12	4	4	7	1	1	4	9	1	1	4	1	9	1	4	10	12	10	1	1	4	1	14	9	10	4	9	1	9	4	11	7	4	10	9	9	4	1	7	10	1	1	10	6	1	9	1	9	4	1	1	9	7	1	4	1	4	1	7	4	6	6	1	9	1	6	7	4	9	1	7	1	1	1	1	6	4	14	4	4	4	6	1	1	1	6	1	1	7	7	11	9	1	4	12	4	9	10	4	1	4	4	12	4	9	6	4	9	6	4	12	4	4	4	14	6	4	4	6	9	12	6	1	1	16	6	1	1	1	4	1	4	4	4	12	9	4	7	10	1	4	4	4	4	7	7	9	1	1	10	6	6	7	4	4	6	6	1	4	1	1	6	4	17	6	6	4	6	1	12	4	6	1	4	6	4	6	4	1	7	1	4	4	7	4	4	1	4	1	6	9	13	14	4	1	4	9	7	7	4	12	4	1	6	7	4	1	4	4	6	9	4	4	12	1	4	9	4	6	12	4	7	1	1	12	1	4	14	4	9	1	9	6	7	4	9	7	9	8	17	14	13	1	12	4	12	1	6	17	1	6	9	6	6	7	1	1	14	9	1	4	1	4	4	9	4	1	7	17	6	6	6	9	1	11	1	1	1	4	4	11	7	9	6	10	4	1	9	4	1	1	4	1	6	10	12	12	4	1	6	9	7	1	9	1	1	12	1	8	4	1	9	10	1	6	9	14	1	1	10	1	1	1	7	1	4	7	4	6	1	1	1	9	6	1	4	1	9	9	4	4	1	1	4	1	1	4	1
2024.02711099497	10	4	12	12	10	7	7	9	1	7	7	7	4	1	9	1	1	6	12	4	1	6	9	1	1	12	11	9	1	6	7	1	7	4	16	1	1	7	10	7	1	4	1	1	9	9	6	10	1	1	1	9	1	1	4	6	7	7	1	4	4	1	1	4	12	9	6	9	6	6	1	6	4	1	4	7	4	4	4	1	9	1	1	4	1	7	4	1	1	1	14	7	4	14	1	4	1	9	14	1	4	1	6	1	4	9	4	12	1	9	4	1	1	10	12	12	12	4	6	9	9	4	1	11	1	4	12	1	4	4	7	1	7	12	1	1	9	4	1	7	4	6	7	15	7	9	7	1	1	1	4	1	1	4	1	1	4	4	6	9	1	9	12	6	1	4	1	7	4	7	7	12	10	9	4	1	4	6	4	9	1	1	1	4	6	7	1	4	1	6	16	4	9	1	7	6	1	4	6	9	7	1	4	9	4	4	12	7	1	7	7	6	4	4	1	4	6	9	6	1	13	6	4	9	7	1	8	4	12	1	6	6	6	1	1	4	7	4	10	4	4	4	4	4	1	7	7	4	9	10	1	4	1	6	4	4	10	6	1	4	6	4	7	1	1	1	1	4	4	1	6	9	1	4	7	1	1	9	1	10	1	4	4	1	7	4	6	12	1	9	4	1	1	14	1	1	6	4	6	1	9	1	1	1	4	6	6	6	1	7	9	7	9	1	9	1	7	9	1	1	1	1	1	7	4	6	4	10	1	4	7	6	12	4	1	7	4	1	4	4	9	10	4	4	1	4	1	6	1	1	6	9	4	1	4	7	1	1	1	12	6	4	10	6	4	7	7	1	7	1	4	7	9	1	6	1	1	7	4	9	4	4	9	6	7	9	4	1	1	9	12	9	4	4	4	1	4	6	1	9	1	1	4	10	7	4	7	9	6	7	1	1	6	1	1	4	1	1	4	9	1	1	7	6	1	4	1	6	1	4	4	1	4	1	1	6	4	4	9	7	4	7	4	8	6	9	1	9	1	4	1	1	1	6	4	1	7	9	6	1	6	9	4	10	4	9	7	11	1	7	10	7	9	7	4	4	1	7	7	10	9	7	1	9	10	9	14	9	7	9	9	4	1	6	7	4	4	9	4	11	1	1	7	9	1	9	7	7	7	1	7	12	7	1	7	6	9	9	9	1	7	4	4	4	14	7	1	4	7	6	6	1	7	1	7	9	6	4	7	9	6	4	4	9	9	4	1	6	7	9	7	6	6	9	9	4	1	6	6	6	1	9	1	1	4	12	6	1	10	1	9	1	4	7	1	6	4	1	4	7	6	6	1	1	6	7	1	6	4	10	4	4	1	10	4	6	1	1	4	4	1	9	1	1	1	1	4	7	4	1	7	6	4	1	6	6	6	4	1	6	9	1	1	1	4	13	1	9	7	4	6	4	7	1	9	4	6	4	9	6	1	1	6	4	1	4	1	6	4	6	4	7	7	4	1	10	4	4	7	4	4	1	4	1	12	4	7	12	7	7	9	1	1	1	9	1	14	7	4	4	12	1	14	4	1	1	9	9	1	1	4	7	1	4	4	6	1	11	1	9	7	4	1	12	6	1	4	1	4	1	4	6	9	1	1	7	1	9	4	9	9	1	11	1	4	6	1	4	4	9	1	14	6	1	1	4	1	1	1	1	1	10	14	1	1	7	7	4	4	12	6	1	4	7	18	1	9	1	8	7	9	14	6	4	1	7	12	9	4	10	9	11	14	1	1	1	9	4	1	1	1	4	4	7	7	4	9	7	7	4	4	1	6	4	4	4	4	4	9	1	1	7	1	6	12	6	1	4	9	1	4	1	9	1	9	11	4	4	6	10	1	14	4	4	4	4	1	1	1	1	1	4	1	1	4	4	4	4	1	4	1	9	7	9	9	4	1	1	7	4	9	1	7	1	4	8	4	6	1	4	12	6	6	6	4	4	12	4	6	9	6	9	7	4	4	1	10	1	4	14	1	7	1	11	1	4	1	9	4	9	10	16	7	9	1	10	6	7	1	4	16	1	6	4	6	9	9	1	6	12	9	4	6	1	9	6	9	1	1	9	10	4	4	6	9	1	6	1	1	1	1	1	13	7	9	7	12	1	4	6	1	4	1	10	1	10	6	10	7	1	1	7	12	7	1	11	4	1	10	6	6	1	12	4	1	4	7	1	10	1	1	12	1	1	1	9	1	1	9	9	4	4	1	1	6	4	1	4	4	14	7	1	4	1	4	6	1	1	12	1
2024.04433643474	6	6	6	11	8	6	0	0	0	3	6	8	3	3	3	0	0	5	8	0	0	8	8	0	6	6	11	8	3	5	8	0	3	11	9	0	0	8	3	3	0	5	0	0	6	3	5	6	0	0	3	3	3	3	0	0	3	9	0	3	8	3	3	0	10	5	0	6	8	5	0	3	3	0	6	8	5	5	10	0	3	0	0	0	3	0	0	0	3	3	6	8	8	11	0	0	0	3	6	6	3	5	5	3	0	5	0	8	0	5	0	5	0	8	3	8	10	3	6	3	3	0	0	10	0	11	8	0	0	0	3	0	5	8	6	0	8	0	0	3	8	5	6	13	3	6	3	5	5	3	0	3	0	6	3	0	0	3	3	3	0	13	6	5	0	3	3	3	0	3	5	3	6	3	3	11	3	3	3	3	0	0	0	5	5	0	0	5	0	6	5	0	6	0	5	9	6	5	8	11	3	0	3	8	0	0	13	8	0	0	0	8	3	3	3	3	0	8	0	0	8	5	3	11	3	0	8	3	13	6	6	9	6	0	0	10	6	3	9	0	3	3	0	6	0	6	0	3	12	3	0	3	0	5	0	0	3	0	3	3	3	0	3	0	0	0	3	3	3	3	5	3	0	11	11	0	0	3	0	5	3	3	0	3	6	0	0	6	3	3	0	3	0	6	5	0	8	0	3	0	8	6	0	0	10	5	8	3	0	8	6	6	8	0	3	3	6	3	0	0	0	3	0	9	6	3	0	6	0	3	6	5	8	0	3	0	0	0	0	3	3	0	3	3	0	0	3	9	5	5	3	3	3	0	0	0	3	0	0	6	3	5	8	5	0	8	0	5	3	0	3	3	5	3	3	3	0	6	5	6	3	6	3	3	3	5	3	3	0	8	6	3	8	3	0	0	3	5	0	6	0	0	3	8	3	0	9	6	5	6	0	0	3	0	3	5	3	3	3	8	0	0	3	3	5	8	0	3	0	6	6	0	5	0	6	5	3	3	11	6	3	3	3	8	0	11	3	0	3	6	0	0	0	8	3	0	6	5	3	0	0	10	3	6	3	3	6	6	0	3	6	3	10	8	11	0	0	3	3	11	8	5	0	10	3	0	6	5	3	3	6	3	0	8	8	0	3	3	3	14	0	3	6	3	0	11	6	8	8	8	8	3	8	0	0	6	3	6	3	0	6	6	0	6	0	3	0	0	9	5	8	0	13	3	6	8	10	0	0	3	3	10	3	10	11	5	3	3	8	5	8	9	5	8	5	0	0	5	5	6	3	8	6	3	3	10	8	0	6	0	0	0	3	9	3	5	3	0	8	5	6	10	0	0	3	9	0	8	6	8	0	3	0	0	5	3	5	3	5	3	0	6	0	0	3	3	0	3	0	0	3	5	0	0	9	3	3	3	0	0	13	0	0	0	3	9	0	3	3	3	10	0	3	0	11	0	0	0	8	5	0	3	3	6	0	3	0	10	3	8	5	11	0	0	0	6	5	3	9	3	3	0	11	0	5	11	6	8	0	6	8	0	3	0	3	0	8	3	0	3	5	0	3	6	0	3	6	3	0	0	3	0	6	9	3	0	0	6	0	3	3	5	0	6	3	0	8	3	3	3	0	6	8	0	0	0	0	8	3	8	3	0	8	0	5	5	0	0	0	3	3	13	5	5	0	3	0	0	3	0	0	11	3	0	0	8	0	0	0	13	5	8	0	5	16	0	3	3	8	3	8	13	6	0	0	8	6	8	3	9	5	6	8	0	0	3	3	0	3	3	0	11	6	6	3	0	6	3	3	3	3	0	5	0	3	5	6	3	5	0	3	6	0	6	10	3	0	0	3	0	3	0	8	0	10	3	5	3	3	6	3	8	3	0	5	0	0	6	0	0	0	0	0	0	3	0	3	6	3	0	0	3	0	3	3	0	8	0	0	3	6	0	0	3	5	5	3	5	0	5	16	3	0	5	9	3	13	3	5	10	0	0	8	3	3	0	5	0	0	11	0	6	0	6	5	3	0	3	3	8	8	5	0	3	8	6	6	0	5	6	5	0	5	3	0	11	6	0	8	3	5	8	5	3	10	3	8	0	0	3	0	5	3	8	6	0	5	0	0	0	3	3	8	3	6	9	8	0	3	3	0	3	8	15	0	8	3	3	3	3	0	8	6	0	0	6	5	5	6	8	9	0	13	5	3	3	5	0	6	0	3	8	0	0	0	3	0	0	3	5	0	3	0	3	3	0	0	0	5	11	3	0	5	3	3	5	0	0	16	0
2024.06156187451	3	3	0	3	11	8	0	0	0	3	3	5	3	6	3	0	6	3	3	0	0	3	6	3	8	6	9	0	6	8	10	3	0	10	6	0	0	9	3	0	0	6	9	3	0	0	3	0	0	0	8	0	5	5	0	0	0	6	0	0	11	8	5	6	6	0	0	6	3	0	0	5	6	0	3	5	5	5	8	0	3	0	0	0	5	0	0	0	6	3	3	8	8	6	3	0	0	0	6	6	6	5	0	6	0	5	0	3	0	0	0	5	0	6	3	6	6	0	6	0	3	0	3	0	0	8	5	3	0	0	6	3	3	0	6	0	6	0	3	3	8	11	3	3	3	3	0	8	5	5	0	3	5	3	5	0	0	3	5	0	8	14	5	3	3	3	3	0	3	6	6	6	3	0	3	11	3	0	5	0	6	6	3	5	5	0	6	5	3	6	3	0	8	0	8	6	6	5	8	11	6	0	5	3	0	0	11	5	6	0	0	3	3	0	3	5	0	3	3	0	3	3	0	6	3	0	6	9	11	6	5	6	12	0	6	10	6	0	0	0	3	3	0	6	0	3	3	5	9	0	0	6	3	6	0	0	3	0	6	11	6	3	0	3	3	0	6	3	3	3	6	3	3	9	5	0	0	0	0	3	3	5	0	3	6	0	0	0	6	3	0	3	0	3	5	0	6	0	3	0	6	8	0	0	11	6	11	5	3	8	3	3	3	3	0	3	3	0	0	0	0	3	0	11	6	5	0	6	3	0	5	9	3	0	5	0	3	3	3	0	0	0	3	3	9	0	5	6	5	5	6	6	6	0	6	0	3	0	6	3	0	8	0	3	0	5	0	8	6	0	3	3	5	6	0	3	10	5	5	3	6	3	3	0	0	5	5	3	6	6	3	8	13	0	0	0	3	6	0	6	0	0	3	0	0	0	6	0	0	6	3	3	0	0	3	3	3	11	3	6	0	0	3	3	5	6	0	6	0	5	8	0	6	0	8	6	3	0	6	3	3	3	0	6	0	8	3	6	5	3	0	0	0	3	3	0	5	3	0	0	0	11	0	0	6	0	6	0	0	0	3	3	11	8	9	0	0	3	0	11	5	3	0	5	3	3	3	3	0	3	6	0	5	6	3	0	0	0	5	11	6	3	3	0	0	9	6	3	8	8	5	0	5	3	0	6	0	8	0	0	6	6	0	6	0	0	0	0	11	0	5	0	11	3	0	3	8	3	0	0	0	11	3	6	6	10	3	0	6	5	8	6	0	0	6	3	8	5	3	6	5	6	6	6	3	6	3	0	0	0	3	3	0	6	3	3	6	3	6	6	9	5	0	0	8	9	6	3	9	3	3	5	0	0	5	0	8	3	5	5	3	3	0	0	3	5	3	10	0	6	3	3	0	0	8	0	6	3	0	0	14	0	3	3	5	3	0	0	3	3	11	0	3	3	11	6	5	0	6	0	0	3	6	3	3	8	0	8	0	3	5	5	0	0	3	3	11	9	11	0	11	0	13	0	3	10	3	3	0	6	6	3	6	3	0	3	3	0	0	3	3	0	3	5	3	3	0	0	9	0	3	0	8	11	3	0	6	3	0	3	3	5	0	5	3	5	8	6	3	3	5	6	5	5	0	0	0	6	3	5	3	0	0	0	3	0	3	0	0	0	6	3	6	5	10	5	0	0	6	3	0	11	3	0	3	6	0	0	0	6	6	11	0	9	8	3	3	3	6	0	3	3	3	3	9	5	6	6	5	0	6	0	3	0	0	3	0	0	3	5	3	8	8	6	3	3	8	0	3	0	3	0	11	0	8	5	11	3	5	0	6	0	5	8	6	3	3	6	8	0	11	3	6	3	5	0	5	3	0	0	6	3	5	6	11	3	0	6	0	0	6	0	0	0	0	0	6	5	6	0	3	0	0	3	0	3	8	3	0	3	6	0	3	6	5	3	3	11	0	5	12	0	0	6	13	6	3	3	0	6	5	0	5	8	3	6	3	3	0	0	0	5	0	3	5	3	3	0	3	6	6	3	0	0	8	3	12	0	5	5	3	3	6	0	0	8	3	0	8	0	5	5	6	3	6	0	5	0	0	0	0	5	3	3	6	0	0	3	3	0	3	3	3	0	3	9	3	3	0	0	3	6	11	13	0	0	6	0	0	3	6	8	0	0	0	8	5	5	3	11	6	8	3	6	3	3	3	0	0	0	3	5	5	0	3	0	0	0	0	3	0	3	0	3	3	3	6	0	5	0	0	0	8	3	3	8	0	0	12	0
2024.07878731428	1	1	1	1	7	6	1	6	1	1	7	1	4	4	4	1	7	1	9	1	1	9	4	7	7	1	1	1	6	7	12	4	1	6	1	1	1	4	9	1	1	9	12	4	7	1	9	1	4	7	11	1	6	6	4	1	1	4	1	1	9	11	6	9	7	4	4	1	1	1	1	6	7	1	4	6	1	1	12	4	1	6	9	1	6	1	7	1	9	6	1	7	4	1	4	1	6	1	4	4	7	4	4	4	4	4	1	1	4	4	1	3	1	7	4	4	7	1	7	1	4	1	4	4	4	1	1	4	4	7	6	9	3	1	4	1	7	4	9	4	6	7	7	1	6	1	1	7	4	6	1	6	8	1	6	1	1	6	6	4	9	7	4	4	6	4	6	4	6	8	4	4	1	4	1	6	4	4	6	1	7	9	6	1	6	1	9	1	4	6	1	4	6	1	4	1	6	4	6	1	6	7	4	1	1	1	4	6	7	1	1	4	4	1	6	4	4	4	4	1	1	4	4	1	4	1	4	9	4	8	7	1	7	1	9	9	6	4	1	4	4	10	1	7	4	1	6	6	6	1	1	6	4	9	1	4	9	4	9	11	7	7	1	4	9	1	4	4	4	1	4	6	4	7	1	1	1	1	4	4	4	9	1	6	1	1	1	1	6	7	4	4	6	1	7	7	6	4	4	4	4	4	1	1	9	4	7	6	4	7	4	7	1	7	1	4	7	1	1	4	1	1	1	8	6	9	1	1	6	4	4	9	1	4	6	6	9	4	4	1	9	1	1	9	12	1	6	1	9	6	7	9	6	1	7	1	4	4	7	4	1	4	7	9	1	4	6	7	7	1	4	6	4	6	4	7	10	7	1	1	9	4	7	1	1	4	9	6	7	7	4	7	9	1	1	1	1	9	1	1	4	4	7	7	1	1	4	9	4	7	7	4	4	1	1	4	4	11	4	4	1	1	1	4	4	1	1	7	1	6	4	1	4	1	9	4	1	4	1	1	4	4	1	4	4	9	1	7	6	4	1	1	1	9	4	4	7	1	4	1	1	4	1	1	4	1	1	4	1	1	4	4	4	7	7	1	1	6	6	4	4	4	4	1	9	6	1	1	1	6	1	4	6	4	4	1	1	1	9	4	7	6	4	1	7	6	1	4	1	4	1	1	1	4	1	6	1	4	1	4	6	4	7	6	1	6	4	4	8	4	4	1	7	4	1	1	1	6	1	1	4	9	4	1	1	9	4	4	4	1	7	1	4	1	7	4	9	1	1	7	9	7	4	4	4	7	1	1	1	1	6	6	1	4	4	1	4	4	1	4	12	4	6	6	11	4	9	6	9	1	4	4	4	1	7	4	7	4	1	6	4	1	7	1	4	6	4	8	1	11	4	1	1	4	9	4	9	4	1	4	7	1	9	4	6	1	4	1	6	1	8	1	1	6	1	9	9	1	4	4	1	4	4	1	4	9	6	1	7	1	4	1	1	7	9	4	9	7	8	1	11	7	8	1	4	8	1	9	1	1	4	4	6	4	1	7	1	1	1	4	4	6	1	6	4	1	1	1	10	1	1	1	6	4	4	4	7	4	9	1	4	1	7	4	1	9	4	9	10	6	6	7	1	9	4	6	1	4	1	6	4	9	1	1	4	4	9	4	1	1	6	1	9	3	10	4	1	1	4	4	1	4	1	1	4	4	1	1	1	4	9	9	1	12	1	4	1	4	4	1	4	1	4	3	10	1	1	4	4	1	4	4	1	4	6	1	1	1	6	6	4	1	4	7	4	9	4	1	3	1	4	9	7	1	9	1	6	9	4	9	6	1	9	9	7	4	4	10	7	1	11	4	4	6	1	1	4	1	1	1	4	1	6	7	9	9	1	7	1	1	11	4	1	1	1	4	7	9	4	9	9	4	6	1	1	6	4	4	1	1	1	1	4	6	7	4	1	7	7	4	1	1	1	4	10	6	1	4	4	1	9	1	1	13	6	11	4	10	1	1	4	3	4	4	3	1	7	1	1	7	7	1	1	1	4	1	7	1	4	3	1	4	7	1	1	9	4	9	4	1	4	6	4	1	1	1	4	6	1	1	1	1	4	6	1	1	1	4	4	1	4	4	1	1	4	4	9	4	7	1	4	12	9	4	4	7	4	1	1	6	9	7	4	1	7	7	1	6	1	7	1	9	1	4	1	6	3	4	1	1	1	1	9	4	7	1	9	1	1	1	4	4	9	4	6	4	9	1	1	1	1	1	7	7	4	9	4	1	1	1
2024.09601275405	2	2	2	2	13	2	5	7	2	7	7	2	2	5	7	8	5	2	10	2	5	8	5	5	2	2	2	2	5	5	8	5	7	2	2	5	7	8	8	7	2	10	10	2	10	2	10	2	8	8	8	5	5	5	7	2	8	2	2	5	5	8	5	10	2	8	5	7	5	5	5	2	2	5	2	2	2	5	8	8	5	7	10	2	5	5	8	2	5	5	5	5	7	2	5	2	7	5	2	7	2	2	8	2	7	2	2	2	5	8	2	5	2	5	5	5	5	2	2	2	2	2	5	5	5	2	8	5	5	10	5	7	7	2	7	2	5	5	7	5	2	8	7	2	7	2	7	10	7	5	2	5	8	5	2	2	2	7	2	5	5	5	5	8	5	5	7	5	7	5	5	2	2	10	2	2	5	8	5	2	8	10	5	2	2	5	5	2	2	5	2	13	2	2	2	2	7	8	7	2	5	10	2	2	8	2	2	2	8	2	5	5	2	2	7	2	5	5	5	2	5	8	8	2	5	5	7	10	2	5	8	2	2	2	10	14	7	5	2	7	5	8	8	8	5	2	7	2	8	2	2	7	2	10	5	5	8	5	5	5	5	8	7	2	13	2	7	2	7	2	2	5	5	8	5	2	2	2	5	5	5	5	2	7	2	2	2	2	5	5	5	5	7	5	5	10	2	5	5	5	2	2	2	5	2	2	8	2	8	5	2	7	5	10	2	8	7	2	5	5	2	5	2	5	7	8	2	5	10	8	8	10	2	8	2	7	7	5	2	2	10	2	5	10	10	2	5	5	5	2	5	10	7	2	8	5	2	8	8	8	5	2	8	10	5	2	7	10	5	2	5	7	5	7	8	8	8	8	8	2	7	2	5	2	5	2	8	7	8	5	2	5	5	5	2	5	2	10	2	2	5	5	7	8	7	2	5	10	8	5	11	5	5	2	5	2	5	5	2	5	5	2	2	5	2	2	2	5	8	2	2	2	2	2	2	8	5	8	2	2	5	5	2	7	10	5	5	5	5	2	2	5	2	8	7	5	8	2	10	5	2	2	2	2	5	2	2	5	2	5	2	2	2	8	8	8	8	7	7	2	2	2	5	2	8	5	5	5	7	5	2	7	8	5	5	2	2	2	5	5	8	7	5	5	10	5	2	8	5	2	2	2	2	5	5	5	8	5	2	8	7	7	8	5	2	7	7	5	5	5	5	2	5	8	5	5	5	7	2	5	10	2	5	2	2	5	5	8	2	2	8	5	10	2	5	2	5	2	2	2	5	5	5	5	5	2	2	5	2	2	5	7	2	2	5	2	5	2	2	5	7	2	7	10	9	2	5	7	5	5	5	2	7	2	8	5	10	5	5	5	5	2	10	7	8	2	16	7	2	10	8	2	2	5	2	10	8	10	2	10	5	7	7	2	2	2	5	2	7	2	8	2	2	7	2	10	5	2	5	5	5	5	2	5	5	7	10	2	8	5	5	5	2	8	7	2	2	7	5	2	5	10	7	5	2	8	2	10	2	5	2	2	5	2	5	11	2	5	5	5	2	7	2	2	2	2	2	2	5	8	5	5	7	5	2	5	8	5	10	2	5	2	10	5	5	8	7	5	8	5	2	2	2	8	8	7	5	5	5	5	2	10	5	5	2	10	10	5	2	5	5	2	10	5	8	2	2	2	2	2	5	2	2	2	2	2	5	7	2	2	10	7	2	13	2	8	2	2	7	8	5	2	2	11	5	2	2	5	2	2	2	5	2	5	7	7	2	2	5	5	5	2	2	5	8	10	5	8	5	2	5	10	8	5	7	2	5	10	2	10	7	5	8	2	5	7	7	10	5	5	5	10	2	5	2	2	5	2	2	2	5	2	7	8	2	7	2	8	2	2	10	7	2	2	5	5	5	5	7	10	7	10	7	2	5	7	2	8	5	5	7	5	5	5	8	8	2	8	10	2	2	7	10	2	5	7	2	5	8	2	5	2	2	7	5	10	5	11	5	2	8	2	5	5	5	5	5	2	2	2	5	2	5	5	2	2	2	2	2	5	2	5	5	2	2	5	5	10	2	2	2	2	2	7	2	2	2	7	2	5	2	5	7	7	2	2	5	2	5	2	8	8	5	5	2	2	10	5	8	2	2	10	7	2	5	8	2	2	2	7	5	5	11	5	10	8	2	2	2	8	2	5	2	2	2	5	7	5	2	5	7	8	8	5	10	5	10	7	5	2	5	5	10	5	7	5	5	7	8	5	7	2	5	8	7	8	5	2	2	2
2024.11323819383	1	6	1	1	7	1	4	4	1	6	6	1	9	1	4	9	4	1	1	1	6	4	1	6	1	1	4	1	1	4	1	11	6	1	1	10	9	6	4	6	9	1	4	4	6	4	4	1	6	4	1	6	4	4	6	6	10	1	4	6	1	1	4	1	1	7	7	9	6	4	4	1	1	6	6	1	1	7	4	7	9	4	1	1	4	9	10	1	1	1	4	4	4	1	4	1	6	4	1	6	1	4	4	1	6	4	6	1	6	7	4	4	1	4	4	1	4	1	4	1	1	6	4	1	1	1	7	1	4	9	1	7	9	1	6	4	1	9	7	4	4	1	6	4	4	1	6	7	9	4	4	1	7	4	4	1	7	4	1	4	1	1	1	6	1	4	4	4	4	1	1	1	1	9	1	1	1	6	4	6	6	9	1	4	1	9	4	1	1	1	4	12	1	6	1	1	4	4	1	4	1	9	1	1	9	1	1	1	6	1	4	4	1	6	4	1	6	4	1	4	4	6	4	1	4	6	9	4	1	1	4	1	1	4	9	10	4	4	1	6	4	6	9	1	4	1	1	1	4	1	1	1	1	4	6	4	4	4	1	4	4	4	6	6	4	7	4	1	9	1	4	1	4	4	4	6	4	1	4	6	4	1	1	6	1	4	1	1	1	6	6	1	4	4	9	9	1	4	1	6	1	1	6	4	1	1	4	1	6	4	1	6	7	11	6	4	6	1	4	4	6	6	9	1	4	1	7	7	7	7	9	1	1	7	4	4	1	4	1	6	4	4	4	7	4	1	4	4	4	1	4	1	1	6	4	6	1	9	6	7	4	1	7	1	6	1	4	7	1	6	4	4	7	1	6	9	4	7	9	1	1	1	6	4	6	4	4	6	4	1	4	1	1	4	4	6	1	4	6	1	1	4	4	7	6	1	1	4	4	4	6	1	4	4	6	4	1	1	1	1	4	4	1	1	4	1	6	4	10	1	1	4	1	1	1	6	4	4	1	6	4	4	1	9	9	7	6	1	4	1	6	6	14	4	4	6	7	1	7	9	4	1	1	1	7	1	1	1	9	4	1	6	1	1	4	9	9	4	4	1	1	4	6	1	4	4	4	4	6	1	1	4	4	6	1	4	1	1	1	1	4	4	6	4	6	4	6	4	6	1	1	1	1	6	4	1	7	4	1	4	4	4	7	1	1	4	11	4	1	6	4	4	1	9	6	9	4	4	6	7	7	1	1	1	1	4	6	7	1	4	1	4	9	1	4	1	1	1	1	4	4	1	4	1	4	1	4	7	1	7	4	1	4	1	4	4	4	1	1	1	1	1	4	7	6	6	4	1	4	7	4	4	6	4	1	4	7	4	4	4	7	1	9	6	9	4	15	1	7	1	7	1	1	4	1	7	4	12	1	9	1	6	6	1	1	1	4	1	4	1	4	7	1	4	4	7	6	4	4	6	4	6	4	4	4	1	4	1	9	6	4	4	1	10	1	1	1	4	1	1	1	7	1	4	1	4	6	1	4	4	1	6	1	4	4	6	1	4	6	1	1	6	1	1	1	1	7	1	4	10	4	7	4	1	1	6	1	4	1	1	4	1	6	1	6	4	4	1	6	1	1	4	1	1	4	4	6	1	4	1	1	4	7	6	1	9	9	9	7	4	1	1	4	4	4	1	4	4	1	6	4	1	1	1	6	1	6	6	1	1	1	4	1	7	1	6	1	4	9	10	4	1	1	12	4	1	1	1	4	1	1	1	1	4	9	6	1	1	4	1	4	6	1	1	7	7	4	10	7	1	6	1	1	6	1	1	1	7	4	7	1	6	1	1	4	6	4	4	1	9	4	7	1	1	1	4	4	1	7	4	1	1	1	4	1	1	7	6	7	1	1	6	4	6	4	4	4	1	4	7	4	9	4	1	4	1	1	6	9	4	9	4	1	1	1	6	1	1	9	1	1	9	9	1	7	1	1	1	4	1	6	1	1	1	1	1	1	7	6	1	6	6	1	4	4	4	6	4	1	1	4	4	4	4	1	1	1	1	1	4	4	4	1	1	4	7	4	4	1	1	4	1	1	6	1	7	1	6	9	7	4	4	6	1	1	4	4	4	4	9	4	4	4	6	1	6	1	4	9	4	4	1	4	1	4	7	4	1	1	4	4	4	10	4	6	4	1	1	1	4	1	1	1	1	1	1	9	4	1	4	6	7	4	1	11	6	7	6	7	1	4	4	7	6	1	6	4	6	9	4	6	1	4	9	6	1	9	6	1	6
2024.1304636336	1	6	1	4	4	1	4	1	6	1	1	1	11	6	4	6	4	1	1	6	4	4	1	4	1	1	4	1	1	1	1	9	4	1	4	9	11	8	1	4	11	1	4	6	1	9	1	1	4	4	1	9	4	4	1	6	7	1	4	6	4	1	4	1	1	4	6	7	9	1	4	1	1	4	6	1	4	4	1	4	9	1	1	6	4	9	7	6	1	4	1	1	4	1	6	1	1	4	1	6	1	4	1	7	1	4	6	1	7	4	6	7	6	4	1	1	4	1	4	1	4	6	4	1	6	1	7	6	1	1	1	4	7	4	6	6	1	6	4	4	4	4	1	4	1	4	4	1	7	4	6	4	4	4	4	1	9	1	1	4	1	1	1	4	1	1	1	1	1	1	1	4	1	6	6	1	1	4	6	6	6	4	1	7	1	9	4	4	4	4	4	7	4	6	6	6	4	4	4	4	1	1	1	1	4	1	1	1	6	1	1	1	1	6	1	1	9	1	1	6	1	4	1	1	4	4	7	4	1	1	1	6	4	4	4	4	1	4	4	4	6	4	4	1	7	1	1	4	1	1	4	1	1	1	4	1	1	1	1	4	1	4	1	6	1	9	1	1	4	1	6	1	4	4	7	6	6	1	1	4	1	1	1	1	4	6	6	1	1	7	6	1	1	1	12	1	1	6	1	6	1	4	6	1	1	1	4	1	4	1	1	1	4	6	6	1	1	1	4	1	6	4	9	1	1	4	9	13	4	4	10	1	1	1	7	1	1	6	1	6	1	7	1	1	4	1	7	1	4	1	1	4	1	6	4	4	4	4	6	4	4	1	4	1	4	1	1	1	1	6	1	1	7	1	4	6	4	4	7	6	4	1	7	12	6	4	1	1	4	1	4	1	1	1	6	6	1	1	6	1	4	1	1	4	6	10	7	1	1	1	7	6	1	6	6	4	1	4	1	1	1	6	7	1	4	1	6	1	12	1	1	4	4	1	1	4	4	1	1	6	1	4	1	7	1	4	4	1	4	1	6	4	14	4	1	6	4	1	1	7	4	1	1	1	4	1	4	1	9	4	4	6	1	4	4	4	6	1	1	1	1	6	7	1	1	4	1	4	4	1	1	4	1	11	1	6	1	1	1	1	4	1	4	4	1	1	6	4	4	1	1	1	4	9	4	4	6	4	1	7	1	1	1	1	1	1	10	1	1	4	1	6	1	13	4	6	4	1	9	4	1	1	7	1	1	1	6	7	1	4	4	1	6	1	4	4	1	1	1	4	1	1	1	6	1	1	4	9	1	9	4	4	6	1	1	4	1	6	1	1	1	1	1	4	4	6	1	1	1	9	1	4	1	7	4	1	1	4	1	6	4	6	7	1	13	7	7	1	9	1	9	1	6	6	1	1	1	9	7	1	1	4	1	6	4	1	1	1	1	6	1	9	4	4	4	4	10	4	7	4	1	4	4	1	6	1	4	4	4	9	4	7	1	7	1	4	1	1	1	1	1	4	1	1	1	4	6	1	4	4	1	6	1	6	4	7	4	4	4	1	1	1	4	1	1	1	7	1	4	12	4	12	4	1	1	9	1	7	1	4	4	4	1	1	4	1	4	1	4	4	1	4	1	1	1	1	9	1	1	1	4	1	4	4	1	6	4	6	9	4	1	1	1	7	4	1	4	4	7	6	1	1	4	1	6	1	4	1	10	1	1	1	6	10	1	4	4	4	7	7	1	1	1	6	4	1	1	1	4	4	1	1	4	6	9	4	1	1	7	4	6	6	1	1	9	1	4	7	4	1	7	1	4	4	1	1	1	1	4	1	1	4	1	1	4	1	4	1	1	9	4	4	1	1	1	4	1	1	7	9	6	4	1	4	1	1	9	6	9	1	1	4	6	6	1	6	7	1	1	1	1	6	1	1	4	1	1	4	9	1	7	4	1	1	1	6	1	4	7	1	1	4	1	1	7	1	1	7	1	1	10	1	4	1	1	1	1	4	4	1	4	6	4	7	7	4	6	6	1	1	4	4	4	4	1	1	4	1	1	6	4	4	4	1	4	4	4	1	1	1	4	1	1	4	1	7	1	1	9	4	7	1	1	1	1	4	1	6	6	11	1	1	1	6	1	6	1	4	4	12	6	1	1	1	1	4	4	1	1	1	1	1	4	1	1	4	4	1	1	4	6	1	1	4	1	1	7	1	1	4	4	7	1	6	6	9	1	1	4	1	1	1	1	6	1	4	1	1	7	1	4	6	1	6	1	1	6	6	1	6
2024.14768907337	2	2	2	7	2	2	2	2	7	2	2	2	8	7	5	5	2	2	2	7	2	7	5	2	2	2	2	2	2	2	5	2	5	2	5	5	5	5	2	2	5	2	5	7	2	9	2	2	7	5	5	8	2	2	2	7	2	2	2	2	5	5	2	5	5	2	5	5	4	2	2	2	2	2	5	2	4	8	5	8	5	2	2	7	2	7	7	7	5	4	5	5	5	5	7	5	2	2	5	2	2	2	2	8	2	5	5	2	4	2	5	7	9	2	2	2	2	5	2	2	5	5	5	2	7	2	2	7	2	5	2	4	4	5	2	7	2	2	4	5	2	5	2	2	2	5	2	5	5	2	5	4	2	2	2	7	9	5	5	2	2	5	2	5	2	2	5	5	2	5	2	5	2	2	7	5	2	2	7	5	2	5	2	10	2	7	5	4	5	4	2	2	5	2	7	7	5	2	5	2	2	2	5	2	2	2	2	2	2	2	2	2	2	8	5	2	10	2	5	5	5	5	8	2	2	2	5	8	2	8	2	7	5	2	5	5	5	4	7	2	7	2	7	2	8	2	5	5	5	2	7	2	2	2	2	2	2	2	5	7	2	5	2	5	2	5	5	2	5	5	7	2	5	5	7	2	7	2	5	8	2	2	2	5	5	9	7	2	2	5	7	2	2	5	5	2	2	5	2	9	2	5	8	2	2	5	4	2	2	5	2	2	5	5	5	5	2	5	2	5	7	5	12	2	2	5	9	7	5	2	8	2	2	5	5	2	2	5	5	8	2	5	2	2	5	2	5	8	5	8	2	5	2	5	8	2	7	2	2	2	7	2	5	2	2	2	2	5	2	7	2	2	5	2	2	7	2	2	2	7	5	2	5	12	2	5	2	5	2	2	2	2	2	2	5	5	5	2	5	2	10	2	2	5	2	10	9	2	2	2	11	7	2	5	2	2	2	5	2	5	2	5	9	2	2	5	7	2	8	2	2	5	5	5	5	5	8	8	2	2	2	5	2	5	2	5	5	2	2	2	8	2	10	7	2	9	2	2	2	2	4	5	2	2	5	2	5	2	12	5	4	2	5	5	5	7	5	2	2	2	2	8	4	2	2	4	5	2	2	2	2	5	5	10	2	5	5	5	2	5	2	5	5	2	5	5	10	8	2	2	2	2	5	12	2	4	5	5	5	5	5	5	2	2	2	2	9	2	2	5	2	5	2	8	2	2	5	2	10	4	2	2	10	2	2	2	5	2	2	2	5	8	2	2	5	5	2	2	2	2	5	2	5	7	2	5	5	5	2	5	4	5	9	2	2	2	2	7	5	2	2	2	2	5	2	2	2	2	2	10	2	10	5	5	5	2	5	2	2	7	2	7	8	2	8	5	5	2	9	2	7	2	7	5	2	2	5	5	9	2	5	2	2	7	5	2	5	2	2	7	5	9	5	5	2	5	7	2	8	5	2	2	5	2	7	2	2	5	2	4	2	7	5	7	2	4	2	2	2	2	5	5	2	2	2	5	2	2	7	2	2	7	2	5	2	11	5	5	2	2	2	2	5	2	2	5	5	2	5	8	5	9	5	2	2	10	5	8	2	5	2	4	5	2	2	2	5	5	2	4	2	2	2	5	5	2	4	5	2	5	5	2	5	2	2	2	5	2	9	2	2	5	2	7	2	2	5	2	8	5	2	2	5	7	5	2	2	2	10	5	2	5	7	5	2	2	5	5	5	2	2	5	2	7	5	2	2	5	10	7	2	2	5	9	9	5	2	2	8	7	7	2	2	5	7	5	5	2	5	2	8	2	5	2	2	2	2	5	5	5	2	2	5	5	2	2	5	2	2	2	7	5	2	2	2	4	2	5	8	7	7	5	2	8	2	2	5	5	5	2	2	2	5	2	2	5	9	2	5	5	2	2	2	2	2	5	2	2	7	2	5	2	2	2	2	2	2	5	8	5	2	4	2	5	5	2	2	10	2	2	7	2	8	2	2	2	5	2	5	5	7	2	8	8	7	5	5	5	2	2	2	2	2	2	2	2	5	5	5	5	2	5	5	2	4	5	2	2	5	2	5	2	5	2	2	8	2	2	12	4	5	2	5	2	2	5	2	5	7	5	5	5	5	2	2	2	2	5	2	12	5	2	5	5	5	5	5	2	5	5	2	5	2	2	2	2	4	8	2	4	7	2	2	5	5	2	4	2	2	2	5	2	2	7	5	8	8	2	4	2	2	2	2	5	2	8	2	2	2	2	5	9	2	7	5	2	10	2	2	2
2024.16491451314	2	5	5	5	5	2	2	5	2	5	2	2	2	9	5	5	5	5	2	7	2	10	5	2	2	5	5	5	2	2	5	2	5	2	2	5	5	2	2	2	5	5	5	5	2	10	5	2	5	5	5	5	8	8	5	2	2	5	2	2	5	5	8	5	5	2	2	8	5	5	2	5	2	5	5	5	2	5	8	8	2	5	2	7	2	5	8	2	8	5	5	5	5	5	8	5	2	5	5	5	2	2	2	5	2	2	2	5	8	2	2	10	7	5	2	2	2	5	5	2	2	2	2	2	5	5	5	5	2	5	5	5	2	2	5	5	5	5	5	5	5	5	2	2	2	2	5	5	5	8	2	5	2	2	2	7	5	5	5	2	5	5	2	5	10	2	5	5	2	5	5	5	2	2	2	5	5	5	5	5	5	2	2	5	2	5	2	2	2	2	2	5	2	5	2	5	2	2	2	2	5	5	10	2	2	5	5	5	5	5	5	2	2	5	5	2	5	5	5	5	5	5	8	5	5	5	2	5	5	8	5	5	5	2	2	5	5	5	5	2	5	5	5	2	8	5	5	2	5	2	5	2	2	2	5	5	2	5	8	5	5	2	5	2	5	5	8	2	5	5	5	2	2	2	5	2	2	2	7	5	2	2	5	5	2	5	7	5	2	2	5	2	5	5	8	5	5	8	2	5	2	2	5	2	2	5	5	5	5	5	2	2	5	2	5	5	2	5	2	7	5	5	7	5	2	2	5	5	2	2	8	5	5	5	2	2	2	5	5	5	5	5	5	2	5	5	5	8	5	10	5	2	2	5	5	2	5	2	5	2	5	5	8	5	5	2	2	5	2	5	2	2	2	5	5	5	5	5	2	5	5	2	2	5	5	2	10	5	5	5	2	5	5	2	2	5	5	2	5	5	10	2	2	8	5	2	5	5	2	8	8	5	5	5	5	5	2	2	2	5	2	5	5	2	2	5	5	5	8	2	2	7	5	5	5	5	8	8	5	2	2	5	5	2	5	8	5	5	2	2	5	5	2	10	5	5	5	5	5	2	5	5	5	2	2	5	2	5	7	5	4	5	5	2	2	5	5	2	2	2	2	5	8	2	2	2	5	2	2	2	5	2	5	8	2	2	5	5	2	5	5	5	2	5	5	5	10	8	5	2	2	5	2	5	2	2	2	5	5	2	5	5	2	5	2	2	7	5	5	5	2	5	5	2	2	2	5	2	8	5	5	2	5	2	5	5	5	5	2	2	2	8	2	5	2	5	5	2	5	5	5	5	5	9	2	5	5	5	2	5	2	5	5	5	2	2	2	5	5	5	5	2	5	5	5	2	5	5	5	5	2	8	5	5	2	5	5	2	5	5	2	5	5	5	2	2	5	5	5	2	2	5	7	5	2	5	5	2	5	5	5	5	5	5	2	2	7	2	2	5	5	5	2	5	2	2	5	2	2	5	2	5	2	2	8	2	5	5	5	5	2	5	5	8	5	4	2	5	5	5	5	5	5	2	2	5	2	2	5	5	2	2	2	2	2	8	5	5	5	5	2	2	5	2	2	5	2	2	5	8	8	5	5	2	2	5	5	10	2	2	5	2	5	2	5	5	5	8	5	5	5	5	5	5	5	2	2	5	5	5	2	5	2	2	5	2	5	5	2	2	2	5	2	10	5	2	7	2	5	2	2	2	5	7	2	2	2	2	2	5	5	5	2	5	5	5	2	5	2	2	5	5	2	7	5	2	5	5	8	5	2	5	5	5	5	5	2	2	8	5	8	5	2	5	2	8	5	2	2	5	5	2	5	5	2	5	2	5	2	5	5	2	5	5	2	2	5	8	5	5	5	5	2	5	2	5	5	5	2	7	9	5	2	5	2	2	5	5	5	10	2	2	8	2	2	8	10	5	8	5	5	2	2	2	2	5	2	5	5	5	8	5	5	2	5	5	2	5	5	8	2	2	5	5	2	2	2	5	2	2	5	5	8	5	5	2	5	2	5	5	5	5	5	10	10	8	5	5	2	2	5	2	2	5	2	2	5	5	5	5	2	2	7	5	5	8	2	5	5	5	2	5	5	5	2	2	2	2	7	5	5	5	5	5	5	7	5	2	8	5	5	5	5	5	2	2	2	2	5	5	2	5	5	5	7	8	2	2	5	5	5	5	2	5	5	2	2	10	2	5	5	5	2	5	5	5	2	5	2	2	5	5	5	5	2	5	10	2	5	5	2	2	2	5	5	5	5	2	2	2	5	7	5	5	5	5	8	5	2	5
2024.18213995291	7	7	7	7	7	7	4	7	7	7	7	7	7	7	4	7	7	7	7	7	7	7	7	7	4	7	7	7	7	4	7	7	4	7	4	7	4	4	7	7	4	7	7	7	7	7	7	7	7	7	4	4	10	10	7	7	4	7	4	7	4	4	10	7	7	4	7	10	7	7	10	7	7	7	7	7	7	7	7	4	7	7	7	7	4	4	10	7	7	7	4	4	4	4	10	7	7	7	4	10	7	4	4	4	7	4	7	7	12	4	4	10	7	7	4	7	4	4	7	7	4	7	4	7	7	10	7	7	7	7	7	7	7	4	10	7	7	7	7	4	7	4	7	7	7	4	7	4	10	10	4	7	4	4	7	7	4	7	7	4	7	4	7	7	12	4	7	4	4	4	7	4	7	7	7	7	7	7	7	7	7	4	7	7	7	4	4	7	4	7	4	7	4	7	7	7	4	4	4	4	7	7	12	7	7	7	7	7	7	7	7	7	4	7	7	7	7	7	4	7	4	7	7	7	7	7	4	7	7	4	7	7	7	4	4	7	4	7	7	7	7	7	7	7	13	7	4	4	4	7	4	4	4	7	7	7	7	7	7	7	7	7	7	7	7	7	10	7	4	7	7	7	4	4	9	7	7	7	7	4	7	7	7	4	4	7	7	7	7	4	7	7	7	4	7	7	7	10	7	7	4	4	7	4	7	7	7	7	7	4	7	7	7	7	7	4	7	4	10	7	7	7	12	7	7	4	4	4	4	10	7	7	7	7	4	7	7	7	4	7	7	4	7	7	7	7	4	10	4	9	7	4	4	7	4	10	9	7	7	4	7	7	7	7	7	7	7	4	10	7	4	7	4	7	7	4	7	7	7	7	4	4	4	7	7	4	12	4	7	7	4	7	7	7	4	12	4	7	7	7	14	4	7	7	7	4	7	7	4	12	7	7	7	7	7	7	7	4	4	7	4	7	7	7	4	4	7	7	7	7	7	11	7	7	4	7	7	7	7	4	4	4	7	4	7	10	7	7	4	4	7	7	7	7	7	7	7	7	7	7	7	10	7	7	4	7	7	7	12	7	7	7	10	4	4	7	7	7	7	7	7	4	12	4	7	7	4	7	7	7	7	4	4	7	7	4	4	4	7	4	7	7	7	7	4	4	10	7	7	7	7	7	4	7	4	7	7	7	4	7	4	4	7	10	7	7	4	7	7	7	7	7	7	4	7	7	7	4	10	7	7	7	7	7	7	7	7	7	7	7	4	10	7	7	7	4	7	7	7	7	4	7	4	7	4	7	4	7	7	7	7	4	4	7	7	4	4	7	4	7	7	7	7	7	12	7	7	10	7	4	7	7	7	4	7	7	4	7	7	7	7	7	7	7	4	4	4	7	4	7	7	7	7	7	7	7	4	7	10	7	4	7	7	7	4	4	7	7	7	7	4	4	4	7	4	4	4	4	4	7	4	7	4	4	10	7	7	7	7	7	4	9	7	10	7	7	7	7	7	13	7	4	7	4	7	7	4	7	7	7	4	7	7	4	4	7	4	7	7	7	7	7	4	7	4	7	4	7	7	7	7	7	4	7	4	7	10	7	7	10	7	7	4	7	7	7	4	7	7	7	7	7	7	4	10	7	7	7	7	4	4	7	4	7	7	7	10	7	7	4	7	4	7	10	7	7	11	4	4	7	4	7	4	7	7	7	10	7	4	4	7	4	4	4	7	7	10	7	4	4	7	4	7	10	7	7	7	7	7	7	7	7	4	7	7	4	7	7	10	4	10	7	7	7	7	10	7	4	4	7	4	7	4	7	7	7	7	4	4	4	7	7	4	4	4	7	7	10	7	7	7	4	4	7	4	7	7	4	4	4	7	4	7	4	7	7	7	7	7	12	7	7	7	7	7	10	10	7	10	4	7	7	7	7	4	4	7	7	4	7	10	10	7	7	9	7	7	4	7	7	4	7	7	7	4	4	7	7	4	7	4	7	4	7	7	7	4	4	7	7	7	7	10	7	10	7	4	12	7	7	7	4	4	7	7	7	7	7	4	7	4	7	7	13	7	10	7	7	4	7	4	7	7	7	7	4	7	7	12	7	4	7	7	10	7	7	7	4	10	4	4	4	4	7	7	7	7	4	7	7	7	7	4	7	7	7	4	7	7	7	7	4	4	7	7	4	7	9	7	7	7	7	7	7	7	7	7	7	7	10	7	7	7	7	7	4	7	7	7	7	7	4	7	7	7	4	7	7	7	7	4	7	7	4	7	7	7	7	4	7
2024.19936539268	7	6	6	7	6	7	6	7	7	6	7	7	7	6	6	6	7	6	7	7	7	7	6	12	7	6	6	6	7	6	6	7	6	7	6	7	6	6	7	7	9	6	7	7	7	9	6	7	9	7	6	6	10	10	6	7	6	7	6	7	6	6	10	6	6	6	7	6	7	6	10	6	7	7	6	6	7	9	6	6	7	6	7	7	6	6	7	7	6	10	6	6	6	6	9	6	7	6	6	7	7	6	6	6	7	11	7	6	9	6	7	7	6	6	6	7	6	6	6	7	6	7	7	7	7	9	6	7	7	7	7	6	7	6	7	6	7	7	6	6	6	6	7	7	7	6	6	6	10	10	7	10	6	6	7	7	6	6	6	6	7	6	7	6	9	6	6	9	7	6	6	6	7	7	10	9	6	7	6	7	6	6	7	6	7	6	9	7	6	7	6	6	6	7	7	6	6	6	6	6	7	9	12	7	7	6	6	6	6	7	6	7	6	6	6	7	7	10	6	7	6	6	6	7	7	6	9	6	6	6	7	6	7	6	6	6	6	6	7	7	7	6	6	7	10	6	6	6	6	7	6	7	6	7	7	7	7	6	6	7	7	7	7	7	7	6	6	7	6	6	6	7	7	6	7	7	7	7	6	6	7	7	7	6	6	6	7	6	7	6	9	7	6	6	6	9	6	6	7	6	7	6	6	6	7	6	7	6	6	6	7	7	10	7	7	6	7	6	10	6	7	11	7	7	7	6	6	6	6	10	6	6	6	10	6	7	7	6	6	6	7	6	6	7	7	7	6	9	6	6	7	6	7	6	6	10	7	7	6	6	7	7	6	7	6	7	7	6	10	7	6	7	6	7	7	9	7	7	7	7	9	6	6	7	6	11	10	6	7	7	6	6	6	7	7	12	6	7	6	7	10	6	7	6	7	6	7	7	6	10	6	7	7	7	7	6	7	6	6	6	6	7	7	7	6	6	7	7	7	7	7	7	7	6	6	6	6	6	7	7	6	6	6	9	6	10	11	6	6	6	6	6	7	7	7	6	7	6	7	7	7	9	6	7	6	7	7	7	7	7	7	7	9	6	6	6	6	7	10	7	7	6	9	7	7	7	6	7	7	7	7	6	6	7	7	7	6	6	7	6	7	6	7	6	6	6	7	6	7	7	7	7	6	7	6	7	7	6	6	7	6	6	7	10	7	10	6	7	7	10	7	7	6	9	7	7	6	7	6	6	7	7	6	7	7	7	6	9	7	7	6	9	7	6	7	6	7	10	6	6	6	7	6	6	6	6	6	7	7	6	7	6	6	7	7	6	6	7	6	6	6	7	7	6	10	7	7	7	9	6	7	6	6	6	7	7	6	7	6	6	7	7	9	7	9	6	6	7	6	7	7	6	7	7	7	7	6	7	7	6	6	7	6	7	6	6	6	7	7	7	6	6	6	6	6	6	6	7	6	10	6	6	6	6	9	7	6	11	6	7	6	7	6	7	7	7	7	7	7	13	6	6	6	6	7	6	7	7	7	7	7	7	7	7	6	6	6	7	7	6	7	7	6	7	6	6	6	7	6	7	6	7	6	7	6	7	7	9	7	10	7	7	6	7	7	7	6	6	6	10	7	6	7	6	7	7	7	6	6	6	6	7	6	7	7	7	9	7	7	6	7	6	7	7	7	7	7	6	6	7	6	7	6	7	7	7	10	7	6	6	6	6	7	6	10	6	10	7	9	6	10	6	7	7	6	7	6	6	6	7	7	7	6	6	7	6	7	7	9	6	9	7	7	6	7	7	6	6	6	6	6	7	6	6	7	6	7	6	11	6	7	7	6	6	6	7	6	9	6	7	7	6	7	6	7	6	7	6	6	7	6	6	7	6	7	7	6	7	6	9	7	7	7	7	7	6	6	7	6	6	7	7	7	7	6	6	7	6	6	6	6	7	7	7	7	7	7	6	9	9	6	7	7	6	6	7	7	6	6	7	6	6	9	6	6	7	6	6	6	9	9	7	10	9	7	6	6	11	7	7	6	6	6	6	7	7	7	6	6	7	6	7	7	13	7	10	7	7	6	7	11	7	6	6	7	6	7	7	7	6	6	6	6	7	7	7	6	7	9	9	6	6	6	6	7	7	7	7	6	7	7	7	6	6	6	6	6	7	6	6	7	6	6	6	6	6	7	6	7	7	6	7	7	7	6	6	7	7	7	10	6	6	7	7	7	6	9	7	6	6	7	6	7	6	7	6	7	7	7	7	6	6	6	9	6	6	7	7	6	7
2024.21659083245	5	5	5	9	5	6	5	5	5	5	5	5	5	5	5	5	5	5	5	5	6	5	5	11	6	5	5	5	5	5	5	5	5	5	8	6	5	5	5	5	8	5	5	6	5	10	5	5	8	5	5	5	5	5	5	5	5	5	5	6	5	5	5	5	5	5	6	5	5	5	8	5	5	5	5	5	6	8	5	5	5	5	6	5	5	5	5	5	10	8	5	5	5	5	8	5	5	5	5	5	5	5	5	5	5	10	5	5	5	5	9	5	5	5	5	5	5	5	5	5	5	5	6	5	5	8	5	5	5	5	8	5	6	5	5	5	5	5	5	5	5	5	5	6	5	5	5	5	5	5	9	8	5	5	5	6	5	5	5	5	5	5	6	5	5	5	5	8	6	5	5	5	5	5	11	5	5	5	5	5	5	5	5	5	5	5	8	6	5	5	5	5	5	5	6	5	5	5	5	5	8	10	5	8	5	5	5	5	5	5	5	5	5	5	5	8	6	10	5	5	5	5	5	5	5	5	8	5	5	5	5	5	5	5	5	5	5	5	5	6	5	5	5	5	8	5	5	5	5	6	5	6	5	5	5	5	5	5	10	5	5	6	5	6	5	8	8	6	5	8	5	5	6	5	6	5	5	5	5	5	5	5	5	5	5	5	5	5	5	5	8	5	5	5	5	10	5	5	5	5	6	5	5	5	6	5	5	5	5	5	5	5	9	5	5	5	5	5	8	5	5	10	5	5	5	5	5	5	5	8	5	5	5	10	5	6	6	5	5	5	5	5	5	6	5	5	5	8	5	5	5	5	6	5	5	8	6	6	5	5	5	5	5	5	5	5	6	5	10	5	5	5	5	5	5	8	5	5	5	5	8	5	5	5	5	10	5	5	5	5	5	5	5	5	9	5	5	5	5	5	5	5	5	5	5	5	5	5	5	5	5	5	5	5	5	5	6	5	5	5	5	5	5	5	5	5	5	5	5	5	5	11	5	5	5	5	8	5	5	6	5	5	5	8	5	5	10	5	5	5	5	5	5	5	5	5	5	5	5	5	5	8	5	5	5	5	5	5	5	5	5	5	8	5	5	5	5	5	8	5	6	5	5	6	5	5	5	5	5	5	5	5	5	5	6	9	5	5	5	5	5	5	6	5	5	5	5	5	5	5	5	5	5	6	5	5	5	5	5	6	5	5	5	8	5	8	5	5	5	8	5	5	5	8	5	5	5	6	5	5	5	6	5	6	5	5	5	5	5	5	5	8	5	5	5	5	5	8	5	5	5	5	5	5	5	5	5	5	5	8	5	5	5	5	5	5	5	5	5	5	5	5	5	5	5	6	5	9	8	5	6	8	5	5	5	5	5	5	5	5	5	5	8	5	8	5	5	8	5	5	5	5	5	5	6	5	5	5	5	5	5	8	5	5	5	5	5	5	5	5	5	5	5	5	5	5	5	6	5	8	5	5	5	5	8	6	5	10	5	5	5	6	5	5	5	5	6	5	5	9	5	5	5	5	6	5	6	5	6	5	6	5	5	6	5	5	5	5	5	5	6	5	5	5	5	8	5	5	5	5	8	5	5	6	5	6	5	5	6	6	5	6	5	6	5	5	5	10	5	8	5	5	5	10	6	6	5	5	5	5	5	5	5	6	5	5	5	5	5	5	5	5	5	5	5	8	11	5	5	6	5	5	5	6	6	5	8	5	5	5	5	5	6	5	8	5	6	6	8	5	10	5	5	5	5	5	5	5	8	5	5	5	5	5	5	5	5	10	5	5	8	10	5	5	5	5	5	5	5	5	5	6	5	5	6	5	5	5	10	5	5	5	10	5	5	5	5	5	5	5	5	5	6	5	6	5	5	5	5	6	5	5	5	5	6	6	8	8	8	5	5	6	5	5	5	5	5	5	8	5	5	5	6	5	5	5	5	5	5	5	5	9	5	5	5	5	5	5	8	8	5	5	5	5	5	6	5	5	5	6	5	5	8	5	5	5	5	5	5	8	8	5	8	5	5	8	5	8	5	5	5	5	5	5	5	5	5	5	5	5	5	5	5	9	5	5	5	5	10	5	10	8	5	5	6	5	6	5	5	5	5	5	5	9	5	5	5	6	8	8	5	5	5	5	5	6	5	6	5	5	5	5	5	5	5	5	5	6	5	5	5	5	5	5	8	5	6	5	5	5	5	5	5	5	8	5	6	5	5	8	5	5	5	5	5	5	5	5	5	5	5	5	6	5	5	5	5	5	5	5	5	5	5	8	5	5	8	5	5	5
2024.23381627222	3	3	3	6	3	3	3	3	3	3	3	3	3	3	3	3	3	3	3	3	3	3	3	6	6	3	3	3	3	3	3	3	3	3	8	3	3	3	3	3	8	3	3	8	3	6	3	6	3	3	3	3	3	3	3	6	3	3	3	3	3	3	3	6	3	3	3	3	3	3	3	3	3	3	3	3	3	3	3	3	3	3	3	3	3	3	3	3	8	3	3	3	3	3	6	3	3	3	3	3	3	3	3	6	3	6	11	3	3	3	6	3	6	3	3	3	3	3	3	3	3	11	3	3	3	3	3	3	3	3	8	6	3	3	3	3	3	3	6	3	3	3	3	3	3	3	3	3	3	3	6	3	3	3	3	3	3	3	3	3	3	3	3	3	3	3	3	6	3	3	3	3	3	3	8	6	3	3	3	3	3	3	3	3	3	3	6	3	3	3	3	3	3	3	3	3	3	3	3	3	8	6	3	8	3	3	3	3	3	3	3	3	3	3	3	8	3	8	3	3	6	3	3	3	3	3	3	3	3	3	3	3	3	3	3	3	3	3	3	3	3	3	3	3	3	3	3	3	3	3	3	3	3	3	3	3	3	3	8	3	3	3	3	3	3	6	6	3	3	6	3	3	3	3	3	3	3	3	3	3	3	3	3	3	3	3	3	3	3	3	3	3	3	3	3	6	3	3	3	3	3	3	3	3	3	3	3	3	3	3	3	3	3	3	3	3	3	3	3	3	3	3	3	3	3	3	3	3	3	3	3	3	3	6	3	3	3	3	3	3	3	3	3	3	3	3	3	3	3	3	3	3	3	3	3	3	3	3	3	3	6	3	3	3	3	3	3	3	6	3	3	3	3	3	3	8	3	6	3	3	6	3	3	3	6	6	3	3	3	3	3	3	3	3	6	3	3	3	3	3	3	3	3	3	3	3	3	3	3	3	3	3	3	3	3	3	3	3	3	3	3	3	3	3	3	3	3	3	3	6	3	8	3	3	3	3	6	3	3	3	3	3	3	3	3	3	3	3	3	3	3	3	3	3	3	3	6	3	3	3	3	3	3	6	3	3	3	3	3	3	3	3	3	3	3	3	3	3	3	3	3	3	3	3	3	3	3	3	3	3	3	3	3	3	3	6	3	3	3	3	3	3	3	3	3	3	3	3	3	3	3	3	3	3	3	3	3	3	3	6	3	3	6	3	9	3	3	3	3	3	3	3	3	3	3	3	3	3	3	3	3	3	3	3	3	3	3	3	3	3	3	3	3	3	3	6	3	3	3	3	3	3	3	3	3	3	3	3	6	6	3	3	3	3	3	3	3	3	3	3	3	3	3	3	3	3	3	6	6	3	6	6	3	3	3	3	3	3	3	3	8	3	3	3	3	3	3	6	3	3	3	3	3	3	3	3	3	3	3	3	3	8	3	3	3	3	3	3	3	3	3	3	3	3	3	3	3	3	3	3	3	6	3	3	6	3	3	3	3	3	3	3	3	3	3	3	3	3	3	6	3	3	3	3	3	3	3	3	3	3	3	6	3	3	3	3	3	3	3	3	3	3	3	6	3	6	3	3	3	3	6	8	3	3	3	3	3	3	3	3	3	3	3	3	3	3	3	8	3	3	3	3	3	8	6	3	3	3	3	3	3	3	3	3	3	3	3	3	3	3	3	3	3	3	3	8	8	3	6	3	3	3	3	3	3	3	3	3	3	3	3	3	3	3	3	3	3	3	3	3	8	3	3	3	3	3	3	3	6	3	3	3	3	3	3	3	3	8	3	3	6	8	3	3	3	3	3	3	3	3	3	3	3	3	3	3	3	3	6	3	3	3	8	3	3	3	3	6	3	6	3	3	3	3	3	3	3	3	3	3	3	3	3	3	3	3	6	8	6	3	3	3	3	3	3	3	3	3	6	6	3	3	3	3	3	3	3	3	3	3	3	6	3	3	3	3	3	3	3	3	3	3	3	3	3	3	3	3	3	3	3	3	3	3	3	3	3	3	3	6	3	3	3	3	3	6	3	3	3	3	3	3	3	3	3	3	3	3	3	3	3	3	3	6	3	3	3	3	11	3	6	8	3	3	3	3	3	3	3	3	3	3	3	6	3	3	3	3	6	8	3	3	6	6	3	3	3	3	3	3	8	3	3	3	3	3	3	3	3	3	3	3	3	3	8	3	3	3	3	3	3	3	3	3	6	3	3	3	6	3	3	3	3	3	3	3	3	3	3	3	3	3	3	3	3	3	3	3	3	3	3	6	3	8	3	3	6	3	3	3
2024.25104171199	1	1	1	1	1	1	1	1	1	1	1	1	1	1	1	1	1	1	1	1	1	1	4	1	4	1	1	1	4	1	1	1	4	1	6	1	1	1	1	4	4	1	1	6	1	1	1	6	4	6	1	1	1	1	1	6	1	1	1	1	1	1	1	4	1	1	1	1	1	1	1	1	1	1	1	1	1	1	1	1	1	1	1	1	1	1	1	1	6	1	1	1	1	1	4	1	1	4	1	1	1	1	1	4	1	1	9	1	1	1	1	1	6	1	1	1	1	1	1	1	6	9	1	1	1	1	1	1	1	1	6	4	1	1	1	1	1	1	4	1	1	1	1	1	1	1	1	1	1	1	1	1	1	1	1	1	1	1	1	1	1	1	1	1	1	1	1	4	1	1	1	4	1	1	1	4	1	1	1	1	1	1	1	1	1	1	1	1	1	4	1	1	1	4	1	1	1	1	1	1	6	1	1	6	1	1	1	1	1	1	1	1	1	1	1	4	1	1	1	1	4	1	1	4	1	1	1	1	1	1	1	1	1	1	1	1	1	1	1	1	1	1	1	1	1	1	1	7	1	1	1	1	1	1	1	1	1	1	6	1	1	1	6	1	1	1	1	1	1	4	1	1	1	1	4	1	1	1	1	1	1	1	1	1	1	1	1	1	4	1	4	1	1	1	1	1	1	1	1	1	1	1	1	1	1	1	1	1	1	1	1	1	1	1	1	1	1	1	1	1	1	1	1	1	1	1	1	1	1	1	1	1	1	4	1	1	1	1	1	1	1	1	1	1	1	1	1	1	1	1	1	1	1	1	1	1	1	1	1	1	6	1	1	1	1	1	1	1	4	1	1	1	1	1	1	4	1	4	1	1	1	1	1	1	4	1	1	1	1	1	1	1	1	1	1	1	1	1	1	1	1	1	1	1	1	1	1	1	1	1	1	1	1	1	1	1	1	1	1	4	1	1	4	1	1	1	1	1	1	6	1	4	1	1	1	1	1	1	4	1	1	1	1	1	1	1	1	4	1	1	1	1	1	1	1	1	4	1	1	1	1	1	1	6	1	1	1	1	1	1	1	1	1	1	1	1	1	1	1	1	1	1	1	1	1	1	1	1	4	1	1	1	1	1	4	1	1	1	1	1	1	1	1	4	1	1	1	1	1	4	1	1	1	1	1	4	1	1	1	4	1	1	4	1	9	1	1	1	1	1	1	1	1	1	1	1	1	1	1	1	1	1	1	1	4	1	1	1	1	1	1	1	4	1	1	4	1	1	1	1	1	1	1	1	1	1	1	1	6	1	1	1	1	1	1	1	1	1	1	1	1	1	1	1	1	1	1	1	4	1	7	4	1	1	1	1	1	1	4	1	6	1	1	1	1	1	1	1	1	1	1	1	1	1	1	1	1	1	1	1	1	4	1	1	7	1	1	1	1	1	1	1	1	1	1	1	1	1	1	1	1	4	1	1	4	1	1	1	1	1	1	4	1	1	1	1	1	1	1	4	1	1	1	1	1	1	1	1	1	1	1	6	4	1	1	1	1	1	1	1	1	1	1	6	1	4	1	1	1	1	4	6	1	1	1	1	1	1	1	1	1	1	1	1	1	1	1	6	1	1	1	1	1	4	4	1	1	4	1	1	6	1	1	1	1	4	1	1	1	1	4	1	1	1	1	4	4	1	4	1	1	1	1	1	1	1	1	1	1	1	1	1	1	1	1	1	1	1	1	1	1	1	1	1	1	1	1	4	4	1	1	1	1	1	1	1	1	4	1	1	4	4	1	1	1	1	1	1	1	1	1	1	1	1	1	1	1	1	1	1	1	1	4	1	1	1	1	4	1	4	1	1	1	1	1	1	4	1	1	1	1	1	1	1	1	1	1	4	1	1	1	1	1	1	1	1	1	1	1	4	1	1	1	1	1	1	4	1	1	1	1	1	1	4	1	1	1	1	1	1	1	1	1	1	1	1	1	1	1	1	1	1	1	1	1	1	1	1	1	4	4	1	1	1	1	4	1	1	1	1	1	1	1	4	4	1	1	1	1	1	1	1	1	4	1	1	1	1	7	1	1	6	1	1	1	1	1	1	1	1	1	4	1	1	1	1	1	1	4	4	1	1	4	4	1	1	1	1	1	1	6	1	1	1	1	1	1	1	1	1	1	1	1	1	4	1	1	1	1	1	1	1	1	1	4	1	1	1	6	1	1	1	1	1	1	1	1	1	1	1	1	1	6	1	1	1	1	1	1	1	4	6	1	4	1	1	1	4	1	4
2024.26826715176	1	1	1	4	1	1	1	1	1	1	1	1	1	1	1	1	1	1	1	1	4	1	4	1	4	1	1	1	6	1	1	1	6	1	4	1	1	1	1	4	1	1	1	4	1	1	1	9	4	6	1	1	1	1	1	6	1	1	1	1	1	1	1	6	1	1	1	1	1	1	1	1	1	1	1	1	1	1	1	1	1	1	1	1	1	1	1	1	1	1	1	1	1	1	1	1	1	4	1	1	1	1	1	6	1	1	9	1	1	1	4	1	4	1	1	1	1	1	1	1	6	9	1	1	1	1	1	1	1	1	1	4	1	1	1	1	1	1	4	4	1	1	1	1	1	1	1	1	1	1	4	1	1	1	1	1	1	1	1	1	1	1	1	1	1	1	1	4	1	1	1	4	1	1	1	4	1	1	1	1	4	1	1	1	1	1	1	1	1	4	1	1	1	6	1	1	1	1	1	1	1	1	1	1	1	1	1	1	4	1	1	1	1	1	1	1	1	1	1	1	7	1	1	7	1	1	4	4	1	1	1	1	1	1	1	1	1	1	1	1	1	1	1	1	1	1	6	9	1	1	1	1	1	1	1	1	1	1	1	1	1	1	6	1	1	4	1	1	1	4	1	1	1	1	4	1	1	1	1	1	1	1	1	1	1	1	1	1	6	1	4	1	1	1	1	1	1	1	1	1	1	1	1	1	1	1	4	1	1	1	1	1	1	1	1	1	1	1	1	1	1	1	1	6	1	1	1	1	1	1	1	1	1	1	1	1	1	1	1	1	1	1	1	1	1	1	4	1	1	1	1	1	1	1	1	4	1	1	4	1	4	1	1	1	1	4	1	1	1	1	1	1	1	1	1	1	1	4	1	1	1	1	1	1	4	1	1	1	1	1	1	1	1	1	4	1	1	1	1	1	1	1	1	1	1	1	1	1	1	1	4	1	1	1	1	1	1	1	1	4	1	1	6	1	1	1	1	1	1	4	1	1	1	1	1	1	1	1	7	1	1	4	1	4	1	1	1	6	1	1	1	1	1	1	1	1	4	1	1	1	1	4	1	9	1	4	1	1	1	1	1	1	4	1	1	1	1	1	4	1	1	1	1	1	1	1	1	1	4	1	1	1	1	1	4	4	1	1	1	4	1	1	1	4	1	1	1	1	1	4	1	1	1	1	1	4	1	1	1	4	1	1	4	1	7	4	1	1	6	1	1	1	4	1	1	1	1	1	1	1	1	1	1	1	7	1	1	1	1	1	1	1	4	1	6	4	1	4	1	1	1	1	1	1	1	1	1	1	9	4	1	1	1	1	1	1	1	1	1	1	1	1	4	1	1	1	1	1	4	1	9	1	1	1	1	1	1	1	4	1	6	1	1	1	1	1	1	1	1	1	1	1	1	1	4	1	1	1	1	1	1	4	1	1	9	1	1	1	1	1	1	1	1	1	1	1	1	4	1	1	1	4	1	1	1	1	1	1	1	1	1	4	1	1	1	1	1	4	6	1	1	1	1	1	1	1	1	1	1	1	1	4	6	1	1	4	1	1	1	1	1	1	1	4	1	4	1	1	1	1	1	1	1	1	1	1	1	1	1	1	1	1	1	1	1	1	1	1	1	1	1	1	4	1	6	1	1	4	1	1	6	1	1	4	1	4	1	1	1	1	6	1	1	1	1	1	1	1	6	1	1	1	1	1	1	1	4	1	1	1	1	1	1	1	1	1	1	1	4	1	1	1	1	1	1	1	1	4	1	1	1	1	1	1	1	1	1	1	1	1	1	1	1	1	1	1	1	1	1	1	1	1	1	1	1	1	1	1	1	1	1	1	1	1	1	1	1	1	1	4	1	1	1	1	1	1	6	1	1	1	1	1	1	1	1	1	4	1	4	1	1	1	1	4	1	1	1	1	1	4	1	1	1	1	1	1	4	1	1	1	1	4	1	6	1	1	1	1	1	1	1	1	1	1	1	1	6	1	1	1	1	1	1	1	1	1	1	1	1	1	4	1	1	1	1	1	4	1	1	1	1	1	1	4	4	1	1	1	1	1	1	1	1	1	1	1	1	1	1	1	1	4	1	1	1	1	1	1	1	1	1	4	1	1	1	1	1	1	1	1	1	1	7	4	1	1	1	1	1	1	4	6	1	1	1	1	1	1	1	1	1	1	1	1	4	1	1	1	1	4	1	1	6	1	4	1	1	1	9	1	1	1	1	1	1	1	1	1	1	1	1	1	6	1	1	1	1	1	1	1	6	4	1	1	1	1	1	6	1	6
2024.28549259153	3	0	0	3	0	0	0	0	0	0	0	0	0	0	0	0	0	0	0	0	5	0	0	0	0	0	0	0	3	0	0	0	5	0	0	0	0	0	0	3	0	0	0	0	0	0	5	3	3	3	0	0	0	0	0	0	0	3	0	3	3	0	0	3	0	0	0	0	0	0	0	0	3	0	0	5	0	0	0	0	0	0	0	0	0	0	0	0	0	0	0	3	0	0	0	0	0	5	0	0	3	0	0	3	0	0	0	0	0	0	6	0	0	0	0	0	0	0	0	0	5	0	0	0	0	0	0	0	0	0	0	0	0	0	0	0	0	0	0	3	0	0	0	0	0	0	0	0	0	0	6	0	0	0	0	5	0	0	0	0	0	0	0	0	0	0	0	0	0	0	0	0	3	0	0	0	0	0	0	0	5	0	0	0	0	0	3	0	0	5	0	0	0	5	0	0	0	0	0	0	0	0	0	0	0	0	0	5	5	0	0	0	0	0	0	0	0	0	0	0	6	0	0	8	0	0	3	3	0	0	0	0	0	0	0	0	0	0	0	0	0	0	3	0	0	0	8	5	0	0	0	0	0	0	0	0	0	0	0	0	0	0	3	0	0	3	0	5	0	3	0	0	0	0	3	0	0	0	0	0	0	0	0	0	0	0	0	0	3	0	3	0	0	0	0	0	0	0	0	0	0	0	0	0	0	0	3	0	0	3	0	0	0	0	0	0	0	0	0	0	0	0	0	5	0	0	0	0	0	0	0	0	0	0	3	0	0	0	0	0	0	0	0	0	0	0	3	0	0	0	0	0	0	0	0	3	0	0	5	0	0	0	0	0	0	5	0	0	0	0	0	0	0	0	0	0	0	0	0	0	0	0	0	0	0	0	0	0	0	0	0	0	3	0	6	0	0	0	0	0	0	0	0	0	0	0	0	0	0	0	3	0	0	0	0	0	0	0	0	0	0	0	3	0	0	0	0	0	0	0	0	0	0	0	0	0	0	0	8	0	0	3	0	3	0	0	0	5	0	0	0	0	0	0	0	0	0	0	0	0	0	3	0	3	0	3	0	0	0	0	0	0	3	0	0	3	0	0	3	0	0	0	0	0	0	0	0	0	3	0	0	0	0	0	3	6	0	0	0	3	0	0	0	5	0	0	0	0	0	3	0	0	0	0	0	5	0	0	0	3	0	0	0	0	0	3	0	0	5	0	0	0	3	0	0	0	0	0	0	0	0	0	0	0	8	0	3	0	0	0	0	0	6	0	5	0	0	3	0	0	0	0	0	0	0	0	0	0	3	3	0	0	0	3	0	0	0	0	0	0	0	0	3	0	0	0	0	0	3	0	6	0	0	0	0	0	0	0	5	0	0	0	0	0	0	3	0	3	0	0	0	0	0	0	3	0	0	0	0	0	0	0	0	0	5	0	0	0	0	0	3	0	0	0	0	0	0	3	0	0	0	3	0	0	0	0	0	0	0	0	0	3	0	0	0	0	0	3	5	0	0	0	0	0	0	0	0	0	0	0	0	0	3	0	0	3	0	0	0	0	0	0	0	0	0	3	0	0	0	0	0	0	0	0	0	0	0	0	0	0	0	0	0	0	3	0	0	0	0	0	0	0	3	3	3	0	0	0	0	0	5	0	0	5	0	6	0	0	0	0	3	0	0	0	0	0	0	0	3	0	0	0	0	5	0	0	3	0	0	0	0	0	0	0	0	0	0	0	3	0	0	0	0	0	0	0	0	0	0	0	0	0	0	0	0	0	0	0	0	0	0	0	0	0	0	0	0	0	0	0	0	0	0	0	0	0	0	0	0	0	0	0	3	0	0	0	0	0	0	3	0	0	0	0	0	3	5	0	0	0	0	0	3	0	0	0	3	0	3	0	0	0	0	5	0	0	0	0	0	0	0	0	0	0	0	0	3	0	0	0	0	3	0	3	0	0	0	0	0	0	0	0	0	0	0	0	5	0	0	0	0	0	3	0	0	0	0	0	0	0	3	0	0	0	0	0	3	0	0	0	0	0	0	5	3	3	0	0	0	0	0	0	0	0	0	0	0	0	0	0	0	0	0	0	0	0	0	0	0	0	0	5	0	0	0	0	0	0	0	0	0	0	6	0	0	0	0	0	0	0	0	5	0	0	0	0	0	0	0	0	0	3	0	0	0	0	0	0	3	3	0	0	5	0	3	0	0	0	3	0	0	0	0	0	0	0	0	0	0	5	0	0	3	3	0	0	0	0	0	0	5	0	0	0	0	0	0	5	0	5
2024.3027180313	3	0	0	0	0	0	0	0	0	0	0	0	0	0	0	3	0	0	0	0	5	0	3	0	0	0	0	0	0	0	0	0	0	0	0	0	0	0	0	3	0	0	0	0	0	0	5	0	0	0	0	0	0	0	0	0	5	3	0	3	8	0	0	0	0	0	0	0	0	0	0	0	3	0	0	5	0	0	0	0	0	0	0	0	0	0	0	0	0	0	0	5	0	0	0	0	0	3	0	0	3	0	0	3	0	0	0	0	0	0	3	0	3	0	0	0	3	0	0	0	0	0	0	0	3	0	0	0	0	0	0	0	0	3	0	0	3	0	0	5	0	0	0	0	0	0	0	0	0	0	3	0	0	0	0	5	0	0	0	0	0	0	0	0	0	0	0	0	5	0	0	3	3	0	0	0	0	0	0	0	5	0	0	0	0	0	3	0	0	3	0	0	0	0	0	0	0	0	0	0	0	0	0	0	0	3	0	5	5	0	0	0	0	3	0	0	0	0	0	0	0	0	0	5	0	0	0	3	0	0	0	0	0	0	0	0	0	0	0	0	0	0	3	0	0	0	3	0	0	0	0	0	0	0	0	0	0	0	0	0	0	0	0	0	0	0	0	5	0	0	0	0	0	0	0	0	0	3	0	0	0	0	3	0	0	0	0	0	0	0	0	0	0	0	0	0	0	0	0	0	0	0	0	0	0	0	3	0	0	5	0	0	0	0	0	0	0	0	0	0	0	0	0	3	0	0	0	0	0	0	0	0	0	0	3	3	3	0	0	3	0	0	0	0	0	0	0	0	3	0	0	0	0	0	0	3	0	0	5	0	0	0	0	0	0	3	3	0	0	0	0	0	3	0	0	0	0	0	0	0	3	0	0	0	0	0	0	0	0	0	0	0	5	0	3	0	3	0	0	0	0	0	0	0	0	0	0	3	0	0	0	0	0	0	0	0	0	0	0	3	0	3	0	0	0	0	0	0	0	0	0	0	0	0	0	0	3	0	5	0	0	5	0	0	0	0	0	0	0	0	0	0	0	0	0	0	0	0	0	0	0	3	0	0	0	3	0	3	0	0	0	0	3	0	0	3	0	0	0	0	0	0	0	0	0	0	0	0	3	0	0	0	0	0	3	3	0	0	0	0	0	0	0	3	0	0	0	0	0	3	0	0	0	0	0	3	0	0	0	3	0	0	0	0	0	0	0	0	3	0	0	3	0	0	0	0	0	5	0	0	0	0	0	5	5	0	5	0	0	0	0	0	5	0	3	0	0	0	0	0	0	0	0	0	0	0	0	0	0	0	0	0	0	3	0	0	0	0	0	0	0	0	0	0	0	0	0	0	0	0	3	0	0	0	0	0	0	0	3	0	0	0	0	0	0	3	0	3	0	3	0	0	0	0	0	0	0	0	0	0	0	0	0	0	0	0	0	3	0	0	3	0	0	0	0	0	0	3	0	0	0	3	0	0	0	0	0	0	5	0	0	0	0	0	0	0	0	0	3	0	0	0	0	0	0	0	0	0	0	0	0	0	0	0	0	0	0	0	0	0	0	0	0	0	0	0	0	3	0	0	0	0	0	0	0	0	0	0	0	0	0	0	0	0	3	0	0	0	0	0	0	0	5	3	0	3	0	3	0	0	0	0	0	5	0	5	0	0	0	0	0	0	0	0	0	0	0	0	3	0	0	0	0	5	0	0	3	0	0	0	0	0	0	0	0	0	0	0	0	5	0	0	0	0	0	0	0	3	0	0	0	3	0	3	0	0	0	0	0	0	0	0	0	0	0	0	0	5	0	0	0	0	0	0	0	0	0	0	0	0	0	0	3	0	3	0	3	0	0	3	0	0	0	0	0	3	0	3	3	0	0	0	5	0	0	3	0	0	0	0	3	0	0	3	0	0	0	0	0	0	0	0	3	0	0	0	3	0	0	0	0	0	0	0	3	0	0	0	0	0	0	0	0	0	0	0	0	0	0	5	0	0	3	0	0	3	0	0	0	0	0	3	0	0	0	0	0	0	0	0	0	0	0	3	3	3	0	0	0	0	0	0	0	0	0	0	0	0	0	0	0	0	0	0	5	3	0	0	0	0	0	3	0	0	0	0	0	0	0	0	0	0	0	0	0	0	0	0	5	0	0	5	0	0	0	0	0	0	0	0	0	5	0	0	0	0	0	0	3	3	0	0	0	0	0	0	0	0	0	0	0	0	0	3	0	0	0	0	0	5	0	0	0	5	0	0	0	0	0	0	0	3	0	0	0	0	0	0	0	0
2024.31994347108	0	3	3	0	0	0	0	0	0	0	0	0	0	0	0	3	0	3	0	0	3	0	3	0	3	0	0	0	0	0	0	0	0	0	0	0	0	0	0	3	0	0	0	0	0	0	3	0	3	0	0	0	3	3	0	0	5	3	0	3	5	0	3	0	0	0	0	0	5	0	0	0	5	0	0	3	0	0	0	0	0	0	0	0	0	0	0	0	0	0	0	3	0	3	0	0	0	0	0	0	5	0	0	0	0	0	0	0	0	0	0	0	3	0	0	0	3	0	0	0	0	0	0	0	3	0	0	0	0	0	0	0	0	3	0	0	3	0	0	3	0	0	0	0	0	0	0	0	0	3	0	0	0	0	0	0	0	0	5	0	0	0	0	0	0	0	0	0	5	0	0	3	0	0	0	0	0	0	0	0	0	0	0	0	0	0	3	0	0	0	0	0	0	0	0	0	0	0	0	0	0	0	0	0	3	5	0	3	0	0	0	0	0	3	0	0	0	0	0	0	0	0	0	0	0	0	0	0	0	0	0	0	0	0	0	0	5	0	3	0	0	0	5	0	0	0	0	0	0	0	0	0	3	0	0	0	0	0	0	0	0	5	0	0	0	0	0	3	0	0	0	0	0	0	3	0	0	3	0	0	0	0	5	0	0	0	0	3	0	0	0	0	0	0	0	0	0	0	0	0	0	0	0	5	0	0	0	0	0	3	0	0	0	0	0	0	0	0	0	0	0	0	0	0	0	0	0	0	0	0	0	0	0	0	0	3	5	0	0	3	0	0	0	0	0	0	3	0	5	0	0	0	0	0	0	0	0	0	0	0	0	0	0	0	0	0	3	0	0	0	0	0	6	0	0	0	3	0	0	0	3	0	0	0	3	0	0	0	0	3	0	0	3	0	0	0	3	0	0	0	0	0	0	0	0	0	0	3	0	0	0	0	0	0	0	3	0	3	0	3	5	3	0	0	0	0	0	0	0	0	0	0	0	3	0	0	3	0	0	0	0	3	0	0	0	0	0	0	0	0	0	0	0	0	3	0	0	0	0	0	0	0	0	0	0	0	0	3	0	0	0	0	0	0	0	5	0	0	0	0	0	0	0	0	0	0	0	0	3	0	0	0	0	0	0	0	0	0	0	0	0	0	0	0	0	0	0	0	0	0	0	0	0	0	0	0	0	0	0	0	5	0	0	0	0	0	0	0	0	0	0	3	3	0	0	0	0	5	0	0	0	0	0	5	0	3	5	0	0	0	0	0	3	0	0	0	0	0	3	0	0	3	0	0	0	0	0	0	0	0	0	0	0	3	0	0	0	0	0	0	0	0	0	3	0	0	0	0	0	0	0	0	0	0	0	0	0	3	0	0	0	0	0	0	0	0	0	0	0	3	0	3	0	0	3	0	0	0	0	0	0	0	0	0	0	0	0	3	0	0	5	0	0	3	0	0	0	3	0	0	3	0	0	0	0	0	0	0	5	5	0	3	0	0	0	0	0	0	0	0	0	0	0	3	0	5	0	0	0	0	0	0	0	0	0	0	0	0	0	0	0	0	0	0	3	0	0	3	0	0	0	0	0	0	0	0	3	0	0	3	0	0	0	0	3	0	0	0	0	0	0	0	3	0	0	3	0	3	0	0	0	0	0	3	0	3	0	0	0	0	0	0	0	0	3	0	0	0	0	0	5	0	0	0	0	0	0	0	0	0	0	3	0	0	0	0	3	0	0	5	0	0	0	0	0	0	0	3	0	3	0	3	0	3	0	3	0	0	0	0	0	0	0	0	0	0	0	5	0	0	0	0	0	0	0	0	0	0	0	0	0	0	0	0	3	0	3	0	0	3	0	0	0	0	0	0	0	3	3	0	0	0	3	0	0	5	0	0	0	0	3	0	0	0	0	0	0	0	0	0	0	0	3	0	0	0	0	0	0	0	0	0	0	0	3	0	0	0	0	0	0	0	0	0	0	0	0	0	0	5	0	0	3	0	0	3	0	0	0	0	3	3	0	0	0	0	3	0	0	3	0	0	0	0	0	0	0	0	0	0	0	0	0	0	0	0	0	0	0	0	0	0	0	0	5	3	0	0	0	0	0	0	0	0	0	0	0	0	0	0	0	0	0	3	0	0	0	0	5	0	0	0	3	0	0	0	0	0	0	0	0	3	0	0	0	0	0	0	0	0	0	0	0	0	0	0	0	0	0	0	5	0	0	3	0	0	0	0	0	0	0	0	0	5	0	0	0	0	0	3	0	3	0	0	0	0	0	0	0	0
2024.33716891085	0	3	3	0	0	0	0	0	0	0	0	0	0	0	0	3	0	8	0	0	0	0	0	0	3	0	0	0	0	0	0	0	0	0	0	0	0	0	0	0	0	0	0	0	0	0	0	0	3	0	0	3	3	3	0	0	3	0	0	0	5	0	3	0	0	0	0	0	5	0	0	0	3	0	0	0	0	0	0	0	0	0	0	0	0	0	0	0	0	0	0	0	0	3	0	0	0	0	0	0	3	0	0	0	0	0	0	0	0	0	0	0	0	0	0	3	3	0	0	5	0	0	3	0	0	0	0	0	0	0	0	0	0	0	0	5	3	0	0	0	0	0	0	0	0	0	0	0	0	3	0	0	0	0	0	0	0	0	5	0	0	0	0	0	0	0	0	0	5	0	0	0	0	0	0	0	0	0	0	0	0	0	0	0	0	0	0	0	0	0	0	0	0	0	0	0	0	0	0	0	0	0	0	0	3	5	0	0	0	0	0	3	0	0	0	0	0	0	0	0	0	0	0	0	0	0	0	0	0	0	0	0	0	0	0	0	5	0	5	0	0	0	3	3	0	0	0	0	0	0	3	0	3	5	0	0	0	0	0	0	0	5	0	5	0	0	0	3	3	0	0	0	3	0	3	0	0	3	0	0	0	0	5	0	0	0	0	3	0	0	0	0	0	0	0	0	0	0	0	0	0	0	0	5	3	0	0	0	0	0	0	0	3	0	0	0	0	0	0	0	0	0	0	0	0	0	0	0	0	0	0	0	0	0	0	3	5	0	0	0	0	0	0	0	0	0	3	0	3	0	0	0	0	0	0	0	0	0	0	0	0	0	0	0	0	0	3	0	0	0	0	0	3	0	0	0	3	0	0	0	3	0	0	0	3	0	0	0	0	3	3	0	3	0	0	0	3	5	0	0	0	0	0	0	0	0	0	5	0	0	0	0	0	0	0	3	0	3	0	0	5	3	0	0	0	0	0	0	0	0	0	0	0	3	0	5	3	0	0	0	0	0	0	0	0	0	0	0	0	0	0	0	0	0	3	0	0	0	0	0	0	0	0	0	0	0	0	0	0	0	0	0	0	0	0	3	3	0	0	0	0	0	0	0	0	0	0	0	0	0	0	0	0	0	3	0	0	0	0	3	0	0	3	0	0	0	0	0	0	0	0	0	0	0	0	0	0	0	0	0	5	0	0	0	0	0	0	0	0	0	0	3	3	0	0	0	0	5	0	0	0	3	0	0	0	8	0	0	0	0	0	0	0	0	0	0	0	0	8	0	0	3	0	0	0	0	0	0	0	0	0	5	0	0	0	0	0	0	0	0	0	0	0	3	0	0	0	0	0	0	0	0	0	0	0	0	0	8	0	0	0	0	0	0	0	0	0	0	0	3	0	8	0	0	5	0	0	0	3	0	0	0	0	0	0	0	0	3	0	0	3	0	0	3	0	0	0	0	0	0	3	0	0	0	0	3	0	0	3	5	0	3	0	0	0	0	0	0	0	0	0	0	0	3	0	5	0	0	0	0	0	0	0	0	0	0	0	0	0	0	0	0	0	0	3	0	0	3	0	0	0	0	0	0	0	0	5	0	0	3	0	0	0	0	0	0	0	0	0	0	0	0	3	0	0	3	0	0	0	0	0	0	0	0	0	0	0	0	0	0	0	0	5	0	3	0	0	0	0	5	5	0	0	0	5	0	0	0	0	0	0	5	0	0	0	0	3	0	0	3	0	0	0	0	0	0	0	0	0	5	0	0	0	0	0	3	5	0	0	0	0	0	0	0	0	3	0	3	0	0	0	0	0	0	3	0	0	0	0	0	0	0	0	0	3	0	3	0	0	0	0	0	0	0	0	0	0	3	0	0	0	0	0	0	0	5	0	0	0	0	3	0	0	0	0	0	0	0	0	3	0	0	3	0	0	0	0	0	0	0	0	0	0	0	5	3	0	0	0	0	0	0	0	0	0	0	0	0	0	0	0	0	0	0	0	3	0	0	0	0	3	0	0	0	0	0	3	0	0	5	0	0	0	0	0	0	0	0	3	0	0	0	0	0	0	0	0	0	0	0	0	0	0	0	0	0	0	0	0	0	0	0	0	0	0	0	0	0	0	0	0	0	0	3	0	0	0	3	3	0	0	0	5	0	0	0	0	0	0	0	0	0	0	0	0	0	0	0	0	0	0	0	0	0	0	0	0	0	0	0	5	0	0	0	0	3	0	0	0	0	0	0	0	0	0	0	0	0	0	3	0	0	0	0	0	0	0	0	0	0
2024.35439435062	0	3	0	0	0	0	0	6	0	0	0	0	0	0	0	0	0	6	0	0	0	0	0	0	0	0	0	0	0	0	3	0	0	0	0	0	0	0	0	0	0	0	0	0	0	3	0	0	3	0	0	3	0	0	0	0	0	3	0	3	0	0	0	0	0	0	0	0	0	0	0	0	0	0	0	0	0	0	0	0	0	0	0	0	0	0	0	0	0	0	0	0	5	3	0	0	3	0	0	0	0	0	0	0	0	0	0	0	0	0	0	0	0	0	0	5	3	0	0	5	0	0	3	8	0	0	0	0	0	0	0	3	0	0	0	5	3	0	3	0	0	0	0	0	0	0	0	0	0	0	0	0	0	0	0	0	0	0	3	5	0	0	0	0	0	0	0	0	0	0	0	0	0	0	0	0	0	0	0	0	0	0	0	0	0	0	0	0	0	0	0	0	0	0	0	3	0	0	0	0	0	0	0	0	5	0	0	0	0	0	0	5	0	0	0	0	0	0	0	0	0	0	3	0	0	0	0	0	0	3	0	3	0	0	0	0	0	0	5	0	0	3	3	3	0	0	0	0	0	0	3	0	3	5	0	0	0	0	0	0	0	3	0	5	0	0	0	3	3	0	0	3	3	0	3	0	0	3	0	0	0	0	3	0	0	0	0	0	0	0	0	0	0	0	0	0	0	0	0	0	0	0	0	0	5	0	0	0	0	0	0	0	3	0	0	0	0	0	0	0	0	0	0	0	0	0	0	0	0	0	0	0	0	0	0	0	3	0	0	0	0	0	3	0	0	0	0	0	0	0	0	0	0	0	0	0	0	0	0	0	0	0	0	0	3	0	0	0	0	0	0	0	3	0	0	0	0	0	0	0	0	0	0	0	3	0	0	0	0	5	3	0	0	0	0	0	3	5	0	0	0	0	0	0	0	0	0	3	0	0	0	0	0	0	0	3	0	0	0	0	0	3	0	0	0	0	0	0	0	0	0	0	0	3	0	5	0	3	0	3	0	0	0	0	0	0	0	0	0	0	0	0	0	0	3	0	0	0	0	0	0	0	0	0	3	3	0	0	0	0	0	0	0	0	0	3	3	0	0	0	3	0	0	0	0	3	0	0	0	3	0	0	0	0	3	0	0	0	0	3	0	0	5	0	0	0	0	0	0	0	0	0	0	0	0	0	0	0	0	0	0	0	0	0	0	0	0	0	0	0	0	3	0	0	0	0	0	0	0	0	0	5	0	0	0	5	0	0	0	0	0	0	0	0	0	0	0	0	6	0	0	5	0	0	0	0	0	0	0	0	3	5	0	3	0	0	0	0	0	0	0	0	0	3	3	0	0	0	0	0	0	0	0	0	0	0	0	8	0	0	0	0	0	0	0	0	0	0	0	0	3	6	0	0	5	0	3	0	5	0	0	0	0	0	0	0	0	3	0	0	0	0	0	3	0	0	0	0	0	0	3	0	0	0	0	3	0	0	0	0	0	3	0	0	0	0	0	0	0	0	3	0	0	3	0	8	3	0	0	5	0	0	0	0	0	0	0	0	0	0	0	3	0	0	3	0	0	3	0	0	0	0	0	0	0	0	5	0	0	0	0	0	0	0	0	0	5	0	3	0	0	0	0	0	0	0	0	0	3	0	0	0	0	0	0	0	0	0	0	0	0	0	5	0	0	0	0	0	0	5	0	0	0	0	5	0	0	0	0	0	0	3	0	0	0	0	0	0	0	0	0	0	0	0	0	0	0	0	0	5	0	0	0	0	0	3	5	0	0	0	0	0	0	0	3	3	0	0	0	0	0	0	0	3	3	0	0	0	0	0	0	0	0	0	3	0	3	0	0	0	0	0	0	0	0	0	0	3	0	0	0	0	0	0	0	3	0	0	0	0	0	0	0	0	0	0	0	0	0	3	0	0	0	0	0	0	0	0	0	3	0	0	0	0	3	3	0	0	0	0	0	0	3	0	0	0	0	0	0	0	0	0	0	0	0	0	0	0	0	0	3	0	0	0	0	0	0	0	0	5	0	0	0	0	0	0	0	0	3	0	0	0	0	0	0	0	0	0	0	0	0	0	0	0	0	0	3	3	0	0	0	0	0	0	0	0	0	0	0	0	0	0	0	3	0	0	0	3	0	0	0	0	3	0	0	0	0	0	0	0	0	0	0	0	0	0	0	0	0	0	3	0	0	0	0	0	0	0	0	0	0	0	0	0	0	3	0	0	0	0	0	0	0	0	0	0	0	0	0	5	0	0	0	0	0	0	0	0	0	0
2024.37161979039	3	3	3	0	0	0	3	6	0	0	3	0	0	0	0	0	0	6	0	0	0	0	0	0	0	0	3	0	0	0	3	0	0	0	0	0	0	3	0	0	0	0	0	0	0	3	0	0	0	0	0	0	0	0	0	0	0	3	0	3	0	0	0	0	0	0	0	0	0	0	3	0	0	0	0	0	0	0	0	0	0	0	0	0	3	0	0	3	0	0	0	0	5	3	0	0	5	0	0	0	0	0	0	0	0	0	0	0	0	0	0	0	0	0	0	5	3	0	0	5	0	0	5	8	3	0	0	0	0	0	0	3	0	0	0	5	0	5	3	0	0	0	3	0	0	0	0	0	0	0	0	0	0	0	0	0	0	0	0	5	0	0	0	0	0	0	0	0	0	0	0	0	3	0	0	0	0	0	0	0	0	0	0	0	0	0	0	0	0	0	0	0	0	0	0	3	0	0	0	0	0	0	0	0	3	0	0	0	0	0	0	3	0	0	0	0	0	0	0	0	0	0	3	0	0	0	0	0	0	3	0	3	0	0	0	0	0	3	0	0	0	3	0	0	0	0	0	0	0	0	3	0	0	3	0	0	0	3	0	0	0	0	0	3	5	0	0	0	5	0	0	3	5	0	0	0	0	3	0	0	0	0	0	0	0	0	0	3	0	0	0	0	0	0	0	0	0	0	0	0	0	0	0	0	5	0	0	0	0	0	3	3	0	0	0	0	3	0	3	0	0	0	0	0	0	0	0	0	0	0	0	0	0	0	0	0	0	0	0	0	0	0	3	0	0	0	0	0	0	0	0	0	0	0	0	0	0	0	0	0	0	0	0	0	5	0	0	0	0	0	0	0	3	0	0	0	0	0	0	0	0	0	0	0	0	0	0	0	0	3	3	0	0	0	0	0	3	3	0	0	0	0	3	0	0	0	0	0	0	0	0	0	0	0	0	0	0	3	0	0	0	3	0	0	0	0	0	0	0	0	0	0	0	3	0	0	0	3	0	5	0	0	0	0	0	0	0	0	3	0	0	0	0	0	3	0	0	0	0	0	0	0	0	0	5	3	0	3	0	0	0	0	0	0	0	0	5	0	0	0	3	0	0	0	0	3	0	0	0	3	0	0	0	0	0	0	0	0	0	0	0	0	3	0	0	5	0	0	0	0	0	0	0	0	3	0	0	0	0	0	0	5	0	0	0	0	0	0	0	0	0	3	0	0	3	0	0	0	0	0	0	5	0	0	0	0	0	0	0	0	0	0	0	0	0	0	0	0	6	0	0	3	0	0	0	0	3	0	0	0	3	5	0	3	0	0	0	0	0	0	0	0	0	3	3	0	0	0	0	0	0	0	0	0	0	0	0	0	0	0	0	0	0	0	0	0	0	0	0	0	6	6	0	0	0	0	3	0	5	0	0	0	0	0	0	0	0	3	0	0	0	0	3	0	0	0	0	0	0	0	0	0	0	0	0	0	0	0	0	0	0	0	0	0	0	0	0	0	0	0	3	0	0	0	0	3	5	0	0	5	0	0	0	0	0	0	0	0	0	0	0	5	0	0	0	0	3	3	0	0	0	0	0	0	0	0	0	0	0	0	0	0	0	0	0	0	5	0	3	0	0	0	0	0	0	0	0	0	3	0	0	0	0	0	0	0	0	5	0	0	0	0	3	0	0	0	0	0	0	3	0	0	0	0	3	0	0	0	0	0	0	0	0	0	0	0	0	0	0	0	0	0	0	0	0	0	0	0	0	0	8	3	0	0	0	3	5	0	0	0	0	0	0	0	6	0	0	0	0	0	0	0	0	5	0	0	0	0	0	0	0	3	0	0	3	0	3	0	0	0	0	0	0	0	0	0	0	3	0	0	0	0	0	0	0	0	0	0	0	0	0	0	0	0	0	0	0	0	0	0	0	0	0	0	0	0	0	0	0	3	0	0	0	0	3	0	0	0	0	0	0	0	3	0	3	0	0	0	0	0	0	0	0	0	0	0	0	0	0	0	0	0	0	0	0	0	0	0	0	3	0	0	3	0	0	3	0	0	5	3	0	0	0	0	0	0	3	0	0	0	0	0	0	3	0	0	3	5	0	0	0	0	0	0	0	0	0	0	0	0	0	0	0	0	3	0	0	5	0	0	0	0	0	0	0	0	0	0	0	0	0	0	0	0	0	0	0	0	3	0	3	0	0	0	0	0	0	0	0	3	0	0	0	3	0	0	0	0	0	0	0	0	0	0	0	0	0	0	0	3	0	0	0	0	0	0	0	0	0	0
2024.38884523016	3	0	3	0	0	0	3	6	0	0	5	0	0	0	0	0	0	0	0	0	0	0	0	0	0	0	5	0	0	0	0	0	0	0	0	0	0	3	0	0	0	0	0	0	0	0	0	0	0	0	0	0	0	0	0	0	0	3	0	0	0	0	0	0	0	0	0	0	0	0	3	0	0	0	0	0	0	0	0	0	0	0	0	0	5	0	0	3	0	3	0	0	3	0	0	0	3	0	0	0	0	0	0	0	0	3	0	0	0	0	0	0	0	0	0	0	3	0	0	0	0	0	3	8	3	0	0	0	0	0	0	0	0	0	0	0	0	5	0	0	0	0	5	0	0	0	0	0	0	0	0	3	0	3	0	0	0	0	0	5	0	0	0	0	0	0	0	0	0	0	0	0	3	0	0	0	0	0	0	0	0	0	0	0	0	0	0	0	0	0	0	0	0	0	0	0	0	0	0	3	0	0	0	0	0	0	0	0	0	3	0	0	0	0	0	0	0	0	0	0	0	0	0	0	0	0	0	0	0	0	0	0	0	0	0	0	0	3	0	0	3	5	0	3	0	0	0	0	0	0	0	0	0	0	0	3	0	3	0	0	0	0	0	0	5	0	0	0	3	0	0	3	3	0	0	0	0	0	0	0	0	0	0	0	0	0	0	3	0	0	0	5	0	0	0	0	0	0	0	0	0	0	0	0	3	0	0	0	0	0	5	5	0	0	0	0	5	0	3	0	0	0	0	0	0	0	0	0	0	0	0	0	0	0	0	0	0	0	3	0	0	0	3	0	0	0	0	0	0	0	0	0	0	0	0	0	0	0	0	3	0	0	0	0	3	0	0	0	0	0	0	0	3	0	0	0	0	0	0	0	0	0	0	0	3	3	0	0	0	0	3	0	0	0	0	0	0	0	0	0	0	3	3	0	0	0	5	0	0	0	0	0	0	0	0	3	0	3	0	0	0	0	0	0	0	0	0	0	0	0	0	0	0	0	0	0	0	0	0	3	0	0	0	0	0	0	0	0	5	0	0	0	0	0	3	0	0	0	0	0	0	0	0	0	3	6	0	3	0	3	0	0	0	0	0	0	3	0	0	0	0	0	0	0	0	0	0	0	0	3	0	0	0	0	0	0	0	0	0	0	0	0	3	0	0	5	0	0	0	0	0	0	0	0	3	0	0	0	0	0	0	5	0	0	0	0	0	3	0	0	0	0	0	0	5	0	0	0	0	0	0	3	0	0	0	0	0	0	0	5	0	0	0	0	0	0	0	0	0	0	0	0	0	0	0	0	5	0	0	0	0	0	0	3	0	5	0	0	0	0	0	0	0	3	3	0	0	0	0	0	0	0	0	0	0	0	0	0	0	0	0	0	0	0	0	0	0	0	0	3	3	0	0	0	0	0	0	0	3	0	0	0	0	0	0	0	0	0	0	0	0	0	3	0	3	0	0	0	0	0	0	0	0	0	0	0	0	0	0	0	0	0	0	0	0	0	0	3	0	0	3	0	0	0	0	0	3	0	0	3	0	0	0	0	0	0	0	3	0	0	0	3	0	0	0	0	3	0	0	0	0	0	0	3	0	0	0	3	0	0	0	0	0	0	0	0	3	0	5	3	3	0	0	0	0	0	0	0	3	0	0	0	0	0	3	0	0	5	0	0	0	0	0	0	0	0	0	0	0	0	0	0	0	0	0	0	0	0	0	0	0	0	0	0	0	0	0	0	0	0	0	0	0	0	0	0	0	0	0	0	8	3	0	3	0	3	0	0	0	0	0	0	0	0	3	0	0	0	0	0	0	0	0	3	0	0	0	0	3	0	0	5	0	0	3	0	3	0	0	0	0	0	0	0	0	0	0	0	0	0	0	0	0	0	0	0	0	0	0	0	3	0	0	0	0	0	0	0	0	0	0	0	0	0	0	0	0	0	0	3	0	0	0	0	0	5	0	0	0	0	0	3	3	0	3	0	0	0	0	0	0	0	0	0	0	3	0	0	0	0	0	3	0	3	0	0	0	0	0	0	0	0	3	0	0	3	0	0	3	3	0	0	0	0	0	0	3	0	0	0	3	0	0	3	0	0	0	3	0	0	0	0	0	0	0	0	0	0	0	0	0	0	0	3	5	0	0	3	0	0	0	0	0	0	0	0	0	0	0	0	0	0	0	0	0	0	0	0	3	0	0	0	0	0	0	0	0	3	0	3	0	0	0	3	0	0	0	0	0	0	0	0	0	0	0	0	0	0	0	0	0	0	0	0	0	0	0	0	0	0
2024.40607066993	3	0	0	0	0	0	5	0	0	0	3	0	0	0	0	0	0	0	0	0	0	0	0	0	0	0	3	0	0	0	3	0	0	0	0	0	0	3	0	0	0	0	0	0	0	0	0	0	0	0	0	0	0	0	0	0	0	3	0	0	0	0	0	0	0	0	0	0	0	0	0	0	0	0	3	0	0	0	0	0	0	0	0	0	5	0	0	5	0	3	0	0	0	0	0	0	3	0	0	0	0	0	0	0	3	3	0	0	0	0	0	0	0	0	0	0	0	0	0	0	0	0	0	0	0	0	0	0	0	0	0	0	0	3	0	0	0	3	0	0	0	0	3	0	0	0	0	0	0	0	0	3	0	5	0	0	0	0	0	0	0	0	0	0	0	0	0	0	0	0	0	0	3	0	0	0	0	0	0	0	0	0	0	0	0	0	0	0	0	0	0	0	0	0	0	0	0	0	0	3	0	0	0	0	0	0	0	0	0	8	0	0	0	0	0	0	0	0	0	0	0	0	0	0	0	0	0	0	0	0	3	0	0	0	0	0	0	3	0	0	5	3	0	3	0	5	0	0	0	0	0	0	0	0	0	5	0	3	0	0	0	0	0	0	3	0	0	0	0	0	0	3	0	0	0	0	0	0	3	0	0	0	3	0	0	0	0	0	0	0	0	5	0	0	0	0	0	0	0	0	0	0	0	0	0	0	0	0	0	0	5	3	0	0	0	0	3	0	0	3	0	0	0	0	0	0	0	0	0	0	0	0	0	0	0	0	0	0	3	0	0	0	3	0	0	0	0	0	0	0	0	0	0	0	0	0	0	0	0	3	0	0	0	0	3	0	0	0	0	0	0	0	0	0	0	0	0	0	0	0	0	0	0	0	3	3	0	0	0	0	3	0	0	0	0	0	0	0	0	0	0	5	3	0	0	0	5	0	0	0	0	0	0	0	0	3	0	0	0	0	0	0	0	0	0	5	0	0	0	0	0	0	0	0	0	0	0	0	0	3	0	0	0	0	0	0	0	0	5	0	0	0	0	0	0	0	0	0	0	0	0	0	0	0	0	3	0	0	0	3	0	0	0	0	0	0	3	0	0	0	0	0	0	0	0	0	0	0	0	3	0	0	0	0	0	0	0	0	0	0	0	0	0	0	0	3	0	0	0	0	0	0	0	0	5	0	3	0	0	0	0	0	3	0	0	0	0	5	0	0	0	0	0	0	5	0	0	0	0	0	0	0	0	0	0	0	0	0	0	5	0	0	0	0	0	0	0	0	0	0	0	0	0	0	0	0	5	0	0	0	0	0	0	3	0	5	0	0	5	0	0	0	0	0	0	0	0	0	0	0	0	0	0	0	0	0	0	0	0	0	0	0	0	0	0	0	0	0	0	6	3	0	0	0	0	0	3	0	0	0	0	0	0	0	0	0	3	0	0	0	0	0	0	0	3	0	0	0	5	0	0	0	0	0	0	0	3	0	0	0	0	0	0	0	0	0	0	3	0	0	0	0	0	0	0	0	3	0	0	0	0	0	0	0	0	0	0	3	0	0	0	3	3	0	0	0	0	0	5	0	0	0	3	5	0	0	0	3	0	0	0	0	0	0	0	0	0	0	3	3	3	0	0	0	0	0	0	0	3	0	0	0	0	0	5	0	0	3	0	0	0	0	0	0	0	0	0	0	0	0	0	0	3	0	0	0	0	0	0	0	0	0	0	0	0	0	0	3	0	0	0	0	0	0	5	0	0	0	0	0	3	0	0	3	0	0	0	0	0	0	0	0	0	0	3	0	0	0	0	0	0	0	0	3	0	0	0	0	3	0	0	5	0	0	0	0	0	0	0	0	0	0	0	0	0	0	0	0	0	0	0	0	0	0	0	0	0	0	0	0	6	0	0	0	0	0	0	0	0	0	0	0	0	0	0	0	0	0	0	3	0	0	0	0	0	5	0	0	0	0	0	5	0	0	0	0	0	0	0	0	0	0	0	0	0	6	0	0	0	0	0	3	0	3	0	0	0	0	0	0	0	0	5	0	0	3	0	0	0	0	0	0	0	0	0	0	3	0	0	0	3	0	0	0	0	0	0	3	0	0	0	0	0	0	0	0	0	0	0	0	0	0	0	3	5	0	0	0	0	0	0	0	0	0	3	0	0	0	0	0	0	0	0	0	0	0	0	0	3	0	0	0	0	0	0	0	0	3	0	0	0	0	0	0	0	0	0	0	0	0	0	0	0	0	0	0	0	0	0	0	0	0	0	0	0	0	0	0	0	0
2024.4232961097	0	0	0	0	0	0	3	0	0	0	0	0	0	0	0	0	0	0	0	0	0	0	0	0	0	3	3	0	0	0	3	0	0	0	0	0	0	0	0	0	0	0	0	0	0	0	0	0	0	0	0	0	0	0	0	0	0	3	0	0	0	0	0	0	0	0	0	0	0	0	0	0	0	0	3	0	0	0	0	0	0	0	0	0	3	0	0	3	0	0	0	0	0	0	0	0	0	0	0	3	0	0	0	0	3	0	0	3	0	0	0	0	0	0	0	0	0	0	0	3	0	0	0	0	0	0	0	0	3	0	0	0	0	3	3	0	0	0	0	0	0	0	0	0	0	0	0	0	0	0	0	0	0	3	0	0	0	0	0	0	0	0	0	0	0	0	0	0	0	0	3	0	0	0	0	0	0	0	0	0	0	0	3	0	0	0	0	0	0	0	0	0	0	0	0	0	0	6	0	0	0	0	0	0	0	0	0	0	0	6	3	0	0	0	0	0	0	0	0	0	0	0	0	0	0	0	0	0	0	0	3	0	0	0	0	0	0	0	0	0	3	3	0	3	0	5	0	0	0	0	0	0	0	0	0	3	0	0	0	0	0	0	0	0	0	3	0	0	0	0	0	0	0	3	0	0	0	0	3	0	0	0	3	0	0	3	0	0	0	0	0	3	0	0	0	0	0	0	0	3	3	0	3	0	0	0	0	0	0	0	0	0	0	0	0	3	0	0	0	3	0	0	0	0	0	0	0	0	0	0	0	3	3	0	0	0	0	0	5	0	3	0	0	0	0	0	0	0	0	0	0	0	0	0	0	0	0	0	0	3	0	3	0	0	0	0	0	0	0	0	0	0	0	3	0	0	0	0	0	0	0	0	0	0	0	0	0	0	0	0	3	0	0	0	0	0	0	0	0	0	0	3	0	0	0	0	3	0	0	0	0	0	0	0	0	0	0	0	0	0	0	0	0	0	0	5	0	0	0	0	0	0	0	0	0	0	0	0	0	0	0	0	3	0	0	0	0	0	3	0	3	0	0	0	0	3	0	0	0	0	0	0	3	0	3	0	0	0	0	6	0	0	0	8	3	0	0	0	0	0	0	0	0	3	0	0	0	3	0	0	0	0	0	0	0	0	0	0	0	0	0	0	0	0	0	3	0	0	0	0	0	3	0	0	3	0	5	0	0	0	0	0	3	0	0	0	0	3	0	0	0	0	0	0	0	0	0	0	0	0	0	0	0	0	0	0	0	0	0	0	8	0	0	0	0	0	0	0	0	0	0	0	0	0	0	0	0	0	0	3	0	0	0	3	0	3	0	0	5	3	0	0	0	0	0	0	0	0	0	0	0	0	0	0	0	0	0	0	0	0	0	0	0	0	0	0	0	0	0	6	3	0	0	0	0	0	3	0	0	0	0	0	0	0	0	0	3	0	0	0	0	0	0	3	0	0	0	0	5	0	0	0	0	0	0	0	3	0	0	0	0	0	0	0	0	0	0	3	0	0	0	0	0	0	0	0	0	0	0	0	3	0	0	0	0	0	3	6	0	0	0	0	5	0	0	0	0	0	5	0	0	0	3	3	0	0	0	0	0	0	0	0	0	0	0	0	0	0	3	0	0	0	0	0	0	0	0	0	0	0	0	0	3	0	5	0	0	0	0	0	0	0	0	0	0	0	0	0	0	0	0	0	5	0	0	0	0	0	0	0	0	0	0	0	0	0	0	5	0	0	0	0	0	0	5	0	3	0	0	0	0	0	0	0	0	0	3	0	0	0	0	0	0	0	3	0	0	0	0	3	0	0	0	0	0	0	0	0	0	0	3	0	0	0	0	0	0	0	0	0	0	0	3	0	3	0	0	0	0	0	0	0	0	0	0	0	3	0	3	0	6	0	0	0	0	0	0	0	0	0	3	0	0	0	0	0	0	0	0	0	0	0	0	0	0	0	3	0	0	0	0	5	0	0	0	0	0	0	0	0	0	0	0	3	0	6	0	0	0	0	0	0	0	0	0	0	0	0	3	0	0	0	3	0	0	0	0	0	0	0	0	0	0	0	0	0	3	0	0	3	0	0	0	0	0	0	0	0	0	0	0	0	0	0	0	0	0	0	0	0	3	3	0	0	0	0	0	0	0	0	0	0	0	0	3	0	0	0	0	0	0	0	0	3	0	0	0	0	0	0	0	0	0	0	0	0	0	0	0	0	0	0	0	0	0	0	0	0	0	0	3	0	0	0	0	0	0	0	0	0	0	0	0	0	0	5	0	0	0	0
2024.44052154947	0	0	0	0	0	0	0	0	0	0	0	0	0	3	0	0	0	0	0	0	0	0	0	0	0	3	0	0	0	0	0	0	0	0	0	0	0	0	0	0	0	0	0	0	0	0	0	0	0	0	0	0	0	0	0	0	0	0	0	0	0	0	0	0	0	0	0	0	0	0	0	0	0	0	0	0	3	0	0	0	0	0	0	0	0	0	0	0	0	0	0	0	0	0	0	0	0	0	0	3	0	0	0	0	0	0	0	3	0	0	0	0	0	0	0	0	0	0	0	3	0	0	0	0	0	0	0	0	5	0	0	0	0	0	3	0	0	0	0	0	0	0	0	0	0	0	0	0	0	0	0	0	0	0	0	0	0	3	0	0	0	0	3	0	0	0	0	0	0	3	3	0	0	0	0	0	0	0	0	0	0	0	3	0	0	0	0	3	3	0	0	0	0	0	0	3	0	6	3	0	0	0	0	0	0	0	0	0	0	0	3	0	0	3	0	0	0	0	0	0	0	0	0	0	0	0	0	0	0	0	0	3	0	0	0	0	0	0	0	0	3	0	0	0	0	0	0	0	0	0	3	0	0	0	0	0	0	3	0	0	0	0	0	0	0	3	0	0	0	0	0	0	0	3	0	0	0	0	3	0	0	0	0	0	0	3	0	0	0	0	0	0	0	0	0	0	0	0	0	3	3	0	3	0	0	0	0	0	0	0	0	0	0	0	0	3	0	3	0	3	0	0	0	0	0	3	0	0	3	0	0	3	3	0	0	0	0	0	3	3	5	0	0	0	0	0	0	0	0	0	0	0	0	0	0	0	0	0	0	3	0	3	0	0	0	0	0	0	0	0	0	0	0	3	0	0	3	0	0	0	0	0	0	0	0	0	0	0	5	0	0	0	0	0	0	0	0	0	0	0	0	0	0	0	0	0	0	0	0	0	0	0	0	0	0	0	0	0	0	0	0	0	0	0	0	5	0	0	0	0	0	0	0	0	0	0	0	0	0	0	0	0	3	0	0	0	0	0	0	0	3	0	0	0	0	3	0	0	0	0	0	0	3	0	3	0	0	0	0	5	0	0	0	8	3	0	0	0	0	0	3	0	0	3	0	0	0	3	0	0	0	0	0	0	0	0	0	3	0	0	5	0	3	0	0	3	0	0	0	0	0	5	0	0	0	0	3	0	3	0	0	0	5	0	0	0	0	0	0	0	0	0	0	0	0	0	0	0	0	0	0	0	0	0	0	0	0	0	0	0	8	0	0	0	0	0	0	0	0	0	0	0	0	3	0	0	0	0	0	3	0	0	3	0	0	0	0	0	5	3	0	3	0	0	0	0	0	0	0	0	0	0	0	0	0	0	0	0	0	0	0	0	0	5	0	0	0	0	0	0	3	0	0	5	0	0	0	0	0	0	0	0	0	0	0	0	3	0	0	0	0	0	0	3	0	0	0	0	0	0	0	0	0	0	0	0	3	0	0	0	0	0	0	0	0	0	0	0	0	0	3	0	0	0	0	0	0	0	0	0	3	0	0	0	0	0	3	5	0	0	0	0	5	0	0	0	3	0	3	0	0	0	3	3	0	0	0	0	0	0	0	3	0	3	0	0	0	0	0	0	0	0	0	0	0	0	0	0	0	0	0	0	3	0	0	0	0	0	0	0	0	3	0	0	3	0	0	0	0	0	0	0	5	0	0	0	0	0	0	3	0	0	0	0	0	0	0	3	0	0	0	3	0	0	3	0	3	0	0	0	0	0	0	0	0	0	3	0	0	0	0	0	0	3	3	0	0	0	0	3	0	0	0	0	0	0	0	0	0	0	3	0	0	0	0	0	0	0	0	0	0	0	3	0	3	0	0	0	0	0	3	0	0	0	0	0	3	0	3	0	0	0	3	0	0	0	0	0	0	0	3	0	0	0	0	0	0	0	0	0	0	0	3	0	0	0	5	0	0	0	0	3	0	0	0	0	0	0	0	0	0	0	0	3	0	0	0	0	0	0	0	0	0	0	0	0	0	0	5	0	0	0	0	0	0	0	0	0	0	0	0	0	3	0	0	0	0	0	0	5	0	0	0	3	0	0	3	0	0	0	0	0	0	0	0	0	0	0	0	0	3	3	0	0	0	0	0	0	0	0	0	0	0	3	3	0	0	0	0	0	0	0	0	3	0	0	3	0	0	0	3	0	0	0	0	0	0	3	0	0	0	0	0	0	0	0	0	0	0	0	5	0	0	0	0	0	0	0	0	0	0	0	0	0	0	5	0	0	0	0
2024.45774698924	0	0	3	0	0	0	0	0	0	0	0	0	0	3	0	3	0	0	0	0	0	0	0	0	0	3	0	0	0	0	0	0	0	0	0	0	0	0	0	0	0	0	0	0	3	0	0	0	0	0	0	0	0	0	0	0	0	0	0	0	0	0	0	0	0	0	0	0	0	0	0	0	0	3	0	0	3	0	0	0	0	0	0	0	0	0	0	0	0	0	0	0	0	0	0	0	0	0	0	3	0	3	0	0	0	0	0	0	0	0	0	0	0	5	0	0	0	0	3	0	0	0	0	0	0	0	0	0	3	0	0	0	0	0	3	0	0	0	0	0	0	0	0	0	3	0	5	0	0	0	0	0	0	0	0	0	0	3	0	0	0	0	5	3	0	0	0	0	0	5	3	0	0	0	0	0	0	3	0	0	0	0	3	0	0	0	0	3	3	0	0	0	0	0	0	3	0	3	3	3	0	0	0	0	0	0	0	0	0	0	3	0	0	3	0	0	0	0	0	0	0	3	0	0	0	3	0	0	0	0	0	3	0	0	0	0	0	0	0	0	0	0	0	0	0	0	0	0	3	0	3	0	0	0	0	0	0	3	0	0	0	0	0	0	0	3	0	0	0	0	0	0	0	3	0	0	3	0	0	0	0	0	0	0	0	0	0	3	0	0	0	0	0	0	0	0	0	0	0	0	5	0	0	0	0	0	0	0	0	0	0	0	0	0	0	5	0	3	0	0	0	0	0	0	0	3	0	0	5	0	0	3	0	0	0	0	0	0	3	3	3	0	0	0	0	0	0	0	0	0	0	0	0	0	0	0	0	0	0	0	0	0	0	0	0	0	0	0	0	0	0	3	0	0	3	0	3	0	0	0	0	0	0	0	0	0	0	0	5	0	0	0	0	0	0	0	0	0	0	0	0	0	0	0	0	0	0	0	0	0	0	0	0	0	0	0	0	0	0	0	0	0	0	0	3	0	0	0	0	0	0	0	0	0	0	0	0	0	0	0	0	0	0	0	0	0	0	0	0	0	0	3	0	0	0	0	0	0	0	0	0	0	0	0	0	0	3	0	0	3	0	0	0	3	3	0	0	3	0	0	5	0	0	5	0	0	0	0	0	0	0	3	0	0	0	0	0	3	0	0	5	0	3	0	0	0	0	0	0	0	0	3	0	0	0	0	0	0	3	0	0	0	3	0	0	0	0	0	0	0	0	0	0	0	0	0	0	0	0	0	0	0	0	0	0	0	0	0	0	0	3	0	0	0	0	0	0	0	0	3	0	0	0	3	0	0	0	0	0	3	0	0	3	0	0	0	0	0	0	3	0	3	0	0	0	0	0	0	0	0	0	0	3	0	0	0	0	0	0	0	0	0	0	5	0	0	0	0	0	0	0	0	0	5	0	0	0	0	0	0	0	0	0	0	0	0	0	0	3	3	0	0	3	0	3	0	0	0	0	0	0	0	0	3	0	0	0	0	0	0	0	0	0	0	0	0	0	0	0	0	3	0	0	0	0	0	0	0	0	0	5	0	0	3	0	0	3	3	0	0	0	0	3	0	0	0	3	0	0	0	0	0	0	0	0	0	0	0	0	0	0	3	0	5	0	0	0	0	0	0	0	3	0	0	0	0	0	0	0	0	0	0	0	0	0	0	0	0	3	0	0	3	0	0	3	0	0	0	0	0	0	0	3	0	0	0	0	3	0	3	0	0	0	0	0	0	0	3	0	0	0	3	0	0	0	0	3	0	0	0	0	0	3	0	0	0	0	0	0	0	0	0	0	3	0	3	0	0	0	0	0	0	0	0	0	0	0	0	0	0	0	0	0	0	0	0	0	0	0	3	0	0	5	3	5	0	0	0	0	0	3	3	0	0	0	0	3	0	3	0	0	0	5	0	0	0	0	0	0	0	3	0	0	0	0	0	0	0	0	0	0	0	3	0	0	0	3	0	0	0	0	0	3	0	0	0	0	0	0	0	0	0	0	3	0	0	0	0	0	0	0	0	0	0	0	0	0	0	3	0	5	0	0	0	0	0	0	0	0	0	0	0	3	0	0	0	0	0	0	3	0	0	0	3	0	0	5	0	0	0	0	0	0	0	0	0	0	3	0	0	5	5	0	0	0	0	0	0	0	0	0	0	0	5	0	0	0	0	0	0	0	0	0	3	0	0	3	0	0	0	3	0	0	0	0	0	0	6	0	0	0	0	0	0	0	0	0	0	0	0	3	0	0	0	0	0	0	3	0	0	0	0	0	0	0	5	0	0	0	0
2024.47497242901	0	0	3	0	0	0	0	0	0	0	3	0	0	0	0	5	0	0	0	3	0	0	0	0	0	0	0	0	0	0	0	0	0	0	0	0	0	0	0	0	0	0	0	0	5	0	0	0	0	0	0	0	0	0	0	0	0	0	0	0	0	0	0	0	0	0	0	0	0	0	0	0	0	5	3	0	0	0	0	0	0	0	0	3	0	0	0	0	0	0	0	0	0	0	0	0	0	0	0	0	0	3	0	0	0	0	0	3	0	0	0	0	0	8	0	0	0	0	3	0	0	0	0	0	0	0	0	0	0	0	0	0	0	0	0	0	3	0	0	0	0	0	3	0	5	0	5	0	0	0	0	0	0	0	0	0	0	3	0	0	3	0	3	5	0	0	0	0	0	3	0	0	0	0	0	0	3	3	0	0	0	0	0	0	0	0	0	0	3	0	0	0	0	0	0	0	0	0	3	3	0	0	0	0	0	0	0	0	0	0	3	0	0	0	0	0	0	0	0	0	0	5	0	0	3	3	0	0	0	0	0	0	0	0	0	0	0	0	0	0	0	0	0	0	0	0	0	0	5	0	0	0	0	0	0	0	0	0	0	0	0	0	0	0	0	0	0	0	0	0	0	0	0	0	0	0	5	0	0	0	0	0	0	0	0	3	0	3	0	0	0	0	0	0	0	0	0	0	0	0	3	0	3	0	0	0	0	0	0	0	0	3	0	0	0	3	3	5	0	0	0	0	0	0	0	5	0	0	5	0	0	3	3	0	0	0	0	0	0	0	3	0	0	0	0	0	0	0	0	0	0	0	0	0	0	0	3	0	0	0	0	0	0	3	0	0	0	0	0	0	0	5	0	3	3	0	3	0	0	0	0	0	0	0	0	0	0	0	3	0	0	0	0	0	0	0	0	0	0	0	0	0	0	0	0	0	0	0	0	0	0	0	0	0	0	0	0	0	0	0	0	0	0	0	3	0	0	0	0	0	0	0	0	0	3	0	0	0	0	0	0	0	0	0	3	0	0	0	0	0	3	3	0	0	0	0	0	0	0	0	0	0	0	0	0	0	5	0	0	0	0	0	0	0	0	0	0	5	0	0	3	0	0	3	0	3	0	3	0	0	0	5	0	0	0	0	0	5	0	0	3	0	3	0	0	0	0	0	0	0	0	3	0	0	0	0	0	0	5	0	0	0	0	0	0	0	0	0	0	0	0	0	0	0	0	0	0	0	0	0	0	0	0	0	0	0	0	0	0	0	0	0	0	0	0	0	3	0	0	3	0	0	0	0	0	0	0	0	0	0	3	0	5	0	0	0	0	0	0	0	0	3	0	0	0	0	0	0	0	0	0	0	3	0	0	0	0	0	0	0	3	0	0	5	0	0	0	0	0	0	0	0	3	5	0	0	0	0	0	3	0	0	3	0	0	0	0	0	5	3	0	0	3	0	3	0	0	0	3	0	0	0	0	5	0	0	5	0	0	0	0	0	0	0	0	0	0	0	0	0	0	0	0	0	0	0	0	0	0	0	3	0	0	3	0	0	3	0	0	3	0	0	0	0	0	0	3	0	0	0	0	0	0	0	0	0	0	0	0	0	3	0	0	3	3	3	0	0	0	0	0	3	0	0	0	0	0	0	0	3	0	0	0	0	0	0	0	0	8	0	0	0	0	0	3	0	0	0	0	0	0	0	0	0	0	0	0	3	0	3	0	0	0	0	0	0	0	0	0	0	0	0	0	0	0	0	0	0	0	0	0	0	5	0	0	0	0	0	0	3	0	0	0	0	0	3	0	0	0	0	0	0	0	0	0	0	3	0	0	0	3	0	0	0	0	0	0	0	0	3	0	0	3	5	3	0	3	0	0	0	0	5	0	0	0	0	0	0	0	0	0	0	5	0	0	0	0	3	0	0	3	0	0	0	0	0	0	0	0	0	0	0	0	0	0	0	0	0	0	0	0	0	5	0	0	0	0	0	0	0	0	0	0	3	3	0	0	0	0	0	0	0	0	0	0	0	0	0	0	0	8	0	0	0	0	0	0	0	0	0	0	0	0	0	0	0	0	0	0	3	0	0	0	3	0	0	3	0	0	0	0	0	0	0	0	0	0	3	0	0	3	3	0	0	0	0	0	0	0	0	0	0	0	3	0	0	0	0	0	0	0	0	0	3	0	0	0	0	0	0	0	3	0	0	0	3	0	3	0	0	0	0	3	0	0	0	0	0	0	0	0	0	0	0	3	0	0	3	0	0	0	0	3	0	0	0	0	0	0	0
2024.49219786878	0	0	3	0	0	0	0	0	3	0	3	0	0	0	0	3	0	0	0	3	0	0	0	0	0	0	0	0	0	3	0	0	0	0	0	0	0	0	5	0	0	0	0	0	3	0	0	0	0	0	5	0	0	0	3	0	0	0	0	0	0	5	0	0	0	0	0	0	0	0	0	0	0	5	3	0	0	0	0	0	0	3	0	3	0	0	0	0	0	0	0	0	0	0	0	0	0	0	0	0	0	0	0	0	0	0	0	3	0	0	0	0	0	3	0	0	0	0	0	0	0	0	0	0	0	0	0	3	0	0	0	0	3	0	0	0	3	0	0	0	0	0	3	0	3	0	0	3	0	0	0	0	0	0	0	0	0	3	0	0	3	0	0	3	0	0	3	0	0	3	0	0	0	0	0	0	5	3	0	0	0	0	0	0	0	0	0	0	0	0	0	0	0	0	0	0	3	0	0	0	0	0	0	0	0	0	0	0	0	0	3	0	0	0	3	0	0	0	0	0	0	3	0	0	3	5	0	0	0	0	0	0	0	0	0	0	0	0	0	0	0	0	0	0	0	0	0	0	5	0	0	0	0	0	5	0	5	0	0	0	3	0	0	0	0	0	0	0	0	0	0	0	0	0	0	0	5	0	0	0	0	0	0	0	0	3	0	3	0	0	0	0	3	0	0	0	0	0	0	0	3	0	3	0	0	0	0	0	0	0	0	3	0	0	0	0	3	3	0	0	0	0	0	0	0	3	0	0	3	0	0	6	3	0	0	0	0	0	0	0	0	3	0	3	0	0	0	0	0	0	3	0	0	0	0	0	3	0	0	0	0	0	0	3	0	0	0	3	0	0	0	3	0	3	3	0	3	0	0	0	0	0	0	0	0	0	0	0	0	0	0	0	0	0	0	0	0	0	0	0	0	0	0	0	0	0	0	0	0	0	0	3	0	0	0	0	0	0	0	0	0	0	0	0	0	0	0	3	0	0	0	0	0	0	6	0	0	0	0	0	0	0	0	0	5	0	0	0	0	0	3	5	0	0	0	0	0	0	0	3	3	0	0	0	0	0	3	0	0	0	0	5	0	0	0	0	0	3	0	3	0	0	0	3	5	3	0	3	0	0	0	3	0	0	0	0	0	3	0	0	0	3	0	0	0	0	0	0	5	0	0	0	0	0	0	0	0	0	3	0	0	0	0	0	0	0	0	0	0	0	0	0	0	0	0	0	0	0	0	0	0	0	0	0	0	0	0	0	0	0	0	0	0	0	0	0	3	0	0	0	0	0	0	0	0	0	0	0	0	0	3	0	3	0	0	0	0	0	0	0	0	3	0	0	0	0	0	0	0	0	0	0	3	3	0	0	3	0	0	0	3	0	0	0	0	0	0	0	0	0	0	0	3	0	0	0	0	0	0	5	0	0	3	0	0	0	0	0	3	3	0	0	0	0	0	0	0	0	3	0	0	0	0	6	0	0	5	0	0	0	0	0	0	0	0	0	0	0	0	0	0	0	0	0	0	0	0	0	0	0	3	0	0	0	0	0	0	0	5	5	0	0	0	0	0	0	0	0	0	0	0	0	0	0	0	0	0	0	0	0	3	0	0	0	3	3	0	0	0	0	0	0	0	0	0	0	0	0	0	3	0	3	0	0	0	0	0	0	8	0	0	0	0	0	3	0	0	0	0	0	0	3	0	0	0	0	0	3	0	0	0	0	0	0	0	0	0	0	0	0	0	0	0	0	0	0	0	0	0	0	0	0	5	0	0	0	0	0	0	3	0	0	0	0	0	3	0	0	0	0	0	0	0	0	0	5	3	0	0	3	3	0	0	0	0	0	0	0	0	3	0	0	3	5	3	0	3	0	0	0	0	5	0	0	0	0	0	0	0	0	0	0	0	0	0	0	0	3	0	0	0	0	0	0	0	0	0	0	0	0	0	0	3	0	0	0	0	0	0	0	0	0	3	0	0	0	0	0	0	0	0	0	0	3	3	0	0	0	0	0	0	0	0	0	0	0	0	0	0	0	3	0	0	0	0	0	0	0	0	0	0	0	0	0	3	0	0	3	0	0	0	0	0	0	0	0	0	0	0	0	3	0	0	0	0	0	0	0	0	0	0	0	0	0	0	0	0	0	0	0	0	0	0	3	0	0	0	0	0	3	0	0	0	3	0	0	0	0	0	0	0	3	0	0	0	3	3	0	0	0	0	0	3	0	0	0	0	5	0	0	0	0	0	0	5	0	0	3	0	0	0	0	5	0	0	0	0	0	0	0
2024.50942330855	0	0	0	0	0	0	0	3	8	0	0	0	0	0	0	3	0	0	0	3	0	0	0	0	0	0	0	0	0	3	0	0	0	5	0	0	0	3	5	0	0	0	0	0	0	0	0	0	0	0	5	0	0	0	3	0	0	0	0	0	0	5	0	0	0	0	0	0	0	0	0	0	0	0	0	0	0	0	0	0	0	3	0	3	0	0	0	0	0	0	0	0	0	0	0	0	0	0	0	0	0	0	0	0	0	0	0	0	0	0	0	0	0	0	0	0	0	3	0	0	0	0	0	0	0	0	0	3	0	0	0	0	3	0	0	0	0	0	0	0	0	0	0	0	0	0	0	3	0	0	0	0	0	0	3	0	0	0	0	0	0	0	0	0	0	0	3	0	0	0	0	0	0	0	0	0	3	0	0	0	0	0	0	0	0	0	0	0	3	0	0	0	0	0	0	0	6	3	0	0	0	0	0	0	0	0	0	0	0	0	0	0	0	0	3	0	0	0	0	0	0	0	0	0	5	3	0	0	0	0	0	0	0	0	0	0	0	3	0	0	0	0	0	0	0	0	0	0	3	0	0	0	3	0	5	0	5	0	0	0	3	0	0	0	0	0	0	0	0	0	0	0	0	0	0	0	3	0	0	0	0	0	0	3	0	3	0	0	0	0	0	0	3	0	0	0	0	0	0	3	0	0	0	0	0	8	0	0	0	0	0	0	0	0	0	0	0	3	0	0	0	0	0	0	0	3	0	0	0	0	0	3	0	0	0	0	0	0	0	0	0	3	0	5	0	3	0	0	0	0	3	0	0	0	0	0	3	0	0	0	0	0	0	3	0	0	0	3	0	0	0	0	0	0	0	0	0	0	0	0	0	0	0	0	0	0	0	3	0	0	0	0	0	0	0	0	0	0	0	0	0	0	0	0	0	0	0	0	0	0	0	3	0	0	3	0	0	0	0	0	0	0	0	0	0	0	0	3	0	0	0	0	0	0	6	0	0	0	0	0	0	0	0	0	3	0	0	0	0	0	0	3	0	0	0	3	0	0	0	3	3	0	0	0	0	0	0	0	0	0	0	5	0	0	0	0	0	0	0	3	0	0	0	0	5	3	0	0	0	0	0	3	0	0	0	0	3	3	0	3	0	3	0	0	0	0	0	3	8	0	0	0	0	0	0	0	0	0	3	0	0	0	0	3	0	0	0	0	0	0	0	0	0	0	0	0	0	0	0	0	0	0	0	0	0	0	0	0	0	0	0	0	0	0	0	3	0	0	0	0	5	0	5	0	0	0	0	0	0	0	3	0	3	0	0	0	0	0	0	0	0	0	3	0	0	0	0	3	0	0	0	0	0	3	0	0	3	0	0	0	3	0	0	0	0	0	0	0	0	0	0	0	3	0	0	0	0	0	0	3	0	0	3	0	0	0	0	0	0	0	0	0	0	0	0	0	0	0	3	0	0	0	0	3	0	0	3	0	0	0	0	0	0	0	0	0	0	0	0	0	0	0	0	0	3	0	0	0	0	0	0	0	0	0	0	0	0	0	5	3	3	0	0	0	3	0	0	0	0	0	0	0	3	0	0	0	0	0	0	0	5	0	0	0	3	5	0	0	0	0	3	0	0	0	0	0	0	0	0	3	0	5	0	0	0	0	0	0	3	0	0	0	0	0	0	0	0	0	0	0	0	3	0	0	0	0	0	3	0	0	3	0	0	0	0	0	0	0	0	0	0	0	0	0	0	0	0	0	0	0	0	0	0	0	0	0	0	0	0	8	0	0	0	0	0	0	0	0	0	0	0	0	0	0	0	5	0	0	0	3	0	0	0	0	0	0	0	0	0	0	0	0	0	0	0	0	0	0	0	0	0	0	0	0	0	0	0	0	0	0	0	0	0	0	0	0	0	3	0	0	0	0	0	0	0	0	0	0	0	0	0	0	3	0	0	0	3	0	0	0	0	0	0	8	0	0	0	0	0	0	0	0	0	0	0	0	0	0	0	0	0	0	0	0	0	0	0	0	3	0	0	0	0	0	0	0	0	0	0	0	0	0	0	0	3	0	0	5	0	0	0	0	8	0	0	0	0	0	0	0	3	0	6	3	0	0	0	0	0	0	0	0	0	0	0	0	0	0	0	0	0	0	0	3	0	0	0	0	0	3	0	0	0	0	0	0	0	0	0	0	0	0	0	0	0	0	3	0	0	0	0	0	5	0	0	0	0	5	0	0	0	0	0	0	3	5	0	3	0	0	0	0	3	0	0	0	3	0	0	0
2024.52664874832	0	0	0	0	0	0	0	3	8	0	0	0	0	3	0	0	0	0	0	3	0	0	0	0	0	0	0	3	0	0	0	0	0	5	0	0	0	6	3	0	0	5	0	0	0	0	0	0	0	0	3	0	0	0	0	0	0	0	0	0	0	3	0	0	0	0	0	0	0	3	0	0	0	0	0	0	0	3	0	3	0	3	0	3	0	0	0	0	0	0	0	0	0	0	0	3	0	0	0	0	0	0	0	0	3	0	0	0	0	0	0	0	0	0	0	0	0	3	0	0	0	0	0	0	0	0	0	0	0	0	0	0	6	0	0	0	0	3	0	0	0	0	0	0	0	0	0	3	0	0	0	0	0	0	3	0	0	0	3	3	3	0	0	0	0	0	3	0	0	0	3	0	0	0	0	0	3	3	0	0	0	0	0	0	0	0	0	0	3	0	0	0	0	0	3	0	6	3	0	0	0	0	0	0	0	0	0	0	0	0	0	0	0	0	3	0	0	0	0	0	0	0	3	0	3	3	0	3	0	0	0	0	0	0	0	0	0	3	0	0	0	0	0	0	0	0	0	0	0	0	0	0	3	0	3	0	3	3	0	0	0	0	0	0	0	0	0	0	0	0	0	0	0	0	0	0	0	0	0	3	0	6	0	3	3	0	0	0	0	0	0	0	3	0	0	0	0	0	0	3	0	0	0	0	0	8	3	0	0	0	0	0	0	0	0	0	0	3	0	0	3	0	0	0	0	0	0	0	0	0	0	0	0	0	0	0	0	0	0	0	3	3	0	3	0	3	0	0	0	0	0	0	0	0	0	0	5	0	0	0	0	0	3	3	0	0	0	3	0	3	0	0	0	0	3	0	0	0	0	0	0	0	0	0	0	0	0	3	0	0	0	0	0	0	0	0	0	0	0	0	0	0	0	3	0	0	0	0	0	0	0	0	0	0	3	0	0	0	0	0	0	0	0	0	0	0	3	0	0	0	0	0	0	0	0	0	0	3	0	0	0	0	3	0	3	0	0	0	0	0	0	3	0	0	0	3	0	0	0	0	0	0	3	0	0	0	0	0	0	0	0	5	0	0	0	0	0	0	0	5	0	0	0	0	3	0	0	0	0	0	0	0	0	0	0	0	3	3	6	3	0	3	0	0	0	0	0	3	3	0	0	0	3	0	0	0	0	0	3	0	0	0	0	3	0	0	0	0	0	0	3	0	0	0	0	0	0	0	0	0	0	0	0	0	0	0	0	0	3	0	0	0	0	3	0	3	3	0	0	0	5	0	5	3	0	0	0	3	0	0	0	0	0	0	0	0	0	3	0	3	0	0	3	0	0	3	0	3	0	0	0	0	0	3	0	0	3	0	0	0	0	0	0	0	0	0	0	0	0	0	0	0	3	0	0	0	0	0	0	3	0	0	3	3	0	0	0	0	0	3	0	0	0	0	0	0	0	0	0	0	0	3	0	3	0	0	0	0	0	0	0	0	0	0	0	0	0	0	0	0	0	0	0	0	3	0	0	0	3	0	0	0	0	6	0	0	0	0	3	3	3	0	0	0	3	0	0	0	0	0	0	0	3	0	0	0	0	0	0	0	3	0	0	0	3	3	0	0	0	0	3	0	0	0	0	0	0	0	0	0	0	5	0	0	0	0	0	3	0	0	0	3	0	0	0	0	0	0	0	0	0	5	0	0	0	3	0	3	0	0	3	0	0	0	0	0	0	0	0	0	0	3	0	0	0	0	0	0	0	0	0	0	0	0	0	0	0	0	0	5	0	0	0	0	0	0	0	0	0	3	0	0	0	0	0	3	0	0	0	3	0	0	0	0	0	3	0	0	0	0	0	0	0	0	0	0	0	0	0	0	3	0	0	0	0	0	0	0	0	0	0	0	0	0	0	0	0	3	0	0	0	0	0	3	0	5	0	0	0	0	0	0	0	0	0	0	3	0	0	0	0	0	0	8	0	0	0	0	0	0	0	0	0	0	0	0	0	0	0	0	0	0	0	0	0	0	0	0	3	0	0	0	0	0	0	0	0	0	0	0	0	0	0	0	0	0	0	5	0	0	0	0	8	0	0	0	0	0	0	0	3	0	8	3	0	0	3	6	0	0	0	0	0	0	0	3	0	0	0	0	0	0	0	3	0	3	0	0	0	3	0	0	0	0	0	0	0	0	0	3	0	3	0	0	0	0	6	0	0	0	0	0	3	0	0	0	0	5	0	0	0	0	0	0	3	5	0	3	0	0	0	0	0	0	0	0	3	0	0	0
2024.5438741881	0	0	0	0	0	5	0	0	5	0	0	0	0	5	0	0	0	0	0	3	0	0	0	0	0	0	0	5	0	3	0	0	0	3	0	0	0	3	0	0	0	5	0	0	0	0	0	0	0	0	0	0	0	0	3	0	0	0	0	0	0	0	0	0	0	0	0	0	0	3	0	0	0	0	0	0	6	3	0	5	3	3	0	3	0	0	0	0	0	0	0	0	0	0	0	3	0	0	0	3	0	3	0	0	3	0	0	0	3	0	0	0	0	0	3	0	0	3	0	0	0	0	0	0	0	0	0	0	0	0	0	0	6	0	3	0	0	3	0	0	0	0	0	0	0	0	0	3	0	0	0	0	3	0	3	0	0	0	3	3	3	0	0	0	0	0	0	0	0	0	3	0	0	0	0	0	0	3	0	3	0	0	0	0	0	0	0	6	0	0	0	0	3	0	3	0	3	0	0	0	0	0	0	0	0	0	3	0	0	0	0	0	0	3	0	0	0	0	0	0	0	0	3	0	3	0	0	3	3	0	3	0	0	0	0	0	0	5	0	0	0	0	0	0	0	0	0	0	0	0	0	3	0	0	0	0	0	3	0	0	3	0	0	0	0	0	0	0	0	0	0	0	0	0	0	0	0	0	0	3	0	6	0	3	3	0	0	0	0	3	3	3	3	0	0	0	0	0	5	3	0	3	0	0	0	6	3	0	0	0	0	0	0	0	3	0	0	0	0	0	5	0	0	0	3	0	0	0	0	0	0	0	0	0	0	3	0	0	0	3	3	0	0	3	0	0	0	0	0	0	3	6	3	0	3	0	3	3	0	0	0	0	5	3	0	0	3	3	0	5	0	0	0	0	3	0	0	0	0	0	0	0	3	0	0	0	0	3	0	0	0	0	0	0	0	3	0	0	0	0	0	0	3	5	0	3	0	0	0	0	0	0	0	0	5	0	0	0	0	0	0	0	0	5	3	0	5	3	0	0	0	0	0	0	3	0	0	3	0	0	0	0	3	0	0	0	0	0	0	0	0	0	0	0	0	3	0	0	0	0	3	0	3	0	0	0	0	0	0	0	0	0	0	0	0	0	0	0	0	3	0	0	3	0	0	0	0	0	0	0	0	0	3	0	0	0	3	0	6	0	0	0	0	0	0	0	0	3	3	0	0	0	3	0	0	0	0	0	0	0	0	0	0	6	0	0	0	0	0	0	5	0	0	0	0	0	0	0	0	0	0	0	0	0	0	0	0	0	3	0	0	0	0	5	0	3	3	0	0	0	5	0	0	5	0	0	0	3	0	0	0	0	0	0	0	0	0	5	0	3	0	0	3	0	0	5	3	0	0	0	0	0	0	0	0	0	3	0	0	0	0	0	0	0	0	0	0	0	0	0	0	0	3	0	0	0	0	0	0	0	0	0	3	5	0	0	0	0	0	3	0	0	0	0	0	0	0	0	0	0	0	3	0	0	0	0	0	0	0	0	3	0	0	0	0	0	0	0	0	0	0	0	0	0	5	0	0	0	5	0	0	0	0	6	0	0	0	0	0	0	5	0	0	0	0	0	0	0	0	0	0	0	0	0	0	0	0	0	0	0	3	6	0	0	0	3	0	0	0	0	3	0	0	0	0	3	0	0	0	3	0	0	3	0	0	0	0	3	0	0	0	3	0	0	0	0	0	0	0	0	0	3	0	0	0	3	0	3	3	0	3	0	0	0	0	0	0	0	0	0	0	3	0	0	0	0	0	0	0	0	0	0	0	0	0	0	0	0	0	3	0	0	0	3	0	0	0	0	0	3	0	0	0	0	0	0	5	0	0	3	0	0	0	0	0	5	0	0	0	0	0	0	0	0	0	0	0	0	0	0	5	0	0	3	0	0	0	0	0	0	0	0	0	0	0	0	0	3	0	0	0	0	3	6	0	5	0	0	0	0	0	0	0	0	0	0	3	0	0	0	0	0	0	6	0	3	0	0	0	0	0	3	0	0	3	0	0	0	0	0	0	0	0	0	0	0	0	0	3	0	0	0	0	0	0	0	0	0	0	0	0	0	0	0	3	0	0	0	0	0	0	0	6	0	0	0	0	0	0	0	0	0	3	0	0	0	3	6	0	0	0	0	0	0	0	5	0	0	0	0	0	0	0	0	0	5	0	0	5	0	3	0	0	0	0	0	6	0	0	3	0	3	0	0	0	3	6	0	0	0	0	0	3	0	0	0	0	0	0	0	0	0	0	0	3	3	3	3	0	0	0	0	0	0	3	0	0	0	0	0
2024.56109962787	0	0	0	0	0	5	0	0	0	0	0	0	0	5	0	0	0	0	0	0	0	0	0	0	0	0	0	3	0	3	0	0	0	0	0	0	0	3	0	0	0	3	0	0	0	0	0	0	0	0	0	0	0	0	3	0	0	0	0	0	0	0	0	0	0	0	0	0	0	3	0	0	0	0	0	0	6	0	0	5	5	0	0	0	0	0	0	0	0	0	0	0	0	0	0	3	0	0	0	3	0	3	0	0	3	0	0	0	3	0	0	0	0	0	6	0	0	3	3	0	0	0	0	0	0	0	0	0	0	0	0	0	6	0	3	0	0	0	0	0	0	0	0	0	0	0	0	3	0	0	0	0	5	0	0	0	0	0	0	3	0	0	0	0	0	5	0	0	0	0	0	3	0	0	0	0	0	3	0	3	0	0	0	0	0	0	0	6	0	0	0	0	3	0	3	0	0	0	0	0	0	0	0	0	0	0	3	0	0	0	0	0	0	3	0	3	0	0	0	3	0	0	3	0	0	0	0	0	3	0	3	0	0	0	0	0	0	3	3	0	0	0	0	0	0	0	0	0	0	0	0	5	0	0	0	0	0	0	0	0	5	0	0	0	0	0	0	0	0	0	0	0	0	0	3	0	0	0	0	3	0	3	0	3	5	0	0	0	0	3	3	3	0	0	0	0	3	0	5	0	3	5	0	0	0	0	0	0	0	0	0	0	0	3	3	0	0	0	0	0	5	0	0	0	5	0	0	0	0	0	0	0	0	0	0	5	0	0	0	3	3	0	0	3	0	0	0	0	0	0	5	6	5	0	8	0	0	3	0	0	0	0	3	3	0	0	5	3	0	5	5	0	0	0	3	0	0	0	0	0	0	0	3	0	0	0	0	3	0	0	0	0	0	3	0	3	0	0	0	0	0	0	5	3	0	3	0	0	0	0	0	0	0	3	3	0	0	0	0	0	0	3	0	5	3	3	5	5	0	0	3	0	0	0	3	0	0	3	0	0	5	0	0	0	0	0	0	0	0	0	0	0	0	0	0	0	0	0	0	0	6	0	0	0	0	0	0	0	0	0	0	0	0	0	0	0	0	0	0	0	0	0	3	0	0	3	0	0	0	0	0	0	5	0	0	0	3	0	3	0	0	0	0	0	3	0	0	0	0	0	0	0	5	0	0	0	0	0	0	0	0	0	0	3	0	0	0	0	0	0	3	3	0	0	0	0	0	0	0	0	0	0	0	0	0	0	0	0	3	0	0	0	0	3	0	3	0	0	0	3	3	0	3	5	5	0	0	8	0	0	3	0	0	0	0	0	0	3	3	0	0	0	0	3	0	5	6	0	0	0	0	0	3	0	0	0	3	0	0	0	0	0	0	0	0	0	0	0	0	0	0	0	0	0	0	0	0	0	0	0	0	0	0	3	0	0	0	0	0	3	0	0	0	0	0	0	0	0	0	0	0	0	0	0	0	0	0	0	0	0	3	3	0	0	0	0	0	0	0	0	0	0	0	0	3	0	0	0	3	0	3	0	0	0	0	0	0	0	0	0	3	0	0	0	0	0	0	0	0	0	0	0	0	0	0	0	0	0	0	0	0	6	3	0	0	0	0	0	0	0	3	3	0	0	0	5	0	0	0	3	0	0	3	0	0	0	0	0	0	0	0	0	0	0	0	3	0	0	0	0	0	0	0	0	0	3	0	0	3	5	0	0	3	0	0	0	0	0	0	0	0	0	0	0	0	0	0	0	0	3	0	0	0	0	0	0	0	0	0	0	0	0	3	3	0	0	0	0	0	0	0	0	0	0	0	0	5	0	0	6	0	0	0	0	0	5	0	0	0	0	0	5	3	0	0	0	0	0	0	0	5	0	0	8	0	0	0	0	0	0	0	0	0	0	3	0	0	0	0	0	0	0	5	6	0	5	0	0	0	0	0	0	0	0	0	0	0	0	0	0	0	0	0	0	0	5	0	0	0	0	0	3	0	0	3	0	0	0	5	0	0	0	0	0	0	0	0	0	0	0	0	0	0	0	0	0	0	0	0	0	0	0	0	0	6	0	0	0	0	0	0	0	0	0	0	0	0	0	0	0	0	0	3	0	0	0	3	0	0	0	0	0	0	0	0	5	0	0	0	0	0	0	0	0	0	3	0	0	5	0	6	0	0	0	0	0	6	0	0	0	0	0	0	0	0	3	6	0	0	0	0	0	0	0	3	0	0	0	0	0	0	5	0	0	3	0	6	0	0	0	0	0	0	0	3	0	0	0	0	0
2024.57832506764	0	0	0	0	0	3	0	0	0	0	0	0	0	3	3	0	0	0	0	0	0	0	0	0	0	0	0	3	0	0	0	0	0	0	0	0	3	0	3	0	0	0	0	0	0	0	0	3	0	0	0	0	0	0	0	0	0	0	0	0	0	0	0	0	0	0	0	0	0	0	0	0	0	0	0	0	3	0	0	0	3	3	3	0	0	0	0	0	0	0	3	0	0	0	0	3	0	0	0	3	0	0	0	0	0	0	0	0	0	0	0	0	0	0	8	0	0	3	3	0	0	0	0	0	0	0	0	0	0	0	0	3	0	0	3	0	0	0	3	0	0	3	0	0	0	0	0	0	0	0	0	0	5	0	3	0	0	0	0	0	0	0	0	3	0	5	0	3	0	0	0	3	0	0	0	0	0	0	0	0	0	0	3	0	0	0	0	3	0	0	0	0	5	0	3	0	0	0	6	0	0	0	0	0	0	0	0	0	0	0	0	0	0	0	0	3	0	0	3	3	0	3	0	0	3	0	0	0	0	0	0	0	0	0	0	0	0	0	3	0	0	0	0	0	0	0	0	0	0	0	0	3	0	0	0	0	3	0	0	0	5	0	0	0	0	0	0	0	0	0	0	0	0	0	3	0	0	0	0	0	3	3	0	3	3	0	0	0	0	5	3	3	3	3	0	0	5	0	3	0	3	3	0	0	0	0	0	0	0	0	0	0	0	3	0	3	0	0	0	0	0	0	0	0	3	0	0	0	0	0	0	0	0	0	0	3	0	3	0	0	0	0	0	0	0	0	0	0	0	0	5	6	3	0	5	0	0	0	0	0	0	0	0	3	0	0	3	0	0	0	5	0	0	0	0	0	0	0	0	5	0	3	5	0	0	0	0	3	0	0	0	0	0	5	0	3	0	0	0	0	0	0	3	0	0	0	0	0	0	0	0	0	0	3	3	0	0	0	0	0	0	3	0	3	0	3	0	5	0	0	5	0	0	0	0	0	0	0	0	0	5	0	3	0	0	0	0	0	0	3	0	0	3	0	0	0	0	0	0	0	6	3	3	3	0	0	0	0	0	0	0	3	3	0	0	0	0	0	0	0	0	0	0	0	3	3	3	0	0	0	0	0	3	0	0	0	3	0	3	0	0	0	0	0	3	0	0	0	0	0	0	0	3	0	0	0	0	0	0	0	0	0	0	3	0	0	0	0	0	0	3	3	0	0	0	0	0	0	0	0	0	0	3	0	0	0	0	0	0	3	0	0	0	3	0	0	0	0	0	3	3	0	3	3	5	0	0	6	3	0	3	0	0	0	3	0	0	3	3	0	0	0	0	3	0	0	3	0	0	0	0	0	3	0	0	0	0	0	0	0	0	5	0	0	0	0	0	0	0	0	0	0	0	0	0	0	0	0	0	0	0	0	0	3	0	0	0	0	0	0	0	0	0	0	0	0	0	0	0	0	0	0	0	0	0	0	0	0	0	0	5	3	3	0	3	0	0	0	0	0	0	0	0	0	3	0	0	0	0	0	3	0	0	0	0	0	0	0	0	0	3	0	0	0	0	0	0	0	0	0	0	0	0	0	0	0	0	0	3	0	3	3	3	0	0	0	0	0	0	0	3	3	0	0	0	3	0	0	0	3	0	0	3	0	0	0	0	0	0	0	0	0	0	0	0	3	0	0	0	0	0	0	0	0	0	0	0	0	0	5	0	0	3	0	0	0	0	0	0	0	0	0	0	0	0	0	0	0	0	3	0	0	0	0	0	0	0	0	0	0	0	0	5	3	0	0	0	0	0	3	3	3	3	0	0	0	3	3	0	3	0	0	0	3	0	0	0	0	0	0	0	5	3	0	0	0	0	0	0	0	3	0	0	5	0	0	0	0	0	0	0	0	0	0	5	0	0	3	0	0	0	0	3	0	0	0	0	0	0	0	0	0	0	0	0	0	0	3	0	0	0	0	0	0	0	3	0	3	0	0	0	3	0	0	3	0	0	0	5	0	0	0	0	0	0	0	0	0	0	0	0	0	0	0	0	0	0	3	0	0	0	0	3	0	6	0	0	0	0	0	0	0	0	0	0	0	0	0	0	0	0	0	0	0	0	0	0	0	0	0	3	3	0	0	0	0	0	0	0	0	0	0	0	0	0	0	0	0	3	0	3	0	0	0	3	0	3	0	0	0	0	0	0	0	0	3	0	0	3	0	0	0	0	0	3	0	0	0	0	0	0	5	0	0	0	0	3	0	0	0	0	0	0	0	3	0	0	0	0	0
2024.59555050741	0	0	0	0	0	0	0	0	0	3	0	5	0	0	3	0	0	0	0	3	0	0	0	0	0	0	0	0	0	0	0	0	0	0	0	0	3	0	3	0	0	0	0	0	0	0	0	3	0	0	0	0	0	0	0	0	0	0	3	0	0	0	0	0	0	0	0	0	0	3	0	0	0	0	0	0	0	0	0	0	0	3	3	3	0	6	0	0	0	0	6	0	0	3	0	3	0	0	0	0	0	0	5	0	0	0	0	0	0	0	0	0	0	0	6	0	0	0	5	0	0	0	0	0	0	0	0	0	0	0	0	3	0	0	0	0	0	0	3	0	3	3	0	0	0	0	0	0	0	0	0	0	3	0	3	0	0	0	0	0	0	0	3	3	0	0	0	3	0	0	0	0	0	3	0	0	0	0	0	3	0	0	3	0	0	6	0	0	0	0	0	0	3	0	3	0	0	0	6	0	0	0	0	3	0	0	0	0	0	0	3	0	0	0	0	0	0	0	5	3	0	3	0	0	3	0	0	0	0	0	0	0	0	3	0	0	0	0	0	3	0	0	0	0	0	3	0	0	0	0	0	3	0	0	0	0	3	0	0	0	0	0	0	0	0	0	0	0	0	0	0	0	0	0	0	0	0	0	0	0	3	3	0	0	3	0	3	0	0	3	0	0	3	6	0	0	5	0	0	0	3	3	0	0	0	0	0	0	0	0	0	0	0	3	3	3	0	0	0	0	0	0	0	0	3	0	0	0	0	0	0	0	0	0	0	3	0	6	0	0	0	0	0	0	0	0	0	0	0	0	0	0	3	0	3	0	0	0	0	0	0	0	0	0	0	0	3	0	0	0	0	0	0	0	0	0	0	0	3	5	0	5	3	0	0	0	0	0	0	0	0	3	0	3	0	0	0	0	0	0	0	0	0	0	0	3	3	0	5	0	0	0	0	3	3	0	3	0	0	0	0	0	0	0	0	0	0	0	0	0	3	0	0	0	0	3	0	0	0	0	0	0	3	0	0	0	0	0	0	5	0	0	3	0	0	0	0	3	0	3	3	3	3	3	0	0	0	0	0	0	0	3	3	0	0	0	0	0	5	0	0	0	0	0	3	0	6	0	0	0	0	0	3	0	0	0	0	0	3	0	0	0	0	0	0	0	0	3	0	0	5	0	3	0	0	0	0	0	0	3	0	0	0	3	0	5	0	0	0	0	0	0	0	0	0	3	3	0	0	0	0	0	3	0	0	0	0	0	3	3	0	0	0	0	0	0	0	0	0	5	0	0	0	0	0	0	0	0	3	0	0	0	0	0	3	0	0	0	0	0	0	0	3	0	0	0	0	0	0	0	0	0	0	0	0	0	0	0	0	0	0	5	0	0	0	0	0	0	0	0	0	0	3	0	0	0	0	0	0	0	0	0	0	0	0	0	0	0	0	0	0	0	0	0	0	0	0	0	0	0	0	0	0	0	0	0	0	0	3	0	3	0	3	0	5	0	3	0	0	0	0	0	0	0	3	0	0	0	0	0	3	0	0	0	3	0	0	0	0	0	3	0	0	0	0	0	0	0	0	0	0	0	0	0	0	0	0	0	3	0	3	0	0	3	0	0	0	0	0	0	0	5	0	0	0	3	0	0	0	0	0	0	0	0	0	0	0	0	0	3	0	0	0	0	0	0	0	3	0	0	0	0	0	0	0	3	0	0	3	0	6	0	3	0	0	0	0	0	0	0	0	0	0	0	0	5	0	0	0	0	0	0	0	0	0	0	0	0	0	0	0	0	3	0	0	0	0	0	0	3	5	3	3	0	0	0	0	5	0	3	0	0	0	3	0	0	0	0	3	0	0	0	3	0	0	0	0	0	0	5	0	0	0	3	3	0	0	0	0	0	0	3	0	0	3	0	0	3	0	0	0	3	3	3	3	0	0	0	6	0	0	0	0	0	0	0	0	3	0	0	0	0	0	0	3	3	0	3	5	0	0	3	0	0	3	0	3	0	3	0	0	0	0	0	0	0	0	0	0	0	0	0	0	0	0	0	0	3	0	0	0	0	3	0	3	0	0	0	0	0	0	0	0	0	0	0	0	0	0	0	0	0	0	0	0	0	3	0	0	0	3	3	0	0	0	0	0	0	3	0	0	0	0	0	0	0	0	0	0	0	0	0	0	3	3	0	0	0	0	0	0	0	0	0	0	3	0	0	3	0	0	0	0	0	3	0	0	0	0	0	0	0	0	0	0	0	0	0	3	0	0	0	0	0	3	0	0	0	0	0
2024.61277594718	0	0	0	0	0	0	0	0	0	3	0	5	0	0	0	0	3	0	0	3	0	0	0	0	0	0	0	0	0	0	0	0	3	0	0	0	3	0	3	0	0	0	0	0	0	0	0	3	0	0	0	0	0	0	0	0	0	0	3	0	0	0	0	0	0	0	3	0	0	6	0	0	0	0	0	0	0	0	0	0	0	0	3	3	0	8	0	0	0	0	6	0	0	3	0	3	0	0	3	0	0	0	5	0	0	0	0	0	0	0	0	0	0	0	0	0	0	0	3	0	3	0	0	0	0	0	0	3	0	0	0	3	0	0	0	0	0	0	3	0	5	3	0	0	0	0	0	0	0	0	0	0	0	0	0	0	0	0	0	0	0	0	3	3	0	0	0	0	0	0	0	0	0	3	0	0	0	0	0	3	0	0	3	0	0	8	0	0	0	0	0	0	3	0	0	0	0	0	3	0	0	0	0	3	3	0	0	0	0	0	3	0	0	0	0	0	0	0	3	3	0	3	0	0	3	0	0	0	0	0	3	0	0	3	0	0	0	0	0	3	3	0	0	0	0	3	0	0	0	0	0	0	0	0	0	0	3	0	0	0	0	0	0	0	0	0	0	0	0	0	0	0	0	0	0	0	3	0	0	0	0	0	0	0	3	0	5	0	0	3	0	0	0	6	0	0	0	0	0	0	0	0	0	0	0	0	0	0	3	0	0	0	0	0	3	3	0	0	0	0	0	0	0	0	0	0	0	0	0	0	0	0	0	0	0	0	0	8	0	0	0	0	0	0	0	0	0	0	0	0	0	0	0	0	0	0	0	0	0	0	0	0	3	0	3	0	0	0	0	0	0	0	0	0	0	0	0	0	3	3	0	8	3	3	0	0	0	0	0	0	0	3	0	0	0	0	0	0	0	0	0	0	0	3	0	6	3	0	5	0	0	3	3	3	3	0	5	0	0	0	0	3	0	0	0	0	0	0	0	0	3	0	0	0	0	3	0	0	0	0	0	0	0	0	0	0	0	0	0	8	0	0	0	0	0	0	0	8	0	3	0	3	0	3	0	0	0	3	0	0	0	0	3	0	0	0	0	0	5	3	0	0	0	0	3	0	6	0	0	0	0	0	0	0	0	0	0	0	0	0	0	0	0	0	0	0	0	3	0	0	5	0	0	0	0	0	0	0	0	3	0	0	0	3	0	5	0	0	0	0	0	3	0	0	0	3	3	0	0	0	0	0	0	0	0	0	0	0	5	0	0	0	0	0	0	0	0	0	0	3	0	0	0	0	0	0	0	0	3	0	0	0	0	0	0	0	0	0	0	0	0	3	3	0	0	0	3	0	0	0	0	0	0	0	3	3	0	0	0	0	0	3	0	0	0	0	0	0	0	0	0	0	3	0	0	0	0	0	0	0	0	0	3	0	0	0	0	0	0	0	0	0	0	0	0	0	3	0	0	0	0	0	0	0	0	0	0	0	3	0	3	0	0	0	5	0	3	0	0	0	0	0	5	0	3	0	0	0	0	0	0	0	0	0	5	0	0	0	0	0	3	0	0	0	0	0	0	0	3	0	0	0	0	0	0	0	0	0	3	0	3	0	0	3	0	0	0	0	0	0	0	3	0	0	0	0	0	0	0	0	3	0	0	0	0	0	0	0	0	5	0	0	0	0	0	0	0	3	0	0	0	3	0	0	0	5	0	0	6	0	6	0	3	0	0	3	0	0	0	0	0	0	3	0	3	5	0	0	0	0	0	3	0	0	0	0	0	0	0	0	0	0	3	0	0	0	0	0	3	0	5	3	3	3	0	0	0	5	0	0	0	0	0	5	0	0	0	0	3	0	0	0	0	0	0	0	0	0	0	5	0	0	0	0	3	0	0	0	0	0	0	3	0	0	0	0	0	0	0	0	3	3	0	3	5	0	0	3	8	0	0	0	3	0	0	0	0	3	0	0	0	0	0	0	3	0	0	0	5	0	3	3	0	0	0	0	3	0	0	0	0	0	0	0	0	0	0	0	0	0	0	0	0	0	0	0	0	0	0	0	0	0	0	0	0	0	0	0	0	0	0	0	0	0	0	0	0	0	0	0	0	0	0	0	0	0	6	0	0	0	3	3	0	0	0	0	0	0	3	3	0	0	0	0	0	3	0	0	0	0	3	0	0	3	0	0	0	0	0	0	0	0	0	0	0	0	0	0	3	0	0	0	0	0	0	0	0	0	0	0	0	0	0	0	0	0	3	0	3	0	3	0	0	0	3	3	0	0	0	0
2024.63000138695	0	0	0	3	0	0	0	0	0	3	0	3	0	0	3	0	3	0	0	3	0	0	0	0	0	0	0	0	3	0	0	0	3	0	0	0	3	0	0	0	0	0	0	0	0	0	0	0	0	0	0	0	0	0	3	0	0	0	5	0	0	0	0	0	0	0	3	0	0	3	0	5	0	0	3	0	0	0	0	0	0	0	3	3	0	8	0	0	0	0	3	0	0	3	0	0	0	0	3	0	0	0	3	0	0	0	0	0	0	0	0	0	0	0	0	0	0	0	0	0	3	0	0	0	0	0	0	6	0	0	0	0	0	0	0	0	0	0	0	0	5	3	0	0	0	3	3	3	0	0	0	0	0	0	0	0	0	0	0	0	0	0	0	0	0	0	0	0	0	0	0	0	0	5	0	0	3	0	0	0	3	0	0	0	3	8	0	0	0	0	0	0	3	0	0	0	0	0	0	0	0	0	0	0	3	0	3	0	3	0	0	0	0	0	0	0	0	3	3	3	0	0	0	0	0	3	0	0	3	0	3	0	0	5	0	0	0	0	0	3	3	0	0	0	0	3	0	0	0	0	0	0	0	0	0	0	0	0	0	3	0	0	0	0	0	0	0	0	0	3	0	0	0	0	0	0	3	0	5	0	3	0	0	0	3	0	3	0	3	0	0	0	0	3	0	0	0	0	3	0	0	0	0	0	0	0	0	5	5	0	0	0	3	0	0	0	0	0	0	5	0	0	0	0	0	0	0	0	0	0	0	0	0	0	0	0	0	3	0	0	0	0	0	0	0	0	0	0	0	0	0	0	0	0	0	0	0	0	3	0	0	3	3	0	3	0	0	3	0	0	0	0	0	0	0	0	0	3	3	0	0	6	0	3	0	0	0	0	0	0	0	5	0	0	0	0	0	0	0	0	0	0	0	3	0	3	0	0	3	0	0	6	5	3	0	3	3	0	0	0	0	3	0	3	0	0	0	0	0	0	0	0	0	0	0	0	0	0	0	0	0	0	0	0	0	0	0	0	0	6	0	3	5	0	0	0	3	8	0	0	0	0	0	0	0	0	0	3	0	0	0	0	0	0	0	0	0	0	0	3	0	0	0	0	0	0	3	0	0	0	0	0	0	0	0	0	0	0	0	0	0	0	0	0	0	0	0	0	0	0	3	0	0	0	0	0	0	0	0	3	0	0	0	0	0	0	0	0	0	0	0	3	0	0	0	3	3	0	0	0	0	0	0	0	0	0	0	0	3	0	0	0	0	0	0	0	0	0	0	0	0	0	0	0	0	0	0	0	0	0	0	0	0	0	3	0	0	0	0	0	0	3	0	0	0	0	3	0	0	0	0	0	0	0	3	5	3	0	0	0	0	0	0	0	0	0	0	3	0	0	0	0	3	0	0	0	0	0	0	0	0	0	3	0	0	0	5	0	0	3	0	0	0	0	0	0	3	0	0	0	0	0	5	0	0	0	0	0	0	0	0	0	0	0	3	0	0	0	0	0	0	0	8	0	0	0	0	0	0	0	0	0	3	0	3	0	0	0	0	3	0	0	0	0	0	3	0	0	3	0	0	0	3	0	0	0	0	0	3	0	0	0	0	0	0	0	0	0	0	0	0	0	0	0	0	0	0	0	0	0	3	0	0	0	0	0	0	0	0	3	3	0	0	0	0	0	0	5	0	0	0	3	0	0	0	3	0	0	3	0	3	0	3	0	0	5	0	0	0	0	3	0	3	0	3	3	0	0	0	0	0	3	0	0	0	0	0	3	0	0	0	0	0	0	0	0	0	0	5	0	0	3	3	3	0	0	0	0	0	0	0	0	0	3	0	0	0	0	5	0	3	0	0	0	0	0	0	0	0	3	0	0	0	0	0	0	0	0	0	0	0	3	0	0	0	0	0	0	0	0	3	5	0	0	3	0	0	5	8	0	0	0	3	3	0	0	0	3	0	0	0	0	0	0	3	0	0	0	3	0	3	0	0	0	0	0	3	0	0	0	0	0	0	0	0	0	0	0	0	0	0	0	0	0	0	0	0	0	0	0	0	0	3	0	0	0	0	0	0	0	0	0	0	0	0	0	0	0	0	0	0	0	0	0	0	0	3	0	0	0	0	0	0	0	0	0	0	0	0	3	0	0	0	0	5	3	5	0	0	0	3	0	0	0	0	0	0	0	0	0	0	0	0	0	3	0	0	0	0	0	0	0	0	0	0	0	0	0	0	0	0	0	0	0	0	0	3	0	3	0	3	0	3	0	3	3	0	0	0	0
2024.64722682672	0	0	0	3	0	0	0	0	0	0	0	0	0	0	3	0	3	0	0	0	0	0	0	0	0	0	0	0	3	0	0	0	0	0	0	0	3	0	0	0	0	0	0	0	0	0	0	0	0	0	0	0	0	0	3	0	0	0	3	0	0	0	0	0	0	0	0	0	0	0	0	5	0	0	3	0	0	0	0	0	0	0	3	0	0	0	0	0	0	3	3	0	0	0	0	0	0	0	0	0	0	0	0	0	0	0	0	0	0	0	0	0	0	0	0	0	0	0	0	0	0	0	0	0	0	0	0	3	0	0	0	0	0	0	0	0	0	0	0	0	6	3	0	5	0	5	3	3	0	0	0	3	0	0	0	0	3	0	0	0	3	0	0	0	0	0	0	0	0	0	0	0	0	6	0	0	3	0	0	3	3	5	0	0	3	0	0	0	0	0	0	0	3	0	0	0	3	0	0	0	0	0	0	0	0	0	3	0	3	0	0	3	0	0	0	0	0	3	0	0	0	0	0	0	0	3	0	0	3	0	0	0	0	3	5	0	0	0	0	0	0	0	0	0	0	0	0	0	0	0	0	0	0	0	0	0	0	0	0	3	0	0	0	0	0	0	0	0	0	3	0	0	0	0	0	0	3	0	5	0	3	0	0	3	0	0	0	0	3	0	0	0	0	3	0	0	0	0	3	0	0	0	0	0	0	0	0	5	5	0	0	0	3	0	3	0	0	0	0	5	0	0	0	0	0	0	3	0	0	0	0	0	0	0	0	0	0	3	0	0	0	0	3	0	0	0	3	0	0	0	0	0	0	0	0	0	0	0	3	0	0	3	3	0	0	0	0	3	0	0	0	0	0	0	0	0	0	3	3	0	0	0	0	0	0	0	0	3	0	3	0	3	0	0	0	0	0	0	0	0	0	0	0	3	0	0	0	0	0	0	0	3	3	0	0	3	3	0	0	0	0	3	0	3	0	0	0	0	0	0	0	0	0	0	0	0	0	0	0	0	0	0	0	0	0	0	0	0	0	0	0	3	5	0	0	0	3	0	0	0	0	0	0	0	0	0	0	0	0	0	3	0	0	0	0	0	0	0	0	3	0	0	0	0	0	0	3	0	0	0	0	0	3	0	0	0	0	0	0	0	0	0	0	0	0	0	0	0	0	0	0	0	0	0	0	0	0	0	0	0	0	0	0	0	0	0	0	0	0	0	0	3	0	0	0	3	0	0	0	3	0	0	3	0	0	0	0	0	0	0	0	0	0	0	0	0	3	0	0	0	0	3	0	0	0	0	0	0	0	0	0	0	0	0	3	0	5	0	0	0	3	3	0	0	0	0	0	0	0	0	0	0	0	0	3	3	3	0	0	0	0	0	0	0	0	0	0	3	3	0	0	0	0	0	0	0	0	0	0	0	0	0	0	0	0	0	5	0	0	3	0	3	0	0	0	0	0	3	0	0	0	0	5	0	0	0	0	0	0	0	0	0	3	0	0	3	5	0	0	0	0	0	6	0	0	0	0	0	0	3	0	0	3	0	0	0	0	0	0	3	0	0	0	0	0	3	0	0	0	0	0	0	3	3	0	0	0	0	3	0	0	0	0	0	0	0	0	0	0	3	0	0	0	0	0	0	0	0	3	3	0	0	0	0	0	0	0	0	0	0	3	0	0	0	0	0	0	3	0	0	0	3	0	0	0	0	0	0	0	0	0	0	3	0	0	5	0	0	0	0	3	0	0	0	0	0	0	0	0	0	0	0	0	3	0	0	0	3	0	0	0	0	0	0	0	0	0	0	5	0	0	3	3	0	0	0	0	0	0	0	0	0	0	6	0	0	0	0	3	0	3	0	0	0	0	0	0	0	3	0	0	0	0	0	5	0	0	0	0	0	0	0	0	0	0	0	0	0	0	0	3	6	0	0	0	0	0	5	0	3	0	0	0	3	0	0	0	3	0	0	0	0	0	0	0	0	0	3	0	0	0	0	0	0	0	0	0	0	0	0	0	0	0	0	0	0	0	0	0	0	0	0	0	0	0	0	0	3	0	3	0	0	3	0	0	0	0	0	0	0	0	0	0	0	0	3	0	0	0	3	0	0	0	0	0	0	0	0	0	0	0	0	0	0	0	0	0	0	0	0	0	0	0	0	5	3	5	0	0	0	0	0	0	0	0	0	0	0	0	0	0	3	0	0	3	0	0	0	0	0	0	0	0	0	0	0	0	0	3	0	0	0	0	0	0	0	0	0	3	0	0	0	3	0	3	3	0	0	0	0
2024.66445226649	0	3	0	3	0	0	3	0	0	0	0	0	0	0	0	0	6	0	0	0	0	0	0	0	0	0	0	0	3	0	0	0	0	0	0	0	0	0	0	0	0	0	0	0	0	0	0	0	0	0	0	0	0	0	0	0	0	0	3	0	0	0	0	0	0	0	3	0	0	0	0	0	0	0	3	0	0	0	0	0	3	0	0	0	0	0	0	0	0	3	3	0	0	0	0	0	0	0	0	0	0	0	0	0	0	0	0	0	0	0	0	3	0	0	0	0	0	0	0	0	0	0	0	0	0	0	0	0	0	0	0	0	0	3	0	0	0	0	0	0	3	0	0	5	0	3	3	3	0	0	0	3	0	0	0	0	6	0	0	0	3	0	0	0	3	0	0	0	0	0	0	0	0	3	0	0	3	0	0	3	3	8	0	0	3	0	0	0	0	0	0	3	0	0	3	3	3	0	0	0	0	0	0	0	0	0	0	0	3	0	0	3	0	0	0	0	0	0	0	0	0	0	0	0	0	0	0	0	0	0	0	3	0	3	8	0	0	0	0	5	0	0	0	0	0	0	0	0	0	0	0	0	0	0	0	0	0	0	0	0	0	0	0	0	0	0	0	0	0	3	0	0	0	0	0	0	0	0	0	0	3	0	0	3	0	0	0	0	3	0	0	0	0	3	0	0	0	0	0	0	0	0	0	0	3	0	0	0	0	0	0	0	3	0	3	5	0	0	0	0	0	0	0	0	3	0	6	0	0	0	0	0	0	0	0	0	0	0	6	0	0	0	3	0	0	0	3	0	0	0	0	0	0	0	0	0	0	0	3	0	0	3	0	0	0	0	0	3	0	0	0	0	0	0	0	0	0	3	0	0	0	0	0	0	0	0	0	3	0	3	0	0	0	0	0	0	0	0	0	0	0	0	0	0	0	0	0	0	0	0	0	0	0	0	0	0	0	0	0	0	0	3	0	0	0	0	0	0	0	0	0	0	0	0	0	0	0	0	0	0	0	0	0	0	0	0	0	0	0	0	0	0	3	0	0	0	3	0	0	0	0	0	0	0	0	0	0	0	0	0	3	0	0	0	0	0	0	0	0	0	0	0	0	0	0	0	3	3	0	0	0	0	3	0	0	0	0	0	0	0	0	0	0	0	3	0	0	3	0	3	0	0	0	0	3	0	0	0	0	0	0	0	0	0	0	0	0	0	0	0	0	3	0	0	0	3	0	0	3	3	0	3	3	0	0	0	0	0	0	0	0	0	0	0	0	0	3	0	0	0	0	3	0	0	0	0	0	0	0	0	0	0	0	0	3	0	5	0	0	0	3	0	0	0	0	0	0	0	0	3	0	0	0	0	3	0	3	3	0	0	0	0	0	0	0	0	0	0	6	0	0	0	0	0	0	0	3	0	0	0	0	0	0	0	0	0	0	0	0	3	0	6	0	0	0	0	0	3	0	0	0	0	3	0	0	0	0	0	0	0	0	0	3	0	0	3	5	0	0	0	0	0	3	0	0	0	0	0	0	3	0	0	3	0	0	0	0	0	0	3	0	0	0	0	0	3	0	0	0	0	0	0	0	3	0	0	0	0	0	0	0	0	3	0	0	0	0	0	0	3	0	0	0	0	0	0	0	0	3	3	0	0	3	0	0	0	3	0	0	0	3	0	0	3	0	0	0	3	0	0	0	0	0	0	0	0	0	3	0	0	0	0	0	0	0	0	0	0	0	0	0	0	0	0	0	0	0	0	0	0	0	0	0	3	0	0	0	0	0	0	0	0	0	0	0	0	0	0	6	0	0	0	0	0	0	0	0	0	0	0	0	0	0	3	0	0	0	0	0	0	0	0	0	0	0	0	0	0	3	0	0	0	0	0	5	0	0	0	0	0	0	5	0	0	0	0	0	0	0	0	0	3	0	0	0	0	3	0	0	3	0	0	0	3	0	0	0	0	0	0	0	0	0	0	0	0	0	3	0	0	0	0	0	0	0	0	0	0	0	0	0	0	0	0	3	0	0	0	0	0	0	0	3	0	3	0	0	3	0	5	0	0	0	0	0	0	0	0	0	0	0	0	0	0	0	3	0	0	0	3	0	0	0	0	0	0	0	0	0	0	5	5	0	0	0	0	0	0	0	0	0	0	0	0	0	0	3	0	0	0	0	0	0	0	0	0	0	0	0	0	3	3	0	0	3	0	0	0	0	0	0	0	0	0	0	0	3	0	3	0	0	0	0	0	0	0	0	3	0	0	0	0	0	0	0	0	0	0	0	0
2024.68167770626	0	3	0	0	0	0	3	0	0	0	0	0	0	0	3	0	3	0	0	0	0	0	3	3	0	0	0	0	0	0	0	0	0	0	3	3	0	0	0	0	0	0	0	0	0	0	0	0	0	0	0	0	0	0	0	0	0	0	3	0	0	0	0	0	6	3	3	3	0	0	0	0	0	0	0	0	0	0	0	0	3	0	0	0	0	0	0	0	0	0	0	0	0	0	0	0	0	0	0	0	0	0	3	3	0	0	0	3	0	3	0	3	0	0	0	0	0	0	0	0	0	0	0	0	0	0	0	0	3	0	0	0	0	3	0	0	0	0	0	0	3	0	0	3	0	3	0	0	0	0	0	0	0	0	0	0	6	0	0	0	3	0	0	0	3	0	5	0	0	3	0	0	0	3	0	0	0	0	0	3	0	3	0	0	3	0	0	0	0	3	0	3	0	0	3	3	0	0	0	0	0	0	0	0	0	0	0	0	0	0	0	0	0	0	5	0	0	0	0	0	0	0	0	0	0	0	0	0	0	0	0	3	0	3	3	0	0	0	0	5	0	0	0	0	3	0	0	0	0	0	3	0	0	0	0	0	0	0	0	0	0	0	0	0	0	0	3	0	0	0	0	0	0	0	0	0	0	0	0	0	3	0	0	3	0	0	0	0	0	0	0	0	0	0	0	0	0	3	0	3	0	0	0	3	3	0	0	0	0	0	0	0	0	0	3	5	0	0	0	0	0	0	0	0	3	0	6	0	0	0	0	0	3	0	0	0	0	0	8	0	0	0	0	0	0	0	3	0	0	0	0	3	0	3	0	0	0	0	0	0	0	3	0	0	0	3	0	0	0	0	0	0	0	3	0	0	0	0	0	0	0	0	0	0	0	0	0	3	0	0	0	0	0	0	0	0	0	0	3	3	0	0	0	0	0	0	0	0	3	0	0	0	0	0	0	0	0	0	0	3	3	3	0	0	0	0	0	0	0	0	0	0	0	0	0	0	0	0	0	0	0	0	0	0	0	0	0	0	0	0	0	0	0	0	0	3	0	0	0	0	0	0	0	0	3	0	0	0	0	0	5	0	0	0	0	0	0	0	0	0	0	0	0	0	0	0	0	3	0	0	3	0	3	0	0	0	0	0	0	0	0	5	0	0	3	0	0	3	0	3	0	0	3	0	3	3	0	0	0	0	0	3	0	0	0	0	0	0	0	0	0	3	0	0	0	3	0	0	3	0	0	3	0	0	0	0	0	0	0	0	0	0	0	0	0	0	3	0	0	0	0	0	0	0	0	6	0	0	0	0	0	0	0	0	3	0	3	3	0	0	3	0	3	0	0	3	0	0	0	3	3	0	3	0	3	0	0	5	0	0	0	0	0	0	0	0	0	0	6	0	0	0	0	0	0	0	3	0	0	0	0	0	0	3	0	0	0	0	0	0	0	6	0	0	0	0	0	0	0	0	0	0	0	0	0	0	0	0	0	0	0	0	0	0	0	5	0	0	0	3	0	0	0	0	0	0	0	0	3	0	0	0	0	0	0	0	0	0	0	0	0	0	0	0	0	0	0	0	0	0	0	0	0	5	0	0	0	0	0	0	0	0	3	0	0	0	0	0	0	0	0	0	3	0	0	0	3	3	0	3	0	0	3	0	0	0	3	0	0	0	0	0	0	3	0	0	0	3	3	0	3	0	0	0	0	0	0	5	0	3	0	0	0	0	0	0	0	0	0	0	0	0	0	0	0	0	0	3	0	0	0	0	0	3	0	0	0	0	0	0	0	0	0	0	0	0	0	0	3	0	0	0	0	0	0	0	0	0	0	0	3	0	0	3	0	0	0	0	0	0	0	0	0	0	0	0	0	0	3	0	0	0	0	0	0	0	0	0	0	0	0	5	0	3	0	3	0	0	3	0	0	3	0	0	0	0	3	0	0	0	3	0	0	0	0	0	0	0	0	0	0	0	0	0	0	0	0	0	3	0	0	0	0	0	0	0	0	0	0	3	0	0	0	0	3	0	0	0	0	0	0	0	3	0	3	0	0	0	0	3	0	3	0	3	0	0	0	0	0	0	0	0	0	0	0	3	0	0	0	0	0	0	0	0	3	0	0	0	0	0	5	5	0	0	0	3	0	0	0	0	0	0	0	0	0	0	0	0	0	5	0	0	0	0	0	0	0	0	0	0	3	3	0	0	0	0	0	0	0	0	0	0	0	0	0	0	3	0	0	0	3	0	0	0	0	0	0	5	0	0	0	0	0	0	0	0	0	0	0	0
2024.69890314603	0	3	0	0	0	0	3	0	0	3	0	0	0	0	3	0	0	0	0	0	0	0	3	3	0	0	0	3	0	0	0	3	0	0	3	3	3	0	0	0	3	0	0	0	0	0	0	0	0	0	3	0	0	0	0	0	0	0	0	0	3	3	0	0	8	3	0	8	0	0	0	0	3	0	0	0	0	0	0	0	3	0	0	0	0	0	0	0	0	0	0	0	0	0	0	0	0	0	0	0	3	0	3	3	0	0	0	3	0	3	3	0	0	0	0	0	0	3	0	0	0	0	0	0	0	3	0	0	3	3	0	0	0	0	0	3	0	0	0	0	0	0	0	0	0	0	0	0	0	0	3	0	0	3	0	0	3	0	0	0	0	0	0	0	3	0	5	0	0	6	0	0	0	0	0	0	0	0	0	0	0	0	0	3	3	0	3	0	0	3	0	3	0	0	0	6	0	0	0	0	0	0	0	0	0	0	0	0	0	0	0	0	0	0	5	0	0	0	0	0	0	0	3	0	0	0	0	0	0	0	0	6	0	0	0	0	0	0	0	3	0	0	0	0	3	0	0	0	0	0	3	0	0	0	3	0	0	0	0	0	0	0	0	0	0	0	3	0	0	5	0	0	0	0	0	0	0	0	0	0	0	0	0	0	0	0	0	0	0	0	0	0	0	0	0	0	0	3	0	3	0	0	0	3	0	0	0	0	0	0	0	0	0	0	0	3	0	0	0	0	0	0	0	0	0	0	3	0	0	0	0	0	3	0	0	0	0	0	8	0	0	0	0	0	0	0	0	0	0	0	0	3	0	3	0	0	0	0	0	0	0	3	0	0	0	3	0	0	0	0	0	0	0	3	0	0	0	0	3	3	3	0	0	0	0	0	0	0	0	0	0	0	0	0	3	0	0	0	3	5	0	0	0	0	0	0	0	0	3	3	0	0	3	0	0	0	3	6	0	3	3	0	0	0	0	0	0	0	0	3	0	0	0	0	0	0	0	3	0	0	0	0	0	0	0	0	0	0	0	0	0	0	0	0	0	3	0	0	3	0	0	0	0	0	5	0	6	0	0	0	5	0	0	0	0	0	0	0	0	0	0	0	0	3	0	0	0	0	0	0	5	0	0	0	0	3	3	0	0	0	0	5	0	0	3	0	0	0	0	0	0	3	3	0	3	3	0	0	0	0	0	3	0	0	0	0	0	0	0	3	0	0	0	0	0	3	0	0	3	0	3	0	3	3	0	0	0	0	0	0	0	0	0	3	0	0	0	0	0	0	0	0	0	0	0	8	0	0	0	0	0	0	0	0	0	0	0	3	0	0	0	0	3	0	0	3	0	0	3	0	3	0	3	0	0	3	0	5	0	0	0	3	0	0	0	0	0	0	3	0	0	0	0	3	0	3	0	0	0	0	0	0	0	3	0	0	0	0	0	0	0	3	0	0	0	3	0	0	3	3	0	0	0	0	0	0	0	0	0	0	0	0	0	0	0	5	0	0	0	3	3	0	0	0	0	0	0	0	3	0	0	0	0	0	3	0	0	0	3	0	0	0	3	3	0	5	0	0	0	0	0	0	0	5	0	0	0	0	0	0	0	0	3	0	0	3	0	0	0	0	0	0	3	0	0	0	5	3	0	0	0	0	0	0	0	0	0	0	0	3	0	3	0	0	0	0	0	0	3	0	3	0	3	0	0	0	0	5	0	5	0	0	0	0	3	0	0	0	0	0	0	3	0	0	0	0	0	3	0	0	0	0	0	0	0	0	0	0	0	0	0	0	0	0	0	0	0	0	3	0	0	0	0	0	0	0	0	0	0	0	3	0	0	0	0	0	0	0	0	0	0	0	0	3	3	0	0	0	3	0	0	0	0	0	0	0	0	0	0	0	0	3	0	3	0	3	0	0	3	0	0	0	0	0	3	0	0	0	0	0	8	0	0	0	0	0	0	0	0	0	0	0	0	0	0	0	0	3	3	3	0	0	0	3	0	0	0	0	3	3	0	0	0	0	0	0	3	0	0	0	0	0	3	0	0	0	0	0	0	3	0	3	0	3	0	0	0	0	0	3	0	0	0	0	3	3	0	0	0	0	0	0	0	0	5	0	0	0	0	3	3	3	0	0	0	3	0	0	0	0	0	0	0	0	0	0	0	0	0	5	0	0	0	0	0	0	0	0	0	0	6	0	0	0	5	0	0	0	0	0	0	0	3	0	0	0	0	0	0	0	3	0	0	0	0	0	0	5	3	0	0	0	0	0	0	0	0	0	0	0
2024.7161285858	6	0	0	0	0	0	0	0	0	3	0	0	0	0	0	0	0	0	0	0	0	0	0	3	0	0	0	3	0	0	0	3	0	0	0	3	3	0	0	0	3	0	0	0	0	0	3	0	0	0	8	0	0	0	0	3	0	0	0	0	3	8	0	0	8	8	0	8	0	0	0	0	3	3	0	3	0	0	0	0	0	0	0	0	0	0	0	0	0	0	0	0	0	0	0	0	0	0	0	0	3	0	0	0	0	0	0	3	0	8	5	0	3	0	0	0	0	5	0	0	0	0	0	0	0	3	3	0	0	3	0	0	0	0	0	3	0	0	0	0	0	0	0	0	0	0	0	0	3	0	5	0	0	3	0	0	0	0	0	0	0	0	0	0	0	3	0	0	0	6	0	0	6	0	0	3	0	0	0	0	0	0	0	3	0	0	3	0	3	3	0	0	0	0	0	3	0	0	0	0	0	0	0	0	0	0	0	3	0	0	0	0	0	0	0	0	0	0	0	0	0	0	3	0	0	0	0	0	0	0	0	3	3	0	0	3	0	0	0	0	0	0	3	0	3	0	0	0	0	0	0	0	0	0	3	0	0	0	0	0	0	0	0	0	0	0	0	0	0	5	0	0	0	0	0	0	0	0	0	3	0	0	0	0	0	0	0	0	0	0	0	0	0	0	0	0	0	0	0	3	0	0	3	3	0	0	0	0	0	0	0	0	0	0	0	0	0	0	0	0	0	0	0	0	0	0	0	0	0	0	3	0	3	0	0	0	0	0	0	0	0	0	0	0	0	0	0	0	0	0	0	0	0	5	0	0	0	0	0	0	0	0	0	0	0	0	0	0	0	0	3	0	3	3	0	0	0	0	3	3	3	0	0	0	0	0	0	0	0	0	3	0	0	0	5	0	0	0	5	5	0	0	0	0	0	0	0	0	0	5	0	0	3	0	0	0	3	8	0	0	3	0	0	0	0	3	0	0	0	3	0	0	0	0	0	0	0	3	0	3	3	0	0	0	0	0	0	0	0	0	3	0	0	0	0	3	0	0	3	0	0	0	0	0	3	0	8	0	0	0	3	0	0	0	0	3	0	0	0	0	0	0	0	6	0	0	0	5	0	0	5	0	0	0	0	5	5	0	0	0	0	0	0	0	0	0	0	0	0	0	0	3	0	0	0	3	0	0	0	0	0	3	0	0	0	0	0	0	0	3	3	0	0	0	0	0	3	0	0	0	3	0	3	3	0	0	0	0	0	0	0	0	0	3	0	0	0	0	0	0	0	0	0	0	3	8	3	0	0	0	0	0	3	0	0	0	0	3	3	0	3	0	0	0	0	3	0	0	3	0	3	0	3	0	3	3	0	3	0	0	0	3	0	0	0	0	3	0	0	0	0	0	0	3	0	3	0	0	0	0	0	0	0	3	0	0	0	0	0	0	0	0	0	0	0	3	0	0	3	3	0	0	0	0	0	0	0	0	0	0	0	0	0	0	0	3	0	0	0	3	3	3	0	0	0	0	3	0	3	0	0	0	0	0	3	0	0	0	3	0	0	0	3	3	0	5	0	0	0	0	0	0	0	0	0	0	0	0	0	0	0	0	0	0	0	8	0	0	0	0	0	0	0	0	0	0	3	0	0	0	0	0	0	0	0	0	0	0	0	3	0	3	0	0	0	0	0	0	0	0	3	0	3	0	0	0	0	3	0	5	0	0	3	0	3	0	0	0	0	0	0	3	0	0	0	0	0	0	0	0	0	0	0	0	3	0	0	0	0	0	0	0	0	0	0	0	0	0	0	0	0	0	0	0	0	0	0	3	0	0	3	0	0	0	0	0	3	0	0	0	0	0	0	3	6	0	0	0	0	0	0	0	0	0	0	0	0	0	0	0	0	0	0	0	0	0	0	0	0	0	0	0	0	0	3	0	0	0	0	0	8	0	0	0	0	0	0	0	0	0	0	0	0	0	0	0	0	3	0	3	0	0	0	6	0	0	0	0	3	3	0	0	0	0	0	0	3	0	0	0	0	0	0	0	0	6	3	0	0	0	0	3	0	3	0	0	0	0	0	3	0	3	0	0	3	0	0	0	0	0	0	0	0	0	5	0	0	0	0	3	0	0	0	0	0	3	0	0	0	0	0	0	0	0	0	0	0	0	0	0	0	0	5	0	0	0	0	0	6	0	3	0	0	0	5	0	0	0	0	0	0	3	8	0	0	0	0	0	0	3	0	3	0	0	0	0	0	3	3	3	0	3	0	0	0	0	0	0	0	0
2024.73335402557	6	0	0	0	3	0	0	0	0	0	0	3	0	0	0	0	0	0	3	0	0	3	0	0	0	0	0	3	0	0	0	5	3	0	0	5	3	0	0	3	0	0	0	3	0	0	3	0	0	0	7	3	0	0	0	3	0	0	0	0	0	7	0	3	0	6	3	0	0	0	0	3	0	3	0	3	0	0	3	0	0	0	0	0	0	0	0	0	0	0	0	0	0	0	0	0	3	0	0	0	0	0	0	0	0	0	0	3	0	6	5	0	3	0	0	0	0	3	0	0	3	0	3	0	0	0	3	0	0	3	0	0	0	0	0	5	0	0	0	0	0	0	0	3	0	0	0	0	3	0	5	0	3	0	3	0	0	0	0	0	0	0	0	0	0	3	0	0	0	6	0	0	6	0	6	3	0	0	0	0	0	0	3	3	0	0	3	0	3	0	0	3	0	0	0	5	0	0	0	0	0	0	0	0	0	0	0	3	0	0	0	0	0	0	0	0	0	0	3	0	5	0	0	0	0	0	3	0	0	3	0	5	3	0	0	5	0	0	0	0	0	0	3	3	0	0	0	0	0	0	0	0	0	0	0	0	0	0	0	0	0	0	0	0	3	0	0	0	3	5	0	6	3	0	0	3	0	0	0	3	0	0	0	0	0	0	0	0	0	0	0	0	0	0	0	0	3	0	0	0	0	0	5	3	0	3	0	3	0	0	3	0	0	0	0	0	0	0	0	0	0	0	0	0	0	0	0	0	0	3	3	0	3	0	3	0	0	0	0	0	0	0	0	0	0	0	0	0	0	3	0	0	0	6	5	0	0	3	0	0	3	0	0	0	0	0	0	0	5	0	3	0	3	0	0	0	0	0	0	0	3	0	0	0	0	0	0	0	0	0	3	0	0	3	5	0	0	0	6	3	0	6	0	0	0	0	0	0	0	8	3	0	0	0	0	0	3	7	0	0	3	0	6	0	0	7	0	0	0	0	0	3	0	0	0	0	0	0	0	3	3	0	0	3	0	0	0	0	0	0	5	0	0	3	0	0	0	0	3	0	0	0	0	0	3	0	6	0	0	0	0	0	0	0	0	3	0	0	0	0	0	0	0	3	0	0	0	5	3	6	3	3	0	0	0	5	3	0	0	0	0	0	0	0	0	0	0	0	0	0	3	0	0	0	0	0	0	0	0	0	0	0	0	0	0	0	0	0	0	3	5	0	0	0	0	0	3	0	0	0	3	0	0	3	0	0	3	0	0	0	0	0	0	3	3	0	0	3	0	0	0	0	0	0	3	0	3	0	0	0	0	0	3	0	0	0	0	0	7	0	3	0	0	0	0	0	0	0	3	0	3	3	0	0	3	0	0	0	0	0	0	0	0	0	0	3	3	0	0	0	0	0	0	0	0	3	0	0	0	0	0	0	0	0	0	0	0	0	0	0	0	0	0	0	0	6	0	0	5	3	0	0	3	0	0	0	0	5	0	0	0	0	0	0	0	0	0	3	0	0	0	6	0	0	0	0	3	3	0	0	0	0	0	0	0	3	3	0	0	0	0	3	0	0	0	5	0	0	0	0	0	0	0	0	0	0	0	0	0	0	0	0	0	0	0	8	0	0	0	0	0	0	0	0	0	0	3	0	0	0	3	0	0	0	0	0	0	0	0	0	0	0	0	0	0	0	3	0	0	0	3	0	0	0	0	0	0	0	0	0	0	0	3	0	0	0	0	0	3	0	0	0	0	0	0	3	0	0	3	0	0	0	0	0	3	0	0	0	0	3	0	0	0	3	0	0	0	0	0	0	0	0	0	0	0	0	0	3	0	0	0	0	0	0	0	0	3	3	0	0	0	0	0	3	3	0	0	0	0	3	0	0	0	5	0	0	0	0	0	0	0	0	0	3	3	0	0	0	0	5	0	0	0	0	0	0	0	0	0	0	0	0	0	0	0	0	0	0	0	0	0	3	0	3	0	0	0	0	0	3	0	0	0	3	0	0	0	0	3	0	0	0	3	0	0	0	3	0	0	3	0	0	0	0	0	6	3	0	0	0	0	5	0	0	0	0	3	0	0	0	0	3	3	0	3	0	0	3	0	0	0	0	0	0	3	3	0	0	0	0	0	0	5	0	3	0	3	3	0	0	0	0	0	0	0	0	3	0	6	0	0	0	8	0	0	0	0	3	6	0	5	0	0	0	5	0	0	0	0	0	0	3	8	0	0	3	0	3	0	3	0	3	0	3	0	0	0	0	0	3	3	3	0	0	0	0	0	0	0	0
2024.75057946535	3	0	0	0	3	3	3	0	0	3	0	3	0	0	0	0	0	0	3	0	0	3	0	0	0	0	3	0	0	0	0	3	3	3	0	5	0	0	0	3	0	0	0	3	0	0	3	5	0	0	7	5	0	0	0	0	0	3	0	0	0	7	0	3	0	0	3	0	0	0	0	3	0	6	0	3	0	0	3	0	0	0	0	0	3	0	0	0	5	0	0	0	3	0	0	0	3	3	0	0	0	3	0	0	0	0	0	3	3	0	5	0	3	0	0	0	3	3	0	0	3	0	5	0	0	0	3	0	0	0	0	0	0	0	0	3	0	0	0	0	0	0	0	3	3	0	0	0	0	0	5	0	3	0	3	3	0	0	0	0	0	0	0	0	0	3	0	0	3	3	6	0	3	0	6	0	0	3	0	0	0	0	5	0	0	0	0	0	0	0	0	5	0	0	0	3	0	0	0	3	0	3	0	0	0	0	0	3	0	0	0	3	0	0	0	0	0	0	3	0	5	0	0	0	0	0	3	0	0	5	0	3	0	0	0	5	3	0	0	0	0	0	0	3	5	0	0	0	0	0	0	0	0	0	0	3	0	0	5	0	0	0	3	0	3	0	0	0	6	3	0	6	5	0	0	5	3	0	0	0	0	0	0	0	0	0	3	0	0	0	0	3	0	0	0	3	3	0	0	0	0	0	3	0	0	5	0	3	3	0	5	0	0	0	0	0	0	0	0	0	0	0	3	0	0	0	0	0	0	3	3	0	3	0	3	0	3	0	0	0	0	0	0	0	0	0	0	5	0	3	0	0	0	6	5	0	0	3	0	0	8	0	0	0	0	0	0	0	8	0	3	3	3	0	3	0	0	0	0	0	0	0	0	0	0	0	3	0	0	0	0	0	0	3	5	0	3	0	6	0	0	6	0	0	0	0	0	3	0	6	3	0	0	0	0	0	5	5	0	0	0	0	6	0	3	8	0	0	0	0	3	8	0	0	3	0	0	0	0	3	3	0	0	3	0	0	0	8	3	0	3	0	0	3	3	0	0	0	3	0	0	0	0	5	0	0	3	0	3	0	0	0	0	0	0	0	0	3	0	3	0	0	3	3	0	0	0	0	3	6	0	3	0	0	0	5	3	0	0	0	0	0	0	3	0	0	3	0	0	0	3	0	0	3	3	0	0	0	0	0	3	3	0	0	0	0	0	3	0	0	8	0	3	3	0	0	3	3	0	0	3	0	0	0	0	0	3	0	5	0	0	5	0	0	3	0	0	6	0	0	0	0	0	0	3	0	3	0	5	0	0	3	0	3	0	0	0	0	8	6	0	0	0	0	0	0	0	0	3	0	3	3	0	0	0	0	0	0	0	0	0	0	3	0	3	3	3	0	0	0	0	0	0	0	0	3	0	0	0	0	0	0	0	0	0	0	0	0	3	0	0	0	0	3	3	3	0	0	3	0	0	3	3	0	0	3	0	5	0	0	3	0	3	0	3	0	0	3	0	3	0	8	0	0	0	0	3	3	0	0	0	0	0	0	0	3	6	0	0	0	0	3	0	0	0	3	0	0	0	0	0	3	3	0	0	0	0	0	0	3	0	0	0	0	3	0	3	5	0	0	0	0	0	0	3	0	0	0	0	0	3	0	0	0	0	0	0	0	3	0	0	0	0	0	0	0	8	0	0	0	0	3	0	3	0	5	0	0	0	0	0	3	3	0	3	3	3	0	3	0	0	0	0	3	0	3	0	0	3	0	3	0	3	0	6	0	0	0	0	3	0	5	3	3	0	0	0	0	0	0	0	0	0	0	3	0	0	3	0	0	0	0	0	0	3	0	3	3	0	3	0	3	0	0	3	0	0	3	0	3	0	3	0	5	0	3	0	3	0	0	0	0	3	3	3	0	3	0	0	7	0	0	0	0	0	0	0	3	0	0	0	0	0	0	0	0	0	0	3	0	0	3	0	5	3	0	0	0	0	0	0	3	3	3	0	0	3	0	0	0	0	5	3	0	0	0	0	0	0	3	0	0	3	3	0	3	0	3	0	0	0	5	0	3	0	0	3	0	0	0	0	3	5	0	0	0	0	3	3	0	0	0	3	0	0	5	0	0	0	0	0	0	5	0	5	0	3	5	0	0	0	3	3	0	0	0	3	0	6	0	0	0	3	0	0	0	0	3	3	0	3	0	0	0	3	0	0	0	5	0	0	3	0	0	0	5	0	3	0	0	0	3	0	3	0	3	0	0	0	3	3	3	0	0	0	0	0	0	0	0
2024.76780490512	3	0	0	0	0	3	5	0	0	3	0	3	0	0	0	0	0	0	0	0	0	3	0	0	0	0	5	0	0	3	0	0	3	3	0	0	0	0	0	0	0	3	5	5	0	0	5	5	0	0	0	5	0	0	5	0	3	5	0	0	0	0	0	3	0	0	3	0	0	0	0	0	0	3	0	0	0	0	0	0	0	0	0	0	3	0	0	3	5	0	0	0	8	5	5	0	0	3	0	0	0	5	0	0	0	0	0	0	3	0	5	0	0	0	0	0	6	3	3	0	3	0	8	0	0	0	0	0	0	0	0	0	0	0	0	0	0	0	0	0	0	0	0	0	8	0	3	0	0	0	5	0	0	0	3	3	0	0	0	0	0	0	0	0	0	3	0	0	3	0	8	0	3	0	6	0	0	8	3	0	0	0	3	0	0	0	0	0	0	0	6	3	0	0	0	3	0	0	0	3	0	3	3	0	3	0	3	0	0	0	0	5	0	0	0	0	0	0	3	0	3	0	3	3	0	0	0	0	3	6	0	3	0	0	0	6	3	0	0	0	0	0	0	3	5	0	0	0	0	0	0	0	0	0	0	3	0	0	5	0	0	0	3	0	3	0	0	0	3	3	0	3	8	0	0	8	5	0	0	0	0	0	0	0	0	3	3	0	0	0	0	3	0	0	0	3	0	0	0	0	0	0	3	0	0	5	0	0	3	0	5	0	0	0	0	0	0	0	0	0	6	3	3	3	0	3	0	0	0	0	0	0	0	6	3	0	6	0	0	0	0	0	3	0	5	0	0	5	0	0	0	0	0	3	6	0	0	3	0	3	8	0	0	0	0	3	0	0	6	6	3	8	3	0	8	0	0	0	0	0	0	0	0	0	3	0	3	0	3	0	0	0	5	3	5	3	3	0	3	0	6	0	0	0	0	0	0	3	0	3	3	0	0	0	0	0	3	3	0	0	0	0	6	0	5	6	6	0	0	0	3	6	0	3	5	0	0	3	3	5	3	0	0	0	0	0	3	8	3	0	3	0	0	3	3	0	0	0	0	0	0	0	0	5	0	0	3	0	3	0	0	0	0	0	0	0	0	8	0	3	3	0	3	3	0	0	0	0	0	3	0	3	0	0	0	5	3	0	0	0	3	0	0	3	0	0	3	0	0	0	3	0	0	3	5	0	0	0	0	0	3	3	0	0	0	0	6	3	3	3	6	0	5	3	0	0	3	3	0	0	0	0	0	0	3	3	3	6	5	3	0	5	0	0	3	0	0	3	0	3	0	0	0	0	3	0	0	0	5	0	0	3	0	5	0	0	0	0	6	8	0	0	0	0	0	0	0	0	3	0	3	0	0	0	0	0	0	0	6	3	0	0	3	0	3	3	0	0	0	0	0	0	0	0	0	0	0	0	0	0	0	3	0	0	0	0	0	0	8	0	0	0	0	3	3	3	0	0	0	3	0	5	3	0	5	3	0	3	0	0	6	0	3	0	3	0	0	3	3	5	0	3	0	0	0	0	5	0	0	0	0	3	0	0	0	3	5	0	0	0	0	0	0	0	0	3	0	0	0	0	0	3	3	0	0	0	0	0	0	3	0	0	0	0	5	0	8	5	0	0	0	3	3	5	3	0	0	0	3	0	3	0	3	0	0	0	0	0	3	0	0	0	0	0	0	0	6	0	0	0	0	3	0	3	0	5	0	0	0	0	0	3	0	0	5	3	3	3	0	3	0	0	0	5	0	3	0	0	0	0	6	0	3	0	5	0	0	0	0	3	5	5	3	0	0	0	0	3	0	0	3	0	0	0	3	0	0	0	0	0	0	0	5	0	6	0	5	0	0	5	0	8	0	0	3	0	0	3	0	0	0	3	0	6	0	6	0	3	0	8	0	0	3	0	3	0	3	0	0	5	0	0	0	0	0	3	0	3	0	3	0	0	0	0	3	0	0	0	3	0	0	3	0	5	3	0	0	0	0	0	0	3	3	0	5	0	5	0	0	0	0	5	3	0	0	0	0	0	0	0	0	6	5	3	0	3	0	3	3	0	6	3	0	5	0	0	3	0	0	0	0	0	5	0	0	0	3	0	3	0	0	6	5	0	0	5	0	0	5	0	0	0	3	3	5	0	0	8	0	0	0	3	3	0	0	0	3	0	0	0	0	0	3	0	0	3	0	0	3	0	3	0	0	0	3	5	0	0	5	0	0	0	0	0	0	5	0	3	0	0	0	3	0	3	0	3	0	0	0	3	3	0	0	0	0	0	0	0	0	0
2024.78503034489	3	3	0	3	0	0	3	0	3	0	0	3	0	0	0	0	0	0	0	0	3	0	0	0	3	3	8	0	3	3	3	3	3	0	0	0	0	0	0	0	0	3	5	5	0	0	3	5	0	3	0	0	0	0	5	0	3	5	0	3	3	0	0	3	0	0	0	0	0	0	0	0	0	3	0	3	0	0	0	0	3	0	0	0	0	0	0	6	0	5	0	0	8	5	8	0	0	0	0	0	0	5	0	0	3	0	0	0	0	0	0	0	0	3	0	0	6	3	3	0	0	0	6	0	5	5	0	0	0	0	3	3	0	0	0	0	0	0	3	0	0	3	0	0	5	0	5	0	0	0	0	5	0	0	0	3	0	3	0	0	0	3	0	0	0	5	0	0	0	0	6	3	3	0	3	0	0	8	8	0	0	0	0	0	0	0	0	0	3	0	8	5	0	0	0	0	0	0	3	3	3	5	3	0	5	0	3	3	0	3	0	5	3	0	0	5	3	0	0	3	0	0	5	5	0	0	3	3	3	3	0	0	0	0	0	3	3	0	0	3	0	0	0	0	0	0	0	3	0	0	0	0	3	3	0	6	0	0	0	0	0	0	3	3	0	0	0	0	3	0	5	0	6	0	0	3	5	3	0	3	0	5	0	5	0	3	3	0	3	0	3	5	0	0	0	5	0	0	0	0	0	3	3	0	0	0	0	0	0	0	3	0	0	0	0	0	0	3	0	0	6	3	6	3	0	3	0	0	6	0	0	0	0	8	6	0	8	0	0	0	0	0	3	0	5	3	0	8	0	0	0	7	0	0	3	0	0	3	0	6	0	0	0	0	0	5	0	0	6	6	5	5	3	0	8	0	0	0	3	0	0	0	0	0	5	0	6	5	3	0	3	0	5	0	0	5	8	3	0	3	8	3	0	0	0	0	0	0	0	0	6	0	0	3	0	0	0	0	3	0	0	0	3	0	5	0	6	0	5	0	0	0	0	7	3	0	3	5	5	5	5	0	0	3	0	0	3	6	0	0	3	0	0	0	8	0	0	0	3	0	0	0	0	5	0	0	3	0	6	0	0	0	0	0	0	0	0	5	3	0	5	0	0	3	0	0	0	0	0	0	3	3	0	3	0	0	3	3	5	0	3	0	0	0	0	0	6	0	3	0	3	0	0	3	3	0	6	0	3	3	3	0	0	3	0	3	6	6	3	3	3	0	5	0	3	5	0	0	0	5	3	0	0	0	5	3	3	6	3	3	0	8	0	0	3	0	0	3	0	3	0	0	0	0	5	0	3	0	5	0	0	10	3	5	0	0	0	0	0	6	0	0	0	3	5	0	0	0	5	0	0	5	0	0	0	0	0	0	8	8	0	0	3	0	0	6	0	0	0	0	0	0	0	0	0	3	0	0	0	0	3	3	0	0	3	0	0	3	5	0	3	0	3	0	3	3	0	0	0	3	3	5	0	0	8	0	0	0	5	0	8	0	3	0	0	0	0	0	3	3	3	0	0	3	0	0	5	0	0	0	0	3	3	0	0	6	5	0	0	0	0	0	0	0	3	0	0	3	0	5	0	3	3	0	3	3	0	0	0	0	0	0	0	0	3	0	8	0	0	5	0	3	3	5	3	0	0	0	3	0	0	0	3	3	0	0	0	0	7	0	3	0	3	0	0	5	0	0	0	3	0	0	0	3	3	3	0	3	0	0	0	3	0	0	8	0	0	5	3	3	0	0	0	8	0	3	3	0	5	0	3	0	3	5	5	0	0	0	0	3	8	5	0	0	0	0	0	3	3	0	3	0	3	0	0	0	0	0	0	3	0	3	5	3	6	6	5	5	0	5	0	8	0	0	3	0	0	8	3	0	0	3	8	3	0	8	0	0	0	8	0	3	3	3	0	0	6	0	0	0	0	0	0	0	0	3	0	0	0	3	0	0	0	3	8	0	0	3	3	0	5	3	0	0	0	0	3	0	0	0	0	3	6	0	5	0	3	0	0	0	0	5	0	0	0	0	3	0	0	0	3	8	3	0	0	3	0	3	12	0	8	0	0	3	0	0	0	0	3	0	0	0	0	3	0	3	5	0	6	5	0	8	7	0	3	0	0	0	8	0	0	0	0	5	3	0	0	6	5	0	0	0	3	0	0	0	0	0	0	0	0	0	0	0	0	6	0	0	3	0	0	0	3	0	0	5	0	0	5	0	3	0	0	5	0	0	3	3	5	0	0	5	3	3	0	3	0	3	3	0	3	0	0	0	5	0	0	0	5	0
2024.80225578466	0	5	0	3	0	0	3	3	5	0	3	5	3	0	0	0	0	8	0	0	6	0	3	0	3	3	3	0	3	0	3	3	3	0	0	3	0	0	0	5	0	3	3	3	6	3	3	0	0	3	0	0	3	3	3	0	5	0	0	6	3	0	3	0	0	5	0	0	0	0	3	0	0	3	0	5	3	0	0	0	3	0	0	0	5	0	5	6	0	5	3	6	7	7	6	0	3	0	0	0	0	3	3	0	3	5	0	3	3	5	0	3	0	5	0	0	5	0	3	0	3	0	0	0	8	5	3	0	0	3	6	5	0	0	0	0	3	0	5	3	0	3	3	3	3	0	3	0	0	3	0	5	0	0	0	3	5	8	0	0	0	3	3	0	0	5	0	0	0	0	0	5	0	0	3	0	0	6	7	0	0	0	3	0	0	0	0	3	3	0	8	3	0	3	0	0	0	0	3	0	6	6	0	5	5	3	3	5	0	3	0	0	5	0	0	5	5	0	0	3	0	0	3	5	0	0	5	3	3	0	3	0	0	0	0	0	0	0	5	5	0	3	0	0	0	0	0	3	6	0	0	3	3	3	0	6	0	0	0	0	0	0	3	3	3	3	0	0	3	0	8	0	0	0	0	0	0	6	0	3	5	5	0	5	0	0	0	0	3	3	3	6	0	3	0	6	0	0	0	0	3	3	0	0	3	0	0	0	5	6	3	3	0	3	0	0	3	3	3	0	0	0	3	0	0	3	5	3	8	0	0	0	3	8	6	0	3	0	0	0	0	0	5	5	3	5	5	6	6	5	0	9	3	0	0	0	3	0	0	6	0	0	0	0	0	5	0	0	3	0	5	3	0	0	6	0	0	0	3	0	0	5	3	3	5	5	5	5	0	0	3	3	0	3	0	3	6	3	0	3	5	3	0	0	0	5	0	0	3	0	6	0	0	3	0	0	0	0	5	3	0	0	3	0	3	0	0	0	8	0	3	0	0	6	0	3	8	3	5	3	5	3	0	5	0	5	0	0	5	5	0	0	0	0	5	0	0	0	3	3	0	5	0	0	0	0	0	0	3	3	5	0	5	0	0	0	3	3	6	0	3	0	3	3	0	0	3	0	5	0	3	3	3	3	0	0	0	3	5	0	0	0	5	0	3	0	3	0	3	3	5	0	0	0	3	0	8	3	3	5	0	0	0	3	0	6	8	6	0	3	3	0	3	0	3	5	0	0	3	5	3	3	3	5	5	3	5	5	0	0	0	6	0	0	5	0	0	3	8	3	5	0	0	0	5	0	3	0	0	3	0	7	5	0	5	6	6	0	0	0	0	0	5	3	5	0	5	3	3	0	0	5	0	0	0	0	0	0	6	7	3	0	0	3	0	6	5	0	5	0	0	8	0	0	3	3	0	3	0	0	3	8	0	0	3	3	0	6	3	0	3	5	3	0	0	3	0	0	0	3	5	0	5	0	6	0	0	3	5	0	3	0	5	5	0	5	0	0	0	3	5	0	3	5	0	0	3	0	3	5	3	0	3	0	0	6	3	3	0	0	0	3	0	0	3	0	0	6	0	8	6	6	3	5	5	5	3	5	0	0	0	3	3	3	3	3	7	0	3	5	0	3	3	3	0	0	0	3	5	3	3	0	5	6	6	0	0	0	5	0	3	0	3	3	0	5	0	0	0	3	0	0	0	3	3	0	0	3	5	0	0	3	0	3	5	5	0	8	5	5	0	0	0	9	0	5	3	3	5	5	0	0	3	5	0	0	0	0	0	0	6	0	3	3	0	0	3	5	3	0	0	0	3	0	0	0	0	0	5	7	0	3	3	5	5	6	3	5	3	0	0	3	3	0	3	0	0	6	3	0	0	3	8	0	0	3	3	0	3	3	0	5	3	3	3	0	3	3	0	3	0	0	0	0	0	3	3	5	0	5	0	3	0	3	8	0	3	3	0	6	5	3	3	0	0	3	8	3	3	5	0	0	6	0	3	0	3	0	7	3	0	3	3	5	3	6	3	0	3	0	5	8	3	0	3	0	0	5	12	5	8	0	3	3	0	5	0	0	3	0	5	0	0	3	5	3	3	3	3	5	0	6	5	3	3	3	0	0	6	0	0	0	0	5	3	0	0	0	5	3	3	3	3	0	0	0	5	0	0	0	5	6	0	0	5	8	3	5	0	0	0	0	8	0	0	3	0	0	0	3	8	3	3	8	3	0	5	6	5	3	0	5	5	5	0	3	5	3	3	3	3	0	0	0	5	0	3	3	5	3
2024.81948122443	0	5	0	3	0	3	0	5	5	6	5	5	8	5	0	3	0	8	0	3	5	6	5	0	3	5	0	0	3	3	3	3	0	0	5	3	3	5	0	5	0	0	6	3	10	5	3	0	0	8	0	0	8	8	0	0	5	0	0	5	0	0	8	3	0	5	0	0	3	3	3	0	3	3	0	5	5	3	5	6	3	0	8	3	5	3	5	6	0	0	3	10	3	3	0	0	5	0	0	3	3	3	5	3	3	5	3	3	3	5	0	3	3	5	0	0	3	0	3	0	3	3	0	3	8	7	3	0	5	3	3	5	0	5	3	6	3	0	5	3	3	0	5	5	0	3	0	3	0	8	0	0	0	0	5	5	5	6	0	3	5	6	5	0	0	3	0	3	5	0	0	3	0	0	3	0	3	5	7	0	0	5	3	3	0	3	0	5	0	0	0	0	3	7	0	0	0	0	3	0	3	3	0	5	3	6	0	5	0	3	3	0	7	5	0	0	6	0	5	3	0	0	3	0	0	3	3	6	0	3	5	0	0	0	5	0	0	0	5	5	0	8	5	0	3	3	0	0	8	0	3	3	3	0	0	3	0	0	0	0	0	3	3	5	7	5	0	0	3	0	6	3	0	0	0	0	0	8	0	3	5	3	0	0	0	3	5	0	3	6	3	3	0	3	0	3	0	0	0	0	5	6	0	0	5	0	0	0	5	10	0	5	0	5	0	0	5	3	3	0	3	3	0	0	3	5	5	3	12	3	0	0	3	3	0	0	0	0	0	5	3	0	5	5	6	5	5	5	8	5	0	8	3	0	0	6	3	0	0	9	0	0	0	0	3	3	0	3	0	3	3	0	0	0	5	3	3	0	0	0	0	5	6	5	0	5	3	0	5	3	5	5	0	3	0	3	0	0	0	0	0	0	0	0	3	5	0	3	5	0	0	0	3	3	0	0	0	0	7	5	0	0	3	0	3	0	3	0	10	3	5	0	8	3	0	3	8	3	0	0	3	3	5	3	6	5	3	0	5	5	0	3	0	6	0	0	0	0	0	6	0	7	5	0	0	0	0	3	0	7	5	3	7	0	0	5	3	0	3	0	0	6	3	0	0	3	3	0	5	3	0	0	3	5	0	0	0	3	3	3	5	0	5	0	3	0	5	0	0	7	5	0	0	3	0	0	8	3	3	5	0	3	3	5	0	3	3	3	0	0	0	0	3	3	3	5	0	5	5	0	0	5	5	5	0	3	5	8	3	3	0	5	3	0	5	5	5	3	8	3	5	3	5	5	3	0	0	3	0	5	3	5	5	0	5	8	8	3	0	0	0	0	5	5	6	3	5	5	0	3	3	0	0	0	0	3	3	0	5	7	3	0	3	3	3	0	7	0	5	0	0	8	3	0	5	0	0	3	3	6	6	5	0	3	0	3	0	8	0	0	6	5	3	5	0	0	0	0	0	0	5	0	5	5	0	0	0	3	3	3	0	0	5	5	0	5	0	0	0	0	3	0	5	5	3	3	0	0	3	5	5	0	3	0	0	0	0	7	0	3	3	5	3	3	3	0	6	8	0	10	8	6	0	5	7	6	3	5	8	0	0	5	3	5	0	3	3	0	8	0	0	3	3	3	3	0	3	5	5	3	3	0	6	5	8	3	0	0	3	0	3	3	0	3	3	0	0	0	3	5	0	0	3	5	5	3	6	3	5	0	0	5	3	5	3	5	0	3	3	5	0	3	0	3	0	5	5	5	0	5	0	3	3	5	0	6	0	0	0	3	0	6	5	5	0	5	3	5	5	5	3	8	0	3	0	5	3	3	5	7	0	3	3	9	3	6	3	0	5	0	0	0	5	5	0	0	0	0	3	0	5	3	6	0	0	0	5	3	5	0	0	5	5	3	3	0	0	5	0	3	0	0	0	0	0	3	7	5	3	5	0	5	0	3	3	0	3	0	3	8	5	3	9	0	0	3	8	5	5	5	0	5	0	0	0	0	0	5	7	5	0	3	5	5	3	8	3	6	3	0	5	0	0	0	7	0	0	5	0	7	0	0	5	0	0	5	0	0	3	0	5	3	0	3	5	3	0	5	0	0	0	5	0	5	0	3	3	0	0	0	0	0	0	0	0	3	0	0	3	5	8	3	5	0	0	0	5	0	3	0	5	10	0	3	5	7	5	5	0	0	0	5	8	8	0	0	0	0	0	3	8	3	3	8	5	0	3	3	0	5	5	3	8	5	0	3	5	3	0	3	0	3	0	3	5	5	7	7	5	7
2024.8367066642	0	3	0	3	3	3	3	5	0	6	3	0	8	5	0	5	5	5	5	5	7	6	5	3	5	3	0	0	3	5	0	0	3	0	5	0	5	5	0	0	5	3	3	3	7	7	3	0	5	5	0	0	6	6	0	3	3	0	3	3	0	0	6	3	0	5	3	0	8	3	0	5	3	0	0	3	5	3	5	8	3	3	10	5	0	3	8	3	0	0	5	5	0	0	0	5	7	0	5	5	3	3	3	5	5	0	3	0	0	5	0	5	5	3	0	3	0	3	3	3	0	3	0	5	5	3	3	3	5	0	0	3	0	5	5	6	3	5	3	0	5	0	3	5	0	3	0	5	5	6	0	0	0	5	5	5	0	3	0	5	5	5	3	3	5	0	0	5	5	0	3	3	0	0	3	5	5	5	0	0	3	5	0	5	3	3	0	5	0	3	0	0	5	10	3	0	0	0	3	3	0	0	3	0	0	3	0	3	3	3	5	3	3	5	0	0	9	3	5	6	0	3	0	0	0	5	0	6	0	3	3	0	5	3	5	0	3	5	7	6	0	5	5	0	3	5	5	0	5	5	5	5	5	5	5	3	0	3	0	0	5	5	3	5	5	3	0	5	3	0	6	3	0	10	3	0	0	6	0	0	3	0	3	0	7	5	5	0	3	5	3	3	3	5	3	0	0	0	7	0	5	3	0	3	9	0	0	5	0	5	0	3	3	7	0	0	3	0	0	0	3	3	3	3	3	3	0	0	6	5	5	3	0	3	0	3	3	3	3	5	5	3	3	7	3	0	3	3	6	5	5	0	5	0	0	8	3	3	3	8	0	5	5	3	5	3	3	5	0	3	0	0	0	0	5	8	5	0	0	3	0	0	5	5	0	0	3	0	5	5	7	5	3	0	0	0	0	5	0	5	0	5	0	5	10	3	5	5	3	3	0	3	5	6	5	0	0	0	3	5	3	0	5	7	3	0	3	5	6	5	3	3	8	6	0	5	5	0	0	3	0	0	5	0	6	5	3	0	0	0	0	5	0	6	3	0	0	0	3	5	5	7	5	0	0	3	0	5	3	7	6	5	7	3	10	5	5	0	3	3	0	8	0	0	0	5	5	3	0	3	5	0	3	6	5	0	3	0	0	5	5	0	5	0	6	0	3	5	3	7	0	0	3	5	3	3	0	5	0	0	3	3	5	5	5	3	0	3	3	3	0	0	0	5	5	5	3	5	3	0	3	9	6	3	0	0	5	8	3	3	3	3	7	0	3	5	5	0	5	3	3	5	5	5	0	0	3	5	0	3	5	3	0	0	3	3	5	5	0	3	0	5	5	3	3	3	3	5	0	5	3	3	0	3	0	5	5	0	3	0	0	3	3	0	5	0	6	0	0	0	0	5	5	0	5	3	0	3	6	6	5	3	5	5	0	0	0	6	0	5	5	0	5	5	3	0	0	5	3	3	6	0	3	7	0	0	0	6	0	8	0	3	5	8	0	6	5	0	3	0	0	3	5	6	3	5	3	5	0	5	5	5	3	5	3	0	0	7	5	5	3	7	5	5	5	0	10	6	0	6	5	3	0	5	3	9	9	3	10	3	0	5	6	3	0	0	0	0	5	0	7	3	3	3	5	3	8	5	3	3	0	6	6	7	5	7	3	5	0	3	3	3	5	5	5	0	3	3	5	5	3	3	5	5	5	3	8	0	3	0	0	5	5	7	0	0	3	0	0	3	3	3	3	3	0	0	3	5	3	7	5	5	3	0	0	10	3	3	3	3	0	6	3	5	0	5	5	3	3	5	3	10	0	5	0	7	5	5	0	3	0	5	3	5	0	5	3	0	5	3	0	0	5	5	0	0	5	0	0	0	5	3	0	0	5	3	3	3	3	0	0	6	3	0	0	0	0	7	0	3	5	0	3	5	3	5	7	0	3	3	0	5	7	3	0	6	3	0	3	8	3	3	9	0	0	5	3	6	3	3	0	5	5	0	0	0	0	5	3	5	5	3	3	3	5	5	0	8	3	5	3	0	3	0	7	0	5	5	0	6	0	0	5	0	5	5	3	6	0	0	0	9	0	5	3	0	0	7	3	0	3	3	0	5	5	3	3	5	0	5	0	0	0	0	0	3	5	0	0	5	5	3	5	5	0	5	3	5	3	0	3	5	5	5	5	7	5	5	0	0	0	5	3	8	0	0	0	3	0	0	6	3	0	5	7	0	3	3	0	7	5	0	6	5	3	3	3	0	0	3	3	5	3	8	0	5	7	10	3	10
2024.85393210397	0	3	5	3	3	5	3	0	0	0	3	0	3	5	3	7	5	5	5	5	5	0	3	5	3	3	0	3	3	5	3	0	3	5	5	0	3	7	5	0	5	5	0	0	0	3	3	0	5	3	0	0	3	3	0	5	3	0	5	0	0	0	3	3	5	3	5	3	6	5	0	5	5	0	3	0	5	5	7	8	3	3	8	5	0	3	6	3	0	3	3	0	0	0	0	5	3	5	5	3	5	3	3	7	7	0	6	0	0	3	0	5	7	3	0	6	0	3	0	5	3	6	3	3	5	0	0	5	0	0	3	0	3	3	3	6	0	5	0	3	5	0	3	0	0	5	0	5	5	3	0	3	3	7	0	3	3	0	0	5	0	5	0	3	7	0	0	3	5	0	3	3	0	3	0	5	5	5	0	5	5	3	3	5	8	3	0	5	0	5	0	0	5	8	5	0	3	3	6	7	3	3	5	3	0	5	0	0	5	3	5	3	3	5	0	3	6	5	0	6	0	3	0	0	3	5	3	3	0	3	0	0	5	5	3	0	5	5	3	6	3	7	0	3	0	3	7	3	3	9	9	5	5	9	5	0	5	5	0	3	5	5	3	9	5	3	0	5	0	0	3	3	3	10	5	3	0	3	5	0	0	0	3	3	9	5	3	5	3	3	8	0	3	3	5	3	3	3	7	0	3	3	0	3	5	0	5	5	0	0	3	3	3	3	5	0	3	3	0	5	3	5	3	7	3	3	3	5	0	5	5	5	0	0	0	5	5	7	3	5	3	5	0	5	0	0	0	0	3	3	5	0	5	0	0	5	3	3	5	5	0	5	5	3	5	3	5	5	0	3	0	0	0	3	5	10	5	3	3	7	5	0	3	0	3	0	3	3	5	9	5	6	3	0	0	0	0	9	0	7	3	5	0	5	10	0	5	3	3	3	0	5	3	6	5	0	0	0	3	3	3	0	5	7	3	0	3	5	3	5	3	3	0	3	0	3	3	0	0	3	0	3	0	3	5	3	5	5	0	0	0	5	3	0	3	0	3	0	3	9	5	3	0	0	0	5	0	7	3	6	3	5	3	5	10	0	6	0	0	3	0	10	0	0	5	5	3	3	0	3	7	0	3	6	5	0	3	3	0	3	5	0	3	5	5	5	0	5	3	3	0	0	3	5	3	5	0	3	3	0	5	0	3	3	5	0	0	0	7	3	0	0	0	5	5	5	3	5	0	0	3	5	6	0	0	3	3	0	3	0	5	0	7	3	0	5	0	3	5	0	0	9	6	5	0	5	3	3	0	3	5	3	0	0	0	0	0	5	0	3	0	5	3	3	3	3	0	5	3	5	3	5	3	5	3	3	5	0	3	0	3	7	3	0	5	0	3	0	3	5	5	5	5	0	3	3	3	5	5	5	5	0	5	5	3	0	5	3	0	5	5	3	5	7	7	3	0	5	3	3	5	0	3	3	0	3	0	3	3	6	0	5	0	6	5	3	5	3	7	0	3	5	0	5	3	3	3	5	3	0	3	5	3	5	5	0	3	6	5	5	3	3	5	5	5	0	9	3	5	3	0	0	3	0	3	6	11	0	8	5	3	5	5	0	0	0	0	0	7	3	7	0	0	0	5	5	5	3	0	0	3	6	0	5	5	7	5	5	0	5	3	3	9	5	5	3	3	5	7	9	3	3	5	3	9	3	5	0	0	0	0	5	3	6	0	0	5	3	3	3	5	3	5	3	5	0	3	3	5	3	5	7	3	3	0	9	5	5	3	3	0	6	3	0	5	0	3	3	5	0	3	8	0	5	3	10	3	5	0	0	3	5	0	0	0	3	3	3	6	3	3	0	3	0	0	3	5	0	3	0	5	3	3	0	5	5	3	3	3	0	5	6	0	3	0	3	3	5	0	0	7	3	5	5	5	3	3	0	3	0	3	0	7	3	0	8	3	0	3	0	6	3	3	0	0	5	5	6	3	0	0	5	5	0	0	5	3	3	0	0	5	3	3	0	5	0	5	12	3	5	3	0	3	5	3	0	5	0	0	3	0	3	0	0	5	3	3	6	3	0	0	9	0	5	0	3	0	3	3	0	5	3	0	5	7	5	5	5	0	5	0	0	0	3	3	3	5	3	3	0	5	3	5	5	5	5	3	9	3	0	0	0	7	5	5	3	5	3	0	5	0	0	5	0	0	0	3	3	0	0	0	0	0	5	3	0	0	3	0	5	0	0	3	3	5	3	0	0	3	3	3	7	7	10	3	0	0	8	6	8
2024.87115754374	0	5	5	3	3	6	0	3	0	0	0	0	3	3	5	5	3	5	3	0	3	0	0	3	3	3	0	5	3	3	7	0	0	7	3	0	3	5	5	3	3	7	0	0	0	0	0	0	7	0	0	0	3	3	0	3	3	0	5	0	0	0	3	0	7	3	5	3	5	5	8	0	3	0	3	0	3	5	3	3	0	3	0	0	3	3	5	5	0	3	3	0	0	0	0	3	0	5	0	7	3	5	3	3	6	0	6	0	5	3	0	3	5	0	5	5	0	0	0	6	5	6	3	0	0	3	3	7	0	0	5	0	3	3	7	3	3	5	0	5	3	0	0	3	0	7	0	3	5	3	0	3	3	3	0	3	5	3	5	3	0	3	3	5	5	3	3	0	0	0	3	3	0	3	0	3	0	0	0	7	5	0	3	3	8	3	5	3	3	5	3	0	0	0	3	3	5	5	3	6	5	3	9	3	0	3	5	0	5	0	3	0	3	0	3	3	3	9	0	5	0	5	3	0	5	5	3	0	5	3	3	3	0	5	0	0	7	3	0	3	7	3	3	5	0	0	6	3	5	5	8	3	0	5	3	0	5	7	0	3	8	3	8	5	3	0	3	6	0	0	3	0	3	3	5	5	3	0	5	0	5	0	3	3	6	0	5	5	3	0	5	0	3	3	5	3	5	7	7	0	0	6	3	5	0	0	5	0	0	0	3	0	5	0	7	0	0	3	8	5	3	3	3	6	3	0	5	5	0	5	0	5	0	0	3	7	3	7	3	0	0	3	0	3	0	3	0	0	3	3	8	0	3	5	0	5	5	0	5	0	0	0	0	5	0	3	7	3	0	3	3	0	3	5	0	6	3	5	6	6	5	3	0	0	3	0	3	3	3	8	0	6	3	3	0	0	0	5	5	7	3	3	5	0	0	0	0	3	3	3	0	7	3	5	0	5	3	0	3	0	5	0	0	7	5	0	3	8	0	0	3	0	0	3	0	3	3	3	0	0	3	5	3	3	5	3	3	5	3	3	3	5	3	0	0	0	5	3	3	5	7	0	3	0	0	3	0	5	3	0	3	0	0	3	3	3	10	0	0	3	3	5	5	0	5	3	3	3	3	0	7	3	3	0	0	0	0	3	0	3	3	3	3	5	5	5	0	5	0	0	0	5	7	3	0	5	0	0	3	0	7	0	3	3	6	0	3	0	6	0	0	0	0	0	7	5	5	0	0	5	3	0	3	0	0	3	0	0	0	3	3	0	6	5	0	0	0	3	5	0	0	8	3	3	3	7	6	5	0	0	3	0	0	0	5	0	0	3	0	3	0	5	3	0	0	5	3	3	5	0	0	3	5	3	3	3	3	0	0	0	3	6	3	9	0	3	0	5	5	7	5	5	0	3	0	3	5	7	7	5	3	3	0	3	3	5	5	0	0	3	0	5	5	3	6	3	3	6	3	0	3	0	0	3	0	3	0	0	3	5	0	5	0	5	7	3	3	7	6	0	3	8	0	3	5	5	0	3	6	0	0	3	3	5	5	0	3	0	3	0	5	0	3	0	0	0	5	0	5	0	0	3	5	0	3	3	3	0	0	5	5	3	5	3	0	0	0	0	3	3	6	0	0	0	0	7	3	0	0	3	5	6	0	3	3	6	5	5	0	5	3	0	5	3	3	3	0	5	3	5	5	3	3	3	5	0	5	0	0	0	0	3	6	3	0	0	5	3	3	3	9	0	3	0	5	0	3	0	3	0	3	5	0	3	0	0	6	3	7	3	0	3	3	0	5	0	0	3	3	3	3	0	0	0	3	6	0	3	0	0	5	7	0	0	0	3	0	3	6	3	3	0	0	3	0	5	6	0	3	5	3	0	3	0	3	3	0	3	0	3	7	3	0	3	3	7	3	3	3	0	3	3	7	0	5	5	0	0	3	0	3	0	3	3	0	3	3	0	3	0	8	0	0	0	3	3	5	3	3	0	3	3	3	3	3	7	3	3	0	3	7	3	3	0	3	0	5	5	3	3	0	3	0	5	0	0	0	0	0	0	3	5	0	0	7	3	5	6	7	5	0	3	0	0	0	3	3	0	3	5	3	0	3	3	7	7	5	5	0	3	0	0	0	3	3	5	3	3	3	0	3	0	3	0	5	0	0	5	3	3	3	0	7	3	3	0	3	3	0	5	3	0	5	0	0	3	3	0	0	8	0	3	0	0	0	0	0	0	5	3	0	3	3	0	7	3	3	0	6	3	0	5	6	6	5	3	0	0	8	0
2024.88838298351	0	3	0	3	6	3	0	3	0	0	3	3	0	0	5	5	3	0	0	3	0	0	0	5	3	3	0	7	3	5	7	3	0	7	3	0	3	5	5	3	0	3	0	0	0	0	0	3	3	0	0	0	3	3	0	3	0	3	0	0	3	0	3	0	3	3	3	0	3	3	8	3	5	0	3	0	3	3	0	3	0	7	0	3	5	6	5	3	3	3	3	0	0	0	5	0	0	5	0	5	5	5	3	0	0	3	5	3	5	3	0	0	0	0	7	5	0	0	3	3	5	5	5	0	0	3	5	6	3	6	3	0	5	3	5	3	5	3	0	3	3	0	3	3	0	7	0	0	3	3	0	3	5	0	5	0	5	3	7	0	5	3	3	5	3	3	5	3	0	0	0	5	0	3	3	0	0	0	0	7	3	3	3	3	5	6	7	3	6	3	3	0	5	0	3	3	3	5	3	0	3	0	5	0	0	3	7	0	3	3	5	0	3	3	5	0	0	8	3	5	3	5	3	0	7	3	0	0	7	0	3	3	3	0	3	3	3	3	0	0	6	3	5	5	0	3	0	3	3	0	0	0	3	0	5	0	5	5	3	7	5	5	8	3	0	0	5	3	3	0	3	3	5	0	0	7	3	0	7	3	5	0	6	0	0	3	5	0	3	0	5	3	7	3	5	0	5	7	3	7	0	3	3	5	0	0	3	3	3	0	5	3	5	0	7	3	3	5	8	7	3	0	3	3	5	0	5	5	0	3	5	0	3	0	3	5	0	0	0	3	3	3	0	0	0	3	3	0	0	0	5	0	0	7	0	5	3	0	3	0	0	5	3	3	3	3	5	0	0	3	3	0	3	5	0	3	5	5	3	6	6	5	0	3	3	3	0	0	3	0	0	3	0	3	0	3	3	0	7	0	0	0	7	3	0	0	3	3	3	0	0	6	3	5	3	5	3	0	3	0	5	0	0	3	5	0	3	5	0	0	5	0	0	0	3	3	3	3	0	0	3	3	5	0	5	0	0	5	5	5	3	3	3	0	0	7	5	7	6	0	3	0	5	3	3	0	0	5	3	0	0	3	0	0	0	5	8	0	0	3	3	5	5	0	5	3	3	0	3	3	0	5	3	0	0	0	0	5	0	3	3	5	3	5	0	5	0	3	0	0	3	5	6	0	0	3	0	3	5	3	3	3	3	0	3	0	3	0	3	0	0	0	3	0	3	0	6	0	0	5	6	0	0	0	0	3	0	0	0	3	0	0	0	7	0	3	5	0	0	3	3	0	3	0	3	3	3	5	3	0	3	0	3	3	5	0	0	5	0	0	3	0	0	0	0	5	3	0	5	3	0	0	5	3	5	3	0	0	0	0	3	6	6	9	0	3	0	7	5	3	3	0	3	5	0	6	3	3	3	5	3	3	0	5	3	9	7	0	0	3	5	5	5	3	0	3	5	5	0	0	0	3	0	0	5	3	5	0	3	3	3	0	3	5	6	0	0	6	3	0	0	8	3	0	5	5	0	0	6	3	0	0	3	3	3	0	3	0	5	0	5	0	5	0	3	0	3	0	7	0	0	3	3	0	3	0	0	3	0	0	7	3	0	3	3	0	0	3	3	3	0	3	0	0	3	5	0	0	0	3	5	8	0	0	0	0	3	3	0	3	3	3	0	0	5	0	0	0	0	3	5	3	5	0	3	0	5	3	0	3	3	0	5	0	0	3	0	0	0	0	8	3	0	0	7	3	3	0	0	0	0	5	3	3	0	0	3	3	6	0	5	0	5	0	3	5	3	0	0	5	3	0	0	3	3	0	3	0	3	0	5	3	0	0	0	0	0	3	3	0	7	3	0	3	0	5	3	3	0	7	0	3	0	0	0	0	0	3	0	5	3	0	0	0	3	7	0	0	5	0	3	3	5	3	3	3	0	3	6	0	0	3	3	3	3	3	0	0	6	0	3	0	0	0	3	0	0	0	3	0	5	3	0	3	3	3	0	3	0	3	3	0	3	3	0	0	3	0	0	3	0	3	0	5	0	0	3	3	0	0	3	7	5	0	3	0	3	8	5	5	3	0	0	3	0	0	3	0	3	5	3	0	3	0	0	7	3	3	5	0	3	3	3	3	5	5	0	5	3	3	3	0	0	3	7	3	0	0	0	5	3	0	0	5	0	0	3	0	0	3	3	5	0	0	0	3	5	3	3	8	0	5	0	0	0	0	0	0	5	0	3	3	0	0	6	3	3	3	3	0	0	0	0	3	5	3	0	0	3	0
2024.90560842328	6	3	3	3	8	3	3	6	8	6	6	6	3	3	3	3	6	3	6	6	3	6	6	8	6	3	8	8	3	8	8	6	3	6	3	3	3	3	6	3	6	6	3	3	3	3	3	6	6	8	3	6	3	3	6	6	3	6	6	6	6	3	3	6	3	3	6	3	6	3	8	6	8	8	8	6	3	6	3	6	3	8	3	6	8	6	3	6	6	6	3	3	3	3	8	8	3	6	6	3	8	3	3	3	3	6	6	6	8	3	3	3	3	3	9	6	6	3	6	6	6	6	6	6	3	6	6	5	6	8	6	6	10	3	3	3	6	3	6	8	3	6	6	3	6	8	6	3	6	3	3	6	8	3	8	3	3	3	6	6	8	8	6	6	3	6	9	6	8	6	3	6	6	8	6	6	6	3	3	6	6	6	3	6	3	6	6	3	6	6	8	3	8	3	8	3	6	8	6	3	6	3	6	3	6	6	9	6	6	6	6	3	3	6	9	3	3	6	6	6	6	6	3	3	6	3	3	3	9	3	6	3	6	6	6	6	3	3	3	3	3	6	8	7	3	6	3	6	3	3	3	3	6	3	8	3	6	8	6	10	6	8	6	3	3	6	9	3	8	3	6	6	6	3	6	8	6	3	8	6	3	6	8	3	3	6	3	3	3	3	3	6	8	3	8	3	8	6	6	11	3	3	6	8	3	6	3	6	6	3	6	6	6	6	6	8	6	8	8	8	3	6	3	3	8	6	3	6	3	3	8	6	6	3	3	6	3	3	6	6	8	6	3	3	3	3	6	3	3	3	6	3	3	6	3	3	6	3	6	3	6	8	6	6	6	6	6	3	3	3	6	6	3	6	3	3	8	3	3	6	6	6	3	6	6	6	3	3	6	3	3	3	6	6	3	6	6	3	6	3	3	3	11	6	3	6	6	6	3	3	6	5	6	6	6	6	6	3	3	6	8	8	3	6	3	3	3	6	3	8	6	3	6	3	6	6	3	3	3	3	6	8	8	3	6	3	6	3	8	6	6	3	3	6	3	11	3	9	8	3	6	6	8	6	8	6	3	6	3	3	3	6	6	6	3	8	8	6	3	6	6	6	8	3	6	3	3	3	3	6	3	8	6	6	3	3	3	8	6	6	6	9	3	6	6	6	6	3	6	3	6	8	3	6	3	6	6	6	8	6	3	8	3	3	3	3	6	3	3	6	3	8	6	8	3	3	6	8	6	6	8	3	3	3	3	3	6	3	3	3	6	3	3	8	3	6	8	3	3	6	8	3	3	3	6	3	3	8	6	6	3	3	8	6	3	6	8	8	3	3	8	6	3	6	3	8	6	3	6	6	3	3	6	6	10	6	3	3	3	3	8	6	8	10	8	3	3	6	3	6	8	3	6	9	3	8	6	3	6	6	8	6	6	8	6	10	8	3	6	3	8	3	6	3	3	3	8	8	3	6	3	6	3	3	8	8	7	3	3	6	6	6	6	3	6	3	6	6	3	3	3	6	6	3	6	6	3	6	6	8	3	6	3	6	6	6	6	3	8	6	6	3	8	8	6	3	3	3	8	3	6	3	6	3	3	3	3	8	3	3	6	3	6	6	6	3	3	6	6	6	6	6	6	3	8	6	6	6	3	8	6	8	3	3	3	3	3	3	3	6	3	8	3	3	8	3	3	6	3	3	8	6	8	3	3	3	3	8	6	8	7	3	6	6	3	6	3	3	3	3	6	8	6	3	8	6	3	6	3	3	3	6	6	3	6	3	6	6	3	3	8	3	6	6	8	8	6	3	3	8	6	3	6	6	8	3	6	3	6	3	6	3	3	3	6	3	3	6	3	3	10	8	3	3	3	6	3	6	3	6	3	6	3	3	6	3	6	3	6	6	6	3	6	3	6	6	6	3	9	3	3	8	6	6	6	8	3	6	6	3	3	6	6	3	6	6	6	6	8	6	3	6	3	6	6	3	3	3	3	3	8	3	3	6	6	6	3	3	3	6	6	3	6	8	3	6	6	3	6	6	3	8	3	6	3	6	6	6	3	3	8	8	8	3	6	3	6	8	6	8	6	3	6	6	3	3	6	3	3	6	6	3	6	3	3	6	3	6	8	6	8	8	6	6	6	8	6	6	3	6	3	6	3	8	8	6	3	3	3	9	6	3	3	6	3	3	3	3	6	3	3	8	3	6	3	6	10	10	6	8	3	6	3	3	6	6	6	6	6	3	6	6	3	6	6	6	6	8	3	3	3	3	3	3	3	3	3	3	3	3
2024.92283386305	7	5	7	5	5	5	5	5	9	7	7	5	5	5	7	5	5	5	7	5	5	7	7	5	5	5	9	7	5	5	5	7	5	5	5	5	5	5	5	5	9	7	5	5	5	5	5	7	7	9	5	7	5	5	9	5	5	5	9	7	5	5	5	7	5	5	5	5	5	5	5	7	7	9	7	7	5	8	5	7	7	9	5	5	5	5	5	5	5	5	5	5	5	5	5	9	5	7	7	5	7	5	5	5	5	5	5	5	5	5	5	5	5	5	9	7	7	5	5	5	5	5	5	7	5	5	7	5	9	5	5	7	7	5	5	5	7	5	7	9	5	9	7	5	7	7	7	9	5	5	5	5	7	5	7	5	5	5	5	7	5	8	5	5	5	5	7	7	9	7	5	5	7	7	5	7	9	5	5	5	5	5	5	7	8	5	7	5	5	5	7	5	9	5	7	5	7	7	8	5	5	5	5	5	7	8	7	7	5	5	5	5	5	7	7	5	5	5	7	5	7	5	5	7	7	5	5	5	7	5	7	5	5	9	5	9	8	5	5	5	5	5	5	5	5	7	5	7	5	5	5	7	7	5	5	5	5	5	5	9	5	5	5	5	5	9	7	5	9	5	5	7	5	8	7	7	5	5	8	7	5	7	5	5	5	5	5	7	5	7	5	5	9	5	8	5	7	5	5	9	7	5	5	5	5	9	7	7	5	5	5	7	5	7	5	7	7	8	5	8	5	9	5	5	5	7	5	5	5	5	5	7	5	5	5	5	5	5	7	7	8	5	5	5	5	5	5	5	5	5	5	5	7	5	5	5	8	5	5	5	7	7	7	7	5	5	5	9	5	5	5	7	5	5	5	5	7	7	5	5	5	5	7	7	7	5	5	5	5	5	5	7	7	9	5	9	7	5	5	5	5	5	9	7	5	7	5	5	5	5	7	5	8	5	5	9	8	5	5	7	5	9	5	5	5	5	5	5	5	9	5	5	7	5	5	5	5	5	7	5	5	9	5	5	5	5	9	5	5	5	5	5	5	7	5	9	7	5	5	5	5	8	5	7	7	7	5	5	5	5	5	5	8	7	8	5	5	7	5	5	5	5	5	5	5	5	5	5	5	7	5	7	5	7	7	5	5	8	7	7	5	7	5	7	7	7	7	5	9	5	5	7	5	7	5	5	7	7	8	7	8	9	5	5	5	5	7	5	5	7	5	9	5	9	5	5	7	9	7	5	5	5	5	7	7	5	8	5	5	5	7	5	5	7	7	7	5	5	5	5	9	5	5	5	5	5	5	5	7	9	5	5	9	5	5	7	9	5	5	5	7	9	5	7	5	8	7	8	5	5	5	5	9	5	9	8	9	7	5	5	9	5	9	5	9	5	5	5	5	5	9	5	5	7	7	5	7	5	5	5	8	7	7	5	7	7	8	5	7	5	5	5	5	5	5	5	9	5	5	7	5	7	5	5	5	7	9	5	5	5	7	7	5	5	7	5	9	5	5	5	5	5	5	5	5	5	5	7	5	9	7	9	5	5	7	7	5	5	5	9	5	5	7	9	7	5	5	5	9	5	7	5	5	5	5	5	5	9	5	7	7	5	7	5	5	5	5	5	5	5	8	5	7	5	7	5	7	7	5	9	5	5	5	5	5	5	5	5	5	7	5	7	5	5	7	5	5	9	5	5	5	5	7	5	5	5	5	7	7	9	9	5	5	7	5	5	7	5	5	5	5	7	7	5	9	5	5	7	5	5	5	5	7	5	7	5	5	5	5	5	5	5	5	7	9	5	7	5	8	5	5	5	9	5	7	5	7	5	5	5	5	5	5	5	7	5	5	5	7	5	9	7	7	5	5	7	5	7	5	7	5	7	5	5	9	5	9	5	9	5	5	5	7	5	9	5	7	5	7	5	5	7	5	7	7	8	5	5	5	5	5	7	5	5	7	8	7	9	9	7	5	7	5	9	9	7	5	5	5	7	9	5	5	7	5	5	5	5	5	5	7	5	5	9	5	7	5	5	7	7	5	7	5	7	5	7	5	5	5	5	7	9	9	5	5	5	7	5	5	7	5	5	9	5	7	5	5	5	5	5	5	5	5	8	5	5	5	5	5	9	7	7	7	7	5	8	7	5	5	7	5	7	5	8	8	7	5	5	5	7	7	5	5	5	5	5	5	5	7	7	5	5	5	7	5	5	7	11	7	5	7	7	5	5	7	7	9	8	5	5	9	5	5	8	5	9	7	7	5	8	5	5	5	5	5	5	5	5	5	5
2024.94005930282	4	4	6	4	4	4	4	4	6	4	4	4	4	4	6	4	4	4	4	4	4	6	7	4	4	4	6	4	4	4	4	4	4	4	4	4	7	4	4	4	7	4	4	4	4	4	4	4	4	7	4	4	4	4	8	4	4	4	8	6	4	4	4	6	7	4	4	4	4	4	4	4	4	4	4	4	4	7	4	4	6	4	4	4	4	4	4	4	4	4	4	4	4	4	4	4	4	4	4	4	4	4	4	4	4	4	4	4	4	4	4	4	4	4	7	4	4	4	4	4	4	4	4	6	4	4	4	4	7	4	4	6	4	4	4	4	4	4	6	4	4	7	4	4	4	4	4	8	4	4	4	4	4	4	4	4	4	4	4	4	4	4	4	4	4	4	4	4	4	4	4	4	4	4	4	7	6	4	4	4	4	4	4	4	7	4	4	4	4	4	4	4	4	4	4	4	4	6	4	4	4	4	4	7	4	7	4	4	4	4	4	4	4	4	4	4	4	4	7	4	4	4	4	6	4	4	4	4	4	4	4	4	4	8	4	7	7	4	4	4	4	4	4	7	4	4	4	4	4	4	4	6	4	4	4	4	4	4	4	4	4	4	4	4	4	8	4	4	7	4	4	4	4	7	4	4	4	4	7	4	4	8	7	4	4	4	4	6	4	8	4	4	4	4	4	4	4	4	4	7	6	4	4	4	4	7	6	4	4	4	4	4	4	4	4	4	4	4	4	7	4	7	7	4	4	6	4	4	4	4	4	6	4	4	4	4	4	4	4	4	4	4	4	4	4	4	4	4	4	4	4	4	6	4	4	4	4	4	4	4	6	4	4	6	4	4	4	8	4	4	4	4	4	7	4	4	4	6	4	4	4	4	8	4	6	4	4	4	4	4	4	6	4	7	4	7	4	4	4	4	4	4	6	4	4	4	4	4	4	4	4	4	7	4	4	7	4	4	4	7	4	4	4	4	4	4	4	4	4	4	4	4	4	4	4	4	4	4	6	4	4	4	4	4	4	4	7	4	4	4	4	4	4	6	4	7	6	4	4	4	4	4	4	4	4	7	4	4	7	4	4	4	4	6	7	4	4	4	4	4	4	4	4	4	4	4	4	4	4	4	4	4	4	6	6	4	4	4	8	4	4	4	4	4	6	4	4	4	7	4	4	4	4	4	4	4	7	4	4	4	7	4	4	4	4	4	4	4	4	4	4	4	4	7	4	4	4	4	4	4	4	4	4	6	6	4	4	4	4	4	6	4	4	4	6	4	4	4	4	4	6	4	4	4	4	7	4	4	4	8	4	4	4	4	4	4	7	4	4	4	6	8	4	7	4	4	4	7	4	4	4	4	8	4	4	7	8	6	4	4	6	4	6	4	7	4	4	4	4	4	7	4	4	4	6	4	6	4	4	4	4	6	4	4	4	4	7	4	4	4	4	4	4	4	4	4	7	4	4	4	4	4	4	4	4	6	6	4	4	4	4	4	4	4	4	4	8	4	4	4	4	4	4	4	4	4	4	4	4	4	6	7	4	4	6	4	4	4	4	6	4	4	4	4	4	4	4	4	6	4	4	4	4	4	4	4	4	7	4	6	4	4	6	4	4	4	4	4	4	4	7	4	6	4	4	4	4	7	4	4	4	4	4	4	4	4	4	4	4	6	4	6	4	4	4	4	4	8	4	4	4	4	4	4	4	4	4	6	4	4	6	4	4	4	4	4	6	4	4	4	4	6	6	4	6	4	4	7	4	4	4	4	4	4	4	4	4	4	7	4	4	4	4	4	7	4	4	4	7	4	4	4	7	4	6	4	4	4	4	4	7	4	4	4	4	4	4	4	6	4	4	6	6	4	4	4	4	4	4	4	4	4	4	4	8	4	8	4	8	4	4	4	4	4	7	4	4	4	4	4	4	4	4	4	6	7	4	4	4	4	4	4	4	4	7	7	6	7	6	4	4	4	4	7	7	6	4	4	4	6	7	4	4	6	4	4	4	4	4	4	4	4	4	7	4	4	4	4	6	4	4	4	4	4	4	4	4	4	4	4	4	4	4	4	4	4	4	4	4	4	4	4	7	4	6	4	4	4	7	4	4	4	4	7	4	4	4	4	4	7	4	4	4	6	4	4	4	4	4	4	4	4	4	4	7	4	4	4	4	4	4	4	4	4	4	4	4	4	4	6	4	4	4	4	4	4	4	8	4	4	6	4	4	4	4	4	7	4	4	4	7	4	4	4	4	7	4	6	4	7	4	4	4	4	4	4	4	4	4	4
2024.9572847426	2	2	2	2	2	5	2	2	2	2	2	2	2	2	2	2	2	2	2	2	2	5	5	2	2	2	2	2	2	2	2	2	2	2	2	2	5	2	2	2	2	2	2	2	2	2	2	2	2	2	2	2	2	2	2	2	2	2	2	2	2	2	2	2	5	2	2	2	2	2	2	2	2	2	2	2	2	2	2	2	2	2	2	2	2	2	2	2	2	2	5	2	2	2	2	2	5	2	2	2	2	2	2	2	2	2	2	2	2	2	2	2	2	2	2	2	2	2	2	2	2	2	2	2	2	2	2	2	2	2	2	2	2	2	2	2	2	2	2	2	2	5	2	2	5	2	2	5	2	2	2	2	2	2	2	2	2	2	2	2	2	2	2	2	2	2	2	2	2	2	2	2	2	2	2	5	2	2	2	2	2	2	2	2	2	2	2	2	2	2	2	2	2	2	2	2	2	2	2	2	2	2	2	5	2	2	2	2	2	5	2	2	2	2	2	2	2	2	5	2	2	2	2	2	2	2	2	2	2	2	2	2	2	2	2	5	2	2	2	2	2	2	2	5	2	2	2	2	2	2	2	5	5	2	2	2	2	2	2	2	2	2	2	2	2	2	2	2	2	2	2	2	2	5	2	2	2	2	2	2	2	5	5	2	2	2	2	2	2	5	2	2	2	5	2	2	2	2	2	2	2	2	2	2	2	2	2	2	2	2	2	2	5	2	2	2	2	2	2	2	2	2	5	2	2	2	2	2	2	2	2	5	2	2	2	2	2	2	2	2	2	2	2	2	2	2	2	2	5	2	2	2	5	2	2	2	2	2	2	2	2	2	2	2	2	2	2	5	2	2	2	5	2	5	2	2	2	2	2	2	2	2	5	2	2	2	2	2	2	2	2	2	2	5	2	5	2	2	2	2	2	2	2	2	2	5	2	2	2	2	2	2	2	2	2	2	2	2	2	5	2	2	2	2	2	2	2	2	2	2	2	2	2	2	2	2	2	2	2	2	2	2	2	2	2	5	2	2	2	2	2	2	2	5	2	2	2	2	2	2	2	2	2	2	2	5	2	2	5	2	2	2	2	2	5	2	2	5	2	2	2	2	2	2	2	2	5	2	2	2	2	2	2	2	2	2	2	2	5	2	2	2	2	2	2	2	2	2	2	2	2	2	2	2	2	2	5	5	2	2	2	2	2	2	2	2	2	2	2	2	2	2	2	2	2	2	2	2	2	2	2	2	2	2	2	2	2	2	2	2	2	2	2	2	2	2	2	2	2	2	2	2	2	2	2	5	5	2	2	2	2	2	2	2	2	2	2	2	2	2	2	2	2	5	2	2	2	2	2	2	2	2	5	2	2	2	5	2	2	2	2	2	2	2	2	2	2	2	2	2	2	2	2	2	4	2	2	2	2	2	2	2	2	2	2	2	2	2	5	2	2	2	2	2	2	2	5	2	2	2	2	2	2	2	2	2	2	2	5	2	2	2	2	2	2	2	2	2	2	2	2	2	2	2	2	2	2	2	2	2	2	5	2	2	2	2	2	2	2	2	2	5	2	2	5	2	2	2	2	2	2	2	2	2	2	2	2	2	2	2	2	2	2	2	2	2	2	2	2	2	2	2	2	2	2	2	2	5	2	2	2	2	2	2	2	2	2	2	2	2	2	2	2	2	2	2	2	2	2	2	2	2	2	2	2	2	2	2	5	2	2	2	2	2	2	2	2	2	2	2	2	2	5	2	2	2	2	5	2	2	2	2	2	2	2	2	2	2	5	2	2	2	2	2	2	2	5	2	5	2	2	2	5	2	2	2	2	2	2	2	5	2	2	2	2	2	2	2	2	5	2	2	2	5	2	2	2	2	2	2	2	2	2	2	2	2	2	2	2	2	2	2	2	2	5	2	2	2	2	2	2	2	2	2	2	2	2	2	2	2	2	2	2	2	5	2	2	5	2	2	2	2	2	2	2	5	2	2	2	2	5	2	2	2	2	2	2	2	2	2	2	2	2	2	2	2	2	2	2	2	2	2	2	2	2	2	2	2	2	2	2	2	2	2	2	5	2	2	2	2	2	2	2	2	2	2	2	5	5	2	2	2	2	2	2	2	2	2	2	2	2	2	2	2	2	2	2	2	5	2	2	2	2	2	2	2	2	2	2	2	2	2	2	2	2	2	2	2	2	2	2	2	2	2	2	2	2	2	2	2	2	2	2	2	2	2	2	2	2	2	2	2	2	2	2	5	2	2	2	5	2	2	2	2	2	2	2	2	2	2
2024.97451018237	0	0	0	0	0	3	0	0	0	0	0	0	0	0	0	0	0	0	0	0	0	3	0	0	0	0	0	0	0	0	0	0	0	0	0	0	0	0	0	0	0	0	0	0	0	0	0	0	0	0	0	0	0	0	0	0	0	0	0	3	0	0	0	0	3	0	0	0	0	0	0	3	0	0	0	0	0	0	0	3	0	0	3	0	0	0	0	0	0	0	3	3	0	0	0	0	3	0	0	0	0	0	0	0	0	0	0	0	0	0	0	0	0	0	0	0	0	0	0	0	0	0	0	0	0	0	0	0	0	0	0	3	0	0	0	0	0	0	3	0	0	0	0	0	3	0	0	0	0	0	0	0	0	0	0	0	0	0	0	0	0	0	0	0	0	0	0	0	0	0	0	0	0	0	0	0	0	0	0	0	0	0	0	0	0	0	0	0	0	0	0	0	0	0	0	0	0	0	0	0	0	0	0	0	0	0	0	0	0	3	0	0	0	3	0	0	0	0	0	0	0	0	0	0	0	0	0	0	0	0	0	0	0	0	0	0	0	0	0	0	0	0	0	3	0	0	0	0	0	0	0	3	3	0	0	0	0	0	0	0	0	0	0	0	0	0	0	0	0	0	0	0	0	0	0	0	0	0	0	0	0	0	0	0	0	0	0	0	0	0	0	0	0	3	0	0	0	0	0	0	0	0	0	0	0	0	0	3	0	3	0	0	3	0	0	0	0	0	0	0	0	0	0	0	0	0	0	0	0	0	0	3	0	0	0	3	0	0	0	3	0	0	0	0	0	0	0	0	3	0	0	0	3	0	0	0	0	0	0	0	0	0	0	0	0	0	3	0	0	0	0	3	0	0	0	0	0	0	0	0	0	0	0	0	0	0	0	0	3	0	0	0	0	0	0	0	0	0	0	0	0	0	0	0	0	3	0	0	0	0	0	0	0	0	3	0	0	0	0	0	0	0	0	0	0	0	0	0	0	0	0	0	0	0	0	0	0	0	0	0	0	0	0	0	0	3	0	0	0	0	0	0	0	3	0	0	0	0	0	0	0	0	0	0	0	0	0	0	0	0	0	0	0	0	0	0	0	3	0	0	0	0	0	0	0	0	3	0	0	0	0	0	0	0	0	0	0	0	0	0	3	0	0	0	0	0	0	0	0	0	0	0	0	0	0	0	0	3	0	0	0	0	0	0	0	0	0	0	0	0	0	0	0	0	0	0	0	0	0	0	0	0	0	0	0	0	0	0	0	0	0	0	3	0	0	0	0	0	0	0	0	0	0	0	0	3	3	0	0	0	0	0	0	0	0	0	0	0	0	0	0	0	0	0	0	0	0	0	0	0	0	0	0	0	0	0	0	0	0	0	0	0	0	0	0	0	0	0	0	0	0	0	0	0	0	0	0	0	0	0	0	0	0	0	0	0	0	0	3	0	0	0	0	0	0	0	3	0	0	0	0	0	0	0	0	0	0	0	3	0	0	0	0	0	0	0	0	0	0	0	0	0	0	0	0	0	0	0	0	0	0	0	0	0	0	0	0	0	0	0	0	3	0	0	3	0	0	0	0	0	0	0	0	0	0	0	0	0	3	0	0	0	0	0	0	3	0	0	0	0	0	0	0	0	0	3	0	0	0	0	0	0	0	0	0	3	0	0	0	0	0	0	0	0	0	0	0	0	0	0	0	0	0	0	0	0	0	0	3	0	0	0	0	0	0	0	0	0	0	0	0	0	3	0	0	0	0	0	0	0	0	0	0	0	0	0	0	0	0	0	0	0	0	0	0	0	3	0	0	0	0	3	0	0	0	0	0	0	0	0	0	0	0	0	0	0	0	0	0	3	0	0	0	3	0	0	0	0	0	0	0	0	3	0	0	0	0	0	0	0	0	0	0	0	0	0	0	0	0	0	0	0	3	0	0	0	0	0	0	0	0	0	0	0	0	0	0	0	0	0	0	0	0	0	0	3	0	0	0	0	3	0	0	3	0	0	0	0	0	0	0	0	0	0	0	0	0	0	0	0	0	0	0	0	0	0	0	0	0	0	0	0	0	0	0	3	0	0	0	0	0	0	0	0	0	0	0	3	0	0	0	0	0	0	0	0	0	0	0	0	0	0	0	0	0	0	0	0	3	0	0	0	0	0	0	0	0	0	0	0	0	3	0	0	0	0	0	0	0	0	0	0	0	0	0	0	0	0	0	0	0	0	3	0	0	0	0	0	0	0	0	0	3	0	0	0	0	0	0	0	0	0	0	0	0	0	0	0	0	0
2024.99173562214	0	0	0	0	0	3	0	0	0	0	0	0	0	0	3	0	0	0	0	0	0	0	0	0	0	0	0	0	0	0	0	0	0	0	0	0	0	0	0	0	0	0	0	0	0	0	0	0	0	0	0	3	0	0	0	0	0	3	0	3	0	0	0	0	0	0	0	0	0	0	0	3	0	0	0	0	0	0	0	3	0	0	3	0	0	0	0	0	0	0	0	3	3	3	0	0	3	0	0	0	0	0	0	0	0	0	0	0	0	0	0	0	0	0	0	0	0	0	0	0	0	0	0	0	0	0	0	0	0	0	0	3	0	0	0	0	0	0	3	0	0	0	0	0	3	0	0	0	0	0	0	0	0	3	0	0	0	0	0	0	0	0	0	0	0	0	0	0	0	0	0	0	0	0	0	0	0	0	0	0	0	0	0	0	0	0	0	0	0	0	0	0	0	0	0	0	0	0	0	0	0	0	0	0	0	0	0	0	0	3	0	0	0	3	0	0	0	0	0	0	0	0	3	0	0	0	0	0	0	0	0	0	0	0	0	0	0	0	0	0	0	0	0	0	0	0	0	3	0	0	0	3	0	0	0	0	0	0	0	0	0	0	0	0	0	0	0	0	0	0	0	0	0	0	0	0	0	0	0	0	0	0	0	0	0	0	0	0	0	0	0	0	0	0	0	0	0	0	0	0	0	0	3	0	0	0	0	3	0	3	0	0	3	0	0	0	0	0	0	0	0	0	0	0	0	0	0	0	0	0	0	3	0	3	0	3	0	0	0	3	0	0	3	0	0	0	0	0	0	0	0	0	3	0	0	0	0	0	0	0	0	0	0	0	0	0	3	0	0	0	0	3	0	0	0	0	0	0	0	0	0	0	0	0	0	0	0	0	3	0	0	0	0	0	0	0	0	0	0	0	0	0	0	0	0	0	0	0	0	0	0	0	0	0	3	0	0	0	0	0	0	0	0	0	0	0	0	0	0	0	0	0	0	0	0	0	0	3	0	0	0	0	0	0	0	3	0	0	0	0	3	0	0	0	0	0	0	0	3	0	0	0	0	0	0	0	0	0	0	3	0	0	0	3	0	0	0	3	0	0	0	0	0	0	0	0	0	0	0	0	0	0	0	0	0	0	0	0	0	0	3	0	0	0	0	0	0	0	0	0	0	0	0	0	0	0	0	0	0	0	0	0	0	0	0	0	0	0	0	0	0	0	0	0	0	0	0	0	0	0	3	0	0	0	0	0	0	0	0	0	3	0	3	0	0	0	0	0	0	0	0	0	0	0	0	0	3	0	0	0	0	0	0	3	0	0	0	0	0	0	0	0	0	0	0	0	0	0	0	0	0	0	0	0	0	0	0	0	0	0	0	0	0	0	0	0	0	0	0	0	0	0	0	0	0	3	0	0	0	0	0	0	0	0	3	0	0	0	3	0	0	0	0	0	0	0	0	0	0	0	0	0	0	0	0	0	3	0	0	0	0	0	0	0	0	0	0	3	0	0	0	0	0	0	0	0	0	0	0	0	0	0	0	0	0	0	0	3	0	0	0	3	0	0	0	0	0	0	0	0	0	0	0	0	0	0	0	0	3	0	0	0	0	0	0	3	3	0	0	0	0	0	3	0	0	3	0	0	3	0	0	0	0	0	0	3	0	0	0	0	0	0	0	0	0	0	0	0	0	0	0	0	0	0	0	0	0	0	0	0	0	0	0	0	0	0	0	0	0	0	0	0	0	0	0	0	0	0	0	0	0	0	0	0	0	0	0	0	0	0	0	0	0	0	0	0	0	0	0	0	0	3	0	0	0	0	0	0	0	0	0	0	0	0	0	0	0	0	0	3	0	0	0	0	0	0	0	0	0	0	0	0	3	0	0	0	0	0	0	0	0	0	0	0	0	0	0	0	0	0	0	0	3	0	0	0	0	0	0	3	0	0	0	0	0	0	0	0	0	0	0	0	0	0	0	3	0	0	0	0	0	0	0	3	0	0	0	0	0	0	0	0	0	0	0	0	0	0	0	0	0	0	0	0	0	0	0	0	0	0	0	0	0	0	0	3	0	0	0	0	0	0	0	0	0	0	0	3	0	0	0	0	0	0	0	0	0	0	0	0	0	0	0	0	0	0	0	0	0	0	0	0	0	0	0	0	0	0	0	0	0	3	0	0	0	0	0	0	0	0	0	0	0	0	0	0	0	0	0	0	0	0	3	0	0	3	0	0	0	0	0	0	3	0	0	0	0	0	0	0	0	0	0	0	0	0	0	0	0	0
2025.00896106191	1	1	1	1	1	1	1	1	1	1	1	1	1	1	4	1	1	1	4	1	1	1	1	1	1	1	1	1	1	1	1	1	1	1	1	1	1	1	1	1	1	1	1	1	1	1	1	1	1	1	1	4	1	1	1	1	1	4	1	4	1	1	1	1	1	1	1	1	1	1	1	1	1	1	1	1	1	1	1	1	1	1	4	1	1	1	1	1	1	1	1	1	4	4	1	1	1	1	1	1	1	1	1	1	1	1	1	1	1	1	1	1	1	1	1	1	1	1	1	1	1	1	1	1	1	1	1	1	1	1	1	1	1	1	1	1	1	1	1	1	1	1	1	1	1	1	1	1	1	1	1	1	1	4	1	1	1	1	1	1	1	1	1	1	1	1	1	1	1	1	1	1	1	1	1	1	1	1	1	1	1	1	1	1	1	1	1	1	1	1	1	1	1	1	1	1	1	1	1	1	1	1	1	1	1	1	1	1	1	1	1	1	1	1	1	1	1	1	1	1	1	1	4	1	1	1	1	1	1	1	1	1	1	1	1	1	1	1	1	1	1	1	1	1	1	1	1	4	1	1	1	1	1	1	1	1	1	1	1	1	1	1	1	1	1	1	4	1	1	1	1	1	1	1	1	1	1	1	1	1	1	1	1	1	1	1	1	1	1	1	1	1	1	1	1	1	1	1	1	1	1	1	4	1	1	1	1	1	1	1	1	1	1	1	1	1	1	1	1	1	1	1	1	1	1	1	1	1	1	1	1	1	1	4	1	4	1	4	1	1	1	1	4	1	1	1	1	1	1	1	1	1	1	1	1	1	1	4	1	1	1	1	1	1	1	1	4	1	1	1	1	1	1	1	1	1	1	1	1	1	1	1	1	4	1	1	1	1	4	1	1	1	1	1	1	1	1	1	1	1	1	1	1	1	1	1	1	1	1	1	1	1	1	1	1	1	1	1	1	1	1	1	1	1	1	1	1	1	1	1	1	1	1	1	1	1	1	4	1	1	1	1	1	1	1	1	1	1	1	1	4	1	1	1	1	1	1	1	4	1	1	1	1	1	1	1	1	1	1	4	1	1	1	4	1	1	1	1	1	1	1	1	1	1	1	1	1	4	1	1	1	1	4	1	1	1	1	1	1	1	4	1	1	1	1	1	1	1	1	1	1	1	1	1	1	1	1	1	1	4	1	1	1	1	1	1	1	1	1	1	1	1	1	1	1	1	1	1	1	1	4	1	1	1	1	1	1	1	1	1	4	1	1	1	1	1	1	4	1	1	1	1	4	1	1	1	1	1	1	1	1	1	1	4	1	1	1	1	1	1	4	1	1	1	1	1	1	1	1	1	1	1	1	1	1	1	1	1	4	1	1	1	1	1	1	1	1	1	1	1	1	1	1	1	1	4	1	1	1	1	1	1	1	1	4	1	1	1	1	1	1	1	1	4	1	1	1	1	1	1	1	1	1	1	1	1	4	1	1	1	1	1	1	1	1	1	1	4	1	1	1	1	1	1	1	1	1	4	1	1	1	1	1	1	1	1	1	4	1	1	1	1	1	1	1	1	1	1	1	1	1	1	1	1	1	1	1	1	4	1	1	1	1	1	4	4	4	1	1	1	1	1	4	1	1	4	1	1	4	1	1	1	1	1	1	1	1	1	1	1	1	1	1	1	1	1	1	1	1	1	1	1	1	1	1	1	1	1	1	1	1	4	1	1	1	1	1	1	1	1	1	1	1	1	1	1	1	1	1	1	1	1	1	1	1	1	1	4	1	1	1	1	1	1	1	1	1	1	1	1	1	4	1	1	1	1	1	1	1	1	1	1	1	1	1	1	1	1	1	1	1	1	1	1	1	1	1	1	1	1	1	1	4	1	1	1	1	1	1	1	1	1	1	1	1	1	4	1	4	1	1	1	4	1	1	1	1	1	1	4	1	1	1	1	1	1	1	1	1	1	1	1	1	1	1	1	1	1	1	1	1	1	1	4	1	1	1	1	1	1	1	1	1	1	1	1	1	1	1	1	1	1	1	1	1	1	1	1	1	1	1	1	1	1	1	1	1	1	1	1	1	1	1	1	1	1	1	1	1	1	1	4	1	1	1	1	1	1	1	1	1	1	1	1	1	1	4	1	1	4	1	1	4	1	1	1	1	1	1	1	1	1	1	1	1	1	1	1	1	1	1	1	1	1	1	1	1	1	1	1	1	1	4	1	1	4	1	1	1	1	1	1	1	1	1	1	1	1	1	1	1	1	1	1	1	1	1	1	1	1
2025.02618650168	5	2	2	2	2	2	2	2	2	2	2	2	2	2	5	2	2	2	5	2	2	2	2	2	5	2	2	2	2	2	2	5	2	2	2	2	2	2	2	2	2	2	2	2	2	2	5	2	2	2	2	5	2	2	2	2	2	5	2	2	2	2	2	2	2	2	5	2	2	2	2	2	2	2	2	2	2	2	2	2	2	2	2	2	2	2	2	2	2	2	2	2	5	2	2	2	2	2	2	2	2	2	2	2	2	2	2	2	2	2	2	2	2	5	2	2	2	2	2	2	2	2	2	2	2	2	2	2	2	2	2	2	2	2	2	2	2	2	2	2	2	2	2	2	2	2	5	2	2	2	2	2	2	5	2	2	2	2	2	2	2	2	2	2	2	2	2	2	2	2	2	2	5	2	2	2	2	2	2	2	2	2	2	2	2	2	2	2	2	2	2	2	2	2	2	2	2	2	2	2	2	2	2	2	2	2	2	2	2	2	2	2	2	2	2	2	2	2	2	2	2	2	2	2	2	2	2	2	2	2	2	2	5	2	2	2	2	2	2	2	2	2	2	2	2	5	2	5	2	2	2	2	2	2	2	5	2	2	2	2	2	2	2	2	2	2	5	2	2	2	2	2	2	2	2	2	2	2	2	2	2	2	2	5	2	2	2	2	2	2	2	2	2	2	2	2	2	2	2	2	2	2	2	2	2	2	2	2	2	2	2	2	2	2	2	2	2	2	2	2	2	2	2	2	5	2	2	2	2	2	2	2	2	2	2	2	2	5	2	2	2	2	5	2	2	2	2	2	2	2	2	2	2	2	2	2	2	5	2	2	2	2	2	2	2	2	2	2	2	2	2	2	2	2	2	2	2	5	2	2	2	2	2	5	2	2	2	5	2	2	2	2	2	2	2	2	2	2	2	2	2	2	2	2	2	2	2	2	2	2	2	2	2	2	2	2	2	2	2	2	2	2	2	2	2	2	2	2	2	2	2	2	5	2	2	2	2	2	2	2	2	2	2	2	2	2	2	2	2	2	2	2	2	2	2	2	5	2	2	2	2	2	2	2	2	2	2	2	2	5	2	2	2	5	2	2	2	2	2	2	2	2	2	2	2	2	2	5	2	2	2	2	5	2	2	2	2	2	2	2	2	2	2	2	2	5	2	2	2	2	2	2	2	2	2	2	2	2	2	5	2	2	2	2	2	2	2	5	2	5	2	2	2	2	2	2	2	2	2	2	2	2	2	2	2	2	2	2	2	2	5	2	2	2	2	2	2	5	2	2	2	2	5	2	2	2	2	2	2	2	2	2	2	5	2	5	2	2	2	2	5	2	2	2	2	2	2	2	2	2	5	2	2	2	2	2	2	2	5	2	2	2	2	2	2	2	2	2	2	2	2	2	2	2	5	2	2	2	5	2	2	2	2	2	5	2	2	2	2	2	2	2	2	5	2	2	2	2	2	5	2	2	2	2	2	2	5	2	2	2	2	2	2	2	2	2	2	5	2	2	2	2	2	2	2	2	2	5	2	2	2	2	2	2	2	2	2	5	2	2	2	2	2	2	2	2	2	2	2	2	5	2	2	2	2	2	2	2	2	2	2	2	2	2	5	2	5	2	2	2	2	2	2	2	2	2	2	2	5	2	2	2	2	2	2	2	2	2	2	2	2	2	2	2	2	2	2	2	2	2	2	2	2	2	2	2	2	2	2	2	2	5	2	2	2	2	2	2	2	2	2	2	2	2	2	2	2	2	2	2	2	2	2	2	2	2	2	5	2	2	2	2	2	2	2	2	2	2	2	2	2	2	2	2	2	2	2	2	2	2	2	2	2	2	2	2	2	2	2	2	2	2	2	2	2	2	2	2	2	2	2	2	2	2	2	2	2	2	2	2	2	2	2	2	2	2	5	2	5	2	5	2	2	2	2	2	2	2	2	5	2	2	2	2	2	2	2	2	2	2	2	2	2	2	2	2	2	2	2	2	2	2	2	2	2	2	2	5	2	2	2	5	2	2	2	5	2	2	2	2	5	2	2	2	2	5	5	2	2	2	2	2	2	2	2	2	2	2	2	2	2	2	2	2	2	2	2	2	2	2	2	5	2	2	2	2	2	2	2	2	2	2	2	2	2	2	5	2	2	5	2	2	5	2	2	2	2	2	2	2	2	2	2	2	2	2	2	2	5	2	2	2	2	5	2	2	2	2	2	2	2	2	2	2	2	5	2	2	2	2	2	2	2	2	2	2	2	2	2	2	2	2	2	2	2	5	2	2	2	2
2025.04341194145	4	1	1	1	4	1	4	1	1	1	1	1	1	1	1	1	1	1	1	1	1	1	1	1	4	1	1	1	1	1	1	4	1	1	1	1	1	1	1	1	1	1	1	4	1	1	4	1	1	1	1	1	1	1	1	1	1	1	1	1	1	1	1	1	1	1	4	1	1	1	1	1	1	1	4	4	1	1	1	1	1	1	1	1	1	1	1	1	1	1	1	1	1	1	1	1	1	1	1	1	1	1	1	1	1	1	1	1	1	1	1	1	1	4	1	1	1	1	1	1	1	1	1	1	1	1	1	1	1	1	1	1	1	1	1	1	1	1	1	1	4	1	1	1	1	1	4	1	1	1	1	1	1	1	1	1	1	1	1	1	1	1	1	1	1	1	1	1	1	1	1	1	4	1	1	1	1	1	4	1	4	1	1	4	1	1	1	1	1	4	1	1	1	1	1	4	1	1	1	1	1	1	1	1	1	1	1	4	4	1	1	1	1	1	1	1	1	1	1	1	1	1	1	1	1	1	1	1	1	1	1	4	4	1	1	1	1	1	1	1	1	1	1	1	1	4	1	1	1	1	1	1	1	1	1	4	1	1	1	1	1	1	1	1	1	1	1	1	1	1	1	1	1	1	1	1	1	1	1	1	1	1	1	4	1	1	1	1	1	1	1	1	1	1	1	1	1	1	1	1	1	1	1	1	1	1	1	1	4	1	1	1	1	1	1	1	1	1	1	1	4	1	1	1	4	1	1	1	1	1	1	1	1	1	4	1	1	1	1	1	1	1	1	1	1	1	1	1	1	1	1	1	1	1	1	1	1	4	4	1	4	1	1	1	1	1	1	1	1	4	1	1	1	1	1	1	1	4	1	1	1	1	1	4	1	1	1	4	1	1	1	1	1	1	1	1	4	1	1	1	1	1	1	1	1	1	1	1	1	1	1	1	1	1	1	1	1	1	1	1	1	1	1	1	1	1	4	1	1	1	1	1	4	1	1	1	1	1	1	1	1	1	1	1	1	1	1	1	1	1	1	1	1	1	1	1	4	4	1	1	1	1	1	1	1	1	1	1	1	1	1	4	1	1	1	1	1	1	1	1	4	1	1	1	1	1	1	1	1	1	1	1	4	1	1	1	1	1	1	1	1	1	1	1	1	4	1	1	1	1	1	1	1	1	4	4	1	1	1	1	1	1	1	1	1	1	1	4	1	4	1	1	1	1	1	1	1	1	1	1	1	1	1	1	1	1	1	1	1	4	1	1	1	1	1	1	1	4	1	1	1	1	4	1	1	1	1	1	1	1	1	1	1	1	1	4	1	1	1	1	4	1	1	1	1	1	1	1	1	4	4	1	1	1	1	1	1	1	4	4	1	1	1	1	1	4	1	1	1	1	1	1	1	1	4	1	4	1	4	1	1	1	1	1	1	1	1	1	1	1	1	1	1	1	1	1	1	1	1	4	1	1	1	1	1	1	1	1	1	1	4	1	1	1	1	1	1	1	1	1	1	1	1	1	1	1	1	1	1	1	1	1	1	1	1	1	1	1	1	1	1	1	1	1	1	1	1	1	1	1	4	1	1	1	1	1	1	1	1	1	1	1	1	1	1	1	1	1	1	1	1	1	1	1	1	1	1	1	1	1	1	1	4	1	1	1	1	1	1	1	1	1	1	1	1	1	1	1	1	1	1	1	1	1	1	1	1	1	1	1	1	1	1	1	1	4	1	1	1	1	1	1	1	1	1	1	1	1	1	1	1	1	1	1	1	1	1	1	1	1	1	1	1	1	1	1	1	1	1	1	1	1	1	1	1	1	1	1	1	1	1	1	1	1	1	1	1	1	1	1	1	1	1	1	1	1	1	4	1	1	1	1	1	1	1	1	1	1	1	1	1	1	1	1	1	1	1	1	1	1	4	1	1	1	1	1	1	4	1	1	1	4	1	1	1	1	4	1	1	1	1	1	1	1	1	1	1	1	1	1	1	1	1	1	1	1	1	4	4	1	1	4	1	1	1	4	1	1	4	4	4	1	4	1	1	4	4	1	1	1	1	1	1	1	1	1	1	1	1	1	1	1	1	1	1	1	4	1	1	1	1	4	1	1	1	1	1	1	1	1	1	1	1	1	1	1	1	1	1	4	1	1	1	1	1	1	1	1	1	1	1	1	1	1	1	1	1	1	4	1	4	1	1	4	1	1	1	1	1	1	4	1	1	1	1	1	1	1	1	1	1	1	1	1	1	1	1	1	1	1	1	1	1	1	1	4	1	1	1	1
2025.06063738122	0	0	0	0	3	0	3	3	0	0	0	0	0	0	0	0	0	0	0	0	0	0	0	0	0	3	0	0	0	0	0	3	0	0	3	0	0	0	3	0	0	0	0	3	0	0	3	0	0	0	0	0	0	0	0	0	0	0	0	0	3	0	0	0	0	0	0	0	0	0	0	0	0	0	3	3	0	0	0	0	0	0	0	0	0	0	0	0	0	0	0	0	0	0	0	0	0	0	0	0	0	0	0	0	0	0	0	0	0	0	0	0	0	3	0	3	0	0	0	3	0	0	0	0	0	0	0	0	0	3	0	0	0	0	0	0	0	0	0	0	3	0	0	3	0	0	3	0	0	0	0	0	3	0	0	3	0	0	0	0	0	0	0	0	0	0	0	0	0	0	0	0	0	0	0	0	0	0	3	0	3	3	0	3	0	0	3	0	3	3	0	0	0	0	0	3	0	0	0	0	0	0	0	0	0	0	0	3	3	0	0	0	0	0	0	3	0	0	0	0	0	0	0	0	0	0	0	3	0	0	0	3	3	0	3	0	0	0	0	0	0	0	0	0	0	0	0	0	0	0	0	0	0	0	0	0	3	0	0	0	0	0	0	0	0	0	0	0	0	0	0	3	0	0	0	0	0	0	0	0	0	0	0	0	0	0	0	0	0	0	0	0	0	0	0	0	0	0	0	0	0	0	0	0	0	0	0	0	3	0	0	0	0	0	0	0	0	0	0	0	3	0	0	0	0	0	0	0	0	0	0	0	0	0	3	0	0	0	0	0	0	3	0	0	0	0	0	0	0	0	0	0	0	0	0	0	0	0	3	0	3	0	3	0	3	0	0	0	0	3	0	0	3	0	0	0	0	0	0	0	3	0	0	0	0	0	0	0	0	0	0	0	0	0	0	0	3	0	0	0	0	0	0	3	0	0	0	0	0	0	0	0	0	0	0	0	0	0	0	0	0	0	0	0	0	0	3	0	0	0	0	0	3	0	0	0	0	0	0	0	0	0	0	0	0	0	0	0	0	0	0	0	3	0	0	0	0	3	0	0	0	0	0	0	0	0	3	0	0	0	0	3	0	0	0	0	0	0	0	3	3	0	0	0	3	3	0	0	0	3	0	0	0	0	0	0	0	0	0	0	0	0	0	0	0	3	0	3	0	3	0	3	0	0	3	3	0	0	0	0	0	0	0	0	0	0	0	0	0	3	3	0	0	0	0	0	0	0	0	0	0	0	0	0	0	0	0	0	0	3	0	0	0	0	3	0	0	0	0	0	0	0	0	0	0	0	0	0	0	0	3	0	0	0	0	0	0	0	0	0	0	0	3	0	0	0	0	0	0	3	0	0	0	3	0	0	0	0	0	3	0	0	0	0	0	3	0	0	0	0	0	0	0	0	0	0	3	0	3	0	0	0	0	0	0	0	0	0	0	0	0	0	0	0	0	0	0	0	3	3	0	3	0	3	0	0	0	0	0	0	3	0	0	0	0	0	0	0	0	0	0	0	0	0	0	0	0	0	0	0	0	0	0	0	0	0	0	0	0	0	0	0	0	0	0	0	0	0	0	0	3	0	0	0	0	0	0	0	0	0	0	0	0	0	0	0	0	0	0	0	0	0	0	0	0	0	0	0	0	0	0	0	3	0	0	0	0	0	0	0	0	0	0	0	0	3	0	0	0	0	0	3	0	3	0	0	0	0	0	0	0	0	0	0	0	3	0	0	0	0	0	0	0	0	0	0	3	0	0	0	0	0	0	0	3	0	3	0	0	0	0	0	0	3	0	0	0	0	0	0	0	0	0	3	0	3	3	0	0	3	0	0	0	0	0	0	0	0	0	0	0	0	0	0	0	0	0	3	0	3	0	0	0	0	0	0	0	3	0	0	0	0	0	0	0	0	0	0	0	0	0	0	0	0	0	0	3	3	0	0	0	3	0	0	0	0	3	0	0	0	0	0	0	0	0	0	0	0	0	0	0	0	0	0	0	0	0	0	3	0	0	0	0	0	0	3	0	0	3	3	3	0	3	0	3	0	3	0	0	0	0	0	0	0	0	0	3	0	0	3	0	0	0	0	0	0	3	0	0	0	3	0	0	0	0	0	0	0	0	0	0	0	0	0	0	0	0	0	0	0	0	0	0	0	0	3	0	0	0	0	0	0	0	0	0	0	0	0	0	0	3	0	0	3	0	0	0	0	0	0	3	0	0	0	0	0	0	0	0	0	0	0	0	0	0	0	0	0	0	0	0	0	3	0	0	0	0	0	0	0
2025.07786282099	0	0	0	0	0	0	0	3	0	3	0	3	0	0	0	0	0	0	0	0	0	0	0	0	0	3	0	0	3	0	0	0	0	0	3	0	0	0	3	3	0	0	0	0	0	0	0	0	0	0	0	0	0	0	0	0	0	0	0	0	3	0	0	0	0	0	0	0	0	0	0	0	0	0	3	0	0	0	0	0	3	0	0	0	0	0	0	0	0	0	0	0	0	0	0	0	0	3	0	0	0	0	3	3	0	0	0	0	0	0	0	0	0	0	0	3	0	3	3	3	0	0	0	0	0	0	3	0	0	3	0	0	0	0	0	0	3	0	0	0	3	0	0	3	0	0	0	0	0	0	0	0	3	0	0	3	0	3	0	3	0	0	0	0	0	3	0	0	0	0	3	0	0	0	0	0	0	0	3	3	3	3	0	0	0	0	3	0	3	0	0	0	0	0	0	0	0	0	0	0	0	3	0	0	0	0	0	0	3	0	0	3	0	0	0	3	0	0	0	0	0	0	0	0	0	0	0	3	0	0	0	0	0	0	3	0	0	0	3	0	0	0	0	0	3	0	3	0	0	0	0	0	0	0	0	0	3	0	0	0	0	0	0	0	0	0	0	0	0	0	0	3	0	0	3	0	3	0	0	0	0	0	0	0	0	0	0	0	3	0	0	0	0	0	0	3	0	0	0	0	3	0	0	0	0	0	0	0	0	0	0	0	0	0	3	0	0	0	0	0	0	0	0	0	0	0	0	0	0	3	0	0	0	0	3	0	0	0	0	0	0	3	0	0	0	0	3	0	0	0	0	0	0	0	0	0	0	0	3	0	0	0	3	0	3	0	0	0	0	0	3	0	3	0	0	0	0	0	3	0	3	0	0	0	0	0	0	0	0	0	0	0	0	0	0	0	0	0	0	0	0	0	0	3	0	0	0	0	3	0	0	0	0	0	0	0	0	0	0	0	0	0	0	0	0	0	0	0	0	0	0	0	0	0	0	0	0	0	0	3	3	0	0	0	0	0	0	0	0	0	0	0	3	0	0	0	0	0	0	0	0	0	0	0	0	0	3	0	0	0	3	3	0	0	0	0	0	0	0	3	3	0	0	0	3	3	0	0	3	3	0	0	0	3	0	0	3	0	0	0	0	0	0	3	0	0	0	3	0	3	3	3	0	0	0	0	0	0	0	0	0	0	0	0	0	0	0	0	0	0	3	0	0	0	0	0	3	0	0	0	0	0	0	3	0	3	0	0	3	0	0	0	0	0	3	0	0	0	0	3	0	0	0	0	3	0	0	0	0	0	3	0	0	0	0	0	0	0	0	3	0	0	3	0	3	0	0	0	0	0	0	0	0	3	0	0	0	0	0	3	0	0	0	0	0	3	0	0	0	0	0	0	0	0	0	0	0	0	0	0	0	0	0	0	0	0	0	0	0	0	0	0	0	0	0	0	0	0	3	0	0	3	3	3	0	0	0	0	0	0	0	3	0	0	0	3	0	0	0	0	3	0	0	0	0	0	3	0	3	0	3	0	3	0	0	0	0	0	0	0	0	0	0	0	0	0	0	0	0	0	0	0	0	0	0	0	0	0	0	3	0	0	0	0	0	0	0	0	0	0	0	3	0	0	0	0	3	0	0	0	0	0	3	0	0	0	0	0	0	0	3	0	0	0	0	3	0	0	3	0	0	3	0	3	0	3	0	0	0	0	0	0	0	0	0	0	3	3	0	0	0	0	0	0	0	3	3	0	0	3	0	0	0	0	3	0	3	0	0	0	0	0	0	3	0	0	0	0	0	0	0	0	0	3	0	3	3	0	0	3	0	0	0	0	0	3	0	0	0	0	0	0	3	0	0	3	0	0	0	3	0	0	0	0	0	0	0	3	0	0	0	0	3	0	0	0	0	3	0	0	0	0	0	0	0	0	3	0	0	0	0	0	0	3	0	0	3	0	0	0	0	0	0	0	0	0	0	0	3	3	0	0	0	0	0	0	0	0	0	0	0	0	0	0	0	0	0	0	3	0	0	0	0	3	3	0	0	0	0	3	0	0	0	0	0	0	3	0	0	3	0	0	0	0	3	0	3	0	0	0	3	0	0	0	0	0	0	0	0	0	0	0	0	0	0	0	0	0	0	0	0	0	0	0	0	3	3	0	0	0	0	0	0	0	0	0	0	0	0	0	0	0	0	0	0	0	0	0	0	0	0	3	0	0	0	0	0	0	0	0	0	3	0	0	0	0	0	0	3	0	0	0	3	0	0	0	3	0	0	0
2025.09508826076	0	0	3	3	0	0	0	0	0	3	3	3	3	0	0	0	0	0	0	3	0	0	0	0	0	3	0	0	3	0	0	0	0	0	3	3	0	0	3	3	0	0	3	0	3	3	0	3	0	0	0	0	3	3	0	0	0	0	0	0	3	0	3	3	0	3	0	3	0	0	0	0	0	0	0	0	3	0	3	0	3	0	0	3	0	0	0	0	0	0	0	0	0	0	0	0	0	3	3	0	0	0	3	3	3	3	0	0	0	3	0	0	0	0	0	0	0	3	3	3	0	0	0	0	0	0	3	3	0	0	0	0	0	3	0	0	3	3	0	0	0	0	3	0	0	0	0	0	0	3	0	0	0	0	0	3	0	3	3	3	0	0	0	3	0	3	3	0	0	3	3	0	0	0	0	0	0	0	0	3	0	0	3	0	0	0	3	3	0	0	0	0	0	0	0	0	3	3	0	0	0	3	0	0	0	0	0	0	0	0	0	3	0	0	3	0	3	0	0	0	3	3	0	0	3	0	3	0	0	0	0	0	0	0	0	0	0	0	3	0	0	0	0	0	3	0	3	0	0	0	0	0	0	0	0	0	3	0	0	0	0	0	0	0	0	0	0	3	0	0	0	0	0	0	3	0	3	0	0	0	0	0	0	0	0	0	0	3	3	0	0	0	0	0	0	3	3	3	0	0	3	0	0	0	0	0	3	0	0	0	0	3	0	0	3	0	3	0	0	0	0	0	0	0	0	0	0	3	0	3	0	0	0	0	0	0	0	0	0	0	0	0	0	0	3	0	3	0	0	0	0	0	0	0	3	0	0	0	0	0	0	0	0	0	0	0	0	0	3	0	3	0	0	0	0	3	0	0	3	0	0	0	0	0	0	3	0	0	0	0	0	0	0	0	0	0	0	0	0	3	3	0	0	0	0	0	3	0	3	3	0	3	0	0	0	0	0	0	0	0	0	0	0	0	0	0	0	0	3	0	0	0	0	0	3	3	0	0	0	3	3	0	0	3	0	0	0	0	0	0	0	0	0	0	3	0	0	0	0	0	0	0	0	3	0	0	0	0	0	0	3	0	0	0	0	0	0	0	3	3	0	0	0	0	3	0	0	0	3	0	3	0	0	3	0	0	3	0	0	3	0	3	0	3	0	0	3	3	0	3	3	0	0	0	0	0	0	0	0	0	0	0	0	0	0	3	0	0	0	0	0	0	3	0	0	0	3	0	3	0	0	0	0	3	0	3	0	0	3	0	0	0	0	0	3	0	0	0	0	3	0	0	0	0	3	0	0	0	3	0	0	0	0	0	0	0	0	0	0	3	0	0	0	0	3	0	0	0	0	0	0	0	0	0	0	0	0	3	0	0	0	0	0	0	0	0	0	0	0	0	0	0	3	3	0	0	0	0	0	0	0	0	3	0	0	0	0	0	0	0	0	0	0	0	0	3	0	0	0	0	0	0	3	3	0	3	0	0	0	0	0	3	3	0	0	3	0	0	0	0	3	0	0	0	0	0	3	0	3	0	3	0	3	3	0	0	0	0	0	0	0	0	0	0	0	0	0	0	0	3	0	3	0	0	0	3	0	0	0	3	3	3	0	0	0	0	0	0	0	0	0	3	0	3	0	0	3	0	0	0	0	0	0	0	0	0	0	3	0	0	3	0	0	0	0	0	0	0	3	0	0	3	0	3	0	3	0	0	0	0	3	0	0	0	0	0	3	3	3	0	0	0	0	0	0	3	3	0	0	3	0	0	3	0	3	0	3	0	0	0	0	0	0	0	0	0	0	0	0	0	0	0	0	0	3	0	3	0	3	0	0	0	3	0	0	3	0	0	0	0	0	0	3	0	0	3	3	0	0	0	0	3	0	3	0	0	0	3	0	0	0	0	3	0	0	3	0	3	0	3	0	0	0	0	0	0	3	0	0	0	3	0	0	3	0	0	0	0	0	3	0	3	0	0	0	0	0	0	3	3	0	3	0	0	0	0	0	0	0	0	0	0	3	0	0	0	0	0	0	0	0	0	0	3	3	0	0	3	0	3	0	0	0	0	0	0	3	0	0	0	3	0	0	3	3	0	0	0	0	0	0	0	0	0	3	0	0	3	0	0	0	0	3	0	0	0	0	0	0	0	0	0	0	0	0	0	3	0	3	3	0	0	0	0	0	0	3	0	0	3	0	0	0	0	0	0	0	0	3	0	0	3	0	0	0	0	0	0	0	0	0	3	0	0	3	0	0	0	3	0	0	0	3	3	0	0	3	0	0	0
2025.11231370053	0	0	3	3	0	0	0	0	0	0	3	3	3	3	0	0	3	0	0	3	0	0	0	0	0	0	0	0	3	0	3	0	3	0	0	3	0	0	0	3	0	0	3	0	3	3	0	3	0	0	3	0	3	3	0	3	3	0	0	0	0	3	3	3	0	3	0	3	3	3	0	0	0	0	0	0	3	0	3	0	0	0	0	3	0	3	0	0	3	0	0	0	0	0	0	0	0	0	3	0	0	0	0	0	3	3	0	3	0	3	0	3	0	0	0	0	3	0	0	0	0	0	0	3	0	0	0	3	0	0	0	0	0	3	0	0	0	3	0	0	0	0	3	0	0	0	0	0	3	3	0	0	0	0	0	0	0	3	3	0	0	0	0	3	0	0	3	0	0	3	0	0	0	3	0	0	0	0	0	0	0	0	3	0	0	3	0	3	0	0	0	3	0	0	0	0	3	3	0	3	0	0	0	0	3	0	3	0	0	0	0	0	0	0	3	0	3	0	0	0	3	3	0	3	3	3	3	0	3	0	0	0	0	0	0	0	0	3	0	0	3	0	0	0	3	0	0	0	0	0	0	0	0	0	0	0	0	0	3	0	0	0	0	0	0	0	0	3	0	0	0	0	0	0	3	0	0	0	0	3	0	0	0	0	0	0	0	3	3	0	0	0	0	0	0	0	3	3	0	0	0	0	0	0	0	0	3	0	0	0	0	3	0	0	0	0	3	0	0	0	0	0	0	3	0	0	0	3	0	0	0	0	3	0	0	0	0	0	0	0	0	0	0	0	3	0	0	0	0	3	0	0	0	3	3	0	0	0	0	0	0	0	0	3	0	0	0	0	3	0	0	0	0	0	0	3	0	0	3	0	0	0	0	0	0	3	3	0	0	0	0	0	0	0	0	0	0	0	3	3	3	0	0	0	3	0	3	3	0	3	3	3	0	0	0	0	0	0	0	0	0	0	0	0	0	0	0	0	3	0	0	3	0	0	3	3	0	0	3	3	0	0	0	3	0	0	0	0	0	0	0	3	0	0	3	0	0	0	0	0	3	0	0	3	0	0	0	0	0	0	3	0	0	0	0	0	0	0	3	0	0	0	0	0	0	0	0	0	3	0	3	0	0	0	3	0	0	0	0	3	0	3	0	0	0	0	3	0	0	0	3	0	0	3	0	0	0	0	0	0	0	0	3	3	0	3	0	0	3	0	0	0	3	0	3	0	3	0	3	0	0	0	0	0	3	3	0	0	0	0	0	0	0	0	0	3	0	0	0	0	0	0	0	3	0	0	0	0	3	0	0	0	0	0	0	0	0	0	0	0	0	0	0	0	3	0	0	0	0	0	0	0	0	0	0	0	0	3	0	0	0	0	0	0	0	0	3	3	0	3	0	0	3	3	0	0	0	3	0	0	0	0	3	0	0	0	0	0	0	3	0	0	0	0	3	3	0	0	0	0	0	0	3	0	0	3	0	3	0	3	0	3	3	0	0	3	0	0	3	3	0	0	0	0	0	0	3	0	0	0	0	0	3	3	0	3	0	0	0	0	0	0	0	0	0	0	0	0	0	3	0	3	0	0	0	3	0	0	0	0	3	3	0	0	0	0	0	3	0	0	0	0	0	3	0	0	0	0	0	0	0	0	0	0	3	0	3	3	0	0	3	3	0	3	0	0	3	0	0	0	0	0	0	0	0	0	0	0	0	0	3	0	0	0	0	0	0	0	3	3	0	3	0	0	0	3	0	0	0	0	3	0	3	3	0	3	0	0	0	0	0	0	0	0	0	0	0	3	0	0	0	0	0	0	3	0	0	3	3	0	0	3	3	0	3	0	3	0	0	0	0	0	0	0	0	0	3	0	3	0	3	3	0	3	0	0	0	0	0	0	3	0	0	0	0	3	0	3	0	3	0	3	0	3	0	0	0	0	3	0	3	0	0	3	0	0	0	0	0	3	0	3	0	0	0	0	0	0	0	0	0	3	0	0	3	3	3	0	0	3	0	0	3	0	3	0	0	0	0	0	0	0	0	0	0	0	0	3	0	3	0	0	0	3	3	0	0	0	0	0	3	0	0	3	0	3	0	0	0	0	0	0	0	0	3	3	3	3	0	0	0	0	3	0	0	0	0	0	0	0	3	0	0	0	0	0	3	0	3	3	0	0	0	0	0	0	3	3	0	3	0	0	0	0	0	3	0	0	3	0	0	0	0	0	0	0	0	0	0	0	0	0	0	0	3	0	0	0	3	0	3	0	0	3	0	0	0	0	0	0
2025.1295391403	0	0	0	0	0	0	0	0	0	0	0	0	0	3	0	0	3	0	0	3	0	0	0	0	0	0	0	0	0	0	3	0	3	0	0	0	0	0	0	0	0	0	0	0	3	3	0	0	0	0	3	0	0	0	0	3	3	0	0	0	0	3	0	0	0	0	0	3	3	3	0	0	0	0	0	0	3	0	3	0	0	0	0	3	0	3	0	0	3	0	0	0	0	0	0	0	0	0	3	0	0	0	0	0	0	3	0	3	0	0	0	3	0	0	0	0	3	0	0	0	0	0	0	3	0	0	0	3	0	0	3	0	0	0	0	0	0	0	0	0	0	0	0	0	0	0	0	0	3	0	0	0	0	0	0	0	0	0	3	0	0	0	3	0	0	0	3	3	0	3	0	0	0	3	0	0	0	0	0	0	0	0	0	0	0	3	0	3	0	0	0	3	0	0	0	0	3	3	0	3	3	0	0	0	3	0	3	0	0	0	0	0	0	0	3	0	3	0	0	0	3	0	0	3	0	3	3	0	3	0	0	0	0	0	0	0	0	3	0	0	3	0	0	0	0	0	0	0	0	0	0	0	0	0	0	0	0	0	3	0	0	0	0	0	0	0	0	0	0	3	0	0	0	0	0	0	0	3	0	3	0	0	0	0	0	3	0	0	0	0	0	0	0	0	0	0	0	3	0	0	0	3	0	0	0	0	0	0	0	0	0	0	0	0	0	0	0	0	0	0	0	0	0	3	0	3	0	0	0	0	0	0	3	0	0	0	0	0	0	0	0	0	0	0	0	3	0	0	0	3	0	0	0	3	0	0	0	0	0	0	0	0	0	3	0	0	0	0	3	0	0	0	0	0	0	3	0	0	0	0	0	0	0	0	0	3	3	0	0	0	0	0	3	0	0	0	0	0	3	3	0	0	0	0	3	0	3	3	0	0	3	3	0	0	0	0	0	0	0	0	0	0	0	0	0	0	0	0	3	0	0	3	0	0	3	0	0	0	3	0	0	0	0	3	0	0	0	0	0	0	0	3	0	0	0	0	0	0	0	0	3	0	0	0	0	0	0	0	0	0	0	0	0	0	0	0	0	0	0	0	0	0	0	3	0	0	0	0	0	0	3	0	0	0	3	0	0	0	0	3	0	3	3	0	3	0	0	0	0	0	0	0	3	3	0	0	0	0	0	0	0	0	3	3	3	0	0	0	3	0	0	0	0	0	3	0	0	0	3	0	0	0	3	0	3	0	0	0	0	0	0	0	0	0	0	3	0	0	0	0	0	0	0	3	0	0	0	0	0	0	0	0	0	0	0	0	0	0	0	0	0	0	0	0	0	0	0	0	0	0	0	0	0	0	0	0	0	3	0	0	0	0	0	0	0	0	3	3	0	3	0	0	3	3	0	0	0	3	0	0	0	0	0	0	0	0	0	3	0	3	0	0	0	0	3	0	0	0	0	0	0	0	0	0	0	3	0	3	0	3	0	0	3	0	0	0	0	0	3	3	0	0	3	0	0	0	0	0	0	0	0	0	0	3	3	3	0	0	0	0	0	0	0	0	0	3	0	3	0	3	0	3	0	0	0	3	0	0	0	0	0	3	3	3	0	0	0	3	0	0	0	0	0	0	0	0	0	0	0	0	0	0	0	0	3	0	3	0	3	3	0	3	0	3	0	0	3	0	0	0	0	0	0	0	0	0	0	0	0	0	0	0	0	0	0	0	0	0	3	3	0	3	0	0	0	0	0	0	0	0	3	0	0	3	0	3	0	0	0	0	0	0	0	0	0	0	0	3	0	0	3	0	0	0	3	0	0	3	3	0	0	3	0	0	3	0	3	0	0	0	0	0	0	0	3	0	0	0	3	0	3	0	0	0	0	0	0	0	0	0	3	0	0	3	0	3	0	0	0	0	0	3	0	3	3	0	0	0	3	0	3	0	0	0	0	0	0	0	0	0	0	0	0	0	0	0	0	3	0	0	0	0	0	0	3	3	3	0	0	3	0	0	3	0	3	0	0	0	0	0	0	0	0	0	0	0	0	3	0	0	0	0	0	3	3	0	0	0	0	0	3	0	0	0	0	3	0	0	0	0	0	0	0	0	3	3	3	3	0	0	0	0	3	0	0	0	0	0	0	0	3	3	0	0	0	0	0	0	3	3	0	0	3	0	0	0	3	3	0	0	0	0	0	0	3	3	0	0	0	0	0	0	0	0	0	0	0	0	0	0	0	0	0	0	3	0	0	0	0	0	3	0	0	3	0	0	0	0	0	0
2025.14676458007	2	2	2	2	2	2	2	2	2	2	2	2	2	3	2	2	2	2	2	2	2	2	2	2	2	2	2	2	2	2	3	2	3	2	2	2	2	2	2	2	2	2	2	2	2	2	2	2	2	2	3	2	2	2	2	2	2	2	2	2	2	3	2	2	2	2	2	2	3	2	2	2	2	2	2	2	2	2	2	2	2	2	2	2	2	3	2	2	3	2	2	2	2	2	2	2	2	2	2	2	2	2	2	2	2	2	2	2	2	2	2	3	2	2	2	2	2	2	2	2	2	2	2	2	2	2	2	2	2	2	3	2	2	2	2	2	2	2	2	2	2	2	2	2	2	2	2	2	3	2	2	2	2	2	2	2	2	2	2	2	2	2	3	2	2	2	2	3	2	2	2	2	2	2	2	2	2	2	2	2	2	2	2	2	2	3	2	2	2	2	2	3	2	2	2	2	2	2	2	3	3	2	2	2	2	2	2	2	2	2	2	2	2	2	2	2	2	2	2	2	2	2	2	3	2	3	2	2	2	2	2	2	2	2	2	2	2	3	2	2	2	2	2	2	2	2	2	2	2	2	2	2	2	2	2	2	2	2	3	2	2	2	2	2	2	2	2	2	2	3	2	2	2	2	2	2	2	3	2	2	2	2	2	2	2	3	2	2	2	2	2	2	2	2	2	2	2	2	2	2	2	3	2	2	2	2	2	2	2	2	2	2	2	2	2	2	2	2	2	2	2	2	2	2	2	3	2	2	2	2	2	2	2	2	2	2	2	2	2	2	2	2	2	2	2	3	2	2	2	3	2	2	2	2	2	2	2	2	2	2	2	2	2	2	2	2	2	2	2	2	2	2	2	2	2	2	2	2	2	2	2	2	2	2	2	2	3	2	2	2	2	2	3	2	2	2	2	2	2	2	2	2	2	2	3	2	2	2	2	2	3	2	2	2	2	2	2	2	2	2	2	2	2	2	2	2	2	2	2	2	2	3	2	2	2	2	2	2	3	2	2	2	2	2	2	2	2	2	2	2	2	3	2	2	2	2	2	2	2	2	2	2	2	2	2	2	2	2	2	2	2	2	2	2	2	2	2	2	2	2	2	2	2	3	2	2	2	2	2	2	2	2	2	2	3	2	2	2	2	2	2	2	3	2	3	2	2	2	2	2	2	2	3	2	2	2	2	2	2	2	2	2	2	2	3	2	2	2	2	2	2	2	2	2	2	2	2	2	2	2	2	2	3	2	3	2	2	2	2	2	2	2	2	2	2	2	2	2	2	2	2	2	2	3	2	2	2	2	2	2	2	2	2	2	2	2	2	2	2	2	2	2	2	2	2	2	2	2	2	2	2	2	2	2	2	2	2	2	2	2	2	2	2	2	2	2	2	2	2	2	2	2	2	2	2	2	2	2	2	2	2	2	2	2	2	2	2	3	2	2	2	2	2	2	3	2	2	2	2	2	2	2	2	2	2	2	2	3	2	3	2	2	2	2	2	2	2	2	2	2	2	2	3	2	2	2	2	2	2	2	2	2	2	2	3	3	2	2	2	2	2	2	2	2	2	3	2	3	2	2	2	2	2	2	2	2	2	2	2	2	2	2	3	3	2	2	2	3	2	2	2	2	2	2	2	2	2	2	2	2	2	2	2	2	3	2	2	2	3	3	2	3	2	3	2	2	3	2	2	2	2	2	2	2	2	2	2	2	2	2	2	2	2	2	2	2	2	2	2	2	2	3	2	2	2	2	2	2	2	2	3	2	2	3	2	2	2	2	2	2	2	2	2	2	2	2	2	2	2	2	3	2	2	2	2	2	2	2	2	2	2	2	2	2	2	2	2	2	2	2	2	2	2	2	3	2	2	2	3	2	3	2	2	2	2	2	2	2	2	2	2	2	2	3	2	2	2	2	2	2	2	2	2	2	3	2	2	2	3	2	2	2	2	2	2	2	2	2	2	2	2	2	2	2	2	2	2	3	2	2	2	2	2	2	2	2	3	2	2	2	2	2	2	2	3	2	2	2	2	2	2	2	2	2	2	2	2	2	2	2	2	2	2	2	2	2	2	2	2	2	2	2	2	2	2	3	2	2	2	2	2	2	2	2	2	2	2	2	2	2	2	2	2	2	2	2	2	2	2	2	2	3	2	2	2	2	2	2	2	2	2	2	3	2	2	2	2	3	2	2	2	2	2	2	3	2	2	2	2	2	2	2	2	2	2	2	2	2	2	2	2	2	2	2	2	2	2	2	2	2	3	2	2	2	2	2	2	2	2	2
2025.16399001984	3	3	3	3	3	3	3	3	3	3	3	3	3	3	3	3	3	3	3	3	3	3	3	3	3	3	3	3	3	3	3	3	3	3	3	3	3	3	3	3	3	3	3	3	3	3	3	3	3	3	3	3	3	3	3	3	3	3	3	3	3	3	3	3	3	3	3	3	3	3	3	3	3	3	3	3	3	3	3	3	3	3	3	3	3	3	3	3	3	3	3	3	3	3	3	3	3	3	3	3	3	3	3	3	3	3	3	3	3	3	3	3	3	3	3	3	3	3	3	3	3	3	3	3	3	3	3	3	3	3	3	3	3	3	3	3	3	3	3	3	3	3	3	3	3	3	3	3	3	3	3	3	3	3	3	3	3	3	3	3	3	3	3	3	3	3	3	3	3	3	3	3	3	3	3	3	3	3	3	3	3	3	3	3	3	3	3	3	3	3	3	3	3	3	3	3	3	3	3	3	3	3	3	3	3	3	3	3	3	3	3	3	3	3	3	3	3	3	3	3	3	3	3	3	3	3	3	3	3	3	3	3	3	3	3	3	3	3	3	3	3	3	3	3	3	3	3	3	3	3	3	3	3	3	3	3	3	3	3	3	3	3	3	3	3	3	3	3	3	3	3	3	3	3	3	3	3	3	3	3	3	3	3	3	3	3	3	3	3	3	3	3	3	3	3	3	3	3	3	3	3	3	3	3	3	3	3	3	3	3	3	3	3	3	3	3	3	3	3	3	3	3	3	3	3	3	3	3	3	3	3	3	3	3	3	3	3	3	3	3	3	3	3	3	3	3	3	3	3	3	3	3	3	3	3	3	3	3	3	3	3	3	3	3	3	3	3	3	3	3	3	3	3	3	3	3	3	3	3	3	3	3	3	3	3	3	3	3	3	3	3	3	3	3	3	3	3	3	3	3	3	3	3	3	3	3	3	3	3	3	3	3	3	3	3	3	3	3	3	3	3	3	3	3	3	3	3	3	3	3	3	3	3	3	3	3	3	3	3	3	3	3	3	3	3	3	3	3	3	3	3	3	3	3	3	3	3	3	3	3	3	3	3	3	3	3	3	3	3	3	3	3	3	3	3	3	3	3	3	3	3	3	3	3	3	3	3	3	3	3	3	3	3	3	3	3	3	3	3	3	3	3	3	3	3	3	3	3	3	3	3	3	4	3	3	3	3	3	3	3	3	3	3	3	3	3	3	3	3	3	3	3	3	3	3	3	3	3	3	3	3	3	4	3	3	3	3	3	3	3	3	3	3	3	3	3	3	3	3	3	3	3	3	3	3	3	3	3	3	3	3	3	3	3	3	3	3	3	3	3	3	3	3	3	3	3	3	3	3	3	3	3	3	3	3	3	3	3	3	3	3	3	3	3	3	3	3	3	3	3	3	3	3	3	3	3	3	3	3	3	3	3	3	3	3	3	3	3	3	3	3	3	3	3	3	3	3	3	3	3	3	3	3	3	3	3	3	3	3	3	3	3	3	3	3	3	3	3	3	3	3	3	3	3	3	3	3	3	3	3	3	3	3	3	3	3	3	3	3	3	3	3	3	3	3	3	3	3	3	3	3	3	3	3	3	3	3	3	3	3	3	3	3	3	3	3	3	3	3	3	3	3	3	3	3	3	3	3	3	3	3	3	3	3	3	3	3	3	3	3	3	3	3	3	3	3	3	3	3	3	3	3	3	3	3	3	3	3	3	3	3	3	3	3	3	3	3	3	3	3	3	3	3	3	3	3	3	3	3	3	3	3	3	3	3	3	3	3	3	3	3	3	3	3	3	3	3	3	3	3	3	3	3	3	3	3	3	3	3	3	3	3	3	3	3	3	3	3	3	3	3	3	3	3	3	3	3	3	3	3	3	3	3	3	3	3	3	3	3	3	3	3	3	3	3	3	3	3	3	3	3	3	3	3	3	3	3	3	3	3	3	3	3	3	3	3	3	3	3	3	3	3	3	3	3	3	3	4	3	3	3	3	3	3	3	3	3	3	3	3	3	3	3	3	3	3	3	3	3	3	3	3	3	3	3	3	3	3	3	3	3	3	3	3	3	3	3	3	3	3	3	3	3	3	3	3	3	3	3	3	3	3	3	3	3	3	3	3	3	3	3	3	3	3	3	3	3	3	3	3	3	3	3	3	3	3	3	3	3	3	3	3	4	3	3	3	3	3	3	3	3	3	3	3	3	3	3	3	3	3	3	3	3	3	3	3	3	3	3	3	3	3	3	3	3	3	3	3	3	3	3	3	3	3	3	3	3	3	3	3
