node1,node2,length,startLon,startLat,endLon,endLat,endNodeL,startNodeL,startYear,endYear,tipLabel
753,754,0.00290271843922274,-121.372441246566,44.0094735825564,-120.267803622433,44.155504678037,1.1440241084179,1.14112138997867,2023.72782627951,2023.73072899795,NA
706,707,0.0307990988129372,-111.285076194682,39.7428183081697,-111.07376783444,39.1738559308968,1.14525831917942,1.11445922036648,2023.70116410989,2023.73196320871,NA
707,708,0.00424459644336062,-111.07376783444,39.1738559308968,-110.936813068274,39.3521591109376,1.14950291562278,1.14525831917942,2023.73196320871,2023.73620780515,NA
574,576,0.00791752272917057,-119.168017967342,37.8742029313093,-118.864654276627,37.9887340010326,1.15595416743482,1.14803664470565,2023.73474153423,2023.74265905696,NA
576,578,0.0026851014913738,-118.864654276627,37.9887340010326,-118.564681034901,37.8230512423283,1.15863926892619,1.15595416743482,2023.74265905696,2023.74534415845,NA
708,709,0.013023895036228,-110.936813068274,39.3521591109376,-111.383872326226,39.0211250820772,1.16252681065901,1.14950291562278,2023.73620780515,2023.74923170019,NA
764,765,0.00190009886384956,-94.9571828670249,47.0969241220139,-95.1737054224868,47.067519552373,1.16881497963104,1.16691488076719,2023.7536197703,2023.75551986916,NA
704,60,0.0210238042626973,-110.329732930671,38.9057225884551,-111.357030751674,39.2248035393957,1.16945949403321,1.14843568977051,2023.7351405793,2023.75616438356,A/turkey/Utah/23-030214-001/2023|H5N1|USA-UT|2023-10-04|avian|B3.6
708,56,0.0199565784104305,-110.936813068274,39.3521591109376,-111.698509819434,39.4120463604252,1.16945949403321,1.14950291562278,2023.73620780515,2023.75616438356,A/turkey/Utah/23-030211-002/2023|H5N1|USA-UT|2023-10-04|avian|B3.6
709,55,0.00693268337420272,-111.383872326226,39.0211250820772,-111.665571801643,39.0820677820244,1.16945949403321,1.16252681065901,2023.74923170019,2023.75616438356,A/turkey/Utah/23-030211-003/2023|H5N1|USA-UT|2023-10-04|avian|B3.6
765,766,0.00199331471979569,-95.1737054224868,47.067519552373,-93.4161538101152,46.4146780649205,1.17080829435083,1.16881497963104,2023.75551986916,2023.75751318388,NA
1002,1003,0.0177928885300653,-118.978022158149,38.9303041358852,-118.457243398398,39.8917362194895,1.17188983772371,1.15409694919365,2023.74080183872,2023.75859472725,NA
706,51,0.0577399996943131,-111.285076194682,39.7428183081697,-111.598521621001,39.6497377044348,1.17219922006079,1.11445922036648,2023.70116410989,2023.75890410959,A/turkey/Utah/23-030331-002/2023|H5N1|USA-UT|2023-10-05|avian|B3.6
707,53,0.0269409008813759,-111.07376783444,39.1738559308968,-111.430631357482,39.2811372350377,1.17219922006079,1.14525831917942,2023.73196320871,2023.75890410959,A/turkey/Utah/23-030331-005/2023|H5N1|USA-UT|2023-10-05|avian|B3.6
704,59,0.0237635302902821,-110.329732930671,38.9057225884551,-111.273392226972,39.6918656869172,1.17219922006079,1.14843568977051,2023.7351405793,2023.75890410959,A/turkey/Utah/23-030333-001/2023|H5N1|USA-UT|2023-10-05|avian|B3.6
702,57,0.0207491156843356,-111.63963498591,39.3442079310701,-111.517112451627,39.5936342075451,1.17219922006079,1.15145010437646,2023.7381549939,2023.75890410959,A/turkey/Utah/23-030333-002/2023|H5N1|USA-UT|2023-10-05|avian|B3.6
702,58,0.0207491156843356,-111.63963498591,39.3442079310701,-111.359262392117,39.2317447149879,1.17219922006079,1.15145010437646,2023.7381549939,2023.75890410959,A/turkey/Utah/23-030333-003/2023|H5N1|USA-UT|2023-10-05|avian|B3.6
709,54,0.00967240940178748,-111.383872326226,39.0211250820772,-111.581923821337,39.159843190867,1.17219922006079,1.16252681065901,2023.74923170019,2023.75890410959,A/turkey/Utah/23-030331-004/2023|H5N1|USA-UT|2023-10-05|avian|B3.6
740,73,0.00417318530501598,-106.822893783222,38.4389581149867,-106.696317025046,38.41554998215,1.17767867211551,1.17350548681049,2023.76021037634,2023.76438356164,A/mallard/Colorado/23-030893-003/2023|H5N1|USA-CO|2023-10-07|avian|B3.6
740,74,0.00417318530501598,-106.822893783222,38.4389581149867,-106.891260601686,38.3886400626452,1.17767867211551,1.17350548681049,2023.76021037634,2023.76438356164,A/mallard/Colorado/23-030893-0012/2023|H5N1|USA-CO|2023-10-07|avian|B3.6
694,91,0.0039400013111548,-98.1684460281172,44.5354404109603,-98.2564370393772,44.2148643063659,1.18041839814287,1.17647839683171,2023.76318328636,2023.76712328767,A/gadwall/South_Dakota/23-031573-004/2023|H5N1|USA-SD|2023-10-08|avian|B3.6
694,92,0.0039400013111548,-98.1684460281172,44.5354404109603,-98.1668866480235,44.5776034539329,1.18041839814287,1.17647839683171,2023.76318328636,2023.76712328767,A/gadwall/South_Dakota/23-031573-002/2023|H5N1|USA-SD|2023-10-08|avian|B3.6
695,696,0.0192852947658424,-93.8170646947872,43.5773078353446,-94.3961011019677,44.04819224324,1.18158527417464,1.1622999794088,2023.74900486894,2023.7682901637,NA
696,697,0.000446177077896515,-94.3961011019677,44.04819224324,-94.0069437630915,44.0050016755822,1.18203145125254,1.18158527417464,2023.7682901637,2023.76873634078,NA
741,742,0.0697524581859805,-114.519098860855,42.1878820406662,-105.039561635408,41.1195171448578,1.18304035555692,1.11328789737094,2023.6999927869,2023.76974524509,NA
863,864,0.0360907150836694,-94.7255297871141,42.3861585365947,-95.3144968420497,44.4861214728962,1.18388344852349,1.14779273343982,2023.73449762297,2023.77058833805,NA
766,769,0.0145672983817586,-93.4161538101152,46.4146780649205,-95.0681039217425,46.7763041930844,1.18537559273259,1.17080829435083,2023.75751318388,2023.77208048226,NA
697,698,0.00640928085016768,-94.0069437630915,44.0050016755822,-93.9694571685094,43.9866054808939,1.18844073210271,1.18203145125254,2023.76873634078,2023.77514562163,NA
651,100,0.0343947902116801,-118.195875314602,47.4026554917649,-119.833254878251,49.2546490037124,1.18863757622517,1.15424278601349,2023.74094767554,2023.77534246575,A/Canada_Goose/BC/AIVPHL-1343/2023|H5N1|Canada-BC|2023-10-11|avian|B3.6
742,76,0.00559722066824708,-105.039561635408,41.1195171448578,-104.434873784389,40.9314906928628,1.18863757622517,1.18304035555692,2023.76974524509,2023.77534246575,A/chicken/Colorado/23-030833-003/2023|H5N1|USA-CO|2023-10-11|avian|B3.6
742,77,0.00559722066824708,-105.039561635408,41.1195171448578,-104.895893840951,40.8224010116941,1.18863757622517,1.18304035555692,2023.76974524509,2023.77534246575,A/chicken/Colorado/23-030833-001/2023|H5N1|USA-CO|2023-10-11|avian|B3.6
766,767,0.0205299303342481,-93.4161538101152,46.4146780649205,-95.2263806930175,47.1243657420197,1.19133822468508,1.17080829435083,2023.75751318388,2023.77804311421,NA
622,313,0.0520505381910068,-94.4886056935352,43.4251815167683,-93.131105149545,44.716387467332,1.19137730225252,1.13932676406152,2023.72603165359,2023.77808219178,A/peregrine_falcon/Minnesota/23-031335-001/2023|H5N1|USA-MN|2023-10-12|avian|B3.6
997,1001,0.0200530566239336,-92.6245387620958,38.4286330384007,-94.2488353128486,37.1375011139358,1.19293272856272,1.17287967193879,2023.75958456147,2023.77963761809,NA
808,809,0.00714755086547525,-92.0865404857624,43.4141462293183,-95.4541500858355,44.58271904323,1.19403209164164,1.18688454077616,2023.7735894303,2023.78073698117,NA
767,768,0.00392060625328483,-95.2263806930175,47.1243657420197,-95.2328384791533,47.0246513494396,1.19525883093837,1.19133822468508,2023.77804311421,2023.78196372047,NA
1002,383,0.0427598051135902,-118.978022158149,38.9303041358852,-117.663973869542,39.5792533003424,1.19685675430724,1.15409694919365,2023.74080183872,2023.78356164384,A/mallard/Nevada/23-034303-024-original/2023|H5N1|USA-NV|2023-10-14|avian|B3.6
1003,385,0.0249669165835249,-118.457243398398,39.8917362194895,-118.442270277798,39.8747944337265,1.19685675430724,1.17188983772371,2023.75859472725,2023.78356164384,A/mallard/Nevada/23-034303-019-original/2023|H5N1|USA-NV|2023-10-14|avian|B3.6
1003,384,0.0249669165835249,-118.457243398398,39.8917362194895,-117.666533859358,39.5910478706305,1.19685675430724,1.17188983772371,2023.75859472725,2023.78356164384,A/mallard/Nevada/23-034303-020-original/2023|H5N1|USA-NV|2023-10-14|avian|B3.6
661,86,0.00250689218009414,-98.4993661927032,45.6162266471113,-98.763864738513,45.8537860220498,1.19685675430724,1.19434986212714,2023.78105475166,2023.78356164384,A/turkey/South_Dakota/23-031328-002/2023|H5N1|USA-SD|2023-10-14|avian|B3.6
661,87,0.00250689218009414,-98.4993661927032,45.6162266471113,-98.7889515627657,45.6383648518387,1.19685675430724,1.19434986212714,2023.78105475166,2023.78356164384,A/turkey/South_Dakota/23-031328-001/2023|H5N1|USA-SD|2023-10-14|avian|B3.6
584,585,0.0419721080045132,-118.5418851907,46.9203974665652,-118.991650831271,47.4735813456353,1.19702122112817,1.15504911312366,2023.74175400265,2023.78372611066,NA
764,135,0.0326815995674079,-94.9571828670249,47.0969241220139,-95.3091365239429,47.0873470785307,1.1995964803346,1.16691488076719,2023.7536197703,2023.78630136986,A/turkey/Minnesota/23-031337-003/2023|H5N1|USA-MN|2023-10-15|avian|B3.6
767,139,0.00825825564951455,-95.2263806930175,47.1243657420197,-95.2191216168226,47.099648374521,1.1995964803346,1.19133822468508,2023.77804311421,2023.78630136986,A/turkey/Minnesota/23-031337-001/2023|H5N1|USA-MN|2023-10-15|avian|B3.6
768,138,0.00433764939622971,-95.2328384791533,47.0246513494396,-95.2273217978551,47.0386074841724,1.1995964803346,1.19525883093837,2023.78196372047,2023.78630136986,A/turkey/Minnesota/23-031337-002/2023|H5N1|USA-MN|2023-10-15|avian|B3.6
696,699,0.0182672254921759,-94.3961011019677,44.04819224324,-94.0918987786655,44.1274967378651,1.19985249966682,1.18158527417464,2023.7682901637,2023.7865573892,NA
741,75,0.0890483089910146,-114.519098860855,42.1878820406662,-121.580481579347,47.5717396073276,1.20233620636195,1.11328789737094,2023.6999927869,2023.78904109589,A/Muscovy_duck/Washington/23-031346-002/2023|H5N1|USA-WA|2023-10-16|avian|B3.6
863,247,0.0545434729221324,-94.7255297871141,42.3861585365947,-95.2841091175146,44.2355172852314,1.20233620636195,1.14779273343982,2023.73449762297,2023.78904109589,A/turkey/Minnesota/23-031508-001/2023|H5N1|USA-MN|2023-10-16|avian|B3.6
695,171,0.0400362269531507,-93.8170646947872,43.5773078353446,-94.0596101860518,43.9082232559617,1.20233620636195,1.1622999794088,2023.74900486894,2023.78904109589,A/turkey/Minnesota/23-031477-001/2023|H5N1|USA-MN|2023-10-16|avian|B3.6
864,245,0.018452757838463,-95.3144968420497,44.4861214728962,-95.3843084301648,44.3555360886445,1.20233620636195,1.18388344852349,2023.77058833805,2023.78904109589,A/turkey/Minnesota/23-031508-002/2023|H5N1|USA-MN|2023-10-16|avian|B3.6
864,246,0.018452757838463,-95.3144968420497,44.4861214728962,-95.3161046437736,44.4865934691301,1.20233620636195,1.18388344852349,2023.77058833805,2023.78904109589,A/turkey/Minnesota/23-031508-003/2023|H5N1|USA-MN|2023-10-16|avian|B3.6
699,174,0.00248370669513243,-94.0918987786655,44.1274967378651,-94.282155618317,44.2295565635958,1.20233620636195,1.19985249966682,2023.7865573892,2023.78904109589,A/turkey/Minnesota/23-031477-002/2023|H5N1|USA-MN|2023-10-16|avian|B3.6
699,176,0.00248370669513243,-94.0918987786655,44.1274967378651,-93.8913504706271,44.1045134939373,1.20233620636195,1.19985249966682,2023.7865573892,2023.78904109589,A/turkey/Minnesota/23-031477-003/2023|H5N1|USA-MN|2023-10-16|avian|B3.6
585,592,0.00753696879006682,-118.991650831271,47.4735813456353,-118.765044442442,47.5552126350226,1.20455818991824,1.19702122112817,2023.78372611066,2023.79126307945,NA
765,137,0.0362609527585005,-95.1737054224868,47.067519552373,-95.570445219799,46.9374665451968,1.20507593238954,1.16881497963104,2023.75551986916,2023.79178082192,A/turkey/Minnesota/23-031729-002/2023|H5N1|USA-MN|2023-10-17|avian|B3.6
768,134,0.00981710145117187,-95.2328384791533,47.0246513494396,-95.5788775696453,46.9604232793893,1.20507593238954,1.19525883093837,2023.78196372047,2023.79178082192,A/turkey/Minnesota/23-031729-001/2023|H5N1|USA-MN|2023-10-17|avian|B3.6
892,389,0.00240726056408436,-100.182196875398,45.1864010529416,-99.8996112398148,45.1691390491194,1.20507593238954,1.20266867182545,2023.78937356135,2023.79178082192,A/mallard/South_Dakota/23-032221-011-original2/2023|H5N1|USA-SD|2023-10-17|avian|B3.6
892,390,0.00240726056408436,-100.182196875398,45.1864010529416,-100.182235890302,45.1869222076919,1.20507593238954,1.20266867182545,2023.78937356135,2023.79178082192,A/mallard/South_Dakota/23-032221-008-original2/2023|H5N1|USA-SD|2023-10-17|avian|B3.6
585,586,0.00886343200610229,-118.991650831271,47.4735813456353,-119.083098403809,47.548412850516,1.20588465313427,1.19702122112817,2023.78372611066,2023.79258954266,NA
809,810,0.0124419903014459,-95.4541500858355,44.58271904323,-94.5235716407442,44.8774600403648,1.20647408194309,1.19403209164164,2023.78073698117,2023.79317897147,NA
592,593,0.00212214711993397,-118.765044442442,47.5552126350226,-118.822683342443,47.4391944775114,1.20668033703817,1.20455818991824,2023.79126307945,2023.79338522657,NA
769,133,0.0224400656843036,-95.0681039217425,46.7763041930844,-95.1849444681447,46.8001070071424,1.20781565841689,1.18537559273259,2023.77208048226,2023.79452054795,A/turkey/Minnesota/23-032151-002/2023|H5N1|USA-MN|2023-10-18|avian|B3.6
769,136,0.0224400656843036,-95.0681039217425,46.7763041930844,-95.7305185243923,46.9660506313029,1.20781565841689,1.18537559273259,2023.77208048226,2023.79452054795,A/turkey/Minnesota/23-032151-001/2023|H5N1|USA-MN|2023-10-18|avian|B3.6
698,173,0.019374926314186,-93.9694571685094,43.9866054808939,-93.9350941494947,43.9464011727393,1.20781565841689,1.18844073210271,2023.77514562163,2023.79452054795,A/turkey/Minnesota/23-032149-001/2023|H5N1|USA-MN|2023-10-18|avian|B3.6
1034,1035,0.00451109341604283,-109.903836235922,46.9601152666754,-109.698006001323,46.5991381567664,1.20947322353177,1.20496213011572,2023.79166701964,2023.79617811306,NA
586,587,0.00390925305894285,-119.083098403809,47.548412850516,-119.161838187023,47.5898857068005,1.20979390619322,1.20588465313427,2023.79258954266,2023.79649879572,NA
593,594,0.00323072976128524,-118.822683342443,47.4391944775114,-118.848026681475,47.3346034027401,1.20991106679946,1.20668033703817,2023.79338522657,2023.79661595633,NA
628,320,0.0521858767605614,-94.4851006656834,43.4298014519622,-93.5256342483854,42.9468180082578,1.21055538444425,1.15836950768369,2023.74507439721,2023.79726027397,A/blue-winged_teal/Iowa/23-032986-004/2023|H5N1|USA-IA|2023-10-19|avian|B3.6
628,321,0.0521858767605614,-94.4851006656834,43.4298014519622,-93.683312503886,42.9737050270983,1.21055538444425,1.15836950768369,2023.74507439721,2023.79726027397,A/green-winged_teal/Iowa/23-032986-006/2023|H5N1|USA-IA|2023-10-19|avian|B3.6
697,175,0.0285239331917109,-94.0069437630915,44.0050016755822,-93.8328469379585,44.0480555740674,1.21055538444425,1.18203145125254,2023.76873634078,2023.79726027397,A/turkey/Minnesota/23-032150-001/2023|H5N1|USA-MN|2023-10-19|avian|B3.6
698,172,0.0221146523415434,-93.9694571685094,43.9866054808939,-94.2322170767788,44.0551580611063,1.21055538444425,1.18844073210271,2023.77514562163,2023.79726027397,A/turkey/Minnesota/23-032150-002/2023|H5N1|USA-MN|2023-10-19|avian|B3.6
964,965,0.0450135739171298,-92.0170375936863,39.9988159944686,-86.8548190698422,35.4897475813334,1.21101858595204,1.16600501203491,2023.75270990156,2023.79772347548,NA
809,811,0.0176511248008198,-95.4541500858355,44.58271904323,-94.5829332106113,44.7484055196416,1.21168321644246,1.19403209164164,2023.78073698117,2023.79838810597,NA
840,841,0.00919924595962796,-96.0450040079684,43.477543111699,-94.6680960866499,43.1657592136811,1.21188544053305,1.20268619457342,2023.7893910841,2023.79859033006,NA
1030,335,0.0989485867276496,-98.1020826618694,43.7882304505416,-92.8413479787969,46.1449328456922,1.21329511047161,1.11434652374396,2023.70105141327,2023.8,A/chicken/Minnesota/23-032247-001/2023|H5N1|USA-MN|2023-10-20|avian|B3.6
1030,336,0.0989485867276496,-98.1020826618694,43.7882304505416,-92.3994948425136,46.4051949641018,1.21329511047161,1.11434652374396,2023.70105141327,2023.8,A/guinea_fowl/Minnesota/23-032247-002/2023|H5N1|USA-MN|2023-10-20|avian|B3.6
1044,1045,0.100255466070961,-119.133213994509,37.1761949326604,-122.038961335577,37.9342147223302,1.21624042428762,1.11598495821666,2023.70268984774,2023.80294531382,NA
754,756,0.0731897007315261,-120.267803622433,44.155504678037,-122.326178965792,44.6969844200906,1.21721380914942,1.1440241084179,2023.73072899795,2023.80391869868,NA
665,146,0.0861776474193663,-121.546298220683,38.5895940224109,-121.739971530443,38.6256616598966,1.21877456252655,1.13259691510719,2023.71930180464,2023.80547945205,A/American_wigeon/California/23-032991-003/2023|H5N1|USA-CA|2023-10-22|avian|B3.6
665,147,0.0861776474193663,-121.546298220683,38.5895940224109,-121.589603015552,38.6355242488437,1.21877456252655,1.13259691510719,2023.71930180464,2023.80547945205,A/American_wigeon/California/23-032991-008/2023|H5N1|USA-CA|2023-10-22|avian|B3.6
871,235,0.0601650454790335,-94.0564164049133,42.4086784611694,-94.9158057036282,42.8352291457471,1.21877456252655,1.15860951704752,2023.74531440658,2023.80547945205,A/chicken/Iowa/23-032138-001/2023|H5N1|USA-IA|2023-10-22|avian|B3.6
871,236,0.0601650454790335,-94.0564164049133,42.4086784611694,-94.753178602322,42.8421754685101,1.21877456252655,1.15860951704752,2023.74531440658,2023.80547945205,A/chicken/Iowa/23-032138-002/2023|H5N1|USA-IA|2023-10-22|avian|B3.6
906,498,0.0365973515620566,-94.8667476650616,42.7570376157814,-94.7947621755538,42.8872607113118,1.21877456252655,1.1821772109645,2023.76888210049,2023.80547945205,A/turkey/Iowa/23-032139-001/2023|H5N1|USA-IA|2023-10-22|avian|B3.6
906,499,0.0365973515620566,-94.8667476650616,42.7570376157814,-94.6777282221801,42.752153769747,1.21877456252655,1.1821772109645,2023.76888210049,2023.80547945205,A/turkey/Iowa/23-032139-002/2023|H5N1|USA-IA|2023-10-22|avian|B3.6
993,377,0.000998801723013587,-97.614232804417,44.6883327535124,-97.6058790229401,44.8950863131535,1.21877456252655,1.21777576080354,2023.80448065033,2023.80547945205,A/turkey/South_Dakota/23-032354-002/2023|H5N1|USA-SD|2023-10-22|avian|B3.6
993,378,0.000998801723013587,-97.614232804417,44.6883327535124,-97.7255928811378,44.6594641039596,1.21877456252655,1.21777576080354,2023.80448065033,2023.80547945205,A/turkey/South_Dakota/23-032354-001/2023|H5N1|USA-SD|2023-10-22|avian|B3.6
754,755,0.0750770015460531,-120.267803622433,44.155504678037,-124.074801597729,45.7928926885697,1.21910110996395,1.1440241084179,2023.73072899795,2023.80580599949,NA
587,588,0.0107686267942073,-119.161838187023,47.5898857068005,-119.478504995433,47.2211577517693,1.22056253298742,1.20979390619322,2023.79649879572,2023.80726742252,NA
959,460,0.103129628094855,-94.1183432925795,46.3547808200771,-93.7051603145531,45.7259092283285,1.22151428855391,1.11838466045905,2023.70508954999,2023.80821917808,A/redhead_duck/Minnesota/23-032692-005/2023|H5N1|USA-MN|2023-10-23|avian|B3.6
584,34,0.0664651754302508,-118.5418851907,46.9203974665652,-119.245157666377,47.5725756421328,1.22151428855391,1.15504911312366,2023.74175400265,2023.80821917808,A/wood_duck/Washington/23-033636-003/2023|H5N1|USA-WA|2023-10-23|avian|B3.6
586,32,0.0156296354196352,-119.083098403809,47.548412850516,-119.098721064119,47.8476863174372,1.22151428855391,1.20588465313427,2023.79258954266,2023.80821917808,A/mallard/Washington/23-033636-012/2023|H5N1|USA-WA|2023-10-23|avian|B3.6
810,206,0.0150402066108237,-94.5235716407442,44.8774600403648,-94.5658859645856,44.9040032813838,1.22151428855391,1.20647408194309,2023.79317897147,2023.80821917808,A/turkey/Minnesota/23-032410-002/2023|H5N1|USA-MN|2023-10-23|avian|B3.6
810,205,0.0150402066108237,-94.5235716407442,44.8774600403648,-94.436338455203,45.2139887390565,1.22151428855391,1.20647408194309,2023.79317897147,2023.80821917808,A/turkey/Minnesota/23-032410-001/2023|H5N1|USA-MN|2023-10-23|avian|B3.6
588,589,0.00204439744679052,-119.478504995433,47.2211577517693,-118.991370372539,47.3925915116848,1.22260693043421,1.22056253298742,2023.80726742252,2023.80931181996,NA
589,590,0.000717734190533559,-118.991370372539,47.3925915116848,-118.717676496696,47.2800898291032,1.22332466462475,1.22260693043421,2023.80931181996,2023.81002955415,NA
643,103,0.0306415927823793,-97.6631644674656,43.6913106615475,-97.7381477126864,43.6830969440834,1.22425401458127,1.19361242179889,2023.78031731133,2023.81095890411,A/turkey/South_Dakota/23-032362-001/2023|H5N1|USA-SD|2023-10-24|avian|B3.6
643,104,0.0306415927823793,-97.6631644674656,43.6913106615475,-97.6318131893127,43.5903873590743,1.22425401458127,1.19361242179889,2023.78031731133,2023.81095890411,A/turkey/South_Dakota/23-032362-002/2023|H5N1|USA-SD|2023-10-24|avian|B3.6
588,591,0.00494527485407392,-119.478504995433,47.2211577517693,-119.594413946734,47.2171931009791,1.2255078078415,1.22056253298742,2023.80726742252,2023.81221269737,NA
811,812,0.0150084389069436,-94.5829332106113,44.7484055196416,-94.1785078029678,45.0236165975095,1.2266916553494,1.21168321644246,2023.79838810597,2023.81339654488,NA
592,24,0.0224355506903855,-118.765044442442,47.5552126350226,-119.576748173872,47.2980168884687,1.22699374060862,1.20455818991824,2023.79126307945,2023.81369863014,A/mallard/Washington/23-033638-009/2023|H5N1|USA-WA|2023-10-25|avian|B3.6
593,30,0.0203134035704515,-118.822683342443,47.4391944775114,-119.509660983084,47.4720149583758,1.22699374060862,1.20668033703817,2023.79338522657,2023.81369863014,A/mallard/Washington/23-033638-010/2023|H5N1|USA-WA|2023-10-25|avian|B3.6
587,33,0.0171998344154074,-119.161838187023,47.5898857068005,-119.238182628214,47.3983783134857,1.22699374060862,1.20979390619322,2023.79649879572,2023.81369863014,A/mallard/Washington/23-033638-008/2023|H5N1|USA-WA|2023-10-25|avian|B3.6
594,23,0.0170826738091663,-118.848026681475,47.3346034027401,-119.718790852477,47.2983426092387,1.22699374060862,1.20991106679946,2023.79661595633,2023.81369863014,A/mallard/Washington/23-033638-003/2023|H5N1|USA-WA|2023-10-25|avian|B3.6
594,29,0.0170826738091663,-118.848026681475,47.3346034027401,-119.489827498452,46.8333131484251,1.22699374060862,1.20991106679946,2023.79661595633,2023.81369863014,A/mallard/Washington/23-033638-015/2023|H5N1|USA-WA|2023-10-25|avian|B3.6
589,25,0.00438681017440978,-118.991370372539,47.3925915116848,-119.298920050239,47.5835127887907,1.22699374060862,1.22260693043421,2023.80931181996,2023.81369863014,A/mallard/Washington/23-033638-012/2023|H5N1|USA-WA|2023-10-25|avian|B3.6
590,27,0.00366907598387622,-118.717676496696,47.2800898291032,-119.079966669834,47.4573912433026,1.22699374060862,1.22332466462475,2023.81002955415,2023.81369863014,A/mallard/Washington/23-033638-011/2023|H5N1|USA-WA|2023-10-25|avian|B3.6
590,31,0.00366907598387622,-118.717676496696,47.2800898291032,-119.043560251844,47.1566123706174,1.22699374060862,1.22332466462475,2023.81002955415,2023.81369863014,A/mallard/Washington/23-033638-002/2023|H5N1|USA-WA|2023-10-25|avian|B3.6
591,28,0.00148593276712639,-119.594413946734,47.2171931009791,-119.623675805205,46.890739031039,1.22699374060862,1.2255078078415,2023.81221269737,2023.81369863014,A/mallard/Washington/23-033638-013/2023|H5N1|USA-WA|2023-10-25|avian|B3.6
591,26,0.00148593276712639,-119.594413946734,47.2171931009791,-119.560159910027,47.4169109888007,1.22699374060862,1.2255078078415,2023.81221269737,2023.81369863014,A/mallard/Washington/23-033638-004/2023|H5N1|USA-WA|2023-10-25|avian|B3.6
753,759,0.0896456064414264,-121.372441246566,44.0094735825564,-122.513739109526,44.4261621730946,1.2307669964201,1.14112138997867,2023.72782627951,2023.81747188595,NA
931,932,0.0388599625482611,-94.889491009028,45.2722726053371,-94.1077832880224,45.2365259266411,1.23084266593502,1.19198270338676,2023.77868759292,2023.81754755546,NA
959,960,0.113184955439924,-94.1183432925795,46.3547808200771,-93.925972338208,46.4696598887285,1.23156961589898,1.11838466045905,2023.70508954999,2023.81827450543,NA
812,202,0.00578153731393605,-94.1785078029678,45.0236165975095,-94.2789296707678,45.0751141559254,1.23247319266334,1.2266916553494,2023.81339654488,2023.81917808219,A/turkey/Minnesota/23-033106-001/2023|H5N1|USA-MN|2023-10-27|avian|B3.6
812,203,0.00578153731393605,-94.1785078029678,45.0236165975095,-94.2568446649976,45.0693145100661,1.23247319266334,1.2266916553494,2023.81339654488,2023.81917808219,A/turkey/Minnesota/23-033106-002/2023|H5N1|USA-MN|2023-10-27|avian|B3.6
986,987,0.0669450676804468,-93.8351659705755,45.5552665385495,-95.8411952217218,44.6620714287608,1.23478971315511,1.16784464547466,2023.754549535,2023.82149460268,NA
964,489,0.0692079066560123,-92.0170375936863,39.9988159944686,-90.2212691295921,38.9620219887976,1.23521291869092,1.16600501203491,2023.75270990156,2023.82191780822,A/northern_shoveler/Illinois/23-033983-049-original/2023|H5N1|USA-IL|2023-10-28|avian|B3.6
1031,337,0.0508025016013969,-98.4725064191161,44.6623664862592,-98.4885039261988,44.6256184767259,1.23521291869092,1.18441041708953,2023.77111530662,2023.82191780822,A/turkey/South_Dakota/23-033096-001/2023|H5N1|USA-SD|2023-10-28|avian|B3.6
1031,338,0.0508025016013969,-98.4725064191161,44.6623664862592,-98.4032995779295,44.6281346893123,1.23521291869092,1.18441041708953,2023.77111530662,2023.82191780822,A/turkey/South_Dakota/23-033096-002/2023|H5N1|USA-SD|2023-10-28|avian|B3.6
808,201,0.0483283779147592,-92.0865404857624,43.4141462293183,-94.5369309727273,45.1162224533274,1.23521291869092,1.18688454077616,2023.7735894303,2023.82191780822,A/turkey/Minnesota/23-033304-002/2023|H5N1|USA-MN|2023-10-28|avian|B3.6
811,204,0.0235297022484642,-94.5829332106113,44.7484055196416,-94.5075329642752,45.0767786009804,1.23521291869092,1.21168321644246,2023.79838810597,2023.82191780822,A/turkey/Minnesota/23-033304-001/2023|H5N1|USA-MN|2023-10-28|avian|B3.6
925,516,0.0200790472359882,-89.9942596853821,39.1164989102085,-89.8975304583679,38.9196702344343,1.23521291869092,1.21513387145494,2023.80183876098,2023.82191780822,A/ring-necked_duck/Illinois/23-033983-010-original/2023|H5N1|USA-IL|2023-10-28|avian|B3.6
925,517,0.0200790472359882,-89.9942596853821,39.1164989102085,-89.647895456689,38.9578610260439,1.23521291869092,1.21513387145494,2023.80183876098,2023.82191780822,A/wood_duck/Illinois/23-033983-015-original/2023|H5N1|USA-IL|2023-10-28|avian|B3.6
841,263,0.0288069302125931,-94.6680960866499,43.1657592136811,-95.1059243610093,43.1260591932742,1.24069237074564,1.21188544053305,2023.79859033006,2023.82739726027,A/mallard/Iowa/23-033661-002/2023|H5N1|USA-IA|2023-10-30|avian|B3.6
776,119,0.0089361936748058,-93.6545562957864,36.1191489629083,-93.6961935421768,36.198106282289,1.24069237074564,1.23175617707083,2023.8184610666,2023.82739726027,A/chicken/Arkansas/23-033113-001/2023|H5N1|Arkansas|2023-10-30|avian|B3.6
776,120,0.0089361936748058,-93.6545562957864,36.1191489629083,-93.5990363294391,36.1147821659929,1.24069237074564,1.23175617707083,2023.8184610666,2023.82739726027,A/chicken/Arkansas/23-033113-002/2023|H5N1|USA-AR|2023-10-30|avian|B3.6
933,934,0.0029852763133742,-96.1992231224735,44.6269738761416,-94.9399849975567,44.4157292517232,1.24141209377028,1.23842681745691,2023.82513170699,2023.8281169833,NA
934,936,0.000551209014368448,-94.9399849975567,44.4157292517232,-95.2567310129606,44.4878574701752,1.24196330278465,1.24141209377028,2023.8281169833,2023.82866819231,NA
936,937,0.00106776172670764,-95.2567310129606,44.4878574701752,-95.2297994998619,43.9268853974459,1.24303106451136,1.24196330278465,2023.82866819231,2023.82973595404,NA
931,524,0.0514493933862377,-94.889491009028,45.2722726053371,-94.0353289032721,45.2747665572785,1.243432096773,1.19198270338676,2023.77868759292,2023.8301369863,A/chicken/Minnesota/23-033671-002/2023|H5N1|USA-MN|2023-10-31|avian|B3.6
932,525,0.0125894308379766,-94.1077832880224,45.2365259266411,-93.9360582427762,45.1729765943938,1.243432096773,1.23084266593502,2023.81754755546,2023.8301369863,A/chicken/Minnesota/23-033671-001/2023|H5N1|USA-MN|2023-10-31|avian|B3.6
932,526,0.0125894308379766,-94.1077832880224,45.2365259266411,-94.0790028520118,45.2426888782992,1.243432096773,1.23084266593502,2023.81754755546,2023.8301369863,A/chicken/Minnesota/23-033668-001/2023|H5N1|USA-MN|2023-10-31|avian|B3.6
805,806,0.00695807471042054,-93.7888687653815,45.9777616218611,-95.3637141675176,45.5417268413501,1.24708432887245,1.24012625416203,2023.82683114369,2023.8337892184,NA
841,264,0.0370261082946652,-94.6680960866499,43.1657592136811,-95.0546274537474,42.9539053597639,1.24891154882771,1.21188544053305,2023.79859033006,2023.83561643836,A/domestic_duck/Iowa/23-033840-003/2023|H5N1|USA-IA|2023-11-02|avian|B3.6
736,68,0.00612658525127863,-94.0862599834929,42.5309751968212,-93.7028983797987,42.3189385624309,1.24891154882771,1.24278496357643,2023.8294898531,2023.83561643836,A/chicken/Iowa/23-033841-001/2023|H5N1|USA-IA|2023-11-02|avian|B3.6
736,69,0.00612658525127863,-94.0862599834929,42.5309751968212,-93.5597159570848,42.3268455452185,1.24891154882771,1.24278496357643,2023.8294898531,2023.83561643836,A/chicken/Iowa/23-033841-002/2023|H5N1|USA-IA|2023-11-02|avian|B3.6
941,520,0.00141493244215418,-99.3823192368942,45.8094000290077,-99.3675410163006,45.8053613674228,1.24891154882771,1.24749661638556,2023.83420150591,2023.83561643836,A/turkey/South_Dakota/23-033623-001/2023|H5N1|USA-SD|2023-11-02|avian|B3.6
941,521,0.00141493244215418,-99.3823192368942,45.8094000290077,-99.4873040283806,45.8458969760264,1.24891154882771,1.24749661638556,2023.83420150591,2023.83561643836,A/turkey/South_Dakota/23-033623-002/2023|H5N1|USA-SD|2023-11-02|avian|B3.6
653,95,0.000851567845595369,-124.351577489051,50.7818611861642,-123.309613641205,50.6188904378352,1.24891154882771,1.24805998098212,2023.83476487051,2023.83561643836,A/Cooper_s_Hawk/BC/AIVPHL-1370/2023|H5N1|Canada-BC|2023-11-02|avian|B3.6
802,803,0.0892214458088818,-117.947309984574,47.7030378818057,-122.01393575507,50.9676822793857,1.25454597776524,1.16532453195636,2023.75202942148,2023.84125086729,NA
756,757,0.0385154181277154,-122.326178965792,44.6969844200906,-122.882996935578,44.7211870891995,1.25572922727714,1.21721380914942,2023.80391869868,2023.84243411681,NA
882,408,0.0368290720115194,-99.298614809874,38.5694320121207,-99.2876671045389,38.5728854659392,1.25713072691001,1.22030165489849,2023.80700654443,2023.84383561644,A/green-winged_teal/Kansas/23-035000-007-original/2023|H5N1|USA-KS|2023-11-05|avian|B3.6
882,409,0.0368290720115194,-99.298614809874,38.5694320121207,-99.3234319369153,38.6603950004052,1.25713072691001,1.22030165489849,2023.80700654443,2023.84383561644,A/green-winged_teal/Kansas/23-035000-006-original/2023|H5N1|USA-KS|2023-11-05|avian|B3.6
805,200,0.0170044727479808,-93.7888687653815,45.9777616218611,-94.2354242304648,45.5747235746049,1.25713072691001,1.24012625416203,2023.82683114369,2023.84383561644,A/turkey/Minnesota/23-034013-002/2023|H5N1|USA-MN|2023-11-05|avian|B3.6
806,199,0.0100463980375602,-95.3637141675176,45.5417268413501,-94.6345060459227,45.6432002402118,1.25713072691001,1.24708432887245,2023.8337892184,2023.84383561644,A/turkey/Minnesota/23-034013-001/2023|H5N1|USA-MN|2023-11-05|avian|B3.6
600,601,0.0681175209477671,-117.604482313943,49.5137445580235,-122.258290719469,52.2370269213689,1.25873053060091,1.19061300965315,2023.77731789918,2023.84543542013,NA
692,107,0.0704226142559468,-118.40975623937,48.7068870750591,-125.095703887326,50.5877659863641,1.25987045293737,1.18944783868142,2023.77615272821,2023.84657534247,A/American_Crow/BC/AIVPHL-1384/2023|H5N1|Canada-BC|2023-11-06|avian|B3.6
755,128,0.0407693429734191,-124.074801597729,45.7928926885697,-122.97068320791,44.793844174043,1.25987045293737,1.21910110996395,2023.80580599949,2023.84657534247,A/chicken/Oregon/23-034937-001/2023|H5N1|USA-OR|2023-11-06|avian|B3.6
885,392,0.0999805492575931,-99.4030503903026,45.8998640383062,-99.7132329313476,45.6898779931701,1.26261017896472,1.16262962970713,2023.74933451924,2023.84931506849,A/turkey/South_Dakota/23-034372-001/2023|H5N1|USA-SD|2023-11-07|avian|B3.6
885,393,0.0999805492575931,-99.4030503903026,45.8998640383062,-99.4144387059178,45.8773338757574,1.26261017896472,1.16262962970713,2023.74933451924,2023.84931506849,A/turkey/South_Dakota/23-034372-002/2023|H5N1|USA-SD|2023-11-07|avian|B3.6
1034,449,0.0576480488489999,-109.903836235922,46.9601152666754,-109.83013041617,46.452450076097,1.26261017896472,1.20496213011572,2023.79166701964,2023.84931506849,A/chicken/Montana/23-034346-005/2023|H5N1|USA-MT|2023-11-07|avian|B3.6
1035,448,0.053136955432957,-109.698006001323,46.5991381567664,-109.759253459351,46.3891143164709,1.26261017896472,1.20947322353177,2023.79617811306,2023.84931506849,A/chicken/Montana/23-034346-006/2023|H5N1|USA-MT|2023-11-07|avian|B3.6
1035,450,0.053136955432957,-109.698006001323,46.5991381567664,-109.672611883187,46.5723075609903,1.26261017896472,1.20947322353177,2023.79617811306,2023.84931506849,A/chicken/Montana/23-034346-007/2023|H5N1|USA-MT|2023-11-07|avian|B3.6
936,529,0.0206468761800747,-95.2567310129606,44.4878574701752,-95.2621859382486,44.4817651575134,1.26261017896472,1.24196330278465,2023.82866819231,2023.84931506849,A/turkey/Minnesota/23-034438-002/2023|H5N1|USA-MN|2023-11-07|avian|B3.6
937,531,0.0195791144533672,-95.2297994998619,43.9268853974459,-95.2886145242008,44.2085384870905,1.26261017896473,1.24303106451136,2023.82973595404,2023.84931506849,A/turkey/Minnesota/23-034438-001/2023|H5N1|USA-MN|2023-11-07|avian|B3.6
779,116,0.0185697237206583,-97.1112905605879,45.8334485089466,-97.0617706590394,45.8190588362671,1.26261017896472,1.24404045524407,2023.83074534477,2023.84931506849,A/turkey/South_Dakota/23-034369-001/2023|H5N1|USA-SD|2023-11-07|avian|B3.6
779,117,0.0185697237206583,-97.1112905605879,45.8334485089466,-97.0787789239258,45.874986935723,1.26261017896472,1.24404045524407,2023.83074534477,2023.84931506849,A/turkey/South_Dakota/23-034369-002/2023|H5N1|USA-SD|2023-11-07|avian|B3.6
904,502,0.0677114657151858,-93.0239023626235,41.6163066442946,-93.4045857137199,41.7050275405309,1.26534990499231,1.19763843927712,2023.78434332881,2023.85205479452,A/American_white_pelican/Iowa/23-034843-001/2023|H5N1|USA-IA|2023-11-08|avian|B3.6
619,317,0.0268554482640244,-99.1359622780442,45.808303115586,-99.2246906037699,45.9877279335032,1.26534990499231,1.23849445672829,2023.82519934626,2023.85205479452,A/chicken/North_Dakota/23-034577-002/2023|H5N1|USA-ND|2023-11-08|avian|B3.6
619,318,0.0268554482640244,-99.1359622780442,45.808303115586,-99.230827628049,46.0578638085771,1.26534990499231,1.23849445672829,2023.82519934626,2023.85205479452,A/chicken/North_Dakota/23-034577-001/2023|H5N1|USA-ND|2023-11-08|avian|B3.6
658,177,0.0126470462069572,-108.407534083778,38.1454764032686,-108.613342087832,38.1869522747232,1.26534990499231,1.25270285878535,2023.83940774831,2023.85205479452,A/chicken/Colorado/23-034666-002/2023|H5N1|USA-CO|2023-11-08|avian|B3.6
658,178,0.0126470462069572,-108.407534083778,38.1454764032686,-108.329512037325,38.3988958918811,1.26534990499231,1.25270285878535,2023.83940774831,2023.85205479452,A/chicken/Colorado/23-034666-001/2023|H5N1|USA-CO|2023-11-08|avian|B3.6
667,668,0.010934406685982,-123.970608762404,38.5112333790055,-123.974796415397,38.5123539729328,1.26744101847596,1.25650661178998,2023.84321150132,2023.854145908,NA
689,82,0.0361793747574044,-111.983426269229,43.407538422821,-111.418237060316,43.3595510326123,1.26808963101967,1.23191025626226,2023.81861514579,2023.85479452055,A/chicken/Idaho/23-034565-002/2023|H5N1|USA-ID|2023-11-09|avian|B3.6
689,83,0.0361793747574044,-111.983426269229,43.407538422821,-112.028510761575,43.4162740877949,1.26808963101967,1.23191025626226,2023.81861514579,2023.85479452055,A/chicken/Idaho/23-034565-001/2023|H5N1|USA-ID|2023-11-09|avian|B3.6
620,309,0.00790184228611901,-94.6461164440953,40.7151468041939,-94.5977913843266,40.695501874375,1.26808963101967,1.26018778873355,2023.84689267826,2023.85479452055,A/chicken/Iowa/23-034842-001/2023|H5N1|USA-IA|2023-11-09|avian|B3.6
620,310,0.00790184228611901,-94.6461164440953,40.7151468041939,-94.6422564805016,40.6701483962896,1.26808963101967,1.26018778873355,2023.84689267826,2023.85479452055,A/chicken/Iowa/23-034842-002/2023|H5N1|USA-IA|2023-11-09|avian|B3.6
757,758,0.0132739287251284,-122.882996935578,44.7211870891995,-121.619436150665,45.0481134806505,1.26900315600227,1.25572922727714,2023.84243411681,2023.85570804553,NA
987,988,0.0346473614629668,-95.8411952217218,44.6620714287608,-95.1869252899243,45.0609271575457,1.26943707461807,1.23478971315511,2023.82149460268,2023.85614196415,NA
806,807,0.0238272469898217,-95.3637141675176,45.5417268413501,-94.4393510845174,45.6251299724102,1.27091157586227,1.24708432887245,2023.8337892184,2023.85761646539,NA
987,381,0.0415190959466316,-95.8411952217218,44.6620714287608,-94.9984008706854,45.1273777289052,1.27630880910174,1.23478971315511,2023.82149460268,2023.86301369863,A/turkey/Minnesota/23-034904-001/2023|H5N1|USA-MN|2023-11-12|avian|B3.6
933,532,0.0378819916448316,-96.1992231224735,44.6269738761416,-95.5351372004051,44.4366606644325,1.27630880910174,1.23842681745691,2023.82513170699,2023.86301369863,A/turkey/Minnesota/23-034899-002/2023|H5N1|USA-MN|2023-11-12|avian|B3.6
937,530,0.0332777445903816,-95.2297994998619,43.9268853974459,-95.1277238205176,44.2179587961321,1.27630880910174,1.24303106451136,2023.82973595404,2023.86301369863,A/turkey/Minnesota/23-034899-001/2023|H5N1|USA-MN|2023-11-12|avian|B3.6
988,380,0.00687173448366507,-95.1869252899243,45.0609271575457,-94.9457298056796,44.9696774065046,1.27630880910174,1.26943707461807,2023.85614196415,2023.86301369863,A/turkey/Minnesota/23-034904-002/2023|H5N1|USA-MN|2023-11-12|avian|B3.6
615,314,0.123625246820779,-96.7397645229694,46.327433403671,-98.8219792457244,46.4992562190858,1.2790485351291,1.15542328830832,2023.74212817784,2023.86575342466,A/turkey/North_Dakota/23-035082-001/2023|H5N1|USA-ND|2023-11-13|avian|B3.6
615,315,0.123625246820779,-96.7397645229694,46.327433403671,-98.5558267347625,46.4016701881091,1.2790485351291,1.15542328830832,2023.74212817784,2023.86575342466,A/turkey/North_Dakota/23-035082-002/2023|H5N1|USA-ND|2023-11-13|avian|B3.6
759,126,0.0482815387089977,-122.513739109526,44.4261621730946,-123.046228414263,44.4596790356022,1.2790485351291,1.2307669964201,2023.81747188595,2023.86575342466,A/chicken/Oregon/23-035545-002/2023|H5N1|USA-OR|2023-11-13|avian|B3.6
759,127,0.0482815387089977,-122.513739109526,44.4261621730946,-122.995836839366,44.4452630294751,1.2790485351291,1.2307669964201,2023.81747188595,2023.86575342466,A/chicken/Oregon/23-035545-001/2023|H5N1|USA-OR|2023-11-13|avian|B3.6
667,682,0.0229791344765782,-123.970608762404,38.5112333790055,-123.304204608741,38.2479521388809,1.27948574626656,1.25650661178998,2023.84321150132,2023.8661906358,NA
939,533,0.160513684910346,-104.543967219636,36.4979761888438,-108.736867074976,36.4955138635218,1.28178826115668,1.12127457624634,2023.70797946577,2023.86849315069,A/chicken/New_Mexico/23-036561-001/2023|H5N1|USA-NM|2023-11-14|avian|B3.6
600,19,0.0911752515035356,-117.604482313943,49.5137445580235,-124.387036240498,53.4346400620622,1.28178826115668,1.19061300965315,2023.77731789918,2023.86849315069,A/Canada_Goose/BC/AIVPHL-1402/2023|H5N1|Canada-BC|2023-11-14|avian|B3.6
756,123,0.06457445200726,-122.326178965792,44.6969844200906,-121.93900299351,44.7947222805148,1.28178826115668,1.21721380914942,2023.80391869868,2023.86849315069,A/chicken/Oregon/23-035544-001/2023|H5N1|USA-OR|2023-11-14|avian|B3.6
755,129,0.0626871511927329,-124.074801597729,45.7928926885697,-122.968822569272,54.3567591248175,1.28178826115668,1.21910110996395,2023.80580599949,2023.86849315069,A/Cackling_Goose/BC/AIVPHL-1412/2023|H5N1|Canada-BC|2023-11-14|avian|B3.6
757,125,0.0260590338795446,-122.882996935578,44.7211870891995,-122.713389463583,44.8174472996658,1.28178826115668,1.25572922727714,2023.84243411681,2023.86849315069,A/chicken/Oregon/23-035544-002/2023|H5N1|USA-OR|2023-11-14|avian|B3.6
601,16,0.0230577305557682,-122.258290719469,52.2370269213689,-122.035624166127,52.1956515182253,1.28178826115668,1.25873053060091,2023.84543542013,2023.86849315069,A/Canada_Goose/BC/AIVPHL-1401/2023|H5N1|Canada-BC|2023-11-14|avian|B3.6
608,9,0.0182611442360461,-91.7517769085409,41.4166813384002,-92.0652156042492,42.0012222320868,1.28178826115668,1.26352711692064,2023.85023200645,2023.86849315069,A/chicken/Iowa/23-035546-001/2023|H5N1|USA-IA|2023-11-14|avian|B3.6
608,10,0.0182611442360461,-91.7517769085409,41.4166813384002,-92.1488836891036,42.2487202899062,1.28178826115668,1.26352711692064,2023.85023200645,2023.86849315069,A/chicken/Iowa/23-035546-002/2023|H5N1|USA-IA|2023-11-14|avian|B3.6
758,124,0.0127851051544161,-121.619436150665,45.0481134806505,-121.993463388087,44.8648287127675,1.28178826115668,1.26900315600227,2023.85570804553,2023.86849315069,A/chicken/Oregon/23-035544-004/2023|H5N1|USA-OR|2023-11-14|avian|B3.6
758,122,0.0127851051544161,-121.619436150665,45.0481134806505,-122.738407513047,44.9960727489546,1.28178826115668,1.26900315600227,2023.85570804553,2023.86849315069,A/chicken/Oregon/23-035544-005/2023|H5N1|USA-OR|2023-11-14|avian|B3.6
807,197,0.0108766852944098,-94.4393510845174,45.6251299724102,-94.5837412263663,45.4423395828415,1.28178826115668,1.27091157586227,2023.85761646539,2023.86849315069,A/turkey/Minnesota/23-035616-001/2023|H5N1|USA-MN|2023-11-14|avian|B3.6
807,198,0.0108766852944098,-94.4393510845174,45.6251299724102,-94.2709665582494,45.331601752118,1.28178826115668,1.27091157586227,2023.85761646539,2023.86849315069,A/turkey/Minnesota/23-035616-002/2023|H5N1|USA-MN|2023-11-14|avian|B3.6
934,935,0.0404679813382012,-94.9399849975567,44.4157292517232,-96.2135632720318,46.4126641771023,1.28188007510848,1.24141209377028,2023.8281169833,2023.86858496464,NA
1019,1020,0.00709462855111287,-95.3847212752681,44.230380087489,-94.9032278976065,44.3222567084122,1.28220036216048,1.27510573360937,2023.86181062314,2023.86890525169,NA
682,683,0.00275396519510407,-123.304204608741,38.2479521388809,-122.653910032353,38.4675915600594,1.28223971146166,1.27948574626656,2023.8661906358,2023.86894460099,NA
960,961,0.0506942433560689,-93.925972338208,46.4696598887285,-95.1668403860739,43.7634380044395,1.28226385925505,1.23156961589898,2023.81827450543,2023.86896874878,NA
682,684,0.00339179357325237,-123.304204608741,38.2479521388809,-123.483440472005,38.260793192294,1.28287753983981,1.27948574626656,2023.8661906358,2023.86958242937,NA
908,909,0.000400831221316622,-86.4930210321903,40.985280296395,-86.2724023452121,41.2066771708106,1.28375441123949,1.28335358001818,2023.87005846955,2023.87045930077,NA
1025,1026,0.00111834112716647,-96.311230340543,45.3411355442396,-96.016390050177,45.2288587209962,1.28419895656786,1.28308061544069,2023.86978550497,2023.8709038461,NA
1044,1066,0.168379843634883,-119.133213994509,37.1761949326604,-118.97473761794,37.0538851389365,1.28436480185154,1.11598495821666,2023.70268984774,2023.87106969138,NA
578,303,0.125888718257849,-118.564681034901,37.8230512423283,-121.939448688073,38.7454236550064,1.28452798718404,1.15863926892619,2023.74534415845,2023.87123287671,A/northern_pintail/California/23-037849-010/2023|H5N1|USA-CA|2023-11-15|avian|B3.6
1074,473,0.0161855443584393,-103.337456112698,42.3682088848668,-103.853975167953,43.1579501679929,1.28452798718404,1.2683424428256,2023.85504733235,2023.87123287671,A/domestic_goose/South_Dakota/23-035811-003/2023|H5N1|USA-SD|2023-11-15|avian|B3.6
1074,474,0.0161855443584393,-103.337456112698,42.3682088848668,-103.992984935072,43.0612509700579,1.28452798718404,1.2683424428256,2023.85504733235,2023.87123287671,A/chicken/South_Dakota/23-035811-001/2023|H5N1|USA-SD|2023-11-15|avian|B3.6
1025,484,0.00144737174334875,-96.311230340543,45.3411355442396,-95.871439393475,45.2690744042451,1.28452798718404,1.28308061544069,2023.86978550497,2023.87123287671,A/turkey/Minnesota/23-035802-001/2023|H5N1|USA-MN|2023-11-15|avian|B3.6
1026,483,0.00032903061618228,-96.016390050177,45.2288587209962,-95.9211632245654,45.2902629391784,1.28452798718404,1.28419895656786,2023.8709038461,2023.87123287671,A/turkey/Minnesota/23-035802-002/2023|H5N1|USA-MN|2023-11-15|avian|B3.6
1026,482,0.00032903061618228,-96.016390050177,45.2288587209962,-96.0029821331522,45.1932043090348,1.28452798718404,1.28419895656786,2023.8709038461,2023.87123287671,A/turkey/Minnesota/23-035802-003/2023|H5N1|USA-MN|2023-11-15|avian|B3.6
1066,417,0.000163185332493931,-118.97473761794,37.0538851389365,-119.046436959843,37.1045119386461,1.28452798718404,1.28436480185154,2023.87106969138,2023.87123287671,A/domestic_duck/California/23-036543-002/2023|H5N1|USA-CA|2023-11-15|avian|B3.6
1066,418,0.000163185332493931,-118.97473761794,37.0538851389365,-118.988495360332,37.0979042749641,1.28452798718404,1.28436480185154,2023.87106969138,2023.87123287671,A/domestic_duck/California/23-036543-001/2023|H5N1|USA-CA|2023-11-15|avian|B3.6
1045,1046,0.0689747000595067,-122.038961335577,37.9342147223302,-120.634092372781,37.3826982009076,1.28521512434713,1.21624042428762,2023.80294531382,2023.87192001388,NA
837,259,0.0147111463088612,-98.3745699572339,44.987225552341,-99.6123153302731,45.3576783633654,1.2872677132114,1.27255656690253,2023.85926145643,2023.87397260274,A/turkey/South_Dakota/23-036553-002/2023|H5N1|USA-SD|2023-11-16|avian|B3.6
837,260,0.0147111463088612,-98.3745699572339,44.987225552341,-99.6783314899758,45.5101282415854,1.2872677132114,1.27255656690253,2023.85926145643,2023.87397260274,A/turkey/South_Dakota/23-036553-001/2023|H5N1|USA-SD|2023-11-16|avian|B3.6
908,916,0.005627315506324,-86.4930210321903,40.985280296395,-83.7735903396805,39.9806648626176,1.2889808955245,1.28335358001818,2023.87005846955,2023.87568578505,NA
1020,1021,0.00760516825262325,-94.9032278976065,44.3222567084122,-94.3193016286583,44.1645407794128,1.2898055304131,1.28220036216048,2023.86890525169,2023.87651041994,NA
716,64,0.0463407304734123,-98.2075041236028,36.8888736899229,-95.8554692095588,36.7605628203734,1.29000743923875,1.24366670876534,2023.83037159829,2023.87671232877,A/gadwall/Oklahoma/23-038107-003-original/2023|H5N1|USA-OK|2023-11-17|avian|B3.6
988,379,0.0205703646206794,-95.1869252899243,45.0609271575457,-95.035280713756,45.0685563109337,1.29000743923875,1.26943707461807,2023.85614196415,2023.87671232877,A/turkey/Minnesota/23-036745-001/2023|H5N1|USA-MN|2023-11-17|avian|B3.6
1007,355,0.00444039933606177,-96.9294792797107,44.8545225115197,-97.9167601308761,44.9734721706905,1.29000743923875,1.28556703990269,2023.87227192943,2023.87671232877,A/turkey/South_Dakota/23-036675-002/2023|H5N1|USA-SD|2023-11-17|avian|B3.6
832,192,0.00146218832376199,-98.2609951011102,44.3315834100042,-98.074093937423,44.4947921439861,1.29000743923875,1.28854525091499,2023.87525014044,2023.87671232877,A/turkey/South_Dakota/23-036674-001/2023|H5N1|USA-SD|2023-11-17|avian|B3.6
668,669,0.023531882010412,-123.974796415397,38.5123539729328,-122.556539154915,38.8504084060825,1.29097290048637,1.26744101847596,2023.854145908,2023.87767779001,NA
955,956,0.00333885804174905,-95.603994050231,46.6457171073132,-95.6134835488241,46.3627591815192,1.29111798049471,1.28777912245296,2023.87448401198,2023.87782287002,NA
896,399,0.100970543109406,-81.0372234537636,28.1101807358571,-80.7520286066006,27.9965005294671,1.29274716526611,1.1917766221567,2023.77848151168,2023.87945205479,A/blue-winged_teal/Florida/23-038112-061-original/2023|H5N1|USA-FL|2023-11-18|avian|B3.6
896,400,0.100970543109406,-81.0372234537636,28.1101807358571,-80.8324102199204,28.2209991068211,1.29274716526611,1.1917766221567,2023.77848151168,2023.87945205479,A/blue-winged_teal/Florida/23-038112-033-original/2023|H5N1|USA-FL|2023-11-18|avian|B3.6
775,113,0.00832100602344177,-96.9785136131489,44.9398482747581,-97.8704291178994,44.7081751158694,1.29274716526611,1.28442615924267,2023.87113104877,2023.87945205479,A/turkey/South_Dakota/23-036676-002/2023|H5N1|USA-SD|2023-11-18|avian|B3.6
1007,354,0.00718012536341917,-96.9294792797107,44.8545225115197,-97.6186323234144,44.7804511558475,1.29274716526611,1.28556703990269,2023.87227192943,2023.87945205479,A/turkey/South_Dakota/23-036675-001/2023|H5N1|USA-SD|2023-11-18|avian|B3.6
916,508,0.00376626974161032,-83.7735903396805,39.9806648626176,-83.3179513778064,40.349159025488,1.29274716526611,1.2889808955245,2023.87568578505,2023.87945205479,A/chicken/Ohio/23-036779-002/2023|H5N1|USA-OH|2023-11-18|avian|B3.6
916,505,0.00376626974161032,-83.7735903396805,39.9806648626176,-83.4763722864743,40.2162648013265,1.29274716526611,1.2889808955245,2023.87568578505,2023.87945205479,A/chicken/Ohio/23-036779-001/2023|H5N1|USA-OH|2023-11-18|avian|B3.6
684,685,0.0105223636246028,-123.483440472005,38.260793192294,-123.107664066619,38.5523114371216,1.29339990346441,1.28287753983981,2023.86958242937,2023.88010479299,NA
716,717,0.0513274783815902,-98.2075041236028,36.8888736899229,-95.5391284617019,36.6566127672532,1.29499418714693,1.24366670876534,2023.83037159829,2023.88169907668,NA
840,265,0.092800696720051,-96.0450040079684,43.477543111699,-84.1870446474222,31.9799904290491,1.29548689129347,1.20268619457342,2023.7893910841,2023.88219178082,A/mallard/Georgia/23-036743-002-original/2023|H5N1|USA-GA|2023-11-19|avian|B3.6
935,528,0.0136068161849854,-96.2135632720318,46.4126641771023,-96.1235263278961,46.3982656848557,1.29548689129347,1.28188007510848,2023.86858496464,2023.88219178082,A/turkey/Minnesota/23-036929-001/2023|H5N1|USA-MN|2023-11-19|avian|B3.6
905,500,0.0077421304023928,-97.6790859093103,44.5182138012305,-97.4956564708068,44.3259936344913,1.29548689129347,1.28774476089108,2023.87444965042,2023.88219178082,A/turkey/South_Dakota/23-036673-001/2023|H5N1|USA-SD|2023-11-19|avian|B3.6
905,501,0.0077421304023928,-97.6790859093103,44.5182138012305,-97.7331898123672,44.4851217933415,1.29548689129347,1.28774476089108,2023.87444965042,2023.88219178082,A/turkey/South_Dakota/23-036673-002/2023|H5N1|USA-SD|2023-11-19|avian|B3.6
832,191,0.00694164037847678,-98.2609951011102,44.3315834100042,-98.5536739998868,44.440805659809,1.29548689129347,1.28854525091499,2023.87525014044,2023.88219178082,A/turkey/South_Dakota/23-036674-002/2023|H5N1|USA-SD|2023-11-19|avian|B3.6
1021,480,0.00568136088036542,-94.3193016286583,44.1645407794128,-94.8473823689296,44.3693726295176,1.29548689129347,1.2898055304131,2023.87651041994,2023.88219178082,A/turkey/Minnesota/23-036742-002/2023|H5N1|USA-MN|2023-11-19|avian|B3.6
723,725,0.160970713843783,-103.895713233501,39.9336603703216,-93.7685477608158,36.1299751091087,1.29564699529542,1.13467628145164,2023.72138117098,2023.88235188482,NA
723,724,0.161500370410014,-103.895713233501,39.9336603703216,-103.183930430955,40.0918641494698,1.29617665186165,1.13467628145164,2023.72138117098,2023.88288154139,NA
669,670,0.00563042120329804,-122.556539154915,38.8504084060825,-124.586162936882,38.750793629486,1.29660332168967,1.29097290048637,2023.87767779001,2023.88330821122,NA
1069,1071,0.00723837842177821,-91.3818101729831,44.9677374440306,-91.5938235208521,44.552043951455,1.29764496495384,1.29040658653206,2023.87711147606,2023.88434985448,NA
651,101,0.143983831307567,-118.195875314602,47.4026554917649,-125.590067667911,52.3509716227687,1.29822661732105,1.15424278601349,2023.74094767554,2023.88493150685,A/American_Wigeon/BC/AIVPHL-1421/2023|H5N1|Canada-BC|2023-11-20|avian|B3.6
802,217,0.132902085364697,-117.947309984574,47.7030378818057,-115.599165444649,50.340449648423,1.29822661732105,1.16532453195636,2023.75202942148,2023.88493150685,A/American_Crow/BC/AIVPHL-1424/2023|H5N1|Canada-BC|2023-11-20|avian|B3.6
803,219,0.0436806395558149,-122.01393575507,50.9676822793857,-121.878062043216,51.0011209358383,1.29822661732105,1.25454597776524,2023.84125086729,2023.88493150685,A/American_Crow/BC/AIVPHL-1425/2023|H5N1|Canada-BC|2023-11-20|avian|B3.6
1020,479,0.0160262551605732,-94.9032278976065,44.3222567084122,-94.6324543126905,44.2003859591173,1.29822661732105,1.28220036216048,2023.86890525169,2023.88493150685,A/turkey/Minnesota/23-036742-003/2023|H5N1|USA-MN|2023-11-20|avian|B3.6
869,239,0.0155496015438186,-98.7582069420093,43.7945693633941,-98.8768040956346,43.6949596312864,1.29822661732105,1.28267701577723,2023.86938190531,2023.88493150685,A/turkey/South_Dakota/23-036898-001/2023|H5N1|USA-SD|2023-11-20|avian|B3.6
869,240,0.0155496015438186,-98.7582069420093,43.7945693633941,-99.2939964298299,43.7079621398047,1.29822661732105,1.28267701577723,2023.86938190531,2023.88493150685,A/turkey/South_Dakota/23-036898-002/2023|H5N1|USA-SD|2023-11-20|avian|B3.6
775,114,0.0138004580783839,-96.9785136131489,44.9398482747581,-97.8320799392394,45.0986640428457,1.29822661732105,1.28442615924267,2023.87113104877,2023.88493150685,A/turkey/South_Dakota/23-036676-001/2023|H5N1|USA-SD|2023-11-20|avian|B3.6
1071,445,0.000581652367211083,-91.5938235208521,44.552043951455,-91.5118312769304,44.5217756618037,1.29822661732105,1.29764496495384,2023.88434985448,2023.88493150685,A/turkey/Wisconsin/23-036896-001/2023|H5N1|USA-WI|2023-11-20|avian|B3.6
1071,444,0.000581652367211083,-91.5938235208521,44.552043951455,-91.5106269302544,44.3985464090473,1.29822661732105,1.29764496495384,2023.88434985448,2023.88493150685,A/turkey/Wisconsin/23-036896-002/2023|H5N1|USA-WI|2023-11-20|avian|B3.6
1069,1070,0.00833008847787298,-91.3818101729831,44.9677374440306,-91.4107242321188,44.2582993194868,1.29873667500994,1.29040658653206,2023.87711147606,2023.88544156454,NA
1046,1051,0.0136549721662536,-120.634092372781,37.3826982009076,-120.530781691937,37.4028100548452,1.29887009651338,1.28521512434713,2023.87192001388,2023.88557498604,NA
997,998,0.127247286737034,-92.6245387620958,38.4286330384007,-95.1683662145567,46.2967385854036,1.30012695867582,1.17287967193879,2023.75958456147,2023.8868318482,NA
986,382,0.13312169787375,-93.8351659705755,45.5552665385495,-95.2186947391895,45.1699500076225,1.30096634334841,1.16784464547466,2023.754549535,2023.88767123288,A/turkey/Minnesota/23-037039-001/2023|H5N1|USA-MN|2023-11-21|avian|B3.6
1001,344,0.108033614785691,-94.2488353128486,37.1375011139358,-90.8638834069804,30.5668485189122,1.30096634334841,1.19293272856272,2023.77963761809,2023.88767123288,A/Canada_goose/Louisiana/W23-902/2023|H5N1|USA-LA|2023-11-21|avian|B3.6
955,458,0.0131872208954489,-95.603994050231,46.6457171073132,-95.4586452079536,46.2915535219304,1.30096634334841,1.28777912245296,2023.87448401198,2023.88767123288,A/turkey/Minnesota/23-037040-002/2023|H5N1|USA-MN|2023-11-21|avian|B3.6
956,459,0.00984836285369983,-95.6134835488241,46.3627591815192,-95.9868434806506,46.6566214608524,1.30096634334841,1.29111798049471,2023.87782287002,2023.88767123288,A/turkey/Minnesota/23-037040-001/2023|H5N1|USA-MN|2023-11-21|avian|B3.6
717,65,0.00597215620147895,-95.5391284617019,36.6566127672532,-95.9481570254762,36.6830315518021,1.30096634334841,1.29499418714693,2023.88169907668,2023.88767123288,A/gadwall/Oklahoma/23-038104-008-original/2023|H5N1|USA-OK|2023-11-21|avian|B3.6
717,66,0.00597215620147895,-95.5391284617019,36.6566127672532,-95.9657156859121,36.6585311963875,1.30096634334841,1.29499418714693,2023.88169907668,2023.88767123288,A/gadwall/Oklahoma/23-038104-007-original/2023|H5N1|USA-OK|2023-11-21|avian|B3.6
725,726,0.00634295190523004,-93.7685477608158,36.1299751091087,-94.5057959880738,36.1273384434386,1.30198994720065,1.29564699529542,2023.88235188482,2023.88869483673,NA
1051,1052,0.00328303733109836,-120.530781691937,37.4028100548452,-120.735931076675,37.5670358153467,1.30215313384448,1.29887009651338,2023.88557498604,2023.88885802337,NA
622,623,0.164218778432105,-94.4886056935352,43.4251815167683,-98.7961142196872,45.8255480885358,1.30354554249362,1.13932676406152,2023.72603165359,2023.89025043202,NA
683,168,0.0214663579141046,-122.653910032353,38.4675915600594,-122.692886839827,38.4342510922542,1.30370606937577,1.28223971146166,2023.86894460099,2023.8904109589,A/Pekin_duck/California/23-037131-002/2023|H5N1|USA-CA|2023-11-22|avian|B3.6
683,150,0.0214663579141046,-122.653910032353,38.4675915600594,-122.564200019142,38.450781587125,1.30370606937577,1.28223971146166,2023.86894460099,2023.8904109589,A/Pekin_duck/California/23-037131-001/2023|H5N1|USA-CA|2023-11-22|avian|B3.6
850,266,0.0186642767891234,-92.9632856663922,43.8260431706488,-93.125216781701,43.7828898838352,1.30370606937577,1.28504179258664,2023.87174668211,2023.8904109589,A/chicken/Minnesota/23-037030-002/2023|H5N1|USA-MN|2023-11-22|avian|B3.6
850,267,0.0186642767891234,-92.9632856663922,43.8260431706488,-93.2359675823101,43.7537093961343,1.30370606937577,1.28504179258664,2023.87174668211,2023.8904109589,A/chicken/Minnesota/23-037030-001/2023|H5N1|USA-MN|2023-11-22|avian|B3.6
1023,475,0.00487068746927877,-91.6186395299052,45.0538668366947,-91.4396085641937,44.534326247457,1.30370606937577,1.29883538190649,2023.88554027143,2023.8904109589,A/turkey/Wisconsin/23-037129-002/2023|H5N1|USA-WI|2023-11-22|avian|B3.6
1023,476,0.00487068746927877,-91.6186395299052,45.0538668366947,-91.2029346742331,44.4345776932585,1.30370606937577,1.29883538190649,2023.88554027143,2023.8904109589,A/turkey/Wisconsin/23-037129-001/2023|H5N1|USA-WI|2023-11-22|avian|B3.6
1052,1053,0.00184143870295062,-120.735931076675,37.5670358153467,-121.513987214292,37.5668317421008,1.30399457254743,1.30215313384448,2023.88885802337,2023.89069946208,NA
684,686,0.0213323672462968,-123.483440472005,38.260793192294,-122.694715231943,38.1041439655454,1.30420990708611,1.28287753983981,2023.86958242937,2023.89091479661,NA
1019,477,0.0313400617937583,-95.3847212752681,44.230380087489,-94.6122634815245,44.2809333029355,1.30644579540313,1.27510573360937,2023.86181062314,2023.89315068493,A/turkey/Minnesota/23-037134-001/2023|H5N1|USA-MN|2023-11-23|avian|B3.6
1021,478,0.0166402649900224,-94.3193016286583,44.1645407794128,-94.427498980927,44.1099796249506,1.30644579540313,1.2898055304131,2023.87651041994,2023.89315068493,A/turkey/Minnesota/23-037134-002/2023|H5N1|USA-MN|2023-11-23|avian|B3.6
956,957,0.0174896111550888,-95.6134835488241,46.3627591815192,-95.1917558252354,46.4606278805559,1.3086075916498,1.29111798049471,2023.87782287002,2023.89531248118,NA
935,527,0.0273054463219997,-96.2135632720318,46.4126641771023,-95.1682070137088,46.37672873222,1.30918552143048,1.28188007510848,2023.86858496464,2023.89589041096,A/turkey/Minnesota/23-037473-001/2023|H5N1|USA-MN|2023-11-24|avian|B3.6
1070,446,0.0104488464205459,-91.4107242321188,44.2582993194868,-91.2950021539741,44.3174104315174,1.30918552143048,1.29873667500994,2023.88544156454,2023.89589041096,A/turkey/Wisconsin/23-037410-001/2023|H5N1|USA-WI|2023-11-24|avian|B3.6
985,357,0.00744261480987207,-94.7262509983255,44.0259523614491,-95.4640664540813,46.0573306518072,1.30918552143048,1.30174290662061,2023.88844779615,2023.89589041096,A/turkey/Minnesota/23-037474-001/2023|H5N1|USA-MN|2023-11-24|avian|B3.6
985,358,0.00744261480987207,-94.7262509983255,44.0259523614491,-95.7284404491376,46.0101795842633,1.30918552143048,1.30174290662061,2023.88844779615,2023.89589041096,A/turkey/Minnesota/23-037474-002/2023|H5N1|USA-MN|2023-11-24|avian|B3.6
624,305,0.000443341909201589,-99.3969685665669,45.703926638271,-99.4299211592756,45.6611241438894,1.30918552143048,1.30874217952128,2023.89544706905,2023.89589041096,A/turkey/South_Dakota/23-037251-002/2023|H5N1|USA-SD|2023-11-24|avian|B3.6
624,306,0.000443341909201589,-99.3969685665669,45.703926638271,-99.0271599150938,45.8884592148865,1.30918552143048,1.30874217952128,2023.89544706905,2023.89589041096,A/turkey/South_Dakota/23-037251-001/2023|H5N1|USA-SD|2023-11-24|avian|B3.6
725,728,0.0136253413896137,-93.7685477608158,36.1299751091087,-93.2728009716119,36.4097110107549,1.30927233668503,1.29564699529542,2023.88235188482,2023.89597722621,NA
957,958,0.00159938913478652,-95.1917558252354,46.4606278805559,-95.1523930844965,46.5407093765282,1.31020698078459,1.3086075916498,2023.89531248118,2023.89691187031,NA
1046,1047,0.0250709412548127,-120.634092372781,37.3826982009076,-121.279841692638,37.6367397914877,1.31028606560194,1.28521512434713,2023.87192001388,2023.89699095513,NA
909,910,0.0274447304120733,-86.2724023452121,41.2066771708106,-83.5807203116279,40.6388856619721,1.31119914165157,1.28375441123949,2023.87045930077,2023.89790403118,NA
1001,349,0.118992518895348,-94.2488353128486,37.1375011139358,-80.6778368733288,27.9696233835061,1.31192524745807,1.19293272856272,2023.77963761809,2023.89863013699,A/ring-necked_duck/Florida/23-038109-032-original/2023|H5N1|USA-FL|2023-11-25|avian|B3.6
904,503,0.114286808180944,-93.0239023626235,41.6163066442946,-80.8071782597557,27.8442947595677,1.31192524745807,1.19763843927712,2023.78434332881,2023.89863013699,A/blue-winged_teal/Florida/23-038109-006-original/2023|H5N1|USA-FL|2023-11-25|avian|B3.6
965,487,0.100906661506026,-86.8548190698422,35.4897475813334,-80.5183295213171,32.7016520413807,1.31192524745807,1.21101858595204,2023.79772347548,2023.89863013699,A/green-winged_teal/South_Carolina/23-037736-010-original/2023|H5N1|USA-SC|2023-11-25|avian|B3.6
965,488,0.100906661506026,-86.8548190698422,35.4897475813334,-80.6413120946728,33.0821905644756,1.31192524745807,1.21101858595204,2023.79772347548,2023.89863013699,A/green-winged_teal/South_Carolina/23-037736-011-original/2023|H5N1|USA-SC|2023-11-25|avian|B3.6
1070,447,0.0131885724481307,-91.4107242321188,44.2582993194868,-91.3071531079939,44.3614108025732,1.31192524745807,1.29873667500994,2023.88544156454,2023.89863013699,A/turkey/Wisconsin/23-037243-001/2023|H5N1|USA-WI|2023-11-25|avian|B3.6
909,911,0.028331908950864,-86.2724023452121,41.2066771708106,-84.2571026337695,40.5797402754106,1.31208632019036,1.28375441123949,2023.87045930077,2023.89879120972,NA
950,951,0.148669176371007,-95.1001620090326,44.8969960079174,-91.3503879052188,44.8452612194898,1.31324208851887,1.16457291214786,2023.75127780168,2023.89994697805,NA
669,671,0.022651589313873,-122.556539154915,38.8504084060825,-122.780320319624,38.6100254635866,1.31362448980025,1.29097290048637,2023.87767779001,2023.90032937933,NA
911,912,0.00215409515016107,-84.2571026337695,40.5797402754106,-84.849636121514,40.1087889178156,1.31424041534052,1.31208632019036,2023.89879120972,2023.90094530487,NA
668,681,0.046930933339272,-123.974796415397,38.5123539729328,-123.157323422133,38.5280862898045,1.31437195181523,1.26744101847596,2023.854145908,2023.90107684134,NA
1051,1054,0.0158647857939112,-120.530781691937,37.4028100548452,-119.718680047201,36.9269280460925,1.31473488230729,1.29887009651338,2023.88557498604,2023.90143977184,NA
951,952,0.00156654207339169,-91.3503879052188,44.8452612194898,-91.8960902928201,45.2310308424878,1.31480863059226,1.31324208851887,2023.89994697805,2023.90151352012,NA
1047,1048,0.00546575790121384,-121.279841692638,37.6367397914877,-121.153463248416,37.4296142424942,1.31575182350316,1.31028606560194,2023.89699095513,2023.90245671303,NA
1054,1055,0.00210304603731082,-119.718680047201,36.9269280460925,-120.309057513262,37.085459781473,1.3168379283446,1.31473488230729,2023.90143977184,2023.90354281787,NA
671,672,0.00322625864622061,-122.780320319624,38.6100254635866,-122.92239495798,38.5087192066445,1.31685074844647,1.31362448980025,2023.90032937933,2023.90355563797,NA
724,41,0.0212280476511322,-103.183930430955,40.0918641494698,-103.774293438143,40.4994420347963,1.31740469951278,1.29617665186165,2023.88288154139,2023.90410958904,A/chicken/Colorado/23-037463-001/2023|H5N1|USA-CO|2023-11-27|avian|B3.6
724,42,0.0212280476511322,-103.183930430955,40.0918641494698,-103.789719881551,40.0426880155938,1.31740469951278,1.29617665186165,2023.88288154139,2023.90410958904,A/chicken/Colorado/23-037463-002/2023|H5N1|USA-CO|2023-11-27|avian|B3.6
957,457,0.00879710786298271,-95.1917558252354,46.4606278805559,-96.0577727944501,46.8755591847634,1.31740469951278,1.3086075916498,2023.89531248118,2023.90410958904,A/turkey/Minnesota/23-037472-003/2023|H5N1|USA-MN|2023-11-27|avian|B3.6
728,45,0.00813236282774943,-93.2728009716119,36.4097110107549,-93.383493217194,36.1289186698084,1.31740469951278,1.30927233668503,2023.89597722621,2023.90410958904,A/chicken/Arkansas/23-037422-002/2023|H5N1|USA-AR|2023-11-27|avian|B3.6
728,44,0.00813236282774943,-93.2728009716119,36.4097110107549,-93.4281383457991,36.153854710365,1.31740469951278,1.30927233668503,2023.89597722621,2023.90410958904,A/chicken/Arkansas/23-037422-001/2023|H5N1|Arkansas|2023-11-27|avian|B3.6
958,455,0.00719771872819641,-95.1523930844965,46.5407093765282,-96.1441345625511,46.8489032059888,1.31740469951278,1.31020698078459,2023.89691187031,2023.90410958904,A/turkey/Minnesota/23-037472-001/2023|H5N1|USA-MN|2023-11-27|avian|B3.6
868,241,0.0507638871014624,-107.950469827348,44.1924564867772,-113.146101099414,47.6026119645821,1.32014442554014,1.26938053843868,2023.85608542797,2023.90684931507,A/chicken/Montana/23-037612-002/2023|H5N1|USA-MT|2023-11-28|avian|B3.6
670,155,0.0235411038504665,-124.586162936882,38.750793629486,-123.126940019042,38.7353063413317,1.32014442554014,1.29660332168967,2023.88330821122,2023.90684931507,A/chicken/California/23-037680-001/2023|H5N1|USA-CA|2023-11-28|avian|B3.6
670,156,0.0235411038504665,-124.586162936882,38.750793629486,-122.929700644284,38.490612579295,1.32014442554014,1.29660332168967,2023.88330821122,2023.90684931507,A/chicken/California/23-037680-002/2023|H5N1|USA-CA|2023-11-28|avian|B3.6
726,43,0.0181544783394905,-94.5057959880738,36.1273384434386,-94.2606076864433,36.0711302923574,1.32014442554014,1.30198994720065,2023.88869483673,2023.90684931507,A/chicken/Arkansas/23-037636-002/2023|H5N1|Arkansas|2023-11-28|avian|B3.6
681,153,0.00577247372490475,-123.157323422133,38.5280862898045,-123.196449342836,38.5298447985726,1.32014442554014,1.31437195181523,2023.90107684134,2023.90684931507,A/chicken/California/23-037848-001/2023|H5N1|USA-CA|2023-11-28|avian|B3.6
681,154,0.00577247372490475,-123.157323422133,38.5280862898045,-122.874130010783,38.4092822818591,1.32014442554014,1.31437195181523,2023.90107684134,2023.90684931507,A/chicken/California/23-037848-002/2023|H5N1|USA-CA|2023-11-28|avian|B3.6
891,396,0.00343439422780856,-103.19398336192,37.8554751295969,-103.18528856757,37.8602632878018,1.32014442554014,1.31671003131233,2023.90341492084,2023.90684931507,A/pheasant/Colorado/23-037672-002/2023|H5N1|USA-CO|2023-11-28|avian|B3.6
891,397,0.00343439422780856,-103.19398336192,37.8554751295969,-103.311142032956,38.152356769143,1.32014442554014,1.31671003131233,2023.90341492084,2023.90684931507,A/domestic_duck/Colorado/23-037672-001/2023|H5N1|USA-CO|2023-11-28|avian|B3.6
1048,1050,0.00464706058085929,-121.153463248416,37.4296142424942,-121.089264769896,37.4744844103679,1.32039888408402,1.31575182350316,2023.90245671303,2023.90710377361,NA
1055,1059,0.00422325031460602,-120.309057513262,37.085459781473,-121.17127911884,37.017720480467,1.32106117865921,1.3168379283446,2023.90354281787,2023.90776606819,NA
631,632,0.00288740735078941,-97.575346516985,38.7304716079106,-97.9932259212038,38.2459680267926,1.32146363996731,1.31857623261652,2023.90528112214,2023.9081685295,NA
912,914,0.00853235864010515,-84.849636121514,40.1087889178156,-84.5421091535659,40.1595539724673,1.32277277398062,1.31424041534052,2023.90094530487,2023.90947766351,NA
713,61,0.191134347650412,-99.2545525668278,38.1725252295485,-89.7132489862253,32.0925066970264,1.3228841515675,1.13174980391708,2023.71845469345,2023.9095890411,A/snow_goose/Mississippi/23-038132-001/2023|H5N1|USA-MS|2023-11-29|avian|B3.6
713,62,0.191134347650412,-99.2545525668278,38.1725252295485,-116.854911545535,43.7006721172293,1.3228841515675,1.13174980391708,2023.71845469345,2023.9095890411,A/chicken/Idaho/23-037837-001/2023|H5N1|USA-ID|2023-11-29|avian|B3.6
732,80,0.0970519335060693,-93.57102131888,35.6527839976231,-93.5754415667612,35.6580206415062,1.3228841515675,1.22583221806143,2023.81253710759,2023.9095890411,A/chicken/Arkansas/23-037987-001/2023|H5N1|Arkansas|2023-11-29|avian|B3.6
732,81,0.0970519335060693,-93.57102131888,35.6527839976231,-93.6960285251281,35.7185502043199,1.3228841515675,1.22583221806143,2023.81253710759,2023.9095890411,A/chicken/Arkansas/23-037987-002/2023|H5N1|Arkansas|2023-11-29|avian|B3.6
960,466,0.0913145356685197,-93.925972338208,46.4696598887285,-84.0514633772089,43.7901979047209,1.3228841515675,1.23156961589898,2023.81827450543,2023.9095890411,A/chicken/Michigan/23-037817-001/2023|H5N1|USA-MI|2023-11-29|avian|B3.6
914,514,0.000111377586873296,-84.5421091535659,40.1595539724673,-84.4844084619479,40.0948502258369,1.3228841515675,1.32277277398062,2023.90947766351,2023.9095890411,A/turkey/Ohio/23-037782-002/2023|H5N1|USA-OH|2023-11-29|avian|B3.6
914,513,0.000111377586873296,-84.5421091535659,40.1595539724673,-84.5716582391169,40.0399418505411,1.3228841515675,1.32277277398062,2023.90947766351,2023.9095890411,A/turkey/Ohio/23-037782-001/2023|H5N1|USA-OH|2023-11-29|avian|B3.6
726,727,0.0231868313490098,-94.5057959880738,36.1273384434386,-92.8188502675902,35.6582067076232,1.32517677854966,1.30198994720065,2023.88869483673,2023.91188166808,NA
623,311,0.0220783351012328,-98.7961142196872,45.8255480885358,-98.8139377896575,45.6213527445688,1.32562387759485,1.30354554249362,2023.89025043202,2023.91232876712,A/turkey/South_Dakota/23-037957-002/2023|H5N1|USA-SD|2023-11-30|avian|B3.6
623,312,0.0220783351012328,-98.7961142196872,45.8255480885358,-98.7806262212813,45.6838590633049,1.32562387759485,1.30354554249362,2023.89025043202,2023.91232876712,A/turkey/South_Dakota/23-037957-001/2023|H5N1|USA-SD|2023-11-30|avian|B3.6
952,461,0.0108152470025926,-91.8960902928201,45.2310308424878,-92.0293570350601,45.3865904309682,1.32562387759485,1.31480863059226,2023.90151352012,2023.91232876712,A/turkey/Wisconsin/23-037959-001/2023|H5N1|USA-WI|2023-11-30|avian|B3.6
952,462,0.0108152470025926,-91.8960902928201,45.2310308424878,-91.6604580218352,45.4096376993502,1.32562387759485,1.31480863059226,2023.90151352012,2023.91232876712,A/turkey/Wisconsin/23-037959-002/2023|H5N1|USA-WI|2023-11-30|avian|B3.6
912,913,0.0117271068688103,-84.849636121514,40.1087889178156,-84.7180872731603,40.1341247435646,1.32596752220933,1.31424041534052,2023.90094530487,2023.91267241174,NA
632,633,0.00506982303661041,-97.9932259212038,38.2459680267926,-97.993541594978,38.349197498784,1.32653346300392,1.32146363996731,2023.9081685295,2023.91323835253,NA
1059,1060,0.00643047338443625,-121.17127911884,37.017720480467,-120.318792749261,36.782227337489,1.32749165204365,1.32106117865921,2023.90776606819,2023.91419654157,NA
653,96,0.080303622640324,-124.351577489051,50.7818611861642,-126.099754164938,53.5612980378226,1.32836360362244,1.24805998098212,2023.83476487051,2023.91506849315,A/American_Crow/BC/AIVPHL-1471/2023|H5N1|Canada-BC|2023-12-01|avian|B3.6
803,218,0.073817625857201,-122.01393575507,50.9676822793857,-120.842470764978,50.9941177437117,1.32836360362244,1.25454597776524,2023.84125086729,2023.91506849315,A/American_Crow/BC/AIVPHL-1469/2023|H5N1|Canada-BC|2023-12-01|avian|B3.6
1052,432,0.0262104697779577,-120.735931076675,37.5670358153467,-120.756363992533,37.5194896791806,1.32836360362244,1.30215313384448,2023.88885802337,2023.91506849315,A/chicken/California/23-038158-005/2023|H5N1|USA-CA|2023-12-01|avian|B3.6
1053,433,0.0243690310750071,-121.513987214292,37.5668317421008,-120.526237764552,37.7185173401186,1.32836360362244,1.30399457254743,2023.89069946208,2023.91506849315,A/chicken/California/23-038158-003/2023|H5N1|USA-CA|2023-12-01|avian|B3.6
1053,434,0.0243690310750071,-121.513987214292,37.5668317421008,-121.08342321471,37.4934619183152,1.32836360362244,1.30399457254743,2023.89069946208,2023.91506849315,A/chicken/California/23-038158-001/2023|H5N1|USA-CA|2023-12-01|avian|B3.6
633,634,0.00233594355553168,-97.993541594978,38.349197498784,-98.3808725421601,38.4035876337508,1.32886940655945,1.32653346300392,2023.91323835253,2023.91557429609,NA
911,915,0.0169999094503863,-84.2571026337695,40.5797402754106,-84.616301609468,40.438168895075,1.32908622964074,1.31208632019036,2023.89879120972,2023.91579111917,NA
958,456,0.0208963488652107,-95.1523930844965,46.5407093765282,-95.0820502018668,46.5389854377036,1.3311033296498,1.31020698078459,2023.89691187031,2023.91780821918,A/turkey/Minnesota/23-038363-001/2023|H5N1|USA-MN|2023-12-02|avian|B3.6
1047,438,0.0208172640478543,-121.279841692638,37.6367397914877,-121.279760011471,37.4274923556775,1.3311033296498,1.31028606560194,2023.89699095513,2023.91780821918,A/chicken/California/23-038157-005/2023|H5N1|USA-CA|2023-12-02|avian|B3.6
1050,435,0.0107044455657812,-121.089264769896,37.4744844103679,-121.345301615063,37.2681510786012,1.3311033296498,1.32039888408402,2023.90710377361,2023.91780821918,A/chicken/California/23-038157-003/2023|H5N1|USA-CA|2023-12-02|avian|B3.6
1050,439,0.0107044455657812,-121.089264769896,37.4744844103679,-121.095036431219,37.4798603526258,1.3311033296498,1.32039888408402,2023.90710377361,2023.91780821918,A/chicken/California/23-038157-001/2023|H5N1|USA-CA|2023-12-02|avian|B3.6
672,673,0.015194972816535,-122.92239495798,38.5087192066445,-121.434192696189,38.7188860196473,1.332045721263,1.31685074844647,2023.90355563797,2023.91875061079,NA
1077,1079,0.000576416184183692,-98.6001260273656,38.4060576828418,-97.78098641876,38.2642809448279,1.33236019210638,1.3317837759222,2023.91848866545,2023.91906508163,NA
630,323,0.0216837809316455,-98.023840930721,44.7907753828275,-98.153230080504,44.8410929445766,1.33384305567715,1.31215927474551,2023.89886416427,2023.92054794521,A/turkey/South_Dakota/23-038246-002/2023|H5N1|USA-SD|2023-12-03|avian|B3.6
630,324,0.0216837809316455,-98.023840930721,44.7907753828275,-98.1872722224296,44.817963970992,1.33384305567715,1.31215927474551,2023.89886416427,2023.92054794521,A/turkey/South_Dakota/23-038246-001/2023|H5N1|USA-SD|2023-12-03|avian|B3.6
671,167,0.0202185658769058,-122.780320319624,38.6100254635866,-122.763107327875,38.6243719012822,1.33384305567715,1.31362448980025,2023.90032937933,2023.92054794521,A/chicken/California/23-038356-002/2023|H5N1|USA-CA|2023-12-03|avian|B3.6
672,157,0.016992307230685,-122.92239495798,38.5087192066445,-122.998545481048,38.6480250446559,1.33384305567715,1.31685074844647,2023.90355563797,2023.92054794521,A/chicken/California/23-038356-001/2023|H5N1|USA-CA|2023-12-03|avian|B3.6
853,854,0.0106744837084731,-97.5853105142606,45.6478184910467,-96.9989427243006,45.6306001678699,1.33476337506165,1.32408889135318,2023.91079378088,2023.92146826459,NA
939,534,0.215308205458176,-104.543967219636,36.4979761888438,-96.0537763984676,39.5398153678066,1.33658278170451,1.12127457624634,2023.70797946577,2023.92328767123,A/snow_goose/Kansas/W23-930A/2023|H5N1|USA-KS|2023-12-04|avian|B3.6
692,106,0.147134943023091,-118.40975623937,48.7068870750591,-118.083603965398,49.5413171175968,1.33658278170451,1.18944783868142,2023.77615272821,2023.92328767123,A/Canada_Goose/BC/AIVPHL-1483/2023|H5N1|Canada-BC|2023-12-04|avian|B3.6
599,14,0.0432029782772982,-116.122642955991,47.0296808527395,-96.2492646125665,39.4339726472985,1.33658278170451,1.29337980342721,2023.88008469296,2023.92328767123,A/snow_goose/Kansas/W23-930E/2023|H5N1|USA-KS|2023-12-04|avian|B3.6
685,149,0.0431828782400971,-123.107664066619,38.5523114371216,-122.452351412236,38.3539859879298,1.33658278170451,1.29339990346441,2023.88010479299,2023.92328767123,A/domestic_duck/California/23-038546-001-original/2023|H5N1|USA-CA|2023-12-04|avian|B3.6
685,148,0.0431828782400971,-123.107664066619,38.5523114371216,-122.988246084403,38.5871718219228,1.33658278170451,1.29339990346441,2023.88010479299,2023.92328767123,A/domestic_duck/California/23-038546-002-original/2023|H5N1|USA-CA|2023-12-04|avian|B3.6
828,183,0.037746060357446,-95.2488042576402,39.096796184003,-95.6907716848633,39.1136558781784,1.33658278170451,1.29883672134707,2023.88554161088,2023.92328767123,A/chicken/Kansas/23-038155-001/2023|H5N1|USA-KS|2023-12-04|avian|B3.6
828,184,0.037746060357446,-95.2488042576402,39.096796184003,-95.7742197788723,39.0164008106913,1.33658278170451,1.29883672134707,2023.88554161088,2023.92328767123,A/chicken/Kansas/23-038155-002/2023|H5N1|USA-KS|2023-12-04|avian|B3.6
849,272,0.00400366342773539,-97.29383443001,44.678647256602,-97.2913777792956,44.6599100741425,1.33658278170451,1.33257911827678,2023.9192840078,2023.92328767123,A/turkey/South_Dakota/23-038305-002/2023|H5N1|USA-SD|2023-12-04|avian|B3.6
849,273,0.00400366342773539,-97.29383443001,44.678647256602,-96.9051129483016,44.7143077460799,1.33658278170451,1.33257911827678,2023.9192840078,2023.92328767123,A/turkey/South_Dakota/23-038305-001/2023|H5N1|USA-SD|2023-12-04|avian|B3.6
1048,1049,0.0232824050900047,-121.153463248416,37.4296142424942,-121.079085772127,37.5959711555628,1.33903422859316,1.31575182350316,2023.90245671303,2023.92573911812,NA
910,506,0.0281233660803022,-83.5807203116279,40.6388856619721,-83.6522053069137,40.67076800515,1.33932250773187,1.31119914165157,2023.89790403118,2023.92602739726,A/chicken/Ohio/23-038542-001-original/2023|H5N1|USA-OH|2023-12-05|avian|B3.6
727,47,0.0141457291822098,-92.8188502675902,35.6582067076232,-93.7704067223147,35.8061706986489,1.33932250773187,1.32517677854966,2023.91188166808,2023.92602739726,A/turkey/Arkansas/23-038491-003/2023|H5N1|USA-AR|2023-12-05|avian|B3.6
727,46,0.0141457291822098,-92.8188502675902,35.6582067076232,-93.5448534551528,35.8961045340895,1.33932250773187,1.32517677854966,2023.91188166808,2023.92602739726,A/turkey/Arkansas/23-038491-001/2023|H5N1|Arkansas|2023-12-05|avian|B3.6
913,511,0.0133549855225401,-84.7180872731603,40.1341247435646,-84.7604558380668,40.2255638267497,1.33932250773187,1.32596752220933,2023.91267241174,2023.92602739726,A/turkey/Ohio/23-038540-001/2023|H5N1|USA-OH|2023-12-05|avian|B3.6
913,512,0.0133549855225401,-84.7180872731603,40.1341247435646,-84.7988163189863,40.2511307838323,1.33932250773187,1.32596752220933,2023.91267241174,2023.92602739726,A/turkey/Ohio/23-038540-002/2023|H5N1|USA-OH|2023-12-05|avian|B3.6
951,953,0.0261412945958435,-91.3503879052188,44.8452612194898,-92.2165759679,45.3062761269026,1.33938338311471,1.31324208851887,2023.89994697805,2023.92608827264,NA
576,577,0.185338968537214,-118.864654276627,37.9887340010326,-120.987152679685,38.1432369321753,1.34129313597203,1.15595416743482,2023.74265905696,2023.9279980255,NA
831,188,0.0100690452218442,-98.5191605903876,43.2126900820337,-98.2216001316401,43.1905623792508,1.34206223375923,1.33199318853738,2023.91869807807,2023.92876712329,A/turkey/South_Dakota/23-038677-002-original/2023|H5N1|USA-SD|2023-12-06|avian|B3.6
831,189,0.0100690452218442,-98.5191605903876,43.2126900820337,-98.5270846841636,43.2669236976133,1.34206223375923,1.33199318853738,2023.91869807807,2023.92876712329,A/turkey/South_Dakota/23-038677-001-original/2023|H5N1|USA-SD|2023-12-06|avian|B3.6
1049,436,0.00302800516606538,-121.079085772127,37.5959711555628,-120.863323094627,37.8292676048178,1.34206223375923,1.33903422859316,2023.92573911812,2023.92876712329,A/chicken/California/23-038717-004-original/2023|H5N1|USA-CA|2023-12-06|avian|B3.6
1049,437,0.00302800516606538,-121.079085772127,37.5959711555628,-120.545848567725,37.6780727293522,1.34206223375923,1.33903422859316,2023.92573911812,2023.92876712329,A/chicken/California/23-038717-005-original/2023|H5N1|USA-CA|2023-12-06|avian|B3.6
953,463,0.00267885064451256,-92.2165759679,45.3062761269026,-92.1191588417781,45.3659849302304,1.34206223375923,1.33938338311471,2023.92608827264,2023.92876712329,A/turkey/Wisconsin/23-038683-002-original/2023|H5N1|USA-WI|2023-12-06|avian|B3.6
953,464,0.00267885064451256,-92.2165759679,45.3062761269026,-91.992853606483,45.6292080797196,1.34206223375923,1.33938338311471,2023.92608827264,2023.92876712329,A/turkey/Wisconsin/23-038683-001-original/2023|H5N1|USA-WI|2023-12-06|avian|B3.6
843,261,0.0352226599667171,-98.9140170854908,38.6979327740568,-98.9673650208904,38.6472577254223,1.34480195978681,1.30957929982009,2023.89628418935,2023.93150684932,A/chicken/Kansas/23-038719-002-original/2023|H5N1|USA-KS|2023-12-07|avian|B3.6
843,262,0.0352226599667171,-98.9140170854908,38.6979327740568,-98.9069905852232,38.5748678017212,1.34480195978681,1.30957929982009,2023.89628418935,2023.93150684932,A/chicken/Kansas/23-038719-001-original/2023|H5N1|USA-KS|2023-12-07|avian|B3.6
1055,1056,0.029384945710077,-120.309057513262,37.085459781473,-121.634080192415,37.8521472088691,1.34622287405468,1.3168379283446,2023.90354281787,2023.93292776358,NA
577,299,0.00624854984213785,-120.987152679685,38.1432369321753,-120.996871490522,38.1439663942623,1.34754168581417,1.34129313597203,2023.9279980255,2023.93424657534,A/Muscovy_duck/California/23-039033-001-original/2023|H5N1|USA-CA|2023-12-08|avian|B3.6
577,300,0.00624854984213785,-120.987152679685,38.1432369321753,-121.05072307123,37.9850559091176,1.34754168581417,1.34129313597203,2023.9279980255,2023.93424657534,A/Muscovy_duck/California/23-039033-002-original/2023|H5N1|USA-CA|2023-12-08|avian|B3.6
673,674,0.015838335444879,-121.434192696189,38.7188860196473,-121.222408100335,38.5476499317638,1.34788405670788,1.332045721263,2023.91875061079,2023.93458894624,NA
854,855,0.0143776035010417,-96.9989427243006,45.6306001678699,-99.0432023170663,44.6336931207783,1.34914097856269,1.33476337506165,2023.92146826459,2023.93584586809,NA
674,676,0.00274930530183992,-121.222408100335,38.5476499317638,-121.393216652118,38.4744104284478,1.35063336200972,1.34788405670788,2023.93458894624,2023.93733825154,NA
676,678,0.00384471766173933,-121.393216652118,38.4744104284478,-122.872847050437,38.4226877228842,1.35447807967146,1.35063336200972,2023.93733825154,2023.9411829692,NA
678,680,0.00103383938126567,-122.872847050437,38.4226877228842,-123.072262889248,38.1398815650344,1.35551191905273,1.35447807967146,2023.9411829692,2023.94221680858,NA
631,325,0.0371846312797244,-97.575346516985,38.7304716079106,-98.0574822617829,38.211271884947,1.35576086389624,1.31857623261652,2023.90528112214,2023.94246575342,A/chicken/Kansas/23-039047-001-original/2023|H5N1|USA-KS|2023-12-11|avian|B3.6
632,328,0.034297223928935,-97.9932259212038,38.2459680267926,-98.2095284777494,38.2527464297597,1.35576086389624,1.32146363996731,2023.9081685295,2023.94246575342,A/chicken/Kansas/23-039047-002-original/2023|H5N1|USA-KS|2023-12-11|avian|B3.6
1060,430,0.0282692118525931,-120.318792749261,36.782227337489,-120.876850227669,36.9230978930528,1.35576086389624,1.32749165204365,2023.91419654157,2023.94246575342,A/chicken/California/23-039245-001-original/2023|H5N1|USA-CA|2023-12-11|avian|B3.6
1079,332,0.0234006717898558,-97.78098641876,38.2642809448279,-97.697410217724,38.2785328547023,1.35576086389624,1.33236019210638,2023.91906508163,2023.94246575342,A/chicken/Kansas/23-039162-001-original/2023|H5N1|USA-KS|2023-12-11|avian|B3.6
1079,331,0.0234006717898558,-97.78098641876,38.2642809448279,-97.7479319678494,38.552261363863,1.35576086389624,1.33236019210638,2023.91906508163,2023.94246575342,A/chicken/Kansas/23-039162-002-original/2023|H5N1|USA-KS|2023-12-11|avian|B3.6
915,510,0.0294143602828543,-84.616301609468,40.438168895075,-84.6677048205341,40.1342197642304,1.3585005899236,1.32908622964074,2023.91579111917,2023.94520547945,A/chicken/Ohio/23-039418-002-original/2023|H5N1|USA-OH|2023-12-12|avian|B3.6
915,509,0.0294143602828543,-84.616301609468,40.438168895075,-84.6303095587415,40.1623024251847,1.3585005899236,1.32908622964074,2023.91579111917,2023.94520547945,A/chicken/Ohio/23-039418-001-original/2023|H5N1|USA-OH|2023-12-12|avian|B3.6
780,193,0.0169665354493915,-94.0786165090873,34.8848303898337,-93.8136376743486,34.8377698149536,1.3585005899236,1.34153405447421,2023.928238944,2023.94520547945,A/chicken/Arkansas/23-039417-006-original/2023|H5N1|Arkansas|2023-12-12|avian|B3.6
780,194,0.0169665354493915,-94.0786165090873,34.8848303898337,-93.7701548036824,35.0126798484892,1.3585005899236,1.34153405447421,2023.928238944,2023.94520547945,A/chicken/Arkansas/23-039417-007-original/2023|H5N1|USA-AR|2023-12-12|avian|B3.6
1056,1058,0.0141371541063919,-121.634080192415,37.8521472088691,-120.497897295208,37.4347852423636,1.36036002816107,1.34622287405468,2023.93292776358,2023.94706491769,NA
950,465,0.19666740380332,-95.1001620090326,44.8969960079174,-93.4862876242448,44.1351051456719,1.36124031595118,1.16457291214786,2023.75127780168,2023.94794520548,A/chicken/Minnesota/23-039634-001-original/2023|H5N1|USA-MN|2023-12-13|avian|B3.6
634,327,0.0323709093917348,-98.3808725421601,38.4035876337508,-98.2669627176405,38.5180315605383,1.36124031595118,1.32886940655945,2023.91557429609,2023.94794520548,A/chicken/Kansas/23-039580-008-original/2023|H5N1|USA-KS|2023-12-13|avian|B3.6
738,71,0.00998148921549813,-116.934238124497,46.6933782107062,-116.895071135731,46.7665035773178,1.36124031595118,1.35125882673568,2023.93796371626,2023.94794520548,A/chicken/Idaho/23-039649-002-original/2023|H5N1|USA-ID|2023-12-13|avian|B3.6
738,72,0.00998148921549813,-116.934238124497,46.6933782107062,-116.900959872679,46.5491717697994,1.36124031595118,1.35125882673568,2023.93796371626,2023.94794520548,A/chicken/Idaho/23-039649-001-original/2023|H5N1|USA-ID|2023-12-13|avian|B3.6
854,857,0.0269109861313415,-96.9989427243006,45.6306001678699,-101.58749345847,46.3897698376858,1.36167436119299,1.33476337506165,2023.92146826459,2023.94837925072,NA
673,158,0.0319343207155363,-121.434192696189,38.7188860196473,-122.949615056365,38.7587894324555,1.36398004197854,1.332045721263,2023.91875061079,2023.95068493151,A/chicken/California/23-039772-003-original/2023|H5N1|USA-CA|2023-12-14|avian|B3.6
855,250,0.0148390634158457,-99.0432023170663,44.6336931207783,-99.2070263809698,45.4459585802314,1.36398004197854,1.34914097856269,2023.93584586809,2023.95068493151,A/pheasant/South_Dakota/23-039759-001-original/2023|H5N1|USA-SD|2023-12-14|avian|B3.6
1077,1078,0.0323180035527391,-98.6001260273656,38.4060576828418,-97.7272328748536,38.3788870197355,1.36410177947494,1.3317837759222,2023.91848866545,2023.950806669,NA
1005,1006,0.00877838663441532,-85.9001680969845,43.1519596770225,-86.1533983642585,43.3685134389324,1.3656224650778,1.35684407844339,2023.94354896797,2023.95232735461,NA
857,858,0.004999304909451,-101.58749345847,46.3897698376858,-101.797515820352,46.5766754493241,1.36667366610245,1.36167436119299,2023.94837925072,2023.95337855563,NA
680,159,0.0112078489531697,-123.072262889248,38.1398815650344,-122.879991489168,38.3578342123618,1.3667197680059,1.35551191905273,2023.94221680858,2023.95342465753,A/chicken/California/23-039773-002-original/2023|H5N1|USA-CA|2023-12-15|avian|B3.6
680,166,0.0112078489531697,-123.072262889248,38.1398815650344,-122.892941698668,38.4017362507881,1.3667197680059,1.35551191905273,2023.94221680858,2023.95342465753,A/chicken/California/23-039773-001-original/2023|H5N1|USA-CA|2023-12-15|avian|B3.6
1060,1061,0.0403747931912957,-120.318792749261,36.782227337489,-121.027219176539,37.0710910898793,1.36786644523494,1.32749165204365,2023.91419654157,2023.95457133476,NA
1054,1062,0.0546244505093385,-119.718680047201,36.9269280460925,-120.631319089066,37.0407924903602,1.36935933281663,1.31473488230729,2023.90143977184,2023.95606422235,NA
1078,333,0.0053577145583148,-97.7272328748536,38.3788870197355,-97.716416582923,38.3802609242588,1.36945949403325,1.36410177947494,2023.950806669,2023.95616438356,A/chicken/Kansas/23-039958-001-original/2023|H5N1|USA-KS|2023-12-16|avian|B3.6
1078,334,0.0053577145583148,-97.7272328748536,38.3788870197355,-97.5956179282705,38.4239215813072,1.36945949403325,1.36410177947494,2023.950806669,2023.95616438356,A/chicken/Kansas/23-039958-002-original/2023|H5N1|USA-KS|2023-12-16|avian|B3.6
633,329,0.0456657570566963,-97.993541594978,38.349197498784,-97.9792052691117,38.5100603011818,1.37219922006061,1.32653346300392,2023.91323835253,2023.95890410959,A/chicken/Kansas/23-039959-001-original/2023|H5N1|USA-KS|2023-12-17|avian|B3.6
1006,352,0.00657675498281063,-86.1533983642585,43.3685134389324,-86.1434808296254,43.3658205972045,1.37219922006061,1.3656224650778,2023.95232735461,2023.95890410959,A/turkey/Michigan/23-039966-002-original/2023|H5N1|USA-MI|2023-12-17|avian|B3.6
1006,351,0.00657675498281063,-86.1533983642585,43.3685134389324,-86.2618373996751,43.3031343070873,1.37219922006061,1.3656224650778,2023.95232735461,2023.95890410959,A/turkey/Michigan/23-039966-001-original/2023|H5N1|USA-MI|2023-12-17|avian|B3.6
853,253,0.0508500547350175,-97.5853105142606,45.6478184910467,-99.2152400814147,45.3201202741875,1.3749389460882,1.32408889135318,2023.91079378088,2023.96164383562,A/pheasant/South_Dakota/23-040343-001-original/2023|H5N1|USA-SD|2023-12-18|avian|B3.6
857,254,0.0132645848952029,-101.58749345847,46.3897698376858,-99.6413291416377,45.4543715495047,1.3749389460882,1.36167436119299,2023.94837925072,2023.96164383562,A/pheasant/South_Dakota/23-040343-003-original/2023|H5N1|USA-SD|2023-12-18|avian|B3.6
969,970,0.00990688883590618,-83.6883344116097,29.6133059290389,-81.5387678324982,26.1551549074914,1.37656221976928,1.36665533093337,2023.95336022046,2023.9632671093,NA
678,679,0.0224664635949252,-122.872847050437,38.4226877228842,-124.111885796602,38.6508324436,1.37694454326639,1.35447807967146,2023.9411829692,2023.96364943279,NA
1059,431,0.0593572194837007,-121.17127911884,37.017720480467,-120.622534024317,37.080310500179,1.38041839814291,1.32106117865921,2023.90776606819,2023.96712328767,A/chicken/California/23-040664-002-original/2023|H5N1|USA-CA|2023-12-20|avian|B3.6
1058,419,0.0200583699818377,-120.497897295208,37.4347852423636,-120.484232048721,37.4227187381175,1.38041839814291,1.36036002816107,2023.94706491769,2023.96712328767,A/chicken/California/23-040664-007-original/2023|H5N1|USA-CA|2023-12-20|avian|B3.6
1061,428,0.0125519529079687,-121.027219176539,37.0710910898793,-120.96092157531,36.9754606838327,1.38041839814291,1.36786644523494,2023.95457133476,2023.96712328767,A/chicken/California/23-040664-010/2023|H5N1|USA-CA|2023-12-20|avian|B3.6
1062,1064,0.0122327687956776,-120.631319089066,37.0407924903602,-120.660591571961,36.8946905488634,1.38159210161231,1.36935933281663,2023.95606422235,2023.96829699114,NA
674,675,0.0344898568587748,-121.222408100335,38.5476499317638,-123.295157532635,38.6877180345013,1.38237391356666,1.34788405670788,2023.93458894624,2023.9690788031,NA
676,677,0.031812889361083,-121.393216652118,38.4744104284478,-122.897234975231,38.5496310012292,1.38244625137081,1.35063336200972,2023.93733825154,2023.9691511409,NA
858,859,0.0179448992249192,-101.797515820352,46.5766754493241,-99.5699017350345,45.725294541644,1.38461856532736,1.36667366610245,2023.95337855563,2023.97132345486,NA
677,164,0.00345159882682111,-122.897234975231,38.5496310012292,-122.976986520411,38.6063743747552,1.38589785019763,1.38244625137081,2023.9691511409,2023.97260273973,A/chicken/California/23-040997-001-original/2023|H5N1|USA-CA|2023-12-22|avian|B3.6
677,165,0.00345159882682111,-122.897234975231,38.5496310012292,-122.601830231934,38.3405289577499,1.38589785019763,1.38244625137081,2023.9691511409,2023.97260273973,A/chicken/California/23-040997-002-original/2023|H5N1|USA-CA|2023-12-22|avian|B3.6
1062,1063,0.0181698112274962,-120.631319089066,37.0407924903602,-120.92140364254,37.3394681028774,1.38752914404413,1.36935933281663,2023.95606422235,2023.97423403357,NA
1064,1065,0.00684203557932972,-120.660591571961,36.8946905488634,-120.896247456891,37.1198942352406,1.38843413719164,1.38159210161231,2023.96829699114,2023.97513902672,NA
686,151,0.0844276691388754,-122.694715231943,38.1041439655454,-122.629424268414,38.1356600295715,1.38863757622498,1.30420990708611,2023.89091479661,2023.97534246575,A/chicken/California/23-040996-002-original/2023|H5N1|USA-CA|2023-12-23|avian|B3.6
686,152,0.0844276691388754,-122.694715231943,38.1041439655454,-122.706122478566,38.1025795095664,1.38863757622498,1.30420990708611,2023.89091479661,2023.97534246575,A/chicken/California/23-040996-001-original/2023|H5N1|USA-CA|2023-12-23|avian|B3.6
910,507,0.0774384345734174,-83.5807203116279,40.6388856619721,-83.4984070691244,40.8152044387455,1.38863757622498,1.31119914165157,2023.89790403118,2023.97534246575,A/chicken/Ohio/23-040887-001-original/2023|H5N1|USA-OH|2023-12-23|avian|B3.6
998,1000,0.0891916017000058,-95.1683662145567,46.2967385854036,-95.1153207722219,46.2907194607887,1.38931856037583,1.30012695867582,2023.8868318482,2023.9760234499,NA
574,575,0.243237476496669,-119.168017967342,37.8742029313093,-121.224169819716,38.3142387018559,1.39127412120231,1.14803664470565,2023.73474153423,2023.97797901073,NA
1000,347,0.00205874187674304,-95.1153207722219,46.2907194607887,-95.1076785070072,46.2848623009034,1.39137730225257,1.38931856037583,2023.9760234499,2023.97808219178,A/turkey/Minnesota/23-040874-001-original/2023|H5N1|USA-MN|2023-12-24|avian|B3.6
1000,348,0.00205874187674304,-95.1153207722219,46.2907194607887,-94.8876568019497,46.0087651444459,1.39137730225257,1.38931856037583,2023.9760234499,2023.97808219178,A/turkey/Minnesota/23-040874-002-original/2023|H5N1|USA-MN|2023-12-24|avian|B3.6
1061,429,0.0262505830449831,-121.027219176539,37.0710910898793,-120.977938662721,37.034660625856,1.39411702827993,1.36786644523494,2023.95457133476,2023.98082191781,A/chicken/California/24-000127-001-original/2023|H5N1|USA-CA|2023-12-25|avian|B3.6
1063,427,0.00658788423579715,-120.92140364254,37.3394681028774,-120.229124382974,37.2339315264607,1.39411702827993,1.38752914404413,2023.97423403357,2023.98082191781,A/chicken/California/24-000127-003-original/2023|H5N1|USA-CA|2023-12-25|avian|B3.6
1005,353,0.0400126758638972,-85.9001680969845,43.1519596770225,-85.9709213759425,43.2153047181604,1.39685675430728,1.35684407844339,2023.94354896797,2023.98356164384,A/turkey/Michigan/23-040820-001-original/2023|H5N1|USA-MI|2023-12-26|avian|B3.6
675,162,0.0144828407406257,-123.295157532635,38.6877180345013,-122.450773515728,38.1693871230334,1.39685675430728,1.38237391356666,2023.9690788031,2023.98356164384,A/chicken/California/23-040993-002-original/2023|H5N1|USA-CA|2023-12-26|avian|B3.6
675,163,0.0144828407406257,-123.295157532635,38.6877180345013,-123.080567742601,38.7580959401372,1.39685675430728,1.38237391356666,2023.9690788031,2023.98356164384,A/chicken/California/23-040993-001-original/2023|H5N1|USA-CA|2023-12-26|avian|B3.6
998,999,0.09897580957325,-95.1683662145567,46.2967385854036,-93.6842990996006,45.463404384142,1.39910276824907,1.30012695867582,2023.8868318482,2023.98580765778,NA
1064,423,0.0180043787223305,-120.660591571961,36.8946905488634,-120.593049790017,37.1095908276651,1.39959648033464,1.38159210161231,2023.96829699114,2023.98630136986,A/chicken/California/24-000133-001-original/2023|H5N1|USA-CA|2023-12-27|avian|B3.6
1065,425,0.0111623431430008,-120.896247456891,37.1198942352406,-120.931173520353,36.8203414313148,1.39959648033464,1.38843413719164,2023.97513902672,2023.98630136986,A/chicken/California/24-000133-004-original/2023|H5N1|USA-CA|2023-12-27|avian|B3.6
1065,424,0.0111623431430008,-120.896247456891,37.1198942352406,-120.678198823376,37.0641566978476,1.39959648033464,1.38843413719164,2023.97513902672,2023.98630136986,A/chicken/California/24-000133-003-original/2023|H5N1|USA-CA|2023-12-27|avian|B3.6
1056,1057,0.053739505592445,-121.634080192415,37.8521472088691,-121.963579064452,37.8656654323211,1.39996237964713,1.34622287405468,2023.93292776358,2023.98666726918,NA
634,326,0.0762065258299078,-98.3808725421601,38.4035876337508,-98.0699707257526,38.2477050663725,1.40507593238936,1.32886940655945,2023.91557429609,2023.99178082192,A/chicken/Kansas/24-000250-002-original/2023|H5N1|USA-KS|2023-12-29|avian|B3.6
679,160,0.0281313891229686,-124.111885796602,38.6508324436,-123.118561141607,38.5226987735114,1.40507593238936,1.37694454326639,2023.96364943279,2023.99178082192,A/chicken/California/24-000135-001-original/2023|H5N1|USA-CA|2023-12-29|avian|B3.6
679,161,0.0281313891229686,-124.111885796602,38.6508324436,-122.706927915259,38.6367480679402,1.40507593238936,1.37694454326639,2023.96364943279,2023.99178082192,A/chicken/California/24-000135-002-original/2023|H5N1|USA-CA|2023-12-29|avian|B3.6
859,255,0.0204573670619914,-99.5699017350345,45.725294541644,-99.547989131456,45.5873900270075,1.40507593238936,1.38461856532736,2023.97132345486,2023.99178082192,A/pheasant/South_Dakota/23-041194-002-original/2023|H5N1|USA-SD|2023-12-29|avian|B3.6
859,256,0.0204573670619914,-99.5699017350345,45.725294541644,-99.0631240749522,45.5705848219006,1.40507593238936,1.38461856532736,2023.97132345486,2023.99178082192,A/pheasant/South_Dakota/23-041194-001-original/2023|H5N1|USA-SD|2023-12-29|avian|B3.6
1063,426,0.0175467883452267,-120.92140364254,37.3394681028774,-120.646046135018,37.2943678695826,1.40507593238936,1.38752914404413,2023.97423403357,2023.99178082192,A/chicken/California/24-000134-001-original/2023|H5N1|USA-CA|2023-12-29|avian|B3.6
970,972,0.0343671774069207,-81.5387678324982,26.1551549074914,-81.8196634966696,27.131080797479,1.4109293971762,1.37656221976928,2023.9632671093,2023.9976342867,NA
1058,420,0.0583995631848335,-120.497897295208,37.4347852423636,-120.709066559501,37.4015550009704,1.41875959134591,1.36036002816107,2023.94706491769,2024.00546448087,A/domestic_goose/California/24-000492-001/2024|H5N1|USA-CA|2024-01-03|avian|B3.6
855,856,0.0707701490052217,-99.0432023170663,44.6336931207783,-98.3794979714888,44.9960595343487,1.41991112756792,1.34914097856269,2023.93584586809,2024.0066160171,NA
601,602,0.162597171425886,-122.258290719469,52.2370269213689,-124.925736731643,51.0722914648711,1.4213277020268,1.25873053060091,2023.84543542013,2024.00803259156,NA
575,301,0.0302177105807191,-121.224169819716,38.3142387018559,-121.415190765403,38.7241830741987,1.42149183178303,1.39127412120231,2023.97797901073,2024.00819672131,A/chicken/California/24-000494-001/2024|H5N1|USA-CA|2024-01-04|avian|B3.6
575,302,0.0302177105807191,-121.224169819716,38.3142387018559,-121.217348976247,38.5945073953547,1.42149183178303,1.39127412120231,2023.97797901073,2024.00819672131,A/chicken/California/24-000494-002/2024|H5N1|USA-CA|2024-01-04|avian|B3.6
999,345,0.0223890635339639,-93.6842990996006,45.463404384142,-93.9147796360711,45.4672503651803,1.42149183178303,1.39910276824907,2023.98580765778,2024.00819672131,A/domestic_goose/Minnesota/24-000764-003/2024|H5N1|USA-MN|2024-01-04|avian|B3.6
999,346,0.0223890635339639,-93.6842990996006,45.463404384142,-93.7406621136913,45.349128139903,1.42149183178303,1.39910276824907,2023.98580765778,2024.00819672131,A/chicken/Minnesota/24-000764-001/2024|H5N1|USA-MN|2024-01-04|avian|B3.6
856,251,0.0179741468381021,-98.3794979714888,44.9960595343487,-98.5997100134882,45.2183307198018,1.43788527440602,1.41991112756792,2024.0066160171,2024.02459016393,A/pheasant/South_Dakota/24-001107-001-original/2024|H5N1|USA-SD|2024-01-10|avian|B3.6
856,252,0.0179741468381021,-98.3794979714888,44.9960595343487,-98.2878622810033,44.9427742741502,1.43788527440602,1.41991112756792,2024.0066160171,2024.02459016393,A/pheasant/South_Dakota/24-001107-002-original/2024|H5N1|USA-SD|2024-01-10|avian|B3.6
786,229,0.0107744328465995,-99.3687833069575,40.0104803472287,-98.3914508200097,39.5075700986448,1.43788527440602,1.42711084155942,2024.01381573109,2024.02459016393,A/pheasant/Kansas/24-001018-001-original/2024|H5N1|USA-KS|2024-01-10|avian|B3.6
969,973,0.078438028924297,-83.6883344116097,29.6133059290389,-80.4915148634217,25.2826269468963,1.44509335985767,1.36665533093337,2023.95336022046,2024.03179824939,NA
786,787,0.020881130732183,-99.3687833069575,40.0104803472287,-99.6844512344128,40.3099617627273,1.4479919722916,1.42711084155942,2024.01381573109,2024.03469686182,NA
858,860,0.0846962289921358,-101.797515820352,46.5766754493241,-98.8582792541354,45.252547801063,1.45136989509458,1.36667366610245,2023.95337855563,2024.03807478462,NA
1057,421,0.0515840969447492,-121.963579064452,37.8656654323211,-120.863603668004,37.3870120486438,1.45154647659188,1.39996237964713,2023.98666726918,2024.03825136612,A/chicken/California/24-001558-005-original/2024|H5N1|USA-CA|2024-01-15|avian|B3.6
1057,422,0.0515840969447492,-121.963579064452,37.8656654323211,-120.561810225844,37.4707514046123,1.45154647659188,1.39996237964713,2023.98666726918,2024.03825136612,A/chicken/California/24-001558-004-original/2024|H5N1|USA-CA|2024-01-15|avian|B3.6
860,257,0.00290882193442177,-98.8582792541354,45.252547801063,-98.8367585690378,45.3262212767079,1.454278717029,1.45136989509458,2024.03807478462,2024.04098360656,A/pheasant/South_Dakota/24-001637-001-original/2024|H5N1|USA-SD|2024-01-16|avian|B3.6
578,579,0.296620155883748,-118.564681034901,37.8230512423283,-120.802880244034,38.9947568422958,1.45525942480994,1.15863926892619,2023.74534415845,2024.04196431434,NA
787,227,0.0117512256116532,-99.6844512344128,40.3099617627273,-98.1505575512397,39.375455131153,1.45974319790325,1.4479919722916,2024.03469686182,2024.04644808743,A/pheasant/Kansas/24-001752-002-original/2024|H5N1|USA-KS|2024-01-18|avian|B3.6
787,228,0.0117512256116532,-99.6844512344128,40.3099617627273,-98.4470962783587,39.483305313381,1.45974319790325,1.4479919722916,2024.03469686182,2024.04644808743,A/pheasant/Kansas/24-001752-001-original/2024|H5N1|USA-KS|2024-01-18|avian|B3.6
579,297,0.00448377309331649,-120.802880244034,38.9947568422958,-120.870391111577,39.005435871562,1.45974319790325,1.45525942480994,2024.04196431434,2024.04644808743,A/guinea_fowl/California/24-003250-002-original/2024|H5N1|USA-CA|2024-01-18|avian|B3.6
579,298,0.00448377309331649,-120.802880244034,38.9947568422958,-121.148110763641,39.0262740025968,1.45974319790325,1.45525942480994,2024.04196431434,2024.04644808743,A/guinea_fowl/California/24-003250-001-original/2024|H5N1|USA-CA|2024-01-18|avian|B3.6
602,17,0.0411477363138091,-124.925736731643,51.0722914648711,-118.720740235893,50.3553059422719,1.46247543834061,1.4213277020268,2024.00803259156,2024.04918032787,A/American_Crow/BC/AIVPHL-1874/2024|H5N1|Canada-BC|2024-01-19|avian|B3.6
602,18,0.0411477363138091,-124.925736731643,51.0722914648711,-124.391851689354,50.794327469463,1.46247543834061,1.4213277020268,2024.00803259156,2024.04918032787,A/American_Crow/BC/AIVPHL-1880/2024|H5N1|Canada-BC|2024-01-19|avian|B3.6
860,258,0.0193022645574061,-98.8582792541354,45.252547801063,-99.3504953003858,45.2638816726552,1.47067215965199,1.45136989509458,2024.03807478462,2024.05737704918,A/pheasant/South_Dakota/24-002228-001-original/2024|H5N1|USA-SD|2024-01-22|avian|B3.6
972,373,0.0624750029129122,-81.8196634966696,27.131080797479,-82.0365926147188,27.1220501277693,1.47340440008911,1.4109293971762,2023.9976342867,2024.06010928962,A/chicken/Florida/24-002738-001-original/2024|H5N1|USA-FL|2024-01-23|avian|B3.6
972,372,0.0624750029129122,-81.8196634966696,27.131080797479,-81.930356618093,27.0541179004985,1.47340440008911,1.4109293971762,2023.9976342867,2024.06010928962,A/chicken/Florida/24-002738-002-original/2024|H5N1|USA-FL|2024-01-23|avian|B3.6
613,307,0.00545021659806366,-87.0771451588132,38.6678693027827,-87.1214482493534,38.6900965540779,1.47340440008911,1.46795418349105,2024.05465907302,2024.06010928962,A/turkey/Indiana/24-002432-001-original/2024|H5N1|USA-IN|2024-01-23|avian|B3.6
613,308,0.00545021659806366,-87.0771451588132,38.6678693027827,-87.0613656381627,38.6687394257825,1.47340440008911,1.46795418349105,2024.05465907302,2024.06010928962,A/turkey/Indiana/24-002432-002-original/2024|H5N1|USA-IN|2024-01-23|avian|B3.6
868,242,0.223149544710546,-107.950469827348,44.1924564867772,-113.547658668527,46.3153123494949,1.49253008314922,1.26938053843868,2023.85608542797,2024.07923497268,A/mountain_lion/Montana/24_005908-001/2024|H5N1|USA-MT|2024-01-30|feline|B3.6
973,974,0.0558780674628299,-80.4915148634217,25.2826269468963,-80.0088327722136,25.0483283370204,1.5009714273205,1.44509335985767,2024.03179824939,2024.08767631685,NA
558,559,0.276179361547984,-98.7655995322424,43.7550393929639,-96.7180575346422,45.1741705173501,1.50224144073574,1.22606207918776,2023.81276696872,2024.08894633026,NA
970,971,0.127499672119078,-81.5387678324982,26.1551549074914,-80.8331297207983,26.085319837103,1.50406189188836,1.37656221976928,2023.9632671093,2024.09076678142,NA
971,374,0.0048616338838503,-80.8331297207983,26.085319837103,-80.5578932116343,25.9484751022814,1.50892352577221,1.50406189188836,2024.09076678142,2024.0956284153,A/chicken/Florida/24-004150-001-original/2024|H5N1|USA-FL|2024-02-05|avian|B3.6
599,15,0.221008203219247,-116.122642955991,47.0296808527395,-116.009560882716,42.4409367489559,1.51438800664646,1.29337980342721,2023.88008469296,2024.10109289617,A/chicken/Idaho/24-004163-001-original/2024|H5N1|USA-ID|2024-02-07|avian|B3.6
971,375,0.0103261147581026,-80.8331297207983,26.085319837103,-80.7827209485472,25.775671805376,1.51438800664646,1.50406189188836,2024.09076678142,2024.10109289617,A/chicken/Florida/24-004649-001-original/2024|H5N1|USA-FL|2024-02-07|avian|B3.6
559,565,0.0174325990940394,-96.7180575346422,45.1741705173501,-97.3901072646584,45.6355710345376,1.51967403982978,1.50224144073574,2024.08894633026,2024.10637892936,NA
813,814,0.046609784636584,-76.2275283737975,36.8963737985238,-76.2771656029686,36.8882726955444,1.52409736177693,1.47748757714035,2024.06419246667,2024.11080225131,NA
553,554,0.0442838744772869,-85.1384877967217,41.1950154854443,-85.4080346395516,41.6530332117113,1.53063591755802,1.48635204308073,2024.07305693261,2024.11734080709,NA
565,572,0.0110470789021953,-97.3901072646584,45.6355710345376,-96.1636840775087,45.2018345385782,1.53072111873198,1.51967403982978,2024.10637892936,2024.11742600826,NA
797,800,0.021903279319522,-117.902692931319,47.2370163035896,-117.047695873001,47.6172631571027,1.53539698951684,1.51349371019732,2024.10019859973,2024.12210187905,NA
565,566,0.0159506204710762,-97.3901072646584,45.6355710345376,-97.1706666181498,46.683179587158,1.53562466030086,1.51967403982978,2024.10637892936,2024.12232954983,NA
797,798,0.0225109651615132,-117.902692931319,47.2370163035896,-118.205492556232,47.996956080567,1.53600467535883,1.51349371019732,2024.10019859973,2024.12270956489,NA
814,815,0.0135711439473301,-76.2771656029686,36.8882726955444,-76.5894788251909,36.6283152235036,1.53766850572426,1.52409736177693,2024.11080225131,2024.12437339525,NA
880,406,0.00757878391757139,-77.2642075163117,38.487813550811,-76.9526820028458,38.5510834585712,1.53897817058105,1.53139938666348,2024.11810427619,2024.12568306011,A/chicken/Maryland/24-005539-002-original/2024|H5N1|USA-MD|2024-02-16|avian|B3.6
880,407,0.00757878391757139,-77.2642075163117,38.487813550811,-77.2514466758286,38.3862184923395,1.53897817058105,1.53139938666348,2024.11810427619,2024.12568306011,A/chicken/Maryland/24-005539-001-original/2024|H5N1|USA-MD|2024-02-16|avian|B3.6
559,560,0.0385465482544252,-96.7180575346422,45.1741705173501,-95.0568788715724,45.5734650323517,1.54078798899017,1.50224144073574,2024.08894633026,2024.12749287852,NA
815,818,0.00372300281817162,-76.5894788251909,36.6283152235036,-76.3505621915818,37.2585785536683,1.54139150854244,1.53766850572426,2024.12437339525,2024.12809639807,NA
572,573,0.0112094041870927,-96.1636840775087,45.2018345385782,-96.6653375208196,45.8352029431255,1.54193052291907,1.53072111873198,2024.11742600826,2024.12863541245,NA
961,962,0.259889261251116,-95.1668403860739,43.7634380044395,-82.9519386285279,40.1176067996947,1.54215312050616,1.28226385925505,2023.86896874878,2024.12885801003,NA
962,468,0.00228953094913975,-82.9519386285279,40.1176067996947,-82.9509249473966,40.1151154631711,1.5444426514553,1.54215312050616,2024.12885801003,2024.13114754098,A/chicken/Ohio/24-005334-002-original/2024|H5N1|USA-OH|2024-02-18|avian|B3.6
962,469,0.00228953094913975,-82.9519386285279,40.1176067996947,-82.8976086303099,40.1094168901082,1.5444426514553,1.54215312050616,2024.12885801003,2024.13114754098,A/chicken/Ohio/24-005334-001-original/2024|H5N1|USA-OH|2024-02-18|avian|B3.6
815,816,0.00864804042738698,-76.5894788251909,36.6283152235036,-76.0964997005547,36.7990250659088,1.54631654615165,1.53766850572426,2024.12437339525,2024.13302143568,NA
566,568,0.0112052547863359,-97.1706666181498,46.683179587158,-96.9810162227763,46.6116187879984,1.54682991508719,1.53562466030086,2024.12232954983,2024.13353480462,NA
1045,440,0.333666708041932,-122.038961335577,37.9342147223302,-122.23392579165,37.8513192102723,1.54990713232956,1.21624042428762,2023.80294531382,2024.13661202186,A/turkey_vulture/California/24_007419-001/2024|H5N1|USA-CA|2024-02-20|avian|B3.6
791,231,0.297867494213689,-104.064880189491,45.1803675751505,-121.597948563742,37.8746901061105,1.54990713232956,1.25203963811587,2023.83874452764,2024.13661202186,A/common_raven/California/24_007417-001/2024|H5N1|USA-CA|2024-02-20|avian|B3.6
554,555,0.0206147440749884,-85.4080346395516,41.6530332117113,-84.8113132023704,41.0544488175379,1.551250661633,1.53063591755802,2024.11734080709,2024.13795555116,NA
798,799,0.015467377158896,-118.205492556232,47.996956080567,-118.036129844652,47.9968631114537,1.55147205251773,1.53600467535883,2024.12270956489,2024.13817694205,NA
1011,1012,0.0103289619610474,-76.442462884845,37.0952660620987,-76.4413240057868,37.0950198597612,1.55240298240093,1.54207402043988,2024.12877890997,2024.13910787193,NA
791,230,0.300599734650815,-104.064880189491,45.1803675751505,-119.375304509054,45.7961684131967,1.55263937276668,1.25203963811587,2023.83874452764,2024.1393442623,A/great_horned_owl/Oregon/24_006223-001/2024|H5N1|USA-OR|2024-02-21|avian|B3.6
553,275,0.0662873296859525,-85.1384877967217,41.1950154854443,-84.9460054971116,41.1672426639361,1.55263937276668,1.48635204308073,2024.07305693261,2024.1393442623,A/chicken/Indiana/24-005716-002-original/2024|H5N1|USA-IN|2024-02-21|avian|B3.6
554,276,0.0220034552086656,-85.4080346395516,41.6530332117113,-84.8634591210448,41.0141252254941,1.55263937276668,1.53063591755802,2024.11734080709,2024.1393442623,A/chicken/Indiana/24_005716-003/2024|H5N1|USA-IN|2024-02-21|avian|B3.6
555,277,0.00138871113367722,-84.8113132023704,41.0544488175379,-84.8170279940698,41.0508010744546,1.55263937276668,1.551250661633,2024.13795555116,2024.1393442623,A/peacock/Indiana/24-005716-006-original/2024|H5N1|USA-IN|2024-02-21|avian|B3.6
555,278,0.00138871113367722,-84.8113132023704,41.0544488175379,-84.8808877917698,41.1166817271735,1.55263937276668,1.551250661633,2024.13795555116,2024.1393442623,A/chicken/Indiana/24_005716-006/2024|H5N1|USA-IN|2024-02-21|avian|B3.6
800,801,0.0186589897689065,-117.047695873001,47.6172631571027,-117.71202980074,48.4276405022835,1.55405597928574,1.53539698951684,2024.12210187905,2024.14076086881,NA
568,571,0.00866842907174448,-96.9810162227763,46.6116187879984,-96.4354178939363,45.7884670571732,1.55549834415894,1.54682991508719,2024.13353480462,2024.14220323369,NA
818,819,0.0164513402962749,-76.3505621915818,37.2585785536683,-77.0258804364585,36.8691600669232,1.55784284883871,1.54139150854244,2024.12809639807,2024.14454773837,NA
800,220,0.0227068641243229,-117.047695873001,47.6172631571027,-117.826741436437,47.9566127132991,1.55810385364116,1.53539698951684,2024.12210187905,2024.14480874317,A/skunk/Washington/24_005959-005/2024|H5N1|USA-WA|2024-02-23|other_mammal|B3.6
798,223,0.0220991782823317,-118.205492556232,47.996956080567,-117.598773118276,48.1261862450321,1.55810385364116,1.53600467535883,2024.12270956489,2024.14480874317,A/skunk/Washington/24_005959-001/2024|H5N1|USA-WA|2024-02-23|other_mammal|B3.6
799,221,0.00663180112343564,-118.036129844652,47.9968631114537,-117.626399906949,48.0888751342467,1.55810385364116,1.55147205251773,2024.13817694205,2024.14480874317,A/skunk/Washington/24_005959-002/2024|H5N1|USA-WA|2024-02-23|other_mammal|B3.6
799,222,0.00663180112343564,-118.036129844652,47.9968631114537,-118.080336372623,48.0023867029053,1.55810385364116,1.55147205251773,2024.13817694205,2024.14480874317,A/skunk/Washington/24_005959-006/2024|H5N1|USA-WA|2024-02-23|other_mammal|B3.6
801,224,0.00404787435541643,-117.71202980074,48.4276405022835,-117.789949538533,48.3286897332104,1.55810385364116,1.55405597928574,2024.14076086881,2024.14480874317,A/skunk/Washington/24_005959-003/2024|H5N1|USA-WA|2024-02-23|other_mammal|B3.6
801,225,0.00404787435541643,-117.71202980074,48.4276405022835,-117.86501876215,48.2854629722301,1.55810385364116,1.55405597928574,2024.14076086881,2024.14480874317,A/skunk/Washington/24_005959-004/2024|H5N1|USA-WA|2024-02-23|other_mammal|B3.6
566,567,0.0225757405152671,-97.1706666181498,46.683179587158,-96.9144124220059,46.2760298442336,1.55820040081613,1.53562466030086,2024.12232954983,2024.14490529034,NA
819,820,0.00205173522332158,-77.0258804364585,36.8691600669232,-76.2234621094512,36.5709481980969,1.55989458406203,1.55784284883871,2024.14454773837,2024.14659947359,NA
572,295,0.0301149753463097,-96.1636840775087,45.2018345385782,-95.9438972299192,45.5440136976139,1.56083609407829,1.53072111873198,2024.11742600826,2024.14754098361,A/chicken/Minnesota/24-005907-001-original/2024|H5N1|USA-MN|2024-02-24|avian|B3.6
567,282,0.00263569326216162,-96.9144124220059,46.2760298442336,-95.8296555514445,45.7091895593095,1.56083609407829,1.55820040081613,2024.14490529034,2024.14754098361,A/duck/Minnesota/24_005907-002/2024|H5N1|USA-MN|2024-02-24|avian|B3.6
560,562,0.0289183923950516,-95.0568788715724,45.5734650323517,-96.5715291655936,44.7200013788147,1.56970638138522,1.54078798899017,2024.12749287852,2024.15641127091,NA
568,569,0.026140612915601,-96.9810162227763,46.6116187879984,-97.0943430004408,46.5438168739371,1.5729705280028,1.54682991508719,2024.13353480462,2024.15967541753,NA
560,561,0.0359447634650814,-95.0568788715724,45.5734650323517,-94.8402006092109,45.5847374705913,1.57673275245525,1.54078798899017,2024.12749287852,2024.16343764198,NA
816,817,0.0304172589655058,-76.0964997005547,36.7990250659088,-76.2096872288771,36.8972089875295,1.57673380511716,1.54631654615165,2024.13302143568,2024.16343869465,NA
569,570,0.0109332331486185,-97.0943430004408,46.5438168739371,-96.1734562843643,45.5713897125246,1.58390376115141,1.5729705280028,2024.15967541753,2024.17060865068,NA
562,564,0.0173885086419698,-96.5715291655936,44.7200013788147,-95.8883696513597,45.4358391721574,1.58709489002719,1.56970638138522,2024.15641127091,2024.17379977956,NA
562,563,0.018174703245325,-96.5715291655936,44.7200013788147,-96.218597065972,45.559058574097,1.58788108463054,1.56970638138522,2024.15641127091,2024.17458597416,NA
820,821,0.0321580096722147,-76.2234621094512,36.5709481980969,-75.8490012644497,36.3507481846173,1.59205259373425,1.55989458406203,2024.14659947359,2024.17875748326,NA
558,279,0.370293140573624,-98.7655995322424,43.7550393929639,-97.5472483780595,43.450071576934,1.59635521976138,1.22606207918776,2023.81276696872,2024.18306010929,A/turkey/South_Dakota/24-007379-001-original/2024|H5N1|USA-SD|2024-03-08|avian|B3.6
573,293,0.0544246968423117,-96.6653375208196,45.8352029431255,-96.2328951652926,45.4941014644089,1.59635521976138,1.54193052291907,2024.12863541245,2024.18306010929,A/goat/Minnesota/24_007234-029/2024|H5N1|USA-MN|2024-03-08|other_mammal|B3.6
573,292,0.0544246968423117,-96.6653375208196,45.8352029431255,-96.2032272813995,45.6957749054147,1.59635521976138,1.54193052291907,2024.12863541245,2024.18306010929,A/goat/Minnesota/24-007234-003/2024|H5N1|USA-MN|2024-03-08|other_mammal|B3.6
571,287,0.0408568756024428,-96.4354178939363,45.7884670571732,-95.8987536784522,45.7522505032978,1.59635521976138,1.55549834415894,2024.14220323369,2024.18306010929,A/goat/Minnesota/24_007234-048/2024|H5N1|USA-MN|2024-03-08|other_mammal|B3.6
571,288,0.0408568756024428,-96.4354178939363,45.7884670571732,-96.0017982772267,45.6491925911257,1.59635521976138,1.55549834415894,2024.14220323369,2024.18306010929,A/goat/Minnesota/24_007234-044/2024|H5N1|USA-MN|2024-03-08|other_mammal|B3.6
819,213,0.0385123709226705,-77.0258804364585,36.8691600669232,-76.2229932628474,36.9186487303172,1.59635521976138,1.55784284883871,2024.14454773837,2024.18306010929,A/sanderling/Virginia/W24-190G/2024|H5N1|USA-VA|2024-03-08|avian|B3.6
567,283,0.0381548189452565,-96.9144124220059,46.2760298442336,-95.8033615905702,45.6051174626879,1.59635521976138,1.55820040081613,2024.14490529034,2024.18306010929,A/goat/Minnesota/24-007234-009/2024|H5N1|USA-MN|2024-03-08|other_mammal|B3.6
569,284,0.0233846917585865,-97.0943430004408,46.5438168739371,-95.902621407851,45.682144624442,1.59635521976138,1.5729705280028,2024.15967541753,2024.18306010929,A/goat/Minnesota/24_007234-047/2024|H5N1|USA-MN|2024-03-08|other_mammal|B3.6
561,290,0.0196224673061327,-94.8402006092109,45.5847374705913,-96.0709226616259,45.7595144161044,1.59635521976138,1.57673275245525,2024.16343764198,2024.18306010929,A/goat/Minnesota/24_007234-030/2024|H5N1|USA-MN|2024-03-08|other_mammal|B3.6
561,289,0.0196224673061327,-94.8402006092109,45.5847374705913,-95.7644484134781,45.4590000125354,1.59635521976138,1.57673275245525,2024.16343764198,2024.18306010929,A/goat/Minnesota/24_007234-032/2024|H5N1|USA-MN|2024-03-08|other_mammal|B3.6
570,286,0.0124514586099678,-96.1734562843643,45.5713897125246,-95.8373841200768,45.5566750069231,1.59635521976138,1.58390376115141,2024.17060865068,2024.18306010929,A/goat/Minnesota/24-007234-006/2024|H5N1|USA-MN|2024-03-08|other_mammal|B3.6
570,285,0.0124514586099678,-96.1734562843643,45.5713897125246,-96.2026704946491,45.583340478001,1.59635521976138,1.58390376115141,2024.17060865068,2024.18306010929,A/goat/Minnesota/24_007234-050/2024|H5N1|USA-MN|2024-03-08|other_mammal|B3.6
564,291,0.00926032973419266,-95.8883696513597,45.4358391721574,-95.9210817765132,45.4558637121336,1.59635521976138,1.58709489002719,2024.17379977956,2024.18306010929,A/goat/Minnesota/24_007234-036/2024|H5N1|USA-MN|2024-03-08|other_mammal|B3.6
564,281,0.00926032973419266,-95.8883696513597,45.4358391721574,-96.0672584421821,45.5047985277817,1.59635521976138,1.58709489002719,2024.17379977956,2024.18306010929,A/goat/Minnesota/24_007234-034/2024|H5N1|USA-MN|2024-03-08|other_mammal|B3.6
563,280,0.00847413513083728,-96.218597065972,45.559058574097,-95.754975579474,45.5845718338881,1.59635521976138,1.58788108463054,2024.17458597416,2024.18306010929,A/goat/Minnesota/24_007234-037/2024|H5N1|USA-MN|2024-03-08|other_mammal|B3.6
563,294,0.00847413513083728,-96.218597065972,45.559058574097,-96.0217649523159,45.4856381486233,1.59635521976138,1.58788108463054,2024.17458597416,2024.18306010929,A/goat/Minnesota/24_007234-035/2024|H5N1|USA-MN|2024-03-08|other_mammal|B3.6
814,212,0.0749900984215732,-76.2771656029686,36.8882726955444,-76.2349272828296,36.9033428462787,1.59908746019851,1.52409736177693,2024.11080225131,2024.18579234973,A/ruddy_turnstone/Virginia/W24-190N/2024|H5N1|USA-VA|2024-03-09|avian|B3.6
1011,1013,0.0590230562972642,-76.442462884845,37.0952660620987,-76.5812749606121,37.1948412327453,1.60109707673715,1.54207402043988,2024.12877890997,2024.18780196627,NA
813,207,0.124332123495283,-76.2275283737975,36.8963737985238,-76.2315752305686,36.9080208014667,1.60181970063563,1.47748757714035,2024.06419246667,2024.18852459016,A/sanderling/Virginia/W24-190A/2024|H5N1|USA-VA|2024-03-10|avian|B3.6
820,216,0.0419251165736012,-76.2234621094512,36.5709481980969,-76.1993017883442,36.9014629060656,1.60181970063563,1.55989458406203,2024.14659947359,2024.18852459016,A/sanderling/Virginia/W24-190B/2024|H5N1|USA-VA|2024-03-10|avian|B3.6
817,215,0.0250858955184767,-76.2096872288771,36.8972089875295,-76.2044845211528,36.9004287563668,1.60181970063563,1.57673380511716,2024.16343869465,2024.18852459016,A/sanderling/Virginia/W24-190C/2024|H5N1|USA-VA|2024-03-10|avian|B3.6
817,214,0.0278181359556029,-76.2096872288771,36.8972089875295,-76.2056227271896,36.874171901201,1.60455194107276,1.57673380511716,2024.16343869465,2024.1912568306,A/sanderling/Virginia/W24-190J/2024|H5N1|USA-VA|2024-03-11|avian|B3.6
961,467,0.32502032225484,-95.1668403860739,43.7634380044395,-85.8099005840479,40.845032322648,1.60728418150989,1.28226385925505,2023.86896874878,2024.19398907104,A/canada_goose/Indiana/24_008719-001/2024|H5N1|USA-IN|2024-03-12|avian|B3.6
821,210,0.017963828212765,-75.8490012644497,36.3507481846173,-75.988717696828,36.8804125555264,1.61001642194701,1.59205259373425,2024.17875748326,2024.19672131148,A/American_crow/Virginia/W24-190M/2024|H5N1|USA-VA|2024-03-13|avian|B3.6
821,208,0.0206960686498912,-75.8490012644497,36.3507481846173,-76.2819103899423,36.9125405249573,1.61274866238414,1.59205259373425,2024.17875748326,2024.19945355191,A/American_crow/Virginia/W24-190R/2024|H5N1|USA-VA|2024-03-14|avian|B3.6
818,211,0.101411798650545,-76.3505621915818,37.2585785536683,-76.2702442435853,36.9481746487525,1.64280330719298,1.54139150854244,2024.12809639807,2024.22950819672,A/peregrine_falcon/Virginia/W24-219E/2024|H5N1|USA-VA|2024-03-25|avian|B3.6
973,984,0.239597657447126,-80.4915148634217,25.2826269468963,-80.5041117829684,25.3745415495448,1.6846910173048,1.44509335985767,2024.03179824939,2024.27139590683,NA
984,370,0.00182813688265782,-80.5041117829684,25.3745415495448,-80.4874838603967,25.6353864348959,1.68651915418745,1.6846910173048,2024.27139590683,2024.27322404372,A/chicken/Florida/24-010928-001-original/2024|H5N1|USA-FL|2024-04-10|avian|B3.6
984,371,0.00182813688265782,-80.5041117829684,25.3745415495448,-80.3887980194553,25.8185794225108,1.68651915418745,1.6846910173048,2024.27139590683,2024.27322404372,A/chicken/Florida/24-010928-002-original/2024|H5N1|USA-FL|2024-04-10|avian|B3.6
816,209,0.159328291095914,-76.0964997005547,36.7990250659088,-76.1850284186465,36.8549450384603,1.70564483724757,1.54631654615165,2024.13302143568,2024.29234972678,A/red-tailed_hawk/Virginia/W24-248F/2024|H5N1|USA-VA|2024-04-17|avian|B3.6
1012,495,0.153241854846635,-76.4413240057868,37.0950198597612,-76.3442261362772,37.0901839385556,1.70564483724757,1.55240298240093,2024.13910787193,2024.29234972678,A/horned_grebe/Virginia/24-012236-001-original/2024|H5N1|USA-VA|2024-04-17|avian|B3.6
1012,496,0.153241854846635,-76.4413240057868,37.0950198597612,-76.3636144435276,37.0728039590246,1.70564483724757,1.55240298240093,2024.13910787193,2024.29234972678,A/horned_grebe/Virginia/24-012236-003-original/2024|H5N1|USA-VA|2024-04-17|avian|B3.6
1013,493,0.104547760510418,-76.5812749606121,37.1948412327453,-76.3556197575259,37.0107080660508,1.70564483724757,1.60109707673715,2024.18780196627,2024.29234972678,A/horned_grebe/Virginia/24-012236-002-original/2024|H5N1|USA-VA|2024-04-17|avian|B3.6
1013,494,0.104547760510418,-76.5812749606121,37.1948412327453,-76.3897597703067,37.0244734504772,1.70564483724757,1.60109707673715,2024.18780196627,2024.29234972678,A/horned_grebe/Virginia/24-012236-004-original/2024|H5N1|USA-VA|2024-04-17|avian|B3.6
974,977,0.215646551756303,-80.0088327722136,25.0483283370204,-80.8872428636926,25.0950862572096,1.7166179790768,1.5009714273205,2024.08767631685,2024.30332286861,NA
977,978,0.123880762262587,-80.8872428636926,25.0950862572096,-80.7674159850133,25.5796349879147,1.84049874133939,1.7166179790768,2024.30332286861,2024.42720363087,NA
978,979,0.0344372278120106,-80.7674159850133,25.5796349879147,-79.9599463832422,25.5180725635838,1.8749359691514,1.84049874133939,2024.42720363087,2024.46164085868,NA
979,980,0.00876128944098276,-79.9599463832422,25.5180725635838,-80.8160639753754,25.8688773045074,1.88369725859238,1.8749359691514,2024.46164085868,2024.47040214812,NA
980,981,0.034360674795223,-80.8160639753754,25.8688773045074,-80.6626200414443,26.2001157227827,1.91805793338761,1.88369725859238,2024.47040214812,2024.50476282292,NA
977,369,0.234928497515073,-80.8872428636926,25.0950862572096,-80.4248286156308,25.4575779151961,1.95154647659188,1.7166179790768,2024.30332286861,2024.53825136612,A/chicken/Florida/24-020698-001-original/2024|H5N1|USA-FL|2024-07-16|avian|B3.6
978,368,0.111047735252485,-80.7674159850133,25.5796349879147,-80.8590959267661,25.6340101266725,1.95154647659188,1.84049874133939,2024.42720363087,2024.53825136612,A/chicken/Florida/24-020699-001-original/2024|H5N1|USA-FL|2024-07-16|avian|B3.6
980,367,0.0678492179994918,-80.8160639753754,25.8688773045074,-80.2614716892654,25.6980901537275,1.95154647659188,1.88369725859238,2024.47040214812,2024.53825136612,A/chicken/Florida/24-020700-001-original/2024|H5N1|USA-FL|2024-07-16|avian|B3.6
974,975,0.463577692932652,-80.0088327722136,25.0483283370204,-81.7099419239451,25.2664045523979,1.96454912025315,1.5009714273205,2024.08767631685,2024.55125400978,NA
981,365,0.0498819858272532,-80.6626200414443,26.2001157227827,-81.2363613908514,26.4199256401891,1.96793991921486,1.91805793338761,2024.50476282292,2024.55464480874,A/chicken/Florida/24-021103-002-original/2024|H5N1|USA-FL|2024-07-22|avian|B3.6
981,366,0.0498819858272532,-80.6626200414443,26.2001157227827,-80.9720686049256,26.4575988755753,1.96793991921486,1.91805793338761,2024.50476282292,2024.55464480874,A/chicken/Florida/24-021103-001-original/2024|H5N1|USA-FL|2024-07-22|avian|B3.6
975,976,0.0123962792057679,-81.7099419239451,25.2664045523979,-81.1045140592611,26.1118590453919,1.97694539945892,1.96454912025315,2024.55125400978,2024.56365028899,NA
975,361,0.0279809628960712,-81.7099419239451,25.2664045523979,-80.4831239587385,25.528720366697,1.99253008314922,1.96454912025315,2024.55125400978,2024.57923497268,A/chicken/Florida/24-022130-003-original/2024|H5N1|USA-FL|2024-07-31|avian|B3.6
976,360,0.0155846836903033,-81.1045140592611,26.1118590453919,-80.4595943415119,25.9100718252227,1.99253008314922,1.97694539945892,2024.56365028899,2024.57923497268,A/chicken/Florida/24-022130-001-original/2024|H5N1|USA-FL|2024-07-31|avian|B3.6
976,359,0.0155846836903033,-81.1045140592611,26.1118590453919,-80.6077937808235,25.5013291811392,1.99253008314922,1.97694539945892,2024.56365028899,2024.57923497268,A/chicken/Florida/24-022130-002-original/2024|H5N1|USA-FL|2024-07-31|avian|B3.6
979,982,0.118755078457706,-79.9599463832422,25.5180725635838,-81.3204680421752,27.9884634157938,1.99369104760911,1.8749359691514,2024.46164085868,2024.58039593714,NA
982,983,0.0884739632271652,-81.3204680421752,27.9884634157938,-81.3877747123668,28.4353735296439,2.08216501083627,1.99369104760911,2024.58039593714,2024.66886990036,NA
983,363,0.0387803728594727,-81.3877747123668,28.4353735296439,-81.6145670502304,28.6175532345241,2.12094538369574,2.08216501083627,2024.66886990036,2024.70765027322,A/chicken/Florida/24-027090-001/2024|H5N1|USA-FL|2024-09-16|avian|B3.6
982,362,0.135451057398016,-81.3204680421752,27.9884634157938,-81.4510283493713,28.4863579833246,2.12914210500712,1.99369104760911,2024.58039593714,2024.71584699454,A/pigeon/Florida/24-027845-002/2024|H5N1|USA-FL|2024-09-19|avian|B3.6
983,364,0.0469770941708512,-81.3877747123668,28.4353735296439,-81.4978129632284,28.3991119620949,2.12914210500712,2.08216501083627,2024.66886990036,2024.71584699454,A/duck/Florida/24-027844-002-R2/2024|H5N1|USA-FL|2024-09-19|avian|B3.6
