node1,node2,length,startLon,startLat,endLon,endLat,endNodeL,startNodeL,startYear,endYear,tipLabel,startFlyway,endFlyway
679,680,0.042565373283751,-107.575633624141,38.7333143529052,-109.452989500756,34.4060986639417,0.042565373283751,0,2024.463364246,2024.50592961928,NA,Pacific,Pacific
680,681,0.0395453150874003,-109.452989500756,34.4060986639417,-109.517529012052,34.2911214342318,0.0821106883711513,0.042565373283751,2024.50592961928,2024.54547493437,NA,Pacific,Pacific
681,682,0.0211964200264811,-109.517529012052,34.2911214342318,-107.945752337452,36.6363132358484,0.103307108397632,0.0821106883711513,2024.54547493437,2024.5666713544,NA,Pacific,Pacific
682,684,0.017351159470038,-107.945752337452,36.6363132358484,-106.932622016504,36.8037968515531,0.12065826786767,0.103307108397632,2024.5666713544,2024.58402251387,NA,Pacific,Pacific
684,685,0.0167675097188407,-106.932622016504,36.8037968515531,-108.172257898243,38.0622529429274,0.137425777586511,0.12065826786767,2024.58402251387,2024.60079002359,NA,Pacific,Pacific
685,835,0.00424310323358434,-108.172257898243,38.0622529429274,-109.361884548081,32.2498274203009,0.141668880820095,0.137425777586511,2024.60079002359,2024.60503312682,NA,Pacific,Central
685,686,0.00748964413464503,-108.172257898243,38.0622529429274,-105.789889252035,36.8463064575631,0.144915421721156,0.137425777586511,2024.60079002359,2024.60827966772,NA,Pacific,Pacific
835,836,0.00378214600266458,-109.361884548081,32.2498274203009,-109.430279911886,32.2774481098817,0.14545102682276,0.141668880820095,2024.60503312682,2024.60881527282,NA,Central,Central
681,961,0.0688270480086228,-109.517529012052,34.2911214342318,-118.073546585503,35.8212017067362,0.150937736379774,0.0821106883711513,2024.54547493437,2024.61430198238,NA,Pacific,Central
686,687,0.0198009523109952,-105.789889252035,36.8463064575631,-105.810175871552,37.0986803643843,0.164716374032151,0.144915421721156,2024.60827966772,2024.62808062003,NA,Pacific,Pacific
961,1014,0.0154188695330062,-118.073546585503,35.8212017067362,-115.052222023947,33.2572226516118,0.16635660591278,0.150937736379774,2024.61430198238,2024.62972085191,NA,Central,Central
835,851,0.0275972608962138,-109.361884548081,32.2498274203009,-104.335956637622,30.6039900777987,0.169266141716309,0.141668880820095,2024.60503312682,2024.63263038772,NA,Central,Central
851,852,0.00591012397154156,-104.335956637622,30.6039900777987,-104.38031227168,30.7262392297464,0.175176265687851,0.169266141716309,2024.63263038772,2024.63854051169,NA,Central,Central
852,959,0.00133877688232653,-104.38031227168,30.7262392297464,-104.437551179479,30.5987032757421,0.176515042570177,0.175176265687851,2024.63854051169,2024.63987928857,NA,Central,Central
852,853,0.00849977920353395,-104.38031227168,30.7262392297464,-103.930540182742,30.710362547452,0.183676044891385,0.175176265687851,2024.63854051169,2024.64704029089,NA,Central,Central
853,941,0.000840043893759246,-103.930540182742,30.710362547452,-104.071315811288,30.8252489522609,0.184516088785144,0.183676044891385,2024.64704029089,2024.64788033478,NA,Central,Central
687,688,0.022688289999788,-105.810175871552,37.0986803643843,-103.278248741651,31.1062649962063,0.187404664031939,0.164716374032151,2024.62808062003,2024.65076891003,NA,Pacific,Central
836,839,0.0437727193967685,-109.430279911886,32.2774481098817,-109.344548685633,32.0745583753197,0.189223746219529,0.14545102682276,2024.60881527282,2024.65258799222,NA,Central,Central
836,837,0.0501089059120856,-109.430279911886,32.2774481098817,-99.7232782308541,31.789245512563,0.195559932734846,0.14545102682276,2024.60881527282,2024.65892417873,NA,Central,Pacific
686,714,0.0513811689526495,-105.789889252035,36.8463064575631,-102.683746870338,36.7559547188628,0.196296590673806,0.144915421721156,2024.60827966772,2024.65966083667,NA,Pacific,Pacific
839,840,0.00832877629435269,-109.344548685633,32.0745583753197,-110.470438928647,37.5007705610273,0.197552522513881,0.189223746219529,2024.65258799222,2024.66091676851,NA,Central,Central
687,708,0.0331569457068999,-105.810175871552,37.0986803643843,-104.66738996168,37.2264287737744,0.197873319739051,0.164716374032151,2024.62808062003,2024.66123756574,NA,Pacific,Pacific
708,710,0.00353191934477604,-104.66738996168,37.2264287737744,-104.497637048458,35.913649210918,0.201405239083827,0.197873319739051,2024.66123756574,2024.66476948508,NA,Pacific,Pacific
714,715,0.00722392029193131,-102.683746870338,36.7559547188628,-102.052475192571,37.3638299293365,0.203520510965737,0.196296590673806,2024.65966083667,2024.66688475697,NA,Pacific,Pacific
961,962,0.0544819485500792,-118.073546585503,35.8212017067362,-110.930889007033,35.3685562259983,0.205419684929853,0.150937736379774,2024.61430198238,2024.66878393093,NA,Central,Central
962,969,0.00048963768808874,-110.930889007033,35.3685562259983,-111.074322114956,33.9751899582563,0.205909322617942,0.205419684929853,2024.66878393093,2024.66927356862,NA,Central,Central
962,963,0.0040163543912799,-110.930889007033,35.3685562259983,-110.779342451793,35.4807069626088,0.209436039321133,0.205419684929853,2024.66878393093,2024.67280028532,NA,Central,Central
941,942,0.0321244426488514,-104.071315811288,30.8252489522609,-98.9482934983174,29.1559036436341,0.216640531433995,0.184516088785144,2024.64788033478,2024.68000477743,NA,Central,Mississippi
714,719,0.0220481997659068,-102.683746870338,36.7559547188628,-119.341844990563,37.2389299610741,0.218344790439712,0.196296590673806,2024.65966083667,2024.68170903644,NA,Pacific,Mississippi
1014,1016,0.05201329634997,-115.052222023947,33.2572226516118,-115.462933936006,32.9489462248788,0.21836990226275,0.16635660591278,2024.62972085191,2024.68173414826,NA,Central,Pacific
688,689,0.0310055665521947,-103.278248741651,31.1062649962063,-107.199190802918,33.81005934686,0.218410230584134,0.187404664031939,2024.65076891003,2024.68177447658,NA,Central,Pacific
689,690,0.00231439058510308,-107.199190802918,33.81005934686,-107.153034246159,34.1023970016589,0.220724621169237,0.218410230584134,2024.68177447658,2024.68408886717,NA,Pacific,Pacific
1016,1020,0.0030489431807359,-115.462933936006,32.9489462248788,-116.893100020315,33.7155269494371,0.221418845443486,0.21836990226275,2024.68173414826,2024.68478309144,NA,Pacific,Pacific
719,800,0.00482183791803581,-119.341844990563,37.2389299610741,-120.435381841657,40.6798069538737,0.223166628357748,0.218344790439712,2024.68170903644,2024.68653087436,NA,Mississippi,Mississippi
853,854,0.0425774118617068,-103.930540182742,30.710362547452,-95.3189797121705,32.695741835243,0.226253456753092,0.183676044891385,2024.64704029089,2024.68961770275,NA,Central,Mississippi
689,693,0.00789396424747069,-107.199190802918,33.81005934686,-106.486274984669,35.3066317394592,0.226304194831605,0.218410230584134,2024.68177447658,2024.68966844083,NA,Pacific,Pacific
969,1007,0.0268550568139039,-111.074322114956,33.9751899582563,-111.325696502037,34.934140300353,0.232764379431846,0.205909322617942,2024.66927356862,2024.69612862543,NA,Central,Central
688,706,0.0455730499994647,-103.278248741651,31.1062649962063,-104.488370282497,35.5554291276257,0.232977714031404,0.187404664031939,2024.65076891003,2024.69634196003,NA,Central,Pacific
710,711,0.0336396339439364,-104.497637048458,35.913649210918,-107.615422798985,35.2476951476191,0.235044873027764,0.201405239083827,2024.66476948508,2024.69840911903,NA,Pacific,Central
1020,1021,0.0141911668892136,-116.893100020315,33.7155269494371,-114.096031643803,38.5348126602527,0.2356100123327,0.221418845443486,2024.68478309144,2024.69897425833,NA,Pacific,Central
1007,1010,0.00412510352504247,-111.325696502037,34.934140300353,-111.052532439784,35.0737717728644,0.236889482956888,0.232764379431846,2024.69612862543,2024.70025372896,NA,Central,Central
1021,1022,0.00213770702464555,-114.096031643803,38.5348126602527,-114.994250607904,37.9407908680445,0.237747719357345,0.2356100123327,2024.69897425833,2024.70111196536,NA,Central,Central
837,838,0.0422799742429045,-99.7232782308541,31.789245512563,-100.390675644669,31.8676967972664,0.23783990697775,0.195559932734846,2024.65892417873,2024.70120415298,NA,Pacific,Pacific
942,954,0.0215470881767683,-98.9482934983174,29.1559036436341,-102.841951157016,30.839844926541,0.238187619610764,0.216640531433995,2024.68000477743,2024.70155186561,NA,Mississippi,Mississippi
1022,1023,0.00301529462127625,-114.994250607904,37.9407908680445,-116.214573025072,38.2579872972798,0.240763013978622,0.237747719357345,2024.70111196536,2024.70412725998,NA,Central,Central
1023,1034,0.000613014128518996,-116.214573025072,38.2579872972798,-116.315973030576,38.2587142123182,0.241376028107141,0.240763013978622,2024.70412725998,2024.70474027411,NA,Central,Central
715,716,0.0383851700332547,-102.052475192571,37.3638299293365,-103.281729561559,40.4102928653522,0.241905680998992,0.203520510965737,2024.66688475697,2024.705269927,NA,Pacific,Central
706,707,0.00901771004000351,-104.488370282497,35.5554291276257,-103.535266267958,35.7165055228372,0.241995424071408,0.232977714031404,2024.69634196003,2024.70535967007,NA,Pacific,Pacific
1034,1035,0.000908163840092957,-116.315973030576,38.2587142123182,-116.506623819208,38.3750933546189,0.242284191947234,0.241376028107141,2024.70474027411,2024.70564843795,NA,Central,Central
1023,1024,0.00361207076332559,-116.214573025072,38.2579872972798,-115.661331870359,38.6036490145702,0.244375084741947,0.240763013978622,2024.70412725998,2024.70773933074,NA,Central,Central
1034,1110,0.00302158983062584,-116.315973030576,38.2587142123182,-116.18633746678,37.4788290844267,0.244397617937766,0.241376028107141,2024.70474027411,2024.70776186394,NA,Central,Central
963,965,0.0378565812784979,-110.779342451793,35.4807069626088,-111.782140549119,46.5601950760808,0.247292620599631,0.209436039321133,2024.67280028532,2024.7106568666,NA,Central,Pacific
965,966,0.000285014285308804,-111.782140549119,46.5601950760808,-112.639797628564,45.4417883592167,0.24757763488494,0.247292620599631,2024.7106568666,2024.71094188088,NA,Pacific,Pacific
854,885,0.0218707628179131,-95.3189797121705,32.695741835243,-94.8573929610696,33.3524602183943,0.248124219571005,0.226253456753092,2024.68961770275,2024.71148846557,NA,Mississippi,Mississippi
1024,1028,0.00427506939386602,-115.661331870359,38.6036490145702,-115.599855364318,38.2028058515803,0.248650154135813,0.244375084741947,2024.70773933074,2024.71201440014,NA,Central,Central
715,718,0.0455538738797225,-102.052475192571,37.3638299293365,-106.442571245065,38.2550232408218,0.24907438484546,0.203520510965737,2024.66688475697,2024.71243863085,NA,Pacific,Pacific
969,970,0.0439533171119644,-111.074322114956,33.9751899582563,-111.158563467259,33.8949595650078,0.249862639729906,0.205909322617942,2024.66927356862,2024.71322688573,NA,Central,Central
1110,1111,0.00627501964038579,-116.18633746678,37.4788290844267,-120.002431061568,39.2703412981616,0.250672637578152,0.244397617937766,2024.70776186394,2024.71403688358,NA,Central,Pacific
1035,1036,0.00878554930457609,-116.506623819208,38.3750933546189,-105.932522904876,31.9364584905282,0.25106974125181,0.242284191947234,2024.70564843795,2024.71443398725,NA,Central,Mississippi
970,971,0.00200959772235154,-111.158563467259,33.8949595650078,-111.668345861467,34.2701605578007,0.251872237452258,0.249862639729906,2024.71322688573,2024.71523648345,NA,Central,Central
719,720,0.0337418845958186,-119.341844990563,37.2389299610741,-117.524544772327,36.7864691894989,0.252086675035531,0.218344790439712,2024.68170903644,2024.71545092104,NA,Mississippi,Mississippi
971,975,0.000367546157311827,-111.668345861467,34.2701605578007,-111.726950181744,34.0013240397685,0.25223978360957,0.251872237452258,2024.71523648345,2024.71560402961,NA,Central,Central
1022,1352,0.0149480239339028,-114.994250607904,37.9407908680445,-115.236262739785,35.573596662701,0.252695743291248,0.237747719357345,2024.70111196536,2024.71605998929,NA,Central,Central
840,846,0.0566979210872405,-110.470438928647,37.5007705610273,-113.620309268869,37.5718829329861,0.254250443601122,0.197552522513881,2024.66091676851,2024.7176146896,NA,Central,Central
1111,1112,0.00360927270169009,-120.002431061568,39.2703412981616,-119.786701300157,39.5465440852801,0.254281910279842,0.250672637578152,2024.71403688358,2024.71764615628,NA,Pacific,Pacific
693,694,0.027996637447165,-106.486274984669,35.3066317394592,-103.373936687448,33.5698967347568,0.25430083227877,0.226304194831605,2024.68966844083,2024.71766507828,NA,Pacific,Pacific
1352,1353,0.00175323658194726,-115.236262739785,35.573596662701,-115.126304626785,35.4541458667828,0.254448979873195,0.252695743291248,2024.71605998929,2024.71781322587,NA,Central,Central
885,913,0.00643340828136796,-94.8573929610696,33.3524602183943,-98.405631166916,34.3048075548632,0.254557627852373,0.248124219571005,2024.71148846557,2024.71792187385,NA,Mississippi,Mississippi
1010,1012,0.0177453197794011,-111.052532439784,35.0737717728644,-110.557423775272,34.6000397853537,0.254634802736289,0.236889482956888,2024.70025372896,2024.71799904874,NA,Central,Central
1112,1130,0.000613550284898512,-119.786701300157,39.5465440852801,-119.940437813685,39.0812012801565,0.254895460564741,0.254281910279842,2024.71764615628,2024.71825970656,NA,Pacific,Pacific
800,801,0.0324950069261736,-120.435381841657,40.6798069538737,-117.789893725232,44.8283611793507,0.255661635283922,0.223166628357748,2024.68653087436,2024.71902588128,NA,Mississippi,Mississippi
1110,1326,0.0118633923035849,-116.18633746678,37.4788290844267,-117.379553163523,37.5965746173453,0.256261010241351,0.244397617937766,2024.70776186394,2024.71962525624,NA,Central,Central
694,695,0.00235828609966693,-103.373936687448,33.5698967347568,-103.395841915957,33.7162128872373,0.256659118378437,0.25430083227877,2024.71766507828,2024.72002336438,NA,Pacific,Pacific
1326,1330,0.000654420640270104,-117.379553163523,37.5965746173453,-117.491342957391,37.2952814267682,0.256915430881621,0.256261010241351,2024.71962525624,2024.72027967688,NA,Central,Central
913,914,0.00251695133445495,-98.405631166916,34.3048075548632,-97.3290423124612,33.9726884844632,0.257074579186828,0.254557627852373,2024.71792187385,2024.72043882519,NA,Mississippi,Mississippi
1330,1336,0.000462162043175063,-117.491342957391,37.2952814267682,-117.425710778502,37.3786335373279,0.257377592924797,0.256915430881621,2024.72027967688,2024.72074183892,NA,Central,Central
1112,1113,0.00364042175519153,-119.786701300157,39.5465440852801,-119.551455451452,39.5421168223886,0.257922332035034,0.254281910279842,2024.71764615628,2024.72128657803,NA,Pacific,Pacific
975,976,0.00612198694891397,-111.726950181744,34.0013240397685,-111.371329703921,34.0644320341195,0.258361770558484,0.25223978360957,2024.71560402961,2024.72172601656,NA,Central,Central
954,955,0.0204592588053125,-102.841951157016,30.839844926541,-103.425613840788,31.083972949921,0.258646878416076,0.238187619610764,2024.70155186561,2024.72201112442,NA,Mississippi,Mississippi
854,855,0.032581494676367,-95.3189797121705,32.695741835243,-94.797127772601,30.747505485095,0.258834951429459,0.226253456753092,2024.68961770275,2024.72219919743,NA,Mississippi,Mississippi
855,856,0.000218032143092906,-94.797127772601,30.747505485095,-94.7947455342727,30.7541770877859,0.259052983572551,0.258834951429459,2024.72219919743,2024.72241722957,NA,Mississippi,Mississippi
976,977,0.000937356955007962,-111.371329703921,34.0644320341195,-111.383022089111,34.3032259446339,0.259299127513492,0.258361770558484,2024.72172601656,2024.72266337351,NA,Central,Central
840,841,0.062206612225794,-110.470438928647,37.5007705610273,-114.361664498595,43.2593759224959,0.259759134739675,0.197552522513881,2024.66091676851,2024.72312338074,NA,Central,Mississippi
942,943,0.0433293793714353,-98.9482934983174,29.1559036436341,-99.5304898778784,30.8541036622652,0.259969910805431,0.216640531433995,2024.68000477743,2024.72333415681,NA,Mississippi,Mississippi
846,847,0.00577456327700587,-113.620309268869,37.5718829329861,-113.144996408366,36.5294707837576,0.260025006878128,0.254250443601122,2024.7176146896,2024.72338925288,NA,Central,Central
1130,1131,0.0054505480535183,-119.940437813685,39.0812012801565,-119.396457477982,39.4617338039163,0.260346008618259,0.254895460564741,2024.71825970656,2024.72371025462,NA,Pacific,Pacific
1131,1132,3.19814314204692e-05,-119.396457477982,39.4617338039163,-119.426329339075,39.5805119629995,0.26037799004968,0.260346008618259,2024.72371025462,2024.72374223605,NA,Pacific,Pacific
711,712,0.025336654575659,-107.615422798985,35.2476951476191,-102.456559807365,37.5572074103251,0.260381527603423,0.235044873027764,2024.69840911903,2024.7237457736,NA,Central,Pacific
1036,1040,0.00945358912830385,-105.932522904876,31.9364584905282,-105.389097523518,32.2861222619462,0.260523330380114,0.25106974125181,2024.71443398725,2024.72388757638,NA,Mississippi,Mississippi
1132,1135,0.000475831645135649,-119.426329339075,39.5805119629995,-119.158647221256,39.5118748130747,0.260853821694815,0.26037799004968,2024.72374223605,2024.72421806769,NA,Pacific,Pacific
856,857,0.00184029554915877,-94.7947455342727,30.7541770877859,-94.4915050157197,30.9139975847029,0.26089327912171,0.259052983572551,2024.72241722957,2024.72425752512,NA,Mississippi,Mississippi
1336,1337,0.00384337200631268,-117.425710778502,37.3786335373279,-112.894968133358,40.0939106151513,0.261220964931109,0.257377592924797,2024.72074183892,2024.72458521093,NA,Central,Pacific
1135,1136,0.000681864768906193,-119.158647221256,39.5118748130747,-118.885001350691,40.3919784280803,0.261535686463721,0.260853821694815,2024.72421806769,2024.72489993246,NA,Pacific,Pacific
1111,1321,0.0109697302568876,-120.002431061568,39.2703412981616,-120.944327160888,38.3617004621913,0.26164236783504,0.250672637578152,2024.71403688358,2024.72500661383,NA,Pacific,Pacific
847,848,0.00195245609521333,-113.144996408366,36.5294707837576,-114.06681495756,37.1019168103809,0.261977462973341,0.260025006878128,2024.72338925288,2024.72534170897,NA,Central,Central
720,721,0.0100092800901208,-117.524544772327,36.7864691894989,-117.463689540253,34.2910509270862,0.262095955125652,0.252086675035531,2024.71545092104,2024.72546020113,NA,Mississippi,Mississippi
970,1001,0.0122921503106008,-111.158563467259,33.8949595650078,-110.998784399672,33.538917316715,0.262154790040507,0.249862639729906,2024.71322688573,2024.72551903604,NA,Central,Central
1016,1017,0.0439364472767452,-115.462933936006,32.9489462248788,-118.653595206061,35.8589231999442,0.262306349539495,0.21836990226275,2024.68173414826,2024.72567059554,NA,Pacific,Central
1113,1114,0.00460522109829387,-119.551455451452,39.5421168223886,-119.744177927456,40.0180913781637,0.262527553133328,0.257922332035034,2024.72128657803,2024.72589179913,NA,Pacific,Pacific
913,930,0.00800520354925727,-98.405631166916,34.3048075548632,-97.5212674461978,35.6102951867828,0.26256283140163,0.254557627852373,2024.71792187385,2024.7259270774,NA,Mississippi,Mississippi
1136,1137,0.00111957956591091,-118.885001350691,40.3919784280803,-118.920602798443,40.117142292538,0.262655266029632,0.261535686463721,2024.72489993246,2024.72601951203,NA,Pacific,Pacific
690,691,0.0419793957262011,-107.153034246159,34.1023970016589,-100.215038123708,39.9997951460616,0.262704016895438,0.220724621169237,2024.68408886717,2024.7260682629,NA,Pacific,Pacific
856,862,0.00442391116972529,-94.7947455342727,30.7541770877859,-94.587301111863,30.7283303600546,0.263476894742277,0.259052983572551,2024.72241722957,2024.72684114074,NA,Mississippi,Mississippi
955,956,0.00513096078938013,-103.425613840788,31.083972949921,-107.186594962639,33.6783425386556,0.263777839205456,0.258646878416076,2024.72201112442,2024.72714208521,NA,Mississippi,Mississippi
1132,1133,0.003526062325232,-119.426329339075,39.5805119629995,-118.618236584769,40.0103381250435,0.263904052374912,0.26037799004968,2024.72374223605,2024.72726829837,NA,Pacific,Pacific
930,931,0.00185678507575293,-97.5212674461978,35.6102951867828,-98.868170577148,34.3526704310934,0.264419616477383,0.26256283140163,2024.7259270774,2024.72778386248,NA,Mississippi,Mississippi
1114,1115,0.00204203207464748,-119.744177927456,40.0180913781637,-119.571600977977,40.2414922890236,0.264569585207975,0.262527553133328,2024.72589179913,2024.72793383121,NA,Pacific,Pacific
1040,1041,0.00422846708287827,-105.389097523518,32.2861222619462,-105.449426552548,32.541156475937,0.264751797462992,0.260523330380114,2024.72388757638,2024.72811604346,NA,Mississippi,Mississippi
977,987,0.0058586629070323,-111.383022089111,34.3032259446339,-112.392419933718,34.5639178969061,0.265157790420524,0.259299127513492,2024.72266337351,2024.72852203642,NA,Central,Central
862,863,0.00312130084816631,-94.587301111863,30.7283303600546,-94.738567958558,30.8499796453917,0.266598195590443,0.263476894742277,2024.72684114074,2024.72996244159,NA,Mississippi,Mississippi
841,843,0.0070973516195747,-114.361664498595,43.2593759224959,-114.067026364959,43.4762466848188,0.26685648635925,0.259759134739675,2024.72312338074,2024.73022073236,NA,Mississippi,Mississippi
1035,1068,0.0247215251128041,-116.506623819208,38.3750933546189,-116.567376801582,38.211038465073,0.267005717060038,0.242284191947234,2024.70564843795,2024.73036996306,NA,Central,Central
1137,1320,0.00515867562818517,-118.920602798443,40.117142292538,-120.203348249954,40.2885354050452,0.267813941657818,0.262655266029632,2024.72601951203,2024.73117818766,NA,Pacific,Pacific
885,886,0.0200032929174552,-94.8573929610696,33.3524602183943,-93.8386263645801,34.9341262478998,0.26812751248846,0.248124219571005,2024.71148846557,2024.73149175849,NA,Mississippi,Mississippi
971,972,0.0162913522070867,-111.668345861467,34.2701605578007,-109.794174195114,34.8031253979045,0.268163589659345,0.251872237452258,2024.71523648345,2024.73152783566,NA,Central,Central
1321,1322,0.00724358243735801,-120.944327160888,38.3617004621913,-120.943500403961,38.3825217617709,0.268885950272398,0.26164236783504,2024.72500661383,2024.73225019627,NA,Pacific,Pacific
695,699,0.0124976434766289,-103.395841915957,33.7162128872373,-101.292680463795,37.4186058411926,0.269156761855065,0.256659118378437,2024.72002336438,2024.73252100785,NA,Pacific,Pacific
1036,1037,0.0188327595827844,-105.932522904876,31.9364584905282,-105.670536950003,32.0588791694853,0.269902500834594,0.25106974125181,2024.71443398725,2024.73326674683,NA,Mississippi,Mississippi
1041,1042,0.00522207244261796,-105.449426552548,32.541156475937,-105.458908230983,32.5428113014813,0.26997386990561,0.264751797462992,2024.72811604346,2024.73333811591,NA,Mississippi,Mississippi
1137,1138,0.00772520246476582,-118.920602798443,40.117142292538,-119.449456982928,43.168456774428,0.270380468494398,0.262655266029632,2024.72601951203,2024.73374471449,NA,Pacific,Central
914,915,0.0134389259064105,-97.3290423124612,33.9726884844632,-95.7106959489804,34.7289668563083,0.270513505093238,0.257074579186828,2024.72043882519,2024.73387775109,NA,Mississippi,Mississippi
972,973,0.00272330750325933,-109.794174195114,34.8031253979045,-109.867538894627,34.8219005218366,0.270886897162604,0.268163589659345,2024.73152783566,2024.73425114316,NA,Central,Central
694,701,0.0173119632554533,-103.373936687448,33.5698967347568,-103.267461477324,32.0037280665953,0.271612795534223,0.25430083227877,2024.71766507828,2024.73497704153,NA,Pacific,Pacific
1330,1331,0.0155032027587649,-117.491342957391,37.2952814267682,-119.231748885401,45.7854159041508,0.272418633640386,0.256915430881621,2024.72027967688,2024.73578287964,NA,Central,Central
1014,1015,0.107370394485131,-115.052222023947,33.2572226516118,-121.526710102606,44.1283470966151,0.273727000397911,0.16635660591278,2024.62972085191,2024.7370912464,NA,Central,Central
1353,1354,0.0200900357902778,-115.126304626785,35.4541458667828,-115.304337427159,36.860069718289,0.274539015663473,0.254448979873195,2024.71781322587,2024.73790326166,NA,Central,Central
1020,1355,0.0531266897493021,-116.893100020315,33.7155269494371,-117.030886027988,36.6380149968702,0.274545535192788,0.221418845443486,2024.68478309144,2024.73790978119,NA,Pacific,Pacific
914,928,0.0180517054970573,-97.3290423124612,33.9726884844632,-97.1105022185118,35.2798704267173,0.275126284683885,0.257074579186828,2024.72043882519,2024.73849053068,NA,Mississippi,Mississippi
863,864,0.00935381601800578,-94.738567958558,30.8499796453917,-94.0119870608048,30.8970324238967,0.275952011608449,0.266598195590443,2024.72996244159,2024.73931625761,NA,Mississippi,Mississippi
695,696,0.0195751218042002,-103.395841915957,33.7162128872373,-103.602338004062,33.4873597264865,0.276234240182637,0.256659118378437,2024.72002336438,2024.73959848618,NA,Pacific,Pacific
1042,1057,0.00705090145533749,-105.458908230983,32.5428113014813,-105.35124255145,38.8911829090426,0.277024771360947,0.26997386990561,2024.73333811591,2024.74038901736,NA,Mississippi,Central
862,872,0.0142781605166371,-94.587301111863,30.7283303600546,-92.2317522217547,30.9062900090708,0.277755055258914,0.263476894742277,2024.72684114074,2024.74111930126,NA,Mississippi,Mississippi
800,813,0.0551594410685152,-120.435381841657,40.6798069538737,-119.285581975756,37.9314548790489,0.278326069426263,0.223166628357748,2024.68653087436,2024.74169031543,NA,Mississippi,Mississippi
976,995,0.0200776853600733,-111.371329703921,34.0644320341195,-111.017290957145,35.0556004450229,0.278439455918557,0.258361770558484,2024.72172601656,2024.74180370192,NA,Central,Central
1331,1335,0.00625029205445582,-119.231748885401,45.7854159041508,-119.746820338487,45.6672364914281,0.278668925694842,0.272418633640386,2024.73578287964,2024.74203317169,NA,Central,Central
1017,1019,0.016437324417452,-118.653595206061,35.8589231999442,-115.459179207813,47.9164022154273,0.278743673956948,0.262306349539495,2024.72567059554,2024.74210791996,NA,Central,Pacific
813,814,0.000657528874099311,-119.285581975756,37.9314548790489,-119.511261753633,37.6696559889475,0.278983598300363,0.278326069426263,2024.74169031543,2024.7423478443,NA,Mississippi,Mississippi
943,944,0.0195689057917885,-99.5304898778784,30.8541036622652,-101.358122805199,31.4798854368585,0.279538816597219,0.259969910805431,2024.72333415681,2024.7429030626,NA,Mississippi,Mississippi
1336,1348,0.0222787897490428,-117.425710778502,37.3786335373279,-121.048176190213,39.6783181022908,0.279656382673839,0.257377592924797,2024.72074183892,2024.74302062867,NA,Central,Central
813,829,0.00152728353759479,-119.285581975756,37.9314548790489,-119.714160905016,38.7802503320231,0.279853352963858,0.278326069426263,2024.74169031543,2024.74321759896,NA,Mississippi,Mississippi
966,967,0.0326891552601096,-112.639797628564,45.4417883592167,-108.595393067353,40.8538811309111,0.28026679014505,0.24757763488494,2024.71094188088,2024.74363103614,NA,Pacific,Pacific
1057,1058,0.00386416955660218,-105.35124255145,38.8911829090426,-105.713171258883,38.3629386030656,0.280888940917549,0.277024771360947,2024.74038901736,2024.74425318692,NA,Central,Central
710,713,0.079682408026994,-104.497637048458,35.913649210918,-104.472623107995,35.8512314220549,0.281087647110821,0.201405239083827,2024.66476948508,2024.74445189311,NA,Pacific,Pacific
1007,1008,0.0483739788711623,-111.325696502037,34.934140300353,-101.396885306023,31.4988019365622,0.281138358303008,0.232764379431846,2024.69612862543,2024.7445026043,NA,Central,Pacific
708,709,0.0836476748836938,-104.66738996168,37.2264287737744,-109.008794457382,33.2897684645487,0.281520994622745,0.197873319739051,2024.66123756574,2024.74488524062,NA,Pacific,Central
943,945,0.0223479146503376,-99.5304898778784,30.8541036622652,-99.2635159185909,30.8728549504047,0.282317825455768,0.259969910805431,2024.72333415681,2024.74568207146,NA,Mississippi,Mississippi
1037,1038,0.0124660072605018,-105.670536950003,32.0588791694853,-105.703168727761,32.0558890038068,0.282368508095096,0.269902500834594,2024.73326674683,2024.74573275409,NA,Mississippi,Mississippi
1337,1338,0.0220235958432637,-112.894968133358,40.0939106151513,-109.853613090834,41.099677040103,0.283244560774373,0.261220964931109,2024.72458521093,2024.74660880677,NA,Pacific,Pacific
1348,1349,0.00395684030895138,-121.048176190213,39.6783181022908,-120.376258223056,39.1331476429599,0.283613222982791,0.279656382673839,2024.74302062867,2024.74697746898,NA,Central,Central
931,932,0.0195304190014052,-98.868170577148,34.3526704310934,-96.1770864358726,33.8786256368294,0.283950035478788,0.264419616477383,2024.72778386248,2024.74731428148,NA,Mississippi,Mississippi
956,957,0.0202081625445063,-107.186594962639,33.6783425386556,-106.552571424231,33.0686210741632,0.283986001749963,0.263777839205456,2024.72714208521,2024.74735024775,NA,Mississippi,Mississippi
1028,1032,0.0355714367576379,-115.599855364318,38.2028058515803,-117.944366032133,40.1513733489268,0.284221590893451,0.248650154135813,2024.71201440014,2024.74758583689,NA,Central,Central
701,702,0.0128360325984656,-103.267461477324,32.0037280665953,-103.277405980603,32.0019305679516,0.284448828132688,0.271612795534223,2024.73497704153,2024.74781307413,NA,Pacific,Pacific
1331,1332,0.0127774980991682,-119.231748885401,45.7854159041508,-113.932586067449,40.1218288904171,0.285196131739555,0.272418633640386,2024.73578287964,2024.74856037774,NA,Central,Mississippi
699,700,0.0165388920782323,-101.292680463795,37.4186058411926,-94.0605644902247,42.5789383134632,0.285695653933298,0.269156761855065,2024.73252100785,2024.74905989993,NA,Pacific,Central
1001,1002,0.0237150672193227,-110.998784399672,33.538917316715,-110.931304214527,34.2114735440616,0.28586985725983,0.262154790040507,2024.72551903604,2024.74923410326,NA,Central,Central
1028,1029,0.0384391369191532,-115.599855364318,38.2028058515803,-118.720864562652,41.2043433521556,0.287089291054967,0.248650154135813,2024.71201440014,2024.75045353705,NA,Central,Central
886,892,0.0198327599646193,-93.8386263645801,34.9341262478998,-108.398364116818,33.4599830808584,0.287960272453079,0.26812751248846,2024.73149175849,2024.75132451845,NA,Mississippi,Atlantic
892,895,0.00131812994360336,-108.398364116818,33.4599830808584,-107.85503518164,33.8245970891321,0.289278402396683,0.287960272453079,2024.75132451845,2024.7526426484,NA,Atlantic,Atlantic
886,887,0.0213332897250258,-93.8386263645801,34.9341262478998,-94.5637775381739,34.0656574305705,0.289460802213486,0.26812751248846,2024.73149175849,2024.75282504821,NA,Mississippi,Mississippi
1113,1121,0.031641336783637,-119.551455451452,39.5421168223886,-119.427020018954,38.679194215778,0.289563668818671,0.257922332035034,2024.72128657803,2024.75292791482,NA,Pacific,Pacific
945,946,0.00811619204855729,-99.2635159185909,30.8728549504047,-97.8144561131512,29.8482856801857,0.290434017504326,0.282317825455768,2024.74568207146,2024.7537982635,NA,Mississippi,Mississippi
1068,1069,0.0239907867891047,-116.567376801582,38.211038465073,-120.211083976074,36.3276331055364,0.290996503849142,0.267005717060038,2024.73036996306,2024.75436074985,NA,Central,Central
864,865,0.0150483335364027,-94.0119870608048,30.8970324238967,-97.0633782950734,30.3625574620134,0.291000345144852,0.275952011608449,2024.73931625761,2024.75436459114,NA,Mississippi,Mississippi
915,921,0.0208250777154446,-95.7106959489804,34.7289668563083,-95.1765001767642,34.522728422341,0.291338582808683,0.270513505093238,2024.73387775109,2024.75470282881,NA,Mississippi,Mississippi
1338,1339,0.00836686219856375,-109.853613090834,41.099677040103,-109.439992148011,42.6447430925987,0.291611422972937,0.283244560774373,2024.74660880677,2024.75497566897,NA,Pacific,Pacific
1042,1043,0.0220164827940441,-105.458908230983,32.5428113014813,-107.529529936055,32.6058373908291,0.291990352699654,0.26997386990561,2024.73333811591,2024.7553545987,NA,Mississippi,Mississippi
857,859,0.0311674980031564,-94.4915050157197,30.9139975847029,-96.7036590668106,30.7721581786627,0.292060777124867,0.26089327912171,2024.72425752512,2024.75542502312,NA,Mississippi,Mississippi
1326,1327,0.0363147621993269,-117.379553163523,37.5965746173453,-109.916432320432,31.372340250872,0.292575772440678,0.256261010241351,2024.71962525624,2024.75594001844,NA,Central,Mississippi
701,703,0.0217155571513423,-103.267461477324,32.0037280665953,-108.604992922058,34.0894031085731,0.293328352685565,0.271612795534223,2024.73497704153,2024.75669259869,NA,Pacific,Pacific
843,844,0.0269222770672852,-114.067026364959,43.4762466848188,-115.302780969987,42.6940909314823,0.293778763426535,0.26685648635925,2024.73022073236,2024.75714300943,NA,Mississippi,Mississippi
872,873,0.0167508306737796,-92.2317522217547,30.9062900090708,-93.1482566179882,30.5616792696951,0.294505885932693,0.277755055258914,2024.74111930126,2024.75787013193,NA,Mississippi,Mississippi
1010,1011,0.0576598097329886,-111.052532439784,35.0737717728644,-107.540909918965,35.9286715778776,0.294549292689877,0.236889482956888,2024.70025372896,2024.75791353869,NA,Central,Central
814,827,0.0159932228131356,-119.511261753633,37.6696559889475,-120.269537284285,39.451078019039,0.294976821113498,0.278983598300363,2024.7423478443,2024.75834106711,NA,Mississippi,Mississippi
1002,1004,0.010231522518972,-110.931304214527,34.2114735440616,-109.252685050807,36.4644716794937,0.296101379778802,0.28586985725983,2024.74923410326,2024.75946562578,NA,Central,Central
723,724,0.00254885986037845,-75.7629785459067,42.3671227577939,-74.7037275086864,42.0683908809443,0.296549044061677,0.294000184201299,2024.7573644302,2024.75991329006,NA,Atlantic,Atlantic
864,867,0.0207218762575641,-94.0119870608048,30.8970324238967,-93.7710686183832,31.0413529243705,0.296673887866013,0.275952011608449,2024.73931625761,2024.76003813387,NA,Mississippi,Mississippi
1115,1116,0.032836422109547,-119.571600977977,40.2414922890236,-116.099468134454,35.7406183793464,0.297406007317522,0.264569585207975,2024.72793383121,2024.76077025332,NA,Pacific,Central
1339,1340,0.00588034248640068,-109.439992148011,42.6447430925987,-109.749894513495,42.9495223501541,0.297491765459337,0.291611422972937,2024.75497566897,2024.76085601146,NA,Pacific,Pacific
1057,1059,0.0209790546063056,-105.35124255145,38.8911829090426,-105.561972028055,39.1386231923289,0.298003825967253,0.277024771360947,2024.74038901736,2024.76136807197,NA,Central,Central
1322,1323,0.0294728719024799,-120.943500403961,38.3825217617709,-108.892991225322,34.0890635876367,0.298358822174878,0.268885950272398,2024.73225019627,2024.76172306817,NA,Pacific,Central
995,996,0.0206547690094669,-111.017290957145,35.0556004450229,-112.742223650306,34.4703570306795,0.299094224928024,0.278439455918557,2024.74180370192,2024.76245847093,NA,Central,Central
996,997,0.000144481650782291,-112.742223650306,34.4703570306795,-112.738316482151,34.4660267349383,0.299238706578806,0.299094224928024,2024.76245847093,2024.76260295258,NA,Central,Central
967,968,0.0196055471499683,-108.595393067353,40.8538811309111,-109.999217065696,37.8356093292401,0.299872337295018,0.28026679014505,2024.74363103614,2024.76323658329,NA,Pacific,Pacific
682,683,0.198489027687344,-107.945752337452,36.6363132358484,-95.697868608283,37.1029399161158,0.301796136084977,0.103307108397632,2024.5666713544,2024.76516038208,NA,Pacific,Pacific
690,692,0.0811048595078407,-107.153034246159,34.1023970016589,-99.4883870319649,35.8578386074148,0.301829480677078,0.220724621169237,2024.68408886717,2024.76519372668,NA,Pacific,Pacific
963,964,0.0924576063446092,-110.779342451793,35.4807069626088,-104.521701470993,35.0701051747065,0.301893645665742,0.209436039321133,2024.67280028532,2024.76525789167,NA,Central,Central
1043,1046,0.0103658700759997,-107.529529936055,32.6058373908291,-106.72327731214,33.2920269331988,0.302356222775654,0.291990352699654,2024.7553545987,2024.76572046878,NA,Mississippi,Mississippi
1004,1005,0.00646399433795541,-109.252685050807,36.4644716794937,-108.52495444005,36.2252524813686,0.302565374116757,0.296101379778802,2024.75946562578,2024.76592962012,NA,Central,Central
1349,1350,0.0190429421380234,-120.376258223056,39.1331476429599,-119.599450107911,38.8628845082455,0.302656165120814,0.283613222982791,2024.74697746898,2024.76602041112,NA,Central,Central
1133,1134,0.0409461580043666,-118.618236584769,40.0103381250435,-119.867445164903,40.3581234330752,0.304850210379278,0.263904052374912,2024.72726829837,2024.76821445638,NA,Pacific,Pacific
945,950,0.0239583303497382,-99.2635159185909,30.8728549504047,-98.2958135148221,30.3092087321933,0.306276155805506,0.282317825455768,2024.74568207146,2024.76964040181,NA,Mississippi,Mississippi
1323,1324,0.0105848882783666,-108.892991225322,34.0890635876367,-108.17059018841,34.0542052484202,0.308943710453244,0.298358822174878,2024.76172306817,2024.77230795645,NA,Central,Central
801,812,0.0535716562444963,-117.789893725232,44.8283611793507,-107.151265401235,38.0940136358448,0.309233291528418,0.255661635283922,2024.71902588128,2024.77259753753,NA,Mississippi,Central
720,799,0.0573136246467749,-117.524544772327,36.7864691894989,-115.526451490686,43.9051125510122,0.309400299682306,0.252086675035531,2024.71545092104,2024.77276454568,NA,Mississippi,Mississippi
1059,1060,0.0138329458442303,-105.561972028055,39.1386231923289,-104.547287037783,37.0604423785349,0.311836771811483,0.298003825967253,2024.76136807197,2024.77520101781,NA,Central,Central
696,698,0.0385181815299396,-103.602338004062,33.4873597264865,-104.552318650741,30.0754463317395,0.314752421712576,0.276234240182637,2024.73959848618,2024.77811666771,NA,Pacific,Pacific
1069,1070,0.0238483384660346,-120.211083976074,36.3276331055364,-120.168833586433,37.7435409313398,0.314844842315177,0.290996503849142,2024.75436074985,2024.77820908831,NA,Central,Central
1138,1139,0.0445709612312239,-119.449456982928,43.168456774428,-109.818898305958,39.5762601518817,0.314951429725622,0.270380468494398,2024.73374471449,2024.77831567573,NA,Central,Central
718,4,0.0662498937448479,-106.442571245065,38.2550232408218,-104.922918765675,34.2517262159699,0.315324278590307,0.24907438484546,2024.71243863085,2024.77868852459,SRR34491317|A/mallard/NV/24-030919-002/2024|H5N1|USA-NV|Churchill|2024-10-12|wild_avian|D1.1,Pacific,Pacific
895,897,0.0291988151033298,-107.85503518164,33.8245970891321,-108.537044737586,33.9960418540206,0.318477217500012,0.289278402396683,2024.7526426484,2024.7818414635,NA,Atlantic,Atlantic
702,252,0.0390721717692248,-103.277405980603,32.0019305679516,-113.364170012748,33.8904136523448,0.323520999901913,0.284448828132688,2024.74781307413,2024.7868852459,SRR34491564|A/northern_pintail/WA/24-030720-008/2024|H5N1|USA-WA|Grant|2024-10-15|wild_avian|D1.1,Pacific,Pacific
873,875,0.0300623357554164,-93.1482566179882,30.5616792696951,-92.334022459543,31.6909450106648,0.32456822168811,0.294505885932693,2024.75787013193,2024.78793246769,NA,Mississippi,Mississippi
1060,1061,0.0128465823817125,-104.547287037783,37.0604423785349,-103.382940299077,38.2740768031164,0.324683354193196,0.311836771811483,2024.77520101781,2024.78804760019,NA,Central,Mississippi
867,868,0.0284202908793509,-93.7710686183832,31.0413529243705,-89.5461097994142,31.1595295655557,0.325094178745364,0.296673887866013,2024.76003813387,2024.78845842475,NA,Mississippi,Mississippi
872,881,0.0478313999025748,-92.2317522217547,30.9062900090708,-96.0510691859258,36.4686997363219,0.325586455161489,0.277755055258914,2024.74111930126,2024.78895070116,NA,Mississippi,Mississippi
723,765,0.0319728143892617,-75.7629785459067,42.3671227577939,-74.443016021689,43.412059802318,0.325972998590561,0.294000184201299,2024.7573644302,2024.78933724459,NA,Atlantic,Atlantic
716,717,0.0842658547218791,-103.281729561559,40.4102928653522,-106.969768506982,39.6810817022046,0.326171535720871,0.241905680998992,2024.705269927,2024.78953578172,NA,Central,Pacific
1002,1003,0.040365471964803,-110.931304214527,34.2114735440616,-110.398381233226,35.5605133144837,0.326235329224633,0.28586985725983,2024.74923410326,2024.78959957522,NA,Central,Central
1340,1341,0.0300959104613365,-109.749894513495,42.9495223501541,-109.868539713146,42.934552817026,0.327587675920674,0.297491765459337,2024.76085601146,2024.79095192192,NA,Pacific,Pacific
724,732,0.0324785639301088,-74.7037275086864,42.0683908809443,-75.3855117186287,41.4632436747345,0.329027607991786,0.296549044061677,2024.75991329006,2024.79239185399,NA,Atlantic,Atlantic
995,998,0.0511610255375914,-111.017290957145,35.0556004450229,-109.497617955305,36.4332024170855,0.329600481456148,0.278439455918557,2024.74180370192,2024.79296472746,NA,Central,Central
732,733,0.000759282235522463,-75.3855117186287,41.4632436747345,-75.1670568714749,41.2554998763486,0.329786890227309,0.329027607991786,2024.79239185399,2024.79315113623,NA,Atlantic,Atlantic
732,743,0.00119011564583005,-75.3855117186287,41.4632436747345,-75.3572390081823,41.4131843464932,0.330217723637616,0.329027607991786,2024.79239185399,2024.79358196964,NA,Atlantic,Atlantic
957,958,0.0463521836015395,-106.552571424231,33.0686210741632,-107.463644559853,33.0410720655343,0.330338185351502,0.283986001749963,2024.74735024775,2024.79370243135,NA,Mississippi,Mississippi
1032,1033,0.0466218211141269,-117.944366032133,40.1513733489268,-117.697600568924,40.146182710849,0.330843412007578,0.284221590893451,2024.74758583689,2024.79420765801,NA,Central,Central
1350,1351,0.0285201514815276,-119.599450107911,38.8628845082455,-122.558328651621,39.3404209701247,0.331176316602342,0.302656165120814,2024.76602041112,2024.7945405626,NA,Central,Central
829,830,0.0516347732901536,-119.714160905016,38.7802503320231,-107.209944801531,46.4857321760115,0.331488126254012,0.279853352963858,2024.74321759896,2024.79485237225,NA,Mississippi,Central
703,705,0.0387356874761347,-108.604992922058,34.0894031085731,-108.615873785536,33.8107731141754,0.3320640401617,0.293328352685565,2024.75669259869,2024.79542828616,NA,Pacific,Pacific
743,744,0.00218701519959685,-75.3572390081823,41.4131843464932,-74.3652179608933,39.7487193033175,0.332404738837213,0.330217723637616,2024.79358196964,2024.79576898484,NA,Atlantic,Atlantic
921,923,0.041099588873712,-95.1765001767642,34.522728422341,-93.2447880938666,36.4795537404607,0.332438171682395,0.291338582808683,2024.75470282881,2024.79580241768,NA,Mississippi,Mississippi
1046,1047,0.0302420849381877,-106.72327731214,33.2920269331988,-106.979830166982,36.9168707226323,0.332598307713841,0.302356222775654,2024.76572046878,2024.79596255371,NA,Mississippi,Mississippi
998,1000,0.00358247625145336,-109.497617955305,36.4332024170855,-108.226310885687,35.7983374666158,0.333182957707602,0.329600481456148,2024.79296472746,2024.79654720371,NA,Central,Central
867,870,0.0375240515291562,-93.7710686183832,31.0413529243705,-95.5321389740385,31.2250187765633,0.334197939395169,0.296673887866013,2024.76003813387,2024.7975621854,NA,Mississippi,Mississippi
711,241,0.0994050886226543,-107.615422798985,35.2476951476191,-119.647037221812,41.6794595041108,0.334449961650418,0.235044873027764,2024.69840911903,2024.79781420765,SRR34491467|A/mallard/WA/24-031817-001/2024|H5N1|USA-WA|Grant|2024-10-19|wild_avian|D1.1,Central,Pacific
1322,615,0.06556401137802,-120.943500403961,38.3825217617709,-111.081217248283,37.3440012497461,0.334449961650418,0.268885950272398,2024.73225019627,2024.79781420765,SRR34491407|A/american_white_pelican/CA/24-031867-001/2024|H5N1|USA-CA|San_Diego|2024-10-19|wild_avian|D1.1,Pacific,Pacific
1335,558,0.0557810359555757,-119.746820338487,45.6672364914281,-104.344919154001,39.4340777976548,0.334449961650418,0.278668925694842,2024.74203317169,2024.79781420765,SRR36628568|A/green_winged_teal/MT/24-031811-004/2024|H5N1|USA-MT|Broadwater|2024-10-19|wild_avian|D1.1,Central,Pacific
1029,1030,0.0481117567778122,-118.720864562652,41.2043433521556,-121.325901528438,36.9635964923744,0.335201047832779,0.287089291054967,2024.75045353705,2024.79856529383,NA,Central,Central
1059,1065,0.0380355175071452,-105.561972028055,39.1386231923289,-107.820822025815,39.5700464474701,0.336039343474398,0.298003825967253,2024.76136807197,2024.79940358947,NA,Central,Central
928,929,0.0617278763973674,-97.1105022185118,35.2798704267173,-96.7686587145592,34.8644644970784,0.336854161081252,0.275126284683885,2024.73849053068,2024.80021840708,NA,Mississippi,Mississippi
972,974,0.0714187381564182,-109.794174195114,34.8031253979045,-118.597193934673,34.5756883346356,0.339582327815763,0.268163589659345,2024.73152783566,2024.80294657382,NA,Central,Central
775,789,0.0280562052958042,-78.8451284591446,41.7777748426821,-77.9132359142076,42.2039762878481,0.339868487602084,0.31181228230628,2024.77517652831,2024.8032327336,NA,Atlantic,Atlantic
1019,285,0.0611707685679501,-115.459179207813,47.9164022154273,-122.610148022477,46.9969381670782,0.339914442524898,0.278743673956948,2024.74210791996,2024.80327868852,SRR34491396|A/cackling_goose/OR/24-031821-001/2024|H5N1|USA-OR|Marion|2024-10-21|wild_avian|D1.1,Pacific,Pacific
724,725,0.043638865680887,-74.7037275086864,42.0683908809443,-74.2872651116218,42.6744085519763,0.340187909742564,0.296549044061677,2024.75991329006,2024.80355215574,NA,Atlantic,Atlantic
857,858,0.0800094582960287,-94.4915050157197,30.9139975847029,-99.6518493512092,28.1082363125613,0.340902737417739,0.26089327912171,2024.72425752512,2024.80426698342,NA,Mississippi,Mississippi
1001,1006,0.0787656255195528,-110.998784399672,33.538917316715,-109.754865649526,32.8057741892944,0.34092041556006,0.262154790040507,2024.72551903604,2024.80428466156,NA,Central,Central
1324,1325,0.0322889874427745,-108.17059018841,34.0542052484202,-111.011656733936,35.4341425706141,0.341232697896019,0.308943710453244,2024.77230795645,2024.8045969439,NA,Central,Central
873,874,0.0476297847042624,-93.1482566179882,30.5616792696951,-91.9522518369248,31.9295756675558,0.342135670636956,0.294505885932693,2024.75787013193,2024.80549991664,NA,Mississippi,Mississippi
923,924,0.00978663748730746,-93.2447880938666,36.4795537404607,-91.782155262008,38.8266618416799,0.342224809169702,0.332438171682395,2024.79580241768,2024.80558905517,NA,Mississippi,Mississippi
1114,588,0.0801191298286961,-119.744177927456,40.0180913781637,-104.445207712602,37.6391645333844,0.342646682962024,0.262527553133328,2024.72589179913,2024.80601092896,SRR34491351|A/canada_goose/OR/24-033934-001/2024|H5N1|USA-OR|Lincoln|2024-10-22|wild_avian|D1.1,Pacific,Pacific
1038,1039,0.0628633955947282,-105.703168727761,32.0558890038068,-84.2322924038871,31.5918070407625,0.345231903689824,0.282368508095096,2024.74573275409,2024.80859614969,NA,Mississippi,Pacific
1338,1343,0.0622470211764345,-109.853613090834,41.099677040103,-110.381671919025,40.7082659254192,0.345491581950808,0.283244560774373,2024.74660880677,2024.80885582795,NA,Pacific,Pacific
1327,1328,0.053015351702423,-109.916432320432,31.372340250872,-107.125298406947,36.1194815893598,0.345591124143101,0.292575772440678,2024.75594001844,2024.80895537014,NA,Mississippi,Central
775,776,0.0353627541607853,-78.8451284591446,41.7777748426821,-82.3812428101525,37.743256223856,0.347175036467065,0.31181228230628,2024.77517652831,2024.81053928247,NA,Atlantic,Atlantic
881,883,0.0222064627096352,-96.0510691859258,36.4686997363219,-96.1009443276085,36.1164531964819,0.347792917871124,0.325586455161489,2024.78895070116,2024.81115716387,NA,Mississippi,Mississippi
700,249,0.0624155099029784,-94.0605644902247,42.5789383134632,-88.6139149817324,31.9437339016976,0.348111163836276,0.285695653933298,2024.74905989993,2024.81147540984,SRR34491527|A/american_coot/MN/24-032215-004/2024|H5N1|USA-MN|Itasca|2024-10-24|wild_avian|D1.1,Central,Mississippi
700,250,0.0624155099029784,-94.0605644902247,42.5789383134632,-95.8943761823884,30.3744627838241,0.348111163836276,0.285695653933298,2024.74905989993,2024.81147540984,SRR34491441|A/american_coot/MN/24-032215-006/2024|H5N1|USA-MN|Itasca|2024-10-24|wild_avian|D1.1,Central,Mississippi
801,802,0.0953254672666672,-117.789893725232,44.8283611793507,-115.95325539561,48.7160545784222,0.350987102550589,0.255661635283922,2024.71902588128,2024.81435134855,NA,Mississippi,Mississippi
887,890,0.063039741223089,-94.5637775381739,34.0656574305705,-94.4670891369711,34.368727643719,0.352500543436575,0.289460802213486,2024.75282504821,2024.81586478944,NA,Mississippi,Mississippi
890,891,0.000196451999250558,-94.4670891369711,34.368727643719,-94.531028260126,33.921855447598,0.352696995435825,0.352500543436575,2024.81586478944,2024.81606124144,NA,Mississippi,Mississippi
776,779,0.00579020848598533,-82.3812428101525,37.743256223856,-82.1471975127456,38.496328986853,0.35296524495305,0.347175036467065,2024.81053928247,2024.81632949095,NA,Atlantic,Atlantic
1011,676,0.0590263520206515,-107.540909918965,35.9286715778776,-86.409518376651,38.886192057884,0.353575644710528,0.294549292689877,2024.75791353869,2024.81693989071,SRR36617365|A/mallard_duck/CA/24-032544-016/2024|H5N1|USA-CA|Yolo|2024-10-26|wild_avian|D1.1,Central,Pacific
1060,1064,0.0417672858502083,-104.547287037783,37.0604423785349,-101.625500608623,42.849287116791,0.353604057661691,0.311836771811483,2024.77520101781,2024.81696830366,NA,Central,Central
1017,1018,0.0922659063092151,-118.653595206061,35.8589231999442,-109.218709956443,37.9223066518603,0.354572255848711,0.262306349539495,2024.72567059554,2024.81793650185,NA,Central,Pacific
779,780,0.00203503425128893,-82.1471975127456,38.496328986853,-81.6288906717679,37.3904948137642,0.355000279204339,0.35296524495305,2024.81632949095,2024.8183645252,NA,Atlantic,Atlantic
870,871,0.0220202454772491,-95.5321389740385,31.2250187765633,-94.9541327205073,32.2850143470598,0.356218184872418,0.334197939395169,2024.7975621854,2024.81958243087,NA,Mississippi,Mississippi
1069,1102,0.0674412717569328,-120.211083976074,36.3276331055364,-103.849375554625,46.3675359480738,0.358437775606075,0.290996503849142,2024.75436074985,2024.82180202161,NA,Central,Atlantic
1341,1342,0.0310250543599817,-109.868539713146,42.934552817026,-109.486355184685,42.5989608373301,0.358612730280656,0.327587675920674,2024.79095192192,2024.82197697628,NA,Pacific,Pacific
1041,1067,0.0970236653000622,-105.449426552548,32.541156475937,-106.534972845662,33.6368596968682,0.361775462763054,0.264751797462992,2024.72811604346,2024.82513970876,NA,Mississippi,Mississippi
699,251,0.0953478446041951,-101.292680463795,37.4186058411926,-100.568431515267,40.4412760228461,0.364504606459261,0.269156761855065,2024.73252100785,2024.82786885246,SRR34491342|A/bald_eagle/MT/24-033248-001/2024|H5N1|USA-MT|Flathead|2024-10-30|wild_avian|D1.1,Pacific,Pacific
725,731,0.0276472890170434,-74.2872651116218,42.6744085519763,-77.350888955355,41.2649516729253,0.367835198759608,0.340187909742564,2024.80355215574,2024.83119944476,NA,Atlantic,Atlantic
915,916,0.0979779001726149,-95.7106959489804,34.7289668563083,-94.5425548859516,33.5488395438228,0.368491405265853,0.270513505093238,2024.73387775109,2024.83185565127,NA,Mississippi,Mississippi
1139,1142,0.0536689672911972,-109.818898305958,39.5762601518817,-111.552831412366,34.2881807688053,0.368620397016819,0.314951429725622,2024.77831567573,2024.83198464302,NA,Central,Central
977,978,0.109633744836995,-111.383022089111,34.3032259446339,-114.6723130993,35.7943831736453,0.368932872350487,0.259299127513492,2024.72266337351,2024.83229711835,NA,Central,Central
713,238,0.0888814402226916,-104.472623107995,35.8512314220549,-100.878406800811,37.9563943631228,0.369969087333513,0.281087647110821,2024.74445189311,2024.83333333333,SRR36617768|A/great_horned_owl/WY/24-033104-001/2024|H5N1|USA-WY|Albany|2024-11-01|wild_avian|D1.1,Pacific,Central
683,278,0.0681729512485363,-95.697868608283,37.1029399161158,-91.0061729505028,38.7637668617785,0.369969087333513,0.301796136084977,2024.76516038208,2024.83333333333,SRR36628797|A/northern_shoveler/NV/24-033106-004/2024|H5N1|USA-NV|Churchill|2024-11-01|wild_avian|D1.1,Pacific,Pacific
1012,1013,0.116037363053104,-110.557423775272,34.6000397853537,-105.343656865827,32.0773911262619,0.370672165789393,0.254634802736289,2024.71799904874,2024.83403641179,NA,Central,Mississippi
1133,610,0.108797275395727,-118.618236584769,40.0103381250435,-110.327971410865,46.7758165326274,0.372701327770639,0.263904052374912,2024.72726829837,2024.83606557377,SRR34491330|A/canada_goose/OR/24-033933-001/2024|H5N1|USA-OR|Crook|2024-11-02|wild_avian|D1.1,Pacific,Pacific
967,629,0.0924345376255895,-108.595393067353,40.8538811309111,-116.227679835076,36.824276090065,0.372701327770639,0.28026679014505,2024.74363103614,2024.83606557377,SRR34491332|A/mallard/NV/24-033109-013/2024|H5N1|USA-NV|Churchill|2024-11-02|wild_avian|D1.1,Pacific,Pacific
950,951,0.0677631284259759,-98.2958135148221,30.3092087321933,-103.741631381326,33.757324779347,0.374039284231482,0.306276155805506,2024.76964040181,2024.83740353023,NA,Mississippi,Mississippi
978,979,0.0051226525246586,-114.6723130993,35.7943831736453,-115.902120525548,35.0610520489735,0.374055524875145,0.368932872350487,2024.83229711835,2024.83741977087,NA,Central,Mississippi
1008,1009,0.0945326483612705,-101.396885306023,31.4988019365622,-94.5185863294444,35.0141539661563,0.375671006664279,0.281138358303008,2024.7445026043,2024.83903525266,NA,Pacific,Pacific
827,828,0.0816130894870597,-120.269537284285,39.451078019039,-119.991682735843,41.7951523754905,0.376589910600558,0.294976821113498,2024.75834106711,2024.8399541566,NA,Mississippi,Mississippi
951,952,0.00265698114370605,-103.741631381326,33.757324779347,-103.539690949892,33.9685787976668,0.376696265375188,0.374039284231482,2024.83740353023,2024.84006051137,NA,Mississippi,Mississippi
703,704,0.0840755224849625,-108.604992922058,34.0894031085731,-108.639627062437,33.9631293587768,0.377403875170528,0.293328352685565,2024.75669259869,2024.84076812117,NA,Pacific,Pacific
881,882,0.0547065918653993,-96.0510691859258,36.4686997363219,-107.110705735039,36.0156204173636,0.380293047026888,0.325586455161489,2024.78895070116,2024.84365729303,NA,Mississippi,Atlantic
1142,1209,0.0122580208422456,-111.552831412366,34.2881807688053,-113.238184414193,35.9429378700719,0.380878417859065,0.368620397016819,2024.83198464302,2024.84424266386,NA,Central,Central
1339,594,0.0892866261093082,-109.439992148011,42.6447430925987,-101.403416345043,41.8173212300931,0.380898049082245,0.291611422972937,2024.75497566897,2024.84426229508,SRR34491322|A/green_winged_teal/WA/24-033431-002/2024|H5N1|USA-WA|Grant|2024-11-05|wild_avian|D1.1,Pacific,Pacific
865,866,0.0904391394480613,-97.0633782950734,30.3625574620134,-98.0441485408255,30.883121037904,0.381439484592913,0.291000345144852,2024.75436459114,2024.84480373059,NA,Mississippi,Mississippi
946,948,0.0943537741588831,-97.8144561131512,29.8482856801857,-95.1050295497382,34.2941324223519,0.384787791663209,0.290434017504326,2024.7537982635,2024.84815203766,NA,Mississippi,Mississippi
1019,286,0.10761885599955,-115.459179207813,47.9164022154273,-109.219671252114,44.5836659800896,0.386362529956497,0.278743673956948,2024.74210791996,2024.84972677596,SRR34491321|A/cackling_goose/OR/24-033931-001/2024|H5N1|USA-OR|Washington|2024-11-07|wild_avian|D1.1,Pacific,Pacific
709,243,0.104841535333752,-109.008794457382,33.2897684645487,-112.147319415833,33.4436355515294,0.386362529956497,0.281520994622745,2024.74488524062,2024.84972677596,SRR34491320|A/ross_s_goose/ND/24-034667-001/2024|H5N1|USA-ND|Divide|2024-11-07|wild_avian|D1.1,Central,Central
924,925,0.044408111900585,-91.782155262008,38.8266618416799,-88.718474746878,38.4564802750044,0.386632921070287,0.342224809169702,2024.80558905517,2024.84999716707,NA,Mississippi,Mississippi
1047,1055,0.0549569739071629,-106.979830166982,36.9168707226323,-96.8629864973628,38.5467769157395,0.387555281621004,0.332598307713841,2024.79596255371,2024.85091952762,NA,Mississippi,Mississippi
838,2,0.151254863415873,-100.390675644669,31.8676967972664,-81.1025935833391,35.6350080715475,0.389094770393623,0.23783990697775,2024.70120415298,2024.85245901639,SRR36628420|A/blue_winged_teal/TX/24-037863-008/2024|H5N1|USA-TX|Chambers|2024-11-08|wild_avian|D1.1,Pacific,Central
964,624,0.087201124727881,-104.521701470993,35.0701051747065,-92.9854195221388,43.3071091244138,0.389094770393623,0.301893645665742,2024.76525789167,2024.85245901639,SRR36617252|A/green_winged_teal/TX/24-037863-003/2024|H5N1|USA-TX|Chambers|2024-11-08|wild_avian|D1.1,Central,Central
887,888,0.100563272893267,-94.5637775381739,34.0656574305705,-104.393005859386,44.5400489987819,0.390024075106753,0.289460802213486,2024.75282504821,2024.85338832111,NA,Mississippi,Atlantic
848,849,0.128161884368752,-114.06681495756,37.1019168103809,-119.510806617366,34.8448730677467,0.390139347342093,0.261977462973341,2024.72534170897,2024.85350359334,NA,Central,Central
1121,1128,0.101838078019016,-119.427020018954,38.679194215778,-110.628970386371,40.9192902573793,0.391401746837687,0.289563668818671,2024.75292791482,2024.85476599284,NA,Pacific,Central
830,831,0.0599425775290732,-107.209944801531,46.4857321760115,-114.238204937302,44.4380705645675,0.391430703783085,0.331488126254012,2024.79485237225,2024.85479494978,NA,Central,Pacific
975,671,0.13958722722118,-111.726950181744,34.0013240397685,-115.123250114442,37.5198948257651,0.39182701083075,0.25223978360957,2024.71560402961,2024.85519125683,SRR36628704|A/green_winged_teal/OK/24-034551-041/2024|H5N1|USA-OK|Sequoyah|2024-11-09|wild_avian|D1.1,Central,Central
846,274,0.137576567229628,-113.620309268869,37.5718829329861,-119.662661286904,41.5937320655205,0.39182701083075,0.254250443601122,2024.7176146896,2024.85519125683,SRR34491500|A/green_winged_teal/OK/24-034551-045/2024|H5N1|USA-OK|Sequoyah|2024-11-09|wild_avian|D1.1,Central,Central
1037,549,0.121924509996155,-105.670536950003,32.0588791694853,-103.956361345233,33.8831017839876,0.39182701083075,0.269902500834594,2024.73326674683,2024.85519125683,SRR34491499|A/green_winged_teal/KS/24-034556-004/2024|H5N1|USA-KS|Crawford|2024-11-09|wild_avian|D1.1,Mississippi,Central
1005,655,0.0892616367139922,-108.52495444005,36.2252524813686,-108.046884851935,35.3508194024283,0.39182701083075,0.302565374116757,2024.76592962012,2024.85519125683,SRR34491498|A/green_winged_teal/KS/24-034557-008/2024|H5N1|USA-KS|Neosho|2024-11-09|wild_avian|D1.1,Central,Central
765,773,0.0671024156456335,-74.443016021689,43.412059802318,-75.181264529694,42.9587923273704,0.393075414236194,0.325972998590561,2024.78933724459,2024.85643966024,NA,Atlantic,Atlantic
776,777,0.0459607882656843,-82.3812428101525,37.743256223856,-81.9743406575429,38.4360879827442,0.393135824732749,0.347175036467065,2024.81053928247,2024.85650007073,NA,Atlantic,Atlantic
1102,1103,0.0353821556900367,-103.849375554625,46.3675359480738,-103.924945366579,46.8365924153267,0.393819931296112,0.358437775606075,2024.82180202161,2024.8571841773,NA,Atlantic,Atlantic
1209,1210,0.0132440497886677,-113.238184414193,35.9429378700719,-113.221169163607,35.6706200491083,0.394122467647733,0.380878417859065,2024.84424266386,2024.85748671365,NA,Central,Central
841,842,0.134410080025476,-114.361664498595,43.2593759224959,-122.621580792982,43.2057020992016,0.394169214765151,0.259759134739675,2024.72312338074,2024.85753346076,NA,Mississippi,Central
789,790,0.055167562124691,-77.9132359142076,42.2039762878481,-76.9597376849614,42.0237097257826,0.395036049726775,0.339868487602084,2024.8032327336,2024.85840029573,NA,Atlantic,Atlantic
1043,1044,0.103619063738183,-107.529529936055,32.6058373908291,-107.511302970628,32.6146260516498,0.395609416437837,0.291990352699654,2024.7553545987,2024.85897366244,NA,Mississippi,Mississippi
1102,1104,0.0376940663661174,-103.849375554625,46.3675359480738,-100.959579698199,45.8880163686098,0.396131841972193,0.358437775606075,2024.82180202161,2024.85949608797,NA,Atlantic,Atlantic
979,980,0.0228770678957269,-115.902120525548,35.0610520489735,-116.412356826105,33.4168907461767,0.396932592770872,0.374055524875145,2024.83741977087,2024.86029683877,NA,Mississippi,Central
814,815,0.118148986817421,-119.511261753633,37.6696559889475,-111.58689831314,41.8805669439618,0.397132585117784,0.278983598300363,2024.7423478443,2024.86049683112,NA,Mississippi,Atlantic
779,784,0.0441951470955688,-82.1471975127456,38.496328986853,-82.1545712544552,38.4933079231658,0.397160392048619,0.35296524495305,2024.81632949095,2024.86052463805,NA,Atlantic,Atlantic
979,985,0.0232449420178396,-115.902120525548,35.0610520489735,-116.218990613356,34.1751305580425,0.397300466892985,0.374055524875145,2024.83741977087,2024.86066471289,NA,Mississippi,Central
780,781,0.0441261592722286,-81.6288906717679,37.3904948137642,-83.0011009571574,38.6364820230445,0.399126438476568,0.355000279204339,2024.8183645252,2024.86249068448,NA,Atlantic,Atlantic
980,983,0.00364499531100293,-116.412356826105,33.4168907461767,-116.406643800497,33.8169937078898,0.400577588081875,0.396932592770872,2024.86029683877,2024.86394183408,NA,Central,Central
1104,1107,0.0054859617750258,-100.959579698199,45.8880163686098,-101.58382785816,45.1531073036147,0.401617803747218,0.396131841972193,2024.85949608797,2024.86498204975,NA,Atlantic,Atlantic
916,917,0.0337076754679089,-94.5425548859516,33.5488395438228,-93.7146152082418,29.7584001986793,0.402199080733762,0.368491405265853,2024.83185565127,2024.86556332673,NA,Mississippi,Mississippi
815,816,0.00518906117763196,-111.58689831314,41.8805669439618,-111.537736960805,41.8204695413376,0.402321646295416,0.397132585117784,2024.86049683112,2024.8656858923,NA,Atlantic,Atlantic
921,922,0.110984892663882,-95.1765001767642,34.522728422341,-95.4677701749659,32.2709742940505,0.402323475472565,0.291338582808683,2024.75470282881,2024.86568772147,NA,Mississippi,Mississippi
1030,1031,0.0672480291526836,-121.325901528438,36.9635964923744,-121.044203623555,36.8239935730535,0.402449076985462,0.335201047832779,2024.79856529383,2024.86581332299,NA,Central,Central
1337,577,0.141535007648372,-112.894968133358,40.0939106151513,-114.407739439448,41.5313277160954,0.402755972579482,0.261220964931109,2024.72458521093,2024.86612021858,SRR34491487|A/trumpeter_swan/ID/24-034853-004/2024|H5N1|USA-ID|Jefferson|2024-11-13|wild_avian|D1.1,Pacific,Pacific
713,237,0.12166832546866,-104.472623107995,35.8512314220549,-101.570341336075,33.661100436105,0.402755972579482,0.281087647110821,2024.74445189311,2024.86612021858,SRR34491488|A/trumpeter_swan/ID/24-034853-002/2024|H5N1|USA-ID|Jefferson|2024-11-13|wild_avian|D1.1,Pacific,Pacific
1128,1129,0.0125939105517094,-110.628970386371,40.9192902573793,-111.175337317112,44.0299385598018,0.403995657389397,0.391401746837687,2024.85476599284,2024.86735990339,NA,Central,Central
955,140,0.146841334600532,-103.425613840788,31.083972949921,-111.366453215341,38.3864472825723,0.405488213016608,0.258646878416076,2024.72201112442,2024.86885245902,SRR34491480|A/ring_necked_duck/MN/24-035413-001/2024|H5N1|USA-MN|Cass|2024-11-14|wild_avian|D1.1,Mississippi,Mississippi
958,142,0.0751500276651056,-107.463644559853,33.0410720655343,-99.4684266375254,42.0206849268389,0.405488213016608,0.330338185351502,2024.79370243135,2024.86885245902,SRR34491479|A/canvasback/MN/24-035695-001/2024|H5N1|USA-MN|Wabasha|2024-11-14|wild_avian|D1.1,Mississippi,Mississippi
980,981,0.00979589991044483,-116.412356826105,33.4168907461767,-116.910552851246,32.5761293656478,0.406728492681317,0.396932592770872,2024.86029683877,2024.87009273868,NA,Central,Central
1021,554,0.172610441121034,-114.096031643803,38.5348126602527,-112.702010437645,39.6621210664843,0.408220453453734,0.2356100123327,2024.69897425833,2024.87158469945,SRR36617493|A/golden_eagle/CO/25-010611-001/2024|H5N1|USA-CO|Morgan|2024-11-15|wild_avian|D1.1,Central,Central
717,5,0.0820489177328632,-106.969768506982,39.6810817022046,-106.65257256159,39.1929455442955,0.408220453453734,0.326171535720871,2024.78953578172,2024.87158469945,SRR34491413|A/mallard/UT/24-034892-003/2024|H5N1|USA-UT|Box_Elder|2024-11-15|wild_avian|D1.1,Pacific,Pacific
891,212,0.0555234580179087,-94.531028260126,33.921855447598,-104.170321362003,42.3156467989764,0.408220453453734,0.352696995435825,2024.81606124144,2024.87158469945,SRR34491411|A/green_winged_teal/ND/24-034964-002/2024|H5N1|USA-ND|LaMoure|2024-11-15|wild_avian|D1.1,Mississippi,Central
765,766,0.083051170913482,-74.443016021689,43.412059802318,-74.567719710385,42.4385402452197,0.409024169504043,0.325972998590561,2024.78933724459,2024.8723884155,NA,Atlantic,Atlantic
1107,1108,0.00842736253160536,-101.58382785816,45.1531073036147,-100.780736676997,43.5649287604496,0.410045166278824,0.401617803747218,2024.86498204975,2024.87340941228,NA,Atlantic,Atlantic
828,10,0.034362783290302,-119.991682735843,41.7951523754905,-117.529704770048,43.6595733139499,0.41095269389086,0.376589910600558,2024.8399541566,2024.87431693989,SRR34491574|A/green_winged_teal/IL/24-035153-025/2024|H5N1|USA-IL|Clinton|2024-11-16|wild_avian|D1.1,Mississippi,Mississippi
985,986,0.0157149451852929,-116.218990613356,34.1751305580425,-116.169672023032,34.1568684277875,0.413015412078278,0.397300466892985,2024.86066471289,2024.87637965808,NA,Central,Central
1134,576,0.108834723948935,-119.867445164903,40.3581234330752,-100.630929504116,39.3063705803023,0.413684934328214,0.304850210379278,2024.76821445638,2024.87704918033,SRR34491566|A/northern_pintail/IL/24-035154-001/2024|H5N1|USA-IL|Clinton|2024-11-17|wild_avian|D1.1,Pacific,Mississippi
816,817,0.0180197375282543,-111.537736960805,41.8204695413376,-111.578284717453,42.1108306949069,0.42034138382367,0.402321646295416,2024.8656858923,2024.88370562982,NA,Atlantic,Atlantic
1332,1333,0.136450776248364,-113.932586067449,40.1218288904171,-118.329325955994,40.9758808671607,0.421646907987918,0.285196131739555,2024.74856037774,2024.88501115399,NA,Mississippi,Mississippi
733,734,0.0926762018047338,-75.1670568714749,41.2554998763486,-76.933493498468,42.8266322584691,0.422463092032042,0.329786890227309,2024.79315113623,2024.88582733803,NA,Atlantic,Atlantic
917,919,0.0224987630691822,-93.7146152082418,29.7584001986793,-92.888328170075,37.3734838676708,0.424697843802944,0.402199080733762,2024.86556332673,2024.8880620898,NA,Mississippi,Atlantic
1209,1215,0.045471337428709,-113.238184414193,35.9429378700719,-113.206556300284,35.8728612739535,0.426349755287774,0.380878417859065,2024.84424266386,2024.88971400129,NA,Central,Central
1215,1216,0.000842226417465231,-113.206556300284,35.8728612739535,-114.067971904531,36.6759406005198,0.427191981705239,0.426349755287774,2024.88971400129,2024.89055622771,NA,Central,Central
1333,1334,0.00567177351400217,-118.329325955994,40.9758808671607,-118.349443648553,41.0183144164151,0.42731868150192,0.421646907987918,2024.88501115399,2024.8906829275,NA,Mississippi,Mississippi
1018,287,0.0727738806651339,-109.218709956443,37.9223066518603,-108.457083017289,37.3451641369084,0.427346136513844,0.354572255848711,2024.81793650185,2024.89071038251,SRR36617849|A/house_sparrow/AZ/24-036612-005/2024|H5N1|USA-AZ|Pinal|2024-11-22|wild_avian|D1.1,Pacific,Pacific
831,832,0.0364944460872996,-114.238204937302,44.4380705645675,-113.065219501995,46.8263230535265,0.427925149870385,0.391430703783085,2024.85479494978,2024.89128939587,NA,Pacific,Central
875,876,0.10425757676582,-92.334022459543,31.6909450106648,-92.1281502358531,31.5912148847113,0.42882579845393,0.32456822168811,2024.78793246769,2024.89219004445,NA,Mississippi,Mississippi
734,735,0.00717514996051527,-76.933493498468,42.8266322584691,-77.0734485418145,43.0714661173647,0.429638241992558,0.422463092032042,2024.88582733803,2024.89300248799,NA,Atlantic,Atlantic
956,141,0.166300537745514,-107.186594962639,33.6783425386556,-118.427027474232,34.4960194605812,0.430078376950971,0.263777839205456,2024.72714208521,2024.89344262295,SRR34491474|A/blue_winged_teal/FL/24-036665-008/2024|H5N1|USA-FL|Palm_Beach|2024-11-23|wild_avian|D1.1,Mississippi,Atlantic
944,137,0.150539560353751,-101.358122805199,31.4798854368585,-95.9203812408672,44.9704260376484,0.430078376950971,0.279538816597219,2024.7429030626,2024.89344262295,SRR34491475|A/blue_winged_teal/FL/24-036665-004/2024|H5N1|USA-FL|Palm_Beach|2024-11-23|wild_avian|D1.1,Mississippi,Atlantic
957,144,0.146092375201008,-106.552571424231,33.0686210741632,-112.780924709578,32.6647847617782,0.430078376950971,0.283986001749963,2024.74735024775,2024.89344262295,SRR36617263|A/ring_necked_duck/GA/24-036176-005/2024|H5N1|USA-GA|Seminole|2024-11-23|wild_avian|D1.1,Mississippi,Atlantic
958,143,0.0997401915994685,-107.463644559853,33.0410720655343,-106.897336393073,32.6439213655228,0.430078376950971,0.330338185351502,2024.79370243135,2024.89344262295,EPI_ISL_19777455|A/northern_pintail/Tennessee/158/2024|H5N1|USA-TN|Unknown|2024-11-23|wild_avian|D1.1,Mississippi,Mississippi
948,136,0.0452905852877619,-95.1050295497382,34.2941324223519,-100.637244028652,39.5924649524135,0.430078376950971,0.384787791663209,2024.84815203766,2024.89344262295,SRR36617264|A/ring_necked_duck/GA/24-036176-004/2024|H5N1|USA-GA|Seminole|2024-11-23|wild_avian|D1.1,Mississippi,Atlantic
876,877,0.00207712212543099,-92.1281502358531,31.5912148847113,-90.716096320277,31.601638534868,0.430902920579361,0.42882579845393,2024.89219004445,2024.89426716658,NA,Mississippi,Mississippi
892,893,0.143347429469429,-108.398364116818,33.4599830808584,-105.592904007646,34.84699122754,0.431307701922508,0.287960272453079,2024.75132451845,2024.89467194792,NA,Atlantic,Atlantic
1139,1140,0.117160662715738,-109.818898305958,39.5762601518817,-106.94757804714,33.9842198284347,0.43211209244136,0.314951429725622,2024.77831567573,2024.89547633844,NA,Central,Central
1353,555,0.178361637515129,-115.126304626785,35.4541458667828,-112.812591535292,43.7977963550517,0.432810617388324,0.254448979873195,2024.71781322587,2024.89617486339,SRR36617504|A/mallard_duck/NE/25-004748-004/2024|H5N1|USA-NE|Buffalo|2024-11-24|wild_avian|D1.1,Central,Central
847,269,0.172785610510197,-113.144996408366,36.5294707837576,-113.846518299903,32.8453561940624,0.432810617388324,0.260025006878128,2024.72338925288,2024.89617486339,SRR36617491|A/Peregrine_falcon/CO/25-019366-001/2024|H5N1|USA-CO|Denver|2024-11-24|wild_avian|D1.1,Central,Central
987,644,0.1676528269678,-112.392419933718,34.5639178969061,-107.799931159429,38.9316578528156,0.432810617388324,0.265157790420524,2024.72852203642,2024.89617486339,SRR31914411|A/Turkey/SD/24-035157-004-original/2024|H5N1|USA-SD|Unknown|2024-11-24|domestic_avian|D1.1,Central,Central
1116,617,0.135404610070802,-116.099468134454,35.7406183793464,-97.6552274974281,36.8785558062713,0.432810617388324,0.297406007317522,2024.76077025332,2024.89617486339,SRR36617269|A/mallard_duck/WA/24-036061-007/2024|H5N1|USA-WA|Grant|2024-11-24|wild_avian|D1.1,Central,Pacific
973,660,0.164655960662846,-109.867538894627,34.8219005218366,-110.340307131139,35.4700785366571,0.43554285782545,0.270886897162604,2024.73425114316,2024.89890710383,SRR36617524|A/mallard_duck/NE/25-003309-011/2024|H5N1|USA-NE|Buffalo|2024-11-25|wild_avian|D1.1,Central,Central
1323,611,0.137184035650572,-108.892991225322,34.0890635876367,-106.538735777157,41.3815952342958,0.43554285782545,0.298358822174878,2024.76172306817,2024.89890710383,SRR34491460|A/blue_winged_teal/LA/24-035708-007/2024|H5N1|USA-LA|Cameron|2024-11-25|wild_avian|D1.1,Central,Mississippi
799,46,0.126142558143144,-115.526451490686,43.9051125510122,-101.297921924286,37.7131460842157,0.43554285782545,0.309400299682306,2024.77276454568,2024.89890710383,SRR31914406|A/Turkey/SD/24-035288-003-original/2024|H5N1|USA-SD|Unknown|2024-11-25|domestic_avian|D1.1,Mississippi,Central
698,256,0.120790436112874,-104.552318650741,30.0754463317395,-99.2582899494393,32.3269570535526,0.43554285782545,0.314752421712576,2024.77811666771,2024.89890710383,SRR36617265|A/great_horned_owl/WY/24-036166-001/2024|H5N1|USA-WY|Lincoln|2024-11-25|wild_avian|D1.1,Pacific,Pacific
974,662,0.0959605300096875,-118.597193934673,34.5756883346356,-119.765606830595,37.9565403526001,0.43554285782545,0.339582327815763,2024.80294657382,2024.89890710383,SRR34491454|A/blue_winged_teal/LA/24-035708-014/2024|H5N1|USA-LA|Cameron|2024-11-25|wild_avian|D1.1,Central,Mississippi
1018,288,0.0809706019767398,-109.218709956443,37.9223066518603,-109.702957259693,37.1583551190159,0.43554285782545,0.354572255848711,2024.81793650185,2024.89890710383,SRR36617855|A/black_necked_stilt/AZ/24-036610-002/2024|H5N1|USA-AZ|Pinal|2024-11-25|wild_avian|D1.1,Pacific,Pacific
1044,1045,0.0399422303290116,-107.511302970628,32.6146260516498,-109.133636919966,32.1788433104691,0.435551646766848,0.395609416437837,2024.85897366244,2024.89891589277,NA,Mississippi,Mississippi
832,833,0.00817974324550885,-113.065219501995,46.8263230535265,-112.494686019515,45.1666662639377,0.436104893115894,0.427925149870385,2024.89128939587,2024.89946913912,NA,Central,Central
1328,1329,0.0914654140249345,-107.125298406947,36.1194815893598,-109.450094483248,42.3907082134589,0.437056538168036,0.345591124143101,2024.80895537014,2024.90042078417,NA,Central,Pacific
893,894,0.00581002521970064,-105.592904007646,34.84699122754,-105.057838979153,31.2168536863202,0.437117727142209,0.431307701922508,2024.89467194792,2024.90048197314,NA,Atlantic,Mississippi
766,767,0.0290267988608195,-74.567719710385,42.4385402452197,-75.6179854355769,42.0801205672088,0.438050968364862,0.409024169504043,2024.8723884155,2024.90141521436,NA,Atlantic,Atlantic
1068,290,0.171269381202539,-116.567376801582,38.211038465073,-111.623654838053,41.686225405087,0.438275098262576,0.267005717060038,2024.73036996306,2024.90163934426,SRR34491451|A/green_winged_teal/NM/24-036318-011/2024|H5N1|USA-NM|San_Miguel|2024-11-26|wild_avian|D1.1,Central,Central
1008,674,0.157136739959568,-101.396885306023,31.4988019365622,-99.714633493899,35.7309564759376,0.438275098262576,0.281138358303008,2024.7445026043,2024.90163934426,SRR36617487|A/canada_goose/UT/24-035683-001/2024|H5N1|USA-UT|Weber|2024-11-26|wild_avian|D1.1,Pacific,Pacific
1116,618,0.140869090945054,-116.099468134454,35.7406183793464,-113.041205691382,34.7097115942954,0.438275098262576,0.297406007317522,2024.76077025332,2024.90163934426,SRR34491450|A/green_winged_teal/NM/24-036318-014/2024|H5N1|USA-NM|San_Miguel|2024-11-26|wild_avian|D1.1,Central,Central
1325,612,0.0970424003665575,-111.011656733936,35.4341425706141,-101.53904725353,39.1647884044894,0.438275098262576,0.341232697896019,2024.8045969439,2024.90163934426,SRR31914398|A/chicken/TN/24-035519-005-original/2024|H5N1|USA-TN|Unknown|2024-11-26|domestic_avian|D1.1,Central,Mississippi
952,128,0.0615788328873881,-103.539690949892,33.9685787976668,-100.011652589599,35.3206146652106,0.438275098262576,0.376696265375188,2024.84006051137,2024.90163934426,SRR36628221|A/mallard_duck/IA/24-037337-003/2024|H5N1|USA-IA|Jackson|2024-11-26|wild_avian|D1.1,Mississippi,Mississippi
767,768,0.0018011239397604,-75.6179854355769,42.0801205672088,-75.0066817160927,41.6863245639487,0.439852092304623,0.438050968364862,2024.90141521436,2024.9032163383,NA,Atlantic,Atlantic
706,244,0.208029624668299,-104.488370282497,35.5554291276257,-104.941833044957,45.2426069617977,0.441007338699703,0.232977714031404,2024.69634196003,2024.9043715847,SRR34491403|A/western_gull/CA/24-036324-002/2024|H5N1|USA-CA|Santa_Barbara|2024-11-27|wild_avian|D1.1,Pacific,Pacific
954,139,0.202819719088939,-102.841951157016,30.839844926541,-103.480724876912,39.2713417784838,0.441007338699703,0.238187619610764,2024.70155186561,2024.9043715847,SRR34491447|A/blue_winged_teal/SC/24-036315-006/2024|H5N1|USA-SC|Colleton|2024-11-27|wild_avian|D1.1,Mississippi,Atlantic
865,162,0.150006993554851,-97.0633782950734,30.3625574620134,-97.9336703085008,31.3091221094835,0.441007338699703,0.291000345144852,2024.75436459114,2024.9043715847,SRR34491402|A/mallard/AR/24-036997-003/2024|H5N1|USA-AR|Prairie|2024-11-27|wild_avian|D1.1,Mississippi,Mississippi
1342,596,0.082394608419047,-109.486355184685,42.5989608373301,-110.556099954342,43.2069397399618,0.441007338699703,0.358612730280656,2024.82197697628,2024.9043715847,SRR33508820|A/snow_goose/MT/24-035974-001/2024|H5N1|USA-MT|Gallatin|2024-11-27|wild_avian|D1.1,Pacific,Pacific
1142,1143,0.0727463810537501,-111.552831412366,34.2881807688053,-111.185708642985,33.6484228520344,0.441366778070569,0.368620397016819,2024.83198464302,2024.90473102407,NA,Central,Central
1210,1211,0.0487481853424028,-113.221169163607,35.6706200491083,-112.094768935658,37.4803033012263,0.442870652990135,0.394122467647733,2024.85748671365,2024.90623489899,NA,Central,Central
1143,1145,0.00190012550984031,-111.185708642985,33.6484228520344,-111.352713251114,33.5981139537042,0.44326690358041,0.441366778070569,2024.90473102407,2024.90663114958,NA,Central,Central
790,793,0.0485258889031419,-76.9597376849614,42.0237097257826,-78.7329818003374,41.5280288116462,0.443561938629917,0.395036049726775,2024.85840029573,2024.90692618463,NA,Atlantic,Atlantic
830,26,0.112251452882817,-107.209944801531,46.4857321760115,-108.586874773198,42.4469951411363,0.443739579136829,0.331488126254012,2024.79485237225,2024.90710382514,SRR36617643|A/trumpeter_swan/MT/24-037728-001/2024|H5N1|USA-MT|Big_Horn|2024-11-28|wild_avian|D1.1,Central,Central
784,785,0.0466524375855282,-82.1545712544552,38.4933079231658,-81.0996944787692,38.6481577822048,0.443812829634147,0.397160392048619,2024.86052463805,2024.90717707563,NA,Atlantic,Atlantic
1140,1141,0.0119183167330059,-106.94757804714,33.9842198284347,-107.010845743704,36.1162968637057,0.444030409174366,0.43211209244136,2024.89547633844,2024.90739465517,NA,Central,Central
768,770,0.00532362877821613,-75.0066817160927,41.6863245639487,-75.3176731488407,40.8099174556096,0.445175721082839,0.439852092304623,2024.9032163383,2024.90853996708,NA,Atlantic,Atlantic
917,918,0.0435870221559205,-93.7146152082418,29.7584001986793,-95.8548457528023,31.4730916575724,0.445786102889682,0.402199080733762,2024.86556332673,2024.90915034889,NA,Mississippi,Mississippi
816,820,0.0439061304915265,-111.537736960805,41.8204695413376,-112.029872132059,40.6203089731627,0.446227776786943,0.402321646295416,2024.8656858923,2024.90959202279,NA,Atlantic,Atlantic
870,168,0.112273880178786,-95.5321389740385,31.2250187765633,-86.2491927646986,31.0826630964178,0.446471819573955,0.334197939395169,2024.7975621854,2024.90983606557,SRR34491401|A/mallard/IA/24-036924-003/2024|H5N1|USA-IA|Marion|2024-11-29|wild_avian|D1.1,Mississippi,Mississippi
1143,1144,0.00512809856104868,-111.185708642985,33.6484228520344,-108.056853563244,33.6477743647959,0.446494876631618,0.441366778070569,2024.90473102407,2024.90985912263,NA,Central,Mississippi
948,949,0.062689929445547,-95.1050295497382,34.2941324223519,-95.4364190781401,41.7276020583947,0.447477721108756,0.384787791663209,2024.84815203766,2024.91084196711,NA,Mississippi,Mississippi
983,984,0.0478614266276962,-116.406643800497,33.8169937078898,-115.908782503816,32.8786841872589,0.448439014709571,0.400577588081875,2024.86394183408,2024.91180326071,NA,Central,Central
762,763,0.00912995638267566,-70.3302574870525,43.6506038919484,-70.4659992380871,43.7133468231949,0.44987256058557,0.440742604202894,2024.9041068502,2024.91323680659,NA,Atlantic,Atlantic
793,794,0.00687603648292723,-78.7329818003374,41.5280288116462,-78.7327582633332,41.5285421303997,0.450437975112844,0.443561938629917,2024.90692618463,2024.91380222111,NA,Atlantic,Atlantic
877,878,0.0199049689421447,-90.716096320277,31.601638534868,-91.8263981621292,38.0222395156659,0.450807889521506,0.430902920579361,2024.89426716658,2024.91417213552,NA,Mississippi,Mississippi
1211,1212,0.00805752806203097,-112.094768935658,37.4803033012263,-112.143708762805,37.4681826605886,0.450928181052166,0.442870652990135,2024.90623489899,2024.91429242705,NA,Central,Central
952,953,0.074670953819362,-103.539690949892,33.9685787976668,-103.539639320083,33.9746200887227,0.45136721919455,0.376696265375188,2024.84006051137,2024.91473146519,NA,Mississippi,Mississippi
959,960,0.275238251441445,-104.437551179479,30.5987032757421,-98.8705178435087,31.8608541479044,0.451753294011622,0.176515042570177,2024.63987928857,2024.91511754001,NA,Central,Central
855,185,0.193101349018976,-94.797127772601,30.747505485095,-95.5986203003202,33.1090273789628,0.451936300448435,0.258834951429459,2024.72219919743,2024.91530054645,SRR34491391|A/green_winged_teal/TN/24-036998-013/2024|H5N1|USA-TN|Obion|2024-12-01|wild_avian|D1.1,Mississippi,Mississippi
1061,526,0.127252946255239,-103.382940299077,38.2740768031164,-107.662011524163,37.4165429825964,0.451936300448435,0.324683354193196,2024.78804760019,2024.91530054645,SRR34491394|A/snow_goose/AR/24-035819-001/2024|H5N1|USA-AR|Prairie|2024-12-01|wild_avian|D1.1,Mississippi,Mississippi
1145,1146,0.0091343534670012,-111.352713251114,33.5981139537042,-107.730858774227,36.4217711273287,0.452401257047411,0.44326690358041,2024.90663114958,2024.91576550305,NA,Central,Central
768,769,0.0132431406401103,-75.0066817160927,41.6863245639487,-77.2612226019903,40.0929056545426,0.453095232944733,0.439852092304623,2024.9032163383,2024.91645947894,NA,Atlantic,Atlantic
1104,1105,0.0572797610161218,-100.959579698199,45.8880163686098,-100.183200746979,42.4594804385809,0.453411602988314,0.396131841972193,2024.85949608797,2024.91677584899,NA,Atlantic,Atlantic
1047,1048,0.121655469476672,-106.979830166982,36.9168707226323,-106.952441418756,36.9464413736104,0.454253777190513,0.332598307713841,2024.79596255371,2024.91761802319,NA,Mississippi,Mississippi
1215,1217,0.0282993253420434,-113.206556300284,35.8728612739535,-113.061173869952,36.8123192056765,0.454649080629817,0.426349755287774,2024.88971400129,2024.91801332663,NA,Central,Central
932,146,0.170718505406773,-96.1770864358726,33.8786256368294,-91.0108533486881,31.0807524159124,0.454668540885561,0.283950035478788,2024.74731428148,2024.91803278689,SRR34491382|A/snow_goose/KS/24-036679-005/2024|H5N1|USA-KS|Montgomery|2024-12-02|wild_avian|D1.1,Mississippi,Central
996,665,0.155574315957537,-112.742223650306,34.4703570306795,-101.200485695205,33.4984223759516,0.454668540885561,0.299094224928024,2024.76245847093,2024.91803278689,SRR36617866|A/trumpeter_swan/MI/24-036239-001/2024|H5N1|USA-MI|Eaton|2024-12-02|wild_avian|D1.1,Central,Mississippi
802,803,0.104165398152223,-115.95325539561,48.7160545784222,-107.006903648427,42.1114016036107,0.455152500702812,0.350987102550589,2024.81435134855,2024.9185167467,NA,Mississippi,Mississippi
1115,1117,0.191350127731275,-119.571600977977,40.2414922890236,-116.238964246715,32.8785385564055,0.45591971293925,0.264569585207975,2024.72793383121,2024.91928395894,NA,Pacific,Pacific
693,262,0.231096586491082,-106.486274984669,35.3066317394592,-105.163358064024,38.9977521962536,0.457400781322687,0.226304194831605,2024.68966844083,2024.92076502732,SRR34491344|A/owl/UT/24-036341-002/2024|H5N1|USA-UT|Box_Elder|2024-12-03|wild_avian|D1.1,Pacific,Pacific
712,240,0.197019253719264,-102.456559807365,37.5572074103251,-100.528411683009,37.6920348541405,0.457400781322687,0.260381527603423,2024.7237457736,2024.92076502732,SRR36628227|A/canada_goose/UT/24-036341-001/2024|H5N1|USA-UT|Davis|2024-12-03|wild_avian|D1.1,Pacific,Pacific
848,270,0.195423318349346,-114.06681495756,37.1019168103809,-105.797338634907,41.3836785054788,0.457400781322687,0.261977462973341,2024.72534170897,2024.92076502732,SRR36628224|A/mallard_duck/MT/24-036921-002/2024|H5N1|USA-MT|Big_Horn|2024-12-03|wild_avian|D1.1,Central,Central
777,778,0.0659415694751033,-81.9743406575429,38.4360879827442,-82.5252219256435,38.1659040528497,0.459077394207853,0.393135824732749,2024.85650007073,2024.92244164021,NA,Atlantic,Atlantic
794,795,0.00935692093953211,-78.7327582633332,41.5285421303997,-81.3846544687202,41.7035024607533,0.459794896052376,0.450437975112844,2024.91380222111,2024.92315914205,NA,Atlantic,Atlantic
707,245,0.218137597688406,-103.535266267958,35.7165055228372,-105.149988762765,33.6286802809313,0.460133021759813,0.241995424071408,2024.70535967007,2024.92349726776,SRR36617418|A/harris_hawk/AZ/24-038176-001/2024|H5N1|USA-AZ|Maricopa|2024-12-04|wild_avian|D1.1,Pacific,Pacific
964,625,0.158239376094071,-104.521701470993,35.0701051747065,-99.0805294972211,33.6600551522892,0.460133021759813,0.301893645665742,2024.76525789167,2024.92349726776,SRR34491526|A/snow_goose/SD/24-036845-001/2024|H5N1|USA-SD|Spink|2024-12-04|wild_avian|D1.1,Central,Central
799,47,0.150732722077507,-115.526451490686,43.9051125510122,-113.835429975588,43.042428767912,0.460133021759813,0.309400299682306,2024.77276454568,2024.92349726776,SRR34491531|A/snow_goose/KY/24-036682-002/2024|H5N1|USA-KY|Henderson|2024-12-04|wild_avian|D1.1,Mississippi,Mississippi
790,791,0.0656765843934075,-76.9597376849614,42.0237097257826,-75.2242229132508,41.9389928267919,0.460712634120183,0.395036049726775,2024.85840029573,2024.92407688012,NA,Atlantic,Atlantic
789,796,0.120887729356188,-77.9132359142076,42.2039762878481,-80.6063695088412,37.9325151538948,0.460756216958272,0.339868487602084,2024.8032327336,2024.92412046296,NA,Atlantic,Atlantic
817,818,0.0408079186322632,-111.578284717453,42.1108306949069,-110.703168606922,41.124466551954,0.461149302455934,0.42034138382367,2024.88370562982,2024.92451354846,NA,Atlantic,Atlantic
1217,1218,0.00650367735733659,-113.061173869952,36.8123192056765,-113.16246856613,36.7933833861047,0.461152757987154,0.454649080629817,2024.91801332663,2024.92451700399,NA,Central,Central
1048,1049,0.00706152549059569,-106.952441418756,36.9464413736104,-107.875691709457,36.3733265878878,0.461315302681109,0.454253777190513,2024.91761802319,2024.92467954868,NA,Mississippi,Mississippi
1211,1214,0.0198433517963476,-112.094768935658,37.4803033012263,-112.996200114105,36.5801444124703,0.462714004786483,0.442870652990135,2024.90623489899,2024.92607825079,NA,Central,Central
1015,677,0.189138261799028,-121.526710102606,44.1283470966151,-114.167660543984,46.362509901828,0.462865262196939,0.273727000397911,2024.7370912464,2024.9262295082,SRR34491517|A/snow_goose/LA/24-036681-003/2024|H5N1|USA-LA|Cameron|2024-12-05|wild_avian|D1.1,Central,Mississippi
1064,521,0.109261204535248,-101.625500608623,42.849287116791,-107.439075511228,39.2795898936307,0.462865262196939,0.353604057661691,2024.81696830366,2024.9262295082,SRR34491514|A/snow_goose/LA/24-036681-005/2024|H5N1|USA-LA|Cameron|2024-12-05|wild_avian|D1.1,Central,Mississippi
1009,672,0.0871942555326606,-94.5185863294444,35.0141539661563,-89.287784414748,33.2951589867086,0.462865262196939,0.375671006664279,2024.83903525266,2024.9262295082,SRR36617838|A/western_gull/CA/24-036784-001/2024|H5N1|USA-CA|Los_Angeles|2024-12-05|wild_avian|D1.1,Pacific,Pacific
1117,1118,0.00721399480418694,-116.238964246715,32.8785385564055,-118.078764193417,38.1913109425449,0.463133707743437,0.45591971293925,2024.91928395894,2024.92649795374,NA,Pacific,Pacific
1108,1109,0.0539134259620467,-100.780736676997,43.5649287604496,-98.4436825411957,44.4232752383478,0.463958592240871,0.410045166278824,2024.87340941228,2024.92732283824,NA,Atlantic,Atlantic
1145,1203,0.0207014597675923,-111.352713251114,33.5981139537042,-110.796599902208,34.3560374994212,0.463968363348002,0.44326690358041,2024.90663114958,2024.92733260935,NA,Central,Central
1049,1050,0.00300120795320635,-107.875691709457,36.3733265878878,-107.689176717647,36.2965801907447,0.464316510634315,0.461315302681109,2024.92467954868,2024.92768075663,NA,Mississippi,Mississippi
818,819,0.00396139713947985,-110.703168606922,41.124466551954,-111.852929098905,41.0131379396414,0.465110699595414,0.461149302455934,2024.92451354846,2024.9284749456,NA,Atlantic,Atlantic
925,926,0.0789219172854022,-88.718474746878,38.4564802750044,-85.7445798507304,36.1635541821539,0.465554838355689,0.386632921070287,2024.84999716707,2024.92891908436,NA,Mississippi,Mississippi
1030,561,0.130396454801287,-121.325901528438,36.9635964923744,-114.388963314342,41.0087247968649,0.465597502634066,0.335201047832779,2024.79856529383,2024.92896174863,SRR36628213|A/mallard_duck/MT/24-037783-006/2024|H5N1|USA-MT|Big_Horn|2024-12-06|wild_avian|D1.1,Central,Central
985,635,0.0682970357410808,-116.218990613356,34.1751305580425,-107.790471723314,34.5635104513776,0.465597502634066,0.397300466892985,2024.86066471289,2024.92896174863,SRR36617835|A/snow_goose/MS/24-036916-001/2024|H5N1|USA-MS|Washington|2024-12-06|wild_avian|D1.1,Central,Mississippi
1045,540,0.0300458558672172,-109.133636919966,32.1788433104691,-109.27162999941,32.1771423706839,0.465597502634066,0.435551646766848,2024.89891589277,2024.92896174863,SRR34491436|A/snow_goose/IN/24-037289-004/2024|H5N1|USA-IN|Gibson|2024-12-06|wild_avian|D1.1,Mississippi,Mississippi
1218,1319,0.00488010951040996,-113.16246856613,36.7933833861047,-115.948028448715,36.8051085122725,0.466032867497564,0.461152757987154,2024.92451700399,2024.9293971135,NA,Central,Central
784,788,0.0690582921768924,-82.1545712544552,38.4933079231658,-80.94231244363,39.8066192944096,0.466218684225512,0.397160392048619,2024.86052463805,2024.92958293023,NA,Atlantic,Atlantic
796,798,0.00547394200840268,-80.6063695088412,37.9325151538948,-80.3516388944378,38.2412753934966,0.466230158966675,0.460756216958272,2024.92412046296,2024.92959440497,NA,Atlantic,Atlantic
803,804,0.0118362409755669,-107.006903648427,42.1114016036107,-107.155745980599,42.0492469538786,0.466988741678379,0.455152500702812,2024.9185167467,2024.93035298768,NA,Mississippi,Mississippi
866,159,0.0868902584782789,-98.0441485408255,30.883121037904,-103.379189762036,38.2942567011636,0.468329743071192,0.381439484592913,2024.84480373059,2024.93169398907,SRR36617819|A/tundra_swan/WI/24-037346-003/2024|H5N1|USA-WI|Dane|2024-12-07|wild_avian|D1.1,Mississippi,Mississippi
1333,590,0.0466828350832735,-118.329325955994,40.9758808671607,-118.488099609696,47.2002352181813,0.468329743071192,0.421646907987918,2024.88501115399,2024.93169398907,SRR36617659|A/green_winged_teal/FL/24-037597-003/2024|H5N1|USA-FL|St_Johns|2024-12-07|wild_avian|D1.1,Mississippi,Atlantic
1334,589,0.0410110615692714,-118.349443648553,41.0183144164151,-118.817265589946,47.3325907340661,0.468329743071192,0.42731868150192,2024.8906829275,2024.93169398907,SRR36628218|A/green_winged_teal/FL/24-037597-021/2024|H5N1|USA-FL|St_Johns|2024-12-07|wild_avian|D1.1,Mississippi,Atlantic
803,805,0.0136892479012465,-107.006903648427,42.1114016036107,-107.050774408094,41.9996956730234,0.468841748604059,0.455152500702812,2024.9185167467,2024.9322059946,NA,Mississippi,Mississippi
791,792,0.00898510558444643,-75.2242229132508,41.9389928267919,-75.5948460587754,42.5816831176209,0.469697739704629,0.460712634120183,2024.92407688012,2024.9330619857,NA,Atlantic,Atlantic
1067,548,0.109286520745491,-106.534972845662,33.6368596968682,-99.193730901604,36.0943365356086,0.471061983508545,0.361775462763054,2024.82513970876,2024.93442622951,SRR31820756|A/chicken/OK/24-036668-002-original/2024|H5N1|USA-OK|Unknown|2024-12-08|domestic_avian|D1.1,Mississippi,Central
1218,1219,0.0112804868774941,-113.16246856613,36.7933833861047,-112.673229326334,39.8496833146014,0.472433244864648,0.461152757987154,2024.92451700399,2024.93579749086,NA,Central,Central
1084,1085,0.0300082029367165,-78.83632085918,40.3411262816956,-78.7568084395476,42.3784314040336,0.472827185243238,0.442818982306522,2024.90618322831,2024.93619143124,NA,Atlantic,Atlantic
941,233,0.289278135160527,-104.071315811288,30.8252489522609,-104.002964141091,30.9003877257222,0.473794223945671,0.184516088785144,2024.64788033478,2024.93715846995,SRR34491427|A/great_horned_owl/NE/24-036852-002/2024|H5N1|USA-NE|Douglas|2024-12-09|wild_avian|D1.1,Central,Central
1058,520,0.192905283028122,-105.713171258883,38.3629386030656,-103.510214423772,44.5686348416483,0.473794223945671,0.280888940917549,2024.74425318692,2024.93715846995,SRR36628220|A/american_wigeon/IL/24-037535-005/2024|H5N1|USA-IL|Fulton|2024-12-09|wild_avian|D1.1,Central,Mississippi
859,181,0.181733446820805,-96.7036590668106,30.7721581786627,-89.8718608022823,30.3939180647924,0.473794223945671,0.292060777124867,2024.75542502312,2024.93715846995,SRR36617445|A/wild_duck/MS/24-037653-002/2024|H5N1|USA-MS|Tallahatchie|2024-12-09|wild_avian|D1.1,Mississippi,Mississippi
1351,569,0.14261790734333,-122.558328651621,39.3404209701247,-112.476995284627,32.1559304409424,0.473794223945671,0.331176316602342,2024.7945405626,2024.93715846995,SRR33508718|A/snow_goose/OR/24-037758-001/2024|H5N1|USA-OR|Malheur|2024-12-09|wild_avian|D1.1,Central,Pacific
1039,550,0.128562320255847,-84.2322924038871,31.5918070407625,-84.3389173474612,36.5881390208633,0.473794223945671,0.345231903689824,2024.80859614969,2024.93715846995,SRR36617634|A/snow_goose/OR/24-037761-001/2024|H5N1|USA-OR|Union|2024-12-09|wild_avian|D1.1,Pacific,Pacific
1328,563,0.12820309980257,-107.125298406947,36.1194815893598,-120.443351908117,37.8135358495783,0.473794223945671,0.345591124143101,2024.80895537014,2024.93715846995,SRR36617246|A/snow_goose/IN/24-037868-001/2024|H5N1|USA-IN|Lake|2024-12-09|wild_avian|D1.1,Central,Mississippi
831,834,0.0828670371339022,-114.238204937302,44.4380705645675,-113.511772000601,44.0560063950858,0.474297740916987,0.391430703783085,2024.85479494978,2024.93766198692,NA,Pacific,Pacific
763,764,0.0250015375254016,-70.4659992380871,43.7133468231949,-71.4700466688702,43.2374027214336,0.474874098110972,0.44987256058557,2024.91323680659,2024.93823834411,NA,Atlantic,Atlantic
844,845,0.182552563299648,-115.302780969987,42.6940909314823,-120.479772322125,44.851035183545,0.476331326726183,0.293778763426535,2024.75714300943,2024.93969557273,NA,Mississippi,Central
997,666,0.177287757803991,-112.738316482151,34.4660267349383,-110.271912728953,31.7534571952075,0.476526464382798,0.299238706578806,2024.76260295258,2024.93989071038,SRR34491425|A/canada_goose/MN/24-037100-001/2024|H5N1|USA-MN|Murray|2024-12-10|wild_avian|D1.1,Central,Mississippi
929,189,0.139672303301545,-96.7686587145592,34.8644644970784,-99.6168496850288,31.711032749212,0.476526464382798,0.336854161081252,2024.80021840708,2024.93989071038,SRR34491424|A/blue_jay/IA/24-037140-001/2024|H5N1|USA-IA|Cerro_Gordo|2024-12-10|wild_avian|D1.1,Mississippi,Mississippi
1055,542,0.0889711827617934,-96.8629864973628,38.5467769157395,-96.8300807636441,38.4733711396541,0.476526464382798,0.387555281621004,2024.85091952762,2024.93989071038,SRR36617433|A/snow_goose/IA/24-037657-004/2024|H5N1|USA-IA|Woodbury|2024-12-10|wild_avian|D1.1,Mississippi,Mississippi
833,29,0.040421571266904,-112.494686019515,45.1666662639377,-112.392981066326,45.7718226030575,0.476526464382798,0.436104893115894,2024.89946913912,2024.93989071038,SRR36617816|A/red_tailed_hawk/CO/24-037418-001/2024|H5N1|USA-CO|Weld|2024-12-10|wild_avian|D1.1,Central,Central
833,31,0.040421571266904,-112.494686019515,45.1666662639377,-102.23978651118,39.3949631074821,0.476526464382798,0.436104893115894,2024.89946913912,2024.93989071038,SRR33508721|A/snow_goose/ID/24-037540-001/2024|H5N1|USA-ID|Canyon|2024-12-10|wild_avian|D1.1,Central,Pacific
953,129,0.0251592451882472,-103.539639320083,33.9746200887227,-103.595595073599,33.9253539635122,0.476526464382798,0.45136721919455,2024.91473146519,2024.93989071038,SRR36617403|A/canada_goose/MN/24-038291-006/2024|H5N1|USA-MN|Ramsey|2024-12-10|wild_avian|D1.1,Mississippi,Mississippi
735,736,0.0469179663030774,-77.0734485418145,43.0714661173647,-77.5013816888171,42.7250773714607,0.476556208295635,0.429638241992558,2024.89300248799,2024.9399204543,NA,Atlantic,Atlantic
1212,1213,0.0263014978271948,-112.143708762805,37.4681826605886,-111.085883842664,34.5112889448455,0.477229678879361,0.450928181052166,2024.91429242705,2024.94059392488,NA,Central,Central
1075,1083,0.0381869461815424,-77.7529428615972,34.5052036877417,-79.7400805419776,33.6405880919838,0.477431884235231,0.439244938053689,2024.90260918405,2024.94079613023,NA,Atlantic,Atlantic
1105,1106,0.0243392116509079,-100.183200746979,42.4594804385809,-100.072845220989,42.4370559148885,0.477750814639222,0.453411602988314,2024.91677584899,2024.94111506064,NA,Atlantic,Atlantic
736,737,0.00125238326494903,-77.5013816888171,42.7250773714607,-76.838126609588,42.6127725236051,0.477808591560584,0.476556208295635,2024.9399204543,2024.94117283756,NA,Atlantic,Atlantic
796,797,0.0170780045406894,-80.6063695088412,37.9325151538948,-81.1916930900011,37.9794525748885,0.477834221498961,0.460756216958272,2024.92412046296,2024.9411984675,NA,Atlantic,Atlantic
1038,552,0.196890196724828,-105.703168727761,32.0558890038068,-105.57269350006,35.0202432139056,0.479258704819924,0.282368508095096,2024.74573275409,2024.94262295082,SRR36617233|A/mallard_duck/AR/24-037952-006/2024|H5N1|USA-AR|Prairie|2024-12-11|wild_avian|D1.1,Mississippi,Mississippi
998,999,0.151054875456065,-109.497617955305,36.4332024170855,-108.012810431946,36.4129634643766,0.480655356912213,0.329600481456148,2024.79296472746,2024.94401960291,NA,Central,Mississippi
1000,668,0.148807987549448,-108.226310885687,35.7983374666158,-106.513207433968,35.0572136550987,0.48199094525705,0.333182957707602,2024.79654720371,2024.94535519126,SRR36617797|A/snow_goose/KS/24-038036-002/2024|H5N1|USA-KS|Mitchell|2024-12-12|wild_avian|D1.1,Central,Central
877,174,0.0510880246776888,-90.716096320277,31.601638534868,-85.9292528713465,33.0988043129146,0.48199094525705,0.430902920579361,2024.89426716658,2024.94535519126,SRR36617408|A/bald_eagle/GA/24-038226-003/2024|H5N1|USA-GA|Glynn|2024-12-12|wild_avian|D1.1,Mississippi,Atlantic
748,749,0.0551763716940821,-71.7324138140168,41.9909575233188,-71.5440217967961,42.0590193883345,0.482205750158427,0.427029378464345,2024.89039362446,2024.94556999616,NA,Atlantic,Atlantic
1203,1204,0.0184243827049643,-110.796599902208,34.3560374994212,-110.985858133351,33.4107298567095,0.482392746052966,0.463968363348002,2024.92733260935,2024.94575699205,NA,Central,Central
781,782,0.0835971346942577,-83.0011009571574,38.6364820230445,-83.0013443344787,37.833191670532,0.482723573170826,0.399126438476568,2024.86249068448,2024.94608781917,NA,Atlantic,Atlantic
924,927,0.140898967039341,-91.782155262008,38.8266618416799,-89.743290330649,38.2917661597958,0.483123776209043,0.342224809169702,2024.80558905517,2024.94648802221,NA,Mississippi,Mississippi
770,771,0.0383662704998339,-75.3176731488407,40.8099174556096,-74.7811026338029,41.044726867467,0.483541991582673,0.445175721082839,2024.90853996708,2024.94690623758,NA,Atlantic,Atlantic
981,638,0.0779946930128592,-116.910552851246,32.5761293656478,-108.056123401724,42.9400408984737,0.484723185694176,0.406728492681317,2024.87009273868,2024.94808743169,SRR31885765|A/Guineafowl/AL/24-037980-001-original/2024|H5N1|USA-AL|Unknown|2024-12-13|domestic_avian|D1.1,Central,Mississippi
684,280,0.366797158263632,-106.932622016504,36.8037968515531,-105.742352685876,48.0240536516342,0.487455426131302,0.12065826786767,2024.58402251387,2024.95081967213,SRR36617585|A/canvasback_duck/WA/24-038667-005/2024|H5N1|USA-WA|Walla_Walla|2024-12-14|wild_avian|D1.1,Pacific,Pacific
1128,587,0.0960536792936151,-110.628970386371,40.9192902573793,-98.6631412191522,42.5679905429309,0.487455426131302,0.391401746837687,2024.85476599284,2024.95081967213,SRR36617600|A/gadwall/TX/24-038543-056/2024|H5N1|USA-TX|Jefferson|2024-12-14|wild_avian|D1.1,Central,Central
918,226,0.0416693232416199,-95.8548457528023,31.4730916575724,-94.4128628198795,33.0217126885947,0.487455426131302,0.445786102889682,2024.90915034889,2024.95081967213,SRR36617800|A/canada_goose/OH/24-038006-001/2024|H5N1|USA-OH|Mercer|2024-12-14|wild_avian|D1.1,Mississippi,Mississippi
999,669,0.00680006921908893,-108.012810431946,36.4129634643766,-114.129345274897,38.5947466016447,0.487455426131302,0.480655356912213,2024.94401960291,2024.95081967213,SRR36617765|A/ring_necked_duck/KY/24-038721-028/2024|H5N1|USA-KY|Ballard|2024-12-14|wild_avian|D1.1,Mississippi,Mississippi
771,772,0.00802735579012714,-74.7811026338029,41.044726867467,-74.5742471274428,41.2202810789521,0.4915693473728,0.483541991582673,2024.94690623758,2024.95493359337,NA,Atlantic,Atlantic
832,30,0.0649947571353973,-113.065219501995,46.8263230535265,-123.065382989855,45.3372650562808,0.492919907005782,0.427925149870385,2024.89128939587,2024.95628415301,SRR36617414|A/snow_goose/ID/24-038179-001/2024|H5N1|USA-ID|Owyhee|2024-12-16|wild_avian|D1.1,Central,Pacific
1040,546,0.235128817062795,-105.389097523518,32.2861222619462,-86.9590412973137,46.1864190495335,0.495652147442908,0.260523330380114,2024.72388757638,2024.95901639344,SRR36617967|A/gadwall/NV/24-039032-002/2024|H5N1|USA-NV|Elko|2024-12-17|wild_avian|D1.1,Mississippi,Pacific
1332,592,0.210456015703353,-113.932586067449,40.1218288904171,-119.168251554669,38.7697622258124,0.495652147442908,0.285196131739555,2024.74856037774,2024.95901639344,SRR36618001|A/Muscovy_duck/TX/24-038475-001/2024|H5N1|USA-TX|Harris|2024-12-17|wild_avian|D1.1,Mississippi,Central
698,257,0.180899725730332,-104.552318650741,30.0754463317395,-104.59931414758,30.2856546542854,0.495652147442908,0.314752421712576,2024.77811666771,2024.95901639344,SRR36617969|A/mallard_duck/NV/24-039032-001/2024|H5N1|USA-NV|Elko|2024-12-17|wild_avian|D1.1,Pacific,Pacific
953,130,0.0442849282483577,-103.539639320083,33.9746200887227,-104.051188210387,33.141834488396,0.495652147442908,0.45136721919455,2024.91473146519,2024.95901639344,SRR36617307|A/canada_goose/WI/25-001449-006/2024|H5N1|USA-WI|St_Croix|2024-12-17|wild_avian|D1.1,Mississippi,Mississippi
923,224,0.165946216197639,-93.2447880938666,36.4795537404607,-91.997603065593,34.7759568515358,0.498384387880034,0.332438171682395,2024.79580241768,2024.96174863388,SRR36617388|A/trumpeter_swan/IL/24-038496-001/2024|H5N1|USA-IL|Pike|2024-12-18|wild_avian|D1.1,Mississippi,Mississippi
1013,632,0.127712222090641,-105.343656865827,32.0773911262619,-105.747030500044,31.3536998887307,0.498384387880034,0.370672165789393,2024.83403641179,2024.96174863388,SRR36617748|A/canada_goose/MO/24-038745-013/2024|H5N1|USA-MO|St_Charles|2024-12-18|wild_avian|D1.1,Mississippi,Mississippi
999,670,0.017729030967821,-108.012810431946,36.4129634643766,-107.74450825029,36.8436322614741,0.498384387880034,0.480655356912213,2024.94401960291,2024.96174863388,SRR36617758|A/mallard_duck/MO/24-038745-003/2024|H5N1|USA-MO|Nodaway|2024-12-18|wild_avian|D1.1,Mississippi,Mississippi
781,783,0.101795444254648,-83.0011009571574,38.6364820230445,-84.4305302517981,39.9631370143022,0.500921882731216,0.399126438476568,2024.86249068448,2024.96428612873,NA,Atlantic,Atlantic
827,24,0.206139807203662,-120.269537284285,39.451078019039,-103.645615246673,48.109358741193,0.50111662831716,0.294976821113498,2024.75834106711,2024.96448087432,SRR36617586|A/canada_goose/WY/24-038662-001/2024|H5N1|USA-WY|Big_Horn|2024-12-19|wild_avian|D1.1,Mississippi,Central
692,248,0.199287147640083,-99.4883870319649,35.8578386074148,-99.4883870319649,35.8578386074148,0.50111662831716,0.301829480677078,2024.76519372668,2024.96448087432,SRR36617986|A/green_winged_teal/VA/24-038857-002/2024|H5N1|USA-VA|Virginia_Beach|2024-12-19|wild_avian|D1.1,Pacific,Atlantic
1103,331,0.107296697021048,-103.924945366579,46.8365924153267,-100.567490114659,44.5293194163072,0.50111662831716,0.393819931296112,2024.8571841773,2024.96448087432,SRR36617982|A/wood_duck/VA/24-038859-013/2024|H5N1|USA-VA|Henrico|2024-12-19|wild_avian|D1.1,Atlantic,Atlantic
1334,591,0.0737979468152401,-118.349443648553,41.0183144164151,-111.722128036697,42.3882056465305,0.50111662831716,0.42731868150192,2024.8906829275,2024.96448087432,SRR36617572|A/green_winged_teal/SC/25-000649-005/2024|H5N1|USA-SC|Charleston|2024-12-19|wild_avian|D1.1,Mississippi,Atlantic
791,119,0.0404039941969778,-75.2242229132508,41.9389928267919,-79.6453843696218,36.2856234938106,0.50111662831716,0.460712634120183,2024.92407688012,2024.96448087432,SRR31959989|A/chicken/VT/24-038443-001-original/2024|H5N1|USA-VT|Unknown|2024-12-19|domestic_avian|D1.1,Atlantic,Atlantic
804,40,0.0341278866387814,-107.155745980599,42.0492469538786,-116.230964585325,38.1075228405195,0.50111662831716,0.466988741678379,2024.93035298768,2024.96448087432,SRR36617304|A/bald_eagle/GA/25-001590-001/2024|H5N1|USA-GA|Fulton|2024-12-19|wild_avian|D1.1,Mississippi,Atlantic
707,246,0.261853444682879,-103.535266267958,35.7165055228372,-85.9187559297758,34.9937473412478,0.503848868754287,0.241995424071408,2024.70535967007,2024.96721311475,SRR36617580|A/mallard_duck/WA/25-000523-001/2024|H5N1|USA-WA|Grant|2024-12-20|wild_avian|D1.1,Pacific,Pacific
815,23,0.106716283636502,-111.58689831314,41.8805669439618,-116.804870265552,40.6160036481072,0.503848868754287,0.397132585117784,2024.86049683112,2024.96721311475,SRR36617991|A/Peregrine_falcon/NY/24-038845-001/2024|H5N1|USA-NY|Cortland|2024-12-20|wild_avian|D1.1,Atlantic,Atlantic
769,49,0.0507536358095537,-77.2612226019903,40.0929056545426,-76.7125036669735,39.7138163106078,0.503848868754287,0.453095232944733,2024.91645947894,2024.96721311475,SRR36617989|A/cooper_s_hawk/NY/24-038846-001/2024|H5N1|USA-NY|Cayuga|2024-12-20|wild_avian|D1.1,Atlantic,Atlantic
1327,562,0.214005336750734,-109.916432320432,31.372340250872,-110.547110392186,32.3263354294903,0.506581109191413,0.292575772440678,2024.75594001844,2024.96994535519,SRR36628199|A/wild_goose/NE/24-038832-001/2024|H5N1|USA-NE|Douglas|2024-12-21|wild_avian|D1.1,Mississippi,Central
1009,673,0.136374583401614,-94.5185863294444,35.0141539661563,-93.045834037344,41.5056648244978,0.512045590065892,0.375671006664279,2024.83903525266,2024.97540983607,SRR36617878|A/western_gull/CA/25-004506-003/2024|H5N1|USA-CA|Monterey|2024-12-23|wild_avian|D1.1,Pacific,Pacific
805,806,0.0457579353432526,-107.050774408094,41.9996956730234,-106.480005222297,44.8841096979685,0.514599683947311,0.468841748604059,2024.9322059946,2024.97796392995,NA,Mississippi,Mississippi
986,637,0.101762418424741,-116.169672023032,34.1568684277875,-113.605279886642,33.7906925964402,0.514777830503019,0.413015412078278,2024.87637965808,2024.9781420765,SRR36617972|A/canada_goose/SD/24-038946-001/2024|H5N1|USA-SD|Union|2024-12-24|wild_avian|D1.1,Central,Central
868,164,0.200612613506159,-89.5461097994142,31.1595295655557,-84.2236032822575,31.8212969711565,0.525706792251523,0.325094178745364,2024.78845842475,2024.98907103825,SRR36617711|A/american_wigeon/SC/25-000504-002/2024|H5N1|USA-SC|Colleton|2024-12-28|wild_avian|D1.1,Mississippi,Atlantic
1031,559,0.123257715266061,-121.044203623555,36.8239935730535,-120.901020456771,37.1578053862348,0.525706792251523,0.402449076985462,2024.86581332299,2024.98907103825,SRR36617718|A/snow_goose/CO/25-000365-002/2024|H5N1|USA-CO|Pueblo|2024-12-28|wild_avian|D1.1,Central,Central
1083,300,0.0482749080162922,-79.7400805419776,33.6405880919838,-79.8173370638866,33.9797411101021,0.525706792251523,0.477431884235231,2024.94079613023,2024.98907103825,SRR36617328|A/snow_goose/NC/25-001068-002/2024|H5N1|USA-NC|Hyde|2024-12-28|wild_avian|D1.1,Atlantic,Atlantic
959,236,0.354656230555826,-104.437551179479,30.5987032757421,-89.6306625251956,31.608003074079,0.531171273126003,0.176515042570177,2024.63987928857,2024.99453551913,SRR36617726|A/canada_goose/OH/25-000228-002/2024|H5N1|USA-OH|Stark|2024-12-30|wild_avian|D1.1,Central,Mississippi
1013,633,0.16049910733661,-105.343656865827,32.0773911262619,-103.851730820158,36.363303898169,0.531171273126003,0.370672165789393,2024.83403641179,2024.99453551913,SRR36617313|A/snow_goose/TN/25-001379-007/2024|H5N1|USA-TN|Humphreys|2024-12-30|wild_avian|D1.1,Mississippi,Mississippi
770,54,0.0859955520431643,-75.3176731488407,40.8099174556096,-75.5387862891527,41.1962421686164,0.531171273126003,0.445175721082839,2024.90853996708,2024.99453551913,SRR36628766|A/lesser_snow_goose/PA/25-000167-005/2024|H5N1|USA-PA|Northampton|2024-12-30|wild_avian|D1.1,Atlantic,Atlantic
737,74,0.0533626815654188,-76.838126609588,42.6127725236051,-76.3219649154712,42.2425580786412,0.531171273126003,0.477808591560584,2024.94117283756,2024.99453551913,SRR36617737|A/lesser_snow_goose/PA/25-000169-003/2024|H5N1|USA-PA|Lehigh|2024-12-30|wild_avian|D1.1,Atlantic,Atlantic
874,161,0.191767842926173,-91.9522518369248,31.9295756675558,-88.07058734155,38.2991980158679,0.533903513563129,0.342135670636956,2024.80549991664,2024.99726775956,SRR32006892|A/chicken/WV/25-000049-006-original/2024|H5N1|USA-WV|Unknown|2024-12-31|domestic_avian|D1.1,Mississippi,Atlantic
794,121,0.0834655384502849,-78.7327582633332,41.5285421303997,-76.4876267914034,40.2902631505633,0.533903513563129,0.450437975112844,2024.91380222111,2024.99726775956,SRR36617325|A/snow_goose/MA/25-001222-002/2024|H5N1|USA-MA|Dorchester|2024-12-31|wild_avian|D1.1,Atlantic,Atlantic
772,52,0.0423341661903295,-74.5742471274428,41.2202810789521,-76.3113773090503,43.1658202915613,0.533903513563129,0.4915693473728,2024.95493359337,2024.99726775956,SRR36617326|A/snow_goose/MA/25-001222-001/2024|H5N1|USA-MA|Dorchester|2024-12-31|wild_avian|D1.1,Atlantic,Atlantic
749,750,0.0555832821520585,-71.5440217967961,42.0590193883345,-71.5582981250391,42.0893712182442,0.537789032310486,0.482205750158427,2024.94556999616,2025.00115327831,NA,Atlantic,Atlantic
931,147,0.27495586355023,-98.868170577148,34.3526704310934,-99.2226127841632,31.578684660141,0.539375480027613,0.264419616477383,2024.72778386248,2025.00273972603,SRR32226683|A/Canada_Goose/IL/25-000616-010/2025|H5N1|USA-IL|Cook|2025-01-02|wild_avian|D1.1,Mississippi,Mississippi
932,145,0.255425444548825,-96.1770864358726,33.8786256368294,-96.8733323626863,39.5661311796944,0.539375480027613,0.283950035478788,2024.74731428148,2025.00273972603,SRR32254443|A/snow_goose/AL/25-001388-002/2025|H5N1|USA-AL|Limestone|2025-01-02|wild_avian|D1.1,Mississippi,Mississippi
844,268,0.245596716601078,-115.302780969987,42.6940909314823,-116.862754366353,41.3142175775481,0.539375480027613,0.293778763426535,2024.75714300943,2025.00273972603,SRR32416368|A/Canada_Goose/TN/25-003129-001-original/2025|H5N1|USA-TN|Unknown|2025-01-02|wild_avian|D1.1,Mississippi,Mississippi
1044,539,0.143766063589776,-107.511302970628,32.6146260516498,-103.749346971454,31.4242961938973,0.539375480027613,0.395609416437837,2024.85897366244,2025.00273972603,SRR32226691|A/Canada_Goose/IL/25-000616-002/2025|H5N1|USA-IL|Cook|2025-01-02|wild_avian|D1.1,Mississippi,Mississippi
1108,327,0.129330313748789,-100.780736676997,43.5649287604496,-98.8183524201723,46.734541131846,0.539375480027613,0.410045166278824,2024.87340941228,2025.00273972603,SRR32254425|A/bald_eagle/SC/25-000782-001/2025|H5N1|USA-SC|Charleston|2025-01-02|wild_avian|D1.1,Atlantic,Atlantic
984,643,0.0909364653180416,-115.908782503816,32.8786841872589,-115.728571534838,35.7401954573573,0.539375480027613,0.448439014709571,2024.91180326071,2025.00273972603,SRR36617578|A/red_tailed_hawk/IA/25-000527-002/2024|H5N1|USA-IA|Polk|2025-01-02|wild_avian|D1.1,Central,Mississippi
792,120,0.0696777403229837,-75.5948460587754,42.5816831176209,-75.5738405895495,40.4121014920367,0.539375480027613,0.469697739704629,2024.9330619857,2025.00273972603,SRR32006864|A/chicken/DE/25-000201-001-original/2025|H5N1|USA-DE|Unknown|2025-01-02|domestic_avian|D1.1,Atlantic,Atlantic
1106,324,0.0616246653883904,-100.072845220989,42.4370559148885,-100.313145558748,42.5577397019444,0.539375480027613,0.477750814639222,2024.94111506064,2025.00273972603,SRR32868825|A/Canada_Goose/WV/25-001893-003-original/2025|H5N1|USA-WV|Unknown|2025-01-02|wild_avian|D1.1,Atlantic,Atlantic
782,101,0.056651906856787,-83.0013443344787,37.833191670532,-83.6015322645728,36.6953899251497,0.539375480027613,0.482723573170826,2024.94608781917,2025.00273972603,SRR32254418|A/canada_goose/RI/25-001721-001/2025|H5N1|USA-RI|Newport|2025-01-02|wild_avian|D1.1,Atlantic,Atlantic
772,51,0.047806132654813,-74.5742471274428,41.2202810789521,-74.6254682597024,41.0639149758637,0.539375480027613,0.4915693473728,2024.95493359337,2025.00273972603,SRR32254446|A/red_tailed_hawk/PA/25-001322-001/2025|H5N1|USA-PA|Northampton|2025-01-02|wild_avian|D1.1,Atlantic,Atlantic
1350,567,0.239459040934156,-119.599450107911,38.8628845082455,-108.532620402202,36.9082746101868,0.54211520605497,0.302656165120814,2024.76602041112,2025.00547945205,SRR32254439|A/snow_goose/NM/25-001448-001/2025|H5N1|USA-NM|Socorro|2025-01-03|wild_avian|D1.1,Central,Central
769,53,0.0890199731102372,-77.2612226019903,40.0929056545426,-78.5755909064198,38.4271888911442,0.54211520605497,0.453095232944733,2024.91645947894,2025.00547945205,SRR32254501|A/snow_goose/NJ/25-000806-001/2025|H5N1|USA-NJ|Morris|2025-01-03|wild_avian|D1.1,Atlantic,Atlantic
1012,631,0.292959855373623,-110.557423775272,34.6000397853537,-109.23197522691,38.7003069102517,0.547594658109912,0.254634802736289,2024.71799904874,2025.01095890411,SRR32226692|A/Great_Horned_Owl/IA/25-000440-001/2025|H5N1|USA-IA|Polk|2025-01-05|wild_avian|D1.1,Central,Mississippi
1342,598,0.188981927829257,-109.486355184685,42.5989608373301,-112.770358944473,37.0931903662969,0.547594658109912,0.358612730280656,2024.82197697628,2025.01095890411,SRR32125546|A/chicken/OR/25-000540-001-original/2025|H5N1|USA-OR|Unknown|2025-01-05|domestic_avian|D1.1,Pacific,Pacific
771,50,0.0640526665272397,-74.7811026338029,41.044726867467,-74.7067131999202,41.2196444564874,0.547594658109912,0.483541991582673,2024.94690623758,2025.01095890411,SRR32254496|A/snow_goose/NJ/25-000810-002/2025|H5N1|USA-NJ|Warren|2025-01-05|wild_avian|D1.1,Atlantic,Atlantic
968,628,0.250462046842252,-109.999217065696,37.8356093292401,-112.085931078923,38.5242117221565,0.55033438413727,0.299872337295018,2024.76323658329,2025.01369863014,SRR32254472|A/red_tailed_hawk/ID/25-001246-001/2025|H5N1|USA-ID|Unknown|2025-01-06|wild_avian|D1.1,Pacific,Pacific
743,99,0.220116660499653,-75.3572390081823,41.4131843464932,-75.2301372925104,41.7406142245334,0.55033438413727,0.330217723637616,2024.79358196964,2025.01369863014,SRR32254487|A/canada_goose/NY/25-000858-002/2025|H5N1|USA-NY|Saratoga|2025-01-06|wild_avian|D1.1,Atlantic,Atlantic
871,163,0.194116199264851,-94.9541327205073,32.2850143470598,-94.6054171594607,30.9936554657976,0.55033438413727,0.356218184872418,2024.81958243087,2025.01369863014,SRR32125549|A/chicken/GA/25-000538-001-original/2025|H5N1|USA-GA|Unknown|2025-01-06|domestic_avian|D1.1,Mississippi,Atlantic
949,135,0.102856663028514,-95.4364190781401,41.7276020583947,-96.5186552204245,41.3582838232133,0.55033438413727,0.447477721108756,2024.91084196711,2025.01369863014,SRR32254451|A/red_tailed_hawk/WI/25-001295-001/2025|H5N1|USA-WI|Columbia|2025-01-06|wild_avian|D1.1,Mississippi,Mississippi
834,27,0.0760366432202824,-113.511772000601,44.0560063950858,-117.931627713573,41.3948152200943,0.55033438413727,0.474297740916987,2024.93766198692,2025.01369863014,SRR32125547|A/chicken/ID/25-000539-001-original/2025|H5N1|USA-ID|Unknown|2025-01-06|domestic_avian|D1.1,Pacific,Pacific
974,663,0.213491782348864,-118.597193934673,34.5756883346356,-118.58967078515,37.6227387018617,0.553074110164627,0.339582327815763,2024.80294657382,2025.01643835616,SRR32416436|A/mallard/LA/25-001905-003/2025|H5N1|USA-LA|Richland|2025-01-07|wild_avian|D1.1,Central,Mississippi
1141,337,0.109043700990261,-107.010845743704,36.1162968637057,-104.466350330697,33.6877541058064,0.553074110164627,0.444030409174366,2024.90739465517,2025.01643835616,SRR32254489|A/cackling_goose/CO/25-000848-001/2025|H5N1|USA-CO|Weld|2025-01-07|wild_avian|D1.1,Central,Central
679,281,0.555813836191984,-107.575633624141,38.7333143529052,-114.781390262227,37.4961083509187,0.555813836191984,0,2024.463364246,2025.01917808219,SRR33508711|A/barn_owl/AZ/25-000514-002/2025|H5N1|USA-AZ|Maricopa|2025-01-08|wild_avian|D1.1,Pacific,Pacific
1065,529,0.219774492717586,-107.820822025815,39.5700464474701,-90.3791804948078,41.011296996053,0.555813836191984,0.336039343474398,2024.79940358947,2025.01917808219,SRR32512601|A/american_wigeon/AZ/25-004049-003/2025|H5N1|USA-AZ|Mohave|2025-01-08|wild_avian|D1.1,Central,Pacific
705,258,0.226489522057642,-108.615873785536,33.8107731141754,-89.0514854302284,39.0832558804872,0.558553562219342,0.3320640401617,2024.79542828616,2025.02191780822,SRR32254417|A/bald_eagle/AL/25-001791-001/2025|H5N1|USA-AL|Baldwin|2025-01-09|wild_avian|D1.1,Pacific,Mississippi
966,626,0.319195105416701,-112.639797628564,45.4417883592167,-113.805929684094,32.6896527767947,0.566772740301641,0.24757763488494,2024.71094188088,2025.0301369863,SRR33029793|A/Trumpeter_Swan/MN/25-002569-001-original/2025|H5N1|USA-MN|Unknown|2025-01-12|wild_avian|D1.1,Pacific,Mississippi
712,239,0.309130938725576,-102.456559807365,37.5572074103251,-81.2236673339711,39.6616220411172,0.569512466328999,0.260381527603423,2024.7237457736,2025.03287671233,SRR32416354|A/American_Woodcock/AR/25-003125-001-original/2025|H5N1|USA-AR|Unknown|2025-01-13|wild_avian|D1.1,Pacific,Mississippi
795,123,0.109717570276622,-81.3846544687202,41.7035024607533,-81.7428085242312,41.134550225029,0.569512466328999,0.459794896052376,2024.92315914205,2025.03287671233,SRR32254429|A/snow_goose/NY/25-001673-001/2025|H5N1|USA-NY|Ontario|2025-01-13|wild_avian|D1.1,Atlantic,Atlantic
782,102,0.0867888931581731,-83.0013443344787,37.833191670532,-83.1322289019743,40.9757344929665,0.569512466328999,0.482723573170826,2024.94608781917,2025.03287671233,SRR32254427|A/mallard/VT/25-001682-012/2025|H5N1|USA-VT|Grand_Isle|2025-01-13|wild_avian|D1.1,Atlantic,Atlantic
981,982,0.164540878089301,-116.910552851246,32.5761293656478,-118.942726088911,37.3203818059975,0.571269370770618,0.406728492681317,2024.87009273868,2025.03463361677,NA,Central,Central
863,157,0.305653996765913,-94.738567958558,30.8499796453917,-90.8953230517429,40.5910336668508,0.572252192356356,0.266598195590443,2024.72996244159,2025.03561643836,SRR33508814|A/lesser_scaup/FL/25-003912-002/2025|H5N1|USA-FL|Indian_River|2025-01-14|wild_avian|D1.1,Mississippi,Atlantic
997,664,0.275753211804907,-112.738316482151,34.4660267349383,-115.359640978335,42.4947298625315,0.574991918383714,0.299238706578806,2024.76260295258,2025.03835616438,SRR32416380|A/Wood_Duck/MS/25-002206-001-original/2025|H5N1|USA-MS|Unknown|2025-01-15|wild_avian|D1.1,Central,Mississippi
1029,289,0.290642353356332,-118.720864562652,41.2043433521556,-110.157632947552,48.7029706705646,0.577731644411298,0.287089291054967,2024.75045353705,2025.04109589041,SRR32653596|A/Weasel/WA/25-002912-001-original-repeat2/2025|H5N1|USA-WA|Unknown|2025-01-16|other_mammal|D1.1,Central,Pacific
1000,667,0.244548686703697,-108.226310885687,35.7983374666158,-102.292793349889,42.1653222670427,0.577731644411298,0.333182957707602,2024.79654720371,2025.04109589041,SRR32513187|A/great_horned_owl/WY/25-002742-001/2025|H5N1|USA-WY|Goshen|2025-01-16|wild_avian|D1.1,Central,Central
778,114,0.118654250203446,-82.5252219256435,38.1659040528497,-81.4491554128549,39.6271970088295,0.577731644411298,0.459077394207853,2024.92244164021,2025.04109589041,SRR32513297|A/red_tailed_hawk/PA/25-003148-002/2025|H5N1|USA-PA|Lehigh|2025-01-16|wild_avian|D1.1,Atlantic,Atlantic
982,639,0.00646227364068042,-118.942726088911,37.3203818059975,-118.94779520159,36.8534805330103,0.577731644411298,0.571269370770618,2025.03463361677,2025.04109589041,SRR32254412|A/cat/SD/25-002248-001/2025|H5N1|USA-SD|Faulk|2025-01-16|feline|D1.1,Central,Central
982,640,0.00646227364068042,-118.942726088911,37.3203818059975,-118.224572885658,36.6156591228936,0.577731644411298,0.571269370770618,2025.03463361677,2025.04109589041,SRR32254411|A/cat/SD/25-002248-002/2025|H5N1|USA-SD|Faulk|2025-01-16|feline|D1.1,Central,Central
888,889,0.188574288829485,-104.393005859386,44.5400489987819,-99.3506017625682,37.4348718916428,0.578598363936238,0.390024075106753,2024.85338832111,2025.04196260994,NA,Atlantic,Mississippi
783,103,0.07954948770744,-84.4305302517981,39.9631370143022,-84.7314016278903,39.7995475791357,0.580471370438656,0.500921882731216,2024.96428612873,2025.04383561644,SRR32513176|A/mallard/NH/25-003045-054/2025|H5N1|USA-NH|Merrimack|2025-01-17|wild_avian|D1.1,Atlantic,Atlantic
783,104,0.07954948770744,-84.4305302517981,39.9631370143022,-84.386217869602,40.0056057120542,0.580471370438656,0.500921882731216,2024.96428612873,2025.04383561644,SRR32416416|A/mallard/NH/25-003045-041/2025|H5N1|USA-NH|Merrimack|2025-01-17|wild_avian|D1.1,Atlantic,Atlantic
704,260,0.205807221295485,-108.639627062437,33.9631293587768,-112.411568111974,36.1199089297861,0.583211096466013,0.377403875170528,2024.84076812117,2025.04657534247,SRR32513271|A/great_horned_owl/NM/25-002820-001/2025|H5N1|USA-NM|Chaves|2025-01-18|wild_avian|D1.1,Pacific,Central
806,807,0.075221712180224,-106.480005222297,44.8841096979685,-107.899462585548,43.9160186022217,0.589821396127535,0.514599683947311,2024.97796392995,2025.05318564213,NA,Mississippi,Mississippi
807,808,0.00109301751307112,-107.899462585548,43.9160186022217,-108.216463012697,43.5091649660902,0.590914413640606,0.589821396127535,2025.05318564213,2025.05427865964,NA,Mississippi,Mississippi
1341,597,0.263842598627639,-109.868539713146,42.934552817026,-111.128895125804,37.9792883686223,0.591430274548313,0.327587675920674,2024.79095192192,2025.05479452055,SRR32254304|A/cattle/NV/25-002645-003-original/2025|H5N1|USA-NV|Unknown|2025-01-21|cattle|D1.1,Pacific,Pacific
842,277,0.197261059783162,-122.621580792982,43.2057020992016,-110.687852868827,42.2800473138303,0.591430274548313,0.394169214765151,2024.85753346076,2025.05479452055,SRR33125070|A/Great_Horned_Owl/MT/25-006102-001-original/2025|H5N1|USA-MT|Unknown|2025-01-21|wild_avian|D1.1,Central,Central
805,32,0.122588525944254,-107.050774408094,41.9996956730234,-108.77704046874,38.623577613853,0.591430274548313,0.468841748604059,2024.9322059946,2025.05479452055,SRR34980358|A/bald_eagle/WI/25-021326-002/2025|H5N1|USA-WI|Door|2025-01-21|wild_avian|D1.1,Mississippi,Mississippi
1061,1062,0.266923786113152,-103.382940299077,38.2740768031164,-93.2528722821259,34.6877056820108,0.591607140306348,0.324683354193196,2024.78804760019,2025.05497138631,NA,Mississippi,Central
1118,1119,0.129070980689826,-118.078764193417,38.1913109425449,-118.856646382518,38.0104287028155,0.592204688433263,0.463133707743437,2024.92649795374,2025.05556893443,NA,Pacific,Pacific
1219,1220,0.120869682229759,-112.673229326334,39.8496833146014,-96.7232769136476,45.4182403002672,0.593302927094407,0.472433244864648,2024.93579749086,2025.05666717309,NA,Central,Pacific
808,809,0.00296725904745709,-108.216463012697,43.5091649660902,-107.114468478294,43.5954883859845,0.593881672688063,0.590914413640606,2025.05427865964,2025.05724591869,NA,Mississippi,Mississippi
702,253,0.309721172442982,-103.277405980603,32.0019305679516,-97.1667070540142,42.3275476506268,0.59417000057567,0.284448828132688,2024.74781307413,2025.05753424658,GenBank|A/chicken/WA/W250220054-7/2025|H5N1|USA-WA|Unknown|2025-01-22|domestic_avian|D1.1,Pacific,Pacific
890,214,0.241669457139095,-94.4670891369711,34.368727643719,-89.2281185253601,35.332614668099,0.59417000057567,0.352500543436575,2024.81586478944,2025.05753424658,SRR32416465|A/bald_eagle/OK/25-003111-001/2025|H5N1|USA-OK|Le_Flore|2025-01-22|wild_avian|D1.1,Mississippi,Central
1084,303,0.151351018269148,-78.83632085918,40.3411262816956,-80.080721402582,36.4316811088147,0.59417000057567,0.442818982306522,2024.90618322831,2025.05753424658,SRR32513231|A/snow_goose/VA/25-004135-011/2025|H5N1|USA-VA|Northampton|2025-01-22|wild_avian|D1.1,Atlantic,Atlantic
1048,531,0.139916223385157,-106.952441418756,36.9464413736104,-107.497159829203,38.6041796438027,0.59417000057567,0.454253777190513,2024.91761802319,2025.05753424658,SRR32512591|A/canada_goose/KY/25-004132-002/2025|H5N1|USA-KY|Kenton|2025-01-22|wild_avian|D1.1,Mississippi,Mississippi
760,91,0.128508668381736,-70.2627541522936,41.7072258898922,-70.2810523426077,41.656755063834,0.59417000057567,0.465661332193934,2024.92902557819,2025.05753424658,SRR32512620|A/great_horned_owl/MA/25-003297-003/2025|H5N1|USA-MA|Barnstable|2025-01-22|wild_avian|D1.1,Atlantic,Atlantic
749,89,0.111964250417243,-71.5440217967961,42.0590193883345,-72.7411686634024,41.8887868498169,0.59417000057567,0.482205750158427,2024.94556999616,2025.05753424658,SRR32512553|A/canada_goose/MA/25-003297-004/2025|H5N1|USA-MA|Plymouth|2025-01-22|wild_avian|D1.1,Atlantic,Atlantic
889,209,0.0155716366394317,-99.3506017625682,37.4348718916428,-98.5759891808035,36.8945337225549,0.59417000057567,0.578598363936238,2025.04196260994,2025.05753424658,SRR33029806|A/raccoon/KY/25-006499-002/2025|H5N1|USA-KY|Boone|2025-01-22|other_mammal|D1.1,Mississippi,Mississippi
1204,1205,0.112236152138689,-110.985858133351,33.4107298567095,-114.621633754765,38.1063635984524,0.594628898191655,0.482392746052966,2024.94575699205,2025.05799314419,NA,Central,Central
808,810,0.00419125516654439,-108.216463012697,43.5091649660902,-107.743939293258,44.2213203770507,0.595105668807151,0.590914413640606,2025.05427865964,2025.05846991481,NA,Mississippi,Mississippi
1204,1208,0.112962621456536,-110.985858133351,33.4107298567095,-112.819600833262,33.1369774114238,0.595355367509502,0.482392746052966,2024.94575699205,2025.05871961351,NA,Central,Central
1355,284,0.322364191410239,-117.030886027988,36.6380149968702,-120.21551107067,41.5868686615814,0.596909726603027,0.274545535192788,2024.73790978119,2025.0602739726,SRR32415199|A/chicken/OR/25-003575-001-original/2025|H5N1|USA-OR|Unknown|2025-01-23|domestic_avian|D1.1,Pacific,Pacific
766,48,0.187885557098985,-74.567719710385,42.4385402452197,-73.9309898441151,42.1078899069973,0.596909726603027,0.409024169504043,2024.8723884155,2025.0602739726,SRR32512673|A/american_black_duck/CT/25-003143-002/2025|H5N1|USA-CT|New_Haven|2025-01-23|wild_avian|D1.1,Atlantic,Atlantic
763,96,0.147037166017457,-70.4659992380871,43.7133468231949,-70.4634461162035,43.568799949378,0.596909726603027,0.44987256058557,2024.91323680659,2025.0602739726,SRR32512597|A/canada_goose/ME/25-003295-004/2025|H5N1|USA-ME|York|2025-01-23|wild_avian|D1.1,Atlantic,Atlantic
960,234,0.145156432591405,-98.8705178435087,31.8608541479044,-100.858501567396,35.7912243989328,0.596909726603027,0.451753294011622,2024.91511754001,2025.0602739726,SRR32654188|A/Turkey/NE/25-002670-003-original/2025|H5N1|USA-NE|Unknown|2025-01-23|domestic_avian|D1.1,Central,Central
1119,1120,0.00693929492801459,-118.856646382518,38.0104287028155,-118.742259468018,38.0003667630542,0.599143983361278,0.592204688433263,2025.05556893443,2025.06250822936,NA,Pacific,Pacific
1118,623,0.136515744886948,-118.078764193417,38.1913109425449,-119.242891799363,38.055784542166,0.599649452630385,0.463133707743437,2024.92649795374,2025.06301369863,SRR33125090|A/western_gull/CA/25-004499-005/2025|H5N1|USA-CA|San_Mateo|2025-01-24|wild_avian|D1.1,Pacific,Pacific
1006,645,0.261468763097682,-109.754865649526,32.8057741892944,-101.434887374551,44.941339804323,0.602389178657742,0.34092041556006,2024.80428466156,2025.06575342466,SRR32654185|A/chicken/IN/25-002875-001-original/2025|H5N1|USA-IN|Unknown|2025-01-25|domestic_avian|D1.1,Central,Mississippi
1085,321,0.129561993414504,-78.7568084395476,42.3784314040336,-77.4796360216517,42.9673690367158,0.602389178657742,0.472827185243238,2024.93619143124,2025.06575342466,SRR32654186|A/chicken/DE/25-002825-001-original/2025|H5N1|USA-DE|Unknown|2025-01-25|domestic_avian|D1.1,Atlantic,Atlantic
820,821,0.156546680368699,-112.029872132059,40.6203089731627,-113.749629371985,40.0178168257529,0.602774457155641,0.446227776786943,2024.90959202279,2025.06613870316,NA,Atlantic,Atlantic
1121,1122,0.317558687680431,-119.427020018954,38.679194215778,-113.670821989409,38.1945170614508,0.607122356499102,0.289563668818671,2024.75292791482,2025.0704866025,NA,Pacific,Pacific
1324,614,0.29892492025944,-108.17059018841,34.0542052484202,-95.24575828493,47.0647821850514,0.607868630712684,0.308943710453244,2024.77230795645,2025.07123287671,SRR32416454|A/bald_eagle/FL/25-003208-001/2025|H5N1|USA-FL|Lee|2025-01-27|wild_avian|D1.1,Central,Atlantic
874,160,0.265732960075729,-91.9522518369248,31.9295756675558,-90.7125940764085,39.9376002416169,0.607868630712684,0.342135670636956,2024.80549991664,2025.07123287671,SRR32513218|A/vulture/LA/25-003600-001/2025|H5N1|USA-LA|Orleans|2025-01-27|wild_avian|D1.1,Mississippi,Mississippi
978,634,0.238935758362198,-114.6723130993,35.7943831736453,-121.287004537463,45.3868673451457,0.607868630712684,0.368932872350487,2024.83229711835,2025.07123287671,SRR32512607|A/canada_goose/CO/25-003832-001/2025|H5N1|USA-CO|Chaffee|2025-01-27|wild_avian|D1.1,Central,Central
986,636,0.194853218634407,-116.169672023032,34.1568684277875,-117.767709468131,41.3425380804479,0.607868630712684,0.413015412078278,2024.87637965808,2025.07123287671,SRR32654124|A/Guineafowl/NE/25-003247-003-original/2025|H5N1|USA-NE|Unknown|2025-01-27|domestic_avian|D1.1,Central,Central
1216,511,0.180676649007445,-114.067971904531,36.6759406005198,-114.49174875826,39.3307745172927,0.607868630712684,0.427191981705239,2024.89055622771,2025.07123287671,SRR32416347|A/canada_goose/ND/25-003472-002/2025|H5N1|USA-ND|Oliver|2025-01-27|wild_avian|D1.1,Central,Central
1049,538,0.149293054058933,-107.875691709457,36.3733265878878,-103.537957332445,33.6708842573706,0.610608356740042,0.461315302681109,2024.92467954868,2025.07397260274,SRR32653672|A/Canada_Goose/WV/25-005199-001-original/2025|H5N1|USA-WV|Unknown|2025-01-28|wild_avian|D1.1,Mississippi,Atlantic
926,223,0.145053518384352,-85.7445798507304,36.1635541821539,-88.3760451389388,37.810587481271,0.610608356740042,0.465554838355689,2024.92891908436,2025.07397260274,SRR33125126|A/Red-tailed_Hawk/MO/25-004415-009-original/2025|H5N1|USA-MO|Unknown|2025-01-28|wild_avian|D1.1,Mississippi,Mississippi
1355,283,0.338802547574611,-117.030886027988,36.6380149968702,-116.46691562052,37.3295361380445,0.613348082767399,0.274545535192788,2024.73790978119,2025.07671232877,SRR32513288|A/red_tailed_hawk/UT/25-003824-002/2025|H5N1|USA-UT|Unknown|2025-01-29|wild_avian|D1.1,Pacific,Pacific
1005,656,0.310782708650642,-108.52495444005,36.2252524813686,-115.675167952494,34.4749253293702,0.613348082767399,0.302565374116757,2024.76592962012,2025.07671232877,SRR32513289|A/red_tailed_hawk/TX/25-003592-003/2025|H5N1|USA-TX|Lubbock|2025-01-29|wild_avian|D1.1,Central,Central
1070,332,0.298503240452222,-120.168833586433,37.7435409313398,-105.137797630193,37.7641845485258,0.613348082767399,0.314844842315177,2024.77820908831,2025.07671232877,SRR32512666|A/canada_goose/MI/25-004311-003/2025|H5N1|USA-MI|Shiawassee|2025-01-29|wild_avian|D1.1,Central,Mississippi
1140,338,0.181235990326039,-106.94757804714,33.9842198284347,-111.009225869218,34.1435255729991,0.613348082767399,0.43211209244136,2024.89547633844,2025.07671232877,SRR32512557|A/cackling_goose/TX/25-003592-001/2025|H5N1|USA-TX|Lubbock|2025-01-29|wild_avian|D1.1,Central,Central
878,171,0.162540193245893,-91.8263981621292,38.0222395156659,-92.263204748694,37.9506521813329,0.613348082767399,0.450807889521506,2024.91417213552,2025.07671232877,SRR32804602|A/bald_eagle/OH/25-006046-002/2025|H5N1|USA-OH|Lorain|2025-01-29|wild_avian|D1.1,Mississippi,Mississippi
1212,516,0.162419901715233,-112.143708762805,37.4681826605886,-108.025550438031,36.4910494865689,0.613348082767399,0.450928181052166,2024.91429242705,2025.07671232877,SRR32512609|A/canada_goose/ND/25-003829-001/2025|H5N1|USA-ND|Mercer|2025-01-29|wild_avian|D1.1,Central,Central
797,118,0.135513861268438,-81.1916930900011,37.9794525748885,-81.2539694204622,38.2780187870054,0.613348082767399,0.477834221498961,2024.9411984675,2025.07671232877,SRR32512614|A/american_black_duck/CT/25-004298-002/2025|H5N1|USA-CT|New_Haven|2025-01-29|wild_avian|D1.1,Atlantic,Atlantic
1352,553,0.363392065503508,-115.236262739785,35.573596662701,-115.880147926865,37.9561345364101,0.616087808794757,0.252695743291248,2024.71605998929,2025.07945205479,SRR32513192|A/hawk/WY/25-004351-001/2025|H5N1|USA-WY|Fremont|2025-01-30|wild_avian|D1.1,Central,Central
916,230,0.247596403528904,-94.5425548859516,33.5488395438228,-92.9921858568523,36.2044698427317,0.616087808794757,0.368491405265853,2024.83185565127,2025.07945205479,SRR32654208|A/chicken/MO/25-003398-001-original/2025|H5N1|USA-MO|Unknown|2025-01-30|domestic_avian|D1.1,Mississippi,Mississippi
704,261,0.238683933624229,-108.639627062437,33.9631293587768,-95.3862535331949,30.9982238685595,0.616087808794757,0.377403875170528,2024.84076812117,2025.07945205479,SRR33508816|A/canada_goose/CA/25-003254-006/2025|H5N1|USA-CA|San_Luis_Obispo|2025-01-30|wild_avian|D1.1,Pacific,Pacific
888,211,0.226063733688003,-104.393005859386,44.5400489987819,-104.14612368973,43.1789367716002,0.616087808794757,0.390024075106753,2024.85338832111,2025.07945205479,SRR33125054|A/Mallard/MD/25-005882-005-original/2025|H5N1|USA-MD|Unknown|2025-01-30|wild_avian|D1.1,Atlantic,Atlantic
983,641,0.215510220712882,-116.406643800497,33.8169937078898,-113.800239427089,34.2475497630761,0.616087808794757,0.400577588081875,2024.86394183408,2025.07945205479,SRR33682350|A/Bobcat/KS/25-014574-001-original/2025|H5N1|USA-KS|Unknown|2025-01-30|feline|D1.1,Central,Central
1109,329,0.152129216553886,-98.4436825411957,44.4232752383478,-103.573052437964,48.1499449966168,0.616087808794757,0.463958592240871,2024.92732283824,2025.07945205479,SRR32513174|A/great_horned_owl/SC/25-004165-001/2025|H5N1|USA-SC|Charleston|2025-01-30|wild_avian|D1.1,Atlantic,Atlantic
810,811,0.0222564430005082,-107.743939293258,44.2213203770507,-106.993231932475,40.2632717829943,0.617362111807659,0.595105668807151,2025.05846991481,2025.08072635781,NA,Mississippi,Mississippi
818,20,0.15767823236618,-110.703168606922,41.124466551954,-108.793712413262,40.6664461850116,0.618827534822114,0.461149302455934,2024.92451354846,2025.08219178082,SRR32415153|A/chicken/MD/25-003830-002-original/2025|H5N1|USA-MD|Unknown|2025-01-31|domestic_avian|D1.1,Atlantic,Atlantic
1122,1123,0.0119262760072103,-113.670821989409,38.1945170614508,-112.54426195822,40.5732656896875,0.619048632506313,0.607122356499102,2025.0704866025,2025.08241287851,NA,Pacific,Pacific
1146,1147,0.167162809218506,-107.730858774227,36.4217711273287,-107.743327456464,36.3916280848401,0.619564066265917,0.452401257047411,2024.91576550305,2025.08292831227,NA,Central,Central
1343,1344,0.280006385351396,-110.381671919025,40.7082659254192,-107.87159968364,37.2735089876351,0.625497967302203,0.345491581950808,2024.80885582795,2025.0888622133,NA,Pacific,Pacific
1062,1063,0.0340016884893505,-93.2528722821259,34.6877056820108,-92.1513874959584,34.0716291697089,0.625608828795698,0.591607140306348,2025.05497138631,2025.0889730748,NA,Central,Central
692,247,0.325217232227336,-99.4883870319649,35.8578386074148,-94.7568217944223,39.7799519993745,0.627046712904413,0.301829480677078,2024.76519372668,2025.0904109589,SRR32512878|A/Duck/WA/25-004661-001-original/2025|H5N1|USA-WA|Unknown|2025-02-03|domestic_avian|D1.1,Pacific,Pacific
1343,604,0.281555130953606,-110.381671919025,40.7082659254192,-75.2873027022965,43.5908979028306,0.627046712904413,0.345491581950808,2024.80885582795,2025.0904109589,SRR32653680|A/Canada_Goose/FL/25-004847-003-original/2025|H5N1|USA-FL|Unknown|2025-02-03|wild_avian|D1.1,Pacific,Atlantic
925,221,0.240413791834126,-88.718474746878,38.4564802750044,-82.6137172914352,34.4072337810765,0.627046712904413,0.386632921070287,2024.84999716707,2025.0904109589,SRR32415110|A/chicken/LA/25-004414-001-original/2025|H5N1|USA-LA|Unknown|2025-02-03|domestic_avian|D1.1,Mississippi,Mississippi
1329,565,0.189990174736378,-109.450094483248,42.3907082134589,-107.383329340388,41.2771116293737,0.627046712904413,0.437056538168036,2024.90042078417,2025.0904109589,SRR32512655|A/canada_goose/CO/25-004662-001/2025|H5N1|USA-CO|Larimer|2025-02-03|wild_avian|D1.1,Pacific,Central
737,73,0.149238121343829,-76.838126609588,42.6127725236051,-75.1286514525007,42.8637165872042,0.627046712904413,0.477808591560584,2024.94117283756,2025.0904109589,SRR32513235|A/snow_goose/NY/25-004092-002/2025|H5N1|USA-NY|Tompkins|2025-02-03|wild_avian|D1.1,Atlantic,Atlantic
807,39,0.0372253167768783,-107.899462585548,43.9160186022217,-107.981774536847,43.9818358946281,0.627046712904413,0.589821396127535,2025.05318564213,2025.0904109589,SRR33508795|A/red_breasted_merganser/WI/25-005001-001/2025|H5N1|USA-WI|Milwaukee|2025-02-03|wild_avian|D1.1,Mississippi,Mississippi
1123,579,0.0079980803981009,-112.54426195822,40.5732656896875,-112.815028340835,40.7997006225022,0.627046712904413,0.619048632506313,2025.08241287851,2025.0904109589,SRR32415933|A/cattle/AZ/25-004003-001-original/2025|H5N1|USA-AZ|Unknown|2025-02-03|cattle|D1.1,Pacific,Pacific
1123,578,0.0079980803981009,-112.54426195822,40.5732656896875,-113.293873506653,39.4315159931859,0.627046712904413,0.619048632506313,2025.08241287851,2025.0904109589,SRR32415932|A/cattle/AZ/25-004003-002-original/2025|H5N1|USA-AZ|Unknown|2025-02-03|cattle|D1.1,Pacific,Pacific
1055,1056,0.239917496029607,-96.8629864973628,38.5467769157395,-99.6079529530448,40.4066557661465,0.627472777650611,0.387555281621004,2024.85091952762,2025.09083702365,NA,Mississippi,Mississippi
849,273,0.239647091589678,-119.510806617366,34.8448730677467,-119.234253625525,36.4044387066252,0.629786438931771,0.390139347342093,2024.85350359334,2025.09315068493,SRR32512649|A/Common_goldeneye/WY/25-004669-001/2025|H5N1|USA-WY|Natrona|2025-02-04|wild_avian|D1.1,Central,Central
797,117,0.15195221743281,-81.1916930900011,37.9794525748885,-81.2739323894362,37.8950999895844,0.629786438931771,0.477834221498961,2024.9411984675,2025.09315068493,SRR33125072|A/Great_Horned_Owl/CT/25-005886-001-original/2025|H5N1|USA-CT|Unknown|2025-02-04|wild_avian|D1.1,Atlantic,Atlantic
718,8,0.383451780113669,-106.442571245065,38.2550232408218,-108.319831498017,39.0659697352615,0.632526164959128,0.24907438484546,2024.71243863085,2025.09589041096,SRR32653594|A/Red-tailed_Hawk/NV/25-005369-001-original/2025|H5N1|USA-NV|Unknown|2025-02-05|wild_avian|D1.1,Pacific,Pacific
951,127,0.258486880727646,-103.741631381326,33.757324779347,-102.773456030535,31.0934010986006,0.632526164959128,0.374039284231482,2024.83740353023,2025.09589041096,SRR32512646|A/cougar/WI/25-004744-001/2025|H5N1|USA-WI|Redacted|2025-02-05|feline|D1.1,Mississippi,Mississippi
882,180,0.25223311793224,-107.110705735039,36.0156204173636,-109.79625108098,32.7199616858721,0.632526164959128,0.380293047026888,2024.84365729303,2025.09589041096,SRR33508810|A/bufflehead/MI/25-004779-004/2025|H5N1|USA-MI|St_Clair|2025-02-05|wild_avian|D1.1,Atlantic,Mississippi
880,173,0.158413264106079,-83.1574381256747,43.2822613335233,-83.510400021624,43.6563318140215,0.632526164959128,0.47411290085305,2024.93747714685,2025.09589041096,SRR33508812|A/bald_eagle/MI/25-004779-002/2025|H5N1|USA-MI|Tuscola|2025-02-05|wild_avian|D1.1,Mississippi,Mississippi
1213,514,0.155296486079767,-111.085883842664,34.5112889448455,-106.971367391555,32.6090160162464,0.632526164959128,0.477229678879361,2024.94059392488,2025.09589041096,SRR32513282|A/red_tailed_hawk/CO/25-004838-001/2025|H5N1|USA-CO|Weld|2025-02-05|wild_avian|D1.1,Central,Central
1205,1206,0.0388218017084776,-114.621633754765,38.1063635984524,-113.428825711698,33.1021760099805,0.633450699900133,0.594628898191655,2025.05799314419,2025.0968149459,NA,Central,Central
721,45,0.373169935860834,-117.463689540253,34.2910509270862,-114.88043598283,38.8321576660481,0.635265890986486,0.262095955125652,2024.72546020113,2025.09863013699,SRR32512905|A/chicken/SD/25-004736-001-original/2025|H5N1|USA-SD|Unknown|2025-02-06|domestic_avian|D1.1,Mississippi,Central
731,71,0.267430692226878,-77.350888955355,41.2649516729253,-76.8135810913951,38.8361973106378,0.635265890986486,0.367835198759608,2024.83119944476,2025.09863013699,SRR33125120|A/mallard/ME/25-006143-001/2025|H5N1|USA-ME|Kennebec|2025-02-06|wild_avian|D1.1,Atlantic,Atlantic
918,225,0.189479788096803,-95.8548457528023,31.4730916575724,-96.4650535553372,30.7916631951791,0.635265890986486,0.445786102889682,2024.90915034889,2025.09863013699,SRR32512588|A/bald_eagle/OH/25-004768-001/2025|H5N1|USA-OH|Unknown|2025-02-06|wild_avian|D1.1,Mississippi,Mississippi
760,92,0.169604558792552,-70.2627541522936,41.7072258898922,-70.3118957959902,41.6682247182383,0.635265890986486,0.465661332193934,2024.92902557819,2025.09863013699,SRR32868847|A/bufflehead/MA/25-007118-042/2025|H5N1|USA-MA|Barnstable|2025-02-06|wild_avian|D1.1,Atlantic,Atlantic
809,38,0.0413842182984223,-107.114468478294,43.5954883859845,-107.229257068797,43.7108849950071,0.635265890986486,0.593881672688063,2025.05724591869,2025.09863013699,SRR32653607|A/red_breasted_merganser/IL/25-005366-003/2025|H5N1|USA-IL|Cook|2025-02-06|wild_avian|D1.1,Mississippi,Mississippi
1344,1345,0.0113304763020426,-107.87159968364,37.2735089876351,-108.975843788595,40.6313914971266,0.636828443604246,0.625497967302203,2025.0888622133,2025.1001926896,NA,Pacific,Pacific
1103,330,0.244185685717731,-103.924945366579,46.8365924153267,-104.007786288035,46.8749686209082,0.638005617013843,0.393819931296112,2024.8571841773,2025.10136986301,SRR32974090|A/Canada_Goose/WV/25-005755-001-original-repeat2/2025|H5N1|USA-WV|Unknown|2025-02-07|wild_avian|D1.1,Atlantic,Atlantic
764,97,0.163131518902871,-71.4700466688702,43.2374027214336,-72.2798991685301,43.7623055360616,0.638005617013843,0.474874098110972,2024.93823834411,2025.10136986301,SRR33125151|A/mallard/ME/25-006144-064/2025|H5N1|USA-ME|York|2025-02-07|wild_avian|D1.1,Atlantic,Atlantic
845,267,0.16167429028766,-120.479772322125,44.851035183545,-120.36734124162,45.0586906451327,0.638005617013843,0.476331326726183,2024.93969557273,2025.10136986301,SRR32653665|A/cat/KS/25-005576-002-original/2025|H5N1|USA-KS|Unknown|2025-02-07|feline|D1.1,Central,Central
929,188,0.303891181960176,-96.7686587145592,34.8644644970784,-101.566208564808,37.8614340035082,0.640745343041428,0.336854161081252,2024.80021840708,2025.10410958904,SRR33125079|A/Black_Vulture/TN/25-006120-003-original/2025|H5N1|USA-TN|Unknown|2025-02-08|wild_avian|D1.1,Mississippi,Mississippi
949,134,0.193267621932672,-95.4364190781401,41.7276020583947,-88.2981332603089,46.0571803909552,0.640745343041428,0.447477721108756,2024.91084196711,2025.10410958904,SRR32512844|A/chicken/MN/25-004931-004-original/2025|H5N1|USA-MN|Unknown|2025-02-08|domestic_avian|D1.1,Mississippi,Mississippi
1129,586,0.242229137706746,-111.175337317112,44.0299385598018,-119.741260111174,44.3367739125507,0.646224795096143,0.403995657389397,2024.86735990339,2025.1095890411,SRR32653667|A/cat/NM/25-005387-001-original/2025|H5N1|USA-NM|Unknown|2025-02-10|feline|D1.1,Central,Central
735,76,0.216586553103585,-77.0734485418145,43.0714661173647,-74.3311163778087,43.1813576861089,0.646224795096143,0.429638241992558,2024.89300248799,2025.1095890411,SRR32512885|A/chicken/DE/25-005230-002-original/2025|H5N1|USA-DE|Unknown|2025-02-10|domestic_avian|D1.1,Atlantic,Atlantic
894,216,0.209107067953934,-105.057838979153,31.2168536863202,-105.459966141011,40.2931273392258,0.646224795096143,0.437117727142209,2024.90048197314,2025.1095890411,SRR33125081|A/Black_Vulture/GA/25-005756-004-original/2025|H5N1|USA-GA|Unknown|2025-02-10|wild_avian|D1.1,Mississippi,Atlantic
739,740,0.0395202651535547,-76.4322429092204,40.0450121176979,-77.9521580499528,40.7564131984999,0.648229451195608,0.608709186042054,2025.07207343204,2025.1115936972,NA,Atlantic,Atlantic
1058,525,0.368075580205951,-105.713171258883,38.3629386030656,-123.780431455093,47.4766639171097,0.6489645211235,0.280888940917549,2024.74425318692,2025.11232876712,SRR32804547|A/red_shouldered_hawk/PA/25-006939-001/2025|H5N1|USA-PA|Lancaster|2025-02-11|wild_avian|D1.1,Central,Atlantic
893,217,0.217656819200992,-105.592904007646,34.84699122754,-105.893019008756,34.9015485763545,0.6489645211235,0.431307701922508,2024.89467194792,2025.11232876712,SRR33125061|A/herring_gull/PA/25-005864-001/2025|H5N1|USA-PA|Erie|2025-02-11|wild_avian|D1.1,Atlantic,Atlantic
984,642,0.200525506413929,-115.908782503816,32.8786841872589,-116.751325132519,34.5031525946492,0.6489645211235,0.448439014709571,2024.91180326071,2025.11232876712,SRR32973810|A/chicken/NE/25-005224-001-original-repeat2/2025|H5N1|USA-NE|Unknown|2025-02-11|domestic_avian|D1.1,Central,Central
778,112,0.189887126915647,-82.5252219256435,38.1659040528497,-83.597344246747,37.907073719705,0.6489645211235,0.459077394207853,2024.92244164021,2025.11232876712,SRR33125172|A/bald_eagle/NJ/25-006329-001/2025|H5N1|USA-NJ|Sussex|2025-02-11|wild_avian|D1.1,Atlantic,Atlantic
882,179,0.271411200123969,-107.110705735039,36.0156204173636,-116.506970591471,37.5726879780997,0.651704247150857,0.380293047026888,2024.84365729303,2025.11506849315,SRR33125038|A/Canada_Goose/AL/25-006220-001-original/2025|H5N1|USA-AL|Unknown|2025-02-12|wild_avian|D1.1,Atlantic,Mississippi
889,210,0.0731058832146191,-99.3506017625682,37.4348718916428,-98.388613132329,39.0283508971838,0.651704247150857,0.578598363936238,2025.04196260994,2025.11506849315,SRR33319056|A/Great_Horned_Owl/KY/25-006499-001-original-repeat/2025|H5N1|USA-KY|Unknown|2025-02-12|wild_avian|D1.1,Mississippi,Mississippi
744,100,0.322039234341229,-74.3652179608933,39.7487193033175,-75.4533034338895,39.7816900200098,0.654443973178442,0.332404738837213,2024.79576898484,2025.11780821918,SRR32868681|A/canada_goose/RI/25-007119-019/2025|H5N1|USA-RI|Kent|2025-02-13|wild_avian|D1.1,Atlantic,Atlantic
762,95,0.213701368975548,-70.3302574870525,43.6506038919484,-71.1212512347968,43.8319208457637,0.654443973178442,0.440742604202894,2024.9041068502,2025.11780821918,SRR32804576|A/red_tailed_hawk/NH/25-006653-001/2025|H5N1|USA-NH|Strafford|2025-02-13|wild_avian|D1.1,Atlantic,Atlantic
1062,522,0.0628368328720943,-93.2528722821259,34.6877056820108,-95.3967194367113,34.2732148486262,0.654443973178442,0.591607140306348,2025.05497138631,2025.11780821918,SRR32804622|A/black_vulture/TX/25-006660-004/2025|H5N1|USA-TX|Bexar|2025-02-13|wild_avian|D1.1,Central,Central
1063,523,0.0288351443827438,-92.1513874959584,34.0716291697089,-91.6518985853079,35.1464997125854,0.654443973178442,0.625608828795698,2025.0889730748,2025.11780821918,SRR32804616|A/black_vulture/TX/25-006661-005/2025|H5N1|USA-TX|Bexar|2025-02-13|wild_avian|D1.1,Central,Central
1004,657,0.361082319426998,-109.252685050807,36.4644716794937,-123.078995546184,42.266941672087,0.6571836992058,0.296101379778802,2024.75946562578,2025.12054794521,SRR32974108|A/Bald_Eagle/MT/25-009371-001-original/2025|H5N1|USA-MT|Unknown|2025-02-14|wild_avian|D1.1,Central,Central
1141,336,0.213153290031434,-107.010845743704,36.1162968637057,-108.702773895712,36.3452954535304,0.6571836992058,0.444030409174366,2024.90739465517,2025.12054794521,SRR32804591|A/snow_goose/OK/25-006647-001/2025|H5N1|USA-OK|Texas|2025-02-14|wild_avian|D1.1,Central,Central
819,21,0.192072999610386,-111.852929098905,41.0131379396414,-110.807274799633,43.0873085497649,0.6571836992058,0.465110699595414,2024.9284749456,2025.12054794521,SRR32868736|A/Peregrine_Falcon/VA/25-007709-003-original/2025|H5N1|USA-VA|Unknown|2025-02-14|wild_avian|D1.1,Atlantic,Atlantic
811,34,0.0398215873981407,-106.993231932475,40.2632717829943,-107.979882674195,34.9994951187145,0.6571836992058,0.617362111807659,2025.08072635781,2025.12054794521,SRR32868800|A/herring_gull/IL/25-007474-006/2025|H5N1|USA-IL|Cook|2025-02-14|wild_avian|D1.1,Mississippi,Mississippi
1063,524,0.0315748704101012,-92.1513874959584,34.0716291697089,-97.8285786688351,40.6373994967915,0.6571836992058,0.625608828795698,2025.0889730748,2025.12054794521,SRR32804590|A/snow_goose/OK/25-006648-001/2025|H5N1|USA-OK|Texas|2025-02-14|wild_avian|D1.1,Central,Central
788,107,0.201923919089717,-80.94231244363,39.8066192944096,-81.4258710839405,39.9510688598642,0.668142603315229,0.466218684225512,2024.92958293023,2025.13150684931,SRR32804565|A/mallard/MA/25-006665-001/2025|H5N1|USA-MA|Worcester|2025-02-18|wild_avian|D1.1,Atlantic,Atlantic
837,3,0.480801848662683,-99.7232782308541,31.789245512563,-99.503189941161,34.7510570603569,0.676361781397529,0.195559932734846,2024.65892417873,2025.1397260274,SRR32804615|A/cat/ID/25-007150-001-original/2025|H5N1|USA-ID|Unknown|2025-02-21|feline|D1.1,Pacific,Pacific
1105,325,0.222950178409214,-100.183200746979,42.4594804385809,-101.104134705138,45.5493939722018,0.676361781397529,0.453411602988314,2024.91677584899,2025.1397260274,SRR32868875|A/Bald_Eagle/NC/25-007708-003-original/2025|H5N1|USA-NC|Unknown|2025-02-21|wild_avian|D1.1,Atlantic,Atlantic
750,751,0.142962412721379,-71.5582981250391,42.0893712182442,-72.91341260579,41.8822231249373,0.680751445031864,0.537789032310486,2025.00115327831,2025.14411569103,NA,Atlantic,Atlantic
859,860,0.389393263165736,-96.7036590668106,30.7721581786627,-98.7740066607524,31.752649363528,0.681454040290602,0.292060777124867,2024.75542502312,2025.14481828629,NA,Mississippi,Mississippi
928,218,0.409454674795716,-97.1105022185118,35.2798704267173,-111.946849876981,43.4396175744881,0.684580959479601,0.275126284683885,2024.73849053068,2025.14794520548,SRR32804608|A/Skunk/NM/25-006932-001-original/2025|H5N1|USA-NM|Unknown|2025-02-24|other_mammal|D1.1,Mississippi,Pacific
828,9,0.307991048879043,-119.991682735843,41.7951523754905,-120.474881891584,41.3522898199901,0.684580959479601,0.376589910600558,2024.8399541566,2025.14794520548,SRR32804645|A/Cooper_s_Hawk/MO/25-007115-002-original/2025|H5N1|USA-MO|Unknown|2025-02-24|wild_avian|D1.1,Mississippi,Mississippi
1085,1086,0.213797037327681,-78.7568084395476,42.3784314040336,-78.2086253709637,43.0140184452861,0.686624222570919,0.472827185243238,2024.93619143124,2025.14998846857,NA,Atlantic,Atlantic
1325,613,0.346087987611167,-111.011656733936,35.4341425706141,-109.006557063062,48.1776918989127,0.687320685507186,0.341232697896019,2024.8045969439,2025.15068493151,SRR33124756|A/chicken/FL/25-006816-001-original/2025|H5N1|USA-FL|Unknown|2025-02-25|domestic_avian|D1.1,Central,Atlantic
895,896,0.398290717851097,-107.85503518164,33.8245970891321,-95.1273191977473,39.5654979188223,0.687569120247779,0.289278402396683,2024.7526426484,2025.15093336625,NA,Atlantic,Mississippi
767,55,0.252009443169681,-75.6179854355769,42.0801205672088,-76.9566569749725,40.3893982903196,0.690060411534543,0.438050968364862,2024.90141521436,2025.15342465753,SRR32868713|A/red_tailed_hawk/NY/25-007155-001/2025|H5N1|USA-NY|Tioga|2025-02-26|wild_avian|D1.1,Atlantic,Atlantic
1109,328,0.226101819293672,-98.4436825411957,44.4232752383478,-100.728896061017,43.798122126367,0.690060411534543,0.463958592240871,2024.92732283824,2025.15342465753,SRR32973981|A/Brown_Pelican/VA/25-008328-003-original/2025|H5N1|USA-VA|Unknown|2025-02-26|wild_avian|D1.1,Atlantic,Atlantic
1213,513,0.212830732655182,-111.085883842664,34.5112889448455,-112.191811603497,39.7395772625577,0.690060411534543,0.477229678879361,2024.94059392488,2025.15342465753,SRR32868818|A/canada_goose/WY/25-008078-001/2025|H5N1|USA-WY|Platte|2025-02-26|wild_avian|D1.1,Central,Central
740,741,0.0428904534762633,-77.9521580499528,40.7564131984999,-77.1239719653175,40.3477398818724,0.691119904671872,0.648229451195608,2025.1115936972,2025.15448415067,NA,Atlantic,Atlantic
891,213,0.340103142126075,-94.531028260126,33.921855447598,-97.9610624681471,28.3998689114464,0.6928001375619,0.352696995435825,2024.81606124144,2025.15616438356,SRR32804611|A/cat/KS/25-007581-001-original/2025|H5N1|USA-KS|Unknown|2025-02-27|feline|D1.1,Mississippi,Central
780,105,0.337799858357561,-81.6288906717679,37.3904948137642,-78.5976032473308,36.8447899523385,0.6928001375619,0.355000279204339,2024.8183645252,2025.15616438356,SRR32868891|A/dark_eyed_junco/NJ/25-007152-004/2025|H5N1|USA-NJ|Somerset|2025-02-27|wild_avian|D1.1,Atlantic,Atlantic
1117,619,0.23688042462265,-116.238964246715,32.8785385564055,-112.96905418682,37.2939909106566,0.6928001375619,0.45591971293925,2024.91928395894,2025.15616438356,SRR33476791|A/Peregrine_falcon/CA/25-012990-002/2025|H5N1|USA-CA|Solano|2025-02-27|wild_avian|D1.1,Pacific,Pacific
1106,323,0.215049322922678,-100.072845220989,42.4370559148885,-99.7792138941824,43.0468099793141,0.6928001375619,0.477750814639222,2024.94111506064,2025.15616438356,SRR32868711|A/Red-tailed_Hawk/WV/25-007392-001-original/2025|H5N1|USA-WV|Unknown|2025-02-27|wild_avian|D1.1,Atlantic,Atlantic
1120,620,0.0936561542006225,-118.742259468018,38.0003667630542,-118.853733036624,37.8784150913993,0.6928001375619,0.599143983361278,2025.06250822936,2025.15616438356,SRR33476783|A/Sanderling/CA/25-012990-001/2025|H5N1|USA-CA|Alameda|2025-02-27|wild_avian|D1.1,Pacific,Pacific
798,116,0.232049430649941,-80.3516388944378,38.2412753934966,-80.733404703235,36.3126020462724,0.698279589616615,0.466230158966675,2024.92959440497,2025.16164383562,SRR34710268|A/red_tailed_hawk/MA/25-019390-004/2025|H5N1|USA-MA|Middlesex|2025-03-01|wild_avian|D1.1,Atlantic,Atlantic
810,37,0.103173920809465,-107.743939293258,44.2213203770507,-108.013425426713,44.5619890934055,0.698279589616615,0.595105668807151,2025.05846991481,2025.16164383562,SRR32974035|A/Peregrine_Falcon/WI/25-008493-001-original/2025|H5N1|USA-WI|Unknown|2025-03-01|wild_avian|D1.1,Mississippi,Mississippi
875,175,0.379190819983448,-92.334022459543,31.6909450106648,-82.7549818454112,34.3509787430854,0.703759041671557,0.32456822168811,2024.78793246769,2025.16712328767,SRR32868755|A/red_tailed_hawk/NY/25-007854-001/2025|H5N1|USA-NY|Steuben|2025-03-03|wild_avian|D1.1,Mississippi,Atlantic
1033,609,0.372915629663979,-117.697600568924,40.146182710849,-104.290069084054,35.7371131843302,0.703759041671557,0.330843412007578,2024.79420765801,2025.16712328767,SRR33476782|A/Bald_Eagle/WA/25-013105-001-original/2025|H5N1|USA-WA|Unknown|2025-03-03|wild_avian|D1.1,Central,Pacific
705,259,0.371695001509857,-108.615873785536,33.8107731141754,-93.6540593973074,29.7607164405041,0.703759041671557,0.3320640401617,2024.79542828616,2025.16712328767,SRR33029790|A/turkey_vulture/MO/25-007994-001/2025|H5N1|USA-MO|Howell|2025-03-03|wild_avian|D1.1,Pacific,Mississippi
871,167,0.347540856799139,-94.9541327205073,32.2850143470598,-94.4523243986884,30.7596700302843,0.703759041671557,0.356218184872418,2024.81958243087,2025.16712328767,SRR32868886|A/bald_eagle/GA/25-007707-001/2025|H5N1|USA-GA|Walton|2025-03-03|wild_avian|D1.1,Mississippi,Atlantic
842,276,0.309589826906406,-122.621580792982,43.2057020992016,-120.757681542309,37.2493114597013,0.703759041671557,0.394169214765151,2024.85753346076,2025.16712328767,SRR32974025|A/Red-tailed_Hawk/SD/25-008825-001-original/2025|H5N1|USA-SD|Unknown|2025-03-03|wild_avian|D1.1,Central,Central
1146,397,0.251357784624146,-107.730858774227,36.4217711273287,-105.485546938708,37.6317482389716,0.703759041671557,0.452401257047411,2024.91576550305,2025.16712328767,SRR32974002|A/Skunk/KS/25-008665-001-original/2025|H5N1|USA-KS|Unknown|2025-03-03|other_mammal|D1.1,Central,Central
1319,408,0.237726174173993,-115.948028448715,36.8051085122725,-117.514683745978,43.6428649824172,0.703759041671557,0.466032867497564,2024.9293971135,2025.16712328767,SRR32868817|A/Canada_Goose/WY/25-008079-001-original/2025|H5N1|USA-WY|Unknown|2025-03-03|wild_avian|D1.1,Central,Central
809,36,0.109877368983494,-107.114468478294,43.5954883859845,-107.33266874366,42.3886866553127,0.703759041671557,0.593881672688063,2025.05724591869,2025.16712328767,SRR32868795|A/Bald_Eagle/IN/25-007837-001-original/2025|H5N1|USA-IN|Unknown|2025-03-03|wild_avian|D1.1,Mississippi,Mississippi
750,88,0.168709735388429,-71.5582981250391,42.0893712182442,-71.4551231326516,41.5994279456995,0.706498767698915,0.537789032310486,2025.00115327831,2025.1698630137,SRR34710265|A/Peregrine_Falcon/RI/25-019394-007-original/2025|H5N1|USA-RI|Unknown|2025-03-04|wild_avian|D1.1,Atlantic,Atlantic
1344,599,0.0837405264240687,-107.87159968364,37.2735089876351,-107.903745705055,37.434939106142,0.709238493726272,0.625497967302203,2025.0888622133,2025.17260273973,SRR32974026|A/Red-tailed_Hawk/OR/25-008819-001-original/2025|H5N1|USA-OR|Unknown|2025-03-05|wild_avian|D1.1,Pacific,Pacific
821,822,0.106539763012192,-113.749629371985,40.0178168257529,-114.191815952269,40.7873396661211,0.709314220167834,0.602774457155641,2025.06613870316,2025.17267846617,NA,Atlantic,Atlantic
922,231,0.309654744281064,-95.4677701749659,32.2709742940505,-95.937659393629,31.935248786105,0.71197821975363,0.402323475472565,2024.86568772147,2025.17534246575,SRR32868618|A/chicken/IN/25-008062-001-original/2025|H5N1|USA-IN|Unknown|2025-03-06|domestic_avian|D1.1,Mississippi,Mississippi
1216,339,0.28478623804839,-114.067971904531,36.6759406005198,-117.916739934828,41.0113902095273,0.71197821975363,0.427191981705239,2024.89055622771,2025.17534246575,SRR32868560|A/chicken/NE/25-008023-001-original/2025|H5N1|USA-NE|Unknown|2025-03-06|domestic_avian|D1.1,Central,Central
1120,622,0.112834236392352,-118.742259468018,38.0003667630542,-119.363808767506,38.3164408042824,0.71197821975363,0.599143983361278,2025.06250822936,2025.17534246575,SRR33029846|A/barn_owl/CA/25-010283-002/2025|H5N1|USA-CA|San_Mateo|2025-03-06|wild_avian|D1.1,Pacific,Pacific
1056,543,0.0845054421030185,-99.6079529530448,40.4066557661465,-103.787350874433,33.6627966953472,0.71197821975363,0.627472777650611,2025.09083702365,2025.17534246575,SRR32974113|A/turkey_vulture/KY/25-009319-001/2025|H5N1|USA-KY|Oldham|2025-03-06|wild_avian|D1.1,Mississippi,Mississippi
819,19,0.249607246185573,-111.852929098905,41.0131379396414,-121.569665475568,43.1879480377555,0.714717945780987,0.465110699595414,2024.9284749456,2025.17808219178,SRR34980370|A/American_Crow/ME/25-021406-005-original/2025|H5N1|USA-ME|Unknown|2025-03-07|wild_avian|D1.1,Atlantic,Atlantic
1083,301,0.237286061545756,-79.7400805419776,33.6405880919838,-77.8034385812316,39.8423393567106,0.714717945780987,0.477431884235231,2024.94079613023,2025.17808219178,SRR32974111|A/Brown_Pelican/NC/25-009321-002-original/2025|H5N1|USA-NC|Unknown|2025-03-07|wild_avian|D1.1,Atlantic,Atlantic
883,884,0.368645878682738,-96.1009443276085,36.1164531964819,-94.8631389541777,34.2926676236827,0.716438796553862,0.347792917871124,2024.81115716387,2025.17980304255,NA,Mississippi,Mississippi
1319,407,0.251424804311008,-115.948028448715,36.8051085122725,-116.943479432117,44.1986332123392,0.717457671808572,0.466032867497564,2024.9293971135,2025.18082191781,SRR32868567|A/Guineafowl/OK/25-008449-003-original/2025|H5N1|USA-OK|Unknown|2025-03-08|domestic_avian|D1.1,Central,Central
1039,551,0.377705220173462,-84.2322924038871,31.5918070407625,-82.2367528344255,37.4695478253693,0.722937123863286,0.345231903689824,2024.80859614969,2025.18630136986,SRR33682322|A/Owl/OR/25-014765-001-original/2025|H5N1|USA-OR|Unknown|2025-03-10|wild_avian|D1.1,Pacific,Pacific
866,158,0.341497639270374,-98.0441485408255,30.883121037904,-105.276185045435,43.7541671251624,0.722937123863286,0.381439484592913,2024.84480373059,2025.18630136986,SRR32974019|A/bald_eagle/NY/25-009027-001/2025|H5N1|USA-NY|Erie|2025-03-10|wild_avian|D1.1,Mississippi,Atlantic
739,64,0.114227937821233,-76.4322429092204,40.0450121176979,-75.8799272611331,38.9184444282332,0.722937123863286,0.608709186042054,2025.07207343204,2025.18630136986,SRR32868593|A/chicken/MD/25-008577-002-original/2025|H5N1|USA-MD|Unknown|2025-03-10|domestic_avian|D1.1,Atlantic,Atlantic
860,861,0.0441209483905846,-98.7740066607524,31.752649363528,-99.6126708530042,34.3412393445808,0.725574988681187,0.681454040290602,2025.14481828629,2025.18893923468,NA,Mississippi,Mississippi
1134,575,0.423566365538723,-119.867445164903,40.3581234330752,-103.732056758727,33.0663418705359,0.728416575918001,0.304850210379278,2024.76821445638,2025.19178082192,SRR32973826|A/chicken/IL/25-009367-001-original/2025|H5N1|USA-IL|Unknown|2025-03-12|domestic_avian|D1.1,Pacific,Mississippi
793,124,0.284854637288084,-78.7329818003374,41.5280288116462,-76.5158497284777,43.1305714090247,0.728416575918001,0.443561938629917,2024.90692618463,2025.19178082192,SRR32974073|A/bald_eagle/NJ/25-009512-004/2025|H5N1|USA-NJ|Bergen|2025-03-12|wild_avian|D1.1,Atlantic,Atlantic
1119,621,0.136211887484738,-118.856646382518,38.0104287028155,-119.087091197683,37.8368923367042,0.728416575918001,0.592204688433263,2025.05556893443,2025.19178082192,SRR33682329|A/great_blue_heron/CA/25-014655-001/2025|H5N1|USA-CA|Alameda|2025-03-12|wild_avian|D1.1,Pacific,Pacific
1147,396,0.108852509652085,-107.743327456464,36.3916280848401,-113.217324847243,35.8528218640413,0.728416575918001,0.619564066265917,2025.08292831227,2025.19178082192,SRR32868813|A/Canada_Goose/OK/25-009017-002-original/2025|H5N1|USA-OK|Unknown|2025-03-12|wild_avian|D1.1,Central,Central
1214,515,0.268442297158876,-112.996200114105,36.5801444124703,-102.492457516571,43.6259659361566,0.731156301945359,0.462714004786483,2024.92607825079,2025.19452054795,SRR33508799|A/Skunk/TX/25-010819-006-original/2025|H5N1|USA-TX|Unknown|2025-03-13|other_mammal|D1.1,Central,Central
927,219,0.248032525736315,-89.743290330649,38.2917661597958,-90.4085784914855,40.3121296618784,0.731156301945359,0.483123776209043,2024.94648802221,2025.19452054795,SRR32974022|A/Peregrine_Falcon/IA/25-009016-001-original/2025|H5N1|USA-IA|Unknown|2025-03-13|wild_avian|D1.1,Mississippi,Mississippi
1050,1051,0.268525178140015,-107.689176717647,36.2965801907447,-107.504005758838,37.1030794506117,0.73284168877433,0.464316510634315,2024.92768075663,2025.19620593477,NA,Mississippi,Mississippi
734,77,0.311432935940901,-76.933493498468,42.8266322584691,-73.7371891508159,42.1981637028978,0.733896027972943,0.422463092032042,2024.88582733803,2025.19726027397,SRR32974049|A/Canada_Goose/VT/25-009472-001-original/2025|H5N1|USA-VT|Unknown|2025-03-14|wild_avian|D1.1,Atlantic,Atlantic
1086,1087,0.048506088398662,-78.2086253709637,43.0140184452861,-78.1833653400432,42.2413819562185,0.735130310969581,0.686624222570919,2025.14998846857,2025.19849455697,NA,Atlantic,Atlantic
861,184,0.0110607653191139,-99.6126708530042,34.3412393445808,-99.4090767396764,34.56136956154,0.736635754000301,0.725574988681187,2025.18893923468,2025.2,SRR33476771|A/black_vulture/OH/25-012888-001/2025|H5N1|USA-OH|Licking|2025-03-15|wild_avian|D1.1,Mississippi,Mississippi
1031,560,0.339666129069553,-121.044203623555,36.8239935730535,-123.323801594495,43.2403177891042,0.742115206055016,0.402449076985462,2024.86581332299,2025.20547945205,SRR32973825|A/chicken/NM/25-009470-001-original/2025|H5N1|USA-NM|Unknown|2025-03-17|domestic_avian|D1.1,Central,Pacific
736,75,0.26555899775938,-77.5013816888171,42.7250773714607,-76.883291597284,41.9570732183482,0.742115206055016,0.476556208295635,2024.9399204543,2025.20547945205,SRR33370215|A/black_vulture/PA/25-011842-001/2025|H5N1|USA-PA|Dauphin|2025-03-17|wild_avian|D1.1,Atlantic,Atlantic
930,933,0.480474170577541,-97.5212674461978,35.6102951867828,-99.2964043617876,31.2325361303078,0.743037001979171,0.26256283140163,2024.7259270774,2025.20640124798,NA,Mississippi,Mississippi
1205,1207,0.149375126009344,-114.621633754765,38.1063635984524,-114.813886130099,38.2431244660397,0.744004024201,0.594628898191655,2025.05799314419,2025.2073682702,NA,Central,Central
1015,678,0.471127931684462,-121.526710102606,44.1283470966151,-117.716006461152,39.8264695262441,0.744854932082373,0.273727000397911,2024.7370912464,2025.20821917808,SRR33508800|A/Skunk/TX/25-010819-005-original/2025|H5N1|USA-TX|Unknown|2025-03-18|other_mammal|D1.1,Central,Central
1006,646,0.403934516522313,-109.754865649526,32.8057741892944,-110.834086609847,44.2464609383183,0.744854932082373,0.34092041556006,2024.80428466156,2025.20821917808,SRR32973819|A/Duck/MT/25-009376-001-original/2025|H5N1|USA-MT|Unknown|2025-03-18|domestic_avian|D1.1,Central,Central
1067,547,0.383079469319319,-106.534972845662,33.6368596968682,-104.198516737433,34.6415952314368,0.744854932082373,0.361775462763054,2024.82513970876,2025.20821917808,SRR33508852|A/Turkey/IL/25-009630-001-original/2025|H5N1|USA-IL|Unknown|2025-03-18|domestic_avian|D1.1,Mississippi,Mississippi
1045,541,0.309303285315525,-109.133636919966,32.1788433104691,-119.706522568852,35.5967835019143,0.744854932082373,0.435551646766848,2024.89891589277,2025.20821917808,SRR33029751|A/chicken/KS/25-009496-002-original/2025|H5N1|USA-KS|Unknown|2025-03-18|domestic_avian|D1.1,Mississippi,Central
798,115,0.278624773115698,-80.3516388944378,38.2412753934966,-80.294094855022,38.0413734988915,0.744854932082373,0.466230158966675,2024.92959440497,2025.20821917808,SRR33029808|A/Mallard/CT/25-010197-001-original/2025|H5N1|USA-CT|Unknown|2025-03-18|wild_avian|D1.1,Atlantic,Atlantic
860,182,0.0634008917917707,-98.7740066607524,31.752649363528,-99.8638142703079,31.5557170253762,0.744854932082373,0.681454040290602,2025.14481828629,2025.20821917808,SRR33029849|A/black_vulture/OH/25-009864-005/2025|H5N1|USA-OH|Highland|2025-03-18|wild_avian|D1.1,Mississippi,Mississippi
987,988,0.481339408247811,-112.392419933718,34.5639178969061,-95.2767826186932,41.9404685490068,0.746497198668335,0.265157790420524,2024.72852203642,2025.20986144467,NA,Central,Atlantic
764,98,0.272720559998986,-71.4700466688702,43.2374027214336,-71.763114525729,42.8304857812679,0.747594658109958,0.474874098110972,2024.93823834411,2025.21095890411,SRR34980328|A/Gull/NH/25-021405-005-original/2025|H5N1|USA-NH|Unknown|2025-03-19|wild_avian|D1.1,Atlantic,Atlantic
896,208,0.0600255378621786,-95.1273191977473,39.5654979188223,-90.8987689579406,32.598843325775,0.747594658109958,0.687569120247779,2025.15093336625,2025.21095890411,SRR33029853|A/Black_Vulture/AL/25-010338-002-original/2025|H5N1|USA-AL|Unknown|2025-03-19|wild_avian|D1.1,Mississippi,Mississippi
933,934,0.00544888262453624,-99.2964043617876,31.2325361303078,-99.2386469499963,31.1561153029351,0.748485884603708,0.743037001979171,2025.20640124798,2025.2118501306,NA,Mississippi,Mississippi
1087,1088,0.0141717629710196,-78.1833653400432,42.2413819562185,-79.2734425665279,42.103089066764,0.749302073940601,0.735130310969581,2025.19849455697,2025.21266631994,NA,Atlantic,Atlantic
1122,1124,0.142384635022729,-113.670821989409,38.1945170614508,-110.445753678189,40.773177445152,0.749506991521831,0.607122356499102,2025.0704866025,2025.21287123752,NA,Pacific,Pacific
691,264,0.487630367241877,-100.215038123708,39.9997951460616,-102.441295537504,35.0886927324406,0.750334384137315,0.262704016895438,2024.7260682629,2025.21369863014,SRR33319031|A/Skunk/NV/25-011566-001-original/2025|H5N1|USA-NV|Unknown|2025-03-20|other_mammal|D1.1,Pacific,Pacific
944,138,0.470795567540096,-101.358122805199,31.4798854368585,-93.1123070480512,30.9349314384403,0.750334384137315,0.279538816597219,2024.7429030626,2025.21369863014,SRR33029789|A/Bald_Eagle/FL/25-009986-004-original/2025|H5N1|USA-FL|Unknown|2025-03-20|wild_avian|D1.1,Mississippi,Atlantic
1003,658,0.424099054912682,-110.398381233226,35.5605133144837,-116.792599707586,34.7557464300478,0.750334384137315,0.326235329224633,2024.78959957522,2025.21369863014,SRR33319026|A/turkey_vulture/MO/25-011519-002/2025|H5N1|USA-MO|Cape_Girardeau|2025-03-20|wild_avian|D1.1,Central,Mississippi
883,178,0.402541466266191,-96.1009443276085,36.1164531964819,-78.8274224225177,40.2917200283225,0.750334384137315,0.347792917871124,2024.81115716387,2025.21369863014,SRR33370194|A/Great_Horned_Owl/FL/25-012397-001-original/2025|H5N1|USA-FL|Unknown|2025-03-20|wild_avian|D1.1,Mississippi,Atlantic
822,825,0.0421994963218952,-114.191815952269,40.7873396661211,-117.510083997058,45.4426224562159,0.751513716489729,0.709314220167834,2025.17267846617,2025.21487796249,NA,Atlantic,Mississippi
1088,1089,0.00313668414735901,-79.2734425665279,42.103089066764,-79.3544812476091,42.1468475304126,0.75243875808796,0.749302073940601,2025.21266631994,2025.21580300409,NA,Atlantic,Atlantic
1206,402,0.11962341026454,-113.428825711698,33.1021760099805,-102.437834524336,32.7742731103969,0.753074110164673,0.633450699900133,2025.0968149459,2025.21643835616,SRR33319040|A/Ross_s_Goose/ND/25-011280-001-original/2025|H5N1|USA-ND|Unknown|2025-03-21|wild_avian|D1.1,Central,Central
1089,1098,0.000643599021501351,-79.3544812476091,42.1468475304126,-79.3864573287373,42.1442456951896,0.753082357109461,0.75243875808796,2025.21580300409,2025.21644660311,NA,Atlantic,Atlantic
822,823,0.0461921158245197,-114.191815952269,40.7873396661211,-114.503279279354,41.6724167034087,0.755506335992354,0.709314220167834,2025.17267846617,2025.21887058199,NA,Atlantic,Atlantic
1075,1076,0.318060221557044,-77.7529428615972,34.5052036877417,-79.9413788504354,35.0929040874694,0.757305159610732,0.439244938053689,2024.90260918405,2025.22066940561,NA,Atlantic,Atlantic
1098,1099,0.00474860974370772,-79.3864573287373,42.1442456951896,-80.0965726055348,41.6161284946529,0.757830966853169,0.753082357109461,2025.21644660311,2025.22119521285,NA,Atlantic,Atlantic
988,989,0.011588271233928,-95.2767826186932,41.9404685490068,-95.202981915672,41.6749174283887,0.758085469902263,0.746497198668335,2025.20986144467,2025.2214497159,NA,Atlantic,Atlantic
934,935,0.0104273021043712,-99.2386469499963,31.1561153029351,-98.9279062418445,29.6076845137166,0.758913186708079,0.748485884603708,2025.2118501306,2025.22227743271,NA,Mississippi,Mississippi
1203,400,0.297324924898743,-110.796599902208,34.3560374994212,-112.675265540999,37.5706750336497,0.761293288246745,0.463968363348002,2024.92733260935,2025.22465753425,SRR33508770|A/Duck/NE/25-010532-002-original/2025|H5N1|USA-NE|Unknown|2025-03-24|domestic_avian|D1.1,Central,Central
926,222,0.295738449891055,-85.7445798507304,36.1635541821539,-85.2737013120757,35.8509060211553,0.761293288246745,0.465554838355689,2024.92891908436,2025.22465753425,SRR33029828|A/cat/IA/25-010114-001-original/2025|H5N1|USA-IA|Unknown|2025-03-24|feline|D1.1,Mississippi,Mississippi
740,60,0.113063837051136,-77.9521580499528,40.7564131984999,-78.1365941208888,39.2062085200052,0.761293288246745,0.648229451195608,2025.1115936972,2025.22465753425,SRR34710271|A/Turkey_Vulture/MD/25-019391-002-original/2025|H5N1|USA-MD|Unknown|2025-03-24|wild_avian|D1.1,Atlantic,Atlantic
1098,307,0.00821093113728366,-79.3864573287373,42.1442456951896,-79.0757345279032,42.1273709655097,0.761293288246745,0.753082357109461,2025.21644660311,2025.22465753425,SRR33508772|A/black_vulture/MA/25-010531-001/2025|H5N1|USA-MA|Harford|2025-03-24|wild_avian|D1.1,Atlantic,Atlantic
1124,1125,0.0126324310556137,-110.445753678189,40.773177445152,-110.378288522275,41.1020130844776,0.762139422577445,0.749506991521831,2025.21287123752,2025.22550366858,NA,Pacific,Pacific
751,753,0.0819916206089653,-72.91341260579,41.8822231249373,-72.3320545740615,42.1205381088687,0.76274306564083,0.680751445031864,2025.14411569103,2025.22610731164,NA,Atlantic,Atlantic
1124,580,0.0145260227524981,-110.445753678189,40.773177445152,-109.955433671838,41.4827571157426,0.764033014274329,0.749506991521831,2025.21287123752,2025.22739726027,SRR33319085|A/cattle/AZ/25-010942-001-original/2025|H5N1|USA-AZ|Unknown|2025-03-25|cattle|D1.1,Pacific,Pacific
751,752,0.0847564610698055,-72.91341260579,41.8822231249373,-72.4139129753284,43.4337337368288,0.76550790610167,0.680751445031864,2025.14411569103,2025.2288721521,NA,Atlantic,Atlantic
1210,512,0.372650272653954,-113.221169163607,35.6706200491083,-121.456856059617,40.204900878539,0.766772740301687,0.394122467647733,2024.85748671365,2025.2301369863,SRR33508736|A/Red-tailed_Hawk/CO/25-010882-001-original/2025|H5N1|USA-CO|Unknown|2025-03-26|wild_avian|D1.1,Central,Central
1056,544,0.139299962651076,-99.6079529530448,40.4066557661465,-106.947677017536,39.6236891698439,0.766772740301687,0.627472777650611,2025.09083702365,2025.2301369863,SRR33508738|A/Great_Horned_Owl/MI/25-010812-002-original/2025|H5N1|USA-MI|Unknown|2025-03-26|wild_avian|D1.1,Mississippi,Mississippi
1147,1148,0.147795326587803,-107.743327456464,36.3916280848401,-102.959362689738,33.7258177803221,0.76735939285372,0.619564066265917,2025.08292831227,2025.23072363885,NA,Central,Central
1220,1318,0.174335531036721,-96.7232769136476,45.4182403002672,-96.7513873240315,47.6961971604954,0.767638458131128,0.593302927094407,2025.05666717309,2025.23100270413,NA,Pacific,Pacific
858,187,0.428609728911305,-99.6518493512092,28.1082363125613,-98.3618142381928,30.3322355468952,0.769512466329044,0.340902737417739,2024.80426698342,2025.23287671233,SRR33370162|A/Mallard/MN/25-012246-005-original/2025|H5N1|USA-MN|Unknown|2025-03-27|wild_avian|D1.1,Mississippi,Mississippi
728,65,0.297174002777729,-69.1023862555912,44.5553455643342,-69.011316769856,44.5539669199638,0.769512466329044,0.472338463551315,2024.93570270955,2025.23287671233,SRR34710257|A/Bald_Eagle/ME/25-019392-005-original/2025|H5N1|USA-ME|Unknown|2025-03-27|wild_avian|D1.1,Atlantic,Atlantic
1099,319,0.0116814994758755,-80.0965726055348,41.6161284946529,-80.0176031325824,41.006401808806,0.769512466329044,0.757830966853169,2025.22119521285,2025.23287671233,SRR33508749|A/black_vulture/PA/25-010745-004/2025|H5N1|USA-PA|Lancaster|2025-03-27|wild_avian|D1.1,Atlantic,Atlantic
1125,1126,0.00878190684514479,-110.378288522275,41.1020130844776,-111.180979718049,38.4148339722783,0.77092132942259,0.762139422577445,2025.22550366858,2025.23428557542,NA,Pacific,Pacific
823,824,0.0202794896809475,-114.503279279354,41.6724167034087,-115.441655718152,39.4797396664959,0.775785825673301,0.755506335992354,2025.21887058199,2025.23915007167,NA,Atlantic,Atlantic
680,282,0.73790599715495,-109.452989500756,34.4060986639417,-108.62877840495,35.2113584416553,0.780471370438701,0.042565373283751,2024.50592961928,2025.24383561644,SRR33319032|A/Skunk/UT/25-011119-002-original/2025|H5N1|USA-UT|Unknown|2025-03-31|other_mammal|D1.1,Pacific,Pacific
1064,530,0.429607038804367,-101.625500608623,42.849287116791,-111.477971525576,32.0769649866871,0.783211096466059,0.353604057661691,2024.81696830366,2025.24657534247,SRR33319029|A/Snow_Goose/ND/25-011281-001-original/2025|H5N1|USA-ND|Unknown|2025-04-01|wild_avian|D1.1,Central,Central
1214,517,0.320497091679576,-112.996200114105,36.5801444124703,-109.611975092519,34.9346081763139,0.783211096466059,0.462714004786483,2024.92607825079,2025.24657534247,SRR33319054|A/Great_Horned_Owl/ND/25-011283-001-original/2025|H5N1|USA-ND|Unknown|2025-04-01|wild_avian|D1.1,Central,Central
821,17,0.180436639310417,-113.749629371985,40.0178168257529,-113.326823419765,40.9260224283119,0.783211096466059,0.602774457155641,2025.06613870316,2025.24657534247,SRR33319022|A/Black_Vulture/VA/25-011541-002-original/2025|H5N1|USA-VA|Unknown|2025-04-01|wild_avian|D1.1,Atlantic,Atlantic
1345,603,0.146382652861813,-108.975843788595,40.6313914971266,-107.912906283251,39.4289183168721,0.783211096466059,0.636828443604246,2025.1001926896,2025.24657534247,SRR33682347|A/Canada_Goose/WA/25-014080-001-original/2025|H5N1|USA-WA|Unknown|2025-04-01|wild_avian|D1.1,Pacific,Pacific
811,35,0.168588710685757,-106.993231932475,40.2632717829943,-104.147946471813,45.3566965554438,0.785950822493416,0.617362111807659,2025.08072635781,2025.24931506849,SRR33370139|A/red_breasted_merganser/MI/25-011271-008/2025|H5N1|USA-MI|Allegan|2025-04-02|wild_avian|D1.1,Mississippi,Mississippi
1086,320,0.102066325949854,-78.2086253709637,43.0140184452861,-77.8585840524182,42.3211369019532,0.788690548520773,0.686624222570919,2025.14998846857,2025.25205479452,SRR33319024|A/black_vulture/PA/25-011728-001/2025|H5N1|USA-PA|York|2025-04-03|wild_avian|D1.1,Atlantic,Atlantic
1051,1052,0.0565587548579347,-107.504005758838,37.1030794506117,-104.418427241773,39.9868576511694,0.789400443632265,0.73284168877433,2025.19620593477,2025.25276468963,NA,Mississippi,Atlantic
753,754,0.0292496965308793,-72.3320545740615,42.1205381088687,-72.0300300839293,42.0336174106836,0.791992762171709,0.76274306564083,2025.22610731164,2025.25535700817,NA,Atlantic,Atlantic
1099,1100,0.0407515549067095,-80.0965726055348,41.6161284946529,-80.3429707276097,41.4910268038205,0.798582521759878,0.757830966853169,2025.22119521285,2025.26194676776,NA,Atlantic,Atlantic
861,183,0.0740744639492434,-99.6126708530042,34.3412393445808,-101.278369343636,34.1841248570857,0.79964945263043,0.725574988681187,2025.18893923468,2025.26301369863,SRR33370172|A/vulture/OH/25-012105-001/2025|H5N1|USA-OH|Unknown|2025-04-07|wild_avian|D1.1,Mississippi,Mississippi
933,149,0.056612450651259,-99.2964043617876,31.2325361303078,-99.7549005719791,31.099789197447,0.79964945263043,0.743037001979171,2025.20640124798,2025.26301369863,SRR33370169|A/vulture/OH/25-012105-004/2025|H5N1|USA-OH|Unknown|2025-04-07|wild_avian|D1.1,Mississippi,Mississippi
950,131,0.496113022852281,-98.2958135148221,30.3092087321933,-95.028759544355,33.3187178801638,0.802389178657788,0.306276155805506,2024.76964040181,2025.26575342466,SRR33370177|A/Snowy_Owl/WI/25-012050-001-original/2025|H5N1|USA-WI|Unknown|2025-04-08|wild_avian|D1.1,Mississippi,Mississippi
812,43,0.49315588712937,-107.151265401235,38.0940136358448,-106.813414875863,37.7867111496313,0.802389178657788,0.309233291528418,2024.77259753753,2025.26575342466,SRR33370196|A/Great_Horned_Owl/MT/25-012288-002-original/2025|H5N1|USA-MT|Unknown|2025-04-08|wild_avian|D1.1,Central,Central
858,186,0.461486441240049,-99.6518493512092,28.1082363125613,-99.5486499087705,32.1539489012582,0.802389178657788,0.340902737417739,2024.80426698342,2025.26575342466,SRR33370176|A/Trumpeter_Swan/IA/25-011816-001-original/2025|H5N1|USA-IA|Unknown|2025-04-08|wild_avian|D1.1,Mississippi,Mississippi
1340,595,0.510376865253165,-109.749894513495,42.9495223501541,-114.620813929041,34.3796395655979,0.807868630712502,0.297491765459337,2024.76085601146,2025.27123287671,SRR34710266|A/Red-tailed_Hawk/CO/25-019366-002-original/2025|H5N1|USA-CO|Unknown|2025-04-10|wild_avian|D1.1,Pacific,Central
922,232,0.405545155239937,-95.4677701749659,32.2709742940505,-93.5771089096235,37.5862303458282,0.807868630712502,0.402323475472565,2024.86568772147,2025.27123287671,SRR33476774|A/Turkey_Vulture/MO/25-012813-002-original/2025|H5N1|USA-MO|Unknown|2025-04-10|wild_avian|D1.1,Mississippi,Mississippi
1329,564,0.370812092544467,-109.450094483248,42.3907082134589,-122.523840779149,47.8636962852561,0.807868630712502,0.437056538168036,2024.90042078417,2025.27123287671,SRR33476799|A/Cooper_s_Hawk/MO/25-012813-008-original/2025|H5N1|USA-MO|Unknown|2025-04-10|wild_avian|D1.1,Pacific,Mississippi
1208,406,0.212513263203,-112.819600833262,33.1369774114238,-112.490680605441,33.3476006157709,0.807868630712502,0.595355367509502,2025.05871961351,2025.27123287671,SRR33476801|A/Canada_Goose/SD/25-013305-001-original/2025|H5N1|USA-SD|Unknown|2025-04-10|wild_avian|D1.1,Central,Central
934,150,0.0593827461087949,-99.2386469499963,31.1561153029351,-98.9061002809162,30.1922577083665,0.807868630712502,0.748485884603708,2025.2118501306,2025.27123287671,SRR33476809|A/canada_goose/KY/25-013218-002/2025|H5N1|USA-KY|Mason|2025-04-10|wild_avian|D1.1,Mississippi,Mississippi
989,654,0.0497831608102399,-95.202981915672,41.6749174283887,-91.442075647896,44.1578745148334,0.807868630712502,0.758085469902263,2025.2214497159,2025.27123287671,SRR33370209|A/Black_Vulture/VA/25-012471-002-original/2025|H5N1|USA-VA|Unknown|2025-04-10|wild_avian|D1.1,Atlantic,Atlantic
935,148,0.0489554440044238,-98.9279062418445,29.6076845137166,-99.3067777571191,30.4092118691264,0.807868630712502,0.758913186708079,2025.22227743271,2025.27123287671,SRR33476805|A/black_vulture/KY/25-013218-001/2025|H5N1|USA-KY|Mason|2025-04-10|wild_avian|D1.1,Mississippi,Mississippi
927,220,0.327484580531044,-89.743290330649,38.2917661597958,-97.5732853643347,35.8878012419233,0.810608356740087,0.483123776209043,2024.94648802221,2025.27397260274,SRR33682307|A/Turkey_Vulture/IN/25-014056-001-original/2025|H5N1|USA-IN|Unknown|2025-04-11|wild_avian|D1.1,Mississippi,Mississippi
849,850,0.422053844173476,-119.510806617366,34.8448730677467,-102.838541819496,43.8576778295195,0.812193191515569,0.390139347342093,2024.85350359334,2025.27555743752,NA,Central,Mississippi
1136,334,0.554552122331081,-118.885001350691,40.3919784280803,-108.173840710101,43.1387344369995,0.816087808794802,0.261535686463721,2024.72489993246,2025.27945205479,SRR33682331|A/Cougar/CA/25-014656-002-original/2025|H5N1|USA-CA|Unknown|2025-04-13|feline|D1.1,Pacific,Pacific
989,990,0.0582809795632978,-95.202981915672,41.6749174283887,-92.5832619774492,41.8427146051454,0.81636644946556,0.758085469902263,2025.2214497159,2025.27973069547,NA,Atlantic,Atlantic
777,113,0.43391088817171,-81.9743406575429,38.4360879827442,-80.2015262823963,38.3867046381596,0.827046712904459,0.393135824732749,2024.85650007073,2025.2904109589,SRR34425892|A/red_fox/NJ/25-018509-002/2025|H5N1|USA-NJ|Mercer|2025-04-17|other_mammal|D1.1,Atlantic,Atlantic
820,18,0.380818936117516,-112.029872132059,40.6203089731627,-108.484399902178,40.4934400286046,0.827046712904459,0.446227776786943,2024.90959202279,2025.2904109589,SRR34425893|A/red_fox/NJ/25-018509-001/2025|H5N1|USA-NJ|Mercer|2025-04-17|other_mammal|D1.1,Atlantic,Atlantic
1076,1077,0.0712723358209716,-79.9413788504354,35.0929040874694,-81.3262784821199,33.65181880213,0.828577495431704,0.757305159610732,2025.22066940561,2025.29194174143,NA,Atlantic,Atlantic
1052,537,0.0403859952995517,-104.418427241773,39.9868576511694,-103.902374493568,40.1330062772501,0.829786438931816,0.789400443632265,2025.25276468963,2025.29315068493,SRR34270262|A/black_vulture/GA/25-017626-002/2025|H5N1|USA-GA|Monroe|2025-04-18|wild_avian|D1.1,Atlantic,Atlantic
1220,1221,0.237474013031809,-96.7232769136476,45.4182403002672,-95.6825174559829,37.3771087397934,0.830776940126215,0.593302927094407,2025.05666717309,2025.29414118613,NA,Pacific,Pacific
752,79,0.0697579848848612,-72.4139129753284,43.4337337368288,-71.1492103565433,44.1100455046668,0.835265890986531,0.76550790610167,2025.2288721521,2025.29863013699,SRR35319688|A/Common_Eider/MA/25-021407-030-original/2025|H5N1|USA-MA|Unknown|2025-04-20|wild_avian|D1.1,Atlantic,Atlantic
1321,616,0.576363249178849,-120.944327160888,38.3617004621913,-120.503101037742,36.4137846713958,0.838005617013889,0.26164236783504,2024.72500661383,2025.30136986301,SRR33476770|A/Turkey_Vulture/WY/25-013045-001-original/2025|H5N1|USA-WY|Unknown|2025-04-21|wild_avian|D1.1,Pacific,Pacific
829,25,0.55815226405003,-119.714160905016,38.7802503320231,-111.883922283609,46.6580691242026,0.838005617013889,0.279853352963858,2024.74321759896,2025.30136986301,SRR33565201|A/canada_goose/NY/25-013428-001/2025|H5N1|USA-NY|Niagara|2025-04-21|wild_avian|D1.1,Mississippi,Atlantic
792,125,0.36830787730926,-75.5948460587754,42.5816831176209,-71.3493537566454,45.2234383301277,0.838005617013889,0.469697739704629,2024.9330619857,2025.30136986301,SRR33830326|A/red_tailed_hawk/NY/25-013427-001/2025|H5N1|USA-NY|Jefferson|2025-04-21|wild_avian|D1.1,Atlantic,Atlantic
1208,405,0.242650249504386,-112.819600833262,33.1369774114238,-114.823904030641,37.2785254285911,0.838005617013889,0.595355367509502,2025.05871961351,2025.30136986301,SRR33476668|A/chicken/MN/25-013149-001-original/2025|H5N1|USA-MN|Unknown|2025-04-21|domestic_avian|D1.1,Central,Mississippi
1076,292,0.0807004574031561,-79.9413788504354,35.0929040874694,-81.5559961544643,35.8771147628978,0.838005617013889,0.757305159610732,2025.22066940561,2025.30136986301,SRR33682355|A/black_vulture/NC/25-013413-001/2025|H5N1|USA-NC|Mecklenburg|2025-04-21|wild_avian|D1.1,Atlantic,Atlantic
825,826,0.0884409362027812,-117.510083997058,45.4426224562159,-121.209239188324,45.8601995451187,0.83995465269251,0.751513716489729,2025.21487796249,2025.30331889869,NA,Mississippi,Mississippi
754,755,0.048753635105751,-72.0300300839293,42.0336174106836,-72.0603189415417,41.7596233703425,0.84074639727746,0.791992762171709,2025.25535700817,2025.30411064328,NA,Atlantic,Atlantic
1125,581,0.0813456464913856,-110.378288522275,41.1020130844776,-110.368749451478,41.0991943276032,0.843485069068831,0.762139422577445,2025.22550366858,2025.30684931507,SRR33764593|A/cattle/AZ/25-013772-001-original-repeat2/2025|H5N1|USA-AZ|Unknown|2025-04-23|cattle|D1.1,Pacific,Pacific
824,13,0.0676992433955297,-115.441655718152,39.4797396664959,-111.335746096806,39.677784060879,0.843485069068831,0.775785825673301,2025.23915007167,2025.30684931507,SRR33764586|A/Great_Horned_Owl/CT/25-013382-001-original-repeat2/2025|H5N1|USA-CT|Unknown|2025-04-23|wild_avian|D1.1,Atlantic,Atlantic
804,41,0.379236053417809,-107.155745980599,42.0492469538786,-108.105619391796,39.8067109391141,0.846224795096188,0.466988741678379,2024.93035298768,2025.3095890411,SRR33764590|A/bald_eagle/MI/25-013929-001/2025|H5N1|USA-MI|Manistee|2025-04-24|wild_avian|D1.1,Mississippi,Mississippi
1100,1101,0.0499126756213744,-80.3429707276097,41.4910268038205,-80.168988754153,41.2854581616972,0.848495197381253,0.798582521759878,2025.26194676776,2025.31185944338,NA,Atlantic,Atlantic
968,627,0.549092183828528,-109.999217065696,37.8356093292401,-109.962793854068,37.1617239039797,0.848964521123545,0.299872337295018,2024.76323658329,2025.31232876712,SRR33682316|A/Red-tailed_Hawk/ID/25-014530-001-original/2025|H5N1|USA-ID|Unknown|2025-04-25|wild_avian|D1.1,Pacific,Pacific
834,28,0.374666780206558,-113.511772000601,44.0560063950858,-117.089235008627,45.2677017542658,0.848964521123545,0.474297740916987,2024.93766198692,2025.31232876712,SRR33682328|A/Great_Horned_Owl/ID/25-014531-001-original/2025|H5N1|USA-ID|Unknown|2025-04-25|wild_avian|D1.1,Pacific,Pacific
1101,304,0.00868850182459247,-80.168988754153,41.2854581616972,-79.543887026866,40.3811693922076,0.857183699205845,0.848495197381253,2025.31185944338,2025.32054794521,SRR33830330|A/black_vulture/PA/25-015563-001/2025|H5N1|USA-PA|Chester|2025-04-28|wild_avian|D1.1,Atlantic,Atlantic
1148,1149,0.0910603100601399,-102.959362689738,33.7258177803221,-101.519594373897,32.8379643282301,0.85841970291386,0.76735939285372,2025.23072363885,2025.32178394891,NA,Central,Central
1077,1080,0.0321423147717204,-81.3262784821199,33.65181880213,-81.4008770159837,34.3197863165128,0.860719810203424,0.828577495431704,2025.29194174143,2025.3240840562,NA,Atlantic,Atlantic
1077,1078,0.0323598851531091,-81.3262784821199,33.65181880213,-81.2479864826506,33.648115992453,0.860937380584813,0.828577495431704,2025.29194174143,2025.32430162658,NA,Atlantic,Atlantic
1129,585,0.458667493871163,-111.175337317112,44.0299385598018,-103.872208633652,44.50054130239,0.86266315126056,0.403995657389397,2024.86735990339,2025.32602739726,SRR33682297|A/Turkey_Vulture/UT/25-014690-001-original/2025|H5N1|USA-UT|Unknown|2025-04-30|wild_avian|D1.1,Central,Pacific
825,14,0.111149434770831,-117.510083997058,45.4426224562159,-115.197648628926,41.8969877854668,0.86266315126056,0.751513716489729,2025.21487796249,2025.32602739726,SRR33564631|A/chicken/IN/25-014151-001-original/2025|H5N1|USA-IN|Unknown|2025-04-30|domestic_avian|D1.1,Mississippi,Mississippi
826,16,0.0227084985680496,-121.209239188324,45.8601995451187,-120.975202941162,45.3661587101478,0.86266315126056,0.83995465269251,2025.30331889869,2025.32602739726,SRR33564627|A/Guineafowl/IL/25-014146-002-original/2025|H5N1|USA-IL|Unknown|2025-04-30|domestic_avian|D1.1,Mississippi,Mississippi
1207,404,0.121398853086917,-114.813886130099,38.2431244660397,-114.334162235415,39.795123351326,0.865402877287917,0.744004024201,2025.2073682702,2025.32876712329,SRR33682396|A/goose/ND/25-014293-001-original-repeat/2025|H5N1|USA-ND|Unknown|2025-05-01|domestic_avian|D1.1,Central,Central
897,899,0.548261152936549,-108.537044737586,33.9960418540206,-108.368351336499,34.4059477051581,0.866738370436561,0.318477217500012,2024.7818414635,2025.33010261644,NA,Atlantic,Atlantic
1318,412,0.100504145184147,-96.7513873240315,47.6961971604954,-99.9536981437237,36.0951447582594,0.868142603315275,0.767638458131128,2025.23100270413,2025.33150684932,SRR33830328|A/Great_Horned_Owl/MT/25-015870-001-original/2025|H5N1|USA-MT|Unknown|2025-05-02|wild_avian|D1.1,Pacific,Central
1221,1229,0.0416314089995976,-95.6825174559829,37.3771087397934,-79.3796673759497,33.2310254125371,0.872408349125813,0.830776940126215,2025.29414118613,2025.33577259513,NA,Pacific,Mississippi
748,90,0.449332402933229,-71.7324138140168,41.9909575233188,-71.1414565619605,43.0643411582792,0.876361781397574,0.427029378464345,2024.89039362446,2025.3397260274,SRR33764587|A/Fox/MA/25-015209-001-original/2025|H5N1|USA-MA|Unknown|2025-05-05|other_mammal|D1.1,Atlantic,Atlantic
741,742,0.18663795889816,-77.1239719653175,40.3477398818724,-76.6795538385597,40.8012528351912,0.877757863570031,0.691119904671872,2025.15448415067,2025.34112210957,NA,Atlantic,Atlantic
1217,409,0.424452426795114,-113.061173869952,36.8123192056765,-111.330577841215,35.926115779307,0.879101507424932,0.454649080629817,2024.91801332663,2025.34246575342,SRR33764588|A/cat/SD/25-015467-001-original/2025|H5N1|USA-SD|Unknown|2025-05-06|feline|D1.1,Central,Central
742,62,0.00134364385490027,-76.6795538385597,40.8012528351912,-76.2084300272386,40.0593649389161,0.879101507424932,0.877757863570031,2025.34112210957,2025.34246575342,SRR33764507|A/chicken/MD/25-014921-001-original/2025|H5N1|USA-MD|Unknown|2025-05-06|domestic_avian|D1.1,Atlantic,Atlantic
960,235,0.430087939440667,-98.8705178435087,31.8608541479044,-105.001744397392,34.263549451786,0.881841233452289,0.451753294011622,2024.91511754001,2025.34520547945,SRR33764582|A/Turkey_Vulture/IA/25-014877-001-original/2025|H5N1|USA-IA|Unknown|2025-05-07|wild_avian|D1.1,Central,Mississippi
845,266,0.405509906726106,-120.479772322125,44.851035183545,-114.262412233692,46.6946630545618,0.881841233452289,0.476331326726183,2024.93969557273,2025.34520547945,SRR33764581|A/Turkey_Vulture/IA/25-014877-002-original/2025|H5N1|USA-IA|Unknown|2025-05-07|wild_avian|D1.1,Central,Mississippi
755,757,0.0465736171688624,-72.0603189415417,41.7596233703425,-72.5087667988643,43.3169538740779,0.887320014446322,0.84074639727746,2025.30411064328,2025.35068426045,NA,Atlantic,Atlantic
824,12,0.111534859833703,-115.441655718152,39.4797396664959,-112.772369234387,38.952507148834,0.887320685507004,0.775785825673301,2025.23915007167,2025.35068493151,SRR33682397|A/Duck/NJ/25-015044-006-original/2025|H5N1|USA-NJ|Unknown|2025-05-09|domestic_avian|D1.1,Atlantic,Atlantic
899,901,0.0213992611600627,-108.368351336499,34.4059477051581,-106.870030846828,34.6244885269706,0.888137631596624,0.866738370436561,2025.33010261644,2025.3515018776,NA,Atlantic,Atlantic
1051,533,0.157218722760259,-107.504005758838,37.1030794506117,-110.518684273877,35.3816277683328,0.890060411534588,0.73284168877433,2025.19620593477,2025.35342465753,SRR33943918|A/Muscovy_Duck/GA/25-016493-001-original/2025|H5N1|USA-GA|Unknown|2025-05-10|wild_avian|D1.1,Mississippi,Atlantic
1229,1230,0.0210975080172561,-79.3796673759497,33.2310254125371,-77.5347472524027,34.9504804030757,0.893505857143069,0.872408349125813,2025.33577259513,2025.35687010314,NA,Mississippi,Mississippi
1126,1127,0.124026347562349,-111.180979718049,38.4148339722783,-111.41872563233,38.1999132706818,0.894947676984938,0.77092132942259,2025.23428557542,2025.35831192298,NA,Pacific,Pacific
757,758,0.0108817112408802,-72.5087667988643,43.3169538740779,-72.8970930800966,41.9405716204446,0.898201725687203,0.887320014446322,2025.35068426045,2025.36156597169,NA,Atlantic,Atlantic
1052,1053,0.11297112688961,-104.418427241773,39.9868576511694,-104.754040941967,39.8137996936548,0.902371570521874,0.789400443632265,2025.25276468963,2025.36573581652,NA,Atlantic,Atlantic
1100,306,0.105176519911497,-80.3429707276097,41.4910268038205,-80.2394293979441,41.5677581349578,0.903759041671375,0.798582521759878,2025.26194676776,2025.36712328767,SRR33993064|A/Black_Vulture/PA/25-017251-001-original/2025|H5N1|USA-PA|Unknown|2025-05-15|wild_avian|D1.1,Atlantic,Atlantic
753,87,0.14375570205813,-72.3320545740615,42.1205381088687,-72.8606516073293,43.1954675907861,0.90649876769896,0.76274306564083,2025.22610731164,2025.3698630137,SRR34710290|A/Great_Black-Backed_Gull/MA/25-019390-021-original/2025|H5N1|USA-MA|Unknown|2025-05-16|wild_avian|D1.1,Atlantic,Atlantic
1089,1090,0.162670476313176,-79.3544812476091,42.1468475304126,-79.0768570559597,39.9180021948002,0.915109234401136,0.75243875808796,2025.21580300409,2025.3784734804,NA,Atlantic,Atlantic
1080,293,0.0567378616049654,-81.4008770159837,34.3197863165128,-81.6793945821427,33.8356271357291,0.91745767180839,0.860719810203424,2025.3240840562,2025.38082191781,SRR33943914|A/black_vulture/SC/25-016638-004/2025|H5N1|USA-SC|Chester|2025-05-20|wild_avian|D1.1,Atlantic,Atlantic
1078,299,0.0565202912235767,-81.2479864826506,33.648115992453,-81.1006164969125,34.0912514879791,0.91745767180839,0.860937380584813,2025.32430162658,2025.38082191781,SRR33943915|A/black_vulture/SC/25-016638-003/2025|H5N1|USA-SC|Chester|2025-05-20|wild_avian|D1.1,Atlantic,Atlantic
899,900,0.0519948596616685,-108.368351336499,34.4059477051581,-107.348785142841,33.7055268429709,0.91873323009823,0.866738370436561,2025.33010261644,2025.3820974761,NA,Atlantic,Atlantic
1126,582,0.152015794440742,-111.180979718049,38.4148339722783,-111.010873902156,37.8105365524027,0.922937123863332,0.77092132942259,2025.23428557542,2025.38630136986,SRR33830342|A/chicken/AZ/25-016339-007-original/2025|H5N1|USA-AZ|Unknown|2025-05-22|domestic_avian|D1.1,Pacific,Pacific
990,651,0.109310400425129,-92.5832619774492,41.8427146051454,-95.1262445024684,40.749310362716,0.925676849890689,0.81636644946556,2025.27973069547,2025.38904109589,SRR34710267|A/Black_Vulture/VA/25-019364-001-original/2025|H5N1|USA-VA|Unknown|2025-05-23|wild_avian|D1.1,Atlantic,Atlantic
876,169,0.507809955546416,-92.1281502358531,31.5912148847113,-94.683846608459,41.7184454525203,0.936635754000346,0.42882579845393,2024.89219004445,2025.4,SRR33993059|A/Turkey_Vulture/NY/25-016857-001-original/2025|H5N1|USA-NY|Unknown|2025-05-27|wild_avian|D1.1,Mississippi,Atlantic
1320,518,0.674301264397243,-120.203348249954,40.2885354050452,-122.482227048002,39.9592184697046,0.942115206055061,0.267813941657818,2024.73117818766,2025.40547945205,SRR33993061|A/Red_Fox/CO/25-017245-001-original/2025|H5N1|USA-CO|Unknown|2025-05-29|other_mammal|D1.1,Pacific,Pacific
806,33,0.42751552210775,-106.480005222297,44.8841096979685,-105.769942427569,44.0839590529056,0.942115206055061,0.514599683947311,2024.97796392995,2025.40547945205,SRR33993066|A/bald_eagle/MI/25-017061-001/2025|H5N1|USA-MI|Osceola|2025-05-29|wild_avian|D1.1,Mississippi,Mississippi
884,176,0.225676409501199,-94.8631389541777,34.2926676236827,-92.0348110548795,34.1633211040512,0.942115206055061,0.716438796553862,2025.17980304255,2025.40547945205,SRR33993065|A/bald_eagle/MI/25-017061-002/2025|H5N1|USA-MI|Mason|2025-05-29|wild_avian|D1.1,Mississippi,Mississippi
1230,1233,0.0543148756342977,-77.5347472524027,34.9504804030757,-77.4383671685857,39.648227137448,0.947820732777367,0.893505857143069,2025.35687010314,2025.41118497878,NA,Mississippi,Mississippi
757,85,0.0657540957183955,-72.5087667988643,43.3169538740779,-74.0502794566589,42.5126065883681,0.953074110164718,0.887320014446322,2025.35068426045,2025.41643835616,SRR34710258|A/Common_Eider/MA/25-019390-025-original/2025|H5N1|USA-MA|Unknown|2025-06-02|wild_avian|D1.1,Atlantic,Atlantic
1088,308,0.206511762251475,-79.2734425665279,42.103089066764,-78.0732373932137,41.5581681824235,0.955813836192075,0.749302073940601,2025.21266631994,2025.41917808219,SRR34270259|A/black_vulture/PA/25-017748-001/2025|H5N1|USA-PA|Lehigh|2025-06-03|wild_avian|D1.1,Atlantic,Atlantic
1101,305,0.107318638810823,-80.168988754153,41.2854581616972,-79.0818434003093,40.5809106184793,0.955813836192075,0.848495197381253,2025.31185944338,2025.41917808219,SRR34270258|A/black_vulture/PA/25-017748-002/2025|H5N1|USA-PA|Lehigh|2025-06-03|wild_avian|D1.1,Atlantic,Atlantic
1233,1234,0.0127731492518347,-77.4383671685857,39.648227137448,-86.933060207789,32.9033052886295,0.960593882029201,0.947820732777367,2025.41118497878,2025.42395812803,NA,Mississippi,Central
884,177,0.244854491692928,-94.8631389541777,34.2926676236827,-93.5088624982552,32.9002355260333,0.96129328824679,0.716438796553862,2025.17980304255,2025.42465753425,SRR34425901|A/caspian_tern/WI/25-018001-001/2025|H5N1|USA-WI|Door|2025-06-05|wild_avian|D1.1,Mississippi,Mississippi
1127,583,0.0663456112618517,-111.41872563233,38.1999132706818,-111.125409935259,38.4575682864532,0.96129328824679,0.894947676984938,2025.35831192298,2025.42465753425,SRR34270136|A/chicken/AZ/25-017630-002-original/2025|H5N1|USA-AZ|Unknown|2025-06-05|domestic_avian|D1.1,Pacific,Pacific
1050,532,0.499716503639833,-107.689176717647,36.2965801907447,-103.373589245301,30.8680163641135,0.964033014274148,0.464316510634315,2024.92768075663,2025.42739726027,SRR34270261|A/turkey_vulture/NC/25-017667-001/2025|H5N1|USA-NC|Durham|2025-06-06|wild_avian|D1.1,Mississippi,Atlantic
755,756,0.125763576700253,-72.0603189415417,41.7596233703425,-73.6267930186008,43.5303245979566,0.966509973977713,0.84074639727746,2025.30411064328,2025.42987421998,NA,Atlantic,Atlantic
1149,1150,0.114767022479912,-101.519594373897,32.8379643282301,-102.327525106762,31.372429091914,0.973186725393771,0.85841970291386,2025.32178394891,2025.43655097139,NA,Central,Central
935,936,0.216510362062036,-98.9279062418445,29.6076845137166,-97.8131443922943,28.3025625302519,0.975423548770115,0.758913186708079,2025.22227743271,2025.43878779477,NA,Mississippi,Mississippi
826,15,0.137776991718652,-121.209239188324,45.8601995451187,-121.766217849822,43.9155780815901,0.977731644411162,0.83995465269251,2025.30331889869,2025.44109589041,SRR34425894|A/Peregrine_falcon/IL/25-018249-001/2025|H5N1|USA-IL|DuPage|2025-06-11|wild_avian|D1.1,Mississippi,Mississippi
1230,1231,0.0871421879181381,-77.5347472524027,34.9504804030757,-85.8417788048596,35.7802200344292,0.980648045061207,0.893505857143069,2025.35687010314,2025.44401229106,NA,Mississippi,Mississippi
1150,1151,0.0185275497259362,-102.327525106762,31.372429091914,-104.549253793896,31.6950337955676,0.991714275119708,0.973186725393771,2025.43655097139,2025.45507852112,NA,Central,Central
901,203,0.122470725143282,-106.870030846828,34.6244885269706,-107.402152565131,34.7605908706757,1.01060835673991,0.888137631596624,2025.3515018776,2025.47397260274,SRR34542593|A/Caspian_Tern/NY/25-019019-002-original/2025|H5N1|USA-NY|Unknown|2025-06-23|wild_avian|D1.1,Atlantic,Atlantic
1078,1079,0.154433453552874,-81.2479864826506,33.648115992453,-81.5841050617486,33.848315516879,1.01537083413769,0.860937380584813,2025.32430162658,2025.47873508014,NA,Atlantic,Atlantic
823,11,0.260581472802494,-114.503279279354,41.6724167034087,-117.11656298453,43.6779281690428,1.01608780879485,0.755506335992354,2025.21887058199,2025.47945205479,SRR34542590|A/Domestic_Cat/NJ/25-019482-001-original/2025|H5N1|USA-NJ|Unknown|2025-06-25|feline|D1.1,Atlantic,Atlantic
1080,1081,0.155833887717344,-81.4008770159837,34.3197863165128,-77.1741802295401,35.7119635188752,1.01655369792077,0.860719810203424,2025.3240840562,2025.47991794392,NA,Atlantic,Atlantic
1234,1235,0.0577887824061918,-86.933060207789,32.9033052886295,-88.3773497015616,32.2166998320967,1.01838266443539,0.960593882029201,2025.42395812803,2025.48174691044,NA,Central,Central
1234,1276,0.0579620303305977,-86.933060207789,32.9033052886295,-86.9368000077638,32.9786903598057,1.0185559123598,0.960593882029201,2025.42395812803,2025.48192015836,NA,Central,Central
756,82,0.0523175608444919,-73.6267930186008,43.5303245979566,-74.5578125599193,41.7154319024323,1.0188275348222,0.966509973977713,2025.42987421998,2025.48219178082,SRR34980327|A/Herring_Gull/NH/25-021405-002-original/2025|H5N1|USA-NH|Unknown|2025-06-26|wild_avian|D1.1,Atlantic,Atlantic
1151,1152,0.0277703443164921,-104.549253793896,31.6950337955676,-109.2383162889,38.5620315731225,1.0194846194362,0.991714275119708,2025.45507852112,2025.48284886544,NA,Central,Mississippi
1276,1287,0.0060175048637845,-86.9368000077638,32.9786903598057,-87.0642518333147,33.1695164429873,1.02457341722358,1.0185559123598,2025.48192015836,2025.48793766322,NA,Central,Central
756,81,0.0605367389265641,-73.6267930186008,43.5303245979566,-74.817179039007,44.5615125350659,1.02704671290428,0.966509973977713,2025.42987421998,2025.4904109589,SRR34980362|A/Common_Eider/ME/25-021406-018-original/2025|H5N1|USA-ME|Unknown|2025-06-29|wild_avian|D1.1,Atlantic,Atlantic
1287,1288,0.00513349064357804,-87.0642518333147,33.1695164429873,-87.4747313200592,33.2454374527286,1.02970690786716,1.02457341722358,2025.48793766322,2025.49307115387,NA,Central,Central
1231,1232,0.0499196110133406,-85.8417788048596,35.7802200344292,-84.105385440541,38.2382102219534,1.03056765607455,0.980648045061207,2025.44401229106,2025.49393190207,NA,Mississippi,Mississippi
1087,309,0.297395853989638,-78.1833653400432,42.2413819562185,-78.3434295199288,40.3576542387546,1.03252616495922,0.735130310969581,2025.19849455697,2025.49589041096,SRR34542496|A/Mallard_Duck/PA/25-019408-006-original/2025|H5N1|USA-PA|Unknown|2025-07-01|wild_avian|D1.1,Atlantic,Atlantic
1152,1153,0.014800191601932,-109.2383162889,38.5620315731225,-110.030465745507,37.604190935625,1.03428481103813,1.0194846194362,2025.48284886544,2025.49764905704,NA,Mississippi,Mississippi
903,192,0.107765804107888,-78.0958739647123,43.2769755512472,-79.372444894459,41.298124090943,1.03526589098658,0.927500086878689,2025.39086433288,2025.49863013699,SRR34784272|A/caspian_tern/NY/25-019811-002/2025|H5N1|USA-NY|Jefferson|2025-07-02|wild_avian|D1.1,Atlantic,Atlantic
1152,1166,0.0173508510946314,-109.2383162889,38.5620315731225,-109.546852873563,39.0795743500721,1.03683547053083,1.0194846194362,2025.48284886544,2025.50019971653,NA,Mississippi,Mississippi
758,83,0.139803891326731,-72.8970930800966,41.9405716204446,-76.4724886553926,42.3853212004415,1.03800561701393,0.898201725687203,2025.36156597169,2025.50136986301,SRR34980293|A/Common_Eider/ME/25-021406-010-original/2025|H5N1|USA-ME|Unknown|2025-07-03|wild_avian|D1.1,Atlantic,Atlantic
1233,1310,0.0911336268258854,-77.4383671685857,39.648227137448,-82.1626645107533,35.925637712752,1.03895435960325,0.947820732777367,2025.41118497878,2025.5023186056,NA,Mississippi,Mississippi
1287,1299,0.0144399919514442,-87.0642518333147,33.1695164429873,-85.3933658212441,33.4852506965204,1.03901340917503,1.02457341722358,2025.48793766322,2025.50237765517,NA,Central,Central
1235,1243,0.0210349747715124,-88.3773497015616,32.2166998320967,-88.4058935432986,32.1357165530895,1.03941763920691,1.01838266443539,2025.48174691044,2025.50278188521,NA,Central,Central
758,84,0.142543617354089,-72.8970930800966,41.9405716204446,-71.5020660806532,41.6281990235409,1.04074534304129,0.898201725687203,2025.36156597169,2025.50410958904,SRR35089324|A/Great_black-backed_gull/MA/25-021407-023-original/2025|H5N1|USA-MA|Unknown|2025-07-04|wild_avian|D1.1,Atlantic,Atlantic
1090,1091,0.126914482343018,-79.0768570559597,39.9180021948002,-80.5561209178145,40.1710072165597,1.04202371674415,0.915109234401136,2025.3784734804,2025.50538796274,NA,Atlantic,Atlantic
1243,1257,0.00304648185997514,-88.4058935432986,32.1357165530895,-88.2106324552465,32.5428615297985,1.04246412106688,1.03941763920691,2025.50278188521,2025.50582836707,NA,Central,Central
903,904,0.115046460176713,-78.0958739647123,43.2769755512472,-76.2080394644085,41.350990282134,1.0425465470554,0.927500086878689,2025.39086433288,2025.50591079306,NA,Atlantic,Atlantic
1150,1178,0.0699273401661168,-102.327525106762,31.372429091914,-113.325761428445,32.9207413032163,1.04311406555989,0.973186725393771,2025.43655097139,2025.50647831156,NA,Central,Mississippi
904,910,0.00181666406680425,-76.2080394644085,41.350990282134,-76.5877423058167,41.4289214198773,1.04436321112221,1.0425465470554,2025.50591079306,2025.50772745712,NA,Atlantic,Atlantic
1299,1304,0.00566528331677385,-85.3933658212441,33.4852506965204,-85.2537150426442,33.2155340711274,1.0446786924918,1.03901340917503,2025.50237765517,2025.50804293849,NA,Central,Central
1221,1222,0.214232267198074,-95.6825174559829,37.3771087397934,-98.1948825059441,34.3434127494156,1.04500920732429,0.830776940126215,2025.29414118613,2025.50837345332,NA,Pacific,Pacific
1178,1182,0.00213772272909152,-113.325761428445,32.9207413032163,-113.149233962297,33.4338365475834,1.04525178828898,1.04311406555989,2025.50647831156,2025.50861603429,NA,Mississippi,Mississippi
1182,1196,0.00123767352081283,-113.149233962297,33.4338365475834,-113.109496302851,33.4266566387519,1.04648946180979,1.04525178828898,2025.50861603429,2025.50985370781,NA,Mississippi,Mississippi
1243,1244,0.00715557445789194,-88.4058935432986,32.1357165530895,-88.1227571348557,31.8763247081545,1.0465732136648,1.03941763920691,2025.50278188521,2025.50993745966,NA,Central,Central
1276,1277,0.0280203453489369,-86.9368000077638,32.9786903598057,-87.1309255749983,33.7655957198757,1.04657625770874,1.0185559123598,2025.48192015836,2025.50994050371,NA,Central,Central
936,937,0.0714372765541904,-97.8131443922943,28.3025625302519,-97.8342588669191,29.7193160325255,1.04686082532431,0.975423548770115,2025.43878779477,2025.51022507132,NA,Mississippi,Mississippi
1257,1261,0.00538192717445485,-88.2106324552465,32.5428615297985,-88.1772831218444,32.5929441050934,1.04784604824134,1.04246412106688,2025.50582836707,2025.51121029424,NA,Central,Central
1261,1265,0.000870207839261949,-88.1772831218444,32.5929441050934,-88.4072554474656,32.6526527303297,1.0487162560806,1.04784604824134,2025.51121029424,2025.51208050208,NA,Central,Central
1265,1266,0.000190494002703101,-88.4072554474656,32.6526527303297,-88.3965457636694,32.8990589076078,1.0489067500833,1.0487162560806,2025.51208050208,2025.51227099608,NA,Central,Central
1166,1167,0.0121568303100741,-109.546852873563,39.0795743500721,-101.199031124325,38.2100338257957,1.04899230084091,1.03683547053083,2025.50019971653,2025.51235654684,NA,Mississippi,Central
1167,1168,0.000472856678782607,-101.199031124325,38.2100338257957,-100.582277105014,38.0387558038296,1.04946515751969,1.04899230084091,2025.51235654684,2025.51282940352,NA,Central,Central
988,994,0.303772394214397,-95.2767826186932,41.9404685490068,-94.5162227926207,42.4222967045429,1.05026959288273,0.746497198668335,2025.20986144467,2025.51363383888,NA,Atlantic,Atlantic
1178,1179,0.00738257438024226,-113.325761428445,32.9207413032163,-112.756502517316,34.1493343575801,1.05049663994013,1.04311406555989,2025.50647831156,2025.51386088594,NA,Mississippi,Mississippi
1166,1173,0.0137576019554981,-109.546852873563,39.0795743500721,-109.534646266431,39.1169126592719,1.05059307248633,1.03683547053083,2025.50019971653,2025.51395731849,NA,Mississippi,Mississippi
1244,1256,0.00408787397918409,-88.1227571348557,31.8763247081545,-88.085684208928,32.442206300416,1.05066108764398,1.0465732136648,2025.50993745966,2025.51402533364,NA,Central,Central
1081,1082,0.0345554719910843,-77.1741802295401,35.7119635188752,-75.7739592502356,35.7337010609631,1.05110916991185,1.01655369792077,2025.47991794392,2025.51447341591,NA,Atlantic,Atlantic
1090,1093,0.136386986072936,-79.0768570559597,39.9180021948002,-77.6759338037429,41.6151467414147,1.05149622047407,0.915109234401136,2025.3784734804,2025.51486046647,NA,Atlantic,Atlantic
1168,1172,0.00271020641249309,-100.582277105014,38.0387558038296,-100.666536255382,38.2657655520203,1.05217536393218,1.04946515751969,2025.51282940352,2025.51553960993,NA,Central,Central
1196,1200,0.00595682861979507,-113.109496302851,33.4266566387519,-112.454264012917,34.4586495510735,1.05244629042959,1.04648946180979,2025.50985370781,2025.51581053643,NA,Mississippi,Mississippi
990,991,0.236549611198473,-92.5832619774492,41.8427146051454,-93.5882342431382,40.9208837144443,1.05291606066403,0.81636644946556,2025.27973069547,2025.51628030666,NA,Atlantic,Atlantic
1266,1267,0.00419735862136061,-88.3965457636694,32.8990589076078,-88.4142624424523,32.0502933119157,1.05310410870466,1.0489067500833,2025.51227099608,2025.5164683547,NA,Central,Central
1235,1236,0.0347565335056699,-88.3773497015616,32.2166998320967,-81.8376828674973,33.5055734338131,1.05313919794106,1.01838266443539,2025.48174691044,2025.51650344394,NA,Central,Pacific
1299,1300,0.0142181671360617,-85.3933658212441,33.4852506965204,-85.4341478785458,33.0490644916144,1.05323157631109,1.03901340917503,2025.50237765517,2025.51659582231,NA,Central,Central
1222,1228,0.00875093688976669,-98.1948825059441,34.3434127494156,-99.7178556223186,34.09484840249,1.05376014421406,1.04500920732429,2025.50837345332,2025.51712439021,NA,Pacific,Pacific
1182,1183,0.00852725647387742,-113.149233962297,33.4338365475834,-114.996341138741,34.395124647872,1.05377904476286,1.04525178828898,2025.50861603429,2025.51714329076,NA,Mississippi,Mississippi
1196,1197,0.00742481826824526,-113.109496302851,33.4266566387519,-113.557155487139,33.5446140894238,1.05391428007804,1.04648946180979,2025.50985370781,2025.51727852608,NA,Mississippi,Mississippi
1277,1284,0.00746530785249711,-87.1309255749983,33.7655957198757,-85.9127171850603,31.4136948795732,1.05404156556123,1.04657625770874,2025.50994050371,2025.51740581156,NA,Central,Central
1310,1311,0.0154068559981131,-82.1626645107533,35.925637712752,-81.911667097144,35.9356350098446,1.05436121560137,1.03895435960325,2025.5023186056,2025.5177254616,NA,Mississippi,Mississippi
754,86,0.262451211006597,-72.0300300839293,42.0336174106836,-72.1997825730617,42.5530631793976,1.05444397317831,0.791992762171709,2025.25535700817,2025.51780821918,SRR34980314|A/Common_Eider/NH/25-021405-003-original/2025|H5N1|USA-NH|Unknown|2025-07-09|wild_avian|D1.1,Atlantic,Atlantic
1232,423,0.0238763171037581,-84.105385440541,38.2382102219534,-84.2701988267118,39.6825307591985,1.05444397317831,1.03056765607455,2025.49393190207,2025.51780821918,SRR36209098|A/Blue-winged_Teal/OH/25G02925-001-original/2025|H5N1|USA-OH|Unknown|2025-07-09|wild_avian|D1.1,Mississippi,Mississippi
1200,1202,0.00319836981323784,-112.454264012917,34.4586495510735,-112.461322780447,34.4609126489546,1.05564466024283,1.05244629042959,2025.51581053643,2025.51900890624,NA,Mississippi,Mississippi
1222,1223,0.0107811849883457,-98.1948825059441,34.3434127494156,-98.4377283636913,34.8808468500501,1.05579039231264,1.04500920732429,2025.50837345332,2025.51915463831,NA,Pacific,Pacific
894,215,0.620065972063454,-105.057838979153,31.2168536863202,-121.163960021735,41.670291439711,1.05718369920566,0.437117727142209,2024.90048197314,2025.52054794521,SRR35151399|A/snow_goose/ND/25-020340-001/2025|H5N1|USA-ND|Ward|2025-07-10|wild_avian|D1.1,Mississippi,Central
1277,1278,0.0112328833745368,-87.1309255749983,33.7655957198757,-88.0873228517555,33.8487652269819,1.05780914108327,1.04657625770874,2025.50994050371,2025.52117338708,NA,Central,Central
1223,1224,0.00320909314358153,-98.4377283636913,34.8808468500501,-98.4115438159438,34.6768586549406,1.05899948545622,1.05579039231264,2025.51915463831,2025.52236373146,NA,Pacific,Pacific
904,905,0.0176360585998183,-76.2080394644085,41.350990282134,-77.1806791062149,42.1162294277012,1.06018260565522,1.0425465470554,2025.50591079306,2025.52354685166,NA,Atlantic,Atlantic
1284,1285,0.00720794740989095,-85.9127171850603,31.4136948795732,-84.9590712242613,31.8284938753262,1.06124951297112,1.05404156556123,2025.51740581156,2025.52461375897,NA,Central,Central
1173,1174,0.0113417482596934,-109.534646266431,39.1169126592719,-110.839120541263,42.506030258107,1.06193482074602,1.05059307248633,2025.51395731849,2025.52529906675,NA,Mississippi,Central
752,80,0.297155245158935,-72.4139129753284,43.4337337368288,-75.3411061074414,43.3917082325022,1.06266315126061,0.76550790610167,2025.2288721521,2025.52602739726,SRR34980303|A/Common_Eider/NH/25-021405-004-original/2025|H5N1|USA-NH|Unknown|2025-07-12|wild_avian|D1.1,Atlantic,Atlantic
1174,1175,0.00831670226154313,-110.839120541263,42.506030258107,-115.077489542118,43.9710200857155,1.07025152300757,1.06193482074602,2025.52529906675,2025.53361576901,NA,Central,Mississippi
742,63,0.195864191800004,-76.6795538385597,40.8012528351912,-87.012802881837,36.907067977658,1.07362205537003,0.877757863570031,2025.34112210957,2025.53698630137,SRR35151393|A/Common_Tern/ME/25-021406-008-original-repeat2/2025|H5N1|USA-ME|Unknown|2025-07-16|wild_avian|D1.1,Atlantic,Atlantic
1168,1169,0.0250848189800632,-100.582277105014,38.0387558038296,-101.503351119494,38.763069641127,1.07454997649975,1.04946515751969,2025.51282940352,2025.5379142225,NA,Central,Central
1278,1281,0.0173035739223426,-88.0873228517555,33.8487652269819,-90.0813254864001,31.6453281773773,1.07511271500562,1.05780914108327,2025.52117338708,2025.53847696101,NA,Central,Central
1257,1258,0.0430301102135662,-88.2106324552465,32.5428615297985,-90.3956488399003,29.7398164654125,1.08549423128045,1.04246412106688,2025.50582836707,2025.54885847728,NA,Central,Central
1127,584,0.195112734549468,-111.41872563233,38.1999132706818,-110.66821177595,38.2948419612345,1.09006041153441,0.894947676984938,2025.35831192298,2025.55342465753,SRR35150577|A/cattle/AZ/25-021143-001-original-repeat2/2025|H5N1|USA-AZ|Unknown|2025-07-22|cattle|D1.1,Pacific,Pacific
1244,1245,0.0452674710673886,-88.1227571348557,31.8763247081545,-93.0827764290694,44.7333242747471,1.09184068473219,1.0465732136648,2025.50993745966,2025.55520493073,NA,Central,Mississippi
1183,1185,0.0434675961808699,-114.996341138741,34.395124647872,-114.826206348323,34.3477823016783,1.09724664094373,1.05377904476286,2025.51714329076,2025.56061088694,NA,Mississippi,Mississippi
1065,1066,0.762155048971877,-107.820822025815,39.5700464474701,-106.846373314768,39.0752315337788,1.09819439244628,0.336039343474398,2024.79940358947,2025.56155863845,NA,Central,Central
1153,1154,0.0640728507087878,-110.030465745507,37.604190935625,-109.578431282562,37.9029523791826,1.09835766174692,1.03428481103813,2025.49764905704,2025.56172190775,NA,Mississippi,Mississippi
1245,1246,0.00810797135700847,-93.0827764290694,44.7333242747471,-96.2597264036146,47.0005233463909,1.09994865608919,1.09184068473219,2025.55520493073,2025.56331290209,NA,Mississippi,Mississippi
1093,1094,0.0486167044093013,-77.6759338037429,41.6151467414147,-79.1789079366377,38.3270307159851,1.10011292488337,1.05149622047407,2025.51486046647,2025.56347717088,NA,Atlantic,Atlantic
1154,1155,0.00239186500055144,-109.578431282562,37.9029523791826,-113.496513249137,43.7100192009993,1.10074952674747,1.09835766174692,2025.56172190775,2025.56411377275,NA,Mississippi,Mississippi
1155,1156,0.000744481823400811,-113.496513249137,43.7100192009993,-113.976745074368,43.7749294481108,1.10149400857087,1.10074952674747,2025.56411377275,2025.56485825457,NA,Mississippi,Mississippi
905,906,0.0418795256528748,-77.1806791062149,42.1162294277012,-74.9014525125513,41.4891729263872,1.10206213130809,1.06018260565522,2025.52354685166,2025.56542637731,NA,Atlantic,Atlantic
1246,1247,0.00249122063221097,-96.2597264036146,47.0005233463909,-95.5638184062414,47.0070970047465,1.10243987672141,1.09994865608919,2025.56331290209,2025.56580412272,NA,Mississippi,Mississippi
1304,1305,0.0588127303648598,-85.2537150426442,33.2155340711274,-88.8206410087191,44.7552200914371,1.10349142285666,1.0446786924918,2025.50804293849,2025.56685566886,NA,Central,Mississippi
1236,1237,0.0504388744638382,-81.8376828674973,33.5055734338131,-81.2942172633796,32.8724896059705,1.1035780724049,1.05313919794106,2025.51650344394,2025.5669423184,NA,Pacific,Pacific
1237,1239,0.000317242022296993,-81.2942172633796,32.8724896059705,-81.4489768697687,32.8885500048631,1.1038953144272,1.1035780724049,2025.5669423184,2025.56725956043,NA,Pacific,Pacific
1305,1306,0.000614284457493897,-88.8206410087191,44.7552200914371,-88.8609249160557,44.7035236642345,1.10410570731416,1.10349142285666,2025.56685566886,2025.56746995331,NA,Mississippi,Mississippi
1281,1282,0.029940134163869,-90.0813254864001,31.6453281773773,-89.132599973209,35.4225862141844,1.10505284916948,1.07511271500562,2025.53847696101,2025.56841709517,NA,Central,Central
1239,1240,0.00248938352063277,-81.4489768697687,32.8885500048631,-81.1352160396108,32.7556508081896,1.10638469794783,1.1038953144272,2025.56725956043,2025.56974894395,NA,Pacific,Pacific
1179,1180,0.0558989262300684,-112.756502517316,34.1493343575801,-113.544772748175,39.1264582025788,1.1063955661702,1.05049663994013,2025.51386088594,2025.56975981217,NA,Mississippi,Central
1094,1095,0.00633541875326138,-79.1789079366377,38.3270307159851,-79.3552556485954,38.4059353612535,1.10644834363663,1.10011292488337,2025.56347717088,2025.56981258964,NA,Atlantic,Atlantic
1246,1250,0.00694580372075171,-96.2597264036146,47.0005233463909,-96.247414147701,47.0596345245591,1.10689445980995,1.09994865608919,2025.56331290209,2025.57025870581,NA,Mississippi,Mississippi
1282,1283,0.00242545516074721,-89.132599973209,35.4225862141844,-89.5784536031849,36.2473624420188,1.10747830433023,1.10505284916948,2025.56841709517,2025.57084255033,NA,Central,Central
991,992,0.0547582166002172,-93.5882342431382,40.9208837144443,-94.2619192378365,38.9163398860907,1.10767427726425,1.05291606066403,2025.51628030666,2025.57103852326,NA,Atlantic,Atlantic
906,907,0.00663655043988376,-74.9014525125513,41.4891729263872,-74.3979750162872,41.9242895296138,1.10869868174798,1.10206213130809,2025.56542637731,2025.57206292775,NA,Atlantic,Atlantic
1091,1092,0.0667745979508882,-80.5561209178145,40.1710072165597,-79.9669455241677,37.8706670930173,1.10879831469504,1.04202371674415,2025.50538796274,2025.57216256069,NA,Atlantic,Atlantic
936,939,0.133392831156212,-97.8131443922943,28.3025625302519,-97.8149649991318,28.1003941712205,1.10881637992633,0.975423548770115,2025.43878779477,2025.57218062593,NA,Mississippi,Mississippi
1169,1170,0.0344906594477226,-101.503351119494,38.763069641127,-103.444512327327,34.17185492139,1.10904063594747,1.07454997649975,2025.5379142225,2025.57240488195,NA,Central,Mississippi
1185,1186,0.0118392586616796,-114.826206348323,34.3477823016783,-112.719432217308,32.2015346772797,1.10908589960541,1.09724664094373,2025.56061088694,2025.57245014561,NA,Mississippi,Mississippi
1250,1251,0.00235182989148175,-96.247414147701,47.0596345245591,-95.9367486294215,46.8050863818653,1.10924628970143,1.10689445980995,2025.57025870581,2025.5726105357,NA,Mississippi,Mississippi
1278,1279,0.0515751478945548,-88.0873228517555,33.8487652269819,-88.2229617685983,33.9064542871147,1.10938428897783,1.05780914108327,2025.52117338708,2025.57274853498,NA,Central,Central
1186,1188,0.00054936908978731,-112.719432217308,32.2015346772797,-112.449017855423,31.9140320949688,1.10963526869519,1.10908589960541,2025.57245014561,2025.57299951469,NA,Mississippi,Mississippi
907,908,0.00112985570837565,-74.3979750162872,41.9242895296138,-74.3489396438657,41.6366824538499,1.10982853745635,1.10869868174798,2025.57206292775,2025.57319278346,NA,Atlantic,Atlantic
1245,1254,0.0181560765736752,-93.0827764290694,44.7333242747471,-93.3097091531597,44.8901623154347,1.10999676130586,1.09184068473219,2025.55520493073,2025.57336100731,NA,Mississippi,Mississippi
1156,1157,0.00892354591511846,-113.976745074368,43.7749294481108,-113.869854463479,45.4941317191959,1.11041755448599,1.10149400857087,2025.56485825457,2025.57378180049,NA,Mississippi,Mississippi
1155,1162,0.0105618840248534,-113.496513249137,43.7100192009993,-112.541524986042,44.1237443541204,1.11131141077232,1.10074952674747,2025.56411377275,2025.57467565677,NA,Mississippi,Mississippi
1154,1165,0.0138759368358785,-109.578431282562,37.9029523791826,-105.427044077461,33.5291907765869,1.1122335985828,1.09835766174692,2025.56172190775,2025.57559784458,NA,Mississippi,Mississippi
1170,1171,0.00359059164052766,-103.444512327327,34.17185492139,-103.29201094121,34.0920694478535,1.112631227588,1.10904063594747,2025.57240488195,2025.57599547359,NA,Mississippi,Mississippi
1186,1187,0.00433671101207533,-112.719432217308,32.2015346772797,-115.139974125226,34.49367459446,1.11342261061748,1.10908589960541,2025.57245014561,2025.57678685662,NA,Mississippi,Mississippi
1247,1248,0.0110752344326404,-95.5638184062414,47.0070970047465,-93.4057794972741,46.0001543655798,1.11351511115405,1.10243987672141,2025.56580412272,2025.57687935715,NA,Mississippi,Mississippi
1188,1189,0.00406553040638924,-112.449017855423,31.9140320949688,-112.628816847117,32.765626571603,1.11370079910158,1.10963526869519,2025.57299951469,2025.5770650451,NA,Mississippi,Mississippi
1288,1289,0.0840897180214639,-87.4747313200592,33.2454374527286,-89.0904121090554,47.88872963228,1.11379662588863,1.02970690786716,2025.49307115387,2025.57716087189,NA,Central,Mississippi
910,911,0.0696721068063786,-76.5877423058167,41.4289214198773,-69.1143911717268,44.9111630038084,1.11403531792858,1.04436321112221,2025.50772745712,2025.57739956393,NA,Atlantic,Atlantic
1189,1190,0.000625383888770203,-112.628816847117,32.765626571603,-112.596699153001,32.7571511635747,1.11432618299035,1.11370079910158,2025.5770650451,2025.57769042899,NA,Mississippi,Mississippi
1197,1198,0.0604272636763552,-113.557155487139,33.5446140894238,-113.215463236613,33.7028497954224,1.11434154375439,1.05391428007804,2025.51727852608,2025.57770578975,NA,Mississippi,Mississippi
1180,1181,0.00805857987230696,-113.544772748175,39.1264582025788,-111.300208527703,39.5693889280211,1.11445414604251,1.1063955661702,2025.56975981217,2025.57781839204,NA,Central,Central
1261,1262,0.0668773200270008,-88.1772831218444,32.5929441050934,-94.6651156692283,36.3524244730751,1.11472336826834,1.04784604824134,2025.51121029424,2025.57808761427,NA,Central,Central
1095,1096,0.0083010010848612,-79.3552556485954,38.4059353612535,-78.930393404776,39.491811479725,1.1147493447215,1.10644834363663,2025.56981258964,2025.57811359072,NA,Atlantic,Atlantic
1240,1241,0.00867737966340631,-81.1352160396108,32.7556508081896,-81.8419056592695,31.9819585487795,1.11506207761124,1.10638469794783,2025.56974894395,2025.57842632361,NA,Pacific,Pacific
1304,1307,0.0719053327129398,-85.2537150426442,33.2155340711274,-93.9548088841492,38.7723027885792,1.11658402520474,1.0446786924918,2025.50804293849,2025.5799482712,NA,Central,Pacific
1307,1308,0.00152567956169158,-93.9548088841492,38.7723027885792,-94.213807849598,38.935003643389,1.11810970476643,1.11658402520474,2025.5799482712,2025.58147395077,NA,Pacific,Pacific
1156,1160,0.0166360311697682,-113.976745074368,43.7749294481108,-113.440345277904,42.237218138283,1.11813003974064,1.10149400857087,2025.56485825457,2025.58149428574,NA,Mississippi,Mississippi
1279,1280,0.00942529048540108,-88.2229617685983,33.9064542871147,-87.0012803555534,34.0334373291299,1.11880957946323,1.10938428897783,2025.57274853498,2025.58217382546,NA,Central,Central
1300,1301,0.0676779295812366,-85.4341478785458,33.0490644916144,-87.8337282889039,34.3502949865802,1.12090950589233,1.05323157631109,2025.51659582231,2025.58427375189,NA,Central,Central
1190,1191,0.00693426801397368,-112.596699153001,32.7571511635747,-112.975034866327,32.4859975517142,1.12126045100433,1.11432618299035,2025.57769042899,2025.584624697,NA,Mississippi,Mississippi
1288,1293,0.0929135976579849,-87.4747313200592,33.2454374527286,-85.4723676822201,33.0022006678643,1.12262050552515,1.02970690786716,2025.49307115387,2025.58598475152,NA,Central,Central
939,940,0.0152668542634202,-97.8149649991318,28.1003941712205,-98.8509256295211,28.9106561748417,1.12408323418975,1.10881637992633,2025.57218062593,2025.58744748019,NA,Mississippi,Mississippi
1301,1302,0.0032914431415807,-87.8337282889039,34.3502949865802,-88.2175118790601,34.1200396087265,1.12420094903391,1.12090950589233,2025.58427375189,2025.58756519503,NA,Central,Central
1229,1314,0.25187764792787,-79.3796673759497,33.2310254125371,-69.4320661721105,47.0869127166993,1.12428599705368,0.872408349125813,2025.33577259513,2025.58765024305,NA,Mississippi,Atlantic
1160,1161,0.00665541869161235,-113.440345277904,42.237218138283,-111.671178542383,41.0084894215464,1.12478545843225,1.11813003974064,2025.58149428574,2025.58814970443,NA,Mississippi,Mississippi
1251,1252,0.0155869813346476,-95.9367486294215,46.8050863818653,-89.0138159388031,45.8115689846455,1.12483327103608,1.10924628970143,2025.5726105357,2025.58819751704,NA,Mississippi,Mississippi
1162,1163,0.0139959955980884,-112.541524986042,44.1237443541204,-113.331724372844,40.9095014654475,1.12530740637041,1.11131141077232,2025.57467565677,2025.58867165237,NA,Mississippi,Mississippi
1189,1193,0.0172240376837391,-112.628816847117,32.765626571603,-112.632190358875,32.7570507432756,1.13092483678532,1.11370079910158,2025.5770650451,2025.59428908279,NA,Mississippi,Mississippi
1188,1195,0.0240784592421481,-112.449017855423,31.9140320949688,-113.874047991527,32.5333594559729,1.13371372793734,1.10963526869519,2025.57299951469,2025.59707797394,NA,Mississippi,Mississippi
1241,1242,0.0192698436232361,-81.8419056592695,31.9819585487795,-80.8819813952148,32.9403009769013,1.13433192123447,1.11506207761124,2025.57842632361,2025.59769616723,NA,Pacific,Pacific
1302,1303,0.0106770748437444,-88.2175118790601,34.1200396087265,-86.2549852327908,35.3401320710926,1.13487802387765,1.12420094903391,2025.58756519503,2025.59824226988,NA,Central,Central
1284,1286,0.0811010263511416,-85.9127171850603,31.4136948795732,-81.9523719897429,30.9870484548287,1.13514259191237,1.05404156556123,2025.51740581156,2025.59850683791,NA,Central,Central
1248,1249,0.0217743175116785,-93.4057794972741,46.0001543655798,-89.3842121666047,44.4296729778909,1.13528942866572,1.11351511115405,2025.57687935715,2025.59865367467,NA,Mississippi,Mississippi
1262,1263,0.0209085722040778,-94.6651156692283,36.3524244730751,-94.4221492584882,36.3976419046691,1.13563194047241,1.11472336826834,2025.57808761427,2025.59899618647,NA,Central,Central
1237,1238,0.032298535847201,-81.2942172633796,32.8724896059705,-80.1879660018341,33.0510508060097,1.1358766082521,1.1035780724049,2025.5669423184,2025.59924085425,NA,Pacific,Pacific
1157,1158,0.0258239471891766,-113.869854463479,45.4941317191959,-115.67717705534,44.9540839408253,1.13624150167517,1.11041755448599,2025.57378180049,2025.59960574768,NA,Mississippi,Mississippi
1265,1275,0.0883146188380934,-88.4072554474656,32.6526527303297,-94.6201190063951,39.0474750645758,1.13703087491869,1.0487162560806,2025.51208050208,2025.60039512092,NA,Central,Pacific
1183,1184,0.0836569903890922,-114.996341138741,34.395124647872,-116.266486885571,37.8483543735967,1.13743603515195,1.05377904476286,2025.51714329076,2025.60080028115,NA,Mississippi,Mississippi
1254,1255,0.0292768871351665,-93.3097091531597,44.8901623154347,-93.282964736561,44.7814806986901,1.13927364844103,1.10999676130586,2025.57336100731,2025.60263789444,NA,Mississippi,Mississippi
906,909,0.0400759422277188,-74.9014525125513,41.4891729263872,-72.1070021074809,41.3310277416614,1.14213807353581,1.10206213130809,2025.56542637731,2025.60550231954,NA,Atlantic,Atlantic
1308,1309,0.0283578928848338,-94.213807849598,38.935003643389,-95.7149915537161,37.4853058299026,1.14646759765127,1.11810970476643,2025.58147395077,2025.60983184365,NA,Pacific,Pacific
1092,310,0.0415360694421369,-79.9669455241677,37.8706670930173,-78.2475030482366,37.1987702535257,1.15033438413718,1.10879831469504,2025.57216256069,2025.61369863014,SRR35319489|A/Black_Vulture/PA/25-023113-001-original/2025|H5N1|USA-PA|Unknown|2025-08-13|wild_avian|D1.1,Atlantic,Atlantic
1314,1315,0.0267599562033869,-69.4320661721105,47.0869127166993,-71.0601728267473,43.3929192316671,1.15104595325707,1.12428599705368,2025.58765024305,2025.61441019926,NA,Atlantic,Atlantic
1289,1290,0.0382368404561821,-89.0904121090554,47.88872963228,-88.7128568114353,48.0894882326605,1.15203346634481,1.11379662588863,2025.57716087189,2025.61539771234,NA,Mississippi,Mississippi
1293,1294,0.0294888577428498,-85.4723676822201,33.0022006678643,-90.0556429374944,31.6395384572104,1.152109363268,1.12262050552515,2025.58598475152,2025.61547360927,NA,Central,Pacific
717,6,0.826902574443665,-106.969768506982,39.6810817022046,-106.231184924204,40.1909758352932,1.15307411016454,0.326171535720871,2024.78953578172,2025.61643835616,SRR35949988|A/duck_mallard/ID/25-023507-024/2025|H5N1|USA-ID|Cassia|2025-08-14|wild_avian|D1.1,Pacific,Pacific
1082,294,0.101964940252684,-75.7739592502356,35.7337010609631,-76.6237928098267,35.4623751423975,1.15307411016454,1.05110916991185,2025.51447341591,2025.61643835616,SRR35949967|A/Black_Vulture/NC/25-023724-001-original/2025|H5N1|USA-NC|Unknown|2025-08-14|wild_avian|D1.1,Atlantic,Atlantic
992,993,0.0463415521142807,-94.2619192378365,38.9163398860907,-94.1494538594369,39.3234370681009,1.15401582937853,1.10767427726425,2025.57103852326,2025.61738007538,NA,Atlantic,Atlantic
1252,1253,0.0311829359767677,-89.0138159388031,45.8115689846455,-93.4784099287849,46.3936014696334,1.15601620701284,1.12483327103608,2025.58819751704,2025.61938045301,NA,Mississippi,Mississippi
1053,1054,0.253975434785994,-104.754040941967,39.8137996936548,-106.126386191464,41.6774429847884,1.15634700530787,0.902371570521874,2025.36573581652,2025.61971125131,NA,Atlantic,Atlantic
1270,1271,0.0255761108107078,-120.272482573009,47.4393103846658,-120.074769777351,47.5707891764215,1.15813774471971,1.132561633909,2025.59592587991,2025.62150199072,NA,Pacific,Pacific
900,190,0.245299784175963,-107.348785142841,33.7055268429709,-107.42793069211,33.7172736979011,1.16403301427419,0.91873323009823,2025.3820974761,2025.62739726027,SRR35950029|A/Bald_Eagle/NY/25-023581-001-original/2025|H5N1|USA-NY|Unknown|2025-08-18|wild_avian|D1.1,Atlantic,Atlantic
1294,1295,0.0119304886823206,-90.0556429374944,31.6395384572104,-88.7170555728426,32.5533423431727,1.16403985195032,1.152109363268,2025.61547360927,2025.62740409795,NA,Pacific,Pacific
1095,313,0.0603243966649158,-79.3552556485954,38.4059353612535,-79.4236618530993,39.0417741357686,1.16677274030155,1.10644834363663,2025.56981258964,2025.6301369863,SRR35950028|A/Black_Vulture/NJ/25-023587-001-original/2025|H5N1|USA-NJ|Unknown|2025-08-19|wild_avian|D1.1,Atlantic,Atlantic
1096,314,0.0520233955800546,-78.930393404776,39.491811479725,-79.3514172773324,39.9568956612986,1.16677274030155,1.1147493447215,2025.57811359072,2025.6301369863,SRR35949975|A/Black_Vulture/NJ/25-023587-003-original/2025|H5N1|USA-NJ|Unknown|2025-08-19|wild_avian|D1.1,Atlantic,Atlantic
907,194,0.0635535106085141,-74.3979750162872,41.9242895296138,-73.7186745778167,42.4949473928691,1.17225219235649,1.10869868174798,2025.57206292775,2025.63561643836,SRR35318191|A/chicken/NY/25-023583-002-original/2025|H5N1|USA-NY|Unknown|2025-08-21|domestic_avian|D1.1,Atlantic,Atlantic
1191,1192,0.0513897513967787,-112.975034866327,32.4859975517142,-109.80934043953,32.6177222389931,1.17265020240111,1.12126045100433,2025.584624697,2025.6360144484,NA,Mississippi,Mississippi
1266,1274,0.128455679861142,-88.3965457636694,32.8990589076078,-92.5796438000887,47.4620827288306,1.17736242994444,1.0489067500833,2025.51227099608,2025.64072667594,NA,Central,Mississippi
1192,356,0.0133006200924013,-109.80934043953,32.6177222389931,-106.14189090196,31.8786451886137,1.18595082249351,1.17265020240111,2025.6360144484,2025.64931506849,SRR35318189|A/Turkey/SD/25-023747-001-original/2025|H5N1|USA-SD|Unknown|2025-08-26|domestic_avian|D1.1,Mississippi,Central
1175,1176,0.118925300967496,-115.077489542118,43.9710200857155,-115.502161450274,43.6861342031652,1.18917682397506,1.07025152300757,2025.53361576901,2025.65254106997,NA,Mississippi,Mississippi
1315,1316,0.0407425047245387,-71.0601728267473,43.3929192316671,-71.0291677198081,43.3263643542576,1.19178845798161,1.15104595325707,2025.61441019926,2025.65515270398,NA,Atlantic,Atlantic
1054,535,0.0378229952677109,-106.126386191464,41.6774429847884,-104.130178134192,40.2942282911682,1.19417000057558,1.15634700530787,2025.61971125131,2025.65753424658,SRR35949432|A/chicken/GA/25-024057-002-original/2025|H5N1|USA-GA|Unknown|2025-08-29|domestic_avian|D1.1,Atlantic,Atlantic
1163,1164,0.069592622789953,-113.331724372844,40.9095014654475,-111.56696875635,38.7527122872555,1.19490002916037,1.12530740637041,2025.58867165237,2025.65826427516,NA,Mississippi,Mississippi
1172,379,0.144734362670755,-100.666536255382,38.2657655520203,-99.7641272992011,40.1117809464668,1.19690972660294,1.05217536393218,2025.51553960993,2025.6602739726,SRR35949426|A/Domestic_Grower/Meat-type_Turkey/ND/25-024186-001-original/2025|H5N1|USA-ND|Unknown|2025-08-30|domestic_avian|D1.1,Central,Central
1174,373,0.137714631884271,-110.839120541263,42.506030258107,-109.647665224448,39.1168347657348,1.19964945263029,1.06193482074602,2025.52529906675,2025.66301369863,SRR35949424|A/Domestic_Grower/Meat-type_Turkey/SD/25-024189-001-original/2025|H5N1|USA-SD|Unknown|2025-08-31|domestic_avian|D1.1,Central,Central
1311,1312,0.147103715507069,-81.911667097144,35.9356350098446,-74.9877173510358,39.8726661585339,1.20146493110843,1.05436121560137,2025.5177254616,2025.66482917711,NA,Mississippi,Atlantic
1193,1194,0.0728872241260903,-112.632190358875,32.7570507432756,-109.115626389742,36.7866741823173,1.20381206091141,1.13092483678532,2025.59428908279,2025.66717630691,NA,Mississippi,Mississippi
1200,1201,0.152028478056211,-112.454264012917,34.4586495510735,-119.856919542308,46.2286036596224,1.2044747684858,1.05244629042959,2025.51581053643,2025.66783901449,NA,Mississippi,Central
1167,369,0.156136603844331,-101.199031124325,38.2100338257957,-115.070768001647,38.9762243182318,1.20512890468524,1.04899230084091,2025.51235654684,2025.66849315068,SRR36211907|A/Canada_Goose/UT/25-024323-001-original/2025|H5N1|USA-UT|Unknown|2025-09-02|wild_avian|D1.1,Central,Pacific
1312,1313,0.00515334361921838,-74.9877173510358,39.8726661585339,-75.7910920791644,40.2128824098274,1.20661827472765,1.20146493110843,2025.66482917711,2025.66998252073,NA,Atlantic,Atlantic
1290,1292,0.0576073065477276,-88.7128568114353,48.0894882326605,-88.9312368696027,46.5967449450203,1.20964077289254,1.15203346634481,2025.61539771234,2025.67300501889,NA,Mississippi,Mississippi
1228,419,0.156848212525895,-99.7178556223186,34.09484840249,-100.074794159325,34.2713462739677,1.21060835673995,1.05376014421406,2025.51712439021,2025.67397260274,SRR35705730|A/Mallard_Duck/ID/25-024960-007-original/2025|H5N1|USA-ID|Unknown|2025-09-04|wild_avian|D1.1,Pacific,Pacific
1151,367,0.221633807647601,-104.549253793896,31.6950337955676,-104.32818980959,30.9114514890596,1.21334808276731,0.991714275119708,2025.45507852112,2025.67671232877,SRR35705007|A/Turkey/SD/25-024863-004-original/2025|H5N1|USA-SD|Unknown|2025-09-05|domestic_avian|D1.1,Central,Central
1079,298,0.200716974656979,-81.5841050617486,33.848315516879,-82.8920375254813,33.1511726457726,1.21608780879467,1.01537083413769,2025.47873508014,2025.67945205479,SRR35705677|A/Black_Vulture/NC/25-025013-001-original/2025|H5N1|USA-NC|Unknown|2025-09-06|wild_avian|D1.1,Atlantic,Atlantic
1170,371,0.107047172847192,-103.444512327327,34.17185492139,-98.5506301592798,37.1307376222971,1.21608780879467,1.10904063594747,2025.57240488195,2025.67945205479,SRR35705728|A/blue-winged_Teal/IL/25-025061-004-original/2025|H5N1|USA-IL|Unknown|2025-09-06|wild_avian|D1.1,Mississippi,Mississippi
1165,382,0.106593936239453,-105.427044077461,33.5291907765869,-115.284158462911,33.1592767963328,1.21882753482225,1.1122335985828,2025.57559784458,2025.68219178082,SRR35586405|A/Turkey/SD/25-024550-002-original/2025|H5N1|USA-SD|Unknown|2025-09-07|domestic_avian|D1.1,Mississippi,Central
937,938,0.174470881051495,-97.8342588669191,29.7193160325255,-98.7870921245584,31.1046726831843,1.2213317063758,1.04686082532431,2025.51022507132,2025.68469595238,NA,Mississippi,Mississippi
1093,318,0.170071040375536,-77.6759338037429,41.6151467414147,-77.0347014284614,42.9573395783228,1.22156726084961,1.05149622047407,2025.51486046647,2025.68493150685,SRR36212204|A/Black_Vulture/PA/25-025223-001-original/2025|H5N1|USA-PA|Unknown|2025-09-08|wild_avian|D1.1,Atlantic,Atlantic
1263,1264,0.0874675520278596,-94.4221492584882,36.3976419046691,-94.3316899564121,36.3769556169291,1.22309949250027,1.13563194047241,2025.59899618647,2025.6864637385,NA,Central,Central
1201,350,0.0198322183911666,-119.856919542308,46.2286036596224,-120.41927094901,47.7320808857192,1.22430698687697,1.2044747684858,2025.66783901449,2025.68767123288,SRR36212521|A/Mallard_Duck/CO/25-025267-001-original/2025|H5N1|USA-CO|Unknown|2025-09-09|wild_avian|D1.1,Central,Central
741,61,0.535926808232451,-77.1239719653175,40.3477398818724,-77.088712286891,40.9358699449191,1.22704671290432,0.691119904671872,2025.15448415067,2025.6904109589,SRR35705785|A/Vulture/MD/25-024862-001-original/2025|H5N1|USA-MD|Unknown|2025-09-10|wild_avian|D1.1,Atlantic,Atlantic
1172,368,0.174871348972141,-100.666536255382,38.2657655520203,-99.8036939330046,37.9854332358355,1.22704671290432,1.05217536393218,2025.51553960993,2025.6904109589,SRR35705788|A/Swainson_s_Hawk/ND/25-024871-001-original/2025|H5N1|USA-ND|Unknown|2025-09-10|other|D1.1,Central,Central
1300,442,0.176554862620591,-85.4341478785458,33.0490644916144,-87.5140251341982,39.820971168606,1.22978643893168,1.05323157631109,2025.51659582231,2025.69315068493,SRR36212532|A/Mallard_Duck/WY/25-025186-001-original/2025|H5N1|USA-WY|Unknown|2025-09-11|wild_avian|D1.1,Central,Pacific
1163,385,0.107218758588852,-113.331724372844,40.9095014654475,-103.075462795725,38.1064683922748,1.23252616495926,1.12530740637041,2025.58867165237,2025.69589041096,SRR36211905|A/Canada_Goose/ND/25-025249-001-original/2025|H5N1|USA-ND|Unknown|2025-09-12|wild_avian|D1.1,Mississippi,Central
1198,1199,0.120461191922237,-113.215463236613,33.7028497954224,-112.58521354188,36.750939220262,1.23480273567663,1.11434154375439,2025.57770578975,2025.69816698168,NA,Mississippi,Mississippi
1180,351,0.128870324816423,-113.544772748175,39.1264582025788,-111.50722561803,38.3681676088169,1.23526589098662,1.1063955661702,2025.56975981217,2025.69863013699,SRR36211787|A/blue_winged_teal/KS/25-025843-026/2025|H5N1|USA-KS|Barton|2025-09-13|wild_avian|D1.1,Central,Central
1181,352,0.120811744944116,-111.300208527703,39.5693889280211,-111.304958791905,39.1307619724091,1.23526589098662,1.11445414604251,2025.57781839204,2025.69863013699,SRR36211782|A/blue_winged_teal/KS/25-025843-038/2025|H5N1|USA-KS|Barton|2025-09-13|wild_avian|D1.1,Central,Central
1295,1296,0.0731876465598649,-88.7170555728426,32.5533423431727,-89.7286788341646,32.5542326498256,1.23722749851018,1.16403985195032,2025.62740409795,2025.70059174451,NA,Pacific,Pacific
1176,1177,0.048632407642909,-115.502161450274,43.6861342031652,-115.549042703446,42.3340867119846,1.23780923161797,1.18917682397506,2025.65254106997,2025.70117347762,NA,Mississippi,Mississippi
1290,1291,0.086070672757925,-88.7128568114353,48.0894882326605,-89.0768823934958,47.853869620934,1.23810413910273,1.15203346634481,2025.61539771234,2025.7014683851,NA,Mississippi,Mississippi
1187,357,0.127322732423855,-115.139974125226,34.49367459446,-114.048169572703,34.3722732932881,1.24074534304134,1.11342261061748,2025.57678685662,2025.70410958904,SRR36212111|A/mallard_duck/MN/25-025867-005/2025|H5N1|USA-MN|Scott|2025-09-15|wild_avian|D1.1,Mississippi,Mississippi
1158,1159,0.10633517645194,-115.67717705534,44.9540839408253,-117.016988956422,46.0322578007804,1.24257667812711,1.13624150167517,2025.59960574768,2025.70594092413,NA,Mississippi,Mississippi
1280,461,0.124675489605466,-87.0012803555534,34.0334373291299,-92.9346404592991,44.2163016051468,1.24348506906869,1.11880957946323,2025.58217382546,2025.70684931507,SRR36211763|A/Gadwell/NV/25G01828-004-original/2025|H5N1|USA-NV|Unknown|2025-09-16|wild_avian|D1.1,Central,Pacific
1191,355,0.122224618064367,-112.975034866327,32.4859975517142,-112.090734073453,35.8275290855144,1.24348506906869,1.12126045100433,2025.584624697,2025.70684931507,SRR36211924|A/Red-tailed_Hawk/IA/25-025278-001-original/2025|H5N1|USA-IA|Unknown|2025-09-16|wild_avian|D1.1,Mississippi,Mississippi
909,197,0.101346995532881,-72.1070021074809,41.3310277416614,-72.0204176189349,43.7165230091371,1.24348506906869,1.14213807353581,2025.60550231954,2025.70684931507,SRR36212518|A/Mallard_Duck/NH/25-025612-017-original-repeat2/2025|H5N1|USA-NH|Unknown|2025-09-16|wild_avian|D1.1,Atlantic,Atlantic
1275,474,0.109193920177361,-94.6201190063951,39.0474750645758,-95.6483590225708,36.9602907821691,1.24622479509605,1.13703087491869,2025.60039512092,2025.7095890411,SRR36212466|A/Great_horned_Owl/MT/25-025599-001-original/2025|H5N1|USA-MT|Unknown|2025-09-17|wild_avian|D1.1,Pacific,Pacific
1193,362,0.118039684338314,-112.632190358875,32.7570507432756,-105.163287512299,39.5437841032303,1.24896452112364,1.13092483678532,2025.59428908279,2025.71232876712,SRR36211892|A/Mallard_Duck/OH/25-025982-002-original/2025|H5N1|USA-OH|Unknown|2025-09-18|wild_avian|D1.1,Mississippi,Mississippi
1159,383,0.0063878429965305,-117.016988956422,46.0322578007804,-117.417844610679,45.1688685711917,1.24896452112364,1.24257667812711,2025.70594092413,2025.71232876712,SRR36212068|A/wood_duck/MI/25-025965-014/2025|H5N1|USA-MI|Saginaw|2025-09-18|wild_avian|D1.1,Mississippi,Mississippi
937,151,0.213062599908761,-97.8342588669191,29.7193160325255,-96.8343835108086,30.2619567024718,1.25992342523307,1.04686082532431,2025.51022507132,2025.72328767123,SRR36211881|A/Black_Vulture/OH/25-026070-003-original/2025|H5N1|USA-OH|Unknown|2025-09-22|wild_avian|D1.1,Mississippi,Mississippi
1179,366,0.209426785292935,-112.756502517316,34.1493343575801,-106.368618298173,41.3928393087752,1.25992342523307,1.05049663994013,2025.51386088594,2025.72328767123,SRR36211605|A/American_blue-winged_Teal/LA/25G01386-003-original/2025|H5N1|USA-LA|Unknown|2025-09-22|wild_avian|D1.1,Mississippi,Mississippi
1307,438,0.143339400028325,-93.9548088841492,38.7723027885792,-98.5289844511091,33.3676523026401,1.25992342523307,1.11658402520474,2025.5799482712,2025.72328767123,SRR36212227|A/Great_horned_Owl/WA/25G01455-001-original/2025|H5N1|USA-WA|Unknown|2025-09-22|wild_avian|D1.1,Pacific,Pacific
1267,1273,0.209008401977907,-88.4142624424523,32.0502933119157,-87.190849855389,37.8888393866587,1.26211251068257,1.05310410870466,2025.5164683547,2025.72547675668,NA,Central,Pacific
1159,384,0.0200864731333175,-117.016988956422,46.0322578007804,-117.769936624018,45.8571744322017,1.26266315126042,1.24257667812711,2025.70594092413,2025.72602739726,SRR36211854|A/wood_duck/MI/25G01274-008/2025|H5N1|USA-MI|Saginaw|2025-09-23|wild_avian|D1.1,Mississippi,Mississippi
1202,341,0.209758217045183,-112.461322780447,34.4609126489546,-108.353858741207,41.0731058540591,1.26540287728801,1.05564466024283,2025.51900890624,2025.72876712329,SRR36212429|A/blue-winged_Teal/FL/25-026196-001-original/2025|H5N1|USA-FL|Unknown|2025-09-24|wild_avian|D1.1,Mississippi,Atlantic
1306,432,0.161297169973853,-88.8609249160557,44.7035236642345,-72.7386118915308,42.481828977083,1.26540287728801,1.10410570731416,2025.56746995331,2025.72876712329,SRR36406419|A/american_green_winged_teal/NY/25G02842-011/2025|H5N1|USA-NY|Jefferson|2025-09-24|wild_avian|D1.1,Mississippi,Atlantic
1190,361,0.151076694297655,-112.596699153001,32.7571511635747,-113.008818628838,38.9468435470482,1.26540287728801,1.11432618299035,2025.57769042899,2025.72876712329,SRR36212149|A/Mallard_Duck/WI/25G02258-001-original/2025|H5N1|USA-WI|Unknown|2025-09-24|wild_avian|D1.1,Mississippi,Mississippi
938,153,0.0440711709122077,-98.7870921245584,31.1046726831843,-98.3699813688417,32.1155815181917,1.26540287728801,1.2213317063758,2025.68469595238,2025.72876712329,SRR36212441|A/Black_Vulture/IN/25G01314-001-original/2025|H5N1|USA-IN|Unknown|2025-09-24|wild_avian|D1.1,Mississippi,Mississippi
940,156,0.144059369125619,-98.8509256295211,28.9106561748417,-97.2821484802263,28.4820868062273,1.26814260331537,1.12408323418975,2025.58744748019,2025.73150684932,SRR36212433|A/Black_Vulture/KY/25G01831-001-original/2025|H5N1|USA-KY|Unknown|2025-09-25|wild_avian|D1.1,Mississippi,Mississippi
1195,360,0.134428875378024,-113.874047991527,32.5333594559729,-113.538702525001,32.8402658661027,1.26814260331537,1.13371372793734,2025.59707797394,2025.73150684932,SRR36212424|A/Canada_Goose/IL/25-026184-001-original/2025|H5N1|USA-IL|Unknown|2025-09-25|wild_avian|D1.1,Mississippi,Mississippi
1292,456,0.0585018304228304,-88.9312368696027,46.5967449450203,-84.3166399968029,40.0018729398216,1.26814260331537,1.20964077289254,2025.67300501889,2025.73150684932,SRR36211970|A/Mottled_Duck/FL/25G01837-001-original/2025|H5N1|USA-FL|Unknown|2025-09-25|wild_avian|D1.1,Mississippi,Atlantic
1091,312,0.228858612598569,-80.5561209178145,40.1710072165597,-79.7409540482727,39.4066337147456,1.27088232934272,1.04202371674415,2025.50538796274,2025.73424657534,SRR36203399|A/Black_Vulture/MD/25-026167-001-original/2025|H5N1|USA-MD|Unknown|2025-09-26|wild_avian|D1.1,Atlantic,Atlantic
991,647,0.21796626867869,-93.5882342431382,40.9208837144443,-92.6212004055903,40.8098848438123,1.27088232934272,1.05291606066403,2025.51628030666,2025.73424657534,SRR36212436|A/Black_Vulture/WV/25G01830-001-original/2025|H5N1|USA-WV|Unknown|2025-09-26|wild_avian|D1.1,Atlantic,Atlantic
992,648,0.163208052078473,-94.2619192378365,38.9163398860907,-94.0644332797749,36.7555104608348,1.27088232934272,1.10767427726425,2025.57103852326,2025.73424657534,SRR36163010|A/chicken/NC/25-026098-002-original/2025|H5N1|USA-NC|Unknown|2025-09-26|domestic_avian|D1.1,Atlantic,Atlantic
993,649,0.116866499964192,-94.1494538594369,39.3234370681009,-94.4702186929042,41.2145226230344,1.27088232934272,1.15401582937853,2025.61738007538,2025.73424657534,SRR36212435|A/Black_Vulture/WV/25G01830-002-original/2025|H5N1|USA-WV|Unknown|2025-09-26|wild_avian|D1.1,Atlantic,Atlantic
1242,462,0.139290134135607,-80.8819813952148,32.9403009769013,-89.7043965103601,34.5517165185509,1.27362205537008,1.13433192123447,2025.59769616723,2025.73698630137,SRR36211600|A/American_blue-winged_Teal/OR/25G01565-017-original/2025|H5N1|USA-OR|Unknown|2025-09-27|wild_avian|D1.1,Pacific,Pacific
1197,348,0.225187227346985,-113.557155487139,33.5446140894238,-94.9715873542767,39.4595985324887,1.27910150742502,1.05391428007804,2025.51727852608,2025.74246575342,SRR36211769|A/Canada_Goose/WY/25G01869-001-original/2025|H5N1|USA-WY|Unknown|2025-09-29|wild_avian|D1.1,Mississippi,Central
1164,387,0.084201478264657,-111.56696875635,38.7527122872555,-116.593261008116,40.1502241728881,1.27910150742502,1.19490002916037,2025.65826427516,2025.74246575342,SRR36212318|A/canada_goose/MN/25G01920-001/2025|H5N1|USA-MN|Otter_Tail|2025-09-29|wild_avian|D1.1,Mississippi,Mississippi
1285,446,0.220591720481256,-84.9590712242613,31.8284938753262,-82.4789777526894,39.6662081863041,1.28184123345238,1.06124951297112,2025.52461375897,2025.74520547945,SRR36212241|A/Canada_Goose/AZ/25G01642-001-original/2025|H5N1|USA-AZ|Unknown|2025-09-30|wild_avian|D1.1,Central,Pacific
1175,375,0.211589710444814,-115.077489542118,43.9710200857155,-106.447693616893,37.2764946546409,1.28184123345238,1.07025152300757,2025.53361576901,2025.74520547945,SRR36212386|A/wild_duck/TX/25G01488-001-original/2025|H5N1|USA-TX|Unknown|2025-09-30|wild_avian|D1.1,Mississippi,Central
1199,343,0.0470384977757496,-112.58521354188,36.750939220262,-111.976144942857,37.1063044881333,1.28184123345238,1.23480273567663,2025.69816698168,2025.74520547945,SRR36163013|A/chicken/WI/25-026290-001-original/2025|H5N1|USA-WI|Unknown|2025-09-30|domestic_avian|D1.1,Mississippi,Mississippi
1239,464,0.180685645052539,-81.4489768697687,32.8885500048631,-78.8379590259667,37.1197684653452,1.28458095947974,1.1038953144272,2025.56725956043,2025.74794520548,SRR36212238|A/Canada_Goose/MT/25G01677-001-original/2025|H5N1|USA-MT|Unknown|2025-10-01|wild_avian|D1.1,Pacific,Pacific
940,155,0.16049772528999,-98.8509256295211,28.9106561748417,-99.7564949074094,28.1138017666855,1.28458095947974,1.12408323418975,2025.58744748019,2025.74794520548,SRR36209119|A/black_vulture/IN/25G01855-003/2025|H5N1|USA-IN|Franklin|2025-10-01|wild_avian|D1.1,Mississippi,Mississippi
1081,296,0.273506713613684,-77.1741802295401,35.7119635188752,-76.6308801951032,37.79157413448,1.29006041153445,1.01655369792077,2025.47991794392,2025.75342465753,SRR36162690|A/chicken/NC/25G01772-001-original/2025|H5N1|USA-NC|Unknown|2025-10-03|domestic_avian|D1.1,Atlantic,Atlantic
1185,354,0.192813770590725,-114.826206348323,34.3477823016783,-109.930758139439,36.8947841075854,1.29006041153445,1.09724664094373,2025.56061088694,2025.75342465753,SRR36212006|A/mallard_duck/MI/25G01983-007/2025|H5N1|USA-MI|Washtenaw|2025-10-03|wild_avian|D1.1,Mississippi,Mississippi
1177,376,0.0522511799164804,-115.549042703446,42.3340867119846,-115.810898445525,41.4514709222899,1.29006041153445,1.23780923161797,2025.70117347762,2025.75342465753,SRR36162674|A/Domestic_Duck/IL/25G03338-009-original/2025|H5N1|USA-IL|Unknown|2025-10-03|domestic_avian|D1.1,Mississippi,Mississippi
1177,377,0.0522511799164804,-115.549042703446,42.3340867119846,-115.444476790579,38.6198955050723,1.29006041153445,1.23780923161797,2025.70117347762,2025.75342465753,SRR36162678|A/chicken/IL/25G03338-005-original/2025|H5N1|USA-IL|Unknown|2025-10-03|domestic_avian|D1.1,Mississippi,Mississippi
1202,342,0.237155477318984,-112.461322780447,34.4609126489546,-114.114503772748,33.7039568368708,1.29280013756181,1.05564466024283,2025.51900890624,2025.75616438356,SRR36212242|A/Canada_Goose/AR/25G01638-001-original/2025|H5N1|USA-AR|Unknown|2025-10-04|wild_avian|D1.1,Mississippi,Mississippi
1242,463,0.158468216327336,-80.8819813952148,32.9403009769013,-81.5188990638218,37.1477930936632,1.29280013756181,1.13433192123447,2025.59769616723,2025.75616438356,SRR36211975|A/mallard_duck/CO/25G02242-003/2025|H5N1|USA-CO|Jackson|2025-10-04|wild_avian|D1.1,Pacific,Central
1256,503,0.244878775945413,-88.085684208928,32.442206300416,-102.710810883684,41.2697749504807,1.29553986358939,1.05066108764398,2025.51402533364,2025.75890410959,SRR36162760|A/chicken/OR/25G01792-001-original/2025|H5N1|USA-OR|Unknown|2025-10-05|domestic_avian|D1.1,Central,Pacific
994,653,0.24800999673402,-94.5162227926207,42.4222967045429,-94.8362819074245,42.1811876918617,1.29827958961675,1.05026959288273,2025.51363383888,2025.76164383562,SRR36212366|A/Black_Vulture/WV/25G02062-001-original/2025|H5N1|USA-WV|Unknown|2025-10-06|wild_avian|D1.1,Atlantic,Atlantic
1171,372,0.18564836202875,-103.29201094121,34.0920694478535,-104.712670983604,32.8644149946273,1.29827958961675,1.112631227588,2025.57599547359,2025.76164383562,SRR36212344|A/sandhill_crane/MN/25G02201-001/2025|H5N1|USA-MN|Hennepin|2025-10-06|wild_avian|D1.1,Mississippi,Mississippi
1224,418,0.242019830187892,-98.4115438159438,34.6768586549406,-100.881856104055,34.4967291713807,1.30101931564411,1.05899948545622,2025.52236373146,2025.76438356164,SRR36162812|A/Guinea_Fowl/ID/25G01895-002-original/2025|H5N1|USA-ID|Unknown|2025-10-07|domestic_avian|D1.1,Pacific,Pacific
1238,466,0.165142707392007,-80.1879660018341,33.0510508060097,-76.4331899850062,39.5557875346158,1.30101931564411,1.1358766082521,2025.59924085425,2025.76438356164,SRR36162806|A/Peafowl/ID/25G01896-003-original/2025|H5N1|USA-ID|Unknown|2025-10-07|wild_avian|D1.1,Pacific,Pacific
1164,386,0.106119286483743,-111.56696875635,38.7527122872555,-113.822385461,38.7969389357982,1.30101931564411,1.19490002916037,2025.65826427516,2025.76438356164,SRR36211964|A/Trumpeter_Swan/WI/25G01871-001-original/2025|H5N1|USA-WI|Unknown|2025-10-07|wild_avian|D1.1,Mississippi,Mississippi
1296,1297,0.0654949629816657,-89.7286788341646,32.5542326498256,-104.750658267144,37.9045145805514,1.30272246149185,1.23722749851018,2025.70059174451,2025.76608670749,NA,Pacific,Central
908,193,0.193930504215112,-74.3489396438657,41.6366824538499,-77.1579280810642,42.2538394095503,1.30375904167147,1.10982853745635,2025.57319278346,2025.76712328767,SRR36212136|A/Peregrine_Falcon/DE/25G02350-001-original/2025|H5N1|USA-DE|Unknown|2025-10-08|wild_avian|D1.1,Atlantic,Atlantic
1199,344,0.0716960320221935,-112.58521354188,36.750939220262,-117.061598511841,39.6919736208725,1.30649876769882,1.23480273567663,2025.69816698168,2025.7698630137,SRR36211770|A/canada_goose/MI/25G01985-002/2025|H5N1|USA-MI|Isabella|2025-10-09|wild_avian|D1.1,Mississippi,Mississippi
1280,459,0.190428914262953,-87.0012803555534,34.0334373291299,-86.6962769573902,34.2895724373478,1.30923849372618,1.11880957946323,2025.58217382546,2025.77260273973,SRR36211962|A/Turkey_Vulture/WY/25G02109-001-original/2025|H5N1|USA-WY|Unknown|2025-10-10|wild_avian|D1.1,Central,Central
1303,435,0.17436046984853,-86.2549852327908,35.3401320710926,-79.5506918384857,37.5607613255195,1.30923849372618,1.13487802387765,2025.59824226988,2025.77260273973,SRR36406423|A/canada_goose/KS/25G02613-001/2025|H5N1|USA-KS|Butler|2025-10-10|wild_avian|D1.1,Central,Central
1296,1298,0.0725886039647117,-89.7286788341646,32.5542326498256,-76.634308121457,36.6470408769845,1.30981610247489,1.23722749851018,2025.70059174451,2025.77318034847,NA,Pacific,Central
1066,528,0.213783827307491,-106.846373314768,39.0752315337788,-103.990810349057,35.3773151417938,1.31197821975377,1.09819439244628,2025.56155863845,2025.77534246575,SRR36211847|A/american_blue_winged_teal/KS/25G02173-002/2025|H5N1|USA-KS|McPherson|2025-10-11|wild_avian|D1.1,Central,Central
1247,491,0.209538343032361,-95.5638184062414,47.0070970047465,-87.2730806127294,40.5096046751291,1.31197821975377,1.10243987672141,2025.56580412272,2025.77534246575,SRR36203306|A/mallard_duck/NY/25G02284-011/2025|H5N1|USA-NY|Genesee|2025-10-11|wild_avian|D1.1,Mississippi,Atlantic
1240,465,0.205593521805935,-81.1352160396108,32.7556508081896,-79.1171636726913,41.0653108765984,1.31197821975377,1.10638469794783,2025.56974894395,2025.77534246575,SRR36538296|A/american_green_winged_teal/NV/25G04893-003/2025|H5N1|USA-NV|Lyon|2025-10-11|wild_avian|D1.1,Pacific,Pacific
1161,390,0.187192761321514,-111.671178542383,41.0084894215464,-112.510988847486,39.023441896246,1.31197821975377,1.12478545843225,2025.58814970443,2025.77534246575,SRR36209116|A/Mallard_Duck/PA/25G02313-006-original-repeat2/2025|H5N1|USA-PA|Unknown|2025-10-11|wild_avian|D1.1,Mississippi,Atlantic
1158,389,0.175736718078599,-115.67717705534,44.9540839408253,-121.129253362046,40.5543510131679,1.31197821975377,1.13624150167517,2025.59960574768,2025.77534246575,SRR36212325|A/american_green_winged_teal/NY/25G02284-024/2025|H5N1|USA-NY|Genesee|2025-10-11|wild_avian|D1.1,Mississippi,Atlantic
1294,429,0.15986885648577,-90.0556429374944,31.6395384572104,-78.9106355183954,34.4594234757035,1.31197821975377,1.152109363268,2025.61547360927,2025.77534246575,SRR36538389|A/american_blue_winged_teal/NV/25G04892-001/2025|H5N1|USA-NV|Churchill|2025-10-11|wild_avian|D1.1,Pacific,Pacific
1082,295,0.263608775869271,-75.7739592502356,35.7337010609631,-77.4174641764361,35.7118428557597,1.31471794578112,1.05110916991185,2025.51447341591,2025.77808219178,SRR36211960|A/Vulture/NC/25G02114-001-original/2025|H5N1|USA-NC|Unknown|2025-10-12|wild_avian|D1.1,Atlantic,Atlantic
1169,394,0.242907695308729,-101.503351119494,38.763069641127,-109.982019912775,34.7096149657162,1.31745767180848,1.07454997649975,2025.5379142225,2025.78082191781,SRR36212343|A/Swan/OK/25G02155-001-original/2025|H5N1|USA-OK|Unknown|2025-10-13|wild_avian|D1.1,Central,Central
1181,353,0.205743251793332,-111.300208527703,39.5693889280211,-117.152747841266,39.4836125287901,1.32019739783584,1.11445414604251,2025.57781839204,2025.78356164384,SRR36212302|A/canada_goose/CO/25G02439-001/2025|H5N1|USA-CO|Weld|2025-10-14|wild_avian|D1.1,Central,Central
1171,370,0.213045622302551,-103.29201094121,34.0920694478535,-97.3353828251641,30.9861548837758,1.32567684989055,1.112631227588,2025.57599547359,2025.78904109589,SRR36212274|A/Pintail_Duck/ND/25G02720-001-original/2025|H5N1|USA-ND|Unknown|2025-10-16|wild_avian|D1.1,Mississippi,Central
1305,433,0.224925153061476,-88.8206410087191,44.7552200914371,-87.1663380938841,37.9679331156548,1.32841657591814,1.10349142285666,2025.56685566886,2025.79178082192,SRR36211957|A/Wild_Goose/OK/25G02530-001-original/2025|H5N1|USA-OK|Unknown|2025-10-17|wild_avian|D1.1,Mississippi,Central
1195,359,0.194702847980796,-113.874047991527,32.5333594559729,-116.175934054611,33.9885917619082,1.32841657591814,1.13371372793734,2025.59707797394,2025.79178082192,SRR36209083|A/Green-winged_Teal/IA/25G03115-001-original/2025|H5N1|USA-IA|Unknown|2025-10-17|wild_avian|D1.1,Mississippi,Mississippi
993,650,0.174400746539606,-94.1494538594369,39.3234370681009,-93.1936649688906,40.2466850478566,1.32841657591814,1.15401582937853,2025.61738007538,2025.79178082192,SRR36211659|A/Black_Vulture/WV/25G03060-003-original/2025|H5N1|USA-WV|Unknown|2025-10-17|wild_avian|D1.1,Atlantic,Atlantic
1162,388,0.219844891173171,-112.541524986042,44.1237443541204,-110.1370986386,45.171740237109,1.3311563019455,1.11131141077232,2025.57467565677,2025.79452054795,SRR36406418|A/northern_shoveler/OH/25G03080-047/2025|H5N1|USA-OH|Ottawa|2025-10-18|wild_avian|D1.1,Mississippi,Mississippi
1283,444,0.226417723642621,-89.5784536031849,36.2473624420188,-86.8520488945306,31.81269588058,1.33389602797285,1.10747830433023,2025.57084255033,2025.79726027397,SRR36162647|A/Turkey/SD/25G02403-003-original/2025|H5N1|USA-SD|Unknown|2025-10-19|domestic_avian|D1.1,Central,Central
1269,480,0.134727345346872,-119.19161919516,47.2057060701525,-116.103014967029,47.136301666068,1.33389602797285,1.19916868262598,2025.66253292863,2025.79726027397,SRR36212130|A/Ring-necked_Duck/OR/25G02626-019-original/2025|H5N1|USA-OR|Unknown|2025-10-19|wild_avian|D1.1,Pacific,Pacific
896,207,0.649066633752431,-95.1273191977473,39.5654979188223,-97.6782079918647,44.3589610148699,1.33663575400021,0.687569120247779,2025.15093336625,2025.8,SRR36211724|A/Black_Vulture/MS/25G02635-003-original/2025|H5N1|USA-MS|Unknown|2025-10-20|wild_avian|D1.1,Mississippi,Mississippi
850,271,0.527182288511998,-102.838541819496,43.8576778295195,-101.925845975854,47.6596694926355,1.33937548002757,0.812193191515569,2025.27555743752,2025.80273972603,SRR36211667|A/Black_Vulture/AR/25G03056-001-original/2025|H5N1|USA-AR|Unknown|2025-10-21|wild_avian|D1.1,Mississippi,Mississippi
905,198,0.279192874372347,-77.1806791062149,42.1162294277012,-81.9027437351009,40.5177089580186,1.33937548002757,1.06018260565522,2025.52354685166,2025.80273972603,SRR36538387|A/american_crow/NJ/25G04652-002/2025|H5N1|USA-NJ|Salem|2025-10-21|wild_avian|D1.1,Atlantic,Atlantic
1316,506,0.147587022045959,-71.0291677198081,43.3263643542576,-71.5120751907357,43.1994339812485,1.33937548002757,1.19178845798161,2025.65515270398,2025.80273972603,SRR36538388|A/american_crow/NJ/25G04652-001/2025|H5N1|USA-NJ|Salem|2025-10-21|wild_avian|D1.1,Atlantic,Atlantic
1194,364,0.135563419116155,-109.115626389742,36.7866741823173,-98.3035290123866,33.8352093698514,1.33937548002757,1.20381206091141,2025.66717630691,2025.80273972603,SRR36211652|A/canada_goose/IN/25G02680-001/2025|H5N1|USA-IN|Johnson|2025-10-21|wild_avian|D1.1,Mississippi,Mississippi
994,652,0.291845613172421,-94.5162227926207,42.4222967045429,-95.8177289585332,42.4450947731909,1.34211520605515,1.05026959288273,2025.51363383888,2025.80547945205,SRR36211670|A/Black_Vulture/VA/25G03055-006-original/2025|H5N1|USA-VA|Unknown|2025-10-22|wild_avian|D1.1,Atlantic,Atlantic
1309,440,0.195647608403885,-95.7149915537161,37.4853058299026,-98.2495345664629,34.0315310296009,1.34211520605515,1.14646759765127,2025.60983184365,2025.80547945205,SRR36203374|A/Canada_Goose/UT/25G03448-005-original/2025|H5N1|USA-UT|Unknown|2025-10-22|wild_avian|D1.1,Pacific,Pacific
1274,483,0.16475277611071,-92.5796438000887,47.4620827288306,-93.6187606540111,46.2250476974948,1.34211520605515,1.17736242994444,2025.64072667594,2025.80547945205,SRR36209114|A/Red-tailed_Hawk/MO/25G02853-005-original/2025|H5N1|USA-MO|Unknown|2025-10-22|wild_avian|D1.1,Mississippi,Mississippi
1176,378,0.15293838208009,-115.502161450274,43.6861342031652,-116.12410600276,44.2647266767072,1.34211520605515,1.18917682397506,2025.65254106997,2025.80547945205,SRR36212529|A/Canada_Goose/MO/25G02853-004-original/2025|H5N1|USA-MO|Unknown|2025-10-22|wild_avian|D1.1,Mississippi,Mississippi
1053,536,0.442483361560635,-104.754040941967,39.8137996936548,-104.992928277779,38.8098980127142,1.34485493208251,0.902371570521874,2025.36573581652,2025.80821917808,SRR36162703|A/chicken/GA/25G02650-001-original/2025|H5N1|USA-GA|Unknown|2025-10-23|domestic_avian|D1.1,Atlantic,Atlantic
1282,443,0.239802082913025,-89.132599973209,35.4225862141844,-88.2231885313607,32.0866032077109,1.34485493208251,1.10505284916948,2025.56841709517,2025.80821917808,SRR36212527|A/Canada_Goose/WY/25G02891-001-original/2025|H5N1|USA-WY|Unknown|2025-10-23|wild_avian|D1.1,Central,Central
1161,391,0.220069473650257,-111.671178542383,41.0084894215464,-110.421994269997,40.3596273912763,1.34485493208251,1.12478545843225,2025.58814970443,2025.80821917808,SRR36406301|A/american_wigeon/OH/25G04131-008/2025|H5N1|USA-OH|Ottawa|2025-10-23|wild_avian|D1.1,Mississippi,Mississippi
1306,431,0.251708128877784,-88.8609249160557,44.7035236642345,-93.6707697931851,40.4018703238275,1.35581383619194,1.10410570731416,2025.56746995331,2025.81917808219,SRR36212524|A/Domestic_Goose/AL/25G03044-002-original/2025|H5N1|USA-AL|Unknown|2025-10-27|domestic_avian|D1.1,Mississippi,Mississippi
1283,445,0.248335531861708,-89.5784536031849,36.2473624420188,-108.520632896706,44.9455637377568,1.35581383619194,1.10747830433023,2025.57084255033,2025.81917808219,SRR36203333|A/Canada_Goose/AL/25G03828-001-original/2025|H5N1|USA-AL|Unknown|2025-10-27|wild_avian|D1.1,Central,Mississippi
939,154,0.246997456265612,-97.8149649991318,28.1003941712205,-97.7939711422987,28.1420292102549,1.35581383619194,1.10881637992633,2025.57218062593,2025.81917808219,SRR36538272|A/black_vulture/KY/25G04374-002/2025|H5N1|USA-KY|Grant|2025-10-27|wild_avian|D1.1,Mississippi,Mississippi
938,152,0.134482129816138,-98.7870921245584,31.1046726831843,-98.9257898902077,30.9620033977093,1.35581383619194,1.2213317063758,2025.68469595238,2025.81917808219,SRR36538273|A/black_vulture/KY/25G04374-001/2025|H5N1|USA-KY|Grant|2025-10-27|wild_avian|D1.1,Mississippi,Mississippi
1079,297,0.343182728081837,-81.5841050617486,33.848315516879,-80.6722245884662,34.2267276352489,1.35855356221952,1.01537083413769,2025.47873508014,2025.82191780822,SRR36209096|A/Black_Vulture/SC/25G03063-001-original/2025|H5N1|USA-SC|Unknown|2025-10-28|wild_avian|D1.1,Atlantic,Atlantic
1291,455,0.123189149144148,-89.0768823934958,47.853869620934,-120.342620879063,39.9627668884042,1.36129328824688,1.23810413910273,2025.7014683851,2025.82465753425,SRR36406399|A/american_green_winged_teal/CA/25G03928-006/2025|H5N1|USA-CA|Yolo|2025-10-29|wild_avian|D1.1,Mississippi,Pacific
1297,428,0.0585708267550336,-104.750658267144,37.9045145805514,-76.2617593004731,40.1013238768381,1.36129328824688,1.30272246149185,2025.76608670749,2025.82465753425,SRR36406410|A/american_wigeon/CA/25G03928-001/2025|H5N1|USA-CA|Yolo|2025-10-29|wild_avian|D1.1,Central,Pacific
1198,345,0.249691470519846,-113.215463236613,33.7028497954224,-104.624976491256,46.2427048177124,1.36403301427424,1.11434154375439,2025.57770578975,2025.82739726027,SRR36209076|A/Black_Swan/PA/25G03182-002-original/2025|H5N1|USA-PA|Unknown|2025-10-30|wild_avian|D1.1,Mississippi,Atlantic
1238,468,0.228156406022136,-80.1879660018341,33.0510508060097,-71.942659001912,42.679004775038,1.36403301427424,1.1358766082521,2025.59924085425,2025.82739726027,SRR36406351|A/cackling_goose/WA/25G03973-001/2025|H5N1|USA-WA|Whatcom|2025-10-30|wild_avian|D1.1,Pacific,Pacific
1255,497,0.224759365833211,-93.282964736561,44.7814806986901,-89.1508428909684,34.4632754856063,1.36403301427424,1.13927364844103,2025.60263789444,2025.82739726027,SRR36209051|A/Muscovy_Duck/FL/25G03354-001-original/2025|H5N1|USA-FL|Unknown|2025-10-30|wild_avian|D1.1,Mississippi,Atlantic
1194,363,0.162960679390183,-109.115626389742,36.7866741823173,-111.031015305552,36.2792453172055,1.3667727403016,1.20381206091141,2025.66717630691,2025.8301369863,SRR36406409|A/wood_duck/MN/25G04157-001/2025|H5N1|USA-MN|Anoka|2025-10-31|wild_avian|D1.1,Mississippi,Mississippi
1157,392,0.259094911842963,-113.869854463479,45.4941317191959,-113.823478485578,44.6195082879948,1.36951246632895,1.11041755448599,2025.57378180049,2025.83287671233,SRR36406415|A/american_green_winged_teal/OH/25G04131-027/2025|H5N1|USA-OH|Ottawa|2025-11-01|wild_avian|D1.1,Mississippi,Mississippi
1275,475,0.232481591410262,-94.6201190063951,39.0474750645758,-101.677670228894,48.7504866068272,1.36951246632895,1.13703087491869,2025.60039512092,2025.83287671233,SRR36406349|A/red_tailed_hawk/WA/25G03976-001/2025|H5N1|USA-WA|Whatcom|2025-11-01|wild_avian|D1.1,Pacific,Pacific
1184,346,0.237555883231946,-116.266486885571,37.8483543735967,-115.870243543041,37.8227454271288,1.3749919183839,1.13743603515195,2025.60080028115,2025.83835616438,SRR36162625|A/Red-breasted_Goose/TN/25G03365-002-original/2025|H5N1|USA-TN|Unknown|2025-11-03|wild_avian|D1.1,Mississippi,Mississippi
1303,434,0.242853620533602,-86.2549852327908,35.3401320710926,-85.062039876361,39.8968044717601,1.37773164441125,1.13487802387765,2025.59824226988,2025.84109589041,SRR36203396|A/wild_goose/NM/25G03506-001-original/2025|H5N1|USA-NM|Unknown|2025-11-04|wild_avian|D1.1,Central,Central
1313,451,0.1711133696836,-75.7910920791644,40.2128824098274,-99.2198150443105,40.9676428830843,1.37773164441125,1.20661827472765,2025.66998252073,2025.84109589041,SRR36202277|A/Domestic_Cat/ND/25G03436-001-original/2025|H5N1|USA-ND|Unknown|2025-11-04|feline|D1.1,Atlantic,Central
1273,489,0.115619133728685,-87.190849855389,37.8888393866587,-90.6750595975956,38.8507145859338,1.37773164441125,1.26211251068257,2025.72547675668,2025.84109589041,SRR36203296|A/Swan/UT/25G03453-001-original/2025|H5N1|USA-UT|Unknown|2025-11-04|wild_avian|D1.1,Pacific,Pacific
911,201,0.269175778537383,-69.1143911717268,44.9111630038084,-72.1120091318578,42.0288013484974,1.38321109646597,1.11403531792858,2025.57739956393,2025.84657534247,SRR36202283|A/chicken/NH/25G03769-001-original/2025|H5N1|USA-NH|Unknown|2025-11-06|domestic_avian|D1.1,Atlantic,Atlantic
1315,505,0.232165143208898,-71.0601728267473,43.3929192316671,-71.1179678497046,44.7494302851257,1.38321109646597,1.15104595325707,2025.61441019926,2025.84657534247,SRR36202234|A/chicken/DE/25G03562-002-original/2025|H5N1|USA-DE|Unknown|2025-11-06|domestic_avian|D1.1,Atlantic,Atlantic
1258,1260,0.302937868543549,-90.3956488399003,29.7398164654125,-100.719373505357,34.3034481244523,1.388432099824,1.08549423128045,2025.54885847728,2025.85179634582,NA,Central,Pacific
1231,421,0.408042503459703,-85.8417788048596,35.7802200344292,-83.5995337311811,37.4883407001163,1.38869054852091,0.980648045061207,2025.44401229106,2025.85205479452,SRR36203391|A/wood_duck/IN/25G03805-006/2025|H5N1|USA-IN|Newton|2025-11-08|wild_avian|D1.1,Mississippi,Mississippi
1173,374,0.33809747603458,-109.534646266431,39.1169126592719,-116.488181459371,39.9493139192945,1.38869054852091,1.05059307248633,2025.51395731849,2025.85205479452,SRR36538290|A/bald_eagle/IN/25G04807-001/2025|H5N1|USA-IN|Hamilton|2025-11-08|wild_avian|D1.1,Mississippi,Mississippi
1286,447,0.253547956608535,-81.9523719897429,30.9870484548287,-89.3938945476412,38.2544371774358,1.38869054852091,1.13514259191237,2025.59850683791,2025.85205479452,SRR36538295|A/american_green_winged_teal/OK/25G04973-021/2025|H5N1|USA-OK|Sequoyah|2025-11-08|wild_avian|D1.1,Central,Central
1297,427,0.0859680870290622,-104.750658267144,37.9045145805514,-106.786790303351,33.0616513273041,1.38869054852091,1.30272246149185,2025.76608670749,2025.85205479452,SRR36406324|A/gadwall/KS/25G04225-001/2025|H5N1|USA-KS|Neosho|2025-11-08|wild_avian|D1.1,Central,Central
1298,425,0.0788744460460162,-76.634308121457,36.6470408769845,-76.8684374289806,36.6592181260518,1.38869054852091,1.30981610247489,2025.77318034847,2025.85205479452,SRR36538311|A/gadwall/KS/25G04225-031/2025|H5N1|USA-KS|Neosho|2025-11-08|wild_avian|D1.1,Central,Central
1094,317,0.294057075692251,-79.1789079366377,38.3270307159851,-79.843097295308,40.3451914686536,1.39417000057562,1.10011292488337,2025.56347717088,2025.85753424658,SRR36203383|A/Black_Vulture/CT/25G03770-001-original/2025|H5N1|USA-CT|Unknown|2025-11-10|wild_avian|D1.1,Atlantic,Atlantic
1187,365,0.280747389958143,-115.139974125226,34.49367459446,-116.174083969283,36.0742597190369,1.39417000057562,1.11342261061748,2025.57678685662,2025.85753424658,SRR36406411|A/great_horned_owl/MN/25G04156-001/2025|H5N1|USA-MN|Kandiyohi|2025-11-10|wild_avian|D1.1,Mississippi,Mississippi
1248,492,0.280654889421579,-93.4057794972741,46.0001543655798,-89.4808562087768,37.4778436787299,1.39417000057562,1.11351511115405,2025.57687935715,2025.85753424658,SRR36538325|A/canada_goose/WV/25G04377-001/2025|H5N1|USA-WV|Mason|2025-11-10|wild_avian|D1.1,Mississippi,Atlantic
1274,482,0.216807570631182,-92.5796438000887,47.4620827288306,-93.6150680330362,36.746062557757,1.39417000057562,1.17736242994444,2025.64072667594,2025.85753424658,SRR36538310|A/gadwall/SD/25G04284-006/2025|H5N1|USA-SD|Day|2025-11-10|wild_avian|D1.1,Mississippi,Central
1260,473,0.00573790075162939,-100.719373505357,34.3034481244523,-100.616120622252,34.2545402995328,1.39417000057562,1.388432099824,2025.85179634582,2025.85753424658,SRR36406343|A/trumpeter_swan/ID/25G03984-001/2025|H5N1|USA-ID|Bannock|2025-11-10|wild_avian|D1.1,Pacific,Pacific
1223,417,0.343859060317704,-98.4377283636913,34.8808468500501,-73.1623814599925,44.8062463960489,1.39964945263034,1.05579039231264,2025.51915463831,2025.86301369863,SRR36538417|A/ross_s_goose/LA/25G04375-002/2025|H5N1|USA-LA|Vernon|2025-11-12|wild_avian|D1.1,Pacific,Mississippi
1092,311,0.290851137935298,-79.9669455241677,37.8706670930173,-79.7220070817307,39.6464173361919,1.39964945263034,1.10879831469504,2025.57216256069,2025.86301369863,SRR36406338|A/black_vulture/PA/25G03999-001/2025|H5N1|USA-PA|Adams|2025-11-12|wild_avian|D1.1,Atlantic,Atlantic
1252,496,0.274816181594264,-89.0138159388031,45.8115689846455,-95.7301128250419,42.358676654707,1.39964945263034,1.12483327103608,2025.58819751704,2025.86301369863,SRR36406276|A/snow_goose/CO/25G04393-001/2025|H5N1|USA-CO|Sedgwick|2025-11-12|wild_avian|D1.1,Mississippi,Central
1264,486,0.176549960130066,-94.3316899564121,36.3769556169291,-104.192239356146,33.7445696496379,1.39964945263034,1.22309949250027,2025.6864637385,2025.86301369863,SRR36538334|A/wild_goose/TX/25G04762-002/2025|H5N1|USA-TX|Randall|2025-11-12|wild_avian|D1.1,Central,Central
1260,472,0.0112173528063442,-100.719373505357,34.3034481244523,-100.937104813322,38.4672084472981,1.39964945263034,1.388432099824,2025.85179634582,2025.86301369863,SRR36406329|A/trumpeter_swan/ID/25G04021-001/2025|H5N1|USA-ID|Ada|2025-11-12|wild_avian|D1.1,Pacific,Pacific
1281,510,0.327276463652082,-90.0813254864001,31.6453281773773,-108.523377708992,39.4411385538645,1.4023891786577,1.07511271500562,2025.53847696101,2025.86575342466,SRR36406291|A/red_tailed_hawk/OR/25G04260-001/2025|H5N1|USA-OR|Klamath|2025-11-13|wild_avian|D1.1,Central,Pacific
1279,460,0.293004889679869,-88.2229617685983,33.9064542871147,-86.2337119514307,33.2950097381987,1.4023891786577,1.10938428897783,2025.57274853498,2025.86575342466,SRR36406289|A/canada_goose/NE/25G04294-001/2025|H5N1|USA-NE|Box_Butte|2025-11-13|wild_avian|D1.1,Central,Central
1165,381,0.290155580074899,-105.427044077461,33.5291907765869,-103.670629530786,33.546931413745,1.4023891786577,1.1122335985828,2025.57559784458,2025.86575342466,SRR36582225|A/mallard_duck/WI/25G04982-005/2025|H5N1|USA-WI|Oconto|2025-11-13|wild_avian|D1.1,Mississippi,Mississippi
1054,534,0.246042173349829,-106.126386191464,41.6774429847884,-106.753442464404,40.6146109934247,1.4023891786577,1.15634700530787,2025.61971125131,2025.86575342466,SRR36538281|A/black_vulture/GA/25G04368-001/2025|H5N1|USA-GA|Houston|2025-11-13|wild_avian|D1.1,Atlantic,Atlantic
1273,488,0.140276667975129,-87.190849855389,37.8888393866587,-100.180002555887,30.17191705789,1.4023891786577,1.26211251068257,2025.72547675668,2025.86575342466,SRR36406292|A/red_tailed_hawk/OR/25G04259-001/2025|H5N1|USA-OR|Klamath|2025-11-13|wild_avian|D1.1,Pacific,Pacific
1310,452,0.36617454508203,-82.1626645107533,35.925637712752,-93.6324638694935,39.184380484101,1.40512890468528,1.03895435960325,2025.5023186056,2025.86849315069,SRR36406424|A/trumpeter_swan/MN/25G04483-001/2025|H5N1|USA-MN|Rice|2025-11-14|wild_avian|D1.1,Mississippi,Mississippi
1241,467,0.292806553101402,-81.8419056592695,31.9819585487795,-81.154016415578,31.8869082703459,1.40786863071264,1.11506207761124,2025.57842632361,2025.87123287671,SRR36406282|A/trumpeter_swan/WY/25G04344-002/2025|H5N1|USA-WY|Lincoln|2025-11-15|wild_avian|D1.1,Pacific,Pacific
1295,424,0.243828778762322,-88.7170555728426,32.5533423431727,-91.8275081467728,29.6029463177524,1.40786863071264,1.16403985195032,2025.62740409795,2025.87123287671,SRR36406281|A/trumpeter_swan/WY/25G04344-003/2025|H5N1|USA-WY|Lincoln|2025-11-15|wild_avian|D1.1,Pacific,Pacific
1232,422,0.380040700665449,-84.105385440541,38.2382102219534,-83.7464106590114,37.6866173798895,1.41060835674,1.03056765607455,2025.49393190207,2025.87397260274,SRR36538390|A/american_black_duck/OH/25G04930-025/2025|H5N1|USA-OH|Ottawa|2025-11-16|wild_avian|D1.1,Mississippi,Mississippi
1302,437,0.28640740770609,-88.2175118790601,34.1200396087265,-95.9871417428273,47.7546443158216,1.41060835674,1.12420094903391,2025.58756519503,2025.87397260274,SRR36406371|A/canvasback_duck/IL/25G04631-002/2025|H5N1|USA-IL|Jefferson|2025-11-16|wild_avian|D1.1,Central,Mississippi
1312,449,0.211883151658919,-74.9877173510358,39.8726661585339,-84.7298837834943,38.6914924751939,1.41334808276735,1.20146493110843,2025.66482917711,2025.87671232877,SRR36406429|A/mallard_duck/IL/25G04430-008/2025|H5N1|USA-IL|Clinton|2025-11-17|wild_avian|D1.1,Atlantic,Mississippi
1292,457,0.203707309874819,-88.9312368696027,46.5967449450203,-86.6636919561963,36.441026644147,1.41334808276735,1.20964077289254,2025.67300501889,2025.87671232877,SRR36406277|A/Fish_crow/FL/25G04379-001/2025|H5N1|USA-FL|Lee|2025-11-17|wild_avian|D1.1,Mississippi,Atlantic
1184,347,0.278651773642762,-116.266486885571,37.8483543735967,-102.146487145343,34.4612991248186,1.41608780879471,1.13743603515195,2025.60080028115,2025.87945205479,SRR36538338|A/wild_goose/TX/25G04760-001/2025|H5N1|USA-TX|Potter|2025-11-18|wild_avian|D1.1,Mississippi,Central
1201,349,0.211613040308912,-119.856919542308,46.2286036596224,-121.610423457336,45.694948230743,1.41608780879471,1.2044747684858,2025.66783901449,2025.87945205479,SRR36538318|A/canada_goose/CO/25G04853-001/2025|H5N1|USA-CO|Larimer|2025-11-18|wild_avian|D1.1,Central,Central
817,22,1.00122587702598,-111.578284717453,42.1108306949069,-115.383619790086,45.7916159290418,1.42156726084965,0.42034138382367,2024.88370562982,2025.88493150685,SRR36582238|A/Black_vulture/SC/25G05160-001/2025|H5N1|USA-SC|Charleston|2025-11-20|wild_avian|D1.1,Atlantic,Atlantic
850,272,0.609374069334084,-102.838541819496,43.8576778295195,-101.962909508658,37.8583500615178,1.42156726084965,0.812193191515569,2025.27555743752,2025.88493150685,SRR36538271|A/black_vulture/AR/25G04946-001/2025|H5N1|USA-AR|Washington|2025-11-20|wild_avian|D1.1,Mississippi,Mississippi
1285,430,0.36031774787853,-84.9590712242613,31.8284938753262,-71.813290703281,43.2210204505243,1.42156726084965,1.06124951297112,2025.52461375897,2025.88493150685,SRR36538343|A/western_gull/CA/25G04840-001/2025|H5N1|USA-CA|Contra_Costa|2025-11-20|wild_avian|D1.1,Central,Pacific
1264,485,0.19846776834938,-94.3316899564121,36.3769556169291,-96.8956106369805,38.28049051359,1.42156726084965,1.22309949250027,2025.6864637385,2025.88493150685,SRR36538363|A/ross_s_goose/SD/25G04635-003/2025|H5N1|USA-SD|McPherson|2025-11-20|wild_avian|D1.1,Central,Central
1291,454,0.18346312174692,-89.0768823934958,47.853869620934,-117.390705334074,33.7264257022,1.42156726084965,1.23810413910273,2025.7014683851,2025.88493150685,SRR36538375|A/red_tailed_hawk/CA/25G04838-002/2025|H5N1|USA-CA|Sacramento|2025-11-20|wild_avian|D1.1,Mississippi,Pacific
1253,499,0.268290779864167,-93.4784099287849,46.3936014696334,-92.6435613817553,46.5153746846277,1.42430698687701,1.15601620701284,2025.61938045301,2025.88767123288,SRR36582215|A/ring_necked_duck/WI/25G05226-008/2025|H5N1|USA-WI|Burnet|2025-11-21|wild_avian|D1.1,Mississippi,Mississippi
1228,420,0.373286568690312,-99.7178556223186,34.09484840249,-99.7178556223186,34.09484840249,1.42704671290437,1.05376014421406,2025.51712439021,2025.8904109589,SRR36582245|A/american_green_winged_teal/VA/25G05021-005/2025|H5N1|USA-VA|Surry|2025-11-22|wild_avian|D1.1,Pacific,Atlantic
1311,448,0.372685497303003,-81.911667097144,35.9356350098446,-86.2585590400008,40.8269836824831,1.42704671290437,1.05436121560137,2025.5177254616,2025.8904109589,SRR36582243|A/american_green_winged_teal/GA/25G05285-010/2025|H5N1|USA-GA|McIntosh|2025-11-22|wild_avian|D1.1,Mississippi,Atlantic
1262,484,0.312323344636032,-94.6651156692283,36.3524244730751,-115.221131460633,42.5146078142267,1.42704671290437,1.11472336826834,2025.57808761427,2025.8904109589,SRR36538305|A/greater_scaup/VA/25G04885-001/2025|H5N1|USA-VA|Suffolk|2025-11-22|wild_avian|D1.1,Central,Atlantic
1249,494,0.291757284238644,-89.3842121666047,44.4296729778909,-101.154602961942,39.3961992959676,1.42704671290437,1.13528942866572,2025.59865367467,2025.8904109589,SRR36538366|A/ring_necked_duck/FL/25G04963-061/2025|H5N1|USA-FL|Lake|2025-11-22|wild_avian|D1.1,Mississippi,Atlantic
1256,502,0.381865077315101,-88.085684208928,32.442206300416,-99.1980691929436,34.1271598862146,1.43252616495908,1.05066108764398,2025.51402533364,2025.89589041096,SRR36538359|A/snow_goose/MO/25G04856-004/2025|H5N1|USA-MO|Clay|2025-11-24|wild_avian|D1.1,Central,Mississippi
1160,393,0.314396125218443,-113.440345277904,42.237218138283,-112.35703386316,39.5008270738076,1.43252616495908,1.11813003974064,2025.58149428574,2025.89589041096,SRR36538288|A/bald_eagle/MI/25G04925-001/2025|H5N1|USA-MI|Saginaw|2025-11-24|wild_avian|D1.1,Mississippi,Mississippi
1192,358,0.259875962557977,-109.80934043953,32.6177222389931,-118.279034988314,37.8654916284869,1.43252616495908,1.17265020240111,2025.6360144484,2025.89589041096,SRR36538286|A/bald_eagle/MI/25G04925-005/2025|H5N1|USA-MI|Newaygo|2025-11-24|wild_avian|D1.1,Mississippi,Mississippi
1298,426,0.122710062484189,-76.634308121457,36.6470408769845,-81.7052107061992,38.2851265903682,1.43252616495908,1.30981610247489,2025.77318034847,2025.89589041096,SRR36538302|A/mallard_duck/MO/25G04856-003/2025|H5N1|USA-MO|St_Louis|2025-11-24|wild_avian|D1.1,Central,Mississippi
1251,501,0.32601960128524,-95.9367486294215,46.8050863818653,-116.954565346134,44.3674371930747,1.43526589098667,1.10924628970143,2025.5726105357,2025.89863013699,SRR36538193|A/Domestic_chicken/ME/25G05080-001/2025|H5N1|USA-ME|Penobscot|2025-11-25|domestic_avian|D1.1,Mississippi,Atlantic
908,195,0.325437353530313,-74.3489396438657,41.6366824538499,-75.6762888834761,41.1565301678178,1.43526589098667,1.10982853745635,2025.57319278346,2025.89863013699,SRR36538317|A/canada_goose/NY/25G04881-001/2025|H5N1|USA-NY|Chemung|2025-11-25|wild_avian|D1.1,Atlantic,Atlantic
911,202,0.321230573058083,-69.1143911717268,44.9111630038084,-68.4528637877044,46.2489194867056,1.43526589098667,1.11403531792858,2025.57739956393,2025.89863013699,SRR36538185|A/Domestic_goose/ME/25G04880-003/2025|H5N1|USA-ME|Penobscot|2025-11-25|domestic_avian|D1.1,Atlantic,Atlantic
1301,436,0.314356385094342,-87.8337282889039,34.3502949865802,-109.087774175752,47.6725326688266,1.43526589098667,1.12090950589233,2025.58427375189,2025.89863013699,SRR36582221|A/Mute_swan/SC/25G05056-001/2025|H5N1|USA-SC|Sumter|2025-11-25|wild_avian|D1.1,Central,Atlantic
1263,487,0.299633950514254,-94.4221492584882,36.3976419046691,-98.600151296382,28.9336597233156,1.43526589098667,1.13563194047241,2025.59899618647,2025.89863013699,SRR36582231|A/canada_goose/MT/25G05375-001/2025|H5N1|USA-MT|Roosevelt|2025-11-25|wild_avian|D1.1,Central,Central
1313,450,0.23412706831373,-75.7910920791644,40.2128824098274,-76.1131977207962,41.3463650292141,1.44074534304138,1.20661827472765,2025.66998252073,2025.90410958904,SRR36538195|A/Domestic_turkey/NC/25G05083-001/2025|H5N1|USA-NC|Wayne|2025-11-27|domestic_avian|D1.1,Atlantic,Atlantic
1314,509,0.319199072015057,-69.4320661721105,47.0869127166993,-72.6731152609826,44.1605294093356,1.44348506906874,1.12428599705368,2025.58765024305,2025.90684931507,SRR36582240|A/Bald_eagle/NJ/25G05298-001/2025|H5N1|USA-NJ|Burlington|2025-11-28|wild_avian|D1.1,Atlantic,Atlantic
1309,439,0.302496923472188,-95.7149915537161,37.4853058299026,-84.1293244151627,44.4358916929687,1.44896452112345,1.14646759765127,2025.60983184365,2025.91232876712,SRR36582209|A/snow_goose/NE/25G05292-001/2025|H5N1|USA-NE|York|2025-11-30|wild_avian|D1.1,Pacific,Central
1153,380,0.417419436112908,-110.030465745507,37.604190935625,-110.953388991189,41.280150907071,1.45170424715104,1.03428481103813,2025.49764905704,2025.91506849315,SRR36582207|A/snow_goose/NE/25G05294-001/2025|H5N1|USA-NE|Sarpy|2025-12-01|wild_avian|D1.1,Mississippi,Central
1250,498,0.344809787341093,-96.247414147701,47.0596345245591,-95.1205303728335,32.2441098396188,1.45170424715104,1.10689445980995,2025.57025870581,2025.91506849315,SRR36582197|A/wild_goose/TX/25G05380-001/2025|H5N1|USA-TX|Lubbock|2025-12-01|wild_avian|D1.1,Mississippi,Central
1249,493,0.316414818485315,-89.3842121666047,44.4296729778909,-83.4089776851791,39.8794866878101,1.45170424715104,1.13528942866572,2025.59865367467,2025.91506849315,SRR36582206|A/snow_goose/NE/25G05295-001/2025|H5N1|USA-NE|Adams|2025-12-01|wild_avian|D1.1,Mississippi,Central
1269,481,0.252535564525058,-119.19161919516,47.2057060701525,-114.776642541376,40.2871169502394,1.45170424715104,1.19916868262598,2025.66253292863,2025.91506849315,SRR36582205|A/snow_goose/MT/25G05372-001/2025|H5N1|USA-MT|Gallatin|2025-12-01|wild_avian|D1.1,Pacific,Pacific
1236,469,0.401304775237334,-81.8376828674973,33.5055734338131,-102.072714392446,31.167176669993,1.4544439731784,1.05313919794106,2025.51650344394,2025.91780821918,SRR36582198|A/Wild_duck/TX/25G05240-001/2025|H5N1|USA-TX|Galveston|2025-12-02|wild_avian|D1.1,Pacific,Central
1254,490,0.344447211872535,-93.3097091531597,44.8901623154347,-98.4443004123332,42.0561681553835,1.4544439731784,1.10999676130586,2025.57336100731,2025.91780821918,SRR36538194|A/peafowl/WI/25G05091-001/2025|H5N1|USA-WI|Marquette|2025-12-02|wild_avian|D1.1,Mississippi,Mississippi
1255,495,0.315170324737369,-93.282964736561,44.7814806986901,-97.3063311877235,41.4262766688664,1.4544439731784,1.13927364844103,2025.60263789444,2025.91780821918,SRR36582213|A/snow_goose/KS/25G05234-001/2025|H5N1|USA-KS|Riley|2025-12-02|wild_avian|D1.1,Mississippi,Central
1293,458,0.334563193680608,-85.4723676822201,33.0022006678643,-83.2065954035214,42.4094609239118,1.45718369920575,1.12262050552515,2025.58598475152,2025.92054794521,SRR36538358|A/snow_goose/IA/25G05071-001/2025|H5N1|USA-IA|Story|2025-12-03|wild_avian|D1.1,Central,Mississippi
1270,477,0.330101517351467,-120.272482573009,47.4393103846658,-120.379583865321,44.6265908689464,1.46266315126047,1.132561633909,2025.59592587991,2025.92602739726,SRR36582220|A/Raccoon/WA/25G05425-001/2025|H5N1|USA-WA|San_Juan|2025-12-05|other_mammal|D1.1,Pacific,Pacific
