node1,node2,length,startLon,startLat,endLon,endLat,endNodeL,startNodeL,startYear,endYear,tipLabel,startFlyway,endFlyway
679,680,0.0486823773192195,-114.407018302544,44.4857038339434,-113.382753079624,47.1380391280857,0.0486823773192195,0,2024.50979722921,2024.55847960653,NA,Pacific,Pacific
679,1103,0.0010521143192761,-114.407018302544,44.4857038339434,-114.906197873657,44.6357708812784,0.0010521143192761,0,2024.50979722921,2024.51084934353,NA,Pacific,Pacific
1103,1104,0.0090791411880693,-114.906197873657,44.6357708812784,-112.834271565884,44.1942995261749,0.0101312555073454,0.0010521143192761,2024.51084934353,2024.51992848472,NA,Pacific,Pacific
1104,1226,0.0269234122161117,-112.834271565884,44.1942995261749,-119.86348098028,35.5313033829242,0.0370546677234571,0.0101312555073454,2024.51992848472,2024.54685189693,NA,Pacific,Central
1226,1227,0.0131524892366823,-119.86348098028,35.5313033829242,-119.520256773253,38.0584148116464,0.0502071569601394,0.0370546677234571,2024.54685189693,2024.56000438617,NA,Central,Central
680,693,0.00614486654729185,-113.382753079624,47.1380391280857,-113.158379101787,47.6283807755899,0.0548272438665114,0.0486823773192195,2024.55847960653,2024.56462447308,NA,Pacific,Pacific
1103,1336,0.0541971059600812,-114.906197873657,44.6357708812784,-116.250627239867,45.2799987537979,0.0552492202793573,0.0010521143192761,2024.51084934353,2024.56504644949,NA,Pacific,Pacific
1104,1105,0.0594929408620855,-112.834271565884,44.1942995261749,-112.282844500861,47.5877090248473,0.0696241963694308,0.0101312555073454,2024.51992848472,2024.57942142558,NA,Pacific,Central
693,696,0.0171488739227013,-113.158379101787,47.6283807755899,-113.347203220477,47.8584864312454,0.0719761177892126,0.0548272438665114,2024.56462447308,2024.581773347,NA,Pacific,Pacific
1105,1109,0.00386956349576995,-112.282844500861,47.5877090248473,-113.89862144096,45.7479648454281,0.0734937598652008,0.0696241963694308,2024.57942142558,2024.58329098908,NA,Central,Central
696,697,0.00913420975209012,-113.347203220477,47.8584864312454,-113.350848253034,47.871116174028,0.0811103275413028,0.0719761177892126,2024.581773347,2024.59090755675,NA,Pacific,Pacific
697,698,0.00497675266297337,-113.350848253034,47.871116174028,-116.349691349355,46.7210836342771,0.0860870802042761,0.0811103275413028,2024.59090755675,2024.59588430941,NA,Pacific,Pacific
1227,1229,0.0425600696961432,-119.520256773253,38.0584148116464,-113.799105564608,36.6178903569036,0.0927672266562827,0.0502071569601394,2024.56000438617,2024.60256445587,NA,Central,Central
696,1097,0.0377455313512511,-113.347203220477,47.8584864312454,-106.559254302725,48.4180232323534,0.109721649140464,0.0719761177892126,2024.581773347,2024.61951887835,NA,Pacific,Pacific
1097,1098,0.0030114977114295,-106.559254302725,48.4180232323534,-108.593196149961,48.2174307230584,0.112733146851893,0.109721649140464,2024.61951887835,2024.62253037606,NA,Pacific,Pacific
697,700,0.0322545317644582,-113.350848253034,47.871116174028,-112.33454856691,48.4049507828459,0.113364859305761,0.0811103275413028,2024.59090755675,2024.62316208852,NA,Pacific,Pacific
680,681,0.0666159828872255,-113.382753079624,47.1380391280857,-115.39226886959,43.8777491942636,0.115298360206445,0.0486823773192195,2024.55847960653,2024.62509558942,NA,Pacific,Pacific
700,701,0.00491777687896811,-112.33454856691,48.4049507828459,-112.443675644955,48.4510565059316,0.118282636184729,0.113364859305761,2024.62316208852,2024.6280798654,NA,Pacific,Pacific
1109,1110,0.0525034096242023,-113.89862144096,45.7479648454281,-113.975321385139,45.5099845463341,0.125997169489403,0.0734937598652008,2024.58329098908,2024.6357943987,NA,Central,Central
701,754,0.0086497908655343,-112.443675644955,48.4510565059316,-113.351261848653,47.9351959286595,0.126932427050263,0.118282636184729,2024.6280798654,2024.63672965626,NA,Pacific,Pacific
1105,1106,0.0613366230528187,-112.282844500861,47.5877090248473,-112.259144510166,46.7430606637921,0.13096081942225,0.0696241963694308,2024.57942142558,2024.64075804863,NA,Central,Central
693,694,0.076301719388411,-113.158379101787,47.6283807755899,-111.866129591466,47.0129778136765,0.131128963254922,0.0548272438665114,2024.56462447308,2024.64092619247,NA,Pacific,Pacific
1110,1133,0.00540374411589606,-113.975321385139,45.5099845463341,-114.060948413235,45.4466887114402,0.131400913605299,0.125997169489403,2024.6357943987,2024.64119814282,NA,Central,Central
701,702,0.0145758405120426,-112.443675644955,48.4510565059316,-111.648308429528,48.6640812887856,0.132858476696772,0.118282636184729,2024.6280798654,2024.64265570591,NA,Pacific,Pacific
702,714,0.00440459257115688,-111.648308429528,48.6640812887856,-111.862305676933,48.9718629452555,0.137263069267929,0.132858476696772,2024.64265570591,2024.64706029848,NA,Pacific,Pacific
754,756,0.0106925841407062,-113.351261848653,47.9351959286595,-113.420449212029,47.5431774838101,0.13762501119097,0.126932427050263,2024.63672965626,2024.6474222404,NA,Pacific,Pacific
756,757,0.000794825818677181,-113.420449212029,47.5431774838101,-113.46362512952,47.5607179053281,0.138419837009647,0.13762501119097,2024.6474222404,2024.64821706622,NA,Pacific,Pacific
681,682,0.0364277575495056,-115.39226886959,43.8777491942636,-121.220347965228,39.4923993606193,0.151726117755951,0.115298360206445,2024.62509558942,2024.66152334697,NA,Pacific,Pacific
1133,1134,0.0204903159519778,-114.060948413235,45.4466887114402,-114.555005801664,45.0733717726339,0.151891229557277,0.131400913605299,2024.64119814282,2024.66168845877,NA,Central,Central
1098,1099,0.0425665938630533,-108.593196149961,48.2174307230584,-108.379387146217,46.2191112986323,0.155299740714947,0.112733146851893,2024.62253037606,2024.66509696993,NA,Pacific,Pacific
756,762,0.0210013341182094,-113.420449212029,47.5431774838101,-110.443467358093,44.9288416999182,0.158626345309179,0.13762501119097,2024.6474222404,2024.66842357452,NA,Pacific,Pacific
702,703,0.026970729156591,-111.648308429528,48.6640812887856,-113.201884216141,48.2054709170691,0.159829205853363,0.132858476696772,2024.64265570591,2024.66962643506,NA,Pacific,Pacific
1099,1100,0.0107077752424305,-108.379387146217,46.2191112986323,-108.545249511269,45.4238113274948,0.166007515957377,0.155299740714947,2024.66509696993,2024.67580474517,NA,Pacific,Pacific
1133,1146,0.0374345215317999,-114.060948413235,45.4466887114402,-109.181198548028,36.4236166720849,0.168835435137099,0.131400913605299,2024.64119814282,2024.67863266435,NA,Central,Central
762,1092,0.0106842386156183,-110.443467358093,44.9288416999182,-108.780825451671,43.0384818288826,0.169310583924797,0.158626345309179,2024.66842357452,2024.67910781314,NA,Pacific,Central
1229,1230,0.0774239243877224,-113.799105564608,36.6178903569036,-100.845063103818,32.3690402335946,0.170191151044005,0.0927672266562827,2024.60256445587,2024.67998838025,NA,Central,Mississippi
682,683,0.0209494944356623,-121.220347965228,39.4923993606193,-118.29472697507,36.4932623095091,0.172675612191613,0.151726117755951,2024.66152334697,2024.6824728414,NA,Pacific,Pacific
1146,1147,0.00577540925386111,-109.181198548028,36.4236166720849,-110.748441735018,36.9225093844162,0.17461084439096,0.168835435137099,2024.67863266435,2024.6844080736,NA,Central,Central
762,763,0.0160602071318552,-110.443467358093,44.9288416999182,-110.758047901917,44.8349079099912,0.174686552441034,0.158626345309179,2024.66842357452,2024.68448378165,NA,Pacific,Pacific
1092,1093,0.00600506981715099,-108.780825451671,43.0384818288826,-109.125718738815,43.3113418328133,0.175315653741948,0.169310583924797,2024.67910781314,2024.68511288295,NA,Central,Central
703,708,0.0157506754945753,-113.201884216141,48.2054709170691,-113.847534316647,47.8600120940474,0.175579881347938,0.159829205853363,2024.66962643506,2024.68537711056,NA,Pacific,Pacific
694,695,0.0464385062738608,-111.866129591466,47.0129778136765,-111.759056415404,47.1725934047455,0.177567469528783,0.131128963254922,2024.64092619247,2024.68736469874,NA,Pacific,Pacific
763,950,0.00375585229538489,-110.758047901917,44.8349079099912,-111.395076701372,45.2661335641641,0.178442404736419,0.174686552441034,2024.68448378165,2024.68823963395,NA,Pacific,Pacific
1336,1337,0.123963065607725,-116.250627239867,45.2799987537979,-114.935850274429,45.7648314337182,0.179212285887082,0.0552492202793573,2024.56504644949,2024.6890095151,NA,Pacific,Pacific
950,951,0.00145189704707827,-111.395076701372,45.2661335641641,-112.122651494423,45.9706747203644,0.179894301783497,0.178442404736419,2024.68823963395,2024.68969153099,NA,Pacific,Pacific
1230,1231,0.00985778269629178,-100.845063103818,32.3690402335946,-101.419263358121,33.0678717156732,0.180048933740297,0.170191151044005,2024.67998838025,2024.68984616295,NA,Mississippi,Mississippi
1110,1111,0.0541180782157578,-113.975321385139,45.5099845463341,-112.637925375055,44.6125310662519,0.180115247705161,0.125997169489403,2024.6357943987,2024.68991247692,NA,Central,Central
1337,1339,0.00147779140059612,-114.935850274429,45.7648314337182,-114.859731749597,45.5404625364102,0.180690077287678,0.179212285887082,2024.6890095151,2024.6904873065,NA,Pacific,Pacific
708,709,0.00726788540564027,-113.847534316647,47.8600120940474,-114.245520650722,48.2438065707521,0.182847766753578,0.175579881347938,2024.68537711056,2024.69264499596,NA,Pacific,Central
951,952,0.00303909239691191,-112.122651494423,45.9706747203644,-111.441152456373,45.6350264481737,0.182933394180409,0.179894301783497,2024.68969153099,2024.69273062339,NA,Pacific,Pacific
1231,1232,0.00431408457680682,-101.419263358121,33.0678717156732,-102.847342720717,33.873125264608,0.184363018317104,0.180048933740297,2024.68984616295,2024.69416024753,NA,Mississippi,Atlantic
952,953,0.00180250786403402,-111.441152456373,45.6350264481737,-111.141302707739,45.7206295410823,0.184735902044443,0.182933394180409,2024.69273062339,2024.69453313125,NA,Pacific,Pacific
952,989,0.00361699492494383,-111.441152456373,45.6350264481737,-111.229902612714,45.7558730440697,0.186550389105353,0.182933394180409,2024.69273062339,2024.69634761832,NA,Pacific,Pacific
953,982,0.00240279391934872,-111.141302707739,45.7206295410823,-111.026655503427,45.6539233851773,0.187138695963792,0.184735902044443,2024.69453313125,2024.69693592517,NA,Pacific,Pacific
1106,1107,0.0589894483081719,-112.259144510166,46.7430606637921,-107.949393665681,46.2558420528289,0.189950267730421,0.13096081942225,2024.64075804863,2024.69974749694,NA,Central,Pacific
951,1052,0.0115715487425856,-112.122651494423,45.9706747203644,-108.652536005745,44.2240059492681,0.191465850526083,0.179894301783497,2024.68969153099,2024.70126307974,NA,Pacific,Central
1230,1249,0.021347541897804,-100.845063103818,32.3690402335946,-99.4294466707525,34.5849481841263,0.191538692941809,0.170191151044005,2024.67998838025,2024.70133592215,NA,Mississippi,Mississippi
1232,1244,0.00778621382595102,-102.847342720717,33.873125264608,-104.063021213064,31.8748148082025,0.192149232143055,0.184363018317104,2024.69416024753,2024.70194646135,NA,Atlantic,Atlantic
1111,1117,0.0128110150635743,-112.637925375055,44.6125310662519,-118.624167960123,38.5012620748073,0.192926262768735,0.180115247705161,2024.68991247692,2024.70272349198,NA,Central,Central
1117,1119,2.67904941582131e-05,-118.624167960123,38.5012620748073,-118.678959454853,38.4465794943223,0.192953053262893,0.192926262768735,2024.70272349198,2024.70275028247,NA,Central,Central
714,717,0.0560876091191154,-111.862305676933,48.9718629452555,-103.283008748741,41.6565756314066,0.193350678387044,0.137263069267929,2024.64706029848,2024.7031479076,NA,Pacific,Central
681,688,0.0780573141068261,-115.39226886959,43.8777491942636,-107.980467007655,42.1241862676525,0.193355674313271,0.115298360206445,2024.62509558942,2024.70315290352,NA,Pacific,Central
1146,1149,0.024602407477506,-109.181198548028,36.4236166720849,-85.8447129454633,39.0678973995337,0.193437842614605,0.168835435137099,2024.67863266435,2024.70323507183,NA,Central,Atlantic
1339,1342,0.0136756760790797,-114.859731749597,45.5404625364102,-114.740868812913,47.9876707791331,0.194365753366758,0.180690077287678,2024.6904873065,2024.70416298258,NA,Pacific,Pacific
763,764,0.0202094387750911,-110.758047901917,44.8349079099912,-112.57603827847,44.869159689458,0.194895991216125,0.174686552441034,2024.68448378165,2024.70469322043,NA,Pacific,Pacific
1249,1250,0.00360384404678049,-99.4294466707525,34.5849481841263,-98.35362487635,34.3427618480865,0.19514253698859,0.191538692941809,2024.70133592215,2024.7049397662,NA,Mississippi,Mississippi
1149,1150,0.00179658081932965,-85.8447129454633,39.0678973995337,-83.3556551558562,38.2432974171415,0.195234423433935,0.193437842614605,2024.70323507183,2024.70503165264,NA,Atlantic,Atlantic
1232,1233,0.0113604997159014,-102.847342720717,33.873125264608,-106.513407631619,36.8352442073126,0.195723518033005,0.184363018317104,2024.69416024753,2024.70552074724,NA,Atlantic,Atlantic
1134,1135,0.0451494391953098,-114.555005801664,45.0733717726339,-114.350557086718,44.3736029829677,0.197040668752587,0.151891229557277,2024.66168845877,2024.70683789796,NA,Central,Central
1052,1085,0.00607525184191027,-108.652536005745,44.2240059492681,-110.277537914479,43.838960253778,0.197541102367993,0.191465850526083,2024.70126307974,2024.70733833158,NA,Central,Central
1093,1094,0.0231075145285486,-109.125718738815,43.3113418328133,-109.162428095109,42.5299688083985,0.198423168270497,0.175315653741948,2024.68511288295,2024.70822039748,NA,Central,Central
953,954,0.0145130060641809,-111.141302707739,45.7206295410823,-110.884783480801,45.7444752676642,0.199248908108624,0.184735902044443,2024.69453313125,2024.70904613732,NA,Pacific,Pacific
1250,1251,0.00595378489409226,-98.35362487635,34.3427618480865,-98.9846222364688,34.5023408435825,0.201096321882682,0.19514253698859,2024.7049397662,2024.71089355109,NA,Mississippi,Mississippi
717,730,0.0094321538003308,-103.283008748741,41.6565756314066,-103.812020701841,41.8587763625016,0.202782832187375,0.193350678387044,2024.7031479076,2024.7125800614,NA,Central,Central
688,689,0.00996086202786817,-107.980467007655,42.1241862676525,-108.913669260132,42.7831148827681,0.203316536341139,0.193355674313271,2024.70315290352,2024.71311376555,NA,Central,Central
954,960,0.00449421700183827,-110.884783480801,45.7444752676642,-110.994155125611,45.8126480274683,0.203743125110462,0.199248908108624,2024.70904613732,2024.71354035432,NA,Pacific,Pacific
989,990,0.0175321288724135,-111.229902612714,45.7558730440697,-111.119485757036,45.7086231447647,0.204082517977767,0.186550389105353,2024.69634761832,2024.71387974719,NA,Pacific,Pacific
1342,1345,0.00979758657523777,-114.740868812913,47.9876707791331,-114.103889581812,48.5003323129718,0.204163339941996,0.194365753366758,2024.70416298258,2024.71396056915,NA,Pacific,Pacific
730,742,0.00227515844460813,-103.812020701841,41.8587763625016,-104.002668749716,42.1858445447043,0.205057990631983,0.202782832187375,2024.7125800614,2024.71485521984,NA,Central,Central
1250,1262,0.00996872261069282,-98.35362487635,34.3427618480865,-97.3356452442759,33.0624599091167,0.205111259599282,0.19514253698859,2024.7049397662,2024.71490848881,NA,Mississippi,Mississippi
757,758,0.0667751230690796,-113.46362512952,47.5607179053281,-119.573712815588,38.5224602524293,0.205194960078726,0.138419837009647,2024.64821706622,2024.71499218929,NA,Pacific,Pacific
990,991,0.00117707134338629,-111.119485757036,45.7086231447647,-111.157292982021,45.6586466801228,0.205259589321153,0.204082517977767,2024.71387974719,2024.71505681853,NA,Pacific,Pacific
1262,1263,0.000274229512607693,-97.3356452442759,33.0624599091167,-97.24674313559,33.0672232930275,0.20538548911189,0.205111259599282,2024.71490848881,2024.71518271832,NA,Mississippi,Mississippi
709,711,0.0225549429640111,-114.245520650722,48.2438065707521,-113.810739234511,47.7124507741439,0.205402709717589,0.182847766753578,2024.69264499596,2024.71519993893,NA,Central,Central
1345,1346,0.00174455936288953,-114.103889581812,48.5003323129718,-113.698282201313,48.9057121194376,0.205907899304885,0.204163339941996,2024.71396056915,2024.71570512852,NA,Pacific,Pacific
1052,1053,0.015078745862305,-108.652536005745,44.2240059492681,-105.997400519323,46.9292439828317,0.206544596388388,0.191465850526083,2024.70126307974,2024.7163418256,NA,Central,Central
700,1096,0.0932633642122715,-112.33454856691,48.4049507828459,-112.982929394028,44.865707332116,0.206628223518033,0.113364859305761,2024.62316208852,2024.71642545273,NA,Pacific,Pacific
764,947,0.0134518781794772,-112.57603827847,44.869159689458,-113.222299637767,45.1137060033738,0.208347869395602,0.194895991216125,2024.70469322043,2024.71814509861,NA,Pacific,Pacific
1249,1292,0.0178802149203383,-99.4294466707525,34.5849481841263,-102.737985866867,36.6489208649243,0.209418907862147,0.191538692941809,2024.70133592215,2024.71921613707,NA,Mississippi,Mississippi
1053,1054,0.00318145124141478,-105.997400519323,46.9292439828317,-105.929965481517,46.9690528550706,0.209726047629803,0.206544596388388,2024.7163418256,2024.71952327684,NA,Central,Central
1098,1101,0.0970683978899349,-108.593196149961,48.2174307230584,-104.636768625155,48.291731079741,0.209801544741828,0.112733146851893,2024.62253037606,2024.71959877395,NA,Pacific,Pacific
982,983,0.0231045611603851,-111.026655503427,45.6539233851773,-109.999677389362,47.1402734983892,0.210243257124177,0.187138695963792,2024.69693592517,2024.72004048633,NA,Pacific,Pacific
960,961,0.00657425427482483,-110.994155125611,45.8126480274683,-110.704082948451,45.8369148457967,0.210317379385287,0.203743125110462,2024.71354035432,2024.7201146086,NA,Pacific,Pacific
954,955,0.0112095051348173,-110.884783480801,45.7444752676642,-111.029073398925,44.6635622912304,0.210458413243442,0.199248908108624,2024.70904613732,2024.72025564245,NA,Pacific,Pacific
961,962,0.000147852156684003,-110.704082948451,45.8369148457967,-110.970706090433,45.6792772128628,0.210465231541971,0.210317379385287,2024.7201146086,2024.72026246075,NA,Pacific,Pacific
1292,1294,0.00119210660979596,-102.737985866867,36.6489208649243,-102.236245184008,37.5342528086747,0.210611014471943,0.209418907862147,2024.71921613707,2024.72040824368,NA,Mississippi,Mississippi
717,718,0.0173864741482326,-103.283008748741,41.6565756314066,-101.418080033716,42.3322898614089,0.210737152535277,0.193350678387044,2024.7031479076,2024.72053438175,NA,Central,Central
742,743,0.00607248030911367,-104.002668749716,42.1858445447043,-104.212072153532,41.7398989125342,0.211130470941097,0.205057990631983,2024.71485521984,2024.72092770015,NA,Central,Central
1149,1202,0.0183881379647259,-85.8447129454633,39.0678973995337,-86.5592057617615,39.9248281813916,0.211825980579331,0.193437842614605,2024.70323507183,2024.72162320979,NA,Atlantic,Atlantic
1263,1265,0.00655358222667424,-97.24674313559,33.0672232930275,-100.953136346525,34.651446413672,0.211939071338564,0.20538548911189,2024.71518271832,2024.72173630055,NA,Mississippi,Mississippi
764,765,0.0171256740934824,-112.57603827847,44.869159689458,-116.600232878557,41.1040717352907,0.212021665309608,0.194895991216125,2024.70469322043,2024.72181889452,NA,Pacific,Central
1054,1057,0.00253030430590573,-105.929965481517,46.9690528550706,-104.402469308198,48.9551437257007,0.212256351935708,0.209726047629803,2024.71952327684,2024.72205358115,NA,Central,Central
1342,1343,0.0182758451772986,-114.740868812913,47.9876707791331,-116.531006443777,43.1617430527292,0.212641598544057,0.194365753366758,2024.70416298258,2024.72243882775,NA,Pacific,Central
947,949,0.00465446967629979,-113.222299637767,45.1137060033738,-112.024612475908,45.4442523949288,0.213002339071902,0.208347869395602,2024.71814509861,2024.72279956828,NA,Pacific,Central
1057,1072,0.00116320310515117,-104.402469308198,48.9551437257007,-104.447671742017,48.490150590221,0.21341955504086,0.212256351935708,2024.72205358115,2024.72321678425,NA,Central,Central
961,963,0.00352191228674426,-110.704082948451,45.8369148457967,-110.733925086445,45.7831097255398,0.213839291672032,0.210317379385287,2024.7201146086,2024.72363652088,NA,Pacific,Pacific
1339,1340,0.033171789475605,-114.859731749597,45.5404625364102,-113.248434386384,47.5650434231489,0.213861866763283,0.180690077287678,2024.6904873065,2024.72365909597,NA,Pacific,Pacific
703,704,0.0542631798097961,-113.201884216141,48.2054709170691,-115.033652650208,46.1551902155049,0.214092385663159,0.159829205853363,2024.66962643506,2024.72388961487,NA,Pacific,Pacific
1251,1252,0.0132047948852423,-98.9846222364688,34.5023408435825,-98.9848523396874,34.5021081042377,0.214301116767924,0.201096321882682,2024.71089355109,2024.72409834598,NA,Mississippi,Mississippi
991,995,0.00908704052071441,-111.157292982021,45.6586466801228,-110.925019550591,45.0300456156195,0.214346629841867,0.205259589321153,2024.71505681853,2024.72414385905,NA,Pacific,Pacific
955,956,0.00391041847059648,-111.029073398925,44.6635622912304,-111.475988434396,44.7144134560614,0.214368831714038,0.210458413243442,2024.72025564245,2024.72416606092,NA,Pacific,Pacific
963,964,0.000558477837848015,-110.733925086445,45.7831097255398,-111.396463189504,46.1723814711393,0.21439776950988,0.213839291672032,2024.72363652088,2024.72419499872,NA,Pacific,Central
683,686,0.0417665240828407,-118.29472697507,36.4932623095091,-94.1698663579727,30.1840282589323,0.214442136274454,0.172675612191613,2024.6824728414,2024.72423936548,NA,Pacific,Mississippi
983,984,0.00427034968573925,-109.999677389362,47.1402734983892,-109.962294448257,47.0296717293042,0.214513606809916,0.210243257124177,2024.72004048633,2024.72431083602,NA,Pacific,Pacific
1336,1354,0.159276632741179,-116.250627239867,45.2799987537979,-109.619166717764,40.2848252790784,0.214525853020537,0.0552492202793573,2024.56504644949,2024.72432308223,NA,Pacific,Pacific
1054,1055,0.00488530245446728,-105.929965481517,46.9690528550706,-105.64360799297,46.71539628496,0.21461135008427,0.209726047629803,2024.71952327684,2024.72440857929,NA,Central,Central
1233,1234,0.0189515099452178,-106.513407631619,36.8352442073126,-106.478194146661,36.8709685087615,0.214675027978223,0.195723518033005,2024.70552074724,2024.72447225719,NA,Atlantic,Atlantic
1147,1148,0.0402504516052216,-110.748441735018,36.9225093844162,-110.824582605523,35.8391921327158,0.214861295996182,0.17461084439096,2024.6844080736,2024.72465852521,NA,Central,Central
1150,1151,0.0198904913493283,-83.3556551558562,38.2432974171415,-83.5709497408091,38.0682919355875,0.215124914783263,0.195234423433935,2024.70503165264,2024.72492214399,NA,Atlantic,Atlantic
730,731,0.0124383599221616,-103.812020701841,41.8587763625016,-103.69460323513,41.7476395826668,0.215221192109536,0.202782832187375,2024.7125800614,2024.72501842132,NA,Central,Central
1107,1108,0.0252794860355205,-107.949393665681,46.2558420528289,-109.825907438187,46.0608941484215,0.215229753765942,0.189950267730421,2024.69974749694,2024.72502698298,NA,Pacific,Pacific
1343,1344,0.00290679593252863,-116.531006443777,43.1617430527292,-114.921055047788,45.9920280931541,0.215548394476585,0.212641598544057,2024.72243882775,2024.72534562369,NA,Central,Central
1072,1073,0.00224464046999584,-104.447671742017,48.490150590221,-104.167783843704,48.0199903616032,0.215664195510855,0.21341955504086,2024.72321678425,2024.72546142472,NA,Central,Central
990,1005,0.0116802991816671,-111.119485757036,45.7086231447647,-109.6400945408,47.2068971789074,0.215762817159434,0.204082517977767,2024.71387974719,2024.72556004637,NA,Pacific,Pacific
989,1010,0.0294478546906343,-111.229902612714,45.7558730440697,-104.832575075397,43.1962498426489,0.215998243795987,0.186550389105353,2024.69634761832,2024.72579547301,NA,Pacific,Central
718,720,0.00529948609825226,-101.418080033716,42.3322898614089,-105.622496309732,44.9189401978794,0.216036638633529,0.210737152535277,2024.72053438175,2024.72583386784,NA,Central,Central
1294,1311,0.00811446022273832,-102.236245184008,37.5342528086747,-102.940783732265,37.9599751228735,0.218725474694682,0.210611014471943,2024.72040824368,2024.72852270391,NA,Mississippi,Mississippi
1053,1082,0.0124361218741216,-105.997400519323,46.9292439828317,-105.113882434863,47.0105811132206,0.218980718262509,0.206544596388388,2024.7163418256,2024.72877794747,NA,Central,Central
1082,1083,0.000710246601733688,-105.113882434863,47.0105811132206,-105.523072302506,47.0813778534195,0.219690964864243,0.218980718262509,2024.72877794747,2024.72948819407,NA,Central,Central
1345,1351,0.0162802871445469,-114.103889581812,48.5003323129718,-112.794719764817,47.8825009565314,0.220443627086543,0.204163339941996,2024.71396056915,2024.7302408563,NA,Pacific,Pacific
704,705,0.00676372564695615,-115.033652650208,46.1551902155049,-118.383999132301,44.2856507369801,0.220856111310115,0.214092385663159,2024.72388961487,2024.73065334052,NA,Pacific,Pacific
1354,1355,0.00739824842385772,-109.619166717764,40.2848252790784,-109.724490700809,40.5969266494835,0.221924101444394,0.214525853020537,2024.72432308223,2024.73172133065,NA,Pacific,Pacific
720,721,0.00609664850670555,-105.622496309732,44.9189401978794,-105.626482868034,45.0482825213739,0.222133287140234,0.216036638633529,2024.72583386784,2024.73193051635,NA,Central,Central
1351,1352,0.0038084746746252,-112.794719764817,47.8825009565314,-113.132885109098,48.2514961575533,0.224252101761168,0.220443627086543,2024.7302408563,2024.73404933097,NA,Pacific,Pacific
964,965,0.0108258884042762,-111.396463189504,46.1723814711393,-112.243735042281,47.5224629176512,0.225223657914156,0.21439776950988,2024.72419499872,2024.73502088712,NA,Central,Central
964,966,0.0122370733650059,-111.396463189504,46.1723814711393,-112.378449873714,47.584650172069,0.226634842874885,0.21439776950988,2024.72419499872,2024.73643207209,NA,Central,Central
708,712,0.0519251072904634,-113.847534316647,47.8600120940474,-109.28398399895,31.8548228336351,0.227504988638402,0.175579881347938,2024.68537711056,2024.73730221785,NA,Pacific,Mississippi
698,699,0.141709460739362,-116.349691349355,46.7210836342771,-116.123060029491,46.0644939523433,0.227796540943638,0.0860870802042761,2024.59588430941,2024.73759377015,NA,Pacific,Pacific
1346,1347,0.022609339436795,-113.698282201313,48.9057121194376,-110.627704645385,46.6692838609769,0.22851723874168,0.205907899304885,2024.71570512852,2024.73831446795,NA,Pacific,Pacific
709,710,0.0472868854092963,-114.245520650722,48.2438065707521,-113.325650622302,46.6644391189434,0.230134652162875,0.182847766753578,2024.69264499596,2024.73993188137,NA,Central,Central
1151,1157,0.015860504119213,-83.5709497408091,38.0682919355875,-83.6465269298261,37.8336908371386,0.230985418902476,0.215124914783263,2024.72492214399,2024.74078264811,NA,Atlantic,Atlantic
1227,1228,0.182056132314985,-119.520256773253,38.0584148116464,-121.173967575589,44.8211472709419,0.232263289275125,0.0502071569601394,2024.56000438617,2024.74206051849,NA,Central,Central
991,992,0.0280240058942371,-111.157292982021,45.6586466801228,-112.252082363453,43.2718052470599,0.23328359521539,0.205259589321153,2024.71505681853,2024.74308082443,NA,Pacific,Central
1244,1245,0.0414155251535508,-104.063021213064,31.8748148082025,-99.4269157457046,32.1150552254919,0.233564757296606,0.192149232143055,2024.70194646135,2024.74336198651,NA,Atlantic,Mississippi
1311,1312,0.0149860884147097,-102.940783732265,37.9599751228735,-103.331115493437,39.4556679069919,0.233711563109391,0.218725474694682,2024.72852270391,2024.74350879232,NA,Mississippi,Mississippi
720,727,0.0176845556161935,-105.622496309732,44.9189401978794,-101.052710418781,45.1915787951144,0.233721194249722,0.216036638633529,2024.72583386784,2024.74351842346,NA,Central,Central
721,722,0.0116698280045551,-105.626482868034,45.0482825213739,-105.552185000002,44.3080789269733,0.233803115144789,0.222133287140234,2024.73193051635,2024.74360034436,NA,Central,Central
1073,1074,0.0184703862417162,-104.167783843704,48.0199903616032,-101.116906943828,47.7678808359563,0.234134581752572,0.215664195510855,2024.72546142472,2024.74393181096,NA,Central,Central
1251,1258,0.0333490275489963,-98.9846222364688,34.5023408435825,-97.5768723926544,33.2035295617648,0.234445349431678,0.201096321882682,2024.71089355109,2024.74424257864,NA,Mississippi,Mississippi
743,744,0.0238360535047966,-104.212072153532,41.7398989125342,-103.409806058435,43.1473790509014,0.234966524445893,0.211130470941097,2024.72092770015,2024.74476375366,NA,Central,Central
963,975,0.0216118105718934,-110.733925086445,45.7831097255398,-110.757884589954,45.9517081898305,0.235451102243925,0.213839291672032,2024.72363652088,2024.74524833145,NA,Pacific,Pacific
714,715,0.0991321912392813,-111.862305676933,48.9718629452555,-113.783889743381,48.2144115390785,0.23639526050721,0.137263069267929,2024.64706029848,2024.74619248972,NA,Pacific,Pacific
758,760,0.031933800750424,-119.573712815588,38.5224602524293,-119.692061457874,37.0511607849852,0.23712876082915,0.205194960078726,2024.71499218929,2024.74692599004,NA,Pacific,Pacific
1312,1321,0.00374006995014198,-103.331115493437,39.4556679069919,-103.526110532223,40.5064821101564,0.237451633059533,0.233711563109391,2024.74350879232,2024.74724886227,NA,Mississippi,Mississippi
955,957,0.0271351218322669,-111.029073398925,44.6635622912304,-95.5211360295546,38.1953221402951,0.237593535075708,0.210458413243442,2024.72025564245,2024.74739076429,NA,Pacific,Central
1202,1213,0.0265951720229196,-86.5592057617615,39.9248281813916,-86.5929920732771,39.9100762919405,0.238421152602251,0.211825980579331,2024.72162320979,2024.74821838181,NA,Atlantic,Atlantic
1233,1235,0.0432786488750527,-106.513407631619,36.8352442073126,-117.50272640775,36.8929602202039,0.239002166908058,0.195723518033005,2024.70552074724,2024.74879939612,NA,Atlantic,Mississippi
689,690,0.0361099354049177,-108.913669260132,42.7831148827681,-110.027641013739,42.6598443460396,0.239426471746057,0.203316536341139,2024.71311376555,2024.74922370096,NA,Central,Central
1346,1348,0.0338223459186715,-113.698282201313,48.9057121194376,-114.228457105727,40.3561590571548,0.239730245223557,0.205907899304885,2024.71570512852,2024.74952747443,NA,Pacific,Central
1265,1266,0.0280283226743192,-100.953136346525,34.651446413672,-101.571941028745,36.4835887457637,0.239967394012883,0.211939071338564,2024.72173630055,2024.74976462322,NA,Mississippi,Mississippi
1213,1218,0.00189503475853425,-86.5929920732771,39.9100762919405,-85.8807178685058,38.9648306701414,0.240316187360785,0.238421152602251,2024.74821838181,2024.75011341657,NA,Atlantic,Atlantic
1085,1086,0.0427838613998315,-110.277537914479,43.838960253778,-108.702078543868,46.3851291747553,0.240324963767825,0.197541102367993,2024.70733833158,2024.75012219298,NA,Central,Central
1202,1203,0.0290337661794398,-86.5592057617615,39.9248281813916,-86.7126325170654,39.44770133506,0.240859746758771,0.211825980579331,2024.72162320979,2024.75065697597,NA,Atlantic,Atlantic
1010,1011,0.0263936968708329,-104.832575075397,43.1962498426489,-87.1963073622878,34.7442483111158,0.24239194066682,0.215998243795987,2024.72579547301,2024.75218916988,NA,Central,Mississippi
1094,1095,0.0451009825054953,-109.162428095109,42.5299688083985,-110.437614051072,44.5514930199385,0.243524150775992,0.198423168270497,2024.70822039748,2024.75332137999,NA,Central,Pacific
718,719,0.0341613134258714,-101.418080033716,42.3322898614089,-97.0697620108607,43.76147795959,0.244898465961148,0.210737152535277,2024.72053438175,2024.75469569517,NA,Central,Mississippi
1119,1121,0.0520468859651328,-118.678959454853,38.4465794943223,-119.875353218326,37.8661688470392,0.244999939228026,0.192953053262893,2024.70275028247,2024.75479716844,NA,Central,Central
1266,1287,0.00522118575373098,-101.571941028745,36.4835887457637,-101.863257482547,36.8708087909727,0.245188579766614,0.239967394012883,2024.74976462322,2024.75498580898,NA,Mississippi,Mississippi
1011,1043,0.00285094435863154,-87.1963073622878,34.7442483111158,-87.3786543667556,33.6893085073269,0.245242885025452,0.24239194066682,2024.75218916988,2024.75504011424,NA,Mississippi,Mississippi
975,976,0.010022520419138,-110.757884589954,45.9517081898305,-110.782479715238,46.0102436416196,0.245473622663063,0.235451102243925,2024.74524833145,2024.75527085187,NA,Pacific,Pacific
1348,1349,0.00631142004749763,-114.228457105727,40.3561590571548,-114.433114635759,39.3739624247565,0.246041665271054,0.239730245223557,2024.74952747443,2024.75583889448,NA,Central,Central
1057,1058,0.0344868917796881,-104.402469308198,48.9551437257007,-97.9316143579388,40.6990583307108,0.246743243715396,0.212256351935708,2024.72205358115,2024.75654047293,NA,Central,Mississippi
1011,1012,0.00474750128589729,-87.1963073622878,34.7442483111158,-88.9101763087661,35.9705736776362,0.247139441952718,0.24239194066682,2024.75218916988,2024.75693667116,NA,Mississippi,Atlantic
995,996,0.0328877899034996,-110.925019550591,45.0300456156195,-102.924764798395,45.7806662276291,0.247234419745367,0.214346629841867,2024.72414385905,2024.75703164896,NA,Pacific,Pacific
1074,1078,0.013128926555958,-101.116906943828,47.7678808359563,-98.8888931961844,47.2896843191213,0.24726350830853,0.234134581752572,2024.74393181096,2024.75706073752,NA,Central,Mississippi
743,745,0.0361406489180249,-104.212072153532,41.7398989125342,-106.331839952136,41.6699403928883,0.247271119859122,0.211130470941097,2024.72092770015,2024.75706834907,NA,Central,Central
1235,1240,0.00927507896833202,-117.50272640775,36.8929602202039,-117.435928412955,36.7236880392763,0.24827724587639,0.239002166908058,2024.74879939612,2024.75807447509,NA,Mississippi,Mississippi
1012,1024,0.00124945462688886,-88.9101763087661,35.9705736776362,-88.9823620982113,33.4183430980117,0.248388896579606,0.247139441952718,2024.75693667116,2024.75818612579,NA,Atlantic,Atlantic
745,746,0.00117497157663804,-106.331839952136,41.6699403928883,-105.864184889284,41.5500003801923,0.24844609143576,0.247271119859122,2024.75706834907,2024.75824332065,NA,Central,Central
1352,1353,0.0249212669066781,-113.132885109098,48.2514961575533,-112.499544958792,47.7880871665412,0.249173368667846,0.224252101761168,2024.73404933097,2024.75897059788,NA,Pacific,Pacific
992,993,0.0162300737020771,-112.252082363453,43.2718052470599,-110.710217996525,44.0702686062495,0.249513668917467,0.23328359521539,2024.74308082443,2024.75931089813,NA,Central,Pacific
1337,1338,0.070457585785082,-114.935850274429,45.7648314337182,-114.06316417492,48.4846165640624,0.249669871672164,0.179212285887082,2024.6890095151,2024.75946710088,NA,Pacific,Pacific
1311,1323,0.0310459243815222,-102.940783732265,37.9599751228735,-102.982941378921,38.0831665013105,0.249771399076204,0.218725474694682,2024.72852270391,2024.75956862829,NA,Mississippi,Mississippi
995,1001,0.0354355605047054,-110.925019550591,45.0300456156195,-107.226804911414,37.0399073820937,0.249782190346573,0.214346629841867,2024.72414385905,2024.75957941956,NA,Pacific,Pacific
966,967,0.0237775637614461,-112.378449873714,47.584650172069,-112.973071555501,48.6319754315197,0.250412406636332,0.226634842874885,2024.73643207209,2024.76020963585,NA,Central,Central
1245,1246,0.0168937662077873,-99.4269157457046,32.1150552254919,-98.6141973411248,30.6093710159982,0.250458523504393,0.233564757296606,2024.74336198651,2024.76025575271,NA,Mississippi,Mississippi
731,732,0.035251756652031,-103.69460323513,41.7476395826668,-103.72474812606,41.431063639463,0.250472948761567,0.215221192109536,2024.72501842132,2024.76027017797,NA,Central,Central
765,766,0.0388606479204578,-116.600232878557,41.1040717352907,-116.170955295813,41.4080674564279,0.250882313230065,0.212021665309608,2024.72181889452,2024.76067954244,NA,Central,Central
1086,1087,0.0106616897572902,-108.702078543868,46.3851291747553,-109.878466584405,46.7437051090741,0.250986653525115,0.240324963767825,2024.75012219298,2024.76078388274,NA,Central,Central
1005,1006,0.0352532932274061,-109.6400945408,47.2068971789074,-98.8973523625609,44.8992333280334,0.25101611038684,0.215762817159434,2024.72556004637,2024.7608133396,NA,Pacific,Pacific
1262,1289,0.0459303262503887,-97.3356452442759,33.0624599091167,-99.2384863247039,33.37746908274,0.251041585849671,0.205111259599282,2024.71490848881,2024.76083881506,NA,Mississippi,Mississippi
722,723,0.0174232027180423,-105.552185000002,44.3080789269733,-110.443058993976,42.368497171092,0.251226317862832,0.233803115144789,2024.74360034436,2024.76102354707,NA,Central,Mississippi
1157,1158,0.0203007107760993,-83.6465269298261,37.8336908371386,-83.662928673692,37.8250911578804,0.251286129678575,0.230985418902476,2024.74078264811,2024.76108335889,NA,Atlantic,Atlantic
1213,1214,0.0129228257635254,-86.5929920732771,39.9100762919405,-84.6578422073057,40.4472197951939,0.251343978365776,0.238421152602251,2024.74821838181,2024.76114120758,NA,Atlantic,Atlantic
1266,1267,0.0118574978938306,-101.571941028745,36.4835887457637,-101.187376741583,36.5148659820899,0.251824891906714,0.239967394012883,2024.74976462322,2024.76162212112,NA,Mississippi,Mississippi
1246,1247,0.00172761322399251,-98.6141973411248,30.6093710159982,-98.2324352498122,29.6280338083448,0.252186136728385,0.250458523504393,2024.76025575271,2024.76198336594,NA,Mississippi,Mississippi
727,728,0.019011431147181,-101.052710418781,45.1915787951144,-101.267109913363,47.78357400001,0.252732625396903,0.233721194249722,2024.74351842346,2024.76252985461,NA,Central,Central
1005,1008,0.0373381572832696,-109.6400945408,47.2068971789074,-108.6389344412,45.6544349239907,0.253100974442703,0.215762817159434,2024.72556004637,2024.76289820365,NA,Pacific,Central
731,733,0.0379411192491244,-103.69460323513,41.7476395826668,-102.752707079688,43.1377258345458,0.253162311358661,0.215221192109536,2024.72501842132,2024.76295954057,NA,Central,Central
1252,1253,0.0395815829359716,-98.9848523396874,34.5021081042377,-99.4892404607816,35.7600774835421,0.253882699703896,0.214301116767924,2024.72409834598,2024.76367992891,NA,Mississippi,Mississippi
1111,1112,0.0737963606913379,-112.637925375055,44.6125310662519,-112.511182965398,44.4914947151544,0.253911608396499,0.180115247705161,2024.68991247692,2024.76370883761,NA,Central,Central
733,734,0.000871363788650825,-102.752707079688,43.1377258345458,-102.972745945326,43.3737573516118,0.254033675147312,0.253162311358661,2024.76295954057,2024.76383090436,NA,Central,Central
1340,1341,0.0402336540314581,-113.248434386384,47.5650434231489,-112.939630031136,47.3607411889743,0.254095520794741,0.213861866763283,2024.72365909597,2024.76389275001,NA,Pacific,Pacific
1058,1059,0.00751889341057455,-97.9316143579388,40.6990583307108,-98.0276924724062,41.0741069528927,0.254262137125971,0.246743243715396,2024.75654047293,2024.76405936634,NA,Mississippi,Mississippi
982,988,0.0675948992105129,-111.026655503427,45.6539233851773,-114.338207237923,39.2137925186205,0.254733595174305,0.187138695963792,2024.69693592517,2024.76453082438,NA,Pacific,Central
1074,1075,0.0210404697181856,-101.116906943828,47.7678808359563,-101.088294805901,47.801817517968,0.255175051470757,0.234134581752572,2024.74393181096,2024.76497228068,NA,Central,Central
1267,1274,0.00347089198660355,-101.187376741583,36.5148659820899,-101.442738205582,36.1711263153414,0.255295783893318,0.251824891906714,2024.76162212112,2024.7650930131,NA,Mississippi,Mississippi
1323,1324,0.00560563635464484,-102.982941378921,38.0831665013105,-101.694048172854,34.930868539461,0.255377035430849,0.249771399076204,2024.75956862829,2024.76517426464,NA,Mississippi,Mississippi
1292,1293,0.046986263929353,-102.737985866867,36.6489208649243,-106.351300869838,41.7332601251044,0.2564051717915,0.209418907862147,2024.71921613707,2024.766202401,NA,Mississippi,Mississippi
705,706,0.0357044139593057,-118.383999132301,44.2856507369801,-117.296560235355,42.8807318020013,0.256560525269421,0.220856111310115,2024.73065334052,2024.76635775448,NA,Pacific,Pacific
1059,1060,0.00287323534130346,-98.0276924724062,41.0741069528927,-98.3181599325908,41.027616993686,0.257135372467274,0.254262137125971,2024.76405936634,2024.76693260168,NA,Mississippi,Mississippi
1151,1152,0.0424702767204665,-83.5709497408091,38.0682919355875,-84.8029365328113,39.2528597982798,0.25759519150373,0.215124914783263,2024.72492214399,2024.76739242071,NA,Atlantic,Atlantic
984,985,0.0476630594536716,-109.962294448257,47.0296717293042,-93.7527445673038,45.5898015469388,0.262176666263588,0.214513606809916,2024.72431083602,2024.77197389547,NA,Pacific,Mississippi
1274,1280,0.0118852487243091,-101.442738205582,36.1711263153414,-101.279324180221,35.9863691216335,0.267181032617627,0.255295783893318,2024.7650930131,2024.77697826183,NA,Mississippi,Mississippi
1280,1283,6.97981943140746e-05,-101.279324180221,35.9863691216335,-101.262238839334,35.9690220730787,0.267250830811941,0.267181032617627,2024.77697826183,2024.77704806002,NA,Mississippi,Mississippi
1106,4,0.137930475957332,-112.259144510166,46.7430606637921,-104.043845887494,38.8596771906339,0.268891295379582,0.13096081942225,2024.64075804863,2024.77868852459,SRR34491317|A/mallard/NV/24-030919-002/2024|H5N1|USA-NV|Churchill|2024-10-12|wild_avian|D1.1,Central,Pacific
993,994,0.0201005213920062,-110.710217996525,44.0702686062495,-112.734036486109,47.068591408531,0.269614190309473,0.249513668917467,2024.75931089813,2024.77941141952,NA,Pacific,Central
1082,1084,0.0508531452422671,-105.113882434863,47.0105811132206,-102.473765289012,44.1563305086349,0.269833863504777,0.218980718262509,2024.72877794747,2024.77963109272,NA,Central,Central
1119,1120,0.0787007810463134,-118.678959454853,38.4465794943223,-113.414243621618,38.8572061294276,0.271653834309207,0.192953053262893,2024.70275028247,2024.78145106352,NA,Central,Mississippi
1280,1281,0.00516898922154652,-101.279324180221,35.9863691216335,-102.415172365812,33.7502115878739,0.272350021839173,0.267181032617627,2024.77697826183,2024.78214725105,NA,Mississippi,Mississippi
1294,1295,0.0636347024999007,-102.236245184008,37.5342528086747,-95.3235964402627,39.0788077471739,0.274245716971844,0.210611014471943,2024.72040824368,2024.78404294618,NA,Mississippi,Atlantic
727,729,0.0408257185327654,-101.052710418781,45.1915787951144,-102.95491801351,46.4225893846437,0.274546912782488,0.233721194249722,2024.74351842346,2024.78434414199,NA,Central,Mississippi
1347,252,0.0485707779495075,-110.627704645385,46.6692838609769,-114.00341783437,47.5480224401883,0.277088016691188,0.22851723874168,2024.73831446795,2024.7868852459,SRR34491564|A/northern_pintail/WA/24-030720-008/2024|H5N1|USA-WA|Grant|2024-10-15|wild_avian|D1.1,Pacific,Pacific
1043,1044,0.0323520455403565,-87.3786543667556,33.6893085073269,-85.9610875100245,33.8456271955046,0.277594930565808,0.245242885025452,2024.75504011424,2024.78739215978,NA,Mississippi,Mississippi
1044,1045,0.000628398292098264,-85.9610875100245,33.8456271955046,-86.0668085077975,33.8539320260195,0.278223328857907,0.277594930565808,2024.78739215978,2024.78802055807,NA,Mississippi,Mississippi
1072,1080,0.0655749343306635,-104.447671742017,48.490150590221,-104.271238770398,48.3282208437905,0.278994489371523,0.21341955504086,2024.72321678425,2024.78879171858,NA,Central,Central
1267,1268,0.0275782321251075,-101.187376741583,36.5148659820899,-101.464312004521,37.0344496639913,0.279403124031822,0.251824891906714,2024.76162212112,2024.78920035324,NA,Mississippi,Mississippi
1247,1248,0.0291614606110329,-98.2324352498122,29.6280338083448,-100.410590147177,30.6703532142047,0.281347597339418,0.252186136728385,2024.76198336594,2024.79114482655,NA,Mississippi,Mississippi
706,707,0.0247915216390593,-117.296560235355,42.8807318020013,-115.329766969192,43.8362244816326,0.28135204690848,0.256560525269421,2024.76635775448,2024.79114927612,NA,Pacific,Pacific
1283,1285,0.0141407390957007,-101.262238839334,35.9690220730787,-100.356809941187,35.4908308101577,0.281391569907641,0.267250830811941,2024.77704806002,2024.79118879912,NA,Mississippi,Mississippi
976,977,0.0367561181174612,-110.782479715238,46.0102436416196,-105.353165532523,41.6147992961675,0.282229740780524,0.245473622663063,2024.75527085187,2024.79202696999,NA,Pacific,Central
1001,1002,0.033823899948344,-107.226804911414,37.0399073820937,-108.484392622044,37.3181235475561,0.283606090294917,0.249782190346573,2024.75957941956,2024.79340331951,NA,Pacific,Pacific
1192,1195,0.02910414087324,-74.2995584054852,40.4641769919443,-75.9673976424284,40.0881200223023,0.283783654288533,0.254679513415293,2024.76447674263,2024.7935808835,NA,Atlantic,Atlantic
1214,1215,0.0337035453995611,-84.6578422073057,40.4472197951939,-86.2383034759878,39.3597742320456,0.285047523765337,0.251343978365776,2024.76114120758,2024.79484475298,NA,Atlantic,Atlantic
1348,1350,0.0454062118233709,-114.228457105727,40.3561590571548,-104.077287279638,34.3930029856896,0.285136457046928,0.239730245223557,2024.74952747443,2024.79493368626,NA,Central,Mississippi
1162,1183,0.00504639562547982,-72.8992603320409,44.1996792764679,-72.847054472217,44.2821104256572,0.285158259860862,0.280111864235382,2024.78990909345,2024.79495548907,NA,Atlantic,Atlantic
1218,1224,0.0473596152966744,-85.8807178685058,38.9648306701414,-85.5718877476341,40.7417116439797,0.287675802657459,0.240316187360785,2024.75011341657,2024.79747303187,NA,Atlantic,Atlantic
1100,241,0.122009462482315,-108.545249511269,45.4238113274948,-103.575897014798,44.1294117758365,0.288016978439692,0.166007515957377,2024.67580474517,2024.79781420765,SRR34491467|A/mallard/WA/24-031817-001/2024|H5N1|USA-WA|Grant|2024-10-19|wild_avian|D1.1,Pacific,Pacific
956,558,0.0736481467256545,-111.475988434396,44.7144134560614,-116.69801882958,45.9362627324153,0.288016978439692,0.214368831714038,2024.72416606092,2024.79781420765,SRR36628568|A/green_winged_teal/MT/24-031811-004/2024|H5N1|USA-MT|Broadwater|2024-10-19|wild_avian|D1.1,Pacific,Pacific
984,615,0.0735033716297762,-109.962294448257,47.0296717293042,-120.785348091478,43.9228165708723,0.288016978439692,0.214513606809916,2024.72431083602,2024.79781420765,SRR34491407|A/american_white_pelican/CA/24-031867-001/2024|H5N1|USA-CA|San_Diego|2024-10-19|wild_avian|D1.1,Pacific,Pacific
1274,1275,0.0336286169502533,-101.442738205582,36.1711263153414,-105.539948822859,32.7833214844239,0.288924400843571,0.255295783893318,2024.7650930131,2024.79872163005,NA,Mississippi,Atlantic
712,713,0.0622593935488576,-109.28398399895,31.8548228336351,-109.520143837635,34.1188873788675,0.289764382187259,0.227504988638402,2024.73730221785,2024.7995616114,NA,Mississippi,Mississippi
985,986,0.0280046272446768,-93.7527445673038,45.5898015469388,-99.2293156241745,48.2740574925005,0.290181293508265,0.262176666263588,2024.77197389547,2024.79997852272,NA,Mississippi,Mississippi
1059,1068,0.0359650396245283,-98.0276924724062,41.0741069528927,-97.0744709569289,42.6348300715526,0.290227176750499,0.254262137125971,2024.76405936634,2024.80002440596,NA,Mississippi,Mississippi
734,735,0.0367472784744123,-102.972745945326,43.3737573516118,-105.537664753185,47.0215722977599,0.290780953621724,0.254033675147312,2024.76383090436,2024.80057818283,NA,Central,Mississippi
1121,1125,0.0461366904733711,-119.875353218326,37.8661688470392,-104.35649412877,34.2921473885868,0.291136629701397,0.244999939228026,2024.75479716844,2024.80093385891,NA,Central,Atlantic
1283,1284,0.0239777816675968,-101.262238839334,35.9690220730787,-104.932814378102,37.1735756051757,0.291228612479538,0.267250830811941,2024.77704806002,2024.80102584169,NA,Mississippi,Mississippi
766,769,0.0403731476894726,-116.170955295813,41.4080674564279,-116.134394935263,33.9737857903634,0.291255460919538,0.250882313230065,2024.76067954244,2024.80105269013,NA,Central,Central
1058,1070,0.044962554097457,-97.9316143579388,40.6990583307108,-98.1386023269061,40.7679906621289,0.291705797812853,0.246743243715396,2024.75654047293,2024.80150302702,NA,Mississippi,Mississippi
769,770,0.000626073906351943,-116.134394935263,33.9737857903634,-116.096453070934,33.9704891116584,0.29188153482589,0.291255460919538,2024.80105269013,2024.80167876404,NA,Central,Central
1275,1279,0.0031491734016027,-105.539948822859,32.7833214844239,-105.42243502855,32.3889389232325,0.292073574245174,0.288924400843571,2024.79872163005,2024.80187080346,NA,Atlantic,Atlantic
1235,1236,0.0542937907755467,-117.50272640775,36.8929602202039,-117.708439434126,40.1479896161251,0.293295957683605,0.239002166908058,2024.74879939612,2024.80309318689,NA,Mississippi,Mississippi
760,285,0.0563526984850218,-119.692061457874,37.0511607849852,-120.152111381114,35.7757388438751,0.293481459314172,0.23712876082915,2024.74692599004,2024.80327868852,SRR34491396|A/cackling_goose/OR/24-031821-001/2024|H5N1|USA-OR|Marion|2024-10-21|wild_avian|D1.1,Pacific,Pacific
1006,1007,0.0425569947951356,-98.8973523625609,44.8992333280334,-99.095456457066,44.9042313456806,0.293573105181975,0.25101611038684,2024.7608133396,2024.80337033439,NA,Pacific,Pacific
1134,1136,0.142568409484188,-114.555005801664,45.0733717726339,-95.0040144862174,42.6299219392528,0.294459639041465,0.151891229557277,2024.66168845877,2024.80425686825,NA,Central,Mississippi
1045,1046,0.0174422045070202,-86.0668085077975,33.8539320260195,-83.7339213531748,34.2880678308703,0.295665533364927,0.278223328857907,2024.78802055807,2024.80546276258,NA,Mississippi,Atlantic
758,759,0.0909369532694018,-119.573712815588,38.5224602524293,-112.453706050332,46.6678723726999,0.296131913348128,0.205194960078726,2024.71499218929,2024.80592914256,NA,Pacific,Pacific
965,588,0.0709900418371425,-112.243735042281,47.5224629176512,-94.3324184101392,43.1060887581281,0.296213699751298,0.225223657914156,2024.73502088712,2024.80601092896,SRR34491351|A/canada_goose/OR/24-033934-001/2024|H5N1|USA-OR|Lincoln|2024-10-22|wild_avian|D1.1,Central,Pacific
1253,1254,0.0456363317039277,-99.4892404607816,35.7600774835421,-99.0517506135707,35.5397399545312,0.299519031407823,0.253882699703896,2024.76367992891,2024.80931626062,NA,Mississippi,Mississippi
1185,1186,0.00831256458199481,-69.7001077206649,44.7326843143117,-69.598018974623,45.4288281542392,0.299769389131171,0.291456824549176,2024.80125405376,2024.80956661834,NA,Atlantic,Atlantic
1324,1326,0.0448295321449823,-101.694048172854,34.930868539461,-97.8497845696183,39.1430764575148,0.300206567575831,0.255377035430849,2024.76517426464,2024.81000379679,NA,Mississippi,Mississippi
690,691,0.0619741938034319,-110.027641013739,42.6598443460396,-108.266949562501,43.2130510753201,0.301400665549489,0.239426471746057,2024.74922370096,2024.81119789476,NA,Central,Central
1024,1025,0.0530412401425606,-88.9823620982113,33.4183430980117,-88.624831719574,36.9443581971785,0.301430136722167,0.248388896579606,2024.75818612579,2024.81122736593,NA,Atlantic,Atlantic
1326,1327,0.00143549214942573,-97.8497845696183,39.1430764575148,-97.8703896654984,39.1372917597591,0.301642059725257,0.300206567575831,2024.81000379679,2024.81143928894,NA,Mississippi,Mississippi
1343,250,0.089036582081494,-116.531006443777,43.1617430527292,-103.814500522563,44.4256728940011,0.301678180625551,0.212641598544057,2024.72243882775,2024.81147540984,SRR34491441|A/american_coot/MN/24-032215-006/2024|H5N1|USA-MN|Itasca|2024-10-24|wild_avian|D1.1,Central,Mississippi
1344,249,0.0861297861489654,-114.921055047788,45.9920280931541,-99.7318376436068,40.0041988685051,0.301678180625551,0.215548394476585,2024.72534562369,2024.81147540984,SRR34491527|A/american_coot/MN/24-032215-004/2024|H5N1|USA-MN|Itasca|2024-10-24|wild_avian|D1.1,Central,Mississippi
1045,1051,0.0242489270741444,-86.0668085077975,33.8539320260195,-85.1581080425701,35.1196958439758,0.302472255932051,0.278223328857907,2024.78802055807,2024.81226948514,NA,Mississippi,Atlantic
770,837,0.0115330295551732,-116.096453070934,33.9704891116584,-116.058802780443,34.0931358363154,0.303414564381063,0.29188153482589,2024.80167876404,2024.81321179359,NA,Central,Central
947,948,0.0953015972572715,-113.222299637767,45.1137060033738,-107.167154127146,37.7408252292729,0.303649466652874,0.208347869395602,2024.71814509861,2024.81344669586,NA,Pacific,Pacific
1112,1113,0.049932749422853,-112.511182965398,44.4914947151544,-102.442835181462,45.0361689875017,0.303844357819352,0.253911608396499,2024.76370883761,2024.81364158703,NA,Central,Pacific
1162,1163,0.0237368039670276,-72.8992603320409,44.1996792764679,-71.5847559670143,44.7935041456285,0.30384866820241,0.280111864235382,2024.78990909345,2024.81364589741,NA,Atlantic,Atlantic
1078,1079,0.0567503738738382,-98.8888931961844,47.2896843191213,-98.2612331607477,48.0421470265313,0.304013882182368,0.24726350830853,2024.75706073752,2024.81381111139,NA,Mississippi,Mississippi
734,740,0.0504310345844947,-102.972745945326,43.3737573516118,-97.0965417079166,47.3956411207974,0.304464709731806,0.254033675147312,2024.76383090436,2024.81426193894,NA,Central,Mississippi
1113,1115,0.00226833340186539,-102.442835181462,45.0361689875017,-102.573044773597,44.4042955557559,0.306112691221217,0.303844357819352,2024.81364158703,2024.81590992043,NA,Pacific,Pacific
1055,1056,0.0923391739984787,-105.64360799297,46.71539628496,-104.866783269174,47.652713895734,0.306950524082749,0.21461135008427,2024.72440857929,2024.81674775329,NA,Central,Central
711,676,0.101739951782214,-113.810739234511,47.7124507741439,-100.613054929605,44.1452178382048,0.307142661499803,0.205402709717589,2024.71519993893,2024.81693989071,SRR36617365|A/mallard_duck/CA/24-032544-016/2024|H5N1|USA-CA|Yolo|2024-10-26|wild_avian|D1.1,Central,Pacific
1236,1237,0.0139861436370219,-117.708439434126,40.1479896161251,-117.864372920545,39.9603511532375,0.307282101320626,0.293295957683605,2024.80309318689,2024.81707933053,NA,Mississippi,Mississippi
735,736,0.0166192575444477,-105.537664753185,47.0215722977599,-102.541876091139,47.8891928061793,0.307400211166172,0.290780953621724,2024.80057818283,2024.81719744038,NA,Mississippi,Mississippi
754,755,0.181027590501157,-113.351261848653,47.9351959286595,-119.881997301195,46.2491788576191,0.307960017551421,0.126932427050263,2024.63672965626,2024.81775724676,NA,Pacific,Central
1025,1026,0.00656089388662484,-88.624831719574,36.9443581971785,-88.3700789628788,37.1558768828855,0.307991030608792,0.301430136722167,2024.81122736593,2024.81778825982,NA,Atlantic,Atlantic
1121,1122,0.0633854915780747,-119.875353218326,37.8661688470392,-103.464417663949,36.2622634457385,0.308385430806101,0.244999939228026,2024.75479716844,2024.81818266002,NA,Central,Atlantic
1326,1329,0.00974881414422102,-97.8497845696183,39.1430764575148,-99.8707782530576,38.3772453494812,0.309955381720052,0.300206567575831,2024.81000379679,2024.81975261093,NA,Mississippi,Mississippi
1323,1331,0.0605758234744418,-102.982941378921,38.0831665013105,-104.119873526324,36.5430657488755,0.310347222550646,0.249771399076204,2024.75956862829,2024.82014445176,NA,Mississippi,Mississippi
715,716,0.0744748392922867,-113.783889743381,48.2144115390785,-113.798668565803,46.4658993439568,0.310870099799497,0.23639526050721,2024.74619248972,2024.82066732901,NA,Pacific,Pacific
1321,1322,0.0750377116287833,-103.526110532223,40.5064821101564,-110.044477274483,41.05682190503,0.312489344688317,0.237451633059533,2024.74724886227,2024.8222865739,NA,Mississippi,Mississippi
740,741,0.00843414821536825,-97.0965417079166,47.3956411207974,-98.2788991515264,46.074973043033,0.312898857947175,0.304464709731806,2024.81426193894,2024.82269608716,NA,Mississippi,Mississippi
1163,1179,0.0097888361738192,-71.5847559670143,44.7935041456285,-70.718276937282,45.3888622833929,0.313637504376229,0.30384866820241,2024.81364589741,2024.82343473359,NA,Atlantic,Atlantic
1240,1241,0.0660690455158599,-117.435928412955,36.7236880392763,-111.169117177102,33.4093606751153,0.31434629139225,0.24827724587639,2024.75807447509,2024.8241435206,NA,Mississippi,Mississippi
1203,1204,0.076335930857754,-86.7126325170654,39.44770133506,-86.9179111723138,36.3157688610109,0.317195677616525,0.240859746758771,2024.75065697597,2024.82699290683,NA,Atlantic,Atlantic
1224,1225,0.030103982732516,-85.5718877476341,40.7417116439797,-85.4850567314302,40.9423472764133,0.317779785389975,0.287675802657459,2024.79747303187,2024.8275770146,NA,Atlantic,Atlantic
837,838,0.0145798109675368,-116.058802780443,34.0931358363154,-113.367091998017,34.5926104167198,0.3179943753486,0.303414564381063,2024.81321179359,2024.82779160456,NA,Central,Central
1344,251,0.10252322877195,-114.921055047788,45.9920280931541,-117.483021374325,42.5575463725474,0.318071623248535,0.215548394476585,2024.72534562369,2024.82786885246,SRR34491342|A/bald_eagle/MT/24-033248-001/2024|H5N1|USA-MT|Flathead|2024-10-30|wild_avian|D1.1,Central,Pacific
1241,1242,0.00391920125632983,-111.169117177102,33.4093606751153,-110.405654194774,34.5609808188026,0.31826549264858,0.31434629139225,2024.8241435206,2024.82806272186,NA,Mississippi,Mississippi
1242,1243,0.00162079424095074,-110.405654194774,34.5609808188026,-111.161403538792,35.477131417579,0.31988628688953,0.31826549264858,2024.82806272186,2024.8296835161,NA,Mississippi,Mississippi
1218,1219,0.0829238257899774,-85.8807178685058,38.9648306701414,-84.358010833612,38.4377001882419,0.323240013150762,0.240316187360785,2024.75011341657,2024.83303724236,NA,Atlantic,Atlantic
1101,238,0.113734559380959,-104.636768625155,48.291731079741,-97.3276796269313,46.6566289100987,0.323536104122787,0.209801544741828,2024.71959877395,2024.83333333333,SRR36617768|A/great_horned_owl/WY/24-033104-001/2024|H5N1|USA-WY|Albany|2024-11-01|wild_avian|D1.1,Pacific,Central
699,278,0.0957395631791491,-116.123060029491,46.0644939523433,-111.724151570261,47.9798634169403,0.323536104122787,0.227796540943638,2024.73759377015,2024.83333333333,SRR36628797|A/northern_shoveler/NV/24-033106-004/2024|H5N1|USA-NV|Churchill|2024-11-01|wild_avian|D1.1,Pacific,Pacific
1331,1332,0.0148928476601873,-104.119873526324,36.5430657488755,-105.106389170563,33.7113557333419,0.325240070210833,0.310347222550646,2024.82014445176,2024.83503729942,NA,Mississippi,Mississippi
996,610,0.0790339248145466,-102.924764798395,45.7806662276291,-99.7499188986939,47.9328941647828,0.326268344559913,0.247234419745367,2024.75703164896,2024.83606557377,SRR34491330|A/canada_goose/OR/24-033933-001/2024|H5N1|USA-OR|Crook|2024-11-02|wild_avian|D1.1,Pacific,Pacific
706,629,0.0697078192904927,-117.296560235355,42.8807318020013,-114.358258441738,36.4490155620704,0.326268344559913,0.256560525269421,2024.76635775448,2024.83606557377,SRR34491332|A/mallard/NV/24-033109-013/2024|H5N1|USA-NV|Churchill|2024-11-02|wild_avian|D1.1,Pacific,Pacific
1117,1118,0.133621858379149,-118.624167960123,38.5012620748073,-114.177447496303,41.344156806811,0.326548121147884,0.192926262768735,2024.70272349198,2024.83634535036,NA,Central,Mississippi
769,844,0.0366725410484501,-116.134394935263,33.9737857903634,-117.119224374678,32.9940011886858,0.327928001967988,0.291255460919538,2024.80105269013,2024.83772523118,NA,Central,Central
1046,1047,0.0330207751209157,-83.7339213531748,34.2880678308703,-83.9807669359637,33.1542912608464,0.328686308485842,0.295665533364927,2024.80546276258,2024.8384835377,NA,Atlantic,Atlantic
1001,594,0.0846828755249467,-107.226804911414,37.0399073820937,-110.063136292737,35.3146328756601,0.334465065871519,0.249782190346573,2024.75957941956,2024.84426229508,SRR34491322|A/green_winged_teal/WA/24-033431-002/2024|H5N1|USA-WA|Grant|2024-11-05|wild_avian|D1.1,Pacific,Pacific
1136,1137,0.0412607317606448,-95.0040144862174,42.6299219392528,-95.1677155296525,42.4808001291131,0.33572037080211,0.294459639041465,2024.80425686825,2024.84551760001,NA,Mississippi,Mississippi
1236,1238,0.0432189085065202,-117.708439434126,40.1479896161251,-117.735414562898,39.2061427875828,0.336514866190125,0.293295957683605,2024.80309318689,2024.8463120954,NA,Mississippi,Mississippi
1002,1003,0.0561838416882612,-108.484392622044,37.3181235475561,-106.721444246778,36.890028163043,0.339789931983178,0.283606090294917,2024.79340331951,2024.84958716119,NA,Pacific,Pacific
986,987,0.0497180923611522,-99.2293156241745,48.2740574925005,-100.620186467116,47.2914910730539,0.339899385869417,0.290181293508265,2024.79997852272,2024.84969661508,NA,Mississippi,Mississippi
760,286,0.102800785916621,-119.692061457874,37.0511607849852,-119.398081447492,36.7097909453953,0.339929546745772,0.23712876082915,2024.74692599004,2024.84972677596,SRR34491321|A/cackling_goose/OR/24-033931-001/2024|H5N1|USA-OR|Washington|2024-11-07|wild_avian|D1.1,Pacific,Pacific
1115,1116,0.0342557018890242,-102.573044773597,44.4042955557559,-105.12515773409,44.5282141656354,0.340368393110241,0.306112691221217,2024.81590992043,2024.85016562232,NA,Pacific,Pacific
1204,1205,0.0243229544946746,-86.9179111723138,36.3157688610109,-87.6314239699439,36.6417740743202,0.341518632111199,0.317195677616525,2024.82699290683,2024.85131586132,NA,Atlantic,Atlantic
1003,1004,0.00187042011356686,-106.721444246778,36.890028163043,-106.735974682192,36.9430903164761,0.341660352096745,0.339789931983178,2024.84958716119,2024.85145758131,NA,Pacific,Pacific
695,2,0.165094317654115,-111.759056415404,47.1725934047455,-92.8885840738261,40.451314657707,0.342661787182898,0.177567469528783,2024.68736469874,2024.85245901639,SRR36628420|A/blue_winged_teal/TX/24-037863-008/2024|H5N1|USA-TX|Chambers|2024-11-08|wild_avian|D1.1,Pacific,Central
710,624,0.112527135020023,-113.325650622302,46.6644391189434,-94.9367749322479,42.4279564576758,0.342661787182898,0.230134652162875,2024.73993188137,2024.85245901639,SRR36617252|A/green_winged_teal/TX/24-037863-003/2024|H5N1|USA-TX|Chambers|2024-11-08|wild_avian|D1.1,Central,Central
1253,1256,0.0893193092433424,-99.4892404607816,35.7600774835421,-99.7288725703409,35.3450181326925,0.343202008947238,0.253882699703896,2024.76367992891,2024.85299923816,NA,Mississippi,Mississippi
1275,1276,0.0544738691187385,-105.539948822859,32.7833214844239,-103.852759621109,32.3249079700465,0.343398269962309,0.288924400843571,2024.79872163005,2024.85319549917,NA,Atlantic,Atlantic
689,274,0.142077491278885,-108.913669260132,42.7831148827681,-122.548595193029,41.2567609958512,0.345394027620024,0.203316536341139,2024.71311376555,2024.85519125683,SRR34491500|A/green_winged_teal/OK/24-034551-045/2024|H5N1|USA-OK|Sequoyah|2024-11-09|wild_avian|D1.1,Central,Central
1083,549,0.125703062755781,-105.523072302506,47.0813778534195,-100.683736649818,42.0071481198917,0.345394027620024,0.219690964864243,2024.72948819407,2024.85519125683,SRR34491499|A/green_winged_teal/KS/24-034556-004/2024|H5N1|USA-KS|Crawford|2024-11-09|wild_avian|D1.1,Central,Central
746,655,0.0969479361842644,-105.864184889284,41.5500003801923,-105.57383987469,45.0356007764748,0.345394027620024,0.24844609143576,2024.75824332065,2024.85519125683,SRR34491498|A/green_winged_teal/KS/24-034557-008/2024|H5N1|USA-KS|Neosho|2024-11-09|wild_avian|D1.1,Central,Central
732,671,0.0949210788584567,-103.72474812606,41.431063639463,-99.2997126904407,39.5029246914081,0.345394027620024,0.250472948761567,2024.76027017797,2024.85519125683,SRR36628704|A/green_winged_teal/OK/24-034551-041/2024|H5N1|USA-OK|Sequoyah|2024-11-09|wild_avian|D1.1,Central,Central
1332,1333,0.0205882171381808,-105.106389170563,33.7113557333419,-105.26941860642,33.4686792402203,0.345828287349014,0.325240070210833,2024.83503729942,2024.85562551656,NA,Mississippi,Mississippi
957,958,0.108742338755784,-95.5211360295546,38.1953221402951,-107.600475249134,44.8111648549781,0.346335873831492,0.237593535075708,2024.74739076429,2024.85613310304,NA,Central,Atlantic
721,724,0.1255695080299,-105.626482868034,45.0482825213739,-105.763967884795,39.9869887528932,0.347702795170135,0.222133287140234,2024.73193051635,2024.85750002438,NA,Central,Central
1329,1330,0.0393563344615648,-99.8707782530576,38.3772453494812,-99.5896775662356,41.048226514349,0.349311716181617,0.309955381720052,2024.81975261093,2024.85910894539,NA,Mississippi,Mississippi
1008,1009,0.0964056478112785,-108.6389344412,45.6544349239907,-109.358946819634,46.3166449095106,0.349506622253982,0.253100974442703,2024.76289820365,2024.85930385146,NA,Central,Central
770,771,0.0592044980128783,-116.096453070934,33.9704891116584,-116.398482678884,33.0067175091801,0.351086032838768,0.29188153482589,2024.80167876404,2024.86088326205,NA,Central,Central
1205,1206,0.0104310916793811,-87.6314239699439,36.6417740743202,-91.2576248828317,37.4919477354693,0.35194972379058,0.341518632111199,2024.85131586132,2024.861746953,NA,Atlantic,Atlantic
1263,1264,0.148716219697879,-97.24674313559,33.0672232930275,-94.1437452993778,42.882527230865,0.354101708809769,0.20538548911189,2024.71518271832,2024.86389893802,NA,Mississippi,Mississippi
1219,1221,0.0309532125497063,-84.358010833612,38.4377001882419,-84.8877441657392,38.6739222214901,0.354193225700469,0.323240013150762,2024.83303724236,2024.86399045491,NA,Atlantic,Atlantic
1276,1277,0.0108620234121148,-103.852759621109,32.3249079700465,-104.277883308762,31.6115707400607,0.354260293374424,0.343398269962309,2024.85319549917,2024.86405752258,NA,Atlantic,Atlantic
844,845,0.0268222405205845,-117.119224374678,32.9940011886858,-114.414284154766,33.9806525199985,0.354750242488573,0.327928001967988,2024.83772523118,2024.8645474717,NA,Central,Central
1258,1259,0.121040885462179,-97.5768723926544,33.2035295617648,-97.4479375832637,32.5729847898081,0.355486234893857,0.234445349431678,2024.74424257864,2024.8652834641,NA,Mississippi,Mississippi
1137,1145,0.0200068202044599,-95.1677155296525,42.4808001291131,-94.7114274004378,44.3182638374501,0.35572719100657,0.33572037080211,2024.84551760001,2024.86552442022,NA,Mississippi,Mississippi
1324,1325,0.100790723870307,-101.694048172854,34.930868539461,-98.8301419944494,36.4029925004683,0.356167759301155,0.255377035430849,2024.76517426464,2024.86596498851,NA,Mississippi,Mississippi
1101,237,0.146521444626928,-104.636768625155,48.291731079741,-104.240258444942,48.0840540175118,0.356322989368756,0.209801544741828,2024.71959877395,2024.86612021858,SRR34491488|A/trumpeter_swan/ID/24-034853-002/2024|H5N1|USA-ID|Jefferson|2024-11-13|wild_avian|D1.1,Pacific,Pacific
975,577,0.120871887124831,-110.757884589954,45.9517081898305,-105.6040197364,45.8142722574457,0.356322989368756,0.235451102243925,2024.74524833145,2024.86612021858,SRR34491487|A/trumpeter_swan/ID/24-034853-004/2024|H5N1|USA-ID|Jefferson|2024-11-13|wild_avian|D1.1,Pacific,Pacific
1060,1061,0.0992419106463747,-98.3181599325908,41.027616993686,-98.216770310057,41.24555894541,0.356377283113649,0.257135372467274,2024.76693260168,2024.86617451232,NA,Mississippi,Mississippi
686,687,0.142243018919237,-94.1698663579727,30.1840282589323,-95.124530461762,31.7930711601316,0.356685155193691,0.214442136274454,2024.72423936548,2024.8664823844,NA,Mississippi,Mississippi
1179,1180,0.0431536729641584,-70.718276937282,45.3888622833929,-68.6724073553199,44.6037983430823,0.356791177340387,0.313637504376229,2024.82343473359,2024.86658840655,NA,Atlantic,Atlantic
1254,1255,0.0575032456850555,-99.0517506135707,35.5397399545312,-92.083521162617,42.508257083523,0.357022277092879,0.299519031407823,2024.80931626062,2024.8668195063,NA,Mississippi,Central
1238,1239,0.021383859831535,-117.735414562898,39.2061427875828,-117.731058328019,38.5541769681076,0.35789872602166,0.336514866190125,2024.8463120954,2024.86769595523,NA,Mississippi,Mississippi
838,839,0.0405473676805703,-113.367091998017,34.5926104167198,-113.33096395951,34.9622490645719,0.35854174302917,0.3179943753486,2024.82779160456,2024.86833897224,NA,Central,Central
1332,1334,0.0335302485546223,-105.106389170563,33.7113557333419,-106.018000521145,32.222289358304,0.358770318765455,0.325240070210833,2024.83503729942,2024.86856754798,NA,Mississippi,Mississippi
1245,140,0.125490472509277,-99.4269157457046,32.1150552254919,-90.7235504879829,42.0701702374259,0.359055229805882,0.233564757296606,2024.74336198651,2024.86885245902,SRR34491480|A/ring_necked_duck/MN/24-035413-001/2024|H5N1|USA-MN|Cass|2024-11-14|wild_avian|D1.1,Mississippi,Mississippi
1248,142,0.0777076324664641,-100.410590147177,30.6703532142047,-89.9945414134898,36.0900122135214,0.359055229805882,0.281347597339418,2024.79114482655,2024.86885245902,SRR34491479|A/canvasback/MN/24-035695-001/2024|H5N1|USA-MN|Wabasha|2024-11-14|wild_avian|D1.1,Mississippi,Mississippi
1268,1269,0.0797665310897744,-101.464312004521,37.0344496639913,-110.093859158289,37.7846935043276,0.359169655121596,0.279403124031822,2024.78920035324,2024.86896688433,NA,Mississippi,Atlantic
845,846,0.00444324312662658,-114.414284154766,33.9806525199985,-110.187771180009,36.2311545681089,0.359193485615199,0.354750242488573,2024.8645474717,2024.86899071483,NA,Central,Central
771,772,0.00819165999455551,-116.398482678884,33.0067175091801,-114.689614353831,35.3378776614119,0.359277692833324,0.351086032838768,2024.86088326205,2024.86907492204,NA,Central,Central
1195,1196,0.0759176769248622,-75.9673976424284,40.0881200223023,-75.1673533229057,42.1702469608023,0.359701331213395,0.283783654288533,2024.7935808835,2024.86949856042,NA,Atlantic,Atlantic
724,725,0.0121454654272888,-105.763967884795,39.9869887528932,-106.606735839276,40.1032415041374,0.359848260597424,0.347702795170135,2024.85750002438,2024.86964548981,NA,Central,Central
1196,1197,0.000379959956366749,-75.1673533229057,42.1702469608023,-75.1043439029365,42.3134694674932,0.360081291169762,0.359701331213395,2024.86949856042,2024.86987852038,NA,Atlantic,Atlantic
736,737,0.0527872492617039,-102.541876091139,47.8891928061793,-101.157865986221,46.6511039606298,0.360187460427875,0.307400211166172,2024.81719744038,2024.86998468964,NA,Mississippi,Mississippi
967,968,0.110051967890898,-112.973071555501,48.6319754315197,-116.643923170941,42.2783468339316,0.360464374527229,0.250412406636332,2024.76020963585,2024.87026160374,NA,Central,Central
838,840,0.042606590627231,-113.367091998017,34.5926104167198,-112.987122835585,33.1759096563716,0.360600965975831,0.3179943753486,2024.82779160456,2024.87039819519,NA,Central,Central
1180,1182,0.00406463276789237,-68.6724073553199,44.6037983430823,-68.9394837852327,44.924070102439,0.36085581010828,0.356791177340387,2024.86658840655,2024.87065303932,NA,Atlantic,Atlantic
1092,554,0.192476886318211,-108.780825451671,43.0384818288826,-107.384763012533,42.1075681025831,0.361787470243008,0.169310583924797,2024.67910781314,2024.87158469945,SRR36617493|A/golden_eagle/CO/25-010611-001/2024|H5N1|USA-CO|Morgan|2024-11-15|wild_avian|D1.1,Central,Central
1108,5,0.146557716477066,-109.825907438187,46.0608941484215,-112.014852402661,45.0600410888274,0.361787470243008,0.215229753765942,2024.72502698298,2024.87158469945,SRR34491413|A/mallard/UT/24-034892-003/2024|H5N1|USA-UT|Box_Elder|2024-11-15|wild_avian|D1.1,Pacific,Pacific
1254,212,0.0622684388351851,-99.0517506135707,35.5397399545312,-83.5029584362734,31.977779039854,0.361787470243008,0.299519031407823,2024.80931626062,2024.87158469945,SRR34491411|A/green_winged_teal/ND/24-034964-002/2024|H5N1|USA-ND|LaMoure|2024-11-15|wild_avian|D1.1,Mississippi,Central
766,767,0.111595641213961,-116.170955295813,41.4080674564279,-113.386060397149,43.3544260802495,0.362477954444026,0.250882313230065,2024.76067954244,2024.87227518365,NA,Central,Central
1353,254,0.115346342012289,-112.499544958792,47.7880871665412,-116.164954139187,39.541995105595,0.364519710680135,0.249173368667846,2024.75897059788,2024.87431693989,SRR34491569|A/gadwall/CA/24-035297-036/2024|H5N1|USA-CA|Fresno|2024-11-16|wild_avian|D1.1,Pacific,Pacific
1120,10,0.0928658763709278,-113.414243621618,38.8572061294276,-116.552820010598,38.6197330193871,0.364519710680135,0.271653834309207,2024.78145106352,2024.87431693989,SRR34491574|A/green_winged_teal/IL/24-035153-025/2024|H5N1|USA-IL|Clinton|2024-11-16|wild_avian|D1.1,Mississippi,Mississippi
988,576,0.112518355943183,-114.338207237923,39.2137925186205,-102.265745277579,37.9160371083852,0.367251951117488,0.254733595174305,2024.76453082438,2024.87704918033,SRR34491566|A/northern_pintail/IL/24-035154-001/2024|H5N1|USA-IL|Clinton|2024-11-17|wild_avian|D1.1,Central,Mississippi
840,841,0.00841427484736412,-112.987122835585,33.1759096563716,-113.021187138022,33.2803951609593,0.369015240823195,0.360600965975831,2024.87039819519,2024.87881247003,NA,Central,Central
1137,1138,0.0333095671749806,-95.1677155296525,42.4808001291131,-94.1646092845171,42.0079063674149,0.36902993797709,0.33572037080211,2024.84551760001,2024.87882716719,NA,Mississippi,Mississippi
771,831,0.0197292483036358,-116.398482678884,33.0067175091801,-116.374889132791,33.3787701195718,0.370815281142404,0.351086032838768,2024.86088326205,2024.88061251035,NA,Central,Central
1125,1126,0.0808983679576052,-104.35649412877,34.2921473885868,-103.938223257799,33.3948561623575,0.372034997659002,0.291136629701397,2024.80093385891,2024.88183222687,NA,Atlantic,Atlantic
735,738,0.0817445322868497,-105.537664753185,47.0215722977599,-105.187073926444,47.3433512313364,0.372525485908574,0.290780953621724,2024.80057818283,2024.88232271512,NA,Mississippi,Mississippi
1281,1282,0.100217369280597,-102.415172365812,33.7502115878739,-96.6282310629805,35.1349019815945,0.37256739111977,0.272350021839173,2024.78214725105,2024.88236462033,NA,Mississippi,Mississippi
1113,1114,0.0696886940864379,-102.442835181462,45.0361689875017,-103.070135103047,45.3740962655671,0.37353305190579,0.303844357819352,2024.81364158703,2024.88333028112,NA,Pacific,Pacific
1269,1270,0.0145406814727282,-110.093859158289,37.7846935043276,-110.343690593875,37.4424882165055,0.373710336594324,0.359169655121596,2024.86896688433,2024.8835075658,NA,Atlantic,Atlantic
1061,1063,0.0180177497853862,-98.216770310057,41.24555894541,-101.412961514012,31.8907533524799,0.374395032899035,0.356377283113649,2024.86617451232,2024.88419226211,NA,Mississippi,Atlantic
757,761,0.23610889158031,-113.46362512952,47.5607179053281,-109.90796117746,48.2419987860354,0.374528728589957,0.138419837009647,2024.64821706622,2024.8843259578,NA,Pacific,Pacific
1215,1217,0.0914224411417919,-86.2383034759878,39.3597742320456,-86.772994514774,37.7005985286468,0.376469964907129,0.285047523765337,2024.79484475298,2024.88626719412,NA,Atlantic,Atlantic
1285,1286,0.0953879799631632,-100.356809941187,35.4908308101577,-99.14432796108,39.5682979898983,0.376779549870805,0.281391569907641,2024.79118879912,2024.88657677908,NA,Mississippi,Mississippi
1259,1260,0.0219008472201796,-97.4479375832637,32.5729847898081,-95.2953285427653,31.6492708152628,0.377387082114037,0.355486234893857,2024.8652834641,2024.88718431132,NA,Mississippi,Mississippi
1157,1159,0.146420861271004,-83.6465269298261,37.8336908371386,-84.515360797083,37.2156296523978,0.37740628017348,0.230985418902476,2024.74078264811,2024.88720350938,NA,Atlantic,Atlantic
1061,1062,0.022481152003534,-98.216770310057,41.24555894541,-103.45954519757,37.0773288754535,0.378858435117183,0.356377283113649,2024.86617451232,2024.88865566433,NA,Mississippi,Mississippi
1138,1139,0.0110048638294167,-94.1646092845171,42.0079063674149,-93.7477445372268,40.948822454296,0.380034801806507,0.36902993797709,2024.87882716719,2024.88983203102,NA,Mississippi,Mississippi
1070,1071,0.0884275037961473,-98.1386023269061,40.7679906621289,-96.7581862357247,35.8356698464539,0.380133301609001,0.291705797812853,2024.80150302702,2024.88993053082,NA,Mississippi,Mississippi
759,287,0.0847812399549908,-112.453706050332,46.6678723726999,-117.221660448592,42.6336531874452,0.380913153303119,0.296131913348128,2024.80592914256,2024.89071038251,SRR36617849|A/house_sparrow/AZ/24-036612-005/2024|H5N1|USA-AZ|Pinal|2024-11-22|wild_avian|D1.1,Pacific,Pacific
772,773,0.0226542424305023,-114.689614353831,35.3378776614119,-114.77729615196,35.152038517888,0.381931935263826,0.359277692833324,2024.86907492204,2024.89172916447,NA,Central,Central
845,847,0.0280674080655259,-114.414284154766,33.9806525199985,-111.099446218425,32.8731310836635,0.382817650554099,0.354750242488573,2024.8645474717,2024.89261487976,NA,Central,Central
1234,137,0.168970365762022,-106.478194146661,36.8709685087615,-108.383328786822,41.2582169180481,0.383645393740245,0.214675027978223,2024.72447225719,2024.89344262295,SRR34491475|A/blue_winged_teal/FL/24-036665-004/2024|H5N1|USA-FL|Palm_Beach|2024-11-23|wild_avian|D1.1,Atlantic,Atlantic
1246,141,0.133186870235852,-98.6141973411248,30.6093710159982,-110.409993332584,33.4819632122833,0.383645393740245,0.250458523504393,2024.76025575271,2024.89344262295,SRR34491474|A/blue_winged_teal/FL/24-036665-008/2024|H5N1|USA-FL|Palm_Beach|2024-11-23|wild_avian|D1.1,Mississippi,Atlantic
1247,144,0.13145925701186,-98.2324352498122,29.6280338083448,-102.862266565512,30.7330624892792,0.383645393740245,0.252186136728385,2024.76198336594,2024.89344262295,SRR36617263|A/ring_necked_duck/GA/24-036176-005/2024|H5N1|USA-GA|Seminole|2024-11-23|wild_avian|D1.1,Mississippi,Atlantic
1248,143,0.102297796400827,-100.410590147177,30.6703532142047,-101.452656727464,35.540509939443,0.383645393740245,0.281347597339418,2024.79114482655,2024.89344262295,EPI_ISL_19777455|A/northern_pintail/Tennessee/158/2024|H5N1|USA-TN|Unknown|2024-11-23|wild_avian|D1.1,Mississippi,Mississippi
1238,136,0.0471305275501204,-117.735414562898,39.2061427875828,-105.891432060653,44.8101092865384,0.383645393740245,0.336514866190125,2024.8463120954,2024.89344262295,SRR36617264|A/ring_necked_duck/GA/24-036176-004/2024|H5N1|USA-GA|Seminole|2024-11-23|wild_avian|D1.1,Mississippi,Atlantic
1219,1220,0.0610136007236834,-84.358010833612,38.4377001882419,-84.7907765267713,37.1270134786943,0.384253613874446,0.323240013150762,2024.83303724236,2024.89405084308,NA,Atlantic,Atlantic
1093,555,0.21106198043565,-109.125718738815,43.3113418328133,-111.571714919968,48.808538489181,0.386377634177599,0.175315653741948,2024.68511288295,2024.89617486339,SRR36617504|A/mallard_duck/NE/25-004748-004/2024|H5N1|USA-NE|Buffalo|2024-11-24|wild_avian|D1.1,Central,Central
690,269,0.146951162431542,-110.027641013739,42.6598443460396,-108.099283281791,39.7682058223822,0.386377634177599,0.239426471746057,2024.74922370096,2024.89617486339,SRR36617491|A/Peregrine_falcon/CO/25-019366-001/2024|H5N1|USA-CO|Denver|2024-11-24|wild_avian|D1.1,Central,Central
732,644,0.135904685416031,-103.72474812606,41.431063639463,-106.821071417632,45.4824866532964,0.386377634177599,0.250472948761567,2024.76027017797,2024.89617486339,SRR31914411|A/Turkey/SD/24-035157-004-original/2024|H5N1|USA-SD|Unknown|2024-11-24|domestic_avian|D1.1,Central,Central
977,617,0.104147893397075,-105.353165532523,41.6147992961675,-88.579503418654,32.4116923986419,0.386377634177599,0.282229740780524,2024.79202696999,2024.89617486339,SRR36617269|A/mallard_duck/WA/24-036061-007/2024|H5N1|USA-WA|Grant|2024-11-24|wild_avian|D1.1,Central,Pacific
1159,1160,0.0113036080517614,-84.515360797083,37.2156296523978,-84.9733287943026,36.1423567897324,0.388709888225242,0.37740628017348,2024.88720350938,2024.89850711744,NA,Atlantic,Atlantic
1148,46,0.174248578618543,-110.824582605523,35.8391921327158,-110.216170938164,33.744018620082,0.389109874614725,0.214861295996182,2024.72465852521,2024.89890710383,SRR31914406|A/Turkey/SD/24-035288-003-original/2024|H5N1|USA-SD|Unknown|2024-11-25|domestic_avian|D1.1,Central,Central
1351,256,0.168666247528182,-112.794719764817,47.8825009565314,-117.043588367698,48.1703863634598,0.389109874614725,0.220443627086543,2024.7302408563,2024.89890710383,SRR36617265|A/great_horned_owl/WY/24-036166-001/2024|H5N1|USA-WY|Lincoln|2024-11-25|wild_avian|D1.1,Pacific,Pacific
728,660,0.136377249217821,-101.267109913363,47.78357400001,-97.6840899819585,46.3150228849231,0.389109874614725,0.252732625396903,2024.76252985461,2024.89890710383,SRR36617524|A/mallard_duck/NE/25-003309-011/2024|H5N1|USA-NE|Buffalo|2024-11-25|wild_avian|D1.1,Central,Central
985,611,0.126933208351137,-93.7527445673038,45.5898015469388,-92.2205937504998,47.9561534677074,0.389109874614725,0.262176666263588,2024.77197389547,2024.89890710383,SRR34491460|A/blue_winged_teal/LA/24-035708-007/2024|H5N1|USA-LA|Cameron|2024-11-25|wild_avian|D1.1,Mississippi,Mississippi
729,662,0.114562961832237,-102.95491801351,46.4225893846437,-107.287285173761,47.4954917995047,0.389109874614725,0.274546912782488,2024.78434414199,2024.89890710383,SRR34491454|A/blue_winged_teal/LA/24-035708-014/2024|H5N1|USA-LA|Cameron|2024-11-25|wild_avian|D1.1,Mississippi,Mississippi
759,288,0.0929779612665966,-112.453706050332,46.6678723726999,-112.273398514808,40.9273402209963,0.389109874614725,0.296131913348128,2024.80592914256,2024.89890710383,SRR36617855|A/black_necked_stilt/AZ/24-036610-002/2024|H5N1|USA-AZ|Pinal|2024-11-25|wild_avian|D1.1,Pacific,Pacific
1203,1210,0.149967771813831,-86.7126325170654,39.44770133506,-86.1861521871481,38.8697085135602,0.390827518572602,0.240859746758771,2024.75065697597,2024.90062474778,NA,Atlantic,Atlantic
1010,290,0.175843871255864,-104.832575075397,43.1962498426489,-103.048880037072,42.9083996962864,0.391842115051851,0.215998243795987,2024.72579547301,2024.90163934426,SRR34491451|A/green_winged_teal/NM/24-036318-011/2024|H5N1|USA-NM|San_Miguel|2024-11-26|wild_avian|D1.1,Central,Central
715,674,0.155446854544641,-113.783889743381,48.2144115390785,-113.729869930408,48.2692202742653,0.391842115051851,0.23639526050721,2024.74619248972,2024.90163934426,SRR36617487|A/canada_goose/UT/24-035683-001/2024|H5N1|USA-UT|Weber|2024-11-26|wild_avian|D1.1,Pacific,Pacific
977,618,0.109612374271327,-105.353165532523,41.6147992961675,-105.241067838622,42.703734237757,0.391842115051851,0.282229740780524,2024.79202696999,2024.90163934426,SRR34491450|A/green_winged_teal/NM/24-036318-014/2024|H5N1|USA-NM|San_Miguel|2024-11-26|wild_avian|D1.1,Central,Central
1242,128,0.0735766224032715,-110.405654194774,34.5609808188026,-113.73345774362,38.2558293523137,0.391842115051851,0.31826549264858,2024.82806272186,2024.90163934426,SRR36628221|A/mallard_duck/IA/24-037337-003/2024|H5N1|USA-IA|Jackson|2024-11-26|wild_avian|D1.1,Mississippi,Mississippi
987,612,0.0519427291824341,-100.620186467116,47.2914910730539,-104.986223788604,47.226900769226,0.391842115051851,0.339899385869417,2024.84969661508,2024.90163934426,SRR31914398|A/chicken/TN/24-035519-005-original/2024|H5N1|USA-TN|Unknown|2024-11-26|domestic_avian|D1.1,Mississippi,Mississippi
1197,1198,0.0338374439365587,-75.1043439029365,42.3134694674932,-76.5275889467402,42.7728908218012,0.39391873510632,0.360081291169762,2024.86987852038,2024.90371596432,NA,Atlantic,Atlantic
1244,139,0.202425123345922,-104.063021213064,31.8748148082025,-105.978481476254,32.3427780046195,0.394574355488977,0.192149232143055,2024.70194646135,2024.9043715847,SRR34491447|A/blue_winged_teal/SC/24-036315-006/2024|H5N1|USA-SC|Colleton|2024-11-27|wild_avian|D1.1,Atlantic,Atlantic
1355,244,0.172650254044583,-109.724490700809,40.5969266494835,-116.228544919255,41.5500396700776,0.394574355488977,0.221924101444394,2024.73172133065,2024.9043715847,SRR34491403|A/western_gull/CA/24-036324-002/2024|H5N1|USA-CA|Santa_Barbara|2024-11-27|wild_avian|D1.1,Pacific,Pacific
1285,162,0.113182785581336,-100.356809941187,35.4908308101577,-102.566987474492,31.3022455732835,0.394574355488977,0.281391569907641,2024.79118879912,2024.9043715847,SRR34491402|A/mallard/AR/24-036997-003/2024|H5N1|USA-AR|Prairie|2024-11-27|wild_avian|D1.1,Mississippi,Mississippi
1003,596,0.0547844235057993,-106.721444246778,36.890028163043,-104.338711097771,35.6289676779567,0.394574355488977,0.339789931983178,2024.84958716119,2024.9043715847,SRR33508820|A/snow_goose/MT/24-035974-001/2024|H5N1|USA-MT|Gallatin|2024-11-27|wild_avian|D1.1,Pacific,Pacific
1112,26,0.143394987529605,-112.511182965398,44.4914947151544,-113.984891544925,45.5905463153249,0.397306595926103,0.253911608396499,2024.76370883761,2024.90710382514,SRR36617643|A/trumpeter_swan/MT/24-037728-001/2024|H5N1|USA-MT|Big_Horn|2024-11-28|wild_avian|D1.1,Central,Central
1122,1123,0.0904891705028865,-103.464417663949,36.2622634457385,-106.10946090948,34.9021191654765,0.398874601308987,0.308385430806101,2024.81818266002,2024.90867183052,NA,Atlantic,Atlantic
1198,1199,0.00535051899849392,-76.5275889467402,42.7728908218012,-78.4482898970777,42.0559629586048,0.399269254104814,0.39391873510632,2024.90371596432,2024.90906648332,NA,Atlantic,Atlantic
1014,1015,0.0657131332348908,-76.9146065592243,36.7172395277494,-77.6883049870173,38.1392586355506,0.399340545878852,0.333627412643961,2024.84342464185,2024.90913777509,NA,Atlantic,Atlantic
1327,1328,0.0980634190304008,-97.8703896654984,39.1372917597591,-98.7406525587603,39.3631441956219,0.399705478755658,0.301642059725257,2024.81143928894,2024.90950270797,NA,Mississippi,Mississippi
1279,168,0.107965262118056,-105.42243502855,32.3889389232325,-97.0638882672032,41.7789918301399,0.400038836363229,0.292073574245174,2024.80187080346,2024.90983606557,SRR34491401|A/mallard/IA/24-036924-003/2024|H5N1|USA-IA|Marion|2024-11-29|wild_avian|D1.1,Atlantic,Mississippi
841,842,0.0338250099141566,-113.021187138022,33.2803951609593,-116.847903815949,36.4103646296099,0.402840250737352,0.369015240823195,2024.87881247003,2024.91263747995,NA,Central,Central
773,774,0.0213613377124244,-114.77729615196,35.152038517888,-114.514396625382,35.6201624611422,0.403293272976251,0.381931935263826,2024.89172916447,2024.91309050219,NA,Central,Central
1265,185,0.193564245899145,-100.953136346525,34.651446413672,-101.202308752369,34.1208024542146,0.405503317237709,0.211939071338564,2024.72173630055,2024.91530054645,SRR34491391|A/green_winged_teal/TN/24-036998-013/2024|H5N1|USA-TN|Obion|2024-12-01|wild_avian|D1.1,Mississippi,Mississippi
1075,526,0.150328265766952,-101.088294805901,47.801817517968,-97.351240766534,45.8511211658228,0.405503317237709,0.255175051470757,2024.76497228068,2024.91530054645,SRR34491394|A/snow_goose/AR/24-035819-001/2024|H5N1|USA-AR|Prairie|2024-12-01|wild_avian|D1.1,Central,Mississippi
1046,1049,0.110458739217672,-83.7339213531748,34.2880678308703,-82.5930697419711,36.9507725448141,0.406124272582599,0.295665533364927,2024.80546276258,2024.91592150179,NA,Atlantic,Atlantic
1049,1050,0.00165282537484934,-82.5930697419711,36.9507725448141,-82.6464336068829,36.8783659247838,0.407777097957448,0.406124272582599,2024.91592150179,2024.91757432717,NA,Atlantic,Atlantic
722,665,0.174432442530046,-105.552185000002,44.3080789269733,-112.567410699176,34.9484168996527,0.408235557674835,0.233803115144789,2024.74360034436,2024.91803278689,SRR36617866|A/trumpeter_swan/MI/24-036239-001/2024|H5N1|USA-MI|Eaton|2024-12-02|wild_avian|D1.1,Central,Mississippi
1322,146,0.0957462129865188,-110.044477274483,41.05682190503,-115.003070501576,37.4845389345029,0.408235557674835,0.312489344688317,2024.8222865739,2024.91803278689,SRR34491382|A/snow_goose/KS/24-036679-005/2024|H5N1|USA-KS|Montgomery|2024-12-02|wild_avian|D1.1,Mississippi,Central
1334,1335,0.0496964288564103,-106.018000521145,32.222289358304,-104.434471299988,30.5380156095214,0.408466747621866,0.358770318765455,2024.86856754798,2024.91826397683,NA,Mississippi,Mississippi
1270,1271,0.0365828272750286,-110.343690593875,37.4424882165055,-113.925644229756,46.2692151894282,0.410293163869353,0.373710336594324,2024.8835075658,2024.92009039308,NA,Atlantic,Atlantic
1099,240,0.255668057397015,-108.379387146217,46.2191112986323,-109.279033447765,40.1083292764221,0.410967798111961,0.155299740714947,2024.66509696993,2024.92076502732,SRR36628227|A/canada_goose/UT/24-036341-001/2024|H5N1|USA-UT|Davis|2024-12-03|wild_avian|D1.1,Pacific,Pacific
688,270,0.21761212379869,-107.980467007655,42.1241862676525,-109.860678315324,44.2270787255404,0.410967798111961,0.193355674313271,2024.70315290352,2024.92076502732,SRR36628224|A/mallard_duck/MT/24-036921-002/2024|H5N1|USA-MT|Big_Horn|2024-12-03|wild_avian|D1.1,Central,Central
1340,262,0.197105931348678,-113.248434386384,47.5650434231489,-113.372860189779,47.5881383177038,0.410967798111961,0.213861866763283,2024.72365909597,2024.92076502732,SRR34491344|A/owl/UT/24-036341-002/2024|H5N1|USA-UT|Box_Elder|2024-12-03|wild_avian|D1.1,Pacific,Pacific
1123,1124,0.0138482477966055,-106.10946090948,34.9021191654765,-106.024511413322,36.8318934003565,0.412722849105593,0.398874601308987,2024.90867183052,2024.92252007832,NA,Atlantic,Atlantic
1148,47,0.198838742552906,-110.824582605523,35.8391921327158,-112.653245302182,47.747276944445,0.413700038549088,0.214861295996182,2024.72465852521,2024.92349726776,SRR34491531|A/snow_goose/KY/24-036682-002/2024|H5N1|USA-KY|Henderson|2024-12-04|wild_avian|D1.1,Central,Mississippi
1355,245,0.191775937104693,-109.724490700809,40.5969266494835,-119.327938202901,44.5402373238365,0.413700038549088,0.221924101444394,2024.73172133065,2024.92349726776,SRR36617418|A/harris_hawk/AZ/24-038176-001/2024|H5N1|USA-AZ|Maricopa|2024-12-04|wild_avian|D1.1,Pacific,Pacific
710,625,0.183565386386213,-113.325650622302,46.6644391189434,-119.341420663684,38.0197932020034,0.413700038549088,0.230134652162875,2024.73993188137,2024.92349726776,SRR34491526|A/snow_goose/SD/24-036845-001/2024|H5N1|USA-SD|Spink|2024-12-04|wild_avian|D1.1,Central,Central
1015,1023,0.0160813328281457,-77.6883049870173,38.1392586355506,-77.499789026777,37.8691152804513,0.415421878706998,0.399340545878852,2024.90913777509,2024.92521910792,NA,Atlantic,Atlantic
1079,521,0.112418396803846,-98.2612331607477,48.0421470265313,-102.62097220667,44.3626856357456,0.416432278986214,0.304013882182368,2024.81381111139,2024.9262295082,SRR34491514|A/snow_goose/LA/24-036681-005/2024|H5N1|USA-LA|Cameron|2024-12-05|wild_avian|D1.1,Mississippi,Mississippi
755,677,0.108472261434793,-119.881997301195,46.2491788576191,-106.18690747504,40.9343427349091,0.416432278986214,0.307960017551421,2024.81775724676,2024.9262295082,SRR34491517|A/snow_goose/LA/24-036681-003/2024|H5N1|USA-LA|Cameron|2024-12-05|wild_avian|D1.1,Central,Mississippi
716,672,0.105562179186717,-113.798668565803,46.4658993439568,-121.609735263908,39.3104118350181,0.416432278986214,0.310870099799497,2024.82066732901,2024.9262295082,SRR36617838|A/western_gull/CA/24-036784-001/2024|H5N1|USA-CA|Los_Angeles|2024-12-05|wild_avian|D1.1,Pacific,Pacific
1210,1211,0.0264187753906912,-86.1861521871481,38.8697085135602,-87.6281495254,39.6375826656021,0.417246293963293,0.390827518572602,2024.90062474778,2024.92704352317,NA,Atlantic,Atlantic
1008,561,0.166063544980637,-108.6389344412,45.6544349239907,-102.757739143124,42.3645907602546,0.41916451942334,0.253100974442703,2024.76289820365,2024.92896174863,SRR36628213|A/mallard_duck/MT/24-037783-006/2024|H5N1|USA-MT|Big_Horn|2024-12-06|wild_avian|D1.1,Central,Central
740,635,0.114699809691534,-97.0965417079166,47.3956411207974,-91.3206500554126,46.7894654509529,0.41916451942334,0.304464709731806,2024.81426193894,2024.92896174863,SRR36617835|A/snow_goose/MS/24-036916-001/2024|H5N1|USA-MS|Washington|2024-12-06|wild_avian|D1.1,Mississippi,Mississippi
1071,540,0.0390312178143393,-96.7581862357247,35.8356698464539,-95.9177576265003,36.6264774565125,0.41916451942334,0.380133301609001,2024.88993053082,2024.92896174863,SRR34491436|A/snow_goose/IN/24-037289-004/2024|H5N1|USA-IN|Gibson|2024-12-06|wild_avian|D1.1,Mississippi,Mississippi
1211,1212,0.00256882148291293,-87.6281495254,39.6375826656021,-87.7766990780578,39.0808948850169,0.419815115446206,0.417246293963293,2024.92704352317,2024.92961234466,NA,Atlantic,Atlantic
958,589,0.075560886028974,-107.600475249134,44.8111648549781,-106.732481239365,43.7516369429601,0.421896759860466,0.346335873831492,2024.85613310304,2024.93169398907,SRR36628218|A/green_winged_teal/FL/24-037597-021/2024|H5N1|USA-FL|St_Johns|2024-12-07|wild_avian|D1.1,Atlantic,Atlantic
1282,159,0.0493293687406959,-96.6282310629805,35.1349019815945,-98.7226426520358,35.0591147677554,0.421896759860466,0.37256739111977,2024.88236462033,2024.93169398907,SRR36617819|A/tundra_swan/WI/24-037346-003/2024|H5N1|USA-WI|Dane|2024-12-07|wild_avian|D1.1,Mississippi,Mississippi
1056,548,0.117678476215071,-104.866783269174,47.652713895734,-109.057121815738,46.6029063870744,0.42462900029782,0.306950524082749,2024.81674775329,2024.93442622951,SRR31820756|A/chicken/OK/24-036668-002-original/2024|H5N1|USA-OK|Unknown|2024-12-08|domestic_avian|D1.1,Central,Central
1231,233,0.247312306994649,-101.419263358121,33.0678717156732,-92.1103666383422,40.8570455801878,0.427361240734946,0.180048933740297,2024.68984616295,2024.93715846995,SRR34491427|A/great_horned_owl/NE/24-036852-002/2024|H5N1|USA-NE|Douglas|2024-12-09|wild_avian|D1.1,Mississippi,Central
1073,520,0.21169704522409,-104.167783843704,48.0199903616032,-110.756433762192,42.6574898398957,0.427361240734946,0.215664195510855,2024.72546142472,2024.93715846995,SRR36628220|A/american_wigeon/IL/24-037535-005/2024|H5N1|USA-IL|Fulton|2024-12-09|wild_avian|D1.1,Central,Mississippi
993,563,0.177847571817479,-110.710217996525,44.0702686062495,-90.9438271914544,46.9839076035791,0.427361240734946,0.249513668917467,2024.75931089813,2024.93715846995,SRR36617246|A/snow_goose/IN/24-037868-001/2024|H5N1|USA-IN|Lake|2024-12-09|wild_avian|D1.1,Pacific,Mississippi
1289,181,0.176319654885275,-99.2384863247039,33.37746908274,-104.592033290283,32.5112186253156,0.427361240734946,0.251041585849671,2024.76083881506,2024.93715846995,SRR36617445|A/wild_duck/MS/24-037653-002/2024|H5N1|USA-MS|Tallahatchie|2024-12-09|wild_avian|D1.1,Mississippi,Mississippi
1084,550,0.157527377230169,-102.473765289012,44.1563305086349,-111.991652380206,33.941575668658,0.427361240734946,0.269833863504777,2024.77963109272,2024.93715846995,SRR36617634|A/snow_goose/OR/24-037761-001/2024|H5N1|USA-OR|Union|2024-12-09|wild_avian|D1.1,Central,Pacific
1199,1200,0.0294213548226555,-78.4482898970777,42.0559629586048,-78.1212788234417,42.3308697587348,0.42869060892747,0.399269254104814,2024.90906648332,2024.93848783814,NA,Atlantic,Atlantic
723,666,0.17886716330924,-110.443058993976,42.368497171092,-104.740419928825,39.4446117932654,0.430093481172072,0.251226317862832,2024.76102354707,2024.93989071038,SRR34491425|A/canada_goose/MN/24-037100-001/2024|H5N1|USA-MN|Murray|2024-12-10|wild_avian|D1.1,Mississippi,Mississippi
1293,189,0.173688309380572,-106.351300869838,41.7332601251044,-106.301574582646,45.4767987206109,0.430093481172072,0.2564051717915,2024.766202401,2024.93989071038,SRR34491424|A/blue_jay/IA/24-037140-001/2024|H5N1|USA-IA|Cerro_Gordo|2024-12-10|wild_avian|D1.1,Mississippi,Mississippi
1068,542,0.139866304421573,-97.0744709569289,42.6348300715526,-103.167103174112,42.1363781122271,0.430093481172072,0.290227176750499,2024.80002440596,2024.93989071038,SRR36617433|A/snow_goose/IA/24-037657-004/2024|H5N1|USA-IA|Woodbury|2024-12-10|wild_avian|D1.1,Mississippi,Mississippi
1115,31,0.123980789950855,-102.573044773597,44.4042955557559,-102.871786032668,45.0231008000032,0.430093481172072,0.306112691221217,2024.81590992043,2024.93989071038,SRR33508721|A/snow_goose/ID/24-037540-001/2024|H5N1|USA-ID|Canyon|2024-12-10|wild_avian|D1.1,Pacific,Pacific
1243,129,0.110207194282542,-111.161403538792,35.477131417579,-110.887294527242,35.3272771231438,0.430093481172072,0.31988628688953,2024.8296835161,2024.93989071038,SRR36617403|A/canada_goose/MN/24-038291-006/2024|H5N1|USA-MN|Ramsey|2024-12-10|wild_avian|D1.1,Mississippi,Mississippi
1116,29,0.0897250880618308,-105.12515773409,44.5282141656354,-116.628229441209,42.8759459513442,0.430093481172072,0.340368393110241,2024.85016562232,2024.93989071038,SRR36617816|A/red_tailed_hawk/CO/24-037418-001/2024|H5N1|USA-CO|Weld|2024-12-10|wild_avian|D1.1,Pacific,Central
724,726,0.0838543731521555,-105.763967884795,39.9869887528932,-105.266679936879,40.1173554399498,0.43155716832229,0.347702795170135,2024.85750002438,2024.94135439753,NA,Central,Central
1083,552,0.213134756744955,-105.523072302506,47.0813778534195,-97.4669800840353,39.4084585144741,0.432825721609198,0.219690964864243,2024.72948819407,2024.94262295082,SRR36617233|A/mallard_duck/AR/24-037952-006/2024|H5N1|USA-AR|Prairie|2024-12-11|wild_avian|D1.1,Central,Mississippi
831,832,0.0627639830632835,-116.374889132791,33.3787701195718,-120.092757721481,35.8850047601791,0.433579264205688,0.370815281142404,2024.88061251035,2024.94337649342,NA,Central,Central
1200,1201,0.00680852179203817,-78.1212788234417,42.3308697587348,-78.8010969792055,42.7212759721529,0.435499130719508,0.42869060892747,2024.93848783814,2024.94529635993,NA,Atlantic,Atlantic
725,668,0.0757097014489008,-106.606735839276,40.1032415041374,-103.161235567114,42.1195023169165,0.435557962046324,0.359848260597424,2024.86964548981,2024.94535519126,SRR36617797|A/snow_goose/KS/24-038036-002/2024|H5N1|USA-KS|Mitchell|2024-12-12|wild_avian|D1.1,Central,Central
1270,174,0.0618476254520002,-110.343690593875,37.4424882165055,-108.336473794824,39.9531860340005,0.435557962046324,0.373710336594324,2024.8835075658,2024.94535519126,SRR36617408|A/bald_eagle/GA/24-038226-003/2024|H5N1|USA-GA|Glynn|2024-12-12|wild_avian|D1.1,Atlantic,Atlantic
738,638,0.0657647165748769,-105.187073926444,47.3433512313364,-94.9263523645088,39.9389910128386,0.438290202483451,0.372525485908574,2024.88232271512,2024.94808743169,SRR31885765|A/Guineafowl/AL/24-037980-001-original/2024|H5N1|USA-AL|Unknown|2024-12-13|domestic_avian|D1.1,Mississippi,Mississippi
1180,1181,0.0823569482695429,-68.6724073553199,44.6037983430823,-68.7843526744451,45.0073469114691,0.43914812560993,0.356791177340387,2024.86658840655,2024.94894535482,NA,Atlantic,Atlantic
1152,1153,0.182246747365657,-84.8029365328113,39.2528597982798,-87.6006522992355,37.1749806086885,0.439841938869387,0.25759519150373,2024.76739242071,2024.94963916808,NA,Atlantic,Atlantic
767,768,0.0774561226426401,-113.386060397149,43.3544260802495,-115.269210484217,39.2558070542296,0.439934077086667,0.362477954444026,2024.87227518365,2024.9497313063,NA,Central,Central
698,280,0.354935362716301,-116.349691349355,46.7210836342771,-108.478102273628,46.4280726497463,0.441022442920577,0.0860870802042761,2024.59588430941,2024.95081967213,SRR36617585|A/canvasback_duck/WA/24-038667-005/2024|H5N1|USA-WA|Walla_Walla|2024-12-14|wild_avian|D1.1,Pacific,Pacific
967,587,0.190610036284245,-112.973071555501,48.6319754315197,-99.3053368521425,41.7864976788724,0.441022442920577,0.250412406636332,2024.76020963585,2024.95081967213,SRR36617600|A/gadwall/TX/24-038543-056/2024|H5N1|USA-TX|Jefferson|2024-12-14|wild_avian|D1.1,Central,Central
1333,226,0.095194155571563,-105.26941860642,33.4686792402203,-105.914293286155,33.4564732582376,0.441022442920577,0.345828287349014,2024.85562551656,2024.95081967213,SRR36617800|A/canada_goose/OH/24-038006-001/2024|H5N1|USA-OH|Mercer|2024-12-14|wild_avian|D1.1,Mississippi,Mississippi
726,669,0.00946527459828639,-105.266679936879,40.1173554399498,-114.150447421127,48.721386082502,0.441022442920577,0.43155716832229,2024.94135439753,2024.95081967213,SRR36617765|A/ring_necked_duck/KY/24-038721-028/2024|H5N1|USA-KY|Ballard|2024-12-14|wild_avian|D1.1,Central,Mississippi
1014,302,0.112859511151095,-76.9146065592243,36.7172395277494,-77.4435450525085,35.3850680039532,0.446486923795056,0.333627412643961,2024.84342464185,2024.95628415301,SRR36617384|A/snow_goose/NC/24-038497-002/2024|H5N1|USA-NC|Hyde|2024-12-16|wild_avian|D1.1,Atlantic,Atlantic
1116,30,0.106118530684815,-105.12515773409,44.5282141656354,-104.836124792702,43.7411968430176,0.446486923795056,0.340368393110241,2024.85016562232,2024.95628415301,SRR36617414|A/snow_goose/ID/24-038179-001/2024|H5N1|USA-ID|Owyhee|2024-12-16|wild_avian|D1.1,Pacific,Pacific
1055,546,0.234607814147913,-105.64360799297,46.71539628496,-119.441221965058,46.9975945164216,0.449219164232183,0.21461135008427,2024.72440857929,2024.95901639344,SRR36617967|A/gadwall/NV/24-039032-002/2024|H5N1|USA-NV|Elko|2024-12-17|wild_avian|D1.1,Central,Pacific
1352,257,0.224967062471015,-113.132885109098,48.2514961575533,-109.730322548154,46.8725640280941,0.449219164232183,0.224252101761168,2024.73404933097,2024.95901639344,SRR36617969|A/mallard_duck/NV/24-039032-001/2024|H5N1|USA-NV|Elko|2024-12-17|wild_avian|D1.1,Pacific,Pacific
957,592,0.211625629156474,-95.5211360295546,38.1953221402951,-97.3016729095317,38.5875063408862,0.449219164232183,0.237593535075708,2024.74739076429,2024.95901639344,SRR36618001|A/Muscovy_duck/TX/24-038475-001/2024|H5N1|USA-TX|Harris|2024-12-17|wild_avian|D1.1,Central,Central
1243,130,0.129332877342652,-111.161403538792,35.477131417579,-111.664518171149,35.766039082295,0.449219164232183,0.31988628688953,2024.8296835161,2024.95901639344,SRR36617307|A/canada_goose/WI/25-001449-006/2024|H5N1|USA-WI|St_Croix|2024-12-17|wild_avian|D1.1,Mississippi,Mississippi
713,632,0.16218702248205,-109.520143837635,34.1188873788675,-110.3750875777,34.155826173898,0.451951404669309,0.289764382187259,2024.7995616114,2024.96174863388,SRR36617748|A/canada_goose/MO/24-038745-013/2024|H5N1|USA-MO|St_Charles|2024-12-18|wild_avian|D1.1,Mississippi,Mississippi
1327,224,0.150309344944052,-97.8703896654984,39.1372917597591,-97.972598745623,39.9515676057571,0.451951404669309,0.301642059725257,2024.81143928894,2024.96174863388,SRR36617388|A/trumpeter_swan/IL/24-038496-001/2024|H5N1|USA-IL|Pike|2024-12-18|wild_avian|D1.1,Mississippi,Mississippi
726,670,0.0203942363470184,-105.266679936879,40.1173554399498,-110.508195009426,38.2997687458537,0.451951404669309,0.43155716832229,2024.94135439753,2024.96174863388,SRR36617758|A/mallard_duck/MO/24-038745-003/2024|H5N1|USA-MO|Nodaway|2024-12-18|wild_avian|D1.1,Central,Mississippi
1215,1216,0.16832441981205,-86.2383034759878,39.3597742320456,-84.5502038113885,39.3903843163313,0.453371943577387,0.285047523765337,2024.79484475298,2024.96316917279,NA,Atlantic,Atlantic
1353,255,0.205510276438589,-112.499544958792,47.7880871665412,-118.966506346971,40.0812474390441,0.454683645106435,0.249173368667846,2024.75897059788,2024.96448087432,SRR36628748|A/mallard_duck/AZ/25-000743-025/2024|H5N1|USA-AZ|La_Paz|2024-12-19|wild_avian|D1.1,Pacific,Pacific
1338,248,0.205013773434271,-114.06316417492,48.4846165640624,-74.5955288144824,41.2870705106929,0.454683645106435,0.249669871672164,2024.75946710088,2024.96448087432,SRR36617986|A/green_winged_teal/VA/24-038857-002/2024|H5N1|USA-VA|Virginia_Beach|2024-12-19|wild_avian|D1.1,Pacific,Atlantic
1051,331,0.152211389174384,-85.1581080425701,35.1196958439758,-82.3164837887904,37.912326103874,0.454683645106435,0.302472255932051,2024.81226948514,2024.96448087432,SRR36617982|A/wood_duck/VA/24-038859-013/2024|H5N1|USA-VA|Henrico|2024-12-19|wild_avian|D1.1,Atlantic,Atlantic
1118,24,0.12813552395855,-114.177447496303,41.344156806811,-100.048335702048,48.3948133777683,0.454683645106435,0.326548121147884,2024.83634535036,2024.96448087432,SRR36617586|A/canada_goose/WY/24-038662-001/2024|H5N1|USA-WY|Big_Horn|2024-12-19|wild_avian|D1.1,Mississippi,Central
1206,119,0.102733921315854,-91.2576248828317,37.4919477354693,-89.8998747821333,38.8832372244006,0.454683645106435,0.35194972379058,2024.861746953,2024.96448087432,SRR31959989|A/chicken/VT/24-038443-001-original/2024|H5N1|USA-VT|Unknown|2024-12-19|domestic_avian|D1.1,Atlantic,Atlantic
1145,40,0.0989564540998651,-94.7114274004378,44.3182638374501,-86.5791171537567,37.657148014183,0.454683645106435,0.35572719100657,2024.86552442022,2024.96448087432,SRR36617304|A/bald_eagle/GA/25-001590-001/2024|H5N1|USA-GA|Fulton|2024-12-19|wild_avian|D1.1,Mississippi,Atlantic
1354,246,0.242890032523025,-109.619166717764,40.2848252790784,-115.985326108562,39.9045861010854,0.457415885543561,0.214525853020537,2024.72432308223,2024.96721311475,SRR36617580|A/mallard_duck/WA/25-000523-001/2024|H5N1|USA-WA|Grant|2024-12-20|wild_avian|D1.1,Pacific,Pacific
1125,23,0.166279255842164,-104.35649412877,34.2921473885868,-108.641556489781,33.5664934892537,0.457415885543561,0.291136629701397,2024.80093385891,2024.96721311475,SRR36617991|A/Peregrine_falcon/NY/24-038845-001/2024|H5N1|USA-NY|Cortland|2024-12-20|wild_avian|D1.1,Atlantic,Atlantic
1197,49,0.0973345943737993,-75.1043439029365,42.3134694674932,-74.4508791492797,43.4919425598109,0.457415885543561,0.360081291169762,2024.86987852038,2024.96721311475,SRR36617989|A/cooper_s_hawk/NY/24-038846-001/2024|H5N1|USA-NY|Cayuga|2024-12-20|wild_avian|D1.1,Atlantic,Atlantic
1271,1273,0.0474133224628958,-113.925644229756,46.2692151894282,-109.970447088404,39.3883933738797,0.457706486332249,0.410293163869353,2024.92009039308,2024.96750371554,NA,Atlantic,Mississippi
976,978,0.213269056870017,-110.782479715238,46.0102436416196,-104.864946364909,43.6884116557891,0.45874267953308,0.245473622663063,2024.75527085187,2024.96853990874,NA,Pacific,Pacific
992,562,0.226864530765297,-112.252082363453,43.2718052470599,-102.784618590743,44.2351469537618,0.460148125980687,0.23328359521539,2024.74308082443,2024.96994535519,SRR36628199|A/wild_goose/NE/24-038832-001/2024|H5N1|USA-NE|Douglas|2024-12-21|wild_avian|D1.1,Central,Central
716,673,0.15474250705567,-113.798668565803,46.4658993439568,-105.910832586473,37.9102207634302,0.465612606855167,0.310870099799497,2024.82066732901,2024.97540983607,SRR36617878|A/western_gull/CA/25-004506-003/2024|H5N1|USA-CA|Monterey|2024-12-23|wild_avian|D1.1,Pacific,Pacific
774,775,0.0624252997612951,-114.514396625382,35.6201624611422,-119.384141414886,36.9283360465982,0.465718572737546,0.403293272976251,2024.91309050219,2024.97551580195,NA,Central,Central
741,637,0.155445989345119,-98.2788991515264,46.074973043033,-90.7764431234098,43.3248077131295,0.468344847292293,0.312898857947175,2024.82269608716,2024.9781420765,SRR36617972|A/canada_goose/SD/24-038946-001/2024|H5N1|USA-SD|Union|2024-12-24|wild_avian|D1.1,Mississippi,Central
832,836,0.0404202225544079,-120.092757721481,35.8850047601791,-117.494890159146,34.6871564657577,0.473999486760096,0.433579264205688,2024.94337649342,2024.98379671597,NA,Central,Central
1279,164,0.187200234795624,-105.42243502855,32.3889389232325,-104.822098455043,35.0746367453192,0.479273809040798,0.292073574245174,2024.80187080346,2024.98907103825,SRR36617711|A/american_wigeon/SC/25-000504-002/2024|H5N1|USA-SC|Colleton|2024-12-28|wild_avian|D1.1,Atlantic,Atlantic
1009,559,0.129767186786816,-109.358946819634,46.3166449095106,-108.889432124452,46.5606120785167,0.479273809040798,0.349506622253982,2024.85930385146,2024.98907103825,SRR36617718|A/snow_goose/CO/25-000365-002/2024|H5N1|USA-CO|Pueblo|2024-12-28|wild_avian|D1.1,Central,Central
1023,300,0.0638519303337999,-77.499789026777,37.8691152804513,-77.7970327835249,37.4167602229485,0.479273809040798,0.415421878706998,2024.92521910792,2024.98907103825,SRR36617328|A/snow_goose/NC/25-001068-002/2024|H5N1|USA-NC|Hyde|2024-12-28|wild_avian|D1.1,Atlantic,Atlantic
1229,236,0.391971063258995,-113.799105564608,36.6178903569036,-98.8047390486149,45.4931389865606,0.484738289915277,0.0927672266562827,2024.60256445587,2024.99453551913,SRR36617726|A/canada_goose/OH/25-000228-002/2024|H5N1|USA-OH|Stark|2024-12-30|wild_avian|D1.1,Central,Mississippi
713,633,0.194973907728018,-109.520143837635,34.1188873788675,-107.89865295802,38.7403859049758,0.484738289915277,0.289764382187259,2024.7995616114,2024.99453551913,SRR36617313|A/snow_goose/TN/25-001379-007/2024|H5N1|USA-TN|Humphreys|2024-12-30|wild_avian|D1.1,Mississippi,Mississippi
1160,74,0.0960284016900357,-84.9733287943026,36.1423567897324,-83.3132910067734,37.4912791643596,0.484738289915277,0.388709888225242,2024.89850711744,2024.99453551913,SRR36617737|A/lesser_snow_goose/PA/25-000169-003/2024|H5N1|USA-PA|Lehigh|2024-12-30|wild_avian|D1.1,Atlantic,Atlantic
1199,54,0.0854690358104631,-78.4482898970777,42.0559629586048,-77.9826872603315,41.8977980044377,0.484738289915277,0.399269254104814,2024.90906648332,2024.99453551913,SRR36628766|A/lesser_snow_goose/PA/25-000167-005/2024|H5N1|USA-PA|Northampton|2024-12-30|wild_avian|D1.1,Atlantic,Atlantic
1284,161,0.196241917872866,-104.932814378102,37.1735756051757,-113.1654862899,34.789533383944,0.487470530352404,0.291228612479538,2024.80102584169,2024.99726775956,SRR32006892|A/chicken/WV/25-000049-006-original/2024|H5N1|USA-WV|Unknown|2024-12-31|domestic_avian|D1.1,Mississippi,Atlantic
1201,52,0.0519713996328955,-78.8010969792055,42.7212759721529,-76.5983715493834,42.1497193372757,0.487470530352404,0.435499130719508,2024.94529635993,2024.99726775956,SRR36617326|A/snow_goose/MA/25-001222-001/2024|H5N1|USA-MA|Dorchester|2024-12-31|wild_avian|D1.1,Atlantic,Atlantic
978,979,0.0295950159000621,-104.864946364909,43.6884116557891,-109.742726994443,47.3370178068466,0.488337695433142,0.45874267953308,2024.96853990874,2024.99813492464,NA,Pacific,Pacific
686,268,0.278500360542434,-94.1698663579727,30.1840282589323,-94.3696266748481,36.4686138537946,0.492942496816887,0.214442136274454,2024.72423936548,2025.00273972603,SRR32416368|A/Canada_Goose/TN/25-003129-001-original/2025|H5N1|USA-TN|Unknown|2025-01-02|wild_avian|D1.1,Mississippi,Mississippi
1321,147,0.255490863757354,-103.526110532223,40.5064821101564,-108.692319108003,41.7808244261728,0.492942496816887,0.237451633059533,2024.74724886227,2025.00273972603,SRR32226683|A/Canada_Goose/IL/25-000616-010/2025|H5N1|USA-IL|Cook|2025-01-02|wild_avian|D1.1,Mississippi,Mississippi
1070,539,0.201236699004034,-98.1386023269061,40.7679906621289,-99.1807699356958,40.3125113078726,0.492942496816887,0.291705797812853,2024.80150302702,2025.00273972603,SRR32226691|A/Canada_Goose/IL/25-000616-002/2025|H5N1|USA-IL|Cook|2025-01-02|wild_avian|D1.1,Mississippi,Mississippi
1322,145,0.180453152128571,-110.044477274483,41.05682190503,-107.798646271238,44.4482881242531,0.492942496816887,0.312489344688317,2024.8222865739,2025.00273972603,SRR32254443|A/snow_goose/AL/25-001388-002/2025|H5N1|USA-AL|Limestone|2025-01-02|wild_avian|D1.1,Mississippi,Mississippi
1047,327,0.164256188331045,-83.9807669359637,33.1542912608464,-81.3317586312526,36.9026805616252,0.492942496816887,0.328686308485842,2024.8384835377,2025.00273972603,SRR32254425|A/bald_eagle/SC/25-000782-001/2025|H5N1|USA-SC|Charleston|2025-01-02|wild_avian|D1.1,Atlantic,Atlantic
1206,120,0.140992773026307,-91.2576248828317,37.4919477354693,-87.2493143420534,38.961108721002,0.492942496816887,0.35194972379058,2024.861746953,2025.00273972603,SRR32006864|A/chicken/DE/25-000201-001-original/2025|H5N1|USA-DE|Unknown|2025-01-02|domestic_avian|D1.1,Atlantic,Atlantic
737,643,0.132755036389012,-101.157865986221,46.6511039606298,-100.983380617391,47.4267761740215,0.492942496816887,0.360187460427875,2024.86998468964,2025.00273972603,SRR36617578|A/red_tailed_hawk/IA/25-000527-002/2024|H5N1|USA-IA|Polk|2025-01-02|wild_avian|D1.1,Mississippi,Mississippi
1217,101,0.116472531909758,-86.772994514774,37.7005985286468,-87.4217346036333,37.8644276039792,0.492942496816887,0.376469964907129,2024.88626719412,2025.00273972603,SRR32254418|A/canada_goose/RI/25-001721-001/2025|H5N1|USA-RI|Newport|2025-01-02|wild_avian|D1.1,Atlantic,Atlantic
1049,324,0.0868182242342883,-82.5930697419711,36.9507725448141,-84.2950375231693,38.0380334145427,0.492942496816887,0.406124272582599,2024.91592150179,2025.00273972603,SRR32868825|A/Canada_Goose/WV/25-001893-003-original/2025|H5N1|USA-WV|Unknown|2025-01-02|wild_avian|D1.1,Atlantic,Atlantic
1201,51,0.0574433660973791,-78.8010969792055,42.7212759721529,-78.1607360283214,41.9914680081715,0.492942496816887,0.435499130719508,2024.94529635993,2025.00273972603,SRR32254446|A/red_tailed_hawk/PA/25-001322-001/2025|H5N1|USA-PA|Northampton|2025-01-02|wild_avian|D1.1,Atlantic,Atlantic
1139,1140,0.113137564221725,-93.7477445372268,40.948822454296,-92.8873672956415,36.120585425288,0.493172366028232,0.380034801806507,2024.88983203102,2025.00296959524,NA,Mississippi,Mississippi
1087,567,0.24469556931913,-109.878466584405,46.7437051090741,-116.77517810373,43.7322990455391,0.495682222844245,0.250986653525115,2024.76078388274,2025.00547945205,SRR32254439|A/snow_goose/NM/25-001448-001/2025|H5N1|USA-NM|Socorro|2025-01-03|wild_avian|D1.1,Central,Central
1196,53,0.13598089163085,-75.1673533229057,42.1702469608023,-75.5636725809306,43.7353502834179,0.495682222844245,0.359701331213395,2024.86949856042,2025.00547945205,SRR32254501|A/snow_goose/NJ/25-000806-001/2025|H5N1|USA-NJ|Morris|2025-01-03|wild_avian|D1.1,Atlantic,Atlantic
1140,1141,0.00791608041051506,-92.8873672956415,36.120585425288,-89.7714349222,35.4114672855358,0.501088446438747,0.493172366028232,2025.00296959524,2025.01088567565,NA,Mississippi,Mississippi
712,631,0.273656686260785,-109.28398399895,31.8548228336351,-109.136156684342,33.4927222561219,0.501161674899187,0.227504988638402,2024.73730221785,2025.01095890411,SRR32226692|A/Great_Horned_Owl/IA/25-000440-001/2025|H5N1|USA-IA|Polk|2025-01-05|wild_avian|D1.1,Mississippi,Mississippi
1004,598,0.159501322802442,-106.735974682192,36.9430903164761,-101.235634383977,35.5557470681981,0.501161674899187,0.341660352096745,2024.85145758131,2025.01095890411,SRR32125546|A/chicken/OR/25-000540-001-original/2025|H5N1|USA-OR|Unknown|2025-01-05|domestic_avian|D1.1,Pacific,Pacific
1182,93,0.140305864790907,-68.9394837852327,44.924070102439,-67.7937058778765,45.6533338887888,0.501161674899187,0.36085581010828,2024.87065303932,2025.01095890411,SRR32512599|A/canada_goose/ME/25-003295-001/2025|H5N1|USA-ME|York|2025-01-05|wild_avian|D1.1,Atlantic,Atlantic
1200,50,0.0724710659717168,-78.1212788234417,42.3308697587348,-78.0518426240036,42.4898247486577,0.501161674899187,0.42869060892747,2024.93848783814,2025.01095890411,SRR32254496|A/snow_goose/NJ/25-000810-002/2025|H5N1|USA-NJ|Warren|2025-01-05|wild_avian|D1.1,Atlantic,Atlantic
847,848,0.118713459020936,-111.099446218425,32.8731310836635,-115.20725363023,33.2330473549976,0.501531109575034,0.382817650554099,2024.89261487976,2025.01132833879,NA,Central,Central
707,628,0.222549354018064,-115.329766969192,43.8362244816326,-110.075548482853,43.3521738283196,0.503901400926544,0.28135204690848,2024.79114927612,2025.01369863014,SRR32254472|A/red_tailed_hawk/ID/25-001246-001/2025|H5N1|USA-ID|Unknown|2025-01-06|wild_avian|D1.1,Pacific,Pacific
1183,99,0.218743141065682,-72.847054472217,44.2821104256572,-73.4949475558579,43.0842622928246,0.503901400926544,0.285158259860862,2024.79495548907,2025.01369863014,SRR32254487|A/canada_goose/NY/25-000858-002/2025|H5N1|USA-NY|Saratoga|2025-01-06|wild_avian|D1.1,Atlantic,Atlantic
1276,163,0.160503130964235,-103.852759621109,32.3249079700465,-103.30955955526,30.0021292639639,0.503901400926544,0.343398269962309,2024.85319549917,2025.01369863014,SRR32125549|A/chicken/GA/25-000538-001-original/2025|H5N1|USA-GA|Unknown|2025-01-06|domestic_avian|D1.1,Atlantic,Atlantic
1239,135,0.146002674904884,-117.731058328019,38.5541769681076,-118.653721064235,38.9699025629176,0.503901400926544,0.35789872602166,2024.86769595523,2025.01369863014,SRR32254451|A/red_tailed_hawk/WI/25-001295-001/2025|H5N1|USA-WI|Columbia|2025-01-06|wild_avian|D1.1,Mississippi,Mississippi
1114,27,0.130368349020755,-103.070135103047,45.3740962655671,-103.055701968605,45.3726474049963,0.503901400926544,0.37353305190579,2024.88333028112,2025.01369863014,SRR32125547|A/chicken/ID/25-000539-001-original/2025|H5N1|USA-ID|Unknown|2025-01-06|domestic_avian|D1.1,Pacific,Pacific
996,997,0.259053256801962,-102.924764798395,45.7806662276291,-107.75124636101,41.8968737216458,0.506287676547329,0.247234419745367,2024.75703164896,2025.01608490576,NA,Pacific,Pacific
729,663,0.232094214171414,-102.95491801351,46.4225893846437,-103.93177814521,43.7795618449465,0.506641126953902,0.274546912782488,2024.78434414199,2025.01643835616,SRR32416436|A/mallard/LA/25-001905-003/2025|H5N1|USA-LA|Richland|2025-01-07|wild_avian|D1.1,Mississippi,Mississippi
768,337,0.066707049867235,-115.269210484217,39.2558070542296,-115.511795020538,39.8127089488001,0.506641126953902,0.439934077086667,2024.9497313063,2025.01643835616,SRR32254489|A/cackling_goose/CO/25-000848-001/2025|H5N1|USA-CO|Weld|2025-01-07|wild_avian|D1.1,Central,Central
997,998,0.00256334866949826,-107.75124636101,41.8968737216458,-107.003762525219,41.4034747994344,0.508851025216827,0.506287676547329,2025.01608490576,2025.01864825443,NA,Pacific,Pacific
1141,1142,0.00813284912661361,-89.7714349222,35.4114672855358,-89.6823086935362,35.7650615472947,0.509221295565361,0.501088446438747,2025.01088567565,2025.01901852478,NA,Mississippi,Mississippi
1096,281,0.302752629463226,-112.982929394028,44.865707332116,-114.415016797776,40.6841127739411,0.509380852981259,0.206628223518033,2024.71642545273,2025.01917808219,SRR33508711|A/barn_owl/AZ/25-000514-002/2025|H5N1|USA-AZ|Maricopa|2025-01-08|wild_avian|D1.1,Pacific,Pacific
1080,529,0.230386363609736,-104.271238770398,48.3282208437905,-119.662980234693,43.2072768718172,0.509380852981259,0.278994489371523,2024.78879171858,2025.01917808219,SRR32512601|A/american_wigeon/AZ/25-004049-003/2025|H5N1|USA-AZ|Mohave|2025-01-08|wild_avian|D1.1,Central,Pacific
1153,1154,0.0697838915789868,-87.6006522992355,37.1749806086885,-88.4091441784685,37.3726986815047,0.509625830448374,0.439841938869387,2024.94963916808,2025.01942305966,NA,Atlantic,Atlantic
1350,258,0.226984121961689,-104.077287279638,34.3930029856896,-117.561777905412,39.910596133368,0.512120579008616,0.285136457046928,2024.79493368626,2025.02191780822,SRR32254417|A/bald_eagle/AL/25-001791-001/2025|H5N1|USA-AL|Baldwin|2025-01-09|wild_avian|D1.1,Mississippi,Mississippi
738,739,0.142607416655464,-105.187073926444,47.3433512313364,-108.72873910815,41.7008304295607,0.515132902564038,0.372525485908574,2024.88232271512,2025.02493013177,NA,Mississippi,Central
1142,1144,0.00700761977688313,-89.6823086935362,35.7650615472947,-89.7367531193433,35.644478025637,0.516228915342244,0.509221295565361,2025.01901852478,2025.02602614455,NA,Mississippi,Mississippi
832,833,0.0838548874616241,-120.092757721481,35.8850047601791,-121.380037135849,44.2990199273706,0.517434151667312,0.433579264205688,2024.94337649342,2025.02723138088,NA,Central,Mississippi
1126,1127,0.147736433829805,-103.938223257799,33.3948561623575,-102.179373265754,30.8895075221744,0.519771431488808,0.372034997659002,2024.88183222687,2025.0295686607,NA,Atlantic,Mississippi
704,626,0.306247371427757,-115.033652650208,46.1551902155049,-99.4634578189,35.1784709385033,0.520339757090916,0.214092385663159,2024.72388961487,2025.0301369863,SRR33029793|A/Trumpeter_Swan/MN/25-002569-001-original/2025|H5N1|USA-MN|Unknown|2025-01-12|wild_avian|D1.1,Pacific,Mississippi
966,969,0.296130849909786,-112.378449873714,47.584650172069,-118.814080910245,40.0576005469917,0.522765692784671,0.226634842874885,2024.73643207209,2025.032562922,NA,Central,Pacific
1075,1076,0.26765399841246,-101.088294805901,47.801817517968,-93.4024875942546,47.6028730235709,0.522829049883217,0.255175051470757,2024.76497228068,2025.03262627909,NA,Central,Central
1100,239,0.357071967160896,-108.545249511269,45.4238113274948,-81.1361428601284,41.5325149448308,0.523079483118273,0.166007515957377,2024.67580474517,2025.03287671233,SRR32416354|A/American_Woodcock/AR/25-003125-001-original/2025|H5N1|USA-AR|Unknown|2025-01-13|wild_avian|D1.1,Pacific,Mississippi
1152,59,0.265484291614544,-84.8029365328113,39.2528597982798,-88.7024157407888,38.1146163830406,0.523079483118273,0.25759519150373,2024.76739242071,2025.03287671233,SRR32254424|A/mallard/VT/25-001682-021/2025|H5N1|USA-VT|Grand_Isle|2025-01-13|wild_avian|D1.1,Atlantic,Atlantic
1209,123,0.17203866593362,-78.4827622188086,43.1996341479201,-77.5168096122994,43.1581856907585,0.523079483118273,0.351040817184653,2024.8608380464,2025.03287671233,SRR32254429|A/snow_goose/NY/25-001673-001/2025|H5N1|USA-NY|Ontario|2025-01-13|wild_avian|D1.1,Atlantic,Atlantic
1217,102,0.146609518211144,-86.772994514774,37.7005985286468,-85.8774736561662,34.5200437053673,0.523079483118273,0.376469964907129,2024.88626719412,2025.03287671233,SRR32254427|A/mallard/VT/25-001682-012/2025|H5N1|USA-VT|Grand_Isle|2025-01-13|wild_avian|D1.1,Atlantic,Atlantic
1281,157,0.253469187306457,-102.415172365812,33.7502115878739,-89.6375771491979,38.6789157663489,0.525819209145631,0.272350021839173,2024.78214725105,2025.03561643836,SRR33508814|A/lesser_scaup/FL/25-003912-002/2025|H5N1|USA-FL|Indian_River|2025-01-14|wild_avian|D1.1,Mississippi,Atlantic
1258,1261,0.291750153645983,-97.5768723926544,33.2035295617648,-97.3376353695858,32.6787189418193,0.526195503077661,0.234445349431678,2024.74424257864,2025.03599273229,NA,Mississippi,Mississippi
723,664,0.277332617310156,-110.443058993976,42.368497171092,-117.916630339097,44.6183793210782,0.528558935172988,0.251226317862832,2024.76102354707,2025.03835616438,SRR32416380|A/Wood_Duck/MS/25-002206-001-original/2025|H5N1|USA-MS|Unknown|2025-01-15|wild_avian|D1.1,Mississippi,Mississippi
960,289,0.32755553609011,-110.994155125611,45.8126480274683,-109.773174546882,33.4549287732775,0.531298661200573,0.203743125110462,2024.71354035432,2025.04109589041,SRR32653596|A/Weasel/WA/25-002912-001-original-repeat2/2025|H5N1|USA-WA|Unknown|2025-01-16|other_mammal|D1.1,Pacific,Pacific
1225,114,0.213518875810597,-85.4850567314302,40.9423472764133,-85.9904500763438,41.7417925131291,0.531298661200573,0.317779785389975,2024.8275770146,2025.04109589041,SRR32513297|A/red_tailed_hawk/PA/25-003148-002/2025|H5N1|USA-PA|Lehigh|2025-01-16|wild_avian|D1.1,Atlantic,Atlantic
725,667,0.171450400603149,-106.606735839276,40.1032415041374,-109.316424835185,36.9916895877058,0.531298661200573,0.359848260597424,2024.86964548981,2025.04109589041,SRR32513187|A/great_horned_owl/WY/25-002742-001/2025|H5N1|USA-WY|Goshen|2025-01-16|wild_avian|D1.1,Central,Central
739,639,0.0161657586365351,-108.72873910815,41.7008304295607,-108.733507279497,41.7727089995777,0.531298661200573,0.515132902564038,2025.02493013177,2025.04109589041,SRR32254412|A/cat/SD/25-002248-001/2025|H5N1|USA-SD|Faulk|2025-01-16|feline|D1.1,Central,Central
739,640,0.0161657586365351,-108.72873910815,41.7008304295607,-108.622560272296,41.7270914131485,0.531298661200573,0.515132902564038,2025.02493013177,2025.04109589041,SRR32254411|A/cat/SD/25-002248-002/2025|H5N1|USA-SD|Faulk|2025-01-16|feline|D1.1,Central,Central
1076,1077,0.00871085237913427,-93.4024875942546,47.6028730235709,-96.01209985665,48.8794400386217,0.531539902262351,0.522829049883217,2025.03262627909,2025.04133713147,NA,Central,Central
840,843,0.171483953530971,-112.987122835585,33.1759096563716,-112.945649142654,36.5357132696643,0.532084919506802,0.360600965975831,2024.87039819519,2025.04188214872,NA,Central,Central
1154,1155,0.0233150040600306,-88.4091441784685,37.3726986815047,-87.9542643165906,37.1668136433029,0.532940834508404,0.509625830448374,2025.01942305966,2025.04273806372,NA,Atlantic,Atlantic
1335,228,0.125571639606065,-104.434471299988,30.5380156095214,-100.659417692688,35.9942480572429,0.53403838722793,0.408466747621866,2024.91826397683,2025.04383561644,SRR32254410|A/African_crowned_crane/VA/25-002296-001/2025|H5N1|USA-VA|Powhatan|2025-01-17|wild_avian|D1.1,Mississippi,Atlantic
1216,103,0.0806664436505433,-84.5502038113885,39.3903843163313,-84.5768921298339,39.3856685099613,0.53403838722793,0.453371943577387,2024.96316917279,2025.04383561644,SRR32513176|A/mallard/NH/25-003045-054/2025|H5N1|USA-NH|Merrimack|2025-01-17|wild_avian|D1.1,Atlantic,Atlantic
1216,104,0.0806664436505433,-84.5502038113885,39.3903843163313,-84.491274551456,39.4967186881211,0.53403838722793,0.453371943577387,2024.96316917279,2025.04383561644,SRR32416416|A/mallard/NH/25-003045-041/2025|H5N1|USA-NH|Merrimack|2025-01-17|wild_avian|D1.1,Atlantic,Atlantic
969,974,0.0136513325583151,-118.814080910245,40.0576005469917,-116.897495155577,40.3144025217322,0.536417025342987,0.522765692784671,2025.032562922,2025.04621425455,NA,Pacific,Pacific
1349,260,0.290736447984233,-114.433114635759,39.3739624247565,-114.128410076334,45.131767295666,0.536778113255288,0.246041665271054,2024.75583889448,2025.04657534247,SRR32513271|A/great_horned_owl/NM/25-002820-001/2025|H5N1|USA-NM|Chaves|2025-01-18|wild_avian|D1.1,Central,Central
979,980,0.0515995817296679,-109.742726994443,47.3370178068466,-106.438842850321,45.1328610023217,0.53993727716281,0.488337695433142,2024.99813492464,2025.04973450637,NA,Pacific,Pacific
1063,1064,0.166245491993274,-101.412961514012,31.8907533524799,-99.5912779672602,37.5271228288886,0.54064052489231,0.374395032899035,2024.88419226211,2025.0504377541,NA,Atlantic,Atlantic
1068,1069,0.25308569889313,-97.0744709569289,42.6348300715526,-97.0157123280106,45.8761210212058,0.543312875643629,0.290227176750499,2024.80002440596,2025.05311010485,NA,Mississippi,Mississippi
685,277,0.204643333057291,-104.668763402069,44.1560755082246,-102.453656496446,46.8605261511336,0.544997291337587,0.340353958280296,2024.85015118749,2025.05479452055,SRR33125070|A/Great_Horned_Owl/MT/25-006102-001-original/2025|H5N1|USA-MT|Unknown|2025-01-21|wild_avian|D1.1,Central,Central
1004,597,0.203336939240842,-106.735974682192,36.9430903164761,-103.842651025671,32.6865060595132,0.544997291337587,0.341660352096745,2024.85145758131,2025.05479452055,SRR32254304|A/cattle/NV/25-002645-003-original/2025|H5N1|USA-NV|Unknown|2025-01-21|cattle|D1.1,Pacific,Pacific
1139,32,0.16496248953108,-93.7477445372268,40.948822454296,-94.401809428612,40.7382154319876,0.544997291337587,0.380034801806507,2024.88983203102,2025.05479452055,SRR34980358|A/bald_eagle/WI/25-021326-002/2025|H5N1|USA-WI|Door|2025-01-21|wild_avian|D1.1,Mississippi,Mississippi
1256,1257,0.203713686336748,-99.7288725703409,35.3450181326925,-100.366602934029,35.4610078364904,0.546915695283987,0.343202008947238,2024.85299923816,2025.05671292449,NA,Mississippi,Mississippi
1347,253,0.319219778623264,-110.627704645385,46.6692838609769,-117.311517651994,46.0452471258716,0.547737017364945,0.22851723874168,2024.73831446795,2025.05753424658,GenBank|A/chicken/WA/W250220054-7/2025|H5N1|USA-WA|Unknown|2025-01-22|domestic_avian|D1.1,Pacific,Pacific
1026,303,0.239745986756153,-88.3700789628788,37.1558768828855,-89.1301066884119,35.9863422705168,0.547737017364945,0.307991030608792,2024.81778825982,2025.05753424658,SRR32513231|A/snow_goose/VA/25-004135-011/2025|H5N1|USA-VA|Northampton|2025-01-22|wild_avian|D1.1,Atlantic,Atlantic
1255,214,0.190714740272066,-92.083521162617,42.508257083523,-90.9782119670043,40.9572704178731,0.547737017364945,0.357022277092879,2024.8668195063,2025.05753424658,SRR32416465|A/bald_eagle/OK/25-003111-001/2025|H5N1|USA-OK|Le_Flore|2025-01-22|wild_avian|D1.1,Central,Central
1062,531,0.168878582247761,-103.45954519757,37.0773288754535,-104.758811722347,36.5685947990588,0.547737017364945,0.378858435117183,2024.88865566433,2025.05753424658,SRR32512591|A/canada_goose/KY/25-004132-002/2025|H5N1|USA-KY|Kenton|2025-01-22|wild_avian|D1.1,Mississippi,Mississippi
1181,91,0.108588891755014,-68.7843526744451,45.0073469114691,-69.0836755619074,45.3810992970238,0.547737017364945,0.43914812560993,2024.94894535482,2025.05753424658,SRR32512620|A/great_horned_owl/MA/25-003297-003/2025|H5N1|USA-MA|Barnstable|2025-01-22|wild_avian|D1.1,Atlantic,Atlantic
1257,209,0.000821322080957976,-100.366602934029,35.4610078364904,-100.347305937017,34.7266777547389,0.547737017364945,0.546915695283987,2025.05671292449,2025.05753424658,SRR33029806|A/raccoon/KY/25-006499-002/2025|H5N1|USA-KY|Boone|2025-01-22|other_mammal|D1.1,Mississippi,Mississippi
1142,1143,0.0403544635040465,-89.6823086935362,35.7650615472947,-87.763685647457,33.856709934115,0.549575759069407,0.509221295565361,2025.01901852478,2025.05937298828,NA,Mississippi,Mississippi
1228,234,0.318213454117177,-121.173967575589,44.8211472709419,-120.931259971188,48.6902701061333,0.550476743392302,0.232263289275125,2024.74206051849,2025.0602739726,SRR32654188|A/Turkey/NE/25-002670-003-original/2025|H5N1|USA-NE|Unknown|2025-01-23|domestic_avian|D1.1,Central,Central
1195,48,0.266693089103769,-75.9673976424284,40.0881200223023,-75.9235817311872,40.1136919217144,0.550476743392302,0.283783654288533,2024.7935808835,2025.0602739726,SRR32512673|A/american_black_duck/CT/25-003143-002/2025|H5N1|USA-CT|New_Haven|2025-01-23|wild_avian|D1.1,Atlantic,Atlantic
761,284,0.175948014802345,-109.90796117746,48.2419987860354,-99.1087698201979,36.9012201818866,0.550476743392302,0.374528728589957,2024.8843259578,2025.0602739726,SRR32415199|A/chicken/OR/25-003575-001-original/2025|H5N1|USA-OR|Unknown|2025-01-23|domestic_avian|D1.1,Pacific,Pacific
1178,96,0.0475430859507128,-71.0674105794401,43.6711772544158,-71.4638770032943,44.0692398674363,0.550476743392302,0.502933657441589,2025.01273088665,2025.0602739726,SRR32512597|A/canada_goose/ME/25-003295-004/2025|H5N1|USA-ME|York|2025-01-23|wild_avian|D1.1,Atlantic,Atlantic
979,623,0.0648787739865169,-109.742726994443,47.3370178068466,-105.228852240608,45.9963278284489,0.553216469419659,0.488337695433142,2024.99813492464,2025.06301369863,SRR33125090|A/western_gull/CA/25-004499-005/2025|H5N1|USA-CA|San_Mateo|2025-01-24|wild_avian|D1.1,Pacific,Pacific
719,645,0.311057729485869,-97.0697620108607,43.76147795959,-92.305451977927,34.9232987311602,0.555956195447017,0.244898465961148,2024.75469569517,2025.06575342466,SRR32654185|A/chicken/IN/25-002875-001-original/2025|H5N1|USA-IN|Unknown|2025-01-25|domestic_avian|D1.1,Mississippi,Mississippi
1024,322,0.30756729886741,-88.9823620982113,33.4183430980117,-89.0518644481835,36.6283836654515,0.555956195447017,0.248388896579606,2024.75818612579,2025.06575342466,SRR32513217|A/wood_duck/NC/25-003923-002/2025|H5N1|USA-NC|Hyde|2025-01-25|wild_avian|D1.1,Atlantic,Atlantic
1025,321,0.25452605872485,-88.624831719574,36.9443581971785,-89.3831917760397,38.5574822529229,0.555956195447017,0.301430136722167,2024.81122736593,2025.06575342466,SRR32654186|A/chicken/DE/25-002825-001-original/2025|H5N1|USA-DE|Unknown|2025-01-25|domestic_avian|D1.1,Atlantic,Atlantic
980,981,0.0190962266865662,-106.438842850321,45.1328610023217,-106.415843159265,45.1598193544043,0.559033503849377,0.53993727716281,2025.04973450637,2025.06883073306,NA,Pacific,Pacific
733,634,0.308273336143298,-102.752707079688,43.1377258345458,-107.454095703929,36.5559216461756,0.561435647501959,0.253162311358661,2024.76295954057,2025.07123287671,SRR32512607|A/canada_goose/CO/25-003832-001/2025|H5N1|USA-CO|Chaffee|2025-01-27|wild_avian|D1.1,Central,Central
986,614,0.271254353993694,-99.2293156241745,48.2740574925005,-104.323389840553,43.2401274821715,0.561435647501959,0.290181293508265,2024.79997852272,2025.07123287671,SRR32416454|A/bald_eagle/FL/25-003208-001/2025|H5N1|USA-FL|Lee|2025-01-27|wild_avian|D1.1,Mississippi,Atlantic
1284,160,0.270207035022421,-104.932814378102,37.1735756051757,-97.1442126638246,37.6177467246642,0.561435647501959,0.291228612479538,2024.80102584169,2025.07123287671,SRR32513218|A/vulture/LA/25-003600-001/2025|H5N1|USA-LA|Orleans|2025-01-27|wild_avian|D1.1,Mississippi,Mississippi
837,511,0.258021083120896,-116.058802780443,34.0931358363154,-119.957572349419,35.9097099303225,0.561435647501959,0.303414564381063,2024.81321179359,2025.07123287671,SRR32416347|A/canada_goose/ND/25-003472-002/2025|H5N1|USA-ND|Oliver|2025-01-27|wild_avian|D1.1,Central,Central
741,636,0.248536789554784,-98.2788991515264,46.074973043033,-92.9575239434515,39.2194487911456,0.561435647501959,0.312898857947175,2024.82269608716,2025.07123287671,SRR32654124|A/Guineafowl/NE/25-003247-003-original/2025|H5N1|USA-NE|Unknown|2025-01-27|domestic_avian|D1.1,Mississippi,Central
1330,223,0.214863657347699,-99.5896775662356,41.048226514349,-96.8327926444886,41.1134671831338,0.564175373529316,0.349311716181617,2024.85910894539,2025.07397260274,SRR33125126|A/Red-tailed_Hawk/MO/25-004415-009-original/2025|H5N1|USA-MO|Unknown|2025-01-28|wild_avian|D1.1,Mississippi,Mississippi
1063,538,0.189780340630281,-101.412961514012,31.8907533524799,-101.72192690414,33.1658762811912,0.564175373529316,0.374395032899035,2024.88419226211,2025.07397260274,SRR32653672|A/Canada_Goose/WV/25-005199-001-original/2025|H5N1|USA-WV|Unknown|2025-01-28|wild_avian|D1.1,Atlantic,Atlantic
1043,332,0.321672214531222,-87.3786543667556,33.6893085073269,-85.2418982585663,37.4842217884231,0.566915099556674,0.245242885025452,2024.75504011424,2025.07671232877,SRR32512666|A/canada_goose/MI/25-004311-003/2025|H5N1|USA-MI|Shiawassee|2025-01-29|wild_avian|D1.1,Mississippi,Mississippi
745,656,0.319643979697552,-106.331839952136,41.6699403928883,-108.086131847275,36.8317310566184,0.566915099556674,0.247271119859122,2024.75706834907,2025.07671232877,SRR32513289|A/red_tailed_hawk/TX/25-003592-003/2025|H5N1|USA-TX|Lubbock|2025-01-29|wild_avian|D1.1,Central,Central
767,338,0.204437145112647,-113.386060397149,43.3544260802495,-102.568484066928,40.9355269891862,0.566915099556674,0.362477954444026,2024.87227518365,2025.07671232877,SRR32512557|A/cackling_goose/TX/25-003592-001/2025|H5N1|USA-TX|Lubbock|2025-01-29|wild_avian|D1.1,Central,Central
841,516,0.197899858733478,-113.021187138022,33.2803951609593,-112.087367584082,40.2625660395046,0.566915099556674,0.369015240823195,2024.87881247003,2025.07671232877,SRR32512609|A/canada_goose/ND/25-003829-001/2025|H5N1|USA-ND|Mercer|2025-01-29|wild_avian|D1.1,Central,Central
761,283,0.192386370966716,-109.90796117746,48.2419987860354,-108.447961483879,48.7360200252739,0.566915099556674,0.374528728589957,2024.8843259578,2025.07671232877,SRR32513288|A/red_tailed_hawk/UT/25-003824-002/2025|H5N1|USA-UT|Unknown|2025-01-29|wild_avian|D1.1,Pacific,Pacific
1210,118,0.176087580984072,-86.1861521871481,38.8697085135602,-84.7913849867856,39.1819455631514,0.566915099556674,0.390827518572602,2024.90062474778,2025.07671232877,SRR32512614|A/american_black_duck/CT/25-004298-002/2025|H5N1|USA-CT|New_Haven|2025-01-29|wild_avian|D1.1,Atlantic,Atlantic
1335,227,0.158448351934808,-104.434471299988,30.5380156095214,-105.924667166382,32.8236995911843,0.566915099556674,0.408466747621866,2024.91826397683,2025.07671232877,SRR32804603|A/bald_eagle/OH/25-006046-001/2025|H5N1|USA-OH|Mahoning|2025-01-29|wild_avian|D1.1,Mississippi,Mississippi
1273,171,0.109208613224425,-109.970447088404,39.3883933738797,-110.048329561133,42.3040321810837,0.566915099556674,0.457706486332249,2024.96750371554,2025.07671232877,SRR32804602|A/bald_eagle/OH/25-006046-002/2025|H5N1|USA-OH|Lorain|2025-01-29|wild_avian|D1.1,Mississippi,Mississippi
1095,553,0.326130674808039,-110.437614051072,44.5514930199385,-110.325682361576,45.0202546679301,0.569654825584031,0.243524150775992,2024.75332137999,2025.07945205479,SRR32513192|A/hawk/WY/25-004351-001/2025|H5N1|USA-WY|Fremont|2025-01-30|wild_avian|D1.1,Pacific,Central
1349,261,0.323613160312977,-114.433114635759,39.3739624247565,-101.088856674847,46.7327401474746,0.569654825584031,0.246041665271054,2024.75583889448,2025.07945205479,SRR33508816|A/canada_goose/CA/25-003254-006/2025|H5N1|USA-CA|San_Luis_Obispo|2025-01-30|wild_avian|D1.1,Central,Pacific
736,641,0.262254614417859,-102.541876091139,47.8891928061793,-110.323202825918,47.8426062616036,0.569654825584031,0.307400211166172,2024.81719744038,2025.07945205479,SRR33682350|A/Bobcat/KS/25-014574-001-original/2025|H5N1|USA-KS|Unknown|2025-01-30|feline|D1.1,Mississippi,Central
1331,230,0.259307603033385,-104.119873526324,36.5430657488755,-97.3696436115858,39.3075222555799,0.569654825584031,0.310347222550646,2024.82014445176,2025.07945205479,SRR32654208|A/chicken/MO/25-003398-001-original/2025|H5N1|USA-MO|Unknown|2025-01-30|domestic_avian|D1.1,Mississippi,Mississippi
1256,211,0.226452816636793,-99.7288725703409,35.3450181326925,-108.357661404498,34.385644231519,0.569654825584031,0.343202008947238,2024.85299923816,2025.07945205479,SRR33125054|A/Mallard/MD/25-005882-005-original/2025|H5N1|USA-MD|Unknown|2025-01-30|wild_avian|D1.1,Mississippi,Atlantic
1123,20,0.173519950302401,-106.10946090948,34.9021191654765,-101.261411529693,35.4750797241965,0.572394551611388,0.398874601308987,2024.90867183052,2025.08219178082,SRR32415153|A/chicken/MD/25-003830-002-original/2025|H5N1|USA-MD|Unknown|2025-01-31|domestic_avian|D1.1,Atlantic,Atlantic
965,604,0.355390071779532,-112.243735042281,47.5224629176512,-84.7402290160632,46.3706361467199,0.580613729693688,0.225223657914156,2024.73502088712,2025.0904109589,SRR32653680|A/Canada_Goose/FL/25-004847-003-original/2025|H5N1|USA-FL|Unknown|2025-02-03|wild_avian|D1.1,Central,Atlantic
1338,247,0.330943858021524,-114.06316417492,48.4846165640624,-114.041496347278,45.090412117256,0.580613729693688,0.249669871672164,2024.75946710088,2025.0904109589,SRR32512878|A/Duck/WA/25-004661-001-original/2025|H5N1|USA-WA|Unknown|2025-02-03|domestic_avian|D1.1,Pacific,Pacific
994,565,0.310999539384215,-112.734036486109,47.068591408531,-111.47770857209,46.4566845225101,0.580613729693688,0.269614190309473,2024.77941141952,2025.0904109589,SRR32512655|A/canada_goose/CO/25-004662-001/2025|H5N1|USA-CO|Larimer|2025-02-03|wild_avian|D1.1,Central,Central
1329,221,0.270658347973636,-99.8707782530576,38.3772453494812,-95.0760556016223,45.1905620848796,0.580613729693688,0.309955381720052,2024.81975261093,2025.0904109589,SRR32415110|A/chicken/LA/25-004414-001-original/2025|H5N1|USA-LA|Unknown|2025-02-03|domestic_avian|D1.1,Mississippi,Mississippi
1160,73,0.191903841468446,-84.9733287943026,36.1423567897324,-84.7949680972562,36.0492621408356,0.580613729693688,0.388709888225242,2024.89850711744,2025.0904109589,SRR32513235|A/snow_goose/NY/25-004092-002/2025|H5N1|USA-NY|Tompkins|2025-02-03|wild_avian|D1.1,Atlantic,Atlantic
1144,39,0.0643848143514443,-89.7367531193433,35.644478025637,-89.1404330063453,34.9302058409546,0.580613729693688,0.516228915342244,2025.02602614455,2025.0904109589,SRR33508795|A/red_breasted_merganser/WI/25-005001-001/2025|H5N1|USA-WI|Milwaukee|2025-02-03|wild_avian|D1.1,Mississippi,Mississippi
974,578,0.0441967043507014,-116.897495155577,40.3144025217322,-119.06987771136,41.791144531299,0.580613729693688,0.536417025342987,2025.04621425455,2025.0904109589,SRR32415932|A/cattle/AZ/25-004003-002-original/2025|H5N1|USA-AZ|Unknown|2025-02-03|cattle|D1.1,Pacific,Pacific
974,579,0.0441967043507014,-116.897495155577,40.3144025217322,-117.442536468624,37.3445626431049,0.580613729693688,0.536417025342987,2025.04621425455,2025.0904109589,SRR32415933|A/cattle/AZ/25-004003-001-original/2025|H5N1|USA-AZ|Unknown|2025-02-03|cattle|D1.1,Pacific,Pacific
691,273,0.281952790171556,-108.266949562501,43.2130510753201,-109.80839333624,42.3096282010124,0.583353455721045,0.301400665549489,2024.81119789476,2025.09315068493,SRR32512649|A/Common_goldeneye/WY/25-004669-001/2025|H5N1|USA-WY|Natrona|2025-02-04|wild_avian|D1.1,Central,Central
1212,117,0.163538340274839,-87.7766990780578,39.0808948850169,-88.0403288549635,39.6148058062406,0.583353455721045,0.419815115446206,2024.92961234466,2025.09315068493,SRR33125072|A/Great_Horned_Owl/CT/25-005886-001-original/2025|H5N1|USA-CT|Unknown|2025-02-04|wild_avian|D1.1,Atlantic,Atlantic
1109,8,0.512599421883202,-113.89862144096,45.7479648454281,-106.107404988328,40.0207870077967,0.586093181748403,0.0734937598652008,2024.58329098908,2025.09589041096,SRR32653594|A/Red-tailed_Hawk/NV/25-005369-001-original/2025|H5N1|USA-NV|Unknown|2025-02-05|wild_avian|D1.1,Central,Pacific
1241,127,0.271746890356153,-111.169117177102,33.4093606751153,-113.386225433417,36.6595486468708,0.586093181748403,0.31434629139225,2024.8241435206,2025.09589041096,SRR32512646|A/cougar/WI/25-004744-001/2025|H5N1|USA-WI|Redacted|2025-02-05|feline|D1.1,Mississippi,Mississippi
1286,180,0.209313631877598,-99.14432796108,39.5682979898983,-97.5661893059434,42.617883906049,0.586093181748403,0.376779549870805,2024.88657677908,2025.09589041096,SRR33508810|A/bufflehead/MI/25-004779-004/2025|H5N1|USA-MI|St_Clair|2025-02-05|wild_avian|D1.1,Mississippi,Mississippi
843,514,0.0540082622416009,-112.945649142654,36.5357132696643,-113.339246845167,35.2344823923986,0.586093181748403,0.532084919506802,2025.04188214872,2025.09589041096,SRR32513282|A/red_tailed_hawk/CO/25-004838-001/2025|H5N1|USA-CO|Weld|2025-02-05|wild_avian|D1.1,Central,Central
1147,45,0.4142220633848,-110.748441735018,36.9225093844162,-107.457605902971,39.7844460834458,0.58883290777576,0.17461084439096,2024.6844080736,2025.09863013699,SRR32512905|A/chicken/SD/25-004736-001-original/2025|H5N1|USA-SD|Unknown|2025-02-06|domestic_avian|D1.1,Central,Central
1185,71,0.297376083226584,-69.7001077206649,44.7326843143117,-69.7293178553995,44.427337855793,0.58883290777576,0.291456824549176,2024.80125405376,2025.09863013699,SRR33125120|A/mallard/ME/25-006143-001/2025|H5N1|USA-ME|Kennebec|2025-02-06|wild_avian|D1.1,Atlantic,Atlantic
1333,225,0.243004620426746,-105.26941860642,33.4686792402203,-103.870483099428,33.0736780663013,0.58883290777576,0.345828287349014,2024.85562551656,2025.09863013699,SRR32512588|A/bald_eagle/OH/25-004768-001/2025|H5N1|USA-OH|Unknown|2025-02-06|wild_avian|D1.1,Mississippi,Mississippi
1182,94,0.22797709766748,-68.9394837852327,44.924070102439,-70.657583984628,45.0788959804724,0.58883290777576,0.36085581010828,2024.87065303932,2025.09863013699,SRR32653687|A/american_black_duck/NH/25-005332-016/2025|H5N1|USA-NH|Belknap|2025-02-06|wild_avian|D1.1,Atlantic,Atlantic
1181,92,0.14968478216583,-68.7843526744451,45.0073469114691,-68.6332855886386,45.0044931276643,0.58883290777576,0.43914812560993,2024.94894535482,2025.09863013699,SRR32868847|A/bufflehead/MA/25-007118-042/2025|H5N1|USA-MA|Barnstable|2025-02-06|wild_avian|D1.1,Atlantic,Atlantic
1141,38,0.0877444613370132,-89.7714349222,35.4114672855358,-89.8137847984749,36.3139165520024,0.58883290777576,0.501088446438747,2025.01088567565,2025.09863013699,SRR32653607|A/red_breasted_merganser/IL/25-005366-003/2025|H5N1|USA-IL|Cook|2025-02-06|wild_avian|D1.1,Mississippi,Mississippi
1051,330,0.289100377871067,-85.1581080425701,35.1196958439758,-85.8473399521983,36.2612609902383,0.591572633803118,0.302472255932051,2024.81226948514,2025.10136986301,SRR32974090|A/Canada_Goose/WV/25-005755-001-original-repeat2/2025|H5N1|USA-WV|Unknown|2025-02-07|wild_avian|D1.1,Atlantic,Atlantic
687,267,0.234887478609427,-95.124530461762,31.7930711601316,-99.4947327437558,30.7712293883375,0.591572633803118,0.356685155193691,2024.8664823844,2025.10136986301,SRR32653665|A/cat/KS/25-005576-002-original/2025|H5N1|USA-KS|Unknown|2025-02-07|feline|D1.1,Mississippi,Central
1293,188,0.337907188039202,-106.351300869838,41.7332601251044,-102.968525836467,36.5053076199284,0.594312359830702,0.2564051717915,2024.766202401,2025.10410958904,SRR33125079|A/Black_Vulture/TN/25-006120-003-original/2025|H5N1|USA-TN|Unknown|2025-02-08|wild_avian|D1.1,Mississippi,Mississippi
1239,134,0.236413633809043,-117.731058328019,38.5541769681076,-120.354797785651,36.4985568104164,0.594312359830702,0.35789872602166,2024.86769595523,2025.10410958904,SRR32512844|A/chicken/MN/25-004931-004-original/2025|H5N1|USA-MN|Unknown|2025-02-08|domestic_avian|D1.1,Mississippi,Mississippi
1158,76,0.348505682206842,-83.662928673692,37.8250911578804,-85.44328476307,38.7299562237574,0.599791811885417,0.251286129678575,2024.76108335889,2025.1095890411,SRR32512885|A/chicken/DE/25-005230-002-original/2025|H5N1|USA-DE|Unknown|2025-02-10|domestic_avian|D1.1,Atlantic,Atlantic
968,586,0.239327437358188,-116.643923170941,42.2783468339316,-120.232772547624,40.9284011134457,0.599791811885417,0.360464374527229,2024.87026160374,2025.1095890411,SRR32653667|A/cat/NM/25-005387-001-original/2025|H5N1|USA-NM|Unknown|2025-02-10|feline|D1.1,Central,Central
1260,216,0.22240472977138,-95.2953285427653,31.6492708152628,-98.7788985467209,39.3281050917426,0.599791811885417,0.377387082114037,2024.88718431132,2025.1095890411,SRR33125081|A/Black_Vulture/GA/25-005756-004-original/2025|H5N1|USA-GA|Unknown|2025-02-10|wild_avian|D1.1,Mississippi,Atlantic
1078,525,0.355268029604245,-98.8888931961844,47.2896843191213,-109.484039329552,33.9471858489179,0.602531537912774,0.24726350830853,2024.75706073752,2025.11232876712,SRR32804547|A/red_shouldered_hawk/PA/25-006939-001/2025|H5N1|USA-PA|Lancaster|2025-02-11|wild_avian|D1.1,Mississippi,Atlantic
1225,112,0.284751752522799,-85.4850567314302,40.9423472764133,-85.5296411473156,40.976769864441,0.602531537912774,0.317779785389975,2024.8275770146,2025.11232876712,SRR33125172|A/bald_eagle/NJ/25-006329-001/2025|H5N1|USA-NJ|Sussex|2025-02-11|wild_avian|D1.1,Atlantic,Atlantic
737,642,0.242344077484899,-101.157865986221,46.6511039606298,-97.2588821510565,44.2385154106058,0.602531537912774,0.360187460427875,2024.86998468964,2025.11232876712,SRR32973810|A/chicken/NE/25-005224-001-original-repeat2/2025|H5N1|USA-NE|Unknown|2025-02-11|domestic_avian|D1.1,Mississippi,Central
1260,217,0.225144455798738,-95.2953285427653,31.6492708152628,-91.9806497805469,33.8102116503251,0.602531537912774,0.377387082114037,2024.88718431132,2025.11232876712,SRR33125061|A/herring_gull/PA/25-005864-001/2025|H5N1|USA-PA|Erie|2025-02-11|wild_avian|D1.1,Mississippi,Atlantic
833,834,0.0875910795061769,-121.380037135849,44.2990199273706,-115.038172691577,32.7238596225436,0.605025231173489,0.517434151667312,2025.02723138088,2025.11482246038,NA,Mississippi,Central
1286,179,0.228491714069327,-99.14432796108,39.5682979898983,-96.8480605979852,34.2472075038392,0.605271263940132,0.376779549870805,2024.88657677908,2025.11506849315,SRR33125038|A/Canada_Goose/AL/25-006220-001-original/2025|H5N1|USA-AL|Unknown|2025-02-12|wild_avian|D1.1,Mississippi,Mississippi
1257,210,0.0583555686561453,-100.366602934029,35.4610078364904,-99.5531316851639,35.014579073542,0.605271263940132,0.546915695283987,2025.05671292449,2025.11506849315,SRR33319056|A/Great_Horned_Owl/KY/25-006499-001-original-repeat/2025|H5N1|USA-KY|Unknown|2025-02-12|wild_avian|D1.1,Mississippi,Mississippi
1183,100,0.322852730106855,-72.847054472217,44.2821104256572,-72.0757696103668,41.5127499196431,0.608010989967717,0.285158259860862,2024.79495548907,2025.11780821918,SRR32868681|A/canada_goose/RI/25-007119-019/2025|H5N1|USA-RI|Kent|2025-02-13|wild_avian|D1.1,Atlantic,Atlantic
1176,95,0.194021759921654,-71.3679477812537,43.3677959388235,-71.3594530089902,43.0374783736068,0.608010989967717,0.413989230046063,2024.92378645926,2025.11780821918,SRR32804576|A/red_tailed_hawk/NH/25-006653-001/2025|H5N1|USA-NH|Strafford|2025-02-13|wild_avian|D1.1,Atlantic,Atlantic
1076,522,0.0851819400844999,-93.4024875942546,47.6028730235709,-91.7558868101136,45.93330569149,0.608010989967717,0.522829049883217,2025.03262627909,2025.11780821918,SRR32804622|A/black_vulture/TX/25-006660-004/2025|H5N1|USA-TX|Bexar|2025-02-13|wild_avian|D1.1,Central,Central
1077,523,0.0764710877053656,-96.01209985665,48.8794400386217,-95.4018147383385,48.2873565835765,0.608010989967717,0.531539902262351,2025.04133713147,2025.11780821918,SRR32804616|A/black_vulture/TX/25-006661-005/2025|H5N1|USA-TX|Bexar|2025-02-13|wild_avian|D1.1,Central,Central
1015,1016,0.20990465815171,-77.6883049870173,38.1392586355506,-79.965415122472,36.8760692417098,0.609245204030562,0.399340545878852,2024.90913777509,2025.11904243324,NA,Atlantic,Atlantic
746,657,0.362304624559314,-105.864184889284,41.5500003801923,-95.3225284772132,29.5982874020633,0.610750715995074,0.24844609143576,2024.75824332065,2025.12054794521,SRR32974108|A/Bald_Eagle/MT/25-009371-001-original/2025|H5N1|USA-MT|Unknown|2025-02-14|wild_avian|D1.1,Central,Pacific
1124,21,0.198027866889481,-106.024511413322,36.8318934003565,-106.809457643403,34.9872670540543,0.610750715995074,0.412722849105593,2024.92252007832,2025.12054794521,SRR32868736|A/Peregrine_Falcon/VA/25-007709-003-original/2025|H5N1|USA-VA|Unknown|2025-02-14|wild_avian|D1.1,Atlantic,Atlantic
768,336,0.170816638908407,-115.269210484217,39.2558070542296,-119.571939685596,38.1439449833075,0.610750715995074,0.439934077086667,2024.9497313063,2025.12054794521,SRR32804591|A/snow_goose/OK/25-006647-001/2025|H5N1|USA-OK|Texas|2025-02-14|wild_avian|D1.1,Central,Central
1077,524,0.079210813732723,-96.01209985665,48.8794400386217,-95.6962482386274,41.8129086347423,0.610750715995074,0.531539902262351,2025.04133713147,2025.12054794521,SRR32804590|A/snow_goose/OK/25-006648-001/2025|H5N1|USA-OK|Texas|2025-02-14|wild_avian|D1.1,Central,Central
1143,34,0.061174956925667,-87.763685647457,33.856709934115,-88.3185857110388,35.7431349722694,0.610750715995074,0.549575759069407,2025.05937298828,2025.12054794521,SRR32868800|A/herring_gull/IL/25-007474-006/2025|H5N1|USA-IL|Cook|2025-02-14|wild_avian|D1.1,Mississippi,Mississippi
1220,107,0.237456006230058,-84.7907765267713,37.1270134786943,-85.1939922994733,37.1879262263642,0.621709620104504,0.384253613874446,2024.89405084308,2025.13150684931,SRR32804565|A/mallard/MA/25-006665-001/2025|H5N1|USA-MA|Worcester|2025-02-18|wild_avian|D1.1,Atlantic,Atlantic
1273,170,0.164003133772255,-109.970447088404,39.3883933738797,-116.126753501898,36.6808955661948,0.621709620104504,0.457706486332249,2024.96750371554,2025.13150684931,SRR33125097|A/Snowy_Owl/IA/25-005856-001-original/2025|H5N1|USA-IA|Unknown|2025-02-18|wild_avian|D1.1,Mississippi,Mississippi
694,3,0.498799834931881,-111.866129591466,47.0129778136765,-112.47433723201,46.3763795780848,0.629928798186803,0.131128963254922,2024.64092619247,2025.1397260274,SRR32804615|A/cat/ID/25-007150-001-original/2025|H5N1|USA-ID|Unknown|2025-02-21|feline|D1.1,Pacific,Pacific
1050,325,0.222151700229355,-82.6464336068829,36.8783659247838,-79.8523706266474,37.3711887187936,0.629928798186803,0.407777097957448,2024.91757432717,2025.1397260274,SRR32868875|A/Bald_Eagle/NC/25-007708-003-original/2025|H5N1|USA-NC|Unknown|2025-02-21|wild_avian|D1.1,Atlantic,Atlantic
1252,218,0.423846859500951,-98.9848523396874,34.5021081042377,-81.146456913188,33.456642589416,0.638147976268875,0.214301116767924,2024.72409834598,2025.14794520548,SRR32804608|A/Skunk/NM/25-006932-001-original/2025|H5N1|USA-NM|Unknown|2025-02-24|other_mammal|D1.1,Mississippi,Central
1120,9,0.366494141959669,-113.414243621618,38.8572061294276,-113.884387692449,39.2053279908788,0.638147976268875,0.271653834309207,2024.78145106352,2025.14794520548,SRR32804645|A/Cooper_s_Hawk/MO/25-007115-002-original/2025|H5N1|USA-MO|Unknown|2025-02-24|wild_avian|D1.1,Mississippi,Mississippi
987,613,0.300988316427043,-100.620186467116,47.2914910730539,-105.087855327601,39.8608512555338,0.64088770229646,0.339899385869417,2024.84969661508,2025.15068493151,SRR33124756|A/chicken/FL/25-006816-001-original/2025|H5N1|USA-FL|Unknown|2025-02-25|domestic_avian|D1.1,Mississippi,Atlantic
1223,109,0.04943595589831,-71.9097858282032,43.1292834851181,-72.9986231315753,44.1199681236806,0.64088770229646,0.59145174639815,2025.10124897561,2025.15068493151,SRR34784269|A/herring_gull/RI/25-019394-001/2025|H5N1|USA-RI|Kent|2025-02-25|wild_avian|D1.1,Atlantic,Atlantic
1198,55,0.249708693217497,-76.5275889467402,42.7728908218012,-75.9441191221201,42.5913605148509,0.643627428323817,0.39391873510632,2024.90371596432,2025.15342465753,SRR32868713|A/red_tailed_hawk/NY/25-007155-001/2025|H5N1|USA-NY|Tioga|2025-02-26|wild_avian|D1.1,Atlantic,Atlantic
843,513,0.111542508817016,-112.945649142654,36.5357132696643,-113.683797891672,37.6471497745285,0.643627428323817,0.532084919506802,2025.04188214872,2025.15342465753,SRR32868818|A/canada_goose/WY/25-008078-001/2025|H5N1|USA-WY|Platte|2025-02-26|wild_avian|D1.1,Central,Central
1214,105,0.395023175985399,-84.6578422073057,40.4472197951939,-82.4983781691431,40.0076908374409,0.646367154351175,0.251343978365776,2024.76114120758,2025.15616438356,SRR32868891|A/dark_eyed_junco/NJ/25-007152-004/2025|H5N1|USA-NJ|Somerset|2025-02-27|wild_avian|D1.1,Atlantic,Atlantic
1255,213,0.289344877258296,-92.083521162617,42.508257083523,-94.741549383139,43.1126597951379,0.646367154351175,0.357022277092879,2024.8668195063,2025.15616438356,SRR32804611|A/cat/KS/25-007581-001-original/2025|H5N1|USA-KS|Unknown|2025-02-27|feline|D1.1,Central,Central
1050,323,0.238590056393727,-82.6464336068829,36.8783659247838,-81.8685076147902,36.8529715355897,0.646367154351175,0.407777097957448,2024.91757432717,2025.15616438356,SRR32868711|A/Red-tailed_Hawk/WV/25-007392-001-original/2025|H5N1|USA-WV|Unknown|2025-02-27|wild_avian|D1.1,Atlantic,Atlantic
978,619,0.187624474818095,-104.864946364909,43.6884116557891,-98.0811066977409,48.7316835054164,0.646367154351175,0.45874267953308,2024.96853990874,2025.15616438356,SRR33476791|A/Peregrine_falcon/CA/25-012990-002/2025|H5N1|USA-CA|Solano|2025-02-27|wild_avian|D1.1,Pacific,Pacific
980,620,0.106429877188364,-106.438842850321,45.1328610023217,-106.437442252315,45.138614355619,0.646367154351175,0.53993727716281,2025.04973450637,2025.15616438356,SRR33476783|A/Sanderling/CA/25-012990-001/2025|H5N1|USA-CA|Alameda|2025-02-27|wild_avian|D1.1,Pacific,Pacific
1212,116,0.232031490959684,-87.7766990780578,39.0808948850169,-89.3883089476528,38.3428158888246,0.65184660640589,0.419815115446206,2024.92961234466,2025.16164383562,SRR34710268|A/red_tailed_hawk/MA/25-019390-004/2025|H5N1|USA-MA|Middlesex|2025-03-01|wild_avian|D1.1,Atlantic,Atlantic
1144,37,0.135617691063646,-89.7367531193433,35.644478025637,-92.4631877570338,31.5030882067261,0.65184660640589,0.516228915342244,2025.02602614455,2025.16164383562,SRR32974035|A/Peregrine_Falcon/WI/25-008493-001-original/2025|H5N1|USA-WI|Unknown|2025-03-01|wild_avian|D1.1,Mississippi,Mississippi
1289,1290,0.402081972758176,-99.2384863247039,33.37746908274,-102.089578536498,34.257727091794,0.653123558607847,0.251041585849671,2024.76083881506,2025.16292078782,NA,Mississippi,Mississippi
1268,175,0.37792293442901,-101.464312004521,37.0344496639913,-90.4294803546652,39.1020483034939,0.657326058460832,0.279403124031822,2024.78920035324,2025.16712328767,SRR32868755|A/red_tailed_hawk/NY/25-007854-001/2025|H5N1|USA-NY|Steuben|2025-03-03|wild_avian|D1.1,Mississippi,Atlantic
1350,259,0.372189601413904,-104.077287279638,34.3930029856896,-98.1246719590486,39.1279615679397,0.657326058460832,0.285136457046928,2024.79493368626,2025.16712328767,SRR33029790|A/turkey_vulture/MO/25-007994-001/2025|H5N1|USA-MO|Howell|2025-03-03|wild_avian|D1.1,Mississippi,Mississippi
1007,609,0.363752953278856,-99.095456457066,44.9042313456806,-104.291502323104,41.6709254331007,0.657326058460832,0.293573105181975,2024.80337033439,2025.16712328767,SRR33476782|A/Bald_Eagle/WA/25-013105-001-original/2025|H5N1|USA-WA|Unknown|2025-03-03|wild_avian|D1.1,Pacific,Pacific
685,276,0.316972100180536,-104.668763402069,44.1560755082246,-102.798111030257,47.8210432207156,0.657326058460832,0.340353958280296,2024.85015118749,2025.16712328767,SRR32974025|A/Red-tailed_Hawk/SD/25-008825-001-original/2025|H5N1|USA-SD|Unknown|2025-03-03|wild_avian|D1.1,Central,Central
1277,167,0.303065765086407,-104.277883308762,31.6115707400607,-104.530805452282,31.1705696134474,0.657326058460832,0.354260293374424,2024.86405752258,2025.16712328767,SRR32868886|A/bald_eagle/GA/25-007707-001/2025|H5N1|USA-GA|Walton|2025-03-03|wild_avian|D1.1,Atlantic,Atlantic
846,408,0.298132572845633,-110.187771180009,36.2311545681089,-110.154103199532,35.8499398971977,0.657326058460832,0.359193485615199,2024.86899071483,2025.16712328767,SRR32868817|A/Canada_Goose/WY/25-008079-001-original/2025|H5N1|USA-WY|Unknown|2025-03-03|wild_avian|D1.1,Central,Central
774,397,0.254032785484581,-114.514396625382,35.6201624611422,-112.007454781838,40.1820161864473,0.657326058460832,0.403293272976251,2024.91309050219,2025.16712328767,SRR32974002|A/Skunk/KS/25-008665-001-original/2025|H5N1|USA-KS|Unknown|2025-03-03|other_mammal|D1.1,Central,Central
1140,36,0.1641536924326,-92.8873672956415,36.120585425288,-91.3592150825687,37.2892587405211,0.657326058460832,0.493172366028232,2025.00296959524,2025.16712328767,SRR32868795|A/Bald_Eagle/IN/25-007837-001-original/2025|H5N1|USA-IN|Unknown|2025-03-03|wild_avian|D1.1,Mississippi,Mississippi
997,599,0.156517833968218,-107.75124636101,41.8968737216458,-104.567997417559,37.8729042425512,0.662805510515547,0.506287676547329,2025.01608490576,2025.17260273973,SRR32974026|A/Red-tailed_Hawk/OR/25-008819-001-original/2025|H5N1|USA-OR|Unknown|2025-03-05|wild_avian|D1.1,Pacific,Pacific
1127,1128,0.144769260496985,-102.179373265754,30.8895075221744,-101.52731645402,29.7934436741465,0.664540691985793,0.519771431488808,2025.0295686607,2025.1743379212,NA,Mississippi,Mississippi
1325,231,0.309377477241749,-98.8301419944494,36.4029925004683,-101.387754197614,37.4563347803856,0.665545236542904,0.356167759301155,2024.86596498851,2025.17534246575,SRR32868618|A/chicken/IN/25-008062-001-original/2025|H5N1|USA-IN|Unknown|2025-03-06|domestic_avian|D1.1,Mississippi,Mississippi
839,339,0.307003493513734,-113.33096395951,34.9622490645719,-113.34428775603,34.9435213464557,0.665545236542904,0.35854174302917,2024.86833897224,2025.17534246575,SRR32868560|A/chicken/NE/25-008023-001-original/2025|H5N1|USA-NE|Unknown|2025-03-06|domestic_avian|D1.1,Central,Central
1069,543,0.122232360899275,-97.0157123280106,45.8761210212058,-97.3162021227839,42.4444160450845,0.665545236542904,0.543312875643629,2025.05311010485,2025.17534246575,SRR32974113|A/turkey_vulture/KY/25-009319-001/2025|H5N1|USA-KY|Oldham|2025-03-06|wild_avian|D1.1,Mississippi,Mississippi
981,622,0.106511732693527,-106.415843159265,45.1598193544043,-106.510211423992,44.4430861143037,0.665545236542904,0.559033503849377,2025.06883073306,2025.17534246575,SRR33029846|A/barn_owl/CA/25-010283-002/2025|H5N1|USA-CA|San_Mateo|2025-03-06|wild_avian|D1.1,Pacific,Pacific
1124,19,0.255562113464668,-106.024511413322,36.8318934003565,-114.929606777556,45.4877690286232,0.668284962570261,0.412722849105593,2024.92252007832,2025.17808219178,SRR34980370|A/American_Crow/ME/25-021406-005-original/2025|H5N1|USA-ME|Unknown|2025-03-07|wild_avian|D1.1,Atlantic,Atlantic
1023,301,0.252863083863264,-77.499789026777,37.8691152804513,-84.6064835475984,35.6206607933234,0.668284962570261,0.415421878706998,2024.92521910792,2025.17808219178,SRR32974111|A/Brown_Pelican/NC/25-009321-002-original/2025|H5N1|USA-NC|Unknown|2025-03-07|wild_avian|D1.1,Atlantic,Atlantic
1312,1313,0.435594534943024,-103.331115493437,39.4556679069919,-103.852767677268,39.340569468038,0.669306098052415,0.233711563109391,2024.74350879232,2025.17910332726,NA,Mississippi,Mississippi
1290,1291,0.0169333154603054,-102.089578536498,34.257727091794,-100.71129704439,36.050412312464,0.670056874068152,0.653123558607847,2025.16292078782,2025.17985410328,NA,Mississippi,Atlantic
1313,1314,0.00104390576952862,-103.852767677268,39.340569468038,-104.26759985856,39.5554403058786,0.670350003821944,0.669306098052415,2025.17910332726,2025.18014723303,NA,Mississippi,Mississippi
846,407,0.311831202982647,-110.187771180009,36.2311545681089,-94.5733432889631,40.5108939754558,0.671024688597846,0.359193485615199,2024.86899071483,2025.18082191781,SRR32868567|A/Guineafowl/OK/25-008449-003-original/2025|H5N1|USA-OK|Unknown|2025-03-08|domestic_avian|D1.1,Central,Central
1314,1315,0.00519637456076982,-104.26759985856,39.5554403058786,-104.251773849565,39.4486605402026,0.675546378382714,0.670350003821944,2025.18014723303,2025.18534360759,NA,Mississippi,Mississippi
1084,551,0.406670277147784,-102.473765289012,44.1563305086349,-88.3055190411626,39.5878000616518,0.676504140652561,0.269833863504777,2024.77963109272,2025.18630136986,SRR33682322|A/Owl/OR/25-014765-001-original/2025|H5N1|USA-OR|Unknown|2025-03-10|wild_avian|D1.1,Central,Pacific
1282,158,0.303936749532791,-96.6282310629805,35.1349019815945,-97.414959976299,43.7574920285901,0.676504140652561,0.37256739111977,2024.88236462033,2025.18630136986,SRR32974019|A/bald_eagle/NY/25-009027-001/2025|H5N1|USA-NY|Erie|2025-03-10|wild_avian|D1.1,Mississippi,Atlantic
1153,64,0.236662201783174,-87.6006522992355,37.1749806086885,-87.6556427954467,37.1641912959476,0.676504140652561,0.439841938869387,2024.94963916808,2025.18630136986,SRR32868593|A/chicken/MD/25-008577-002-original/2025|H5N1|USA-MD|Unknown|2025-03-10|domestic_avian|D1.1,Atlantic,Atlantic
988,575,0.427249997532971,-114.338207237923,39.2137925186205,-104.444430247131,32.9103685280573,0.681983592707276,0.254733595174305,2024.76453082438,2025.19178082192,SRR32973826|A/chicken/IL/25-009367-001-original/2025|H5N1|USA-IL|Unknown|2025-03-12|domestic_avian|D1.1,Central,Mississippi
1209,124,0.330942775522623,-78.4827622188086,43.1996341479201,-83.4409690781091,43.5554353488022,0.681983592707276,0.351040817184653,2024.8608380464,2025.19178082192,SRR32974073|A/bald_eagle/NJ/25-009512-004/2025|H5N1|USA-NJ|Bergen|2025-03-12|wild_avian|D1.1,Atlantic,Atlantic
775,396,0.21626501996973,-119.384141414886,36.9283360465982,-108.25644921469,47.9426175598342,0.681983592707276,0.465718572737546,2024.97551580195,2025.19178082192,SRR32868813|A/Canada_Goose/OK/25-009017-002-original/2025|H5N1|USA-OK|Unknown|2025-03-12|wild_avian|D1.1,Central,Central
981,621,0.122950088857899,-106.415843159265,45.1598193544043,-106.471427440775,45.1759372797983,0.681983592707276,0.559033503849377,2025.06883073306,2025.19178082192,SRR33682329|A/great_blue_heron/CA/25-014655-001/2025|H5N1|USA-CA|Alameda|2025-03-12|wild_avian|D1.1,Pacific,Pacific
1168,1170,0.0673132221468326,-70.2335851617019,43.9460801965887,-71.001709187127,43.0813193613981,0.682857482257222,0.61554426011039,2025.12534148932,2025.19265471147,NA,Atlantic,Atlantic
848,849,0.181401630207165,-115.20725363023,33.2330473549976,-115.249039867622,33.2359047866278,0.682932739782199,0.501531109575034,2025.01132833879,2025.19272996899,NA,Central,Central
1328,219,0.285017839978976,-98.7406525587603,39.3631441956219,-98.429208409827,39.7874662991452,0.684723318734633,0.399705478755658,2024.90950270797,2025.19452054795,SRR32974022|A/Peregrine_Falcon/IA/25-009016-001-original/2025|H5N1|USA-IA|Unknown|2025-03-13|wild_avian|D1.1,Mississippi,Mississippi
842,515,0.281883067997281,-116.847903815949,36.4103646296099,-114.874287162535,47.4821176066793,0.684723318734633,0.402840250737352,2024.91263747995,2025.19452054795,SRR33508799|A/Skunk/TX/25-010819-006-original/2025|H5N1|USA-TX|Unknown|2025-03-13|other_mammal|D1.1,Central,Central
1158,77,0.436176915083643,-83.662928673692,37.8250911578804,-80.085203582033,33.9761765373318,0.687463044762218,0.251286129678575,2024.76108335889,2025.19726027397,SRR32974049|A/Canada_Goose/VT/25-009472-001-original/2025|H5N1|USA-VT|Unknown|2025-03-14|wild_avian|D1.1,Atlantic,Atlantic
1291,184,0.020145896721423,-100.71129704439,36.050412312464,-99.5586494789272,37.2213040116523,0.690202770789575,0.670056874068152,2025.17985410328,2025.2,SRR33476771|A/black_vulture/OH/25-012888-001/2025|H5N1|USA-OH|Licking|2025-03-15|wild_avian|D1.1,Atlantic,Mississippi
1237,132,0.388400121523664,-117.864372920545,39.9603511532375,-103.805927276167,35.5775338065107,0.69568222284429,0.307282101320626,2024.81707933053,2025.20547945205,SRR32974069|A/bald_eagle/NJ/25-009514-002/2025|H5N1|USA-NJ|Camden|2025-03-17|wild_avian|D1.1,Mississippi,Atlantic
1009,560,0.346175600590308,-109.358946819634,46.3166449095106,-110.840166534803,44.7279014149848,0.69568222284429,0.349506622253982,2024.85930385146,2025.20547945205,SRR32973825|A/chicken/NM/25-009470-001-original/2025|H5N1|USA-NM|Unknown|2025-03-17|domestic_avian|D1.1,Central,Central
1159,75,0.31827594267081,-84.515360797083,37.2156296523978,-84.0084380255614,37.7215553162194,0.69568222284429,0.37740628017348,2024.88720350938,2025.20547945205,SRR33370215|A/black_vulture/PA/25-011842-001/2025|H5N1|USA-PA|Dauphin|2025-03-17|wild_avian|D1.1,Atlantic,Atlantic
719,646,0.453523482910499,-97.0697620108607,43.76147795959,-104.366372246637,37.9636094568844,0.698421948871647,0.244898465961148,2024.75469569517,2025.20821917808,SRR32973819|A/Duck/MT/25-009376-001-original/2025|H5N1|USA-MT|Unknown|2025-03-18|domestic_avian|D1.1,Mississippi,Central
1056,547,0.391471424788899,-104.866783269174,47.652713895734,-100.136626775134,39.7297429599732,0.698421948871647,0.306950524082749,2024.81674775329,2025.20821917808,SRR33508852|A/Turkey/IL/25-009630-001-original/2025|H5N1|USA-IL|Unknown|2025-03-18|domestic_avian|D1.1,Central,Mississippi
755,678,0.390461931320227,-119.881997301195,46.2491788576191,-115.798965541879,42.3722061847326,0.698421948871647,0.307960017551421,2024.81775724676,2025.20821917808,SRR33508800|A/Skunk/TX/25-010819-005-original/2025|H5N1|USA-TX|Unknown|2025-03-18|other_mammal|D1.1,Central,Central
1071,541,0.318288647262647,-96.7581862357247,35.8356698464539,-104.294046899505,38.884627248776,0.698421948871647,0.380133301609001,2024.88993053082,2025.20821917808,SRR33029751|A/chicken/KS/25-009496-002-original/2025|H5N1|USA-KS|Unknown|2025-03-18|domestic_avian|D1.1,Mississippi,Central
1211,115,0.281175654908354,-87.6281495254,39.6375826656021,-87.5884510806539,39.579602007953,0.698421948871647,0.417246293963293,2024.92704352317,2025.20821917808,SRR33029808|A/Mallard/CT/25-010197-001-original/2025|H5N1|USA-CT|Unknown|2025-03-18|wild_avian|D1.1,Atlantic,Atlantic
1223,108,0.106970202473497,-71.9097858282032,43.1292834851181,-72.2100486686604,41.8249019398465,0.698421948871647,0.59145174639815,2025.10124897561,2025.20821917808,SRR35089326|A/Fish_Crow/RI/25-021409-001-original/2025|H5N1|USA-RI|Unknown|2025-03-18|wild_avian|D1.1,Atlantic,Atlantic
1290,182,0.0452983902638006,-102.089578536498,34.257727091794,-102.18012165642,34.3409510669229,0.698421948871647,0.653123558607847,2025.16292078782,2025.20821917808,SRR33029849|A/black_vulture/OH/25-009864-005/2025|H5N1|USA-OH|Highland|2025-03-18|wild_avian|D1.1,Mississippi,Mississippi
1178,98,0.198228017457643,-71.0674105794401,43.6711772544158,-71.1765030272422,43.4621346644744,0.701161674899232,0.502933657441589,2025.01273088665,2025.21095890411,SRR34980328|A/Gull/NH/25-021405-005-original/2025|H5N1|USA-NH|Unknown|2025-03-19|wild_avian|D1.1,Atlantic,Atlantic
1261,208,0.174966171821571,-97.3376353695858,32.6787189418193,-89.8825863625097,30.6158858157247,0.701161674899232,0.526195503077661,2025.03599273229,2025.21095890411,SRR33029853|A/Black_Vulture/AL/25-010338-002-original/2025|H5N1|USA-AL|Unknown|2025-03-19|wild_avian|D1.1,Mississippi,Mississippi
1128,1131,0.0380009516116592,-101.52731645402,29.7934436741465,-103.505208132287,32.7235975162704,0.702541643597452,0.664540691985793,2025.1743379212,2025.21233887281,NA,Mississippi,Mississippi
1234,138,0.489226372948367,-106.478194146661,36.8709685087615,-106.381999228974,36.7832699542219,0.70390140092659,0.214675027978223,2024.72447225719,2025.21369863014,SRR33029789|A/Bald_Eagle/FL/25-009986-004-original/2025|H5N1|USA-FL|Unknown|2025-03-20|wild_avian|D1.1,Atlantic,Atlantic
744,658,0.468934876480696,-103.409806058435,43.1473790509014,-113.702144815343,44.1716041631467,0.70390140092659,0.234966524445893,2024.74476375366,2025.21369863014,SRR33319026|A/turkey_vulture/MO/25-011519-002/2025|H5N1|USA-MO|Cape_Girardeau|2025-03-20|wild_avian|D1.1,Central,Mississippi
1287,178,0.458712821159975,-101.863257482547,36.8708087909727,-97.616985164746,29.9121736739966,0.70390140092659,0.245188579766614,2024.75498580898,2025.21369863014,SRR33370194|A/Great_Horned_Owl/FL/25-012397-001-original/2025|H5N1|USA-FL|Unknown|2025-03-20|wild_avian|D1.1,Mississippi,Atlantic
1341,264,0.449805880131848,-112.939630031136,47.3607411889743,-109.009796107034,47.4975830103941,0.70390140092659,0.254095520794741,2024.76389275001,2025.21369863014,SRR33319031|A/Skunk/NV/25-011566-001-original/2025|H5N1|USA-NV|Unknown|2025-03-20|other_mammal|D1.1,Pacific,Pacific
833,402,0.189206975286635,-121.380037135849,44.2990199273706,-112.612072133349,48.1287345883863,0.706641126953947,0.517434151667312,2025.02723138088,2025.21643835616,SRR33319040|A/Ross_s_Goose/ND/25-011280-001-original/2025|H5N1|USA-ND|Unknown|2025-03-21|wild_avian|D1.1,Mississippi,Central
742,747,0.503166363998243,-104.002668749716,42.1858445447043,-85.8661638623519,40.2411542504605,0.708224354630226,0.205057990631983,2024.71485521984,2025.21802158384,NA,Central,Atlantic
1128,1129,0.043812241505126,-101.52731645402,29.7934436741465,-99.4348469347559,40.9440907523083,0.708352933490919,0.664540691985793,2025.1743379212,2025.2181501627,NA,Mississippi,Atlantic
1028,1029,0.00106700321340036,-76.8174706645251,40.1501602853934,-77.7255099873677,40.4457686978506,0.708937128224107,0.707870125010706,2025.21766735422,2025.21873435743,NA,Atlantic,Atlantic
1168,1169,0.0947515926870514,-70.2335851617019,43.9460801965887,-70.161668905105,43.7532188536444,0.710295852797441,0.61554426011039,2025.12534148932,2025.22009308201,NA,Atlantic,Atlantic
1029,1030,0.00449961588209347,-77.7255099873677,40.4457686978506,-77.7984495343552,40.4195610098246,0.7134367441062,0.708937128224107,2025.21873435743,2025.22323397332,NA,Atlantic,Atlantic
1330,222,0.365548588854402,-99.5896775662356,41.048226514349,-99.9391831316844,40.9800841309915,0.714860305036019,0.349311716181617,2024.85910894539,2025.22465753425,SRR33029828|A/cat/IA/25-010114-001-original/2025|H5N1|USA-IA|Unknown|2025-03-24|feline|D1.1,Mississippi,Mississippi
831,400,0.344045023893615,-116.374889132791,33.3787701195718,-116.728172662997,34.6962583354216,0.714860305036019,0.370815281142404,2024.88061251035,2025.22465753425,SRR33508770|A/Duck/NE/25-010532-002-original/2025|H5N1|USA-NE|Unknown|2025-03-24|domestic_avian|D1.1,Central,Central
1155,60,0.181919470527615,-87.9542643165906,37.1668136433029,-88.1036614747659,37.2071977290615,0.714860305036019,0.532940834508404,2025.04273806372,2025.22465753425,SRR34710271|A/Turkey_Vulture/MD/25-019391-002-original/2025|H5N1|USA-MD|Unknown|2025-03-24|wild_avian|D1.1,Atlantic,Atlantic
1029,307,0.00592317681191246,-77.7255099873677,40.4457686978506,-77.4650568577933,40.8142709039791,0.714860305036019,0.708937128224107,2025.21873435743,2025.22465753425,SRR33508772|A/black_vulture/MA/25-010531-001/2025|H5N1|USA-MA|Harford|2025-03-24|wild_avian|D1.1,Atlantic,Atlantic
969,970,0.194371762480227,-118.814080910245,40.0576005469917,-118.46306134001,39.024259236849,0.717137455264899,0.522765692784671,2025.032562922,2025.22693468448,NA,Pacific,Pacific
970,580,0.000462575798705234,-118.46306134001,39.024259236849,-117.542295369292,39.0775701452062,0.717600031063604,0.717137455264899,2025.22693468448,2025.22739726027,SRR33319085|A/cattle/AZ/25-010942-001-original/2025|H5N1|USA-AZ|Unknown|2025-03-25|cattle|D1.1,Pacific,Pacific
1170,1171,0.0369206381146403,-71.001709187127,43.0813193613981,-71.6055455827496,43.8389162361929,0.719778120371863,0.682857482257222,2025.19265471147,2025.22957534958,NA,Atlantic,Atlantic
1030,1039,0.00663285387622203,-77.7984495343552,40.4195610098246,-77.9947920475817,40.5638354674652,0.720069597982422,0.7134367441062,2025.22323397332,2025.22986682719,NA,Atlantic,Atlantic
839,512,0.361798014061791,-113.33096395951,34.9622490645719,-105.966835159563,38.8630796245231,0.720339757090961,0.35854174302917,2024.86833897224,2025.2301369863,SRR33508736|A/Red-tailed_Hawk/CO/25-010882-001-original/2025|H5N1|USA-CO|Unknown|2025-03-26|wild_avian|D1.1,Central,Pacific
1069,544,0.177026881447332,-97.0157123280106,45.8761210212058,-98.2026192143493,44.5763392812632,0.720339757090961,0.543312875643629,2025.05311010485,2025.2301369863,SRR33508738|A/Great_Horned_Owl/MI/25-010812-002-original/2025|H5N1|USA-MI|Unknown|2025-03-26|wild_avian|D1.1,Mississippi,Mississippi
1264,187,0.36897777430855,-94.1437452993778,42.882527230865,-92.205030674561,44.3822596070952,0.723079483118319,0.354101708809769,2024.86389893802,2025.23287671233,SRR33370162|A/Mallard/MN/25-012246-005-original/2025|H5N1|USA-MN|Unknown|2025-03-27|wild_avian|D1.1,Mississippi,Mississippi
1039,319,0.00300988513589651,-77.9947920475817,40.5638354674652,-78.6785020390773,40.5901993360953,0.723079483118319,0.720069597982422,2025.22986682719,2025.23287671233,SRR33508749|A/black_vulture/PA/25-010745-004/2025|H5N1|USA-PA|Lancaster|2025-03-27|wild_avian|D1.1,Atlantic,Atlantic
1064,1065,0.185078143760119,-99.5912779672602,37.5271228288886,-100.082668272578,38.3056241107906,0.725718668652429,0.54064052489231,2025.0504377541,2025.23551589786,NA,Atlantic,Atlantic
1129,1130,0.0177707559326461,-99.4348469347559,40.9440907523083,-98.9555241560597,41.6729922015411,0.726123689423565,0.708352933490919,2025.2181501627,2025.23592091863,NA,Atlantic,Atlantic
1287,1288,0.482518547924248,-101.863257482547,36.8708087909727,-102.873491739732,41.1083906040957,0.727707127690863,0.245188579766614,2024.75498580898,2025.2375043569,NA,Mississippi,Mississippi
998,999,0.219203228188276,-107.003762525219,41.4034747994344,-105.079907996861,37.5460636228943,0.728054253405103,0.508851025216827,2025.01864825443,2025.23785148262,NA,Pacific,Pacific
747,748,0.0207094519311972,-85.8661638623519,40.2411542504605,-85.7720999259043,40.0435902733303,0.728933806561423,0.708224354630226,2025.21802158384,2025.23873103577,NA,Atlantic,Atlantic
848,850,0.231483501220559,-115.20725363023,33.2330473549976,-115.725877796288,39.6962104149284,0.733014610795593,0.501531109575034,2025.01132833879,2025.24281184001,NA,Central,Pacific
1096,282,0.527410163709943,-112.982929394028,44.865707332116,-113.633995847756,45.9066135072855,0.734038387227976,0.206628223518033,2024.71642545273,2025.24383561644,SRR33319032|A/Skunk/UT/25-011119-002-original/2025|H5N1|USA-UT|Unknown|2025-03-31|other_mammal|D1.1,Pacific,Pacific
1179,78,0.420400882851747,-70.718276937282,45.3888622833929,-75.7909509329474,42.1319877960978,0.734038387227976,0.313637504376229,2024.82343473359,2025.24383561644,SRR33370138|A/Red_Fox/VA/25-012694-001-original/2025|H5N1|USA-VA|Unknown|2025-03-31|other_mammal|D1.1,Atlantic,Atlantic
1028,1040,0.0281741547909241,-76.8174706645251,40.1501602853934,-76.4739981242421,40.8698483586167,0.73604427980163,0.707870125010706,2025.21766735422,2025.24584150901,NA,Atlantic,Atlantic
1079,530,0.432764231072965,-98.2612331607477,48.0421470265313,-104.342322762478,35.1154522725096,0.736778113255333,0.304013882182368,2024.81381111139,2025.24657534247,SRR33319029|A/Snow_Goose/ND/25-011281-001-original/2025|H5N1|USA-ND|Unknown|2025-04-01|wild_avian|D1.1,Mississippi,Central
842,517,0.333937862517981,-116.847903815949,36.4103646296099,-113.079512514139,39.4494556328248,0.736778113255333,0.402840250737352,2024.91263747995,2025.24657534247,SRR33319054|A/Great_Horned_Owl/ND/25-011283-001-original/2025|H5N1|USA-ND|Unknown|2025-04-01|wild_avian|D1.1,Central,Central
998,603,0.227927088038506,-107.003762525219,41.4034747994344,-109.519927405635,45.0558664111515,0.736778113255333,0.508851025216827,2025.01864825443,2025.24657534247,SRR33682347|A/Canada_Goose/WA/25-014080-001-original/2025|H5N1|USA-WA|Unknown|2025-04-01|wild_avian|D1.1,Pacific,Pacific
1127,17,0.217006681766525,-102.179373265754,30.8895075221744,-98.7887681250903,33.0675443253345,0.736778113255333,0.519771431488808,2025.0295686607,2025.24657534247,SRR33319022|A/Black_Vulture/VA/25-011541-002-original/2025|H5N1|USA-VA|Unknown|2025-04-01|wild_avian|D1.1,Mississippi,Atlantic
999,1000,0.00937799200072331,-105.079907996861,37.5460636228943,-104.038227645724,38.6577438214859,0.737432245405826,0.728054253405103,2025.23785148262,2025.24722947462,NA,Pacific,Pacific
1143,35,0.189942080213283,-87.763685647457,33.856709934115,-87.9720920150946,33.8906454812826,0.73951783928269,0.549575759069407,2025.05937298828,2025.24931506849,SRR33370139|A/red_breasted_merganser/MI/25-011271-008/2025|H5N1|USA-MI|Allegan|2025-04-02|wild_avian|D1.1,Mississippi,Mississippi
1313,149,0.0839103713672896,-103.852767677268,39.340569468038,-105.832973703336,39.1986349829569,0.753216469419705,0.669306098052415,2025.17910332726,2025.26301369863,SRR33370169|A/vulture/OH/25-012105-004/2025|H5N1|USA-OH|Unknown|2025-04-07|wild_avian|D1.1,Mississippi,Mississippi
1291,183,0.0831595953515525,-100.71129704439,36.050412312464,-102.522471385033,34.6052691924438,0.753216469419705,0.670056874068152,2025.17985410328,2025.26301369863,SRR33370172|A/vulture/OH/25-012105-001/2025|H5N1|USA-OH|Unknown|2025-04-07|wild_avian|D1.1,Atlantic,Mississippi
1135,43,0.558915526694475,-114.350557086718,44.3736029829677,-114.585149457312,44.3615184931569,0.755956195447062,0.197040668752587,2024.70683789796,2025.26575342466,SRR33370196|A/Great_Horned_Owl/MT/25-012288-002-original/2025|H5N1|USA-MT|Unknown|2025-04-08|wild_avian|D1.1,Central,Central
1240,131,0.507678949570672,-117.435928412955,36.7236880392763,-114.176899687337,39.780907875824,0.755956195447062,0.24827724587639,2024.75807447509,2025.26575342466,SRR33370177|A/Snowy_Owl/WI/25-012050-001-original/2025|H5N1|USA-WI|Unknown|2025-04-08|wild_avian|D1.1,Mississippi,Mississippi
1264,186,0.401854486637294,-94.1437452993778,42.882527230865,-95.1365056279134,45.0327202070934,0.755956195447062,0.354101708809769,2024.86389893802,2025.26575342466,SRR33370176|A/Trumpeter_Swan/IA/25-011816-001-original/2025|H5N1|USA-IA|Unknown|2025-04-08|wild_avian|D1.1,Mississippi,Mississippi
994,564,0.491821457192304,-112.734036486109,47.068591408531,-100.403000383514,42.4542750423593,0.761435647501777,0.269614190309473,2024.77941141952,2025.27123287671,SRR33476799|A/Cooper_s_Hawk/MO/25-012813-008-original/2025|H5N1|USA-MO|Unknown|2025-04-10|wild_avian|D1.1,Central,Mississippi
1002,595,0.47782955720686,-108.484392622044,37.3181235475561,-96.3093990178611,34.1908987265366,0.761435647501777,0.283606090294917,2024.79340331951,2025.27123287671,SRR34710266|A/Red-tailed_Hawk/CO/25-019366-002-original/2025|H5N1|USA-CO|Unknown|2025-04-10|wild_avian|D1.1,Pacific,Central
1325,232,0.405267888200622,-98.8301419944494,36.4029925004683,-100.275726954504,31.8056997780054,0.761435647501777,0.356167759301155,2024.86596498851,2025.27123287671,SRR33476774|A/Turkey_Vulture/MO/25-012813-002-original/2025|H5N1|USA-MO|Unknown|2025-04-10|wild_avian|D1.1,Mississippi,Mississippi
836,406,0.287436160741681,-117.494890159146,34.6871564657577,-115.628456828482,35.9851769596328,0.761435647501777,0.473999486760096,2024.98379671597,2025.27123287671,SRR33476801|A/Canada_Goose/SD/25-013305-001-original/2025|H5N1|USA-SD|Unknown|2025-04-10|wild_avian|D1.1,Central,Central
1314,150,0.0910856436798332,-104.26759985856,39.5554403058786,-104.820720175524,39.2890061793219,0.761435647501777,0.670350003821944,2025.18014723303,2025.27123287671,SRR33476809|A/canada_goose/KY/25-013218-002/2025|H5N1|USA-KY|Mason|2025-04-10|wild_avian|D1.1,Mississippi,Mississippi
1315,148,0.0858892691190634,-104.251773849565,39.4486605402026,-104.543435755357,39.112816928162,0.761435647501777,0.675546378382714,2025.18534360759,2025.27123287671,SRR33476805|A/black_vulture/KY/25-013218-001/2025|H5N1|USA-KY|Mason|2025-04-10|wild_avian|D1.1,Mississippi,Mississippi
748,654,0.0325018409403536,-85.7720999259043,40.0435902733303,-86.0685154716744,40.0898057181839,0.761435647501777,0.728933806561423,2025.23873103577,2025.27123287671,SRR33370209|A/Black_Vulture/VA/25-012471-002-original/2025|H5N1|USA-VA|Unknown|2025-04-10|wild_avian|D1.1,Atlantic,Atlantic
1328,220,0.364469894773704,-98.7406525587603,39.3631441956219,-94.7240170612368,35.9614186173169,0.764175373529362,0.399705478755658,2024.90950270797,2025.27397260274,SRR33682307|A/Turkey_Vulture/IN/25-014056-001-original/2025|H5N1|USA-IN|Unknown|2025-04-11|wild_avian|D1.1,Mississippi,Mississippi
970,971,0.051112416112817,-118.46306134001,39.024259236849,-118.62750090997,38.7848473253991,0.768249871377716,0.717137455264899,2025.22693468448,2025.27804710059,NA,Pacific,Pacific
949,334,0.556652486512174,-112.024612475908,45.4442523949288,-117.028281259634,35.8581362731156,0.769654825584076,0.213002339071902,2024.72279956828,2025.27945205479,SRR33682331|A/Cougar/CA/25-014656-002-original/2025|H5N1|USA-CA|Unknown|2025-04-13|feline|D1.1,Central,Pacific
1040,1041,0.0339825730220753,-76.4739981242421,40.8698483586167,-76.6430659407246,41.5395497061579,0.770026852823706,0.73604427980163,2025.24584150901,2025.27982408203,NA,Atlantic,Atlantic
1171,1172,0.0526744301308921,-71.6055455827496,43.8389162361929,-71.2639600517846,43.376468480325,0.772452550502755,0.719778120371863,2025.22957534958,2025.28224977971,NA,Atlantic,Atlantic
1131,1132,0.0722075477571265,-103.505208132287,32.7235975162704,-104.575193735668,32.0651947386707,0.774749191354578,0.702541643597452,2025.21233887281,2025.28454642056,NA,Mississippi,Mississippi
1224,113,0.492937927036274,-85.5718877476341,40.7417116439797,-86.3849341525015,39.9576407833661,0.780613729693733,0.287675802657459,2024.79747303187,2025.2904109589,SRR34425892|A/red_fox/NJ/25-018509-002/2025|H5N1|USA-NJ|Mercer|2025-04-17|other_mammal|D1.1,Atlantic,Atlantic
1126,18,0.408578732034731,-103.938223257799,33.3948561623575,-101.882332127058,37.6787713694718,0.780613729693733,0.372034997659002,2024.88183222687,2025.2904109589,SRR34425893|A/red_fox/NJ/25-018509-001/2025|H5N1|USA-NJ|Mercer|2025-04-17|other_mammal|D1.1,Atlantic,Atlantic
1065,537,0.057634787068662,-100.082668272578,38.3056241107906,-100.083833169554,38.3095565760971,0.783353455721091,0.725718668652429,2025.23551589786,2025.29315068493,SRR34270262|A/black_vulture/GA/25-017626-002/2025|H5N1|USA-GA|Monroe|2025-04-18|wild_avian|D1.1,Atlantic,Atlantic
748,749,0.055312659222254,-85.7720999259043,40.0435902733303,-88.1514030404874,41.3832684238599,0.784246465783677,0.728933806561423,2025.23873103577,2025.29404369499,NA,Atlantic,Atlantic
1169,79,0.0785370549783644,-70.161668905105,43.7532188536444,-71.67975318593,44.9259441559868,0.788832907775806,0.710295852797441,2025.22009308201,2025.29863013699,SRR35319688|A/Common_Eider/MA/25-021407-030-original/2025|H5N1|USA-MA|Unknown|2025-04-20|wild_avian|D1.1,Atlantic,Atlantic
971,972,0.0215235470811732,-118.62750090997,38.7848473253991,-117.319953153758,39.0404662861684,0.789773418458889,0.768249871377716,2025.27804710059,2025.29957064767,NA,Pacific,Pacific
1016,1017,0.181218157483508,-79.965415122472,36.8760692417098,-83.5377586004164,34.5453168469716,0.79046336151407,0.609245204030562,2025.11904243324,2025.30026059072,NA,Atlantic,Atlantic
983,616,0.581329376678986,-109.999677389362,47.1402734983892,-105.525479335815,47.2871903528061,0.791572633803163,0.210243257124177,2024.72004048633,2025.30136986301,SRR33476770|A/Turkey_Vulture/WY/25-013045-001-original/2025|H5N1|USA-WY|Unknown|2025-04-21|wild_avian|D1.1,Pacific,Central
1118,25,0.465024512655279,-114.177447496303,41.344156806811,-102.112322970518,35.5083070779393,0.791572633803163,0.326548121147884,2024.83634535036,2025.30136986301,SRR33565201|A/canada_goose/NY/25-013428-001/2025|H5N1|USA-NY|Niagara|2025-04-21|wild_avian|D1.1,Mississippi,Atlantic
1205,125,0.450054001691964,-87.6314239699439,36.6417740743202,-87.7829227598047,36.5676774929246,0.791572633803163,0.341518632111199,2024.85131586132,2025.30136986301,SRR33830326|A/red_tailed_hawk/NY/25-013427-001/2025|H5N1|USA-NY|Jefferson|2025-04-21|wild_avian|D1.1,Atlantic,Atlantic
836,405,0.317573147043067,-117.494890159146,34.6871564657577,-115.429485799923,33.934256842547,0.791572633803163,0.473999486760096,2024.98379671597,2025.30136986301,SRR33476668|A/chicken/MN/25-013149-001-original/2025|H5N1|USA-MN|Unknown|2025-04-21|domestic_avian|D1.1,Central,Mississippi
1016,292,0.182327429772601,-79.965415122472,36.8760692417098,-79.3834786556991,38.5557702906217,0.791572633803163,0.609245204030562,2025.11904243324,2025.30136986301,SRR33682355|A/black_vulture/NC/25-013413-001/2025|H5N1|USA-NC|Mecklenburg|2025-04-21|wild_avian|D1.1,Atlantic,Atlantic
1130,13,0.0709283964345403,-98.9555241560597,41.6729922015411,-98.5456145208458,41.686361883598,0.797052085858105,0.726123689423565,2025.23592091863,2025.30684931507,SRR33764586|A/Great_Horned_Owl/CT/25-013382-001-original-repeat2/2025|H5N1|USA-CT|Unknown|2025-04-23|wild_avian|D1.1,Atlantic,Atlantic
971,581,0.0288022144803894,-118.62750090997,38.7848473253991,-119.72193173124,39.4524040284752,0.797052085858105,0.768249871377716,2025.27804710059,2025.30684931507,SRR33764593|A/cattle/AZ/25-013772-001-original-repeat2/2025|H5N1|USA-AZ|Unknown|2025-04-23|cattle|D1.1,Pacific,Pacific
1041,1042,0.0288852880972666,-76.6430659407246,41.5395497061579,-76.1349848226232,41.4088334245913,0.798912140920972,0.770026852823706,2025.27982408203,2025.30870937013,NA,Atlantic,Atlantic
1145,41,0.444064620878893,-94.7114274004378,44.3182638374501,-94.6840158297599,44.0419079424699,0.799791811885463,0.35572719100657,2024.86552442022,2025.3095890411,SRR33764590|A/bald_eagle/MI/25-013929-001/2025|H5N1|USA-MI|Manistee|2025-04-24|wild_avian|D1.1,Mississippi,Mississippi
1000,601,0.0623595664796365,-104.038227645724,38.6577438214859,-104.310671540905,34.6306486051577,0.799791811885463,0.737432245405826,2025.24722947462,2025.3095890411,SRR33682312|A/Sand_Crane/WA/25-014081-001-original/2025|H5N1|USA-WA|Unknown|2025-04-24|wild_avian|D1.1,Pacific,Pacific
707,627,0.52117949100434,-115.329766969192,43.8362244816326,-116.702078337227,43.4195857235696,0.80253153791282,0.28135204690848,2024.79114927612,2025.31232876712,SRR33682316|A/Red-tailed_Hawk/ID/25-014530-001-original/2025|H5N1|USA-ID|Unknown|2025-04-25|wild_avian|D1.1,Pacific,Pacific
1114,28,0.42899848600703,-103.070135103047,45.3740962655671,-102.247690560881,44.2499462620187,0.80253153791282,0.37353305190579,2024.88333028112,2025.31232876712,SRR33682328|A/Great_Horned_Owl/ID/25-014531-001-original/2025|H5N1|USA-ID|Unknown|2025-04-25|wild_avian|D1.1,Pacific,Pacific
1295,1296,0.535271360283624,-95.3235964402627,39.0788077471739,-96.3270599112212,38.6328129756043,0.809517077255468,0.274245716971844,2024.78404294618,2025.31931430647,NA,Atlantic,Atlantic
1042,304,0.0118385750741471,-76.1349848226232,41.4088334245913,-76.5013434769924,41.5833337100724,0.810750715995119,0.798912140920972,2025.30870937013,2025.32054794521,SRR33830330|A/black_vulture/PA/25-015563-001/2025|H5N1|USA-PA|Chester|2025-04-28|wild_avian|D1.1,Atlantic,Atlantic
968,585,0.455765793522605,-116.643923170941,42.2783468339316,-110.471492977732,31.3847130439646,0.816230168049834,0.360464374527229,2024.87026160374,2025.32602739726,SRR33682297|A/Turkey_Vulture/UT/25-014690-001-original/2025|H5N1|USA-UT|Unknown|2025-04-30|wild_avian|D1.1,Central,Pacific
1131,14,0.113688524452382,-103.505208132287,32.7235975162704,-103.325851351754,32.5612410911975,0.816230168049834,0.702541643597452,2025.21233887281,2025.32602739726,SRR33564631|A/chicken/IN/25-014151-001-original/2025|H5N1|USA-IN|Unknown|2025-04-30|domestic_avian|D1.1,Mississippi,Mississippi
1132,16,0.0414809766952559,-104.575193735668,32.0651947386707,-107.030009319978,32.2977619100435,0.816230168049834,0.774749191354578,2025.28454642056,2025.32602739726,SRR33564627|A/Guineafowl/IL/25-014146-002-original/2025|H5N1|USA-IL|Unknown|2025-04-30|domestic_avian|D1.1,Mississippi,Mississippi
1017,1020,0.0288939100313103,-83.5377586004164,34.5453168469716,-83.8481480340987,35.6884013889046,0.81935727154538,0.79046336151407,2025.30026059072,2025.32915450076,NA,Atlantic,Atlantic
1172,1174,0.0486278860654037,-71.2639600517846,43.376468480325,-71.1199573555895,43.4709994662774,0.821080436568159,0.772452550502755,2025.28224977971,2025.33087766578,NA,Atlantic,Atlantic
849,412,0.13877688032235,-115.249039867622,33.2359047866278,-113.63487125907,35.6425229264945,0.821709620104549,0.682932739782199,2025.19272996899,2025.33150684932,SRR33830328|A/Great_Horned_Owl/MT/25-015870-001-original/2025|H5N1|USA-MT|Unknown|2025-05-02|wild_avian|D1.1,Central,Central
850,858,0.0906257180920573,-115.725877796288,39.6962104149284,-118.799818715923,40.492121694474,0.823640328887651,0.733014610795593,2025.24281184001,2025.3334375581,NA,Pacific,Central
1165,90,0.441391376814414,-70.0355390991546,41.7031668474479,-71.1219018024129,41.9808832347852,0.829928798186849,0.388537421372435,2024.89833465058,2025.3397260274,SRR33764587|A/Fox/MA/25-015209-001-original/2025|H5N1|USA-MA|Unknown|2025-05-05|other_mammal|D1.1,Atlantic,Atlantic
844,409,0.504740522246218,-117.119224374678,32.9940011886858,-116.764117985083,33.5537407231508,0.832668524214206,0.327928001967988,2024.83772523118,2025.34246575342,SRR33764588|A/cat/SD/25-015467-001-original/2025|H5N1|USA-SD|Unknown|2025-05-06|feline|D1.1,Central,Central
1017,1018,0.0424278298985727,-83.5377586004164,34.5453168469716,-82.2824509961923,32.3914821604434,0.832891191412643,0.79046336151407,2025.30026059072,2025.34268842062,NA,Atlantic,Atlantic
1228,235,0.603144960966439,-121.173967575589,44.8211472709419,-121.513699876141,46.4744417747232,0.835408250241563,0.232263289275125,2024.74206051849,2025.34520547945,SRR33764582|A/Turkey_Vulture/IA/25-014877-001-original/2025|H5N1|USA-IA|Unknown|2025-05-07|wild_avian|D1.1,Central,Mississippi
687,266,0.478723095047872,-95.124530461762,31.7930711601316,-93.3579119199694,31.5700054430007,0.835408250241563,0.356685155193691,2024.8664823844,2025.34520547945,SRR33764581|A/Turkey_Vulture/IA/25-014877-002-original/2025|H5N1|USA-IA|Unknown|2025-05-07|wild_avian|D1.1,Mississippi,Mississippi
1065,1066,0.114840595060657,-100.082668272578,38.3056241107906,-97.963814670797,37.172771154567,0.840559263713085,0.725718668652429,2025.23551589786,2025.35035649292,NA,Atlantic,Atlantic
1130,12,0.114764012872713,-98.9555241560597,41.6729922015411,-101.826468687082,42.5103898157033,0.840887702296278,0.726123689423565,2025.23592091863,2025.35068493151,SRR33682397|A/Duck/NJ/25-015044-006-original/2025|H5N1|USA-NJ|Unknown|2025-05-09|domestic_avian|D1.1,Atlantic,Atlantic
858,865,0.0193081127379666,-118.799818715923,40.492121694474,-118.8260778349,45.2757270905104,0.842948441625617,0.823640328887651,2025.3334375581,2025.35274567084,NA,Central,Central
1064,533,0.302986903431553,-99.5912779672602,37.5271228288886,-102.078201791409,38.092574475724,0.843627428323863,0.54064052489231,2025.0504377541,2025.35342465753,SRR33943918|A/Muscovy_Duck/GA/25-016493-001-original/2025|H5N1|USA-GA|Unknown|2025-05-10|wild_avian|D1.1,Atlantic,Atlantic
747,753,0.136633351760023,-85.8661638623519,40.2411542504605,-86.848803193519,40.8106312094959,0.844857706390249,0.708224354630226,2025.21802158384,2025.3546549356,NA,Atlantic,Atlantic
858,859,0.0252381174064807,-118.799818715923,40.492121694474,-119.369529225642,41.47258362091,0.848878446294132,0.823640328887651,2025.3334375581,2025.3586756755,NA,Central,Central
859,860,0.00398600744735045,-119.369529225642,41.47258362091,-119.302253548292,41.5165053247638,0.852864453741482,0.848878446294132,2025.3586756755,2025.36266168295,NA,Central,Central
1041,306,0.0872992056369442,-76.6430659407246,41.5395497061579,-77.1341629130226,41.3166695566973,0.85732605846065,0.770026852823706,2025.27982408203,2025.36712328767,SRR33993064|A/Black_Vulture/PA/25-017251-001-original/2025|H5N1|USA-PA|Unknown|2025-05-15|wild_avian|D1.1,Atlantic,Atlantic
1170,87,0.177208302231012,-71.001709187127,43.0813193613981,-72.7177475798699,44.0534161891129,0.860065784488235,0.682857482257222,2025.19265471147,2025.3698630137,SRR34710290|A/Great_Black-Backed_Gull/MA/25-019390-021-original/2025|H5N1|USA-MA|Unknown|2025-05-16|wild_avian|D1.1,Atlantic,Atlantic
1020,293,0.0516674170522841,-83.8481480340987,35.6884013889046,-83.2274288518957,36.2946474035174,0.871024688597664,0.81935727154538,2025.32915450076,2025.38082191781,SRR33943914|A/black_vulture/SC/25-016638-004/2025|H5N1|USA-SC|Chester|2025-05-20|wild_avian|D1.1,Atlantic,Atlantic
1018,299,0.0381334971850216,-82.2824509961923,32.3914821604434,-82.1604285682703,31.8090863857424,0.871024688597664,0.832891191412643,2025.34268842062,2025.38082191781,SRR33943915|A/black_vulture/SC/25-016638-003/2025|H5N1|USA-SC|Chester|2025-05-20|wild_avian|D1.1,Atlantic,Atlantic
865,868,0.0315122546238022,-118.8260778349,45.2757270905104,-116.888090467364,41.5374992699711,0.87446069624942,0.842948441625617,2025.35274567084,2025.38425792546,NA,Central,Central
972,582,0.0867307221937175,-117.319953153758,39.0404662861684,-116.746193218866,38.898119519112,0.876504140652606,0.789773418458889,2025.29957064767,2025.38630136986,SRR33830342|A/chicken/AZ/25-016339-007-original/2025|H5N1|USA-AZ|Unknown|2025-05-22|domestic_avian|D1.1,Pacific,Pacific
749,651,0.0949974008962864,-88.1514030404874,41.3832684238599,-88.233426175929,38.2823185719529,0.879243866679964,0.784246465783677,2025.29404369499,2025.38904109589,SRR34710267|A/Black_Vulture/VA/25-019364-001-original/2025|H5N1|USA-VA|Unknown|2025-05-23|wild_avian|D1.1,Atlantic,Atlantic
972,973,0.0951630118790878,-117.319953153758,39.0404662861684,-114.909042883973,40.1154630251153,0.884936430337977,0.789773418458889,2025.29957064767,2025.39473365955,NA,Pacific,Pacific
1269,169,0.531033115668025,-110.093859158289,37.7846935043276,-100.896674253414,37.6437087311328,0.890202770789621,0.359169655121596,2024.86896688433,2025.4,SRR33993059|A/Turkey_Vulture/NY/25-016857-001-original/2025|H5N1|USA-NY|Unknown|2025-05-27|wild_avian|D1.1,Atlantic,Atlantic
948,518,0.592032756191462,-107.167154127146,37.7408252292729,-92.3569473146016,32.4926335623115,0.895682222844336,0.303649466652874,2024.81344669586,2025.40547945205,SRR33993061|A/Red_Fox/CO/25-017245-001-original/2025|H5N1|USA-CO|Unknown|2025-05-29|other_mammal|D1.1,Pacific,Central
1138,33,0.526652284867245,-94.1646092845171,42.0079063674149,-92.7131520933799,43.2270471461405,0.895682222844336,0.36902993797709,2024.87882716719,2025.40547945205,SRR33993066|A/bald_eagle/MI/25-017061-001/2025|H5N1|USA-MI|Osceola|2025-05-29|wild_avian|D1.1,Mississippi,Mississippi
1288,176,0.167975095153473,-102.873491739732,41.1083906040957,-104.696835487764,42.6086881283121,0.895682222844336,0.727707127690863,2025.2375043569,2025.40547945205,SRR33993065|A/bald_eagle/MI/25-017061-002/2025|H5N1|USA-MI|Mason|2025-05-29|wild_avian|D1.1,Mississippi,Mississippi
777,778,0.128713836312119,-94.5910604549894,44.0647278496149,-93.6927493360545,46.5706261656692,0.905918304889711,0.777204468577593,2025.28700169779,2025.4157155341,NA,Mississippi,Central
1174,85,0.0855606903858339,-71.1199573555895,43.4709994662774,-71.2861080873943,42.922355187367,0.906641126953992,0.821080436568159,2025.33087766578,2025.41643835616,SRR34710258|A/Common_Eider/MA/25-019390-025-original/2025|H5N1|USA-MA|Unknown|2025-06-02|wild_avian|D1.1,Atlantic,Atlantic
1040,308,0.173336573179719,-76.4739981242421,40.8698483586167,-77.0607994227432,40.9022547575356,0.90938085298135,0.73604427980163,2025.24584150901,2025.41917808219,SRR34270259|A/black_vulture/PA/25-017748-001/2025|H5N1|USA-PA|Lehigh|2025-06-03|wild_avian|D1.1,Atlantic,Atlantic
1042,305,0.110468712060377,-76.1349848226232,41.4088334245913,-75.5767746860705,41.0103061050292,0.90938085298135,0.798912140920972,2025.30870937013,2025.41917808219,SRR34270258|A/black_vulture/PA/25-017748-002/2025|H5N1|USA-PA|Lehigh|2025-06-03|wild_avian|D1.1,Atlantic,Atlantic
1288,177,0.187153177345202,-102.873491739732,41.1083906040957,-105.154292889606,39.1018850030533,0.914860305036065,0.727707127690863,2025.2375043569,2025.42465753425,SRR34425901|A/caspian_tern/WI/25-018001-001/2025|H5N1|USA-WI|Door|2025-06-05|wild_avian|D1.1,Mississippi,Mississippi
973,583,0.0299238746980879,-114.909042883973,40.1154630251153,-115.960008427733,40.9715100435794,0.914860305036065,0.884936430337977,2025.39473365955,2025.42465753425,SRR34270136|A/chicken/AZ/25-017630-002-original/2025|H5N1|USA-AZ|Unknown|2025-06-05|domestic_avian|D1.1,Pacific,Pacific
1172,1173,0.14311730572228,-71.2639600517846,43.376468480325,-72.7292629873829,42.6710706968948,0.915569856225035,0.772452550502755,2025.28224977971,2025.42536708544,NA,Atlantic,Atlantic
1062,532,0.538741595946239,-103.45954519757,37.0773288754535,-106.796818291909,33.0464162178157,0.917600031063422,0.378858435117183,2024.88865566433,2025.42739726027,SRR34270261|A/turkey_vulture/NC/25-017667-001/2025|H5N1|USA-NC|Durham|2025-06-06|wild_avian|D1.1,Mississippi,Atlantic
778,806,0.0246105473759289,-93.6927493360545,46.5706261656692,-93.571807482403,46.2905405663104,0.93052885226564,0.905918304889711,2025.4157155341,2025.44032608148,NA,Central,Central
865,866,0.0882541633708191,-118.8260778349,45.2757270905104,-97.143493438011,45.6292254490527,0.931202604996437,0.842948441625617,2025.35274567084,2025.44099983421,NA,Central,Mississippi
1132,15,0.156549469845858,-104.575193735668,32.0651947386707,-106.388341815404,31.7862976263418,0.931298661200436,0.774749191354578,2025.28454642056,2025.44109589041,SRR34425894|A/Peregrine_falcon/IL/25-018249-001/2025|H5N1|USA-IL|DuPage|2025-06-11|wild_avian|D1.1,Mississippi,Mississippi
868,906,0.0733016001518781,-116.888090467364,41.5374992699711,-118.032347805952,40.815929826284,0.947762296401298,0.87446069624942,2025.38425792546,2025.45755952561,NA,Central,Central
806,818,0.0252065593249271,-93.571807482403,46.2905405663104,-100.916077281074,44.9132905765152,0.955735411590567,0.93052885226564,2025.44032608148,2025.4655326408,NA,Central,Central
868,869,0.0868287952728285,-116.888090467364,41.5374992699711,-117.673227540889,42.5528459838291,0.961289491522248,0.87446069624942,2025.38425792546,2025.47108672073,NA,Central,Central
869,881,0.00648377980904413,-117.673227540889,42.5528459838291,-120.803645912464,41.6832806650696,0.967773271331292,0.961289491522248,2025.47108672073,2025.47757050054,NA,Central,Central
1129,11,0.261301892093203,-99.4348469347559,40.9440907523083,-96.4458607086668,42.4168409644261,0.969654825584122,0.708352933490919,2025.2181501627,2025.47945205479,SRR34542590|A/Domestic_Cat/NJ/25-019482-001-original/2025|H5N1|USA-NJ|Unknown|2025-06-25|feline|D1.1,Atlantic,Atlantic
1301,1303,0.0027309079568103,-71.3268554329295,43.129242592957,-71.5887544257452,43.2567885513952,0.972114775746148,0.969383867789337,2025.479181097,2025.48191200496,NA,Atlantic,Atlantic
1173,82,0.0568246953864442,-72.7292629873829,42.6710706968948,-72.9878800728199,43.6729083503156,0.972394551611479,0.915569856225035,2025.42536708544,2025.48219178082,SRR34980327|A/Herring_Gull/NH/25-021405-002-original/2025|H5N1|USA-NH|Unknown|2025-06-26|wild_avian|D1.1,Atlantic,Atlantic
850,851,0.240064685382602,-115.725877796288,39.6962104149284,-118.237655178169,39.1259949522031,0.973079296178195,0.733014610795593,2025.24281184001,2025.48287652539,NA,Pacific,Central
881,882,0.00877098739763404,-120.803645912464,41.6832806650696,-120.067902748938,42.3094600792047,0.976544258728926,0.967773271331292,2025.47757050054,2025.48634148794,NA,Central,Central
851,852,0.00348098631953575,-118.237655178169,39.1259949522031,-118.066348967569,39.1193169604912,0.976560282497731,0.973079296178195,2025.48287652539,2025.48635751171,NA,Central,Central
882,886,0.00238064738158805,-120.067902748938,42.3094600792047,-120.172730371724,42.3693212458038,0.978924906110514,0.976544258728926,2025.48634148794,2025.48872213532,NA,Central,Central
1173,81,0.0650438734685164,-72.7292629873829,42.6710706968948,-73.3264916418891,42.5292431763506,0.980613729693552,0.915569856225035,2025.42536708544,2025.4904109589,SRR34980362|A/Common_Eider/ME/25-021406-018-original/2025|H5N1|USA-ME|Unknown|2025-06-29|wild_avian|D1.1,Atlantic,Atlantic
1315,1316,0.306609347373922,-104.251773849565,39.4486605402026,-104.072968502061,39.6587170421424,0.982155725756635,0.675546378382714,2025.18534360759,2025.49195295497,NA,Mississippi,Mississippi
691,692,0.680900333625082,-108.266949562501,43.2130510753201,-96.1599891875273,36.4949845736749,0.982300999174571,0.301400665549489,2024.81119789476,2025.49209822838,NA,Central,Mississippi
778,779,0.0776042036127401,-93.6927493360545,46.5706261656692,-93.53420493146,46.6904448062147,0.983522508502451,0.905918304889711,2025.4157155341,2025.49331973771,NA,Central,Central
1018,1019,0.151085845633275,-82.2824509961923,32.3914821604434,-82.2488255909984,32.5215648644872,0.983977037045918,0.832891191412643,2025.34268842062,2025.49377426626,NA,Atlantic,Atlantic
866,867,0.0536418287909581,-97.143493438011,45.6292254490527,-97.2964390513903,45.2207159726338,0.984844433787395,0.931202604996437,2025.44099983421,2025.494641663,NA,Mississippi,Mississippi
906,913,0.0372044896910474,-118.032347805952,40.815929826284,-112.301147271885,47.3329201862309,0.984966786092345,0.947762296401298,2025.45755952561,2025.4947640153,NA,Central,Pacific
869,870,0.0239116641698552,-117.673227540889,42.5528459838291,-117.701660230142,42.5462992303434,0.985201155692103,0.961289491522248,2025.47108672073,2025.4949983849,NA,Central,Central
1039,309,0.266023583766071,-77.9947920475817,40.5638354674652,-75.8127712825095,41.7992114600604,0.986093181748494,0.720069597982422,2025.22986682719,2025.49589041096,SRR34542496|A/Mallard_Duck/PA/25-019408-006-original/2025|H5N1|USA-PA|Unknown|2025-07-01|wild_avian|D1.1,Atlantic,Atlantic
870,871,0.00155251564143,-117.701660230142,42.5462992303434,-117.128570502114,42.3331022509131,0.986753671333533,0.985201155692103,2025.4949983849,2025.49655090054,NA,Central,Central
806,807,0.0572950907398962,-93.571807482403,46.2905405663104,-92.2137856726115,40.2417502767935,0.987823943005536,0.93052885226564,2025.44032608148,2025.49762117222,NA,Central,Mississippi
881,893,0.0233807518314526,-120.803645912464,41.6832806650696,-121.911936804977,43.5979435125089,0.991154023162745,0.967773271331292,2025.47757050054,2025.50095125237,NA,Central,Central
886,887,0.0133053951157812,-120.172730371724,42.3693212458038,-119.892821155577,42.475607481432,0.992230301226296,0.978924906110514,2025.48872213532,2025.50202753044,NA,Central,Central
893,894,0.00160309869672881,-121.911936804977,43.5979435125089,-121.667253420592,43.6995782988455,0.992757121859474,0.991154023162745,2025.50095125237,2025.50255435107,NA,Central,Central
1020,1021,0.174275135505446,-83.8481480340987,35.6884013889046,-82.545235714943,33.3235263041415,0.993632407050826,0.81935727154538,2025.32915450076,2025.50342963626,NA,Atlantic,Mississippi
894,895,0.00630503036316554,-121.667253420592,43.6995782988455,-121.895329980367,43.785828487221,0.999062152222639,0.992757121859474,2025.50255435107,2025.50885938143,NA,Central,Central
818,819,0.0454365596221848,-100.916077281074,44.9132905765152,-101.036470689419,45.2785041362509,1.00117197121275,0.955735411590567,2025.4655326408,2025.51096920042,NA,Central,Central
779,780,0.0182436621599142,-93.53420493146,46.6904448062147,-92.7455859696166,45.4031194419902,1.00176617066237,0.983522508502451,2025.49331973771,2025.51156339987,NA,Central,Mississippi
893,904,0.011084409220679,-121.911936804977,43.5979435125089,-122.091564648013,43.4721448021993,1.00223843238342,0.991154023162745,2025.50095125237,2025.51203566159,NA,Central,Central
895,896,0.00657079241312197,-121.895329980367,43.785828487221,-122.193784747612,43.9510742357113,1.00563294463576,0.999062152222639,2025.50885938143,2025.51543017385,NA,Central,Central
1171,86,0.288232869595717,-71.6055455827496,43.8389162361929,-70.9405094349414,43.9836081172272,1.00801098996758,0.719778120371863,2025.22957534958,2025.51780821918,SRR34980314|A/Common_Eider/NH/25-021405-003-original/2025|H5N1|USA-NH|Unknown|2025-07-09|wild_avian|D1.1,Atlantic,Atlantic
867,423,0.0231665561801853,-97.2964390513903,45.2207159726338,-98.3092436298863,45.3693382990706,1.00801098996758,0.984844433787395,2025.494641663,2025.51780821918,SRR36209098|A/Blue-winged_Teal/OH/25G02925-001-original/2025|H5N1|USA-OH|Unknown|2025-07-09|wild_avian|D1.1,Mississippi,Mississippi
904,905,0.00591817137397976,-122.091564648013,43.4721448021993,-120.263362420421,41.8902315514918,1.0081566037574,1.00223843238342,2025.51203566159,2025.51795383297,NA,Central,Central
851,853,0.0356384572018842,-118.237655178169,39.1259949522031,-118.269819775489,38.8296238910697,1.00871775338008,0.973079296178195,2025.48287652539,2025.51851498259,NA,Central,Central
780,790,0.00740872637647971,-92.7455859696166,45.4031194419902,-91.1675815331021,45.7745020663738,1.00917489703885,1.00176617066237,2025.51156339987,2025.51897212625,NA,Mississippi,Mississippi
913,914,0.0242214889756383,-112.301147271885,47.3329201862309,-112.167939995931,44.9969924916625,1.00918827506798,0.984966786092345,2025.4947640153,2025.51898550428,NA,Pacific,Pacific
780,781,0.00863376148701667,-92.7455859696166,45.4031194419902,-91.3245752787609,44.2431232996392,1.01039993214938,1.00176617066237,2025.51156339987,2025.52019716136,NA,Mississippi,Central
1259,215,0.655264481101081,-97.4479375832637,32.5729847898081,-116.220526061919,41.1761819381995,1.01075071599494,0.355486234893857,2024.8652834641,2025.52054794521,SRR35151399|A/snow_goose/ND/25-020340-001/2025|H5N1|USA-ND|Ward|2025-07-10|wild_avian|D1.1,Mississippi,Central
914,928,0.00194554342667641,-112.167939995931,44.9969924916625,-112.186623279917,44.9643560589435,1.01113381849466,1.00918827506798,2025.51898550428,2025.52093104771,NA,Pacific,Pacific
1303,1304,0.0415607938811682,-71.5887544257452,43.2567885513952,-69.97560506906,44.7993127595031,1.01367556962732,0.972114775746148,2025.48191200496,2025.52347279884,NA,Atlantic,Atlantic
1080,1081,0.736269608718538,-104.271238770398,48.3282208437905,-104.398301694604,47.291747660675,1.01526409809006,0.278994489371523,2024.78879171858,2025.5250613273,NA,Central,Central
1316,1317,0.0339852562252629,-104.072968502061,39.6587170421424,-102.451794263095,39.5827662876416,1.0161409819819,0.982155725756635,2025.49195295497,2025.52593821119,NA,Mississippi,Mississippi
1169,80,0.305934315252439,-70.161668905105,43.7532188536444,-71.2246680367362,44.9940174180225,1.01623016804988,0.710295852797441,2025.22009308201,2025.52602739726,SRR34980303|A/Common_Eider/NH/25-021405-004-original/2025|H5N1|USA-NH|Unknown|2025-07-12|wild_avian|D1.1,Atlantic,Atlantic
1301,1302,0.047370756739411,-71.3268554329295,43.129242592957,-71.5232535933423,43.5272972090902,1.01675462452875,0.969383867789337,2025.479181097,2025.52655185374,NA,Atlantic,Atlantic
1032,1033,0.0405739891779013,-74.8763171712317,39.346349708562,-77.1028121000545,39.9579333295082,1.01718804936243,0.976614060184525,2025.48641128939,2025.52698527857,NA,Atlantic,Atlantic
781,782,0.00717196801778619,-91.3245752787609,44.2431232996392,-92.4789064333017,45.6693834087064,1.01757190016717,1.01039993214938,2025.52019716136,2025.52736912938,NA,Central,Central
914,915,0.00875817194494299,-112.167939995931,44.9969924916625,-112.598281674063,44.8477508434762,1.01794644701293,1.00918827506798,2025.51898550428,2025.52774367622,NA,Pacific,Pacific
906,907,0.0702967615892481,-118.032347805952,40.815929826284,-119.909689857112,45.9190870875077,1.01805905799055,0.947762296401298,2025.45755952561,2025.5278562872,NA,Central,Pacific
907,908,0.000323285093750458,-119.909689857112,45.9190870875077,-119.874554949263,45.913363377048,1.0183823430843,1.01805905799055,2025.5278562872,2025.52817957229,NA,Pacific,Pacific
928,929,0.00734918784180461,-112.186623279917,44.9643560589435,-111.353408817085,45.2004147057872,1.01848300633646,1.01113381849466,2025.52093104771,2025.52828023555,NA,Pacific,Pacific
882,883,0.0430743357430325,-120.067902748938,42.3094600792047,-120.092693622572,42.322245206291,1.01961859447196,0.976544258728926,2025.48634148794,2025.52941582368,NA,Central,Central
896,897,0.0146195653392771,-122.193784747612,43.9510742357113,-122.449056365213,43.7294177129297,1.02025250997504,1.00563294463576,2025.51543017385,2025.53004973919,NA,Central,Central
782,783,0.00382557327979072,-92.4789064333017,45.6693834087064,-92.6874888951916,45.779074514449,1.02139747344696,1.01757190016717,2025.52736912938,2025.53119470266,NA,Central,Central
915,927,0.0058010649310356,-112.598281674063,44.8477508434762,-112.568301273147,44.9110324308338,1.02374751194396,1.01794644701293,2025.52774367622,2025.53354474115,NA,Pacific,Pacific
783,784,0.00259807404428725,-92.6874888951916,45.779074514449,-94.2585853232787,46.0588987634302,1.02399554749125,1.02139747344696,2025.53119470266,2025.5337927767,NA,Central,Central
790,791,0.0151764242795984,-91.1675815331021,45.7745020663738,-91.0829855614615,45.739892944196,1.02435132131844,1.00917489703885,2025.51897212625,2025.53414855053,NA,Mississippi,Mississippi
853,854,0.0156724385606331,-118.269819775489,38.8296238910697,-117.096759508078,37.1901646304825,1.02439019194071,1.00871775338008,2025.51851498259,2025.53418742115,NA,Central,Central
819,822,0.0240690396326146,-101.036470689419,45.2785041362509,-100.927206028483,46.4526699293255,1.02524101084537,1.00117197121275,2025.51096920042,2025.53503824006,NA,Central,Mississippi
883,884,0.00652170010246955,-120.092693622572,42.322245206291,-119.940439225714,42.2568837596255,1.02614029457443,1.01961859447196,2025.52941582368,2025.53593752378,NA,Central,Central
1034,1035,0.0159601986764237,-75.2733932197523,39.7761618771039,-74.5804631775677,39.6175963134792,1.02657491658506,1.01061471790864,2025.52041194712,2025.5363721458,NA,Atlantic,Atlantic
790,793,0.0179544218497001,-91.1675815331021,45.7745020663738,-91.1670549747122,45.7843150280878,1.02712931888855,1.00917489703885,2025.51897212625,2025.5369265481,NA,Mississippi,Mississippi
908,909,0.00906972774955994,-119.874554949263,45.913363377048,-121.697594772757,45.7784044464204,1.02745207083386,1.0183823430843,2025.52817957229,2025.53724930004,NA,Pacific,Pacific
928,942,0.0166516843319515,-112.186623279917,44.9643560589435,-112.156669778347,45.0039497622058,1.02778550282661,1.01113381849466,2025.52093104771,2025.53758273204,NA,Pacific,Pacific
929,930,0.00970171267265174,-111.353408817085,45.2004147057872,-112.763005858506,44.1356353213245,1.02818471900912,1.01848300633646,2025.52828023555,2025.53798194822,NA,Pacific,Pacific
783,785,0.00949113014061398,-92.6874888951916,45.779074514449,-104.783514067326,46.4471393136545,1.03088860358757,1.02139747344696,2025.53119470266,2025.5406858328,NA,Central,Mississippi
854,855,0.00675473628956702,-117.096759508078,37.1901646304825,-115.762155319355,33.9417769069349,1.03114492823028,1.02439019194071,2025.53418742115,2025.54094215744,NA,Central,Pacific
822,823,0.0077193186885125,-100.927206028483,46.4526699293255,-100.369602196659,46.7684956811688,1.03296032953388,1.02524101084537,2025.53503824006,2025.54275755874,NA,Mississippi,Mississippi
807,808,0.0453950786968097,-92.2137856726115,40.2417502767935,-93.1758158106555,40.2467932942994,1.03321902170235,0.987823943005536,2025.49762117222,2025.54301625091,NA,Mississippi,Mississippi
782,788,0.0156859092989681,-92.4789064333017,45.6693834087064,-93.9945088023312,48.2281245420052,1.03325780946614,1.01757190016717,2025.52736912938,2025.54305503868,NA,Central,Mississippi
870,877,0.0490652237873248,-117.701660230142,42.5462992303434,-117.589885580132,42.8531749895291,1.03426637947943,0.985201155692103,2025.4949983849,2025.54406360869,NA,Central,Central
808,815,0.0019838848328031,-93.1758158106555,40.2467932942994,-93.593754855697,40.708716792273,1.03520290653515,1.03321902170235,2025.54301625091,2025.54500013575,NA,Mississippi,Mississippi
788,789,0.00272361352341988,-93.9945088023312,48.2281245420052,-94.6289862471641,47.0081352463136,1.03598142298956,1.03325780946614,2025.54305503868,2025.5457786522,NA,Mississippi,Central
942,943,0.0100464591148721,-112.156669778347,45.0039497622058,-110.674045783033,42.6880867367386,1.03783196194148,1.02778550282661,2025.53758273204,2025.54762919115,NA,Pacific,Pacific
887,890,0.0461168407628418,-119.892821155577,42.475607481432,-115.405745833438,36.5711605844369,1.03834714198914,0.992230301226296,2025.50202753044,2025.5481443712,NA,Central,Central
823,824,0.00765428921164912,-100.369602196659,46.7684956811688,-99.5568350552359,45.6971050112105,1.04061461874553,1.03296032953388,2025.54275755874,2025.55041184796,NA,Mississippi,Mississippi
943,944,0.00412309137908151,-110.674045783033,42.6880867367386,-110.954015135349,42.7776201724232,1.04195505332057,1.03783196194148,2025.54762919115,2025.55175228253,NA,Pacific,Pacific
973,584,0.158690997985704,-114.909042883973,40.1154630251153,-116.35345218326,41.0668496191194,1.04362742832368,0.884936430337977,2025.39473365955,2025.55342465753,SRR35150577|A/cattle/AZ/25-021143-001-original-repeat2/2025|H5N1|USA-AZ|Unknown|2025-07-22|cattle|D1.1,Pacific,Pacific
930,931,0.0169121561314964,-112.763005858506,44.1356353213245,-113.2026116949,44.2544977866494,1.04509687514061,1.02818471900912,2025.53798194822,2025.55489410435,NA,Pacific,Pacific
915,916,0.027867872534634,-112.598281674063,44.8477508434762,-101.800448444493,36.9626752530745,1.04581431954756,1.01794644701293,2025.52774367622,2025.55561154876,NA,Pacific,Central
931,934,0.00204025344748504,-113.2026116949,44.2544977866494,-110.970794146739,47.0342862918492,1.0471371285881,1.04509687514061,2025.55489410435,2025.5569343578,NA,Pacific,Pacific
824,825,0.0076329424054129,-99.5568350552359,45.6971050112105,-99.5570556750373,45.5787953080688,1.04824756115094,1.04061461874553,2025.55041184796,2025.55804479036,NA,Mississippi,Mississippi
908,911,0.0301884985376353,-119.874554949263,45.913363377048,-120.17552086508,45.1597049770458,1.04857084162193,1.0183823430843,2025.52817957229,2025.55836807083,NA,Pacific,Pacific
860,861,0.195749400779529,-119.302253548292,41.5165053247638,-87.759190231696,45.8902849406943,1.04861385452101,0.852864453741482,2025.36266168295,2025.55841108373,NA,Central,Atlantic
791,792,0.0248115476538087,-91.0829855614615,45.739892944196,-91.1064323873038,45.3980022580907,1.04916286897225,1.02435132131844,2025.53414855053,2025.55896009818,NA,Mississippi,Mississippi
808,809,0.0160420493958735,-93.1758158106555,40.2467932942994,-92.4625688574295,39.3928491590875,1.04926107109822,1.03321902170235,2025.54301625091,2025.55905830031,NA,Mississippi,Mississippi
749,750,0.265529690585751,-88.1514030404874,41.3832684238599,-88.6557944421611,43.2829433108666,1.04977615636943,0.784246465783677,2025.29404369499,2025.55957338558,NA,Atlantic,Atlantic
931,932,0.0047322192369641,-113.2026116949,44.2544977866494,-113.74592096871,44.6287467764484,1.04982909437758,1.04509687514061,2025.55489410435,2025.55962632359,NA,Pacific,Pacific
911,912,0.00240100056338299,-120.17552086508,45.1597049770458,-120.12575303113,45.1690501015828,1.05097184218531,1.04857084162193,2025.55836807083,2025.5607690714,NA,Pacific,Pacific
916,919,0.00658523995151761,-101.800448444493,36.9626752530745,-101.792940753965,36.9955088848613,1.05239955949908,1.04581431954756,2025.55561154876,2025.56219678871,NA,Central,Central
793,794,0.027570381773097,-91.1670549747122,45.7843150280878,-92.0112068161384,45.2347118216248,1.05469970066164,1.02712931888855,2025.5369265481,2025.56449692987,NA,Mississippi,Mississippi
919,920,0.00278172592956127,-101.792940753965,36.9955088848613,-100.721726858614,36.6496847840934,1.05518128542864,1.05239955949908,2025.56219678871,2025.56497851464,NA,Central,Central
794,795,0.00292066899479404,-92.0112068161384,45.2347118216248,-87.1135137570203,46.2122693762223,1.05762036965644,1.05469970066164,2025.56449692987,2025.56741759887,NA,Mississippi,Mississippi
871,872,0.0712129239523625,-117.128570502114,42.3331022509131,-117.071761174357,42.4192338402113,1.0579665952859,0.986753671333533,2025.49655090054,2025.5677638245,NA,Central,Central
795,796,0.000589207944190706,-87.1135137570203,46.2122693762223,-86.9530443527883,46.0670342222422,1.05820957760063,1.05762036965644,2025.56741759887,2025.56800680681,NA,Mississippi,Mississippi
819,820,0.057191520542571,-101.036470689419,45.2785041362509,-99.2746439818863,48.5899143593584,1.05836349175532,1.00117197121275,2025.51096920042,2025.56816072097,NA,Central,Central
894,900,0.0658440109461427,-121.667253420592,43.6995782988455,-119.703982372099,44.7668906822575,1.05860113280562,0.992757121859474,2025.50255435107,2025.56839836202,NA,Central,Central
897,898,0.0386672241304771,-122.449056365213,43.7294177129297,-119.718198549662,40.8065243254727,1.05891973410552,1.02025250997504,2025.53004973919,2025.56871696332,NA,Central,Central
900,901,0.000409377109197306,-119.703982372099,44.7668906822575,-119.716194934342,44.7646895789578,1.05901050991481,1.05860113280562,2025.56839836202,2025.56880773913,NA,Central,Central
916,917,0.0138739731422737,-101.800448444493,36.9626752530745,-101.738619065316,37.2245509501848,1.05968829268983,1.04581431954756,2025.55561154876,2025.5694855219,NA,Central,Central
809,810,0.0129255257782239,-92.4625688574295,39.3928491590875,-93.3558278239268,38.8391304488458,1.06218659687644,1.04926107109822,2025.55905830031,2025.57198382609,NA,Mississippi,Mississippi
809,813,0.0138321393442959,-92.4625688574295,39.3928491590875,-97.3276115045709,41.1799110031247,1.06309321044252,1.04926107109822,2025.55905830031,2025.57289043965,NA,Mississippi,Mississippi
825,827,0.0162371506350147,-99.5570556750373,45.5787953080688,-92.292629084593,45.7133103572654,1.06448471178596,1.04824756115094,2025.55804479036,2025.574281941,NA,Mississippi,Central
898,899,0.00694489767254525,-119.718198549662,40.8065243254727,-121.44506491181,39.6033898512183,1.06586463177806,1.05891973410552,2025.56871696332,2025.57566186099,NA,Central,Central
930,938,0.0379969043140569,-112.763005858506,44.1356353213245,-96.4090915054728,38.4013424154287,1.06618162332317,1.02818471900912,2025.53798194822,2025.57597885253,NA,Pacific,Central
820,821,0.00852175245008024,-99.2746439818863,48.5899143593584,-98.2974813264468,48.1514118550409,1.0668852442054,1.05836349175532,2025.56816072097,2025.57668247342,NA,Central,Central
810,811,0.00497396437945063,-93.3558278239268,38.8391304488458,-93.1949296786299,38.9408385774673,1.06716056125589,1.06218659687644,2025.57198382609,2025.57695779047,NA,Mississippi,Mississippi
1021,1022,0.0751866912529857,-82.545235714943,33.3235263041415,-84.682145482491,30.690019543208,1.06881909830381,0.993632407050826,2025.50342963626,2025.57861632751,NA,Mississippi,Atlantic
796,797,0.0119765687950413,-86.9530443527883,46.0670342222422,-89.2119022810905,41.96018336713,1.07018614639567,1.05820957760063,2025.56800680681,2025.57998337561,NA,Mississippi,Mississippi
824,829,0.0301553442913105,-99.5568350552359,45.6971050112105,-102.093014700482,36.4153837353331,1.07076996303684,1.04061461874553,2025.55041184796,2025.58056719225,NA,Mississippi,Mississippi
861,862,0.0232537065850607,-87.759190231696,45.8902849406943,-86.7598129660496,46.1070198203521,1.07186756110607,1.04861385452101,2025.55841108373,2025.58166479032,NA,Atlantic,Atlantic
1304,1305,0.0600075831368123,-69.97560506906,44.7993127595031,-68.6473901914475,44.8471612479098,1.07368315276413,1.01367556962732,2025.52347279884,2025.58348038197,NA,Atlantic,Atlantic
872,873,0.016376498050648,-117.071761174357,42.4192338402113,-123.335543785435,40.5525956033507,1.07434309333654,1.0579665952859,2025.5677638245,2025.58414032255,NA,Central,Central
884,885,0.049179097207847,-119.940439225714,42.2568837596255,-123.734355711691,40.8590553309517,1.07531939178228,1.02614029457443,2025.53593752378,2025.58511662099,NA,Central,Central
909,910,0.0480746923662192,-121.697594772757,45.7784044464204,-121.782533132156,44.770464693947,1.07552676320008,1.02745207083386,2025.53724930004,2025.58532399241,NA,Pacific,Pacific
795,800,0.0180638823472863,-87.1135137570203,46.2122693762223,-87.1299860065867,45.7779900835444,1.07568425200372,1.05762036965644,2025.56741759887,2025.58548148121,NA,Mississippi,Mississippi
1305,1307,0.00543497658804237,-68.6473901914475,44.8471612479098,-72.3862984341999,42.2984080500347,1.07911812935217,1.07368315276413,2025.58348038197,2025.58891535856,NA,Atlantic,Atlantic
1035,1036,0.0528819615583842,-74.5804631775677,39.6175963134792,-74.3370117623715,39.6077837860025,1.07945687814345,1.02657491658506,2025.5363721458,2025.58925410735,NA,Atlantic,Atlantic
815,816,0.0466212868354168,-93.593754855697,40.708716792273,-91.9252966959092,40.813079393073,1.08182419337057,1.03520290653515,2025.54500013575,2025.59162142258,NA,Mississippi,Mississippi
934,935,0.0351846490950312,-110.970794146739,47.0342862918492,-100.199682480362,48.7111957510833,1.08232177768313,1.0471371285881,2025.5569343578,2025.59211900689,NA,Pacific,Central
810,812,0.0202651857069116,-93.3558278239268,38.8391304488458,-92.4670634059627,37.040903184581,1.08245178258336,1.06218659687644,2025.57198382609,2025.59224901179,NA,Mississippi,Mississippi
794,805,0.0310891559451794,-92.0112068161384,45.2347118216248,-91.2310350085328,42.437707266915,1.08578885660682,1.05469970066164,2025.56449692987,2025.59558608582,NA,Mississippi,Mississippi
1317,1318,0.0697695753205434,-102.451794263095,39.5827662876416,-104.751039137911,39.8614924716462,1.08591055730244,1.0161409819819,2025.52593821119,2025.59570778651,NA,Mississippi,Mississippi
919,925,0.0336292030747285,-101.792940753965,36.9955088848613,-91.8695532234381,41.9054392054431,1.08602876257381,1.05239955949908,2025.56219678871,2025.59582599178,NA,Central,Mississippi
1305,1306,0.0125867181550334,-68.6473901914475,44.8471612479098,-69.4786055787322,45.2761847088601,1.08626987091916,1.07368315276413,2025.58348038197,2025.59606710013,NA,Atlantic,Atlantic
855,857,0.057762152259516,-115.762155319355,33.9417769069349,-119.804084014236,35.4457935187557,1.0889070804898,1.03114492823028,2025.54094215744,2025.5987043097,NA,Pacific,Pacific
750,751,0.0410298009806838,-88.6557944421611,43.2829433108666,-89.0307682785667,44.4923729134006,1.09080595735011,1.04977615636943,2025.55957338558,2025.60060318656,NA,Atlantic,Atlantic
920,922,0.03608728512307,-100.721726858614,36.6496847840934,-102.500799697578,40.9661303037994,1.09126857055171,1.05518128542864,2025.56497851464,2025.60106579976,NA,Central,Central
922,923,0.000770824601940445,-102.500799697578,40.9661303037994,-102.66512459757,41.1103342166431,1.09203939515365,1.09126857055171,2025.60106579976,2025.60183662436,NA,Central,Central
1307,1308,0.0136761593650379,-72.3862984341999,42.2984080500347,-72.3011556906282,42.588962736548,1.09279428871721,1.07911812935217,2025.58891535856,2025.60259151793,NA,Atlantic,Atlantic
815,817,0.0577689881511672,-93.593754855697,40.708716792273,-93.4031114549131,42.2038974359344,1.09297189468632,1.03520290653515,2025.54500013575,2025.6027691239,NA,Mississippi,Mississippi
813,814,0.0305708645911065,-97.3276115045709,41.1799110031247,-97.331034673149,36.3664745873412,1.09366407503362,1.06309321044252,2025.57289043965,2025.60346130424,NA,Mississippi,Mississippi
862,863,0.0229536101409609,-86.7598129660496,46.1070198203521,-87.8480068452356,46.5089459313137,1.09482117124703,1.07186756110607,2025.58166479032,2025.60461840046,NA,Atlantic,Atlantic
925,926,0.0101434017586581,-91.8695532234381,41.9054392054431,-92.1536952934146,39.9844392082146,1.09617216433246,1.08602876257381,2025.59582599178,2025.60596939354,NA,Mississippi,Mississippi
934,936,0.0502163984560751,-110.970794146739,47.0342862918492,-110.426698886087,46.5719868081988,1.09735352704417,1.0471371285881,2025.5569343578,2025.60715075625,NA,Pacific,Pacific
1036,1037,0.0193699800097353,-74.3370117623715,39.6077837860025,-74.9507712290042,39.8981111703705,1.09882685815318,1.07945687814345,2025.58925410735,2025.60862408736,NA,Atlantic,Atlantic
1036,1038,0.020537409713588,-74.3370117623715,39.6077837860025,-76.1138132371958,40.09471614261,1.09999428785703,1.07945687814345,2025.58925410735,2025.60979151707,NA,Atlantic,Atlantic
922,924,0.00929159699596926,-102.500799697578,40.9661303037994,-102.501973361505,40.9661931091663,1.10056016754768,1.09126857055171,2025.60106579976,2025.61035739676,NA,Central,Central
800,801,0.0272110354522734,-87.1299860065867,45.7779900835444,-87.7300229152253,41.647608191322,1.102895287456,1.07568425200372,2025.58548148121,2025.61269251667,NA,Mississippi,Mississippi
890,891,0.0650260863796059,-115.405745833438,36.5711605844369,-115.151951693855,36.3077725232773,1.10337322836874,1.03834714198914,2025.5481443712,2025.61317045758,NA,Central,Central
1033,310,0.0867133515640273,-77.1028121000545,39.9579333295082,-75.8533857696945,39.3315348411946,1.10390140092645,1.01718804936243,2025.52698527857,2025.61369863014,SRR35319489|A/Black_Vulture/PA/25-023113-001-original/2025|H5N1|USA-PA|Unknown|2025-08-13|wild_avian|D1.1,Atlantic,Atlantic
901,902,0.0463967484592698,-119.716194934342,44.7646895789578,-119.282633151133,46.1303184339973,1.10540725837408,1.05901050991481,2025.56880773913,2025.61520448758,NA,Central,Central
902,903,0.000734264608373447,-119.282633151133,46.1303184339973,-119.059767488102,46.2005961192373,1.10614152298246,1.10540725837408,2025.61520448758,2025.61593875219,NA,Central,Central
801,803,0.00330264468845565,-87.7300229152253,41.647608191322,-88.2864052248614,41.5387587844191,1.10619793214445,1.102895287456,2025.61269251667,2025.61599516135,NA,Mississippi,Mississippi
1108,6,0.891411373187869,-109.825907438187,46.0608941484215,-108.893317818116,44.8266013172709,1.10664112695381,0.215229753765942,2024.72502698298,2025.61643835616,SRR35949988|A/duck_mallard/ID/25-023507-024/2025|H5N1|USA-ID|Cassia|2025-08-14|wild_avian|D1.1,Pacific,Pacific
1022,294,0.0378220286499982,-84.682145482491,30.690019543208,-83.3421311189959,32.4404108603996,1.10664112695381,1.06881909830381,2025.57861632751,2025.61643835616,SRR35949967|A/Black_Vulture/NC/25-023724-001-original/2025|H5N1|USA-NC|Unknown|2025-08-14|wild_avian|D1.1,Atlantic,Atlantic
932,933,0.0569948582428115,-113.74592096871,44.6287467764484,-116.979099019451,40.7736773445251,1.10682395262039,1.04982909437758,2025.55962632359,2025.61662118183,NA,Pacific,Pacific
920,921,0.051904684319519,-100.721726858614,36.6496847840934,-101.923656735998,36.5137326411614,1.10708596974816,1.05518128542864,2025.56497851464,2025.61688319896,NA,Central,Central
863,864,0.0138040590437456,-87.8480068452356,46.5089459313137,-88.1068768525287,46.3537170968017,1.10862523029078,1.09482117124703,2025.60461840046,2025.6184224595,NA,Atlantic,Atlantic
785,786,0.0779430726823951,-104.783514067326,46.4471393136545,-103.442243432807,46.1189745556704,1.10883167626997,1.03088860358757,2025.5406858328,2025.61862890548,NA,Mississippi,Mississippi
803,804,0.00309269371279086,-88.2864052248614,41.5387587844191,-88.6753813180211,41.1184461029023,1.10929062585724,1.10619793214445,2025.61599516135,2025.61908785507,NA,Mississippi,Mississippi
887,888,0.124853425235242,-119.892821155577,42.475607481432,-119.096862004128,34.2862199268443,1.11708372646154,0.992230301226296,2025.50202753044,2025.62688095567,NA,Central,Mississippi
1296,190,0.308082953808,-96.3270599112212,38.6328129756043,-95.672582123105,37.0765755715012,1.11760003106347,0.809517077255468,2025.31931430647,2025.62739726027,SRR35950029|A/Bald_Eagle/NY/25-023581-001-original/2025|H5N1|USA-NY|Unknown|2025-08-18|wild_avian|D1.1,Atlantic,Atlantic
1038,313,0.0203454692337914,-76.1138132371958,40.09471614261,-75.9118968142719,39.3168010534951,1.12033975709082,1.09999428785703,2025.60979151707,2025.6301369863,SRR35950028|A/Black_Vulture/NJ/25-023587-001-original/2025|H5N1|USA-NJ|Unknown|2025-08-19|wild_avian|D1.1,Atlantic,Atlantic
1038,314,0.0203454692337914,-76.1138132371958,40.09471614261,-76.79632307963,40.7204379076002,1.12033975709082,1.09999428785703,2025.60979151707,2025.6301369863,SRR35949975|A/Black_Vulture/NJ/25-023587-003-original/2025|H5N1|USA-NJ|Unknown|2025-08-19|wild_avian|D1.1,Atlantic,Atlantic
917,918,0.0634947740019882,-101.738619065316,37.2245509501848,-104.436938588762,40.3252851577575,1.12318306669182,1.05968829268983,2025.5694855219,2025.6329802959,NA,Central,Central
1307,194,0.0467010797935963,-72.3862984341999,42.2984080500347,-71.4054076949389,44.0872247711655,1.12581920914577,1.07911812935217,2025.58891535856,2025.63561643836,SRR35318191|A/chicken/NY/25-023583-002-original/2025|H5N1|USA-NY|Unknown|2025-08-21|domestic_avian|D1.1,Atlantic,Atlantic
942,946,0.104454398941273,-112.156669778347,45.0039497622058,-112.770204160785,43.9892296067035,1.13223990176788,1.02778550282661,2025.53758273204,2025.64203713098,NA,Pacific,Pacific
1066,1067,0.293538734052885,-97.963814670797,37.172771154567,-95.634272786984,39.1356552290321,1.13409799776597,0.840559263713085,2025.35035649292,2025.64389522698,NA,Atlantic,Atlantic
796,798,0.0771980975802931,-86.9530443527883,46.0670342222422,-94.6259356554178,44.5486744636813,1.13540767518092,1.05820957760063,2025.56800680681,2025.64520490439,NA,Mississippi,Mississippi
1316,1319,0.156203246438606,-104.072968502061,39.6587170421424,-104.509211459128,38.9460640805166,1.13835897219524,0.982155725756635,2025.49195295497,2025.64815620141,NA,Mississippi,Mississippi
827,828,0.0748795898454924,-92.292629084593,45.7133103572654,-91.9487236858504,45.1428404355328,1.13936430163145,1.06448471178596,2025.574281941,2025.64916153084,NA,Central,Central
811,356,0.0723572780268871,-93.1949296786299,38.9408385774673,-96.9010604132626,36.3108289826436,1.13951783928278,1.06716056125589,2025.57695779047,2025.64931506849,SRR35318189|A/Turkey/SD/25-023747-001-original/2025|H5N1|USA-SD|Unknown|2025-08-26|domestic_avian|D1.1,Mississippi,Central
891,892,0.0430572027750886,-115.151951693855,36.3077725232773,-108.101503291547,32.6997863530949,1.14643043114383,1.10337322836874,2025.61317045758,2025.65622766035,NA,Central,Pacific
1067,535,0.0136390195988829,-95.634272786984,39.1356552290321,-95.5983039864138,39.2064583577648,1.14773701736485,1.13409799776597,2025.64389522698,2025.65753424658,SRR35949432|A/chicken/GA/25-024057-002-original/2025|H5N1|USA-GA|Unknown|2025-08-29|domestic_avian|D1.1,Atlantic,Atlantic
788,379,0.117218933926075,-93.9945088023312,48.2281245420052,-95.4413476691568,44.8695065175048,1.15047674339221,1.03325780946614,2025.54305503868,2025.6602739726,SRR35949426|A/Domestic_Grower/Meat-type_Turkey/ND/25-024186-001-original/2025|H5N1|USA-ND|Unknown|2025-08-30|domestic_avian|D1.1,Mississippi,Central
825,826,0.102503088050578,-99.5570556750373,45.5787953080688,-96.6955428242817,37.0972987838498,1.15075064920152,1.04824756115094,2025.55804479036,2025.66054787841,NA,Mississippi,Mississippi
784,373,0.129220921928322,-94.2585853232787,46.0588987634302,-93.7547733927684,47.5077041709564,1.15321646941957,1.02399554749125,2025.5337927767,2025.66301369863,SRR35949424|A/Domestic_Grower/Meat-type_Turkey/SD/25-024189-001-original/2025|H5N1|USA-SD|Unknown|2025-08-31|domestic_avian|D1.1,Central,Central
798,799,0.0213781357039036,-94.6259356554178,44.5486744636813,-94.2487171270856,41.6572682305636,1.15678581088482,1.13540767518092,2025.64520490439,2025.6665830401,NA,Mississippi,Mississippi
829,830,0.0878601808906243,-102.093014700482,36.4153837353331,-102.442612708009,34.4796118720366,1.15863014392746,1.07076996303684,2025.58056719225,2025.66842737314,NA,Mississippi,Mississippi
781,369,0.148295989325128,-91.3245752787609,44.2431232996392,-77.1738559993262,39.2876263291681,1.15869592147451,1.01039993214938,2025.52019716136,2025.66849315068,SRR36211907|A/Canada_Goose/UT/25-024323-001-original/2025|H5N1|USA-UT|Unknown|2025-09-02|wild_avian|D1.1,Central,Pacific
938,939,0.0972740350991919,-96.4090915054728,38.4013424154287,-102.218034217786,36.6301125112712,1.16345565842236,1.06618162332317,2025.57597885253,2025.67325288763,NA,Central,Central
852,419,0.187615091031494,-118.066348967569,39.1193169604912,-121.561771162135,40.0176373777857,1.16417537352923,0.976560282497731,2025.48635751171,2025.67397260274,SRR35705730|A/Mallard_Duck/ID/25-024960-007-original/2025|H5N1|USA-ID|Unknown|2025-09-04|wild_avian|D1.1,Central,Pacific
779,367,0.183392591054131,-93.53420493146,46.6904448062147,-94.0720598164627,46.7637015481293,1.16691509955658,0.983522508502451,2025.49331973771,2025.67671232877,SRR35705007|A/Turkey/SD/25-024863-004-original/2025|H5N1|USA-SD|Unknown|2025-09-05|domestic_avian|D1.1,Central,Central
1319,1320,0.0286261189142307,-104.509211459128,38.9460640805166,-105.745130372602,38.645546256614,1.16698509110947,1.13835897219524,2025.64815620141,2025.67678232032,NA,Mississippi,Mississippi
1019,298,0.185677788538022,-82.2488255909984,32.5215648644872,-83.2555043905566,30.8910243061444,1.16965482558394,0.983977037045918,2025.49377426626,2025.67945205479,SRR35705677|A/Black_Vulture/NC/25-025013-001-original/2025|H5N1|USA-NC|Unknown|2025-09-06|wild_avian|D1.1,Atlantic,Atlantic
792,371,0.120491956611688,-91.1064323873038,45.3980022580907,-95.965812101498,43.5081645316266,1.16965482558394,1.04916286897225,2025.55896009818,2025.67945205479,SRR35705728|A/blue-winged_Teal/IL/25-025061-004-original/2025|H5N1|USA-IL|Unknown|2025-09-06|wild_avian|D1.1,Mississippi,Mississippi
873,874,0.0974709683043053,-123.335543785435,40.5525956033507,-119.976665277213,40.7889525996998,1.17181406164085,1.07434309333654,2025.58414032255,2025.68161129085,NA,Central,Central
805,382,0.0866056950047029,-91.2310350085328,42.437707266915,-90.273106177596,43.2815323093344,1.17239455161152,1.08578885660682,2025.59558608582,2025.68219178082,SRR35586405|A/Turkey/SD/25-024550-002-original/2025|H5N1|USA-SD|Unknown|2025-09-07|domestic_avian|D1.1,Mississippi,Central
1034,318,0.164519559730245,-75.2733932197523,39.7761618771039,-77.5015636579327,39.100727725812,1.17513427763888,1.01061471790864,2025.52041194712,2025.68493150685,SRR36212204|A/Black_Vulture/PA/25-025223-001-original/2025|H5N1|USA-PA|Unknown|2025-09-08|wild_avian|D1.1,Atlantic,Atlantic
828,350,0.0385097020347911,-91.9487236858504,45.1428404355328,-88.8981930334313,42.5105127794064,1.17787400366624,1.13936430163145,2025.64916153084,2025.68767123288,SRR36212521|A/Mallard_Duck/CO/25-025267-001-original/2025|H5N1|USA-CO|Unknown|2025-09-09|wild_avian|D1.1,Central,Central
1155,61,0.647672895185193,-87.9542643165906,37.1668136433029,-88.4340406811889,37.571685013694,1.1806137296936,0.532940834508404,2025.04273806372,2025.6904109589,SRR35705785|A/Vulture/MD/25-024862-001-original/2025|H5N1|USA-MD|Unknown|2025-09-10|wild_avian|D1.1,Atlantic,Atlantic
789,368,0.144632306704041,-94.6289862471641,47.0081352463136,-94.7752939214144,47.4743318577507,1.1806137296936,1.03598142298956,2025.5457786522,2025.6904109589,SRR35705788|A/Swainson_s_Hawk/ND/25-024871-001-original/2025|H5N1|USA-ND|Unknown|2025-09-10|other|D1.1,Central,Central
888,889,0.0638064490331216,-119.096862004128,34.2862199268443,-117.603439355685,34.8502054815802,1.18089017549466,1.11708372646154,2025.62688095567,2025.69068740471,NA,Mississippi,Mississippi
886,442,0.20442854961044,-120.172730371724,42.3693212458038,-114.76717146677,38.8149714042608,1.18335345572095,0.978924906110514,2025.48872213532,2025.69315068493,SRR36212532|A/Mallard_Duck/WY/25-025186-001-original/2025|H5N1|USA-WY|Unknown|2025-09-11|wild_avian|D1.1,Central,Central
1037,316,0.0845265975677738,-74.9507712290042,39.8981111703705,-74.9682252054948,39.9080545836952,1.18335345572095,1.09882685815318,2025.60862408736,2025.69315068493,SRR36212060|A/Black_Vulture/NJ/25-025220-002-original/2025|H5N1|USA-NJ|Unknown|2025-09-11|wild_avian|D1.1,Atlantic,Atlantic
1037,315,0.0845265975677738,-74.9507712290042,39.8981111703705,-74.6053925820693,39.7333361064497,1.18335345572095,1.09882685815318,2025.60862408736,2025.69315068493,SRR36212431|A/Black_Vulture/NJ/25-025220-003-original/2025|H5N1|USA-NJ|Unknown|2025-09-11|wild_avian|D1.1,Atlantic,Atlantic
798,385,0.0506855065676191,-94.6259356554178,44.5486744636813,-96.2520269658663,47.2802418357345,1.18609318174854,1.13540767518092,2025.64520490439,2025.69589041096,SRR36211905|A/Canada_Goose/ND/25-025249-001-original/2025|H5N1|USA-ND|Unknown|2025-09-12|wild_avian|D1.1,Mississippi,Central
821,351,0.121947663570493,-98.2974813264468,48.1514118550409,-98.6731234178463,48.6602783373764,1.1888329077759,1.0668852442054,2025.57668247342,2025.69863013699,SRR36211787|A/blue_winged_teal/KS/25-025843-026/2025|H5N1|USA-KS|Barton|2025-09-13|wild_avian|D1.1,Central,Central
821,352,0.121947663570493,-98.2974813264468,48.1514118550409,-98.455640115254,48.5806735824416,1.1888329077759,1.0668852442054,2025.57668247342,2025.69863013699,SRR36211782|A/blue_winged_teal/KS/25-025843-038/2025|H5N1|USA-KS|Barton|2025-09-13|wild_avian|D1.1,Central,Central
801,802,0.0902686695220631,-87.7300229152253,41.647608191322,-87.9843574651063,42.0531827408879,1.19316395697806,1.102895287456,2025.61269251667,2025.70296118619,NA,Mississippi,Mississippi
817,357,0.101340465144295,-93.4031114549131,42.2038974359344,-92.8306214211439,44.6118839971848,1.19431235983061,1.09297189468632,2025.6027691239,2025.70410958904,SRR36212111|A/mallard_duck/MN/25-025867-005/2025|H5N1|USA-MN|Scott|2025-09-15|wild_avian|D1.1,Mississippi,Mississippi
786,787,0.0881494619063534,-103.442243432807,46.1189745556704,-103.502930938848,45.4589026797104,1.19698113817632,1.10883167626997,2025.61862890548,2025.70677836739,NA,Mississippi,Mississippi
899,461,0.131187454079908,-121.44506491181,39.6033898512183,-111.456183194661,40.0826645748961,1.19705208585797,1.06586463177806,2025.57566186099,2025.70684931507,SRR36211763|A/Gadwell/NV/25G01828-004-original/2025|H5N1|USA-NV|Unknown|2025-09-16|wild_avian|D1.1,Central,Pacific
816,355,0.115227892487403,-91.9252966959092,40.813079393073,-90.0174745767421,40.3263082154413,1.19705208585797,1.08182419337057,2025.59162142258,2025.70684931507,SRR36211924|A/Red-tailed_Hawk/IA/25-025278-001-original/2025|H5N1|USA-IA|Unknown|2025-09-16|wild_avian|D1.1,Mississippi,Mississippi
1306,197,0.110782214938807,-69.4786055787322,45.2761847088601,-68.9328040309821,45.3965639191899,1.19705208585797,1.08626987091916,2025.59606710013,2025.70684931507,SRR36212518|A/Mallard_Duck/NH/25-025612-017-original-repeat2/2025|H5N1|USA-NH|Unknown|2025-09-16|wild_avian|D1.1,Atlantic,Atlantic
935,474,0.117470034202197,-100.199682480362,48.7111957510833,-98.3670990322287,48.8073109888295,1.19979181188533,1.08232177768313,2025.59211900689,2025.7095890411,SRR36212466|A/Great_horned_Owl/MT/25-025599-001-original/2025|H5N1|USA-MT|Unknown|2025-09-17|wild_avian|D1.1,Central,Central
813,362,0.139438327470395,-97.3276115045709,41.1799110031247,-97.713013585485,44.7762636259913,1.20253153791291,1.06309321044252,2025.57289043965,2025.71232876712,SRR36211892|A/Mallard_Duck/OH/25-025982-002-original/2025|H5N1|USA-OH|Unknown|2025-09-18|wild_avian|D1.1,Mississippi,Mississippi
802,383,0.00936758093485168,-87.9843574651063,42.0531827408879,-87.9992405213259,42.0570792861517,1.20253153791291,1.19316395697806,2025.70296118619,2025.71232876712,SRR36212068|A/wood_duck/MI/25-025965-014/2025|H5N1|USA-MI|Saginaw|2025-09-18|wild_avian|D1.1,Mississippi,Mississippi
936,937,0.107662410633879,-110.426698886087,46.5719868081988,-113.08414421758,48.9080769138964,1.20501593767805,1.09735352704417,2025.60715075625,2025.71481316689,NA,Pacific,Pacific
939,940,0.0454999749233436,-102.218034217786,36.6301125112712,-101.158599512115,36.8612623106676,1.20895563334571,1.16345565842236,2025.67325288763,2025.71875286256,NA,Central,Central
1317,151,0.197349460040442,-102.451794263095,39.5827662876416,-104.599620774123,36.7141501472189,1.21349044202234,1.0161409819819,2025.52593821119,2025.72328767123,SRR36211881|A/Black_Vulture/OH/25-026070-003-original/2025|H5N1|USA-OH|Unknown|2025-09-22|wild_avian|D1.1,Mississippi,Mississippi
823,366,0.180530112488461,-100.369602196659,46.7684956811688,-99.3753678504298,39.7203397253748,1.21349044202234,1.03296032953388,2025.54275755874,2025.72328767123,SRR36211605|A/American_blue-winged_Teal/LA/25G01386-003-original/2025|H5N1|USA-LA|Unknown|2025-09-22|wild_avian|D1.1,Mississippi,Mississippi
890,438,0.175143300033203,-115.405745833438,36.5711605844369,-123.632318776357,46.5204620304169,1.21349044202234,1.03834714198914,2025.5481443712,2025.72328767123,SRR36212227|A/Great_horned_Owl/WA/25G01455-001-original/2025|H5N1|USA-WA|Unknown|2025-09-22|wild_avian|D1.1,Central,Pacific
802,384,0.0230662110716386,-87.9843574651063,42.0531827408879,-88.4028396923374,42.0095794263309,1.2162301680497,1.19316395697806,2025.70296118619,2025.72602739726,SRR36211854|A/wood_duck/MI/25G01274-008/2025|H5N1|USA-MI|Saginaw|2025-09-23|wild_avian|D1.1,Mississippi,Mississippi
751,752,0.126159693851252,-89.0307682785667,44.4923729134006,-87.007358278297,45.2556022997738,1.21696565120136,1.09080595735011,2025.60060318656,2025.72676288041,NA,Atlantic,Atlantic
822,341,0.193728883231916,-100.927206028483,46.4526699293255,-113.151155524258,36.1665652570832,1.21896989407728,1.02524101084537,2025.53503824006,2025.72876712329,SRR36212429|A/blue-winged_Teal/FL/25-026196-001-original/2025|H5N1|USA-FL|Unknown|2025-09-24|wild_avian|D1.1,Mississippi,Atlantic
811,361,0.151809332821388,-93.1949296786299,38.9408385774673,-90.7111964581402,37.2315501952566,1.21896989407728,1.06716056125589,2025.57695779047,2025.72876712329,SRR36212149|A/Mallard_Duck/WI/25G02258-001-original/2025|H5N1|USA-WI|Unknown|2025-09-24|wild_avian|D1.1,Mississippi,Mississippi
1318,153,0.133059336774841,-104.751039137911,39.8614924716462,-101.844476800269,38.9711761193816,1.21896989407728,1.08591055730244,2025.59570778651,2025.72876712329,SRR36212441|A/Black_Vulture/IN/25G01314-001-original/2025|H5N1|USA-IN|Unknown|2025-09-24|wild_avian|D1.1,Mississippi,Mississippi
857,416,0.130062813587487,-119.804084014236,35.4457935187557,-114.699121445977,36.1002555671933,1.21896989407728,1.0889070804898,2025.5987043097,2025.72876712329,SRR36212382|A/wild_goose/WA/25G01700-001-original/2025|H5N1|USA-WA|Unknown|2025-09-24|wild_avian|D1.1,Pacific,Pacific
889,432,0.0380797185826234,-117.603439355685,34.8502054815802,-98.5520215711627,36.5771211669086,1.21896989407728,1.18089017549466,2025.69068740471,2025.72876712329,SRR36406419|A/american_green_winged_teal/NY/25G02842-011/2025|H5N1|USA-NY|Jefferson|2025-09-24|wild_avian|D1.1,Mississippi,Atlantic
812,360,0.139257837521285,-92.4670634059627,37.040903184581,-91.0467487281336,35.809407704844,1.22170962010464,1.08245178258336,2025.59224901179,2025.73150684932,SRR36212424|A/Canada_Goose/IL/25-026184-001-original/2025|H5N1|USA-IL|Unknown|2025-09-25|wild_avian|D1.1,Mississippi,Mississippi
880,456,0.0680342019215352,-81.5694232387396,26.108438523887,-81.2959088507702,25.7226124757069,1.22170962010464,1.1536754181831,2025.66347264739,2025.73150684932,SRR36211970|A/Mottled_Duck/FL/25G01837-001-original/2025|H5N1|USA-FL|Unknown|2025-09-25|wild_avian|D1.1,Atlantic,Atlantic
1320,156,0.0547245289951677,-105.745130372602,38.645546256614,-105.680121668051,38.5924378466928,1.22170962010464,1.16698509110947,2025.67678232032,2025.73150684932,SRR36212433|A/Black_Vulture/KY/25G01831-001-original/2025|H5N1|USA-KY|Unknown|2025-09-25|wild_avian|D1.1,Mississippi,Mississippi
1032,312,0.247835285947473,-74.8763171712317,39.346349708562,-74.6087993161397,41.370694880201,1.224449346132,0.976614060184525,2025.48641128939,2025.73424657534,SRR36203399|A/Black_Vulture/MD/25-026167-001-original/2025|H5N1|USA-MD|Unknown|2025-09-26|wild_avian|D1.1,Atlantic,Atlantic
750,647,0.17467318976257,-88.6557944421611,43.2829433108666,-87.9653451666758,44.3861478695069,1.224449346132,1.04977615636943,2025.55957338558,2025.73424657534,SRR36212436|A/Black_Vulture/WV/25G01830-001-original/2025|H5N1|USA-WV|Unknown|2025-09-26|wild_avian|D1.1,Atlantic,Atlantic
751,648,0.133643388781886,-89.0307682785667,44.4923729134006,-86.051258396405,44.2314433454622,1.224449346132,1.09080595735011,2025.60060318656,2025.73424657534,SRR36163010|A/chicken/NC/25-026098-002-original/2025|H5N1|USA-NC|Unknown|2025-09-26|domestic_avian|D1.1,Atlantic,Atlantic
752,649,0.00748369493063339,-87.007358278297,45.2556022997738,-87.0151708130582,45.2689144175796,1.224449346132,1.21696565120136,2025.72676288041,2025.73424657534,SRR36212435|A/Black_Vulture/WV/25G01830-002-original/2025|H5N1|USA-WV|Unknown|2025-09-26|wild_avian|D1.1,Atlantic,Atlantic
910,462,0.151662308959279,-121.782533132156,44.770464693947,-107.310306654746,47.4140364410152,1.22718907215936,1.07552676320008,2025.58532399241,2025.73698630137,SRR36211600|A/American_blue-winged_Teal/OR/25G01565-017-original/2025|H5N1|USA-OR|Unknown|2025-09-27|wild_avian|D1.1,Pacific,Pacific
827,348,0.168183812428341,-92.292629084593,45.7133103572654,-89.2086632242754,45.1140909040668,1.2326685242143,1.06448471178596,2025.574281941,2025.74246575342,SRR36211769|A/Canada_Goose/WY/25G01869-001-original/2025|H5N1|USA-WY|Unknown|2025-09-29|wild_avian|D1.1,Central,Central
799,387,0.0758827133294733,-94.2487171270856,41.6572682305636,-96.5847325910972,40.7421373178054,1.2326685242143,1.15678581088482,2025.6665830401,2025.74246575342,SRR36212318|A/canada_goose/MN/25G01920-001/2025|H5N1|USA-MN|Otter_Tail|2025-09-29|wild_avian|D1.1,Mississippi,Mississippi
896,446,0.229775305605893,-122.193784747612,43.9510742357113,-107.524940320454,46.9958365552938,1.23540825024165,1.00563294463576,2025.51543017385,2025.74520547945,SRR36212241|A/Canada_Goose/AZ/25G01642-001-original/2025|H5N1|USA-AZ|Unknown|2025-09-30|wild_avian|D1.1,Central,Pacific
785,375,0.204519646654081,-104.783514067326,46.4471393136545,-92.2544748302751,46.0076287388957,1.23540825024165,1.03088860358757,2025.5406858328,2025.74520547945,SRR36212386|A/wild_duck/TX/25G01488-001-original/2025|H5N1|USA-TX|Unknown|2025-09-30|wild_avian|D1.1,Mississippi,Central
826,343,0.084657601040135,-96.6955428242817,37.0972987838498,-91.6989675906064,36.6362170634655,1.23540825024165,1.15075064920152,2025.66054787841,2025.74520547945,SRR36163013|A/chicken/WI/25-026290-001-original/2025|H5N1|USA-WI|Unknown|2025-09-30|domestic_avian|D1.1,Mississippi,Mississippi
909,464,0.210695905435156,-121.697594772757,45.7784044464204,-122.983553751196,38.8293787289078,1.23814797626901,1.02745207083386,2025.53724930004,2025.74794520548,SRR36212238|A/Canada_Goose/MT/25G01677-001-original/2025|H5N1|USA-MT|Unknown|2025-10-01|wild_avian|D1.1,Pacific,Pacific
1320,155,0.0711628851595394,-105.745130372602,38.645546256614,-105.311004996894,37.281708882509,1.23814797626901,1.16698509110947,2025.67678232032,2025.74794520548,SRR36209119|A/black_vulture/IN/25G01855-003/2025|H5N1|USA-IN|Franklin|2025-10-01|wild_avian|D1.1,Mississippi,Mississippi
807,354,0.25580348531819,-92.2137856726115,40.2417502767935,-84.6600084503319,37.8459232687538,1.24362742832373,0.987823943005536,2025.49762117222,2025.75342465753,SRR36212006|A/mallard_duck/MI/25G01983-007/2025|H5N1|USA-MI|Washtenaw|2025-10-03|wild_avian|D1.1,Mississippi,Mississippi
1021,296,0.2499950212729,-82.545235714943,33.3235263041415,-85.8928133423021,32.9092791297257,1.24362742832373,0.993632407050826,2025.50342963626,2025.75342465753,SRR36162690|A/chicken/NC/25G01772-001-original/2025|H5N1|USA-NC|Unknown|2025-10-03|domestic_avian|D1.1,Mississippi,Atlantic
787,376,0.0466462901474047,-103.502930938848,45.4589026797104,-103.243931476849,45.0576134067717,1.24362742832373,1.19698113817632,2025.70677836739,2025.75342465753,SRR36162674|A/Domestic_Duck/IL/25G03338-009-original/2025|H5N1|USA-IL|Unknown|2025-10-03|domestic_avian|D1.1,Mississippi,Mississippi
787,377,0.0466462901474047,-103.502930938848,45.4589026797104,-104.410848663239,46.3132709621021,1.24362742832373,1.19698113817632,2025.70677836739,2025.75342465753,SRR36162678|A/chicken/IL/25G03338-005-original/2025|H5N1|USA-IL|Unknown|2025-10-03|domestic_avian|D1.1,Mississippi,Mississippi
818,342,0.290631742760517,-100.916077281074,44.9132905765152,-101.966665476319,42.583696075665,1.24636715435108,0.955735411590567,2025.4655326408,2025.75616438356,SRR36212242|A/Canada_Goose/AR/25G01638-001-original/2025|H5N1|USA-AR|Unknown|2025-10-04|wild_avian|D1.1,Central,Mississippi
910,463,0.170840391151009,-121.782533132156,44.770464693947,-119.312586513503,46.823318423632,1.24636715435108,1.07552676320008,2025.58532399241,2025.75616438356,SRR36211975|A/mallard_duck/CO/25G02242-003/2025|H5N1|USA-CO|Jackson|2025-10-04|wild_avian|D1.1,Pacific,Central
927,503,0.225359368434706,-112.568301273147,44.9110324308338,-114.816255589257,41.6297358919536,1.24910688037867,1.02374751194396,2025.53354474115,2025.75890410959,SRR36162760|A/chicken/OR/25G01792-001-original/2025|H5N1|USA-OR|Unknown|2025-10-05|domestic_avian|D1.1,Pacific,Pacific
753,653,0.406988900015777,-86.848803193519,40.8106312094959,-85.2525522872035,40.8627177363204,1.25184660640603,0.844857706390249,2025.3546549356,2025.76164383562,SRR36212366|A/Black_Vulture/WV/25G02062-001-original/2025|H5N1|USA-WV|Unknown|2025-10-06|wild_avian|D1.1,Atlantic,Atlantic
792,372,0.202683737433774,-91.1064323873038,45.3980022580907,-91.398017082715,45.0079695372728,1.25184660640603,1.04916286897225,2025.55896009818,2025.76164383562,SRR36212344|A/sandhill_crane/MN/25G02201-001/2025|H5N1|USA-MN|Hennepin|2025-10-06|wild_avian|D1.1,Mississippi,Mississippi
853,418,0.245868579053304,-118.269819775489,38.8296238910697,-114.94338261313,37.8655365257107,1.25458633243338,1.00871775338008,2025.51851498259,2025.76438356164,SRR36162812|A/Guinea_Fowl/ID/25G01895-002-original/2025|H5N1|USA-ID|Unknown|2025-10-07|domestic_avian|D1.1,Central,Pacific
912,466,0.203614490248069,-120.12575303113,45.1690501015828,-115.869703498802,35.7716005057857,1.25458633243338,1.05097184218531,2025.5607690714,2025.76438356164,SRR36162806|A/Peafowl/ID/25G01896-003-original/2025|H5N1|USA-ID|Unknown|2025-10-07|wild_avian|D1.1,Pacific,Pacific
799,386,0.0978005215485598,-94.2487171270856,41.6572682305636,-94.20190041556,42.8902662216743,1.25458633243338,1.15678581088482,2025.6665830401,2025.76438356164,SRR36211964|A/Trumpeter_Swan/WI/25G01871-001-original/2025|H5N1|USA-WI|Unknown|2025-10-07|wild_avian|D1.1,Mississippi,Mississippi
1308,193,0.164531769743532,-72.3011556906282,42.588962736548,-75.0069664735034,44.6360983894678,1.25732605846074,1.09279428871721,2025.60259151793,2025.76712328767,SRR36212136|A/Peregrine_Falcon/DE/25G02350-001-original/2025|H5N1|USA-DE|Unknown|2025-10-08|wild_avian|D1.1,Atlantic,Atlantic
826,344,0.109315135286579,-96.6955428242817,37.0972987838498,-98.4972952804941,38.3373423676753,1.2600657844881,1.15075064920152,2025.66054787841,2025.7698630137,SRR36211770|A/canada_goose/MI/25G01985-002/2025|H5N1|USA-MI|Isabella|2025-10-09|wild_avian|D1.1,Mississippi,Mississippi
899,459,0.196940878737395,-121.44506491181,39.6033898512183,-120.886626746109,39.9523330493438,1.26280551051546,1.06586463177806,2025.57566186099,2025.77260273973,SRR36211962|A/Turkey_Vulture/WY/25G02109-001-original/2025|H5N1|USA-WY|Unknown|2025-10-10|wild_avian|D1.1,Central,Central
885,435,0.18748611873318,-123.734355711691,40.8590553309517,-123.707724354241,40.905461048647,1.26280551051546,1.07531939178228,2025.58511662099,2025.77260273973,SRR36406423|A/canada_goose/KS/25G02613-001/2025|H5N1|USA-KS|Butler|2025-10-10|wild_avian|D1.1,Central,Central
1081,528,0.250281138452979,-104.398301694604,47.291747660675,-104.907687993364,47.8198853730876,1.26554523654304,1.01526409809006,2025.5250613273,2025.77534246575,SRR36211847|A/american_blue_winged_teal/KS/25G02173-002/2025|H5N1|USA-KS|McPherson|2025-10-11|wild_avian|D1.1,Central,Central
907,465,0.247486178552494,-119.909689857112,45.9190870875077,-110.801089763173,48.4018871270514,1.26554523654304,1.01805905799055,2025.5278562872,2025.77534246575,SRR36538296|A/american_green_winged_teal/NV/25G04893-003/2025|H5N1|USA-NV|Lyon|2025-10-11|wild_avian|D1.1,Pacific,Pacific
872,429,0.207578641257145,-117.071761174357,42.4192338402113,-103.534068912133,42.1570430735091,1.26554523654304,1.0579665952859,2025.5677638245,2025.77534246575,SRR36538389|A/american_blue_winged_teal/NV/25G04892-001/2025|H5N1|USA-NV|Churchill|2025-10-11|wild_avian|D1.1,Central,Pacific
800,389,0.189860984539318,-87.1299860065867,45.7779900835444,-90.6616600493883,36.2569084352342,1.26554523654304,1.07568425200372,2025.58548148121,2025.77534246575,SRR36212325|A/american_green_winged_teal/NY/25G02284-024/2025|H5N1|USA-NY|Genesee|2025-10-11|wild_avian|D1.1,Mississippi,Atlantic
923,491,0.173505841389391,-102.66512459757,41.1103342166431,-122.88600507712,40.6157491407047,1.26554523654304,1.09203939515365,2025.60183662436,2025.77534246575,SRR36203306|A/mallard_duck/NY/25G02284-011/2025|H5N1|USA-NY|Genesee|2025-10-11|wild_avian|D1.1,Central,Atlantic
803,390,0.159347304398589,-88.2864052248614,41.5387587844191,-83.9484701838026,37.1175144467614,1.26554523654304,1.10619793214445,2025.61599516135,2025.77534246575,SRR36209116|A/Mallard_Duck/PA/25G02313-006-original-repeat2/2025|H5N1|USA-PA|Unknown|2025-10-11|wild_avian|D1.1,Mississippi,Atlantic
874,876,0.0954351670845646,-119.976665277213,40.7889525996998,-121.16816154661,43.9473594955965,1.26724922872541,1.17181406164085,2025.68161129085,2025.77704645794,NA,Central,Mississippi
1022,295,0.199465864266585,-84.682145482491,30.690019543208,-85.5506951133045,34.1098769361117,1.2682849625704,1.06881909830381,2025.57861632751,2025.77808219178,SRR36211960|A/Vulture/NC/25G02114-001-original/2025|H5N1|USA-NC|Unknown|2025-10-12|wild_avian|D1.1,Atlantic,Atlantic
874,875,0.0974138434084668,-119.976665277213,40.7889525996998,-121.073085875844,40.8292515133679,1.26922790504932,1.17181406164085,2025.68161129085,2025.77902513426,NA,Central,Mississippi
789,394,0.235043265608199,-94.6289862471641,47.0081352463136,-105.905758402896,48.4514263746199,1.27102468859776,1.03598142298956,2025.5457786522,2025.78082191781,SRR36212343|A/Swan/OK/25G02155-001-original/2025|H5N1|USA-OK|Unknown|2025-10-13|wild_avian|D1.1,Central,Central
820,353,0.21540092286979,-99.2746439818863,48.5899143593584,-104.978632900325,48.6849690250666,1.27376441462511,1.05836349175532,2025.56816072097,2025.78356164384,SRR36212302|A/canada_goose/CO/25G02439-001/2025|H5N1|USA-CO|Weld|2025-10-14|wild_avian|D1.1,Central,Central
791,370,0.254892545361384,-91.0829855614615,45.739892944196,-91.8129477926955,39.8278451635227,1.27924386667983,1.02435132131844,2025.53414855053,2025.78904109589,SRR36212274|A/Pintail_Duck/ND/25G02720-001-original/2025|H5N1|USA-ND|Unknown|2025-10-16|wild_avian|D1.1,Mississippi,Central
812,359,0.199531810124057,-92.4670634059627,37.040903184581,-92.356792370108,37.1018134141032,1.28198359270741,1.08245178258336,2025.59224901179,2025.79178082192,SRR36209083|A/Green-winged_Teal/IA/25G03115-001-original/2025|H5N1|USA-IA|Unknown|2025-10-17|wild_avian|D1.1,Mississippi,Mississippi
889,433,0.101093417212753,-117.603439355685,34.8502054815802,-112.281227649072,32.7074148637034,1.28198359270741,1.18089017549466,2025.69068740471,2025.79178082192,SRR36211957|A/Wild_Goose/OK/25G02530-001-original/2025|H5N1|USA-OK|Unknown|2025-10-17|wild_avian|D1.1,Mississippi,Central
752,650,0.0650179415060481,-87.007358278297,45.2556022997738,-88.2403964133024,44.0882407068916,1.28198359270741,1.21696565120136,2025.72676288041,2025.79178082192,SRR36211659|A/Black_Vulture/WV/25G03060-003-original/2025|H5N1|USA-WV|Unknown|2025-10-17|wild_avian|D1.1,Atlantic,Atlantic
804,388,0.175432692877527,-88.6753813180211,41.1184461029023,-89.3676614971624,43.3830198172706,1.28472331873477,1.10929062585724,2025.61908785507,2025.79452054795,SRR36406418|A/northern_shoveler/OH/25G03080-047/2025|H5N1|USA-OH|Ottawa|2025-10-18|wild_avian|D1.1,Mississippi,Mississippi
905,444,0.279306441004723,-120.263362420421,41.8902315514918,-120.496510857264,38.641662981432,1.28746304476213,1.0081566037574,2025.51795383297,2025.79726027397,SRR36162647|A/Turkey/SD/25G02403-003-original/2025|H5N1|USA-SD|Unknown|2025-10-19|domestic_avian|D1.1,Central,Central
946,480,0.155223142994242,-112.770204160785,43.9892296067035,-108.708288199262,39.3849640325371,1.28746304476213,1.13223990176788,2025.64203713098,2025.79726027397,SRR36212130|A/Ring-necked_Duck/OR/25G02626-019-original/2025|H5N1|USA-OR|Unknown|2025-10-19|wild_avian|D1.1,Pacific,Pacific
1261,207,0.764007267711823,-97.3376353695858,32.6787189418193,-99.2031220269781,39.3874709773873,1.29020277078948,0.526195503077661,2025.03599273229,2025.8,SRR36211724|A/Black_Vulture/MS/25G02635-003-original/2025|H5N1|USA-MS|Unknown|2025-10-20|wild_avian|D1.1,Mississippi,Mississippi
692,271,0.31064149764227,-96.1599891875273,36.4949845736749,-94.014207800436,38.6330305122726,1.29294249681684,0.982300999174571,2025.49209822838,2025.80273972603,SRR36211667|A/Black_Vulture/AR/25G03056-001-original/2025|H5N1|USA-AR|Unknown|2025-10-21|wild_avian|D1.1,Mississippi,Mississippi
1304,198,0.279266927189526,-69.97560506906,44.7993127595031,-72.4012549037229,41.5674523239592,1.29294249681684,1.01367556962732,2025.52347279884,2025.80273972603,SRR36538387|A/american_crow/NJ/25G04652-002/2025|H5N1|USA-NJ|Salem|2025-10-21|wild_avian|D1.1,Atlantic,Atlantic
814,364,0.19927842178322,-97.331034673149,36.3664745873412,-101.775531758002,43.5846829691555,1.29294249681684,1.09366407503362,2025.60346130424,2025.80273972603,SRR36211652|A/canada_goose/IN/25G02680-001/2025|H5N1|USA-IN|Johnson|2025-10-21|wild_avian|D1.1,Mississippi,Mississippi
864,506,0.184317266526064,-88.1068768525287,46.3537170968017,-88.20840326526,45.8353399302325,1.29294249681684,1.10862523029078,2025.6184224595,2025.80273972603,SRR36538388|A/american_crow/NJ/25G04652-001/2025|H5N1|USA-NJ|Salem|2025-10-21|wild_avian|D1.1,Atlantic,Atlantic
753,652,0.450824516454177,-86.848803193519,40.8106312094959,-86.0698091246598,40.2081712246433,1.29568222284443,0.844857706390249,2025.3546549356,2025.80547945205,SRR36211670|A/Black_Vulture/VA/25G03055-006-original/2025|H5N1|USA-VA|Unknown|2025-10-22|wild_avian|D1.1,Atlantic,Atlantic
932,483,0.24585312846685,-113.74592096871,44.6287467764484,-89.8501273686641,40.264093013925,1.29568222284443,1.04982909437758,2025.55962632359,2025.80547945205,SRR36209114|A/Red-tailed_Hawk/MO/25G02853-005-original/2025|H5N1|USA-MO|Unknown|2025-10-22|wild_avian|D1.1,Pacific,Mississippi
786,378,0.186850546574458,-103.442243432807,46.1189745556704,-104.823257922512,45.0500462890248,1.29568222284443,1.10883167626997,2025.61862890548,2025.80547945205,SRR36212529|A/Canada_Goose/MO/25G02853-004-original/2025|H5N1|USA-MO|Unknown|2025-10-22|wild_avian|D1.1,Mississippi,Mississippi
892,440,0.149251791700594,-108.101503291547,32.6997863530949,-110.034309748,31.9631430968413,1.29568222284443,1.14643043114383,2025.65622766035,2025.80547945205,SRR36203374|A/Canada_Goose/UT/25G03448-005-original/2025|H5N1|USA-UT|Unknown|2025-10-22|wild_avian|D1.1,Pacific,Pacific
1066,536,0.457862685158698,-97.963814670797,37.172771154567,-98.6948692580336,37.045229097229,1.29842194887178,0.840559263713085,2025.35035649292,2025.80821917808,SRR36162703|A/chicken/GA/25G02650-001-original/2025|H5N1|USA-GA|Unknown|2025-10-23|domestic_avian|D1.1,Atlantic,Atlantic
905,443,0.29026534511438,-120.263362420421,41.8902315514918,-121.834775813429,36.9011442075652,1.29842194887178,1.0081566037574,2025.51795383297,2025.80821917808,SRR36212527|A/Canada_Goose/WY/25G02891-001-original/2025|H5N1|USA-WY|Unknown|2025-10-23|wild_avian|D1.1,Central,Central
804,391,0.189131323014541,-88.6753813180211,41.1184461029023,-89.7106942510634,43.5113688002014,1.29842194887178,1.10929062585724,2025.61908785507,2025.80821917808,SRR36406301|A/american_wigeon/OH/25G04131-008/2025|H5N1|USA-OH|Ottawa|2025-10-23|wild_avian|D1.1,Mississippi,Mississippi
904,445,0.30714242059779,-122.091564648013,43.4721448021993,-105.716313767923,42.7020224939165,1.30938085298121,1.00223843238342,2025.51203566159,2025.81917808219,SRR36203333|A/Canada_Goose/AL/25G03828-001-original/2025|H5N1|USA-AL|Unknown|2025-10-27|wild_avian|D1.1,Central,Mississippi
1318,152,0.223470295678772,-104.751039137911,39.8614924716462,-105.655027943953,38.9695273366012,1.30938085298121,1.08591055730244,2025.59570778651,2025.81917808219,SRR36538273|A/black_vulture/KY/25G04374-001/2025|H5N1|USA-KY|Grant|2025-10-27|wild_avian|D1.1,Mississippi,Mississippi
888,431,0.192297126519676,-119.096862004128,34.2862199268443,-120.142831749748,41.5236753021886,1.30938085298121,1.11708372646154,2025.62688095567,2025.81917808219,SRR36212524|A/Domestic_Goose/AL/25G03044-002-original/2025|H5N1|USA-AL|Unknown|2025-10-27|domestic_avian|D1.1,Mississippi,Mississippi
1319,154,0.171021880785972,-104.509211459128,38.9460640805166,-104.67931356936,40.1882362002352,1.30938085298121,1.13835897219524,2025.64815620141,2025.81917808219,SRR36538272|A/black_vulture/KY/25G04374-002/2025|H5N1|USA-KY|Grant|2025-10-27|wild_avian|D1.1,Mississippi,Mississippi
1019,297,0.32814354196288,-82.2488255909984,32.5215648644872,-81.9336741402497,32.6464061671241,1.3121205790088,0.983977037045918,2025.49377426626,2025.82191780822,SRR36209096|A/Black_Vulture/SC/25G03063-001-original/2025|H5N1|USA-SC|Unknown|2025-10-28|wild_avian|D1.1,Atlantic,Atlantic
937,471,0.107104641330747,-113.08414421758,48.9080769138964,-112.504343427289,48.9256607043406,1.3121205790088,1.20501593767805,2025.71481316689,2025.82191780822,SRR36406354|A/cackling_goose/WA/25G03972-002/2025|H5N1|USA-WA|Whatcom|2025-10-28|wild_avian|D1.1,Pacific,Pacific
879,455,0.125811336380506,-121.564451025835,38.5181663666658,-121.61007255564,38.3143955346215,1.31486030503616,1.18904896865565,2025.69884619787,2025.82465753425,SRR36406399|A/american_green_winged_teal/CA/25G03928-006/2025|H5N1|USA-CA|Yolo|2025-10-29|wild_avian|D1.1,Pacific,Pacific
876,428,0.0476110763107422,-121.16816154661,43.9473594955965,-92.4191524516829,37.770446895939,1.31486030503616,1.26724922872541,2025.77704645794,2025.82465753425,SRR36406410|A/american_wigeon/CA/25G03928-001/2025|H5N1|USA-CA|Yolo|2025-10-29|wild_avian|D1.1,Mississippi,Pacific
911,468,0.269029189441581,-120.17552086508,45.1597049770458,-105.467757652697,42.0433171515076,1.31760003106351,1.04857084162193,2025.55836807083,2025.82739726027,SRR36406351|A/cackling_goose/WA/25G03973-001/2025|H5N1|USA-WA|Whatcom|2025-10-30|wild_avian|D1.1,Pacific,Pacific
829,345,0.246830068026674,-102.093014700482,36.4153837353331,-96.2099986525822,47.2268180849793,1.31760003106351,1.07076996303684,2025.58056719225,2025.82739726027,SRR36209076|A/Black_Swan/PA/25G03182-002-original/2025|H5N1|USA-PA|Unknown|2025-10-30|wild_avian|D1.1,Mississippi,Atlantic
925,497,0.231571268489707,-91.8695532234381,41.9054392054431,-80.3030411640577,32.9515625739717,1.31760003106351,1.08602876257381,2025.59582599178,2025.82739726027,SRR36209051|A/Muscovy_Duck/FL/25G03354-001-original/2025|H5N1|USA-FL|Unknown|2025-10-30|wild_avian|D1.1,Mississippi,Atlantic
814,363,0.226675682057248,-97.331034673149,36.3664745873412,-95.6197832087743,37.4129274750687,1.32033975709087,1.09366407503362,2025.60346130424,2025.8301369863,SRR36406409|A/wood_duck/MN/25G04157-001/2025|H5N1|USA-MN|Anoka|2025-10-31|wild_avian|D1.1,Mississippi,Mississippi
797,392,0.252893336722559,-89.2119022810905,41.96018336713,-88.181103485125,40.8622924139768,1.32307948311823,1.07018614639567,2025.57998337561,2025.83287671233,SRR36406415|A/american_green_winged_teal/OH/25G04131-027/2025|H5N1|USA-OH|Ottawa|2025-11-01|wild_avian|D1.1,Mississippi,Mississippi
935,475,0.240757705435099,-100.199682480362,48.7111957510833,-101.841133547406,37.0615211459316,1.32307948311823,1.08232177768313,2025.59211900689,2025.83287671233,SRR36406349|A/red_tailed_hawk/WA/25G03976-001/2025|H5N1|USA-WA|Whatcom|2025-11-01|wild_avian|D1.1,Central,Pacific
830,346,0.169928791245707,-102.442612708009,34.4796118720366,-103.077097801643,37.8410678110146,1.32855893517317,1.15863014392746,2025.66842737314,2025.83835616438,SRR36162625|A/Red-breasted_Goose/TN/25G03365-002-original/2025|H5N1|USA-TN|Unknown|2025-11-03|wild_avian|D1.1,Mississippi,Mississippi
885,434,0.255979269418252,-123.734355711691,40.8590553309517,-119.270216384275,47.0766067783927,1.33129866120053,1.07531939178228,2025.58511662099,2025.84109589041,SRR36203396|A/wild_goose/NM/25G03506-001-original/2025|H5N1|USA-NM|Unknown|2025-11-04|wild_avian|D1.1,Central,Central
902,451,0.225891402826444,-119.282633151133,46.1303184339973,-121.600644087622,36.6882382258615,1.33129866120053,1.10540725837408,2025.61520448758,2025.84109589041,SRR36202277|A/Domestic_Cat/ND/25G03436-001-original/2025|H5N1|USA-ND|Unknown|2025-11-04|feline|D1.1,Central,Central
933,489,0.224474708580139,-116.979099019451,40.7736773445251,-121.271389770706,40.0495628412014,1.33129866120053,1.10682395262039,2025.61662118183,2025.84109589041,SRR36203296|A/Swan/UT/25G03453-001-original/2025|H5N1|USA-UT|Unknown|2025-11-04|wild_avian|D1.1,Pacific,Pacific
1302,201,0.320023488726494,-71.5232535933423,43.5272972090902,-71.5089223471601,43.6583924868727,1.33677811325524,1.01675462452875,2025.52655185374,2025.84657534247,SRR36202283|A/chicken/NH/25G03769-001-original/2025|H5N1|USA-NH|Unknown|2025-11-06|domestic_avian|D1.1,Atlantic,Atlantic
862,505,0.26491055214917,-86.7598129660496,46.1070198203521,-86.8388663617784,45.9427134818465,1.33677811325524,1.07186756110607,2025.58166479032,2025.84657534247,SRR36202234|A/chicken/DE/25G03562-002-original/2025|H5N1|USA-DE|Unknown|2025-11-06|domestic_avian|D1.1,Atlantic,Atlantic
864,507,0.230892608991821,-88.1068768525287,46.3537170968017,-93.5596795018871,44.5510732666288,1.3395178392826,1.10862523029078,2025.6184224595,2025.84931506849,SRR36538326|A/canada_goose/NC/25G04376-001/2025|H5N1|USA-NC|New_Hanover|2025-11-07|wild_avian|D1.1,Atlantic,Atlantic
866,421,0.411054960313748,-97.143493438011,45.6292254490527,-98.157832167992,41.4731145791996,1.34225756531018,0.931202604996437,2025.44099983421,2025.85205479452,SRR36203391|A/wood_duck/IN/25G03805-006/2025|H5N1|USA-IN|Newton|2025-11-08|wild_avian|D1.1,Mississippi,Mississippi
895,447,0.343195413087545,-121.895329980367,43.785828487221,-117.620821954477,38.4950083438915,1.34225756531018,0.999062152222639,2025.50885938143,2025.85205479452,SRR36538295|A/american_green_winged_teal/OK/25G04973-021/2025|H5N1|USA-OK|Sequoyah|2025-11-08|wild_avian|D1.1,Central,Central
784,374,0.318262017818938,-94.2585853232787,46.0588987634302,-97.6073248668242,32.1084211956828,1.34225756531018,1.02399554749125,2025.5337927767,2025.85205479452,SRR36538290|A/bald_eagle/IN/25G04807-001/2025|H5N1|USA-IN|Hamilton|2025-11-08|wild_avian|D1.1,Central,Mississippi
876,427,0.0750083365847709,-121.16816154661,43.9473594955965,-117.484635485073,43.6355646884053,1.34225756531018,1.26724922872541,2025.77704645794,2025.85205479452,SRR36406324|A/gadwall/KS/25G04225-001/2025|H5N1|USA-KS|Neosho|2025-11-08|wild_avian|D1.1,Mississippi,Central
875,425,0.0730296602608684,-121.073085875844,40.8292515133679,-122.389857313975,42.627646458505,1.34225756531018,1.26922790504932,2025.77902513426,2025.85205479452,SRR36538311|A/gadwall/KS/25G04225-031/2025|H5N1|USA-KS|Neosho|2025-11-08|wild_avian|D1.1,Mississippi,Central
929,941,0.328077166408115,-111.353408817085,45.2004147057872,-115.201674944657,46.1667613655576,1.34656017274458,1.01848300633646,2025.52828023555,2025.85635740195,NA,Pacific,Pacific
1035,317,0.321162100779838,-74.5804631775677,39.6175963134792,-77.5562994605729,40.515529142617,1.3477370173649,1.02657491658506,2025.5363721458,2025.85753424658,SRR36203383|A/Black_Vulture/CT/25G03770-001-original/2025|H5N1|USA-CT|Unknown|2025-11-10|wild_avian|D1.1,Atlantic,Atlantic
816,365,0.265912823994333,-91.9252966959092,40.813079393073,-93.1865876355915,40.2720518942442,1.3477370173649,1.08182419337057,2025.59162142258,2025.85753424658,SRR36406411|A/great_horned_owl/MN/25G04156-001/2025|H5N1|USA-MN|Kandiyohi|2025-11-10|wild_avian|D1.1,Mississippi,Mississippi
923,492,0.255697622211249,-102.66512459757,41.1103342166431,-87.2835140672582,37.0291041610725,1.3477370173649,1.09203939515365,2025.60183662436,2025.85753424658,SRR36538325|A/canada_goose/WV/25G04377-001/2025|H5N1|USA-WV|Mason|2025-11-10|wild_avian|D1.1,Central,Atlantic
936,482,0.250383490320726,-110.426698886087,46.5719868081988,-91.6593322172988,35.7270191288784,1.3477370173649,1.09735352704417,2025.60715075625,2025.85753424658,SRR36538310|A/gadwall/SD/25G04284-006/2025|H5N1|USA-SD|Day|2025-11-10|wild_avian|D1.1,Pacific,Central
941,473,0.00117684462031975,-115.201674944657,46.1667613655576,-115.255980307536,46.0503122292114,1.3477370173649,1.34656017274458,2025.85635740195,2025.85753424658,SRR36406343|A/trumpeter_swan/ID/25G03984-001/2025|H5N1|USA-ID|Bannock|2025-11-10|wild_avian|D1.1,Pacific,Pacific
1033,311,0.336028420057188,-77.1028121000545,39.9579333295082,-77.2610712899586,40.7176353395208,1.35321646941961,1.01718804936243,2025.52698527857,2025.86301369863,SRR36406338|A/black_vulture/PA/25G03999-001/2025|H5N1|USA-PA|Adams|2025-11-12|wild_avian|D1.1,Atlantic,Atlantic
854,417,0.328826277478901,-117.096759508078,37.1901646304825,-97.9860570496363,37.5493025917176,1.35321646941961,1.02439019194071,2025.53418742115,2025.86301369863,SRR36538417|A/ross_s_goose/LA/25G04375-002/2025|H5N1|USA-LA|Vernon|2025-11-12|wild_avian|D1.1,Central,Mississippi
918,496,0.230033402727791,-104.436938588762,40.3252851577575,-108.75009034924,38.1298493553116,1.35321646941961,1.12318306669182,2025.6329802959,2025.86301369863,SRR36406276|A/snow_goose/CO/25G04393-001/2025|H5N1|USA-CO|Sedgwick|2025-11-12|wild_avian|D1.1,Central,Central
940,486,0.144260836073905,-101.158599512115,36.8612623106676,-102.943902140486,47.7115672184346,1.35321646941961,1.20895563334571,2025.71875286256,2025.86301369863,SRR36538334|A/wild_goose/TX/25G04762-002/2025|H5N1|USA-TX|Randall|2025-11-12|wild_avian|D1.1,Central,Central
941,472,0.00665629667503453,-115.201674944657,46.1667613655576,-119.241139483303,45.3869065091537,1.35321646941961,1.34656017274458,2025.85635740195,2025.86301369863,SRR36406329|A/trumpeter_swan/ID/25G04021-001/2025|H5N1|USA-ID|Ada|2025-11-12|wild_avian|D1.1,Pacific,Pacific
860,510,0.503091741705489,-119.302253548292,41.5165053247638,-105.229945800882,41.613746435335,1.35595619544697,0.852864453741482,2025.36266168295,2025.86575342466,SRR36406291|A/red_tailed_hawk/OR/25G04260-001/2025|H5N1|USA-OR|Klamath|2025-11-13|wild_avian|D1.1,Central,Pacific
898,460,0.297036461341456,-119.718198549662,40.8065243254727,-119.022224619,41.5042784475166,1.35595619544697,1.05891973410552,2025.56871696332,2025.86575342466,SRR36406289|A/canada_goose/NE/25G04294-001/2025|H5N1|USA-NE|Box_Butte|2025-11-13|wild_avian|D1.1,Central,Central
805,381,0.270167338840149,-91.2310350085328,42.437707266915,-98.0071291108278,39.4124347387754,1.35595619544697,1.08578885660682,2025.59558608582,2025.86575342466,SRR36582225|A/mallard_duck/WI/25G04982-005/2025|H5N1|USA-WI|Oconto|2025-11-13|wild_avian|D1.1,Mississippi,Mississippi
933,488,0.249132242826583,-116.979099019451,40.7736773445251,-110.983751184885,34.0719472940745,1.35595619544697,1.10682395262039,2025.61662118183,2025.86575342466,SRR36406292|A/red_tailed_hawk/OR/25G04259-001/2025|H5N1|USA-OR|Klamath|2025-11-13|wild_avian|D1.1,Pacific,Pacific
1067,534,0.221858197681001,-95.634272786984,39.1356552290321,-97.1935596014004,40.3613626085703,1.35595619544697,1.13409799776597,2025.64389522698,2025.86575342466,SRR36538281|A/black_vulture/GA/25G04368-001/2025|H5N1|USA-GA|Houston|2025-11-13|wild_avian|D1.1,Atlantic,Atlantic
900,452,0.300094788668939,-119.703982372099,44.7668906822575,-122.209767328943,38.7775243271599,1.35869592147456,1.05860113280562,2025.56839836202,2025.86849315069,SRR36406424|A/trumpeter_swan/MN/25G04483-001/2025|H5N1|USA-MN|Rice|2025-11-14|wild_avian|D1.1,Central,Mississippi
912,467,0.310463805316599,-120.12575303113,45.1690501015828,-118.768990711206,46.7880950963696,1.36143564750191,1.05097184218531,2025.5607690714,2025.87123287671,SRR36406282|A/trumpeter_swan/WY/25G04344-002/2025|H5N1|USA-WY|Lincoln|2025-11-15|wild_avian|D1.1,Pacific,Pacific
873,424,0.28709255416537,-123.335543785435,40.5525956033507,-110.537310987237,38.4548002927649,1.36143564750191,1.07434309333654,2025.58414032255,2025.87123287671,SRR36406281|A/trumpeter_swan/WY/25G04344-003/2025|H5N1|USA-WY|Lincoln|2025-11-15|wild_avian|D1.1,Central,Pacific
867,422,0.379330939741876,-97.2964390513903,45.2207159726338,-97.6138261750231,44.6085261125517,1.36417537352927,0.984844433787395,2025.494641663,2025.87397260274,SRR36538390|A/american_black_duck/OH/25G04930-025/2025|H5N1|USA-OH|Ottawa|2025-11-16|wild_avian|D1.1,Mississippi,Mississippi
884,437,0.338035078954842,-119.940439225714,42.2568837596255,-108.780859751253,39.3778080885724,1.36417537352927,1.02614029457443,2025.53593752378,2025.87397260274,SRR36406371|A/canvasback_duck/IL/25G04631-002/2025|H5N1|USA-IL|Jefferson|2025-11-16|wild_avian|D1.1,Central,Mississippi
903,449,0.260773576574171,-119.059767488102,46.2005961192373,-118.40620561403,39.8680193499804,1.36691509955663,1.10614152298246,2025.61593875219,2025.87671232877,SRR36406429|A/mallard_duck/IL/25G04430-008/2025|H5N1|USA-IL|Clinton|2025-11-17|wild_avian|D1.1,Central,Mississippi
880,457,0.213239681373523,-81.5694232387396,26.108438523887,-81.3221127506325,25.9072113853001,1.36691509955663,1.1536754181831,2025.66347264739,2025.87671232877,SRR36406277|A/Fish_crow/FL/25G04379-001/2025|H5N1|USA-FL|Lee|2025-11-17|wild_avian|D1.1,Atlantic,Atlantic
828,349,0.230290523952537,-91.9487236858504,45.1428404355328,-93.6775071867311,48.3848581692617,1.36965482558399,1.13936430163145,2025.64916153084,2025.87945205479,SRR36538318|A/canada_goose/CO/25G04853-001/2025|H5N1|USA-CO|Larimer|2025-11-18|wild_avian|D1.1,Central,Central
830,347,0.211024681656522,-102.442612708009,34.4796118720366,-86.5617969918986,33.3075465154733,1.36965482558399,1.15863014392746,2025.66842737314,2025.87945205479,SRR36538338|A/wild_goose/TX/25G04760-001/2025|H5N1|USA-TX|Potter|2025-11-18|wild_avian|D1.1,Mississippi,Central
1122,22,1.06674884683283,-103.464417663949,36.2622634457385,-101.901504394727,36.5134788990621,1.37513427763893,0.308385430806101,2024.81818266002,2025.88493150685,SRR36582238|A/Black_vulture/SC/25G05160-001/2025|H5N1|USA-SC|Charleston|2025-11-20|wild_avian|D1.1,Atlantic,Atlantic
692,272,0.392833278464356,-96.1599891875273,36.4949845736749,-96.4775244404731,36.602225218605,1.37513427763893,0.982300999174571,2025.49209822838,2025.88493150685,SRR36538271|A/black_vulture/AR/25G04946-001/2025|H5N1|USA-AR|Washington|2025-11-20|wild_avian|D1.1,Mississippi,Mississippi
871,430,0.388380606305395,-117.128570502114,42.3331022509131,-100.133642109087,45.6994839882029,1.37513427763893,0.986753671333533,2025.49655090054,2025.88493150685,SRR36538343|A/western_gull/CA/25G04840-001/2025|H5N1|USA-CA|Contra_Costa|2025-11-20|wild_avian|D1.1,Central,Pacific
857,415,0.286227197149132,-119.804084014236,35.4457935187557,-105.135756783604,47.2440591487239,1.37513427763893,1.0889070804898,2025.5987043097,2025.88493150685,SRR36538357|A/snow_goose/OK/25G05185-001/2025|H5N1|USA-OK|Cleveland|2025-11-20|wild_avian|D1.1,Pacific,Central
879,454,0.186085308983278,-121.564451025835,38.5181663666658,-121.80621345774,38.2916524196544,1.37513427763893,1.18904896865565,2025.69884619787,2025.88493150685,SRR36538375|A/red_tailed_hawk/CA/25G04838-002/2025|H5N1|USA-CA|Sacramento|2025-11-20|wild_avian|D1.1,Pacific,Pacific
940,485,0.166178644293219,-101.158599512115,36.8612623106676,-103.161685578429,36.5407949352886,1.37513427763893,1.20895563334571,2025.71875286256,2025.88493150685,SRR36538363|A/ross_s_goose/SD/25G04635-003/2025|H5N1|USA-SD|McPherson|2025-11-20|wild_avian|D1.1,Central,Central
921,499,0.270788033918127,-101.923656735998,36.5137326411614,-113.821934956847,41.1363467152048,1.37787400366629,1.10708596974816,2025.61688319896,2025.88767123288,SRR36582215|A/ring_necked_duck/WI/25G05226-008/2025|H5N1|USA-WI|Burnet|2025-11-21|wild_avian|D1.1,Central,Mississippi
852,420,0.404053447195911,-118.066348967569,39.1193169604912,-87.0512532133253,31.6222238778514,1.38061372969364,0.976560282497731,2025.48635751171,2025.8904109589,SRR36582245|A/american_green_winged_teal/VA/25G05021-005/2025|H5N1|USA-VA|Surry|2025-11-22|wild_avian|D1.1,Central,Atlantic
901,448,0.321603219778829,-119.716194934342,44.7646895789578,-102.332651621763,41.1460628845617,1.38061372969364,1.05901050991481,2025.56880773913,2025.8904109589,SRR36582243|A/american_green_winged_teal/GA/25G05285-010/2025|H5N1|USA-GA|McIntosh|2025-11-22|wild_avian|D1.1,Central,Atlantic
938,484,0.314432106370469,-96.4090915054728,38.4013424154287,-121.063126642851,37.4151597018462,1.38061372969364,1.06618162332317,2025.57597885253,2025.8904109589,SRR36538305|A/greater_scaup/VA/25G04885-001/2025|H5N1|USA-VA|Suffolk|2025-11-22|wild_avian|D1.1,Central,Atlantic
924,494,0.280053562145964,-102.501973361505,40.9661931091663,-85.5404898912264,30.127704970333,1.38061372969364,1.10056016754768,2025.61035739676,2025.8904109589,SRR36538366|A/ring_necked_duck/FL/25G04963-061/2025|H5N1|USA-FL|Lake|2025-11-22|wild_avian|D1.1,Central,Atlantic
927,502,0.362345669804395,-112.568301273147,44.9110324308338,-91.9263122784103,43.4360777417585,1.38609318174836,1.02374751194396,2025.53354474115,2025.89589041096,SRR36538359|A/snow_goose/MO/25G04856-004/2025|H5N1|USA-MO|Clay|2025-11-24|wild_avian|D1.1,Pacific,Mississippi
797,393,0.315907035352689,-89.2119022810905,41.96018336713,-89.1605988318966,41.3567250478024,1.38609318174836,1.07018614639567,2025.57998337561,2025.89589041096,SRR36538288|A/bald_eagle/MI/25G04925-001/2025|H5N1|USA-MI|Saginaw|2025-11-24|wild_avian|D1.1,Mississippi,Mississippi
817,358,0.293121287062041,-93.4031114549131,42.2038974359344,-89.5678750029809,46.0376248499474,1.38609318174836,1.09297189468632,2025.6027691239,2025.89589041096,SRR36538286|A/bald_eagle/MI/25G04925-005/2025|H5N1|USA-MI|Newaygo|2025-11-24|wild_avian|D1.1,Mississippi,Mississippi
875,426,0.116865276699041,-121.073085875844,40.8292515133679,-117.058625320183,40.7711455332027,1.38609318174836,1.26922790504932,2025.77902513426,2025.89589041096,SRR36538302|A/mallard_duck/MO/25G04856-003/2025|H5N1|USA-MO|St_Louis|2025-11-24|wild_avian|D1.1,Mississippi,Mississippi
1302,202,0.372078283247194,-71.5232535933423,43.5272972090902,-68.7097945618855,46.0696195984068,1.38883290777594,1.01675462452875,2025.52655185374,2025.89863013699,SRR36538185|A/Domestic_goose/ME/25G04880-003/2025|H5N1|USA-ME|Penobscot|2025-11-25|domestic_avian|D1.1,Atlantic,Atlantic
883,436,0.369214313303983,-120.092693622572,42.322245206291,-100.122896080983,36.401689130947,1.38883290777594,1.01961859447196,2025.52941582368,2025.89863013699,SRR36582221|A/Mute_swan/SC/25G05056-001/2025|H5N1|USA-SC|Sumter|2025-11-25|wild_avian|D1.1,Central,Atlantic
917,501,0.329144615086108,-101.738619065316,37.2245509501848,-68.9551747113805,45.7083872236822,1.38883290777594,1.05968829268983,2025.5694855219,2025.89863013699,SRR36538193|A/Domestic_chicken/ME/25G05080-001/2025|H5N1|USA-ME|Penobscot|2025-11-25|domestic_avian|D1.1,Central,Atlantic
1308,195,0.296038619058733,-72.3011556906282,42.588962736548,-72.1927716339468,42.414409627429,1.38883290777594,1.09279428871721,2025.60259151793,2025.89863013699,SRR36538317|A/canada_goose/NY/25G04881-001/2025|H5N1|USA-NY|Chemung|2025-11-25|wild_avian|D1.1,Atlantic,Atlantic
939,487,0.225377249353577,-102.218034217786,36.6301125112712,-100.557779644514,43.9657048260771,1.38883290777594,1.16345565842236,2025.67325288763,2025.89863013699,SRR36582231|A/canada_goose/MT/25G05375-001/2025|H5N1|USA-MT|Roosevelt|2025-11-25|wild_avian|D1.1,Central,Central
903,450,0.2881708368482,-119.059767488102,46.2005961192373,-100.747540924296,42.7194792578384,1.39431235983066,1.10614152298246,2025.61593875219,2025.90410958904,SRR36538195|A/Domestic_turkey/NC/25G05083-001/2025|H5N1|USA-NC|Wayne|2025-11-27|domestic_avian|D1.1,Central,Atlantic
861,509,0.348438231337003,-87.759190231696,45.8902849406943,-89.0109266406538,44.7689328845917,1.39705208585801,1.04861385452101,2025.55841108373,2025.90684931507,SRR36582240|A/Bald_eagle/NJ/25G05298-001/2025|H5N1|USA-NJ|Burlington|2025-11-28|wild_avian|D1.1,Atlantic,Atlantic
863,508,0.304970640638339,-87.8480068452356,46.5089459313137,-100.227785969338,43.1546440584811,1.39979181188537,1.09482117124703,2025.60461840046,2025.9095890411,SRR36582196|A/Wood_duck/AL/25G05286-007/2025|H5N1|USA-AL|Barbour|2025-11-29|wild_avian|D1.1,Atlantic,Mississippi
892,439,0.256101106768897,-108.101503291547,32.6997863530949,-93.1685157584454,31.1358693123659,1.40253153791273,1.14643043114383,2025.65622766035,2025.91232876712,SRR36582209|A/snow_goose/NE/25G05292-001/2025|H5N1|USA-NE|York|2025-11-30|wild_avian|D1.1,Pacific,Central
793,380,0.378141945051768,-91.1670549747122,45.7843150280878,-95.3222570604792,45.0988787194826,1.40527126394031,1.02712931888855,2025.5369265481,2025.91506849315,SRR36582207|A/snow_goose/NE/25G05294-001/2025|H5N1|USA-NE|Sarpy|2025-12-01|wild_avian|D1.1,Mississippi,Central
926,498,0.309099099607849,-92.1536952934146,39.9844392082146,-81.67755487818,38.6180872004652,1.40527126394031,1.09617216433246,2025.60596939354,2025.91506849315,SRR36582197|A/wild_goose/TX/25G05380-001/2025|H5N1|USA-TX|Lubbock|2025-12-01|wild_avian|D1.1,Mississippi,Central
924,493,0.304711096392635,-102.501973361505,40.9661931091663,-102.217806870689,40.47774326301,1.40527126394031,1.10056016754768,2025.61035739676,2025.91506849315,SRR36582206|A/snow_goose/NE/25G05295-001/2025|H5N1|USA-NE|Adams|2025-12-01|wild_avian|D1.1,Central,Central
946,481,0.273031362172429,-112.770204160785,43.9892296067035,-108.800751562253,41.1748519760553,1.40527126394031,1.13223990176788,2025.64203713098,2025.91506849315,SRR36582205|A/snow_goose/MT/25G05372-001/2025|H5N1|USA-MT|Gallatin|2025-12-01|wild_avian|D1.1,Pacific,Pacific
913,469,0.423044203875326,-112.301147271885,47.3329201862309,-92.3838482887523,36.5929267481409,1.40801098996767,0.984966786092345,2025.4947640153,2025.91780821918,SRR36582198|A/Wild_duck/TX/25G05240-001/2025|H5N1|USA-TX|Galveston|2025-12-02|wild_avian|D1.1,Pacific,Central
926,490,0.311838825635207,-92.1536952934146,39.9844392082146,-97.3682190270315,37.4295805477936,1.40801098996767,1.09617216433246,2025.60596939354,2025.91780821918,SRR36538194|A/peafowl/WI/25G05091-001/2025|H5N1|USA-WI|Marquette|2025-12-02|wild_avian|D1.1,Mississippi,Mississippi
918,495,0.284827923275849,-104.436938588762,40.3252851577575,-104.092852055679,42.0942984726581,1.40801098996767,1.12318306669182,2025.6329802959,2025.91780821918,SRR36582213|A/snow_goose/KS/25G05234-001/2025|H5N1|USA-KS|Riley|2025-12-02|wild_avian|D1.1,Central,Central
897,458,0.39049820601999,-122.449056365213,43.7294177129297,-117.485091762755,45.0930154909467,1.41075071599503,1.02025250997504,2025.53004973919,2025.92054794521,SRR36538358|A/snow_goose/IA/25G05071-001/2025|H5N1|USA-IA|Story|2025-12-03|wild_avian|D1.1,Central,Mississippi
944,477,0.374275114729178,-110.954015135349,42.7776201724232,-116.388755889825,46.2322517801534,1.41623016804974,1.04195505332057,2025.55175228253,2025.92602739726,SRR36582220|A/Raccoon/WA/25G05425-001/2025|H5N1|USA-WA|San_Juan|2025-12-05|other_mammal|D1.1,Pacific,Pacific
