node1,node2,length,startLon,startLat,endLon,endLat,endNodeL,startNodeL,startYear,endYear,tipLabel,startFlyway,endFlyway
679,680,0.01536248687359,-115.03131270656,42.5433642247189,-113.73787192617,43.5605633097665,0.01536248687359,0,2024.52752064892,2024.5428831358,NA,Pacific,Pacific
680,681,0.01193734857652,-113.73787192617,43.5605633097665,-115.674353541337,42.9255015072141,0.0272998354501099,0.01536248687359,2024.5428831358,2024.55482048437,NA,Pacific,Pacific
679,801,0.0402787814726464,-115.03131270656,42.5433642247189,-111.142620116406,40.0215220706739,0.0402787814726464,0,2024.52752064892,2024.5677994304,NA,Pacific,Pacific
681,684,0.0151017624297674,-115.674353541337,42.9255015072141,-115.64535910249,41.5805877704205,0.0424015978798773,0.0272998354501099,2024.55482048437,2024.5699222468,NA,Pacific,Pacific
801,817,0.0109705969020273,-111.142620116406,40.0215220706739,-111.860280408958,41.1966979316037,0.0512493783746737,0.0402787814726464,2024.5677994304,2024.5787700273,NA,Pacific,Pacific
801,802,0.02229752244828,-111.142620116406,40.0215220706739,-113.480226108133,38.1298594654047,0.0625763039209264,0.0402787814726464,2024.5677994304,2024.59009695284,NA,Pacific,Central
817,818,0.0252030172781541,-111.860280408958,41.1966979316037,-115.1875870613,43.229549118018,0.0764523956528278,0.0512493783746737,2024.5787700273,2024.60397304458,NA,Pacific,Central
818,819,0.00841294838175632,-115.1875870613,43.229549118018,-111.305534898594,40.8694806160165,0.0848653440345841,0.0764523956528278,2024.60397304458,2024.61238599296,NA,Central,Pacific
818,1219,0.0115511620557776,-115.1875870613,43.229549118018,-115.404319309091,42.8079963833794,0.0880035577086054,0.0764523956528278,2024.60397304458,2024.61552420663,NA,Central,Central
819,820,0.0223921668080656,-111.305534898594,40.8694806160165,-105.646966938205,41.3334395886553,0.10725751084265,0.0848653440345841,2024.61238599296,2024.63477815977,NA,Pacific,Central
1219,1240,0.0209363730469951,-115.404319309091,42.8079963833794,-107.456826076783,32.8060595111634,0.1089399307556,0.0880035577086054,2024.61552420663,2024.63646057968,NA,Central,Mississippi
817,1350,0.0602591240831489,-111.860280408958,41.1966979316037,-110.076126298246,34.7053497445621,0.111508502457823,0.0512493783746737,2024.5787700273,2024.63902915138,NA,Pacific,Central
820,821,0.00685423018820397,-105.646966938205,41.3334395886553,-107.199882761263,44.3082371354357,0.114111741030854,0.10725751084265,2024.63477815977,2024.64163238995,NA,Central,Central
802,803,0.055487133217657,-113.480226108133,38.1298594654047,-111.039277360177,36.5388926635851,0.118063437138583,0.0625763039209264,2024.59009695284,2024.64558408606,NA,Central,Central
819,1217,0.0337897993875302,-111.305534898594,40.8694806160165,-111.203293107843,40.6429827062224,0.118655143422114,0.0848653440345841,2024.61238599296,2024.64617579235,NA,Pacific,Pacific
821,822,0.0119408085889465,-107.199882761263,44.3082371354357,-107.206248059148,43.3574879507544,0.1260525496198,0.114111741030854,2024.64163238995,2024.65357319854,NA,Central,Central
1240,1241,0.0220318367372139,-107.456826076783,32.8060595111634,-107.313032491772,32.7346668367642,0.130971767492814,0.1089399307556,2024.63646057968,2024.65849241642,NA,Mississippi,Mississippi
1241,1348,0.00105835277792554,-107.313032491772,32.7346668367642,-106.973545007689,34.3206031219868,0.13203012027074,0.130971767492814,2024.65849241642,2024.65955076919,NA,Mississippi,Mississippi
1350,1353,0.0228269948745627,-110.076126298246,34.7053497445621,-107.965911233087,34.4069276268004,0.134335497332385,0.111508502457823,2024.63902915138,2024.66185614626,NA,Central,Central
821,876,0.0209847113420802,-107.199882761263,44.3082371354357,-107.72502507456,44.728918130532,0.135096452372934,0.114111741030854,2024.64163238995,2024.6626171013,NA,Central,Pacific
822,824,0.0117943600934554,-107.206248059148,43.3574879507544,-107.514332384781,43.3953542069567,0.137846909713256,0.1260525496198,2024.65357319854,2024.66536755864,NA,Central,Central
1219,1220,0.054629316512868,-115.404319309091,42.8079963833794,-117.469456304695,43.7048441022637,0.142632874221473,0.0880035577086054,2024.61552420663,2024.67015352314,NA,Central,Pacific
684,685,0.100343837146931,-115.64535910249,41.5805877704205,-93.6106420406042,44.7174987143875,0.142745435026808,0.0424015978798773,2024.5699222468,2024.67026608395,NA,Pacific,Mississippi
802,805,0.0808943130694129,-113.480226108133,38.1298594654047,-113.511150895297,38.1240262021953,0.143470616990339,0.0625763039209264,2024.59009695284,2024.67099126591,NA,Central,Central
824,829,0.00588748166169206,-107.514332384781,43.3953542069567,-107.60813778951,43.2858447259352,0.143734391374948,0.137846909713256,2024.66536755864,2024.6712550403,NA,Central,Central
685,698,0.00101607413903704,-93.6106420406042,44.7174987143875,-94.4129396160377,44.443859867122,0.143761509165845,0.142745435026808,2024.67026608395,2024.67128215809,NA,Mississippi,Mississippi
1220,1223,0.00732602298724649,-117.469456304695,43.7048441022637,-116.901237321352,44.9233702324008,0.14995889720872,0.142632874221473,2024.67015352314,2024.67747954613,NA,Pacific,Pacific
1241,1242,0.0194518573079459,-107.313032491772,32.7346668367642,-104.937739615025,37.4414829589231,0.15042362480076,0.130971767492814,2024.65849241642,2024.67794427372,NA,Mississippi,Mississippi
876,1211,0.0162349516177935,-107.72502507456,44.728918130532,-99.1612464075044,41.9163394400165,0.151331403990727,0.135096452372934,2024.6626171013,2024.67885205291,NA,Pacific,Pacific
1223,1224,0.00196860448450709,-116.901237321352,44.9233702324008,-116.651080989302,45.6033909716623,0.151927501693227,0.14995889720872,2024.67747954613,2024.67944815062,NA,Pacific,Pacific
805,806,0.0091713420656061,-113.511150895297,38.1240262021953,-113.862801484964,38.5134382143242,0.152641959055945,0.143470616990339,2024.67099126591,2024.68016260798,NA,Central,Central
1242,1243,0.00268716315494633,-104.937739615025,37.4414829589231,-103.997441244124,36.7480817964741,0.153110787955707,0.15042362480076,2024.67794427372,2024.68063143688,NA,Mississippi,Mississippi
829,837,0.0113109113058927,-107.60813778951,43.2858447259352,-109.570069546345,41.7425508512437,0.15504530268084,0.143734391374948,2024.6712550403,2024.6825659516,NA,Central,Central
806,807,0.0063323214185913,-113.862801484964,38.5134382143242,-113.327252706974,39.869016204526,0.158974280474537,0.152641959055945,2024.68016260798,2024.6864949294,NA,Central,Central
876,877,0.0277375214873277,-107.72502507456,44.728918130532,-104.39867548607,44.4727637849497,0.162833973860262,0.135096452372934,2024.6626171013,2024.69035462278,NA,Pacific,Pacific
1224,1226,0.0111410763581317,-116.651080989302,45.6033909716623,-113.626755264298,47.4036514889544,0.163068578051359,0.151927501693227,2024.67944815062,2024.69058922697,NA,Pacific,Central
877,878,0.00332352775960798,-104.39867548607,44.4727637849497,-104.538856264597,44.1774639391434,0.16615750161987,0.162833973860262,2024.69035462278,2024.69367815054,NA,Pacific,Pacific
829,830,0.0235308453830505,-107.60813778951,43.2858447259352,-105.836750768942,41.9598267622408,0.167265236757998,0.143734391374948,2024.6712550403,2024.69478588568,NA,Central,Pacific
878,879,0.00164185251140259,-104.538856264597,44.1774639391434,-102.765082813626,44.7047364891503,0.167799354131272,0.16615750161987,2024.69367815054,2024.69532000305,NA,Pacific,Central
879,880,0.000603796609917495,-102.765082813626,44.7047364891503,-102.734989392785,44.6983303209884,0.16840315074119,0.167799354131272,2024.69532000305,2024.69592379966,NA,Central,Central
878,1197,0.00239230199327545,-104.538856264597,44.1774639391434,-104.85899109842,43.3780125118034,0.168549803613145,0.16615750161987,2024.69367815054,2024.69607045254,NA,Pacific,Pacific
1217,1218,0.0506331015109176,-111.203293107843,40.6429827062224,-110.92219522161,41.5707451743761,0.169288244933032,0.118655143422114,2024.64617579235,2024.69680889386,NA,Pacific,Pacific
877,1206,0.00718322942637273,-104.39867548607,44.4727637849497,-104.098728619332,43.8692443126451,0.170017203286634,0.162833973860262,2024.69035462278,2024.69753785221,NA,Pacific,Central
880,881,0.00198664302636997,-102.734989392785,44.6983303209884,-104.09973448225,45.0604649295314,0.17038979376756,0.16840315074119,2024.69592379966,2024.69791044269,NA,Central,Central
881,883,0.000588370301010555,-104.09973448225,45.0604649295314,-104.018906233659,44.9774672348472,0.17097816406857,0.17038979376756,2024.69791044269,2024.69849881299,NA,Central,Central
880,926,0.00257617034378743,-102.734989392785,44.6983303209884,-101.640901335392,46.2075670416426,0.170979321084977,0.16840315074119,2024.69592379966,2024.69849997001,NA,Central,Central
926,971,0.000244889606937804,-101.640901335392,46.2075670416426,-101.566697147348,46.1002555536575,0.171224210691915,0.170979321084977,2024.69849997001,2024.69874485962,NA,Central,Central
1243,1244,0.019833996009923,-103.997441244124,36.7480817964741,-101.823587499561,36.9365881075044,0.17294478396563,0.153110787955707,2024.68063143688,2024.70046543289,NA,Mississippi,Mississippi
971,972,0.00452353156321994,-101.566697147348,46.1002555536575,-99.2213911776407,47.8194617583005,0.175747742255135,0.171224210691915,2024.69874485962,2024.70326839118,NA,Central,Central
805,812,0.0323875928385216,-113.511150895297,38.1240262021953,-114.676908105428,36.421052590058,0.175858209828861,0.143470616990339,2024.67099126591,2024.70337885875,NA,Central,Central
1244,1245,0.00295908665765054,-101.823587499561,36.9365881075044,-101.65014256241,37.2303949565505,0.17590387062328,0.17294478396563,2024.70046543289,2024.70342451955,NA,Mississippi,Mississippi
972,1159,0.000380575087654877,-99.2213911776407,47.8194617583005,-98.6425707732926,48.2025336371735,0.17612831734279,0.175747742255135,2024.70326839118,2024.70364896627,NA,Central,Central
812,813,0.00130767868408554,-114.676908105428,36.421052590058,-115.480952248105,36.0831054293126,0.177165888512946,0.175858209828861,2024.70337885875,2024.70468653744,NA,Central,Central
830,831,0.0102614118129518,-105.836750768942,41.9598267622408,-106.031334188528,40.458115199778,0.17752664857095,0.167265236757998,2024.69478588568,2024.70504729749,NA,Pacific,Central
1206,1208,0.00751715918498141,-104.098728619332,43.8692443126451,-103.840313224182,43.9379448053788,0.177534362471616,0.170017203286634,2024.69753785221,2024.70505501139,NA,Central,Central
1350,1351,0.0661998700728026,-110.076126298246,34.7053497445621,-106.593375404636,39.76702219252,0.177708372530625,0.111508502457823,2024.63902915138,2024.70522902145,NA,Central,Pacific
883,888,0.00697984140571783,-104.018906233659,44.9774672348472,-103.745151030959,48.8583876540821,0.177958005474288,0.17097816406857,2024.69849881299,2024.7054786544,NA,Central,Central
1245,1262,0.00478193124713244,-101.65014256241,37.2303949565505,-102.151121970795,38.8494041841697,0.180685801870412,0.17590387062328,2024.70342451955,2024.70820645079,NA,Mississippi,Mississippi
926,927,0.00974575294730617,-101.640901335392,46.2075670416426,-101.621893340097,48.427083027995,0.180725074032283,0.170979321084977,2024.69849997001,2024.70824572296,NA,Central,Central
1159,1160,0.00584303333566516,-98.6425707732926,48.2025336371735,-98.6310926748227,48.1816898833723,0.181971350678455,0.17612831734279,2024.70364896627,2024.7094919996,NA,Central,Central
1244,1312,0.00919973035133137,-101.823587499561,36.9365881075044,-101.703234664742,36.949259232009,0.182144514316961,0.17294478396563,2024.70046543289,2024.70966516324,NA,Mississippi,Mississippi
1160,1163,0.000472589485143171,-98.6310926748227,48.1816898833723,-98.7398733872775,48.2436719336788,0.182443940163598,0.181971350678455,2024.7094919996,2024.70996458909,NA,Central,Central
1211,1213,0.0311387528021267,-99.1612464075044,41.9163394400165,-98.2640658835123,41.2042412399982,0.182470156792854,0.151331403990727,2024.67885205291,2024.70999080572,NA,Pacific,Pacific
1220,1221,0.0401636882361567,-117.469456304695,43.7048441022637,-113.045502139155,45.4127528774494,0.18279656245763,0.142632874221473,2024.67015352314,2024.71031721138,NA,Pacific,Pacific
1351,1352,0.00581874396099158,-106.593375404636,39.76702219252,-108.766253868129,39.7484633115041,0.183527116491617,0.177708372530625,2024.70522902145,2024.71104776541,NA,Pacific,Pacific
1208,1210,0.00680854711760537,-103.840313224182,43.9379448053788,-103.661616234277,44.7845111375129,0.184342909589221,0.177534362471616,2024.70505501139,2024.71186355851,NA,Central,Central
881,882,0.0142154097285798,-104.09973448225,45.0604649295314,-106.74585556768,43.4423136096039,0.184605203496139,0.17038979376756,2024.69791044269,2024.71212585242,NA,Central,Pacific
1242,1331,0.0342902363884527,-104.937739615025,37.4414829589231,-102.615792372669,33.9566843644171,0.184713861189213,0.15042362480076,2024.67794427372,2024.71223451011,NA,Mississippi,Mississippi
1197,1198,0.0166176562007905,-104.85899109842,43.3780125118034,-105.579308647976,48.1134219934779,0.185167459813935,0.168549803613145,2024.69607045254,2024.71268810874,NA,Pacific,Central
1208,1209,0.00792033403614889,-103.840313224182,43.9379448053788,-103.52873995864,43.8727333982289,0.185454696507765,0.177534362471616,2024.70505501139,2024.71297534543,NA,Central,Central
1226,1228,0.023832770903653,-113.626755264298,47.4036514889544,-113.725988792233,43.5183838540252,0.186901348955012,0.163068578051359,2024.69058922697,2024.71442199788,NA,Central,Pacific
837,838,0.032048841679029,-109.570069546345,41.7425508512437,-116.633964895664,37.4304659412443,0.187094144359869,0.15504530268084,2024.6825659516,2024.71461479328,NA,Central,Mississippi
1262,1264,0.0065067685103104,-102.151121970795,38.8494041841697,-101.197134209444,38.6065979922384,0.187192570380723,0.180685801870412,2024.70820645079,2024.7147132193,NA,Mississippi,Mississippi
838,854,0.00045601132608053,-116.633964895664,37.4304659412443,-116.635129146479,37.4307433258429,0.18755015568595,0.187094144359869,2024.71461479328,2024.71507080461,NA,Mississippi,Mississippi
888,898,0.0108339817006025,-103.745151030959,48.8583876540821,-105.274336129747,48.5567412218206,0.18879198717489,0.177958005474288,2024.7054786544,2024.7163126361,NA,Central,Central
838,839,0.00264547747617128,-116.633964895664,37.4304659412443,-116.952760741466,36.7465200518339,0.189739621836041,0.187094144359869,2024.71461479328,2024.71726027076,NA,Mississippi,Mississippi
972,973,0.014227375062124,-99.2213911776407,47.8194617583005,-102.887852766359,44.7807227554588,0.189975117317259,0.175747742255135,2024.70326839118,2024.71749576624,NA,Central,Pacific
898,899,0.00145865325779115,-105.274336129747,48.5567412218206,-105.601618318892,48.2005918475608,0.190250640432682,0.18879198717489,2024.7163126361,2024.71777128936,NA,Central,Central
1221,1222,0.0077983536534163,-113.045502139155,45.4127528774494,-110.607160297439,48.3979282783007,0.190594916111046,0.18279656245763,2024.71031721138,2024.71811556503,NA,Pacific,Pacific
698,699,0.0469576231601532,-94.4129396160377,44.443859867122,-96.2253159753418,46.9764148912967,0.190719132325998,0.143761509165845,2024.67128215809,2024.71823978125,NA,Mississippi,Mississippi
1331,1332,0.0064010644480661,-102.615792372669,33.9566843644171,-105.579815010835,33.0331724357304,0.191114925637279,0.184713861189213,2024.71223451011,2024.71863557456,NA,Mississippi,Mississippi
1197,1203,0.022992753499731,-104.85899109842,43.3780125118034,-110.330004617823,46.2441809496234,0.191542557112876,0.168549803613145,2024.69607045254,2024.71906320604,NA,Pacific,Central
888,889,0.0138615669621549,-103.745151030959,48.8583876540821,-92.6908639157016,45.4999860250773,0.191819572436443,0.177958005474288,2024.7054786544,2024.71934022136,NA,Central,Pacific
830,836,0.0248648300891821,-105.836750768942,41.9598267622408,-105.899574351649,42.1232539262291,0.19213006684718,0.167265236757998,2024.69478588568,2024.71965071577,NA,Pacific,Pacific
1264,1265,0.00496964501898733,-101.197134209444,38.6065979922384,-101.224238672719,38.4932129526394,0.19216221539971,0.187192570380723,2024.7147132193,2024.71968286432,NA,Mississippi,Mississippi
699,700,0.00206585243175783,-96.2253159753418,46.9764148912967,-96.1478072069432,46.9494163570662,0.192784984757756,0.190719132325998,2024.71823978125,2024.72030563368,NA,Mississippi,Mississippi
807,810,0.0339516237741178,-113.327252706974,39.869016204526,-120.853804763026,36.3275580364616,0.192925904248654,0.158974280474537,2024.6864949294,2024.72044655317,NA,Central,Pacific
1163,1168,0.0108021837079237,-98.7398733872775,48.2436719336788,-100.52420201809,48.0953510472179,0.193246123871522,0.182443940163598,2024.70996458909,2024.72076677279,NA,Central,Central
899,900,0.00326739036082846,-105.601618318892,48.2005918475608,-106.102966215563,48.274918707708,0.19351803079351,0.190250640432682,2024.71777128936,2024.72103867972,NA,Central,Central
1226,1227,0.0306430657652765,-113.626755264298,47.4036514889544,-113.669842997911,47.0406700288047,0.193711643816635,0.163068578051359,2024.69058922697,2024.72123229274,NA,Central,Central
1312,1313,0.0118608373490721,-101.703234664742,36.949259232009,-100.54037521745,36.6639273991643,0.194005351666033,0.182144514316961,2024.70966516324,2024.72152600059,NA,Mississippi,Mississippi
1312,1326,0.0119621287804044,-101.703234664742,36.949259232009,-101.689492136612,36.9376356942433,0.194106643097365,0.182144514316961,2024.70966516324,2024.72162729202,NA,Mississippi,Mississippi
685,686,0.0515034576499311,-93.6106420406042,44.7174987143875,-94.5970230200088,43.4266554613843,0.194248892676739,0.142745435026808,2024.67026608395,2024.7217695416,NA,Mississippi,Mississippi
1198,1199,0.00914896422428924,-105.579308647976,48.1134219934779,-105.930830530108,48.6397541682334,0.194316424038225,0.185167459813935,2024.71268810874,2024.72183707296,NA,Central,Central
837,875,0.0394791707339983,-109.570069546345,41.7425508512437,-110.242212053042,40.8686348053945,0.194524473414839,0.15504530268084,2024.6825659516,2024.72204512234,NA,Central,Central
1265,1277,0.00238647405988357,-101.224238672719,38.4932129526394,-101.033282708569,37.4991007093337,0.194548689459594,0.19216221539971,2024.71968286432,2024.72206933838,NA,Mississippi,Mississippi
879,1175,0.0267928623314342,-102.765082813626,44.7047364891503,-102.897787399377,41.8272945478785,0.194592216462706,0.167799354131272,2024.69532000305,2024.72211286539,NA,Central,Pacific
898,924,0.00592762236810085,-105.274336129747,48.5567412218206,-105.277837377225,48.5500958020389,0.194719609542991,0.18879198717489,2024.7163126361,2024.72224025847,NA,Central,Central
889,890,0.00303626760025777,-92.6908639157016,45.4999860250773,-92.8886275443192,44.9683293321329,0.194855840036701,0.191819572436443,2024.71934022136,2024.72237648896,NA,Pacific,Pacific
854,855,0.00758214183881223,-116.635129146479,37.4307433258429,-118.217675313791,36.1362838742115,0.195132297524762,0.18755015568595,2024.71507080461,2024.72265294645,NA,Mississippi,Central
698,779,0.0515249270643885,-94.4129396160377,44.443859867122,-101.280689711738,44.4120965265519,0.195286436230233,0.143761509165845,2024.67128215809,2024.72280708515,NA,Mississippi,Mississippi
1213,1215,0.0130012742320302,-98.2640658835123,41.2042412399982,-101.029029466841,36.212443958391,0.195471431024884,0.182470156792854,2024.70999080572,2024.72299207995,NA,Pacific,Pacific
1175,1186,0.0011118664569485,-102.897787399377,41.8272945478785,-103.406454680369,39.0789042775106,0.195704082919655,0.194592216462706,2024.72211286539,2024.72322473184,NA,Pacific,Pacific
807,808,0.0367520024766703,-113.327252706974,39.869016204526,-109.536143978463,33.3998522466429,0.195726282951207,0.158974280474537,2024.6864949294,2024.72324693187,NA,Central,Central
1228,1230,0.009121257129036,-113.725988792233,43.5183838540252,-114.848388999946,43.5340598050163,0.196022606084048,0.186901348955012,2024.71442199788,2024.72354325501,NA,Pacific,Pacific
973,1156,0.0060642416175356,-102.887852766359,44.7807227554588,-102.984315048819,44.9979976896884,0.196039358934794,0.189975117317259,2024.71749576624,2024.72356000786,NA,Pacific,Pacific
890,891,0.00128566292366084,-92.8886275443192,44.9683293321329,-93.0152316603262,45.2838849197793,0.196141502960361,0.194855840036701,2024.72237648896,2024.72366215188,NA,Pacific,Pacific
824,825,0.058310377314547,-107.514332384781,43.3953542069567,-108.069989847392,43.0199730975591,0.196157287027803,0.137846909713256,2024.66536755864,2024.72367793595,NA,Central,Central
1353,1355,0.0618613873378833,-107.965911233087,34.4069276268004,-107.312312491915,34.114366501176,0.196196884670269,0.134335497332385,2024.66185614626,2024.72371753359,NA,Central,Central
1203,1204,0.00474504641371465,-110.330004617823,46.2441809496234,-110.49825474789,44.1607076787575,0.196287603526591,0.191542557112876,2024.71906320604,2024.72380825245,NA,Central,Central
1211,1212,0.044984203517431,-99.1612464075044,41.9163394400165,-101.093358513848,40.4066718401324,0.196315607508158,0.151331403990727,2024.67885205291,2024.72383625643,NA,Pacific,Pacific
813,814,0.0191980996709396,-115.480952248105,36.0831054293126,-115.326680869313,36.2912164380618,0.196363988183886,0.177165888512946,2024.70468653744,2024.72388463711,NA,Central,Central
822,823,0.0703389143633968,-107.206248059148,43.3574879507544,-106.877930323925,43.2126501103498,0.196391463983197,0.1260525496198,2024.65357319854,2024.72391211291,NA,Central,Central
1353,1354,0.0623381482118852,-107.965911233087,34.4069276268004,-114.938142348547,37.4041852098859,0.196673645544271,0.134335497332385,2024.66185614626,2024.72419429447,NA,Central,Pacific
825,826,0.000600597123239233,-108.069989847392,43.0199730975591,-108.191073840188,42.8709821857505,0.196757884151042,0.196157287027803,2024.72367793595,2024.72427853307,NA,Central,Central
803,804,0.0787172086842676,-111.039277360177,36.5388926635851,-115.877251035824,37.2211530819377,0.196780645822851,0.118063437138583,2024.64558408606,2024.72430129475,NA,Central,Central
779,793,0.00155305965606112,-101.280689711738,44.4120965265519,-101.160348640363,44.8130994446412,0.196839495886294,0.195286436230233,2024.72280708515,2024.72436014481,NA,Mississippi,Mississippi
900,901,0.00372597026401822,-106.102966215563,48.274918707708,-106.139148529623,44.8453180385108,0.197244001057528,0.19351803079351,2024.72103867972,2024.72476464998,NA,Central,Central
839,844,0.00769763225082087,-116.952760741466,36.7465200518339,-116.854049117166,36.9247582818671,0.197437254086861,0.189739621836041,2024.71726027076,2024.72495790301,NA,Mississippi,Mississippi
1230,1231,0.00142568829755918,-114.848388999946,43.5340598050163,-114.745645422646,43.8364694631515,0.197448294381607,0.196022606084048,2024.72354325501,2024.7249689433,NA,Pacific,Pacific
855,856,0.00249283885214679,-118.217675313791,36.1362838742115,-118.667754272552,35.2148808513408,0.197625136376909,0.195132297524762,2024.72265294645,2024.7251457853,NA,Central,Central
831,832,0.0201168094445594,-106.031334188528,40.458115199778,-97.0475169826191,39.9075408372547,0.197643458015509,0.17752664857095,2024.70504729749,2024.72516410694,NA,Central,Pacific
844,845,0.000477414822951383,-116.854049117166,36.9247582818671,-117.151125276201,36.6576793188803,0.197914668909813,0.197437254086861,2024.72495790301,2024.72543531783,NA,Mississippi,Mississippi
1332,1333,0.00680583389547196,-105.579815010835,33.0331724357304,-105.858808551196,33.138354418372,0.197920759532751,0.191114925637279,2024.71863557456,2024.72544140846,NA,Mississippi,Mississippi
1313,1315,0.00678628432862882,-100.54037521745,36.6639273991643,-100.24564105134,36.9891937915872,0.200791635994662,0.194005351666033,2024.72152600059,2024.72831228492,NA,Mississippi,Mississippi
889,894,0.00905563299358514,-92.6908639157016,45.4999860250773,-93.5941975882563,46.867992868791,0.200875205430028,0.191819572436443,2024.71934022136,2024.72839585435,NA,Pacific,Pacific
1264,1282,0.0155262119607256,-101.197134209444,38.6065979922384,-101.305690100213,38.6382747397155,0.202718782341448,0.187192570380723,2024.7147132193,2024.73023943126,NA,Mississippi,Mississippi
1265,1266,0.0107283722148823,-101.224238672719,38.4932129526394,-97.2766214140899,36.7980832550593,0.202890587614593,0.19216221539971,2024.71968286432,2024.73041123654,NA,Mississippi,Mississippi
826,827,0.0103629235908571,-108.191073840188,42.8709821857505,-108.514807771454,42.8873220729276,0.207120807741899,0.196757884151042,2024.72427853307,2024.73464145667,NA,Central,Central
681,682,0.179885738126623,-115.674353541337,42.9255015072141,-114.10759715482,41.8096524706756,0.207185573576733,0.0272998354501099,2024.55482048437,2024.7347062225,NA,Pacific,Pacific
839,840,0.0178656626714255,-116.952760741466,36.7465200518339,-117.090822730204,36.4645523551853,0.207605284507466,0.189739621836041,2024.71726027076,2024.73512593343,NA,Mississippi,Central
1168,1169,0.0144565349155796,-100.52420201809,48.0953510472179,-100.681173140047,44.1429064046716,0.207702658787101,0.193246123871522,2024.72076677279,2024.73522330771,NA,Central,Central
856,857,0.0106312675324116,-118.667754272552,35.2148808513408,-118.36337335399,35.2157000980919,0.20825640390932,0.197625136376909,2024.7251457853,2024.73577705283,NA,Central,Central
831,834,0.0315407822896479,-106.031334188528,40.458115199778,-105.070492953185,38.7994650090613,0.209067430860598,0.17752664857095,2024.70504729749,2024.73658807978,NA,Central,Central
1175,1176,0.0147801972741743,-102.897787399377,41.8272945478785,-102.86222226601,41.9846283002749,0.209372413736881,0.194592216462706,2024.72211286539,2024.73689306266,NA,Pacific,Pacific
927,928,0.0291672374083309,-101.621893340097,48.427083027995,-110.688974958664,40.8530245248632,0.209892311440614,0.180725074032283,2024.70824572296,2024.73741296036,NA,Central,Mississippi
1228,1229,0.0231172692227783,-113.725988792233,43.5183838540252,-113.558348311033,43.3015087241177,0.21001861817779,0.186901348955012,2024.71442199788,2024.7375392671,NA,Pacific,Pacific
854,869,0.0227242531194627,-116.635129146479,37.4307433258429,-119.078460591364,39.3508640695767,0.210274408805412,0.18755015568595,2024.71507080461,2024.73779505773,NA,Mississippi,Mississippi
1230,1237,0.0158291672226569,-114.848388999946,43.5340598050163,-116.128479130402,46.6092616404303,0.211851773306704,0.196022606084048,2024.72354325501,2024.73937242223,NA,Pacific,Pacific
883,884,0.0416427651258906,-104.018906233659,44.9774672348472,-96.2195208236834,43.2860573472988,0.212620929194461,0.17097816406857,2024.69849881299,2024.74014157812,NA,Central,Pacific
1333,1334,0.0158158994220909,-105.858808551196,33.138354418372,-105.599266188883,33.8669840289229,0.213736658954842,0.197920759532751,2024.72544140846,2024.74125730788,NA,Mississippi,Mississippi
1331,1344,0.0294690984257637,-102.615792372669,33.9566843644171,-105.474553115608,35.5378312066876,0.214182959614977,0.184713861189213,2024.71223451011,2024.74170360854,NA,Mississippi,Mississippi
1231,1234,0.016958770733025,-114.745645422646,43.8364694631515,-112.229136075522,46.929994698469,0.214407065114632,0.197448294381607,2024.7249689433,2024.74192771404,NA,Pacific,Pacific
1326,1327,0.0209134108039561,-101.689492136612,36.9376356942433,-98.9681783076761,36.8131420692246,0.215020053901321,0.194106643097365,2024.72162729202,2024.74254070282,NA,Mississippi,Mississippi
1231,1232,0.0181580802200887,-114.745645422646,43.8364694631515,-114.331155265484,42.8509573745102,0.215606374601695,0.197448294381607,2024.7249689433,2024.74312702352,NA,Pacific,Pacific
1156,1157,0.0197416831722508,-102.984315048819,44.9979976896884,-100.555007308359,44.332462148073,0.215781042107045,0.196039358934794,2024.72356000786,2024.74330169103,NA,Pacific,Pacific
1234,1235,0.00192652635005697,-112.229136075522,46.929994698469,-112.091871637493,46.8463318172251,0.216333591464689,0.214407065114632,2024.74192771404,2024.74385424039,NA,Pacific,Pacific
1176,1181,0.00838779710591653,-102.86222226601,41.9846283002749,-101.591262797237,41.6978363119744,0.217760210842797,0.209372413736881,2024.73689306266,2024.74528085977,NA,Pacific,Pacific
1344,1345,0.00381986169330606,-105.474553115608,35.5378312066876,-106.187517881662,36.2580878430727,0.218002821308283,0.214182959614977,2024.74170360854,2024.74552347023,NA,Mississippi,Mississippi
793,794,0.0214583027605164,-101.160348640363,44.8130994446412,-112.093636348102,33.8567576641687,0.218297798646811,0.196839495886294,2024.72436014481,2024.74581844757,NA,Mississippi,Central
1160,1161,0.0363363527830598,-98.6310926748227,48.1816898833723,-98.805699149714,44.6014528025141,0.218307703461515,0.181971350678455,2024.7094919996,2024.74582835238,NA,Central,Central
1232,1233,0.00282108149880322,-114.331155265484,42.8509573745102,-114.912756988174,42.5373445560272,0.218427456100499,0.215606374601695,2024.74312702352,2024.74594810502,NA,Pacific,Pacific
700,701,0.0265850602830144,-96.1478072069432,46.9494163570662,-97.4939225145079,38.6987536035853,0.21937004504077,0.192784984757756,2024.72030563368,2024.74689069396,NA,Mississippi,Atlantic
1224,1225,0.068850790901863,-116.651080989302,45.6033909716623,-115.250048159528,45.4417625988052,0.22077829259509,0.151927501693227,2024.67944815062,2024.74829894152,NA,Pacific,Pacific
1334,1339,0.00983374312687513,-105.599266188883,33.8669840289229,-105.693871916549,33.9403086737913,0.223570402081717,0.213736658954842,2024.74125730788,2024.75109105101,NA,Mississippi,Mississippi
1204,1205,0.0280541880463645,-110.49825474789,44.1607076787575,-114.327255283531,48.674759324457,0.224341791572955,0.196287603526591,2024.72380825245,2024.7518624405,NA,Central,Central
779,780,0.0291303263212477,-101.280689711738,44.4120965265519,-101.814715898936,45.7213189615812,0.224416762551481,0.195286436230233,2024.72280708515,2024.75193741147,NA,Mississippi,Mississippi
1282,1283,0.023006414662035,-101.305690100213,38.6382747397155,-102.08051065917,36.6102869186855,0.225725197003483,0.202718782341448,2024.73023943126,2024.75324584593,NA,Mississippi,Mississippi
1282,1289,0.0235868198119065,-101.305690100213,38.6382747397155,-103.861779532252,39.3779094480201,0.226305602153355,0.202718782341448,2024.73023943126,2024.75382625108,NA,Mississippi,Mississippi
894,895,0.025471952634244,-93.5941975882563,46.867992868791,-93.1790522984978,46.8000356478786,0.226347158064272,0.200875205430028,2024.72839585435,2024.75386780699,NA,Pacific,Pacific
1176,1177,0.0173982800004753,-102.86222226601,41.9846283002749,-108.203292208654,38.1485075834868,0.226770693737356,0.209372413736881,2024.73689306266,2024.75429134266,NA,Pacific,Pacific
1235,1236,0.0106781397814135,-112.091871637493,46.8463318172251,-112.478663618527,47.2833267128691,0.227011731246102,0.216333591464689,2024.74385424039,2024.75453238017,NA,Pacific,Pacific
1266,1275,0.0243623031339832,-97.2766214140899,36.7980832550593,-92.7782122770927,40.725161130161,0.227252890748576,0.202890587614593,2024.73041123654,2024.75477353967,NA,Mississippi,Mississippi
793,799,0.0308608745545811,-101.160348640363,44.8130994446412,-101.201684774562,44.8944766812899,0.227700370440876,0.196839495886294,2024.72436014481,2024.75522101936,NA,Mississippi,Mississippi
884,885,0.0153223019935371,-96.2195208236834,43.2860573472988,-88.6450415990396,46.9763050515864,0.227943231187998,0.212620929194461,2024.74014157812,2024.75546388011,NA,Pacific,Pacific
701,726,0.00938462862271638,-97.4939225145079,38.6987536035853,-95.3347862173383,36.7604533134841,0.228754673663487,0.21937004504077,2024.74689069396,2024.75627532259,NA,Atlantic,Atlantic
1289,1290,0.00246589618265181,-103.861779532252,39.3779094480201,-103.989734022654,39.3552369834284,0.228771498336007,0.226305602153355,2024.75382625108,2024.75629214726,NA,Mississippi,Mississippi
726,727,0.00147006817504147,-95.3347862173383,36.7604533134841,-95.4649726381437,36.8457086873711,0.230224741838528,0.228754673663487,2024.75627532259,2024.75774539076,NA,Atlantic,Atlantic
1289,1307,0.00411404548057326,-103.861779532252,39.3779094480201,-103.580406760115,40.9582137295623,0.230419647633928,0.226305602153355,2024.75382625108,2024.75794029656,NA,Mississippi,Mississippi
1186,1188,0.0348188193816317,-103.406454680369,39.0789042775106,-101.403481282167,40.7308331944516,0.230522902301286,0.195704082919655,2024.72322473184,2024.75804355122,NA,Pacific,Central
1177,1178,0.00463591098784488,-108.203292208654,38.1485075834868,-108.121064855616,37.878777184898,0.231406604725201,0.226770693737356,2024.75429134266,2024.75892725365,NA,Pacific,Pacific
686,688,0.0377982861857973,-94.5970230200088,43.4266554613843,-95.9483034090657,41.6289106132084,0.232047178862536,0.194248892676739,2024.7217695416,2024.75956782779,NA,Mississippi,Mississippi
682,683,0.0254909450546028,-114.10759715482,41.8096524706756,-113.137851486204,40.7799918221897,0.232676518631336,0.207185573576733,2024.7347062225,2024.76019716755,NA,Pacific,Pacific
857,858,0.024710340451948,-118.36337335399,35.2157000980919,-117.071300749155,34.7528100681835,0.232966744361268,0.20825640390932,2024.73577705283,2024.76048739328,NA,Central,Central
928,929,0.0237877062051557,-110.688974958664,40.8530245248632,-115.269474895299,41.4054912316017,0.23368001764577,0.209892311440614,2024.73741296036,2024.76120066657,NA,Mississippi,Mississippi
901,908,0.0365257630341331,-106.139148529623,44.8453180385108,-102.340321716826,42.590546940232,0.233769764091661,0.197244001057528,2024.72476464998,2024.76129041301,NA,Central,Mississippi
840,841,0.0262300044681969,-117.090822730204,36.4645523551853,-121.384849529601,37.972215392395,0.233835288975663,0.207605284507466,2024.73512593343,2024.7613559379,NA,Central,Central
1277,1278,0.0393021895205334,-101.033282708569,37.4991007093337,-108.141064821748,35.7508968562094,0.233850878980127,0.194548689459594,2024.72206933838,2024.7613715279,NA,Mississippi,Central
885,886,0.00656013515583731,-88.6450415990396,46.9763050515864,-88.7894073245315,41.8242706822806,0.234503366343835,0.227943231187998,2024.75546388011,2024.76202401527,NA,Pacific,Pacific
900,922,0.0416597793004854,-106.102966215563,48.274918707708,-107.859133059606,46.7673266538064,0.235177810093995,0.19351803079351,2024.72103867972,2024.76269845902,NA,Central,Central
840,842,0.0277823011136138,-117.090822730204,36.4645523551853,-117.018729077412,36.9653620606746,0.23538758562108,0.207605284507466,2024.73512593343,2024.76290823454,NA,Central,Mississippi
1290,1291,0.00776602583970054,-103.989734022654,39.3552369834284,-103.306795314591,39.0225511451242,0.236537524175707,0.228771498336007,2024.75629214726,2024.7640581731,NA,Mississippi,Mississippi
929,930,0.00345471654374863,-115.269474895299,41.4054912316017,-112.763412325989,42.0656402113308,0.237134734189518,0.23368001764577,2024.76120066657,2024.76465538311,NA,Mississippi,Mississippi
895,896,0.0111514011632856,-93.1790522984978,46.8000356478786,-93.1921865573871,46.8070276695336,0.237498559227558,0.226347158064272,2024.75386780699,2024.76501920815,NA,Pacific,Pacific
973,974,0.0487712878905266,-102.887852766359,44.7807227554588,-95.6756429102633,40.9897586242212,0.238746405207785,0.189975117317259,2024.71749576624,2024.76626705413,NA,Pacific,Central
726,751,0.0100114829487601,-95.3347862173383,36.7604533134841,-93.8882609906964,37.3543813118369,0.238766156612247,0.228754673663487,2024.75627532259,2024.76628680554,NA,Atlantic,Atlantic
1307,1308,0.00979322862753285,-103.580406760115,40.9582137295623,-103.386603357896,41.4732893086765,0.240212876261461,0.230419647633928,2024.75794029656,2024.76773352518,NA,Mississippi,Mississippi
1345,1346,0.0230454894976453,-106.187517881662,36.2580878430727,-109.159587106179,32.4560773577712,0.241048310805928,0.218002821308283,2024.74552347023,2024.76856895973,NA,Mississippi,Mississippi
1237,1239,0.0294492815279024,-116.128479130402,46.6092616404303,-119.676876724201,48.1212338961294,0.241301054834607,0.211851773306704,2024.73937242223,2024.76882170376,NA,Pacific,Pacific
1346,1347,0.000430197730111104,-109.159587106179,32.4560773577712,-109.113935333658,32.3254095340945,0.241478508536039,0.241048310805928,2024.76856895973,2024.76899915746,NA,Mississippi,Mississippi
1186,1187,0.0463850198513178,-103.406454680369,39.0789042775106,-97.9641868456477,40.4727981190446,0.242089102770973,0.195704082919655,2024.72322473184,2024.76960975169,NA,Pacific,Central
842,843,0.00814808584749649,-117.018729077412,36.9653620606746,-117.042900047537,36.93624531108,0.243535671468576,0.23538758562108,2024.76290823454,2024.77105632039,NA,Mississippi,Mississippi
727,735,0.0140456325257889,-95.4649726381437,36.8457086873711,-94.9289057459042,37.0133591069759,0.244270374364317,0.230224741838528,2024.75774539076,2024.77179102329,NA,Atlantic,Atlantic
820,1216,0.137861010450422,-105.646966938205,41.3334395886553,-104.501142023357,42.9706639851458,0.245118521293072,0.10725751084265,2024.63477815977,2024.77263917022,NA,Central,Central
901,902,0.0483341751570914,-106.139148529623,44.8453180385108,-111.536961489997,38.9316249602904,0.24557817621462,0.197244001057528,2024.72476464998,2024.77309882514,NA,Central,Mississippi
927,970,0.0654993504691659,-101.621893340097,48.427083027995,-115.226103793356,39.0920787879466,0.246224424501449,0.180725074032283,2024.70824572296,2024.77374507342,NA,Central,Mississippi
902,903,0.00187324887771245,-111.536961489997,38.9316249602904,-111.521005503281,39.220097810966,0.247451425092332,0.24557817621462,2024.77309882514,2024.77497207402,NA,Mississippi,Mississippi
1290,1295,0.0199726992385427,-103.989734022654,39.3552369834284,-102.546337168476,40.4208570919406,0.248744197574549,0.228771498336007,2024.75629214726,2024.7762648465,NA,Mississippi,Mississippi
727,728,0.0189075199787716,-95.4649726381437,36.8457086873711,-92.040092227091,35.8321218643334,0.2491322618173,0.230224741838528,2024.75774539076,2024.77665291074,NA,Atlantic,Atlantic
856,860,0.0518247598950339,-118.667754272552,35.2148808513408,-116.902400133962,36.8712084632045,0.249449896271943,0.197625136376909,2024.7251457853,2024.7769705452,NA,Central,Central
680,4,0.235805388793231,-113.73787192617,43.5605633097665,-118.451650109615,41.5417618032078,0.251167875666821,0.01536248687359,2024.5428831358,2024.77868852459,SRR34491317|A/mallard/NV/24-030919-002/2024|H5N1|USA-NV|Churchill|2024-10-12|wild_avian|D1.1,Pacific,Pacific
751,756,0.0134697751745929,-93.8882609906964,37.3543813118369,-96.8245611685618,38.0863677081782,0.25223593178684,0.238766156612247,2024.76628680554,2024.77975658071,NA,Atlantic,Atlantic
756,757,0.00190312666473735,-96.8245611685618,38.0863677081782,-96.4591761467054,38.014787825834,0.254139058451577,0.25223593178684,2024.77975658071,2024.78165970737,NA,Atlantic,Atlantic
735,741,0.0110390175181052,-94.9289057459042,37.0133591069759,-95.1093622598026,37.1835917205364,0.255309391882422,0.244270374364317,2024.77179102329,2024.78283004081,NA,Atlantic,Atlantic
1283,1287,0.0298609322882764,-102.08051065917,36.6102869186855,-101.004548027673,34.4066801506019,0.25558612929176,0.225725197003483,2024.75324584593,2024.78310677821,NA,Mississippi,Mississippi
1199,1200,0.0625106284270034,-105.930830530108,48.6397541682334,-107.356060325979,47.5470946414848,0.256827052465228,0.194316424038225,2024.72183707296,2024.78434770139,NA,Central,Central
902,906,0.0112680497179023,-111.536961489997,38.9316249602904,-111.765356821378,38.239105163453,0.256846225932522,0.24557817621462,2024.77309882514,2024.78436687486,NA,Mississippi,Mississippi
799,800,0.0292482193383805,-101.201684774562,44.8944766812899,-106.222136024524,45.5346139964396,0.256948589779256,0.227700370440876,2024.75522101936,2024.7844692387,NA,Mississippi,Central
930,931,0.0216966870728614,-112.763412325989,42.0656402113308,-113.061814442006,42.2935175192433,0.25883142126238,0.237134734189518,2024.76465538311,2024.78635207019,NA,Mississippi,Mississippi
1229,252,0.0493459788006374,-113.558348311033,43.3015087241177,-119.140174367678,48.521029206323,0.259364596978427,0.21001861817779,2024.7375392671,2024.7868852459,SRR34491564|A/northern_pintail/WA/24-030720-008/2024|H5N1|USA-WA|Grant|2024-10-15|wild_avian|D1.1,Pacific,Pacific
1157,1158,0.0440314223654739,-100.555007308359,44.332462148073,-102.998258002077,44.0166569631224,0.259812464472519,0.215781042107045,2024.74330169103,2024.7873331134,NA,Pacific,Pacific
751,752,0.0211420402317846,-93.8882609906964,37.3543813118369,-94.4839340466073,37.0483851842256,0.259908196844031,0.238766156612247,2024.76628680554,2024.78742884577,NA,Atlantic,Atlantic
860,863,0.0114806879409823,-116.902400133962,36.8712084632045,-115.508015129242,36.4652447352006,0.260930584212925,0.249449896271943,2024.7769705452,2024.78845123314,NA,Central,Central
931,932,0.00304020266369753,-113.061814442006,42.2935175192433,-111.418104740091,42.5781462967519,0.261871623926077,0.25883142126238,2024.78635207019,2024.78939227285,NA,Mississippi,Mississippi
686,687,0.0682598078378913,-94.5970230200088,43.4266554613843,-99.07319713787,26.9898031046138,0.26250870051463,0.194248892676739,2024.7217695416,2024.79002934944,NA,Mississippi,Central
1295,1296,0.0138197253592856,-102.546337168476,40.4208570919406,-104.367002758778,41.2796816931173,0.262563922933835,0.248744197574549,2024.7762648465,2024.79008457186,NA,Mississippi,Atlantic
1283,1284,0.0373787408199406,-102.08051065917,36.6102869186855,-101.902129230374,36.9812424509331,0.263103937823424,0.225725197003483,2024.75324584593,2024.79062458675,NA,Mississippi,Mississippi
896,897,0.0259753205264528,-93.1921865573871,46.8070276695336,-91.352742496258,47.2445427080587,0.26347387975401,0.237498559227558,2024.76501920815,2024.79099452868,NA,Pacific,Pacific
932,933,0.00207091680081417,-111.418104740091,42.5781462967519,-110.479706337988,43.6189259710711,0.263942540726892,0.261871623926077,2024.78939227285,2024.79146318965,NA,Mississippi,Mississippi
1295,1299,0.0155049196879455,-102.546337168476,40.4208570919406,-102.587184314617,41.0073891104879,0.264249117262495,0.248744197574549,2024.7762648465,2024.79176976619,NA,Mississippi,Mississippi
1291,1292,0.0278406158421973,-103.306795314591,39.0225511451242,-96.41103785447,45.1990038372342,0.264378140017905,0.236537524175707,2024.7640581731,2024.79189878894,NA,Mississippi,Atlantic
1315,1321,0.0650583749663052,-100.24564105134,36.9891937915872,-99.9037898689587,34.834936943572,0.265850010960967,0.200791635994662,2024.72831228492,2024.79337065988,NA,Mississippi,Mississippi
1275,1276,0.0391179214939608,-92.7782122770927,40.725161130161,-88.7991515730957,40.1995398129017,0.266370812242537,0.227252890748576,2024.75477353967,2024.79389146117,NA,Mississippi,Mississippi
906,907,0.0100873106144577,-111.765356821378,38.239105163453,-111.965054807319,38.0404555945005,0.26693353654698,0.256846225932522,2024.78436687486,2024.79445418547,NA,Mississippi,Mississippi
832,833,0.0693272088260368,-97.0475169826191,39.9075408372547,-96.9510301486788,40.1645542201447,0.266970666841546,0.197643458015509,2024.72516410694,2024.79449131576,NA,Pacific,Pacific
863,864,0.00669757338724808,-115.508015129242,36.4652447352006,-115.421080915392,36.3470669175904,0.267628157600173,0.260930584212925,2024.78845123314,2024.79514880652,NA,Central,Central
1296,1297,0.00536851211698752,-104.367002758778,41.2796816931173,-105.909302236279,41.0948474776894,0.267932435050823,0.262563922933835,2024.79008457186,2024.79545308397,NA,Atlantic,Atlantic
869,870,0.0583838064943791,-119.078460591364,39.3508640695767,-123.014504163526,43.0138835159653,0.268658215299792,0.210274408805412,2024.73779505773,2024.79617886422,NA,Mississippi,Mississippi
1262,1263,0.0882399377425738,-102.151121970795,38.8494041841697,-97.9512466726844,40.895639245494,0.268925739612986,0.180685801870412,2024.70820645079,2024.79644638854,NA,Mississippi,Mississippi
1245,1246,0.0931171358634582,-101.65014256241,37.2303949565505,-96.1024813965114,32.2196439900774,0.269021006486738,0.17590387062328,2024.70342451955,2024.79654165541,NA,Mississippi,Mississippi
1333,1343,0.0715089224649179,-105.858808551196,33.138354418372,-106.498869258525,34.2979254566919,0.269429681997669,0.197920759532751,2024.72544140846,2024.79695033092,NA,Mississippi,Mississippi
860,861,0.0200516720873287,-116.902400133962,36.8712084632045,-119.249656648921,43.1152088182657,0.269501568359271,0.249449896271943,2024.7769705452,2024.79702221728,NA,Central,Central
1308,1309,0.0294252636014312,-103.386603357896,41.4732893086765,-104.330046907389,44.3866929877313,0.269638139862892,0.240212876261461,2024.76773352518,2024.79715878879,NA,Mississippi,Mississippi
1352,241,0.0867664422353152,-108.766253868129,39.7484633115041,-95.3879481051949,42.7614446533274,0.270293558726932,0.183527116491617,2024.71104776541,2024.79781420765,SRR34491467|A/mallard/WA/24-031817-001/2024|H5N1|USA-WA|Grant|2024-10-19|wild_avian|D1.1,Pacific,Pacific
1209,558,0.0848388622191674,-103.52873995864,43.8727333982289,-100.177966494996,41.2332147401738,0.270293558726932,0.185454696507765,2024.71297534543,2024.79781420765,SRR36628568|A/green_winged_teal/MT/24-031811-004/2024|H5N1|USA-MT|Broadwater|2024-10-19|wild_avian|D1.1,Central,Pacific
1199,615,0.0759771346887073,-105.930830530108,48.6397541682334,-95.950123221614,39.7368712213039,0.270293558726932,0.194316424038225,2024.72183707296,2024.79781420765,SRR34491407|A/american_white_pelican/CA/24-031867-001/2024|H5N1|USA-CA|San_Diego|2024-10-19|wild_avian|D1.1,Central,Pacific
794,795,0.0520222176450844,-112.093636348102,33.8567576641687,-121.09953381873,37.8194929860768,0.270320016291895,0.218297798646811,2024.74581844757,2024.79784066522,NA,Central,Pacific
924,925,0.0759489705337053,-105.277837377225,48.5500958020389,-104.683563476416,45.0986922653045,0.270668580076697,0.194719609542991,2024.72224025847,2024.798189229,NA,Central,Central
908,909,0.037519120893015,-102.340321716826,42.590546940232,-103.008269106484,40.8539763518187,0.271288884984676,0.233769764091661,2024.76129041301,2024.79880953391,NA,Mississippi,Mississippi
1309,1310,0.00205892576632127,-104.330046907389,44.3866929877313,-104.308841629554,44.4180088670577,0.271697065629213,0.269638139862892,2024.79715878879,2024.79921771455,NA,Mississippi,Mississippi
1334,1335,0.0585402463348628,-105.599266188883,33.8669840289229,-103.919993180631,30.9832506498148,0.272276905289705,0.213736658954842,2024.74125730788,2024.79979755421,NA,Mississippi,Mississippi
1321,1322,0.00646770816719844,-99.9037898689587,34.834936943572,-101.086827981391,36.3420377639481,0.272317719128165,0.265850010960967,2024.79337065988,2024.79983836805,NA,Mississippi,Mississippi
870,871,0.00469145550969108,-123.014504163526,43.0138835159653,-123.17904559242,43.3313793758511,0.273349670809483,0.268658215299792,2024.79617886422,2024.80087031973,NA,Mississippi,Mississippi
1278,1279,0.0397866649338556,-108.141064821748,35.7508968562094,-107.282144681345,38.5399787671708,0.273637543913983,0.233850878980127,2024.7613715279,2024.80115819284,NA,Central,Central
752,753,0.0140799811878578,-94.4839340466073,37.0483851842256,-90.9862079026331,38.5646925176698,0.273988178031889,0.259908196844031,2024.78742884577,2024.80150882696,NA,Atlantic,Atlantic
741,742,0.0192208590293428,-95.1093622598026,37.1835917205364,-94.0656060336311,37.9672110627117,0.274530250911765,0.255309391882422,2024.78283004081,2024.80205089983,NA,Atlantic,Atlantic
1339,1340,0.0509883292999291,-105.693871916549,33.9403086737913,-106.564091211859,34.120752187683,0.274558731381646,0.223570402081717,2024.75109105101,2024.8020793803,NA,Mississippi,Mississippi
886,887,0.0401190365296249,-88.7894073245315,41.8242706822806,-86.7972866608508,40.2619024932333,0.27462240287346,0.234503366343835,2024.76202401527,2024.8021430518,NA,Pacific,Pacific
688,689,0.0427878441223726,-95.9483034090657,41.6289106132084,-103.725698980287,39.2215315643326,0.274835022984909,0.232047178862536,2024.75956782779,2024.80235567191,NA,Mississippi,Mississippi
908,911,0.0414654487042747,-102.340321716826,42.590546940232,-101.625141764396,43.067148269037,0.275235212795936,0.233769764091661,2024.76129041301,2024.80275586172,NA,Mississippi,Mississippi
689,690,0.000552705486672966,-103.725698980287,39.2215315643326,-103.720441484252,39.2185842629715,0.275387728471582,0.274835022984909,2024.80235567191,2024.80290837739,NA,Mississippi,Mississippi
844,853,0.0779516042953476,-116.854049117166,36.9247582818671,-106.734089531489,41.1632174177274,0.275388858382209,0.197437254086861,2024.72495790301,2024.80290950731,NA,Mississippi,Central
1215,285,0.0802866085765273,-101.029029466841,36.212443958391,-104.211452923652,33.835333134782,0.275758039601412,0.195471431024884,2024.72299207995,2024.80327868852,SRR34491396|A/cackling_goose/OR/24-031821-001/2024|H5N1|USA-OR|Marion|2024-10-21|wild_avian|D1.1,Pacific,Pacific
834,835,0.0668465796447357,-105.070492953185,38.7994650090613,-102.631030980502,38.276450295404,0.275914010505333,0.209067430860598,2024.73658807978,2024.80343465943,NA,Central,Central
1188,1195,0.0455374485599342,-101.403481282167,40.7308331944516,-101.065076792736,40.3239960053455,0.276060350861221,0.230522902301286,2024.75804355122,2024.80358099978,NA,Central,Central
1213,1214,0.0938769926721614,-98.2640658835123,41.2042412399982,-92.3583280328413,47.9153364350511,0.276347149465016,0.182470156792854,2024.70999080572,2024.80386779839,NA,Pacific,Pacific
1178,1179,0.0455480955955745,-108.121064855616,37.878777184898,-108.212490233665,37.8289506682066,0.276954700320775,0.231406604725201,2024.75892725365,2024.80447534924,NA,Pacific,Pacific
1340,1341,0.00328225029698714,-106.564091211859,34.120752187683,-106.968019451668,34.3418652799981,0.277840981678633,0.274558731381646,2024.8020793803,2024.8053616306,NA,Mississippi,Mississippi
974,975,0.0394725433090197,-95.6756429102633,40.9897586242212,-96.670591355712,40.6254557516859,0.278218948516805,0.238746405207785,2024.76626705413,2024.80573959744,NA,Central,Central
930,962,0.0413425169683246,-112.763412325989,42.0656402113308,-117.789675877828,39.9318002915871,0.278477251157843,0.237134734189518,2024.76465538311,2024.80599790008,NA,Mississippi,Atlantic
891,588,0.0823487770781763,-93.0152316603262,45.2838849197793,-90.7514297611298,34.7203771733637,0.278490280038538,0.196141502960361,2024.72366215188,2024.80601092896,SRR34491351|A/canada_goose/OR/24-033934-001/2024|H5N1|USA-OR|Lincoln|2024-10-22|wild_avian|D1.1,Pacific,Pacific
962,963,1.98793200834047e-05,-117.789675877828,39.9318002915871,-117.828399298429,39.8278356022181,0.278497130477926,0.278477251157843,2024.80599790008,2024.8060177794,NA,Atlantic,Atlantic
1200,1201,0.0217878511343548,-107.356060325979,47.5470946414848,-107.104472398113,47.4600426107802,0.278614903599583,0.256827052465228,2024.78434770139,2024.80613555252,NA,Central,Central
891,892,0.0825262561315578,-93.0152316603262,45.2838849197793,-92.02865181108,45.4477589420064,0.278667759091919,0.196141502960361,2024.72366215188,2024.80618840802,NA,Pacific,Pacific
1195,1196,0.00293054628065814,-101.065076792736,40.3239960053455,-101.410405542403,40.0664958716056,0.278990897141879,0.276060350861221,2024.80358099978,2024.80651154607,NA,Central,Central
933,934,0.0151242164842678,-110.479706337988,43.6189259710711,-111.582259378318,42.6125115874434,0.279066757211159,0.263942540726892,2024.79146318965,2024.80658740613,NA,Mississippi,Mississippi
864,865,0.0116482591748208,-115.421080915392,36.3470669175904,-117.156318317923,36.7870741760389,0.279276416774994,0.267628157600173,2024.79514880652,2024.8067970657,NA,Central,Mississippi
963,964,0.00255543880866282,-117.828399298429,39.8278356022181,-117.953474119097,39.7307357094647,0.281052569286589,0.278497130477926,2024.8060177794,2024.80857321821,NA,Atlantic,Atlantic
1233,249,0.0655273048122915,-114.912756988174,42.5373445560272,-96.7717894885604,34.5680360073679,0.28395476091279,0.218427456100499,2024.74594810502,2024.81147540984,SRR34491527|A/american_coot/MN/24-032215-004/2024|H5N1|USA-MN|Itasca|2024-10-24|wild_avian|D1.1,Pacific,Mississippi
1233,250,0.0655273048122915,-114.912756988174,42.5373445560272,-98.5122943594094,32.1048815275216,0.28395476091279,0.218427456100499,2024.74594810502,2024.81147540984,SRR34491441|A/american_coot/MN/24-032215-006/2024|H5N1|USA-MN|Itasca|2024-10-24|wild_avian|D1.1,Pacific,Mississippi
757,758,0.0310755586541287,-96.4591761467054,38.014787825834,-96.2570924273564,39.8119920369433,0.285214617105706,0.254139058451577,2024.78165970737,2024.81273526603,NA,Atlantic,Atlantic
1179,1180,0.011637568952908,-108.212490233665,37.8289506682066,-108.309643981701,35.4832405182395,0.288592269273683,0.276954700320775,2024.80447534924,2024.8161129182,NA,Pacific,Pacific
857,859,0.0804716765137179,-118.36337335399,35.2157000980919,-120.615380521931,40.33291515889,0.288728080423038,0.20825640390932,2024.73577705283,2024.81624872935,NA,Central,Central
836,676,0.0972891749398623,-105.899574351649,42.1232539262291,-119.887368481791,36.548439414481,0.289419241787042,0.19213006684718,2024.71965071577,2024.81693989071,SRR36617365|A/mallard_duck/CA/24-032544-016/2024|H5N1|USA-CA|Yolo|2024-10-26|wild_avian|D1.1,Pacific,Pacific
1292,1293,0.0265144764281873,-96.41103785447,45.1990038372342,-96.548674887367,45.1346812956155,0.290892616446092,0.264378140017905,2024.79189878894,2024.81841326537,NA,Atlantic,Atlantic
1341,1342,0.0131961682596855,-106.968019451668,34.3418652799981,-105.482393599205,32.8496071346191,0.291037149938319,0.277840981678633,2024.8053616306,2024.81855779886,NA,Mississippi,Mississippi
700,778,0.0987134226026309,-96.1478072069432,46.9494163570662,-94.173571969114,45.3054412530278,0.291498407360387,0.192784984757756,2024.72030563368,2024.81901905628,NA,Mississippi,Mississippi
911,912,0.0175994394105625,-101.625141764396,43.067148269037,-107.4256726261,45.402107173111,0.292834652206499,0.275235212795936,2024.80275586172,2024.82035530113,NA,Mississippi,Mississippi
741,744,0.0376451464491789,-95.1093622598026,37.1835917205364,-94.4391646862255,34.4163903812857,0.292954538331601,0.255309391882422,2024.78283004081,2024.82047518725,NA,Atlantic,Atlantic
1277,1280,0.0986245864358886,-101.033282708569,37.4991007093337,-100.496975534522,36.3904219534713,0.293173275895482,0.194548689459594,2024.72206933838,2024.82069392482,NA,Mississippi,Mississippi
758,759,0.00864748882711019,-96.2570924273564,39.8119920369433,-96.9653247203741,39.6261018615819,0.293862105932816,0.285214617105706,2024.81273526603,2024.82138275486,NA,Atlantic,Atlantic
1315,1316,0.0957105229873128,-100.24564105134,36.9891937915872,-100.03946299399,35.9629279520318,0.296502158981975,0.200791635994662,2024.72831228492,2024.82402280791,NA,Mississippi,Mississippi
1201,1202,0.0184137485279816,-107.104472398113,47.4600426107802,-107.890016224531,47.6062157082269,0.297028652127564,0.278614903599583,2024.80613555252,2024.82454930105,NA,Central,Central
1327,1328,0.0822693795715466,-98.9681783076761,36.8131420692246,-94.9130017360785,32.0942908036565,0.297289433472868,0.215020053901321,2024.74254070282,2024.8248100824,NA,Mississippi,Atlantic
1232,251,0.0847418289340791,-114.331155265484,42.8509573745102,-116.957526903018,46.7016156597018,0.300348203535775,0.215606374601695,2024.74312702352,2024.82786885246,SRR34491342|A/bald_eagle/MT/24-033248-001/2024|H5N1|USA-MT|Flathead|2024-10-30|wild_avian|D1.1,Pacific,Pacific
1328,1329,0.00825896534979154,-94.9130017360785,32.0942908036565,-95.1194560106739,32.2639383601907,0.305548398822659,0.297289433472868,2024.8248100824,2024.83306904775,NA,Atlantic,Atlantic
1218,278,0.136524439476995,-110.92219522161,41.5707451743761,-101.429330669956,37.421959852079,0.305812684410027,0.169288244933032,2024.69680889386,2024.83333333333,SRR36628797|A/northern_shoveler/NV/24-033106-004/2024|H5N1|USA-NV|Churchill|2024-11-01|wild_avian|D1.1,Pacific,Pacific
1354,238,0.109139038865756,-114.938142348547,37.4041852098859,-108.485141234396,34.6055055388652,0.305812684410027,0.196673645544271,2024.72419429447,2024.83333333333,SRR36617768|A/great_horned_owl/WY/24-033104-001/2024|H5N1|USA-WY|Albany|2024-11-01|wild_avian|D1.1,Pacific,Central
882,610,0.123939721351014,-106.74585556768,43.4423136096039,-97.4398345338184,35.0871440256591,0.308544924847153,0.184605203496139,2024.71212585242,2024.83606557377,SRR34491330|A/canada_goose/OR/24-033933-001/2024|H5N1|USA-OR|Crook|2024-11-02|wild_avian|D1.1,Pacific,Pacific
827,629,0.101424117105254,-108.514807771454,42.8873220729276,-97.930087395411,34.5377969675644,0.308544924847153,0.207120807741899,2024.73464145667,2024.83606557377,SRR34491332|A/mallard/NV/24-033109-013/2024|H5N1|USA-NV|Churchill|2024-11-02|wild_avian|D1.1,Central,Pacific
1322,1323,0.0390750821111314,-101.086827981391,36.3420377639481,-100.011814188746,34.369881878287,0.311392801239297,0.272317719128165,2024.79983836805,2024.83891345016,NA,Mississippi,Mississippi
963,969,0.0342254666921045,-117.828399298429,39.8278356022181,-117.876778671733,39.7803775834919,0.312722597170031,0.278497130477926,2024.8060177794,2024.84024324609,NA,Atlantic,Atlantic
1177,594,0.089970952421403,-108.203292208654,38.1485075834868,-114.270511286633,37.8557048109942,0.316741646158759,0.226770693737356,2024.75429134266,2024.84426229508,SRR34491322|A/green_winged_teal/WA/24-033431-002/2024|H5N1|USA-WA|Grant|2024-11-05|wild_avian|D1.1,Pacific,Pacific
1215,286,0.126734696008127,-101.029029466841,36.212443958391,-100.559613004267,40.9141432888409,0.322206127033011,0.195471431024884,2024.72299207995,2024.84972677596,SRR34491321|A/cackling_goose/OR/24-033931-001/2024|H5N1|USA-OR|Washington|2024-11-07|wild_avian|D1.1,Pacific,Pacific
1355,243,0.126009242362743,-107.312312491915,34.114366501176,-109.938752357331,31.8574037126234,0.322206127033011,0.196196884670269,2024.72371753359,2024.84972677596,SRR34491320|A/ross_s_goose/ND/24-034667-001/2024|H5N1|USA-ND|Divide|2024-11-07|wild_avian|D1.1,Central,Central
875,624,0.130413894055299,-110.242212053042,40.8686348053945,-104.217192623848,30.4395117002481,0.324938367470137,0.194524473414839,2024.72204512234,2024.85245901639,SRR36617252|A/green_winged_teal/TX/24-037863-003/2024|H5N1|USA-TX|Chambers|2024-11-08|wild_avian|D1.1,Central,Central
804,2,0.128157721647286,-115.877251035824,37.2211530819377,-95.0366772535429,32.0006538230166,0.324938367470137,0.196780645822851,2024.72430129475,2024.85245901639,SRR36628420|A/blue_winged_teal/TX/24-037863-008/2024|H5N1|USA-TX|Chambers|2024-11-08|wild_avian|D1.1,Central,Central
813,274,0.150504719394317,-115.480952248105,36.0831054293126,-101.386527644787,36.3040779615981,0.327670607907264,0.177165888512946,2024.70468653744,2024.85519125683,SRR34491500|A/green_winged_teal/OK/24-034551-045/2024|H5N1|USA-OK|Sequoyah|2024-11-09|wild_avian|D1.1,Central,Central
855,671,0.132538310382502,-118.217675313791,36.1362838742115,-117.89604895156,34.7520703395002,0.327670607907264,0.195132297524762,2024.72265294645,2024.85519125683,SRR36628704|A/green_winged_teal/OK/24-034551-041/2024|H5N1|USA-OK|Sequoyah|2024-11-09|wild_avian|D1.1,Central,Central
895,549,0.101323449842992,-93.1790522984978,46.8000356478786,-86.8860284512904,31.1136587543772,0.327670607907264,0.226347158064272,2024.75386780699,2024.85519125683,SRR34491499|A/green_winged_teal/KS/24-034556-004/2024|H5N1|USA-KS|Crawford|2024-11-09|wild_avian|D1.1,Pacific,Central
843,655,0.0841349364386872,-117.042900047537,36.93624531108,-117.997146296866,37.6412985273113,0.327670607907264,0.243535671468576,2024.77105632039,2024.85519125683,SRR34491498|A/green_winged_teal/KS/24-034557-008/2024|H5N1|USA-KS|Neosho|2024-11-09|wild_avian|D1.1,Mississippi,Central
795,797,0.0658393963210295,-121.09953381873,37.8194929860768,-119.428648690309,38.991529205006,0.336159412612925,0.270320016291895,2024.79784066522,2024.86368006154,NA,Pacific,Pacific
759,760,0.0430923099769782,-96.9653247203741,39.6261018615819,-97.5311484106823,38.8882504678543,0.336954415909794,0.293862105932816,2024.82138275486,2024.86447506483,NA,Atlantic,Atlantic
1354,237,0.141925924111725,-114.938142348547,37.4041852098859,-114.00605084265,37.8725402538411,0.338599569655996,0.196673645544271,2024.72419429447,2024.86612021858,SRR34491488|A/trumpeter_swan/ID/24-034853-002/2024|H5N1|USA-ID|Jefferson|2024-11-13|wild_avian|D1.1,Pacific,Pacific
894,577,0.137724364225968,-93.5941975882563,46.867992868791,-91.9203301234153,46.5207558904856,0.338599569655996,0.200875205430028,2024.72839585435,2024.86612021858,SRR34491487|A/trumpeter_swan/ID/24-034853-004/2024|H5N1|USA-ID|Jefferson|2024-11-13|wild_avian|D1.1,Pacific,Pacific
1345,140,0.123328988784839,-106.187517881662,36.2580878430727,-98.7144922124857,38.291872485304,0.341331810093122,0.218002821308283,2024.74552347023,2024.86885245902,SRR34491480|A/ring_necked_duck/MN/24-035413-001/2024|H5N1|USA-MN|Cass|2024-11-14|wild_avian|D1.1,Mississippi,Mississippi
1347,142,0.0998533015570826,-109.113935333658,32.3254095340945,-116.815437314299,37.1479661088551,0.341331810093122,0.241478508536039,2024.76899915746,2024.86885245902,SRR34491479|A/canvasback/MN/24-035695-001/2024|H5N1|USA-MN|Wabasha|2024-11-14|wild_avian|D1.1,Mississippi,Mississippi
964,965,0.0614934670533731,-117.953474119097,39.7307357094647,-117.760041689329,40.6512991175975,0.342546036339962,0.281052569286589,2024.80857321821,2024.87006668526,NA,Atlantic,Atlantic
1210,554,0.159721140941027,-103.661616234277,44.7845111375129,-104.781017245551,39.8533165299476,0.344064050530248,0.184342909589221,2024.71186355851,2024.87158469945,SRR36617493|A/golden_eagle/CO/25-010611-001/2024|H5N1|USA-CO|Morgan|2024-11-15|wild_avian|D1.1,Central,Central
683,5,0.111387531898912,-113.137851486204,40.7799918221897,-113.161233445034,41.0321799651296,0.344064050530248,0.232676518631336,2024.76019716755,2024.87158469945,SRR34491413|A/mallard/UT/24-034892-003/2024|H5N1|USA-UT|Box_Elder|2024-11-15|wild_avian|D1.1,Pacific,Pacific
1279,212,0.070426506616265,-107.282144681345,38.5399787671708,-107.267453216076,47.692441643012,0.344064050530248,0.273637543913983,2024.80115819284,2024.87158469945,SRR34491411|A/green_winged_teal/ND/24-034964-002/2024|H5N1|USA-ND|LaMoure|2024-11-15|wild_avian|D1.1,Central,Central
797,798,0.0080059323729369,-119.428648690309,38.991529205006,-116.578245430087,39.2596442467548,0.344165344985862,0.336159412612925,2024.86368006154,2024.87168599391,NA,Pacific,Pacific
814,815,0.150333181924393,-115.326680869313,36.2912164380618,-114.583407088777,34.2192435806561,0.346697170108279,0.196363988183886,2024.72388463711,2024.87421781903,NA,Central,Pacific
1237,1238,0.134907606283405,-116.128479130402,46.6092616404303,-105.013719593706,39.1823085216027,0.346759379590109,0.211851773306704,2024.73937242223,2024.87428002851,NA,Pacific,Central
1236,254,0.119784559721272,-112.478663618527,47.2833267128691,-108.74140860569,43.6053743274691,0.346796290967374,0.227011731246102,2024.75453238017,2024.87431693989,SRR34491569|A/gadwall/CA/24-035297-036/2024|H5N1|USA-CA|Fresno|2024-11-16|wild_avian|D1.1,Pacific,Pacific
800,10,0.089847701188118,-106.222136024524,45.5346139964396,-112.60424561627,47.9252894524414,0.346796290967374,0.256948589779256,2024.7844692387,2024.87431693989,SRR34491574|A/green_winged_teal/IL/24-035153-025/2024|H5N1|USA-IL|Clinton|2024-11-16|wild_avian|D1.1,Central,Mississippi
861,862,0.0794517512529969,-119.249656648921,43.1152088182657,-111.644277844842,45.829674416246,0.348953319612268,0.269501568359271,2024.79702221728,2024.87647396854,NA,Central,Central
970,576,0.103304106903279,-115.226103793356,39.0920787879466,-119.042375345112,38.5267979596097,0.349528531404728,0.246224424501449,2024.77374507342,2024.87704918033,SRR34491566|A/northern_pintail/IL/24-035154-001/2024|H5N1|USA-IL|Clinton|2024-11-17|wild_avian|D1.1,Mississippi,Mississippi
758,766,0.0643182606284816,-96.2570924273564,39.8119920369433,-96.2119684289212,38.1488271259937,0.349532877734187,0.285214617105706,2024.81273526603,2024.87705352666,NA,Atlantic,Atlantic
1335,1336,0.0791150366381039,-103.919993180631,30.9832506498148,-102.212862926291,30.5251879022742,0.351391941927809,0.272276905289705,2024.79979755421,2024.87891259085,NA,Mississippi,Mississippi
1316,1317,0.0552309298465765,-100.03946299399,35.9629279520318,-94.5137692443698,43.4340473281079,0.351733088828551,0.296502158981975,2024.82402280791,2024.87925373775,NA,Mississippi,Mississippi
912,913,0.0606393576229733,-107.4256726261,45.402107173111,-104.89491118397,43.000415468361,0.353474009829472,0.292834652206499,2024.82035530113,2024.88099465875,NA,Mississippi,Mississippi
1302,1303,0.00451697021591513,-75.3007229809546,39.5359024589679,-74.6379592286801,39.3144367445772,0.355098885131633,0.350581914915718,2024.87810256384,2024.88261953405,NA,Atlantic,Atlantic
892,893,0.076493928135638,-92.02865181108,45.4477589420064,-84.0616438122825,34.7764765155392,0.355161687227557,0.278667759091919,2024.80618840802,2024.88268233615,NA,Pacific,Central
869,872,0.145392289820019,-119.078460591364,39.3508640695767,-117.365489088374,48.4366623414471,0.355666698625432,0.210274408805412,2024.73779505773,2024.88318734755,NA,Mississippi,Central
1323,1324,0.0485456126680783,-100.011814188746,34.369881878287,-100.14218704345,34.8842839654282,0.359938413907375,0.311392801239297,2024.83891345016,2024.88745906283,NA,Mississippi,Mississippi
690,691,0.085507846252227,-103.720441484252,39.2185842629715,-104.965435584156,39.4933483859415,0.360895574723809,0.275387728471582,2024.80290837739,2024.88841622365,NA,Mississippi,Mississippi
872,873,0.00535813473296742,-117.365489088374,48.4366623414471,-118.145180993931,48.9988087142117,0.361024833358399,0.355666698625432,2024.88318734755,2024.88854548228,NA,Central,Central
865,867,0.0824882417582886,-117.156318317923,36.7870741760389,-119.860368730647,35.2199850771834,0.361764658533283,0.279276416774994,2024.8067970657,2024.88928530746,NA,Mississippi,Central
710,714,0.0167280864318018,-71.5979132687509,42.8724028790171,-73.5970730623416,43.6812809704034,0.362886110031869,0.346158023600068,2024.87367867252,2024.89040675896,NA,Atlantic,Atlantic
1214,287,0.0868425841253428,-92.3583280328413,47.9153364350511,-91.7998541022156,47.7898220663924,0.363189733590358,0.276347149465016,2024.80386779839,2024.89071038251,SRR36617849|A/house_sparrow/AZ/24-036612-005/2024|H5N1|USA-AZ|Pinal|2024-11-22|wild_avian|D1.1,Pacific,Pacific
780,781,0.140561812530707,-101.814715898936,45.7213189615812,-89.6572109440663,40.0777028497549,0.364978575082188,0.224416762551481,2024.75193741147,2024.89249922401,NA,Mississippi,Atlantic
1317,1319,0.0136379315932806,-94.5137692443698,43.4340473281079,-94.1616402935934,44.6919541093679,0.365371020421832,0.351733088828551,2024.87925373775,2024.89289166935,NA,Mississippi,Mississippi
744,745,0.0727211200606672,-94.4391646862255,34.4163903812857,-93.713532756541,34.4324435646583,0.365675658392268,0.292954538331601,2024.82047518725,2024.89319630732,NA,Atlantic,Atlantic
1344,141,0.151739014412508,-105.474553115608,35.5378312066876,-87.3116812798572,33.116919256921,0.365921974027485,0.214182959614977,2024.74170360854,2024.89344262295,SRR34491474|A/blue_winged_teal/FL/24-036665-008/2024|H5N1|USA-FL|Palm_Beach|2024-11-23|wild_avian|D1.1,Mississippi,Atlantic
1346,143,0.124873663221557,-109.159587106179,32.4560773577712,-110.650905577231,40.0807807622943,0.365921974027485,0.241048310805928,2024.76856895973,2024.89344262295,EPI_ISL_19777455|A/northern_pintail/Tennessee/158/2024|H5N1|USA-TN|Unknown|2024-11-23|wild_avian|D1.1,Mississippi,Mississippi
1347,144,0.124443465491445,-109.113935333658,32.3254095340945,-102.560648776549,40.2460727521623,0.365921974027485,0.241478508536039,2024.76899915746,2024.89344262295,SRR36617263|A/ring_necked_duck/GA/24-036176-005/2024|H5N1|USA-GA|Seminole|2024-11-23|wild_avian|D1.1,Mississippi,Atlantic
1343,137,0.0964922920298157,-106.498869258525,34.2979254566919,-87.4179769005745,34.4086977819655,0.365921974027485,0.269429681997669,2024.79695033092,2024.89344262295,SRR34491475|A/blue_winged_teal/FL/24-036665-004/2024|H5N1|USA-FL|Palm_Beach|2024-11-23|wild_avian|D1.1,Mississippi,Atlantic
1336,136,0.014530032099676,-102.212862926291,30.5251879022742,-91.4757495690088,30.7855754396585,0.365921974027485,0.351391941927809,2024.87891259085,2024.89344262295,SRR36617264|A/ring_necked_duck/GA/24-036176-004/2024|H5N1|USA-GA|Seminole|2024-11-23|wild_avian|D1.1,Mississippi,Atlantic
975,978,0.0894454519057595,-96.670591355712,40.6254557516859,-97.4660858134673,40.918797993516,0.367664400422565,0.278218948516805,2024.80573959744,2024.89518504935,NA,Central,Central
1317,1318,0.0169066510279117,-94.5137692443698,43.4340473281079,-95.5222608523932,43.9943023442116,0.368639739856463,0.351733088828551,2024.87925373775,2024.89616038878,NA,Mississippi,Mississippi
812,269,0.192796004635977,-114.676908105428,36.421052590058,-116.145916857205,38.3229395999234,0.368654214464838,0.175858209828861,2024.70337885875,2024.89617486339,SRR36617491|A/Peregrine_falcon/CO/25-019366-001/2024|H5N1|USA-CO|Denver|2024-11-24|wild_avian|D1.1,Central,Central
1210,555,0.184311304875617,-103.661616234277,44.7845111375129,-94.7500428206163,44.4123604699439,0.368654214464838,0.184342909589221,2024.71186355851,2024.89617486339,SRR36617504|A/mallard_duck/NE/25-004748-004/2024|H5N1|USA-NE|Buffalo|2024-11-24|wild_avian|D1.1,Central,Central
845,644,0.170739545555025,-117.151125276201,36.6576793188803,-118.861918597351,44.5912711783934,0.368654214464838,0.197914668909813,2024.72543531783,2024.89617486339,SRR31914411|A/Turkey/SD/24-035157-004-original/2024|H5N1|USA-SD|Unknown|2024-11-24|domestic_avian|D1.1,Mississippi,Central
1187,617,0.126565111693866,-97.9641868456477,40.4727981190446,-118.591036611569,35.2642171704716,0.368654214464838,0.242089102770973,2024.76960975169,2024.89617486339,SRR36617269|A/mallard_duck/WA/24-036061-007/2024|H5N1|USA-WA|Grant|2024-11-24|wild_avian|D1.1,Central,Pacific
1313,1314,0.175257511289499,-100.54037521745,36.6639273991643,-99.4069733698927,36.9576601847994,0.369262862955532,0.194005351666033,2024.72152600059,2024.89678351188,NA,Mississippi,Mississippi
1287,1288,0.115400068925201,-101.004548027673,34.4066801506019,-99.2405173387518,35.2087484904429,0.370986198216961,0.25558612929176,2024.78310677821,2024.89850684714,NA,Mississippi,Mississippi
1234,256,0.156979389787333,-112.229136075522,46.929994698469,-113.109038608589,42.4290309777864,0.371386454901964,0.214407065114632,2024.74192771404,2024.89890710383,SRR36617265|A/great_horned_owl/WY/24-036166-001/2024|H5N1|USA-WY|Lincoln|2024-11-25|wild_avian|D1.1,Pacific,Pacific
858,660,0.138419710540696,-117.071300749155,34.7528100681835,-112.049634027055,37.3351889207458,0.371386454901964,0.232966744361268,2024.76048739328,2024.89890710383,SRR36617524|A/mallard_duck/NE/25-003309-011/2024|H5N1|USA-NE|Buffalo|2024-11-25|wild_avian|D1.1,Central,Central
1200,611,0.114559402436736,-107.356060325979,47.5470946414848,-112.995561529574,36.4326399904921,0.371386454901964,0.256827052465228,2024.78434770139,2024.89890710383,SRR34491460|A/blue_winged_teal/LA/24-035708-007/2024|H5N1|USA-LA|Cameron|2024-11-25|wild_avian|D1.1,Central,Mississippi
1214,288,0.0950393054369487,-92.3583280328413,47.9153364350511,-91.6653727965735,46.2331107675272,0.371386454901964,0.276347149465016,2024.80386779839,2024.89890710383,SRR36617855|A/black_necked_stilt/AZ/24-036610-002/2024|H5N1|USA-AZ|Pinal|2024-11-25|wild_avian|D1.1,Pacific,Pacific
859,662,0.082658374478926,-120.615380521931,40.33291515889,-119.501793083446,42.9239137822113,0.371386454901964,0.288728080423038,2024.81624872935,2024.89890710383,SRR34491454|A/blue_winged_teal/LA/24-035708-014/2024|H5N1|USA-LA|Cameron|2024-11-25|wild_avian|D1.1,Central,Mississippi
778,46,0.0798880475415775,-94.173571969114,45.3054412530278,-103.013789103605,38.3518644846049,0.371386454901964,0.291498407360387,2024.81901905628,2024.89890710383,SRR31914406|A/Turkey/SD/24-035288-003-original/2024|H5N1|USA-SD|Unknown|2024-11-25|domestic_avian|D1.1,Mississippi,Central
978,979,0.00404534328762796,-97.4660858134673,40.918797993516,-97.779690799733,40.4359012758108,0.371709743710193,0.367664400422565,2024.89518504935,2024.89923039263,NA,Central,Central
753,754,0.0991236597989664,-90.9862079026331,38.5646925176698,-89.7826732333216,40.1661151941454,0.373111837830856,0.273988178031889,2024.80150882696,2024.90063248675,NA,Atlantic,Atlantic
795,796,0.10316064375997,-121.09953381873,37.8194929860768,-121.913561431942,40.811514914855,0.373480660051865,0.270320016291895,2024.79784066522,2024.90100130898,NA,Pacific,Pacific
832,674,0.176475237323581,-97.0475169826191,39.9075408372547,-100.969711115677,38.7633988254135,0.37411869533909,0.197643458015509,2024.72516410694,2024.90163934426,SRR36617487|A/canada_goose/UT/24-035683-001/2024|H5N1|USA-UT|Weber|2024-11-26|wild_avian|D1.1,Pacific,Pacific
928,290,0.164226383898476,-110.688974958664,40.8530245248632,-99.007816609603,32.3823646411614,0.37411869533909,0.209892311440614,2024.73741296036,2024.90163934426,SRR34491451|A/green_winged_teal/NM/24-036318-011/2024|H5N1|USA-NM|San_Miguel|2024-11-26|wild_avian|D1.1,Mississippi,Central
1187,618,0.132029592568118,-97.9641868456477,40.4727981190446,-97.0032741821614,43.4908104852172,0.37411869533909,0.242089102770973,2024.76960975169,2024.90163934426,SRR34491450|A/green_winged_teal/NM/24-036318-014/2024|H5N1|USA-NM|San_Miguel|2024-11-26|wild_avian|D1.1,Central,Central
1340,128,0.0995599639574443,-106.564091211859,34.120752187683,-106.911207318093,33.6714203421716,0.37411869533909,0.274558731381646,2024.8020793803,2024.90163934426,SRR36628221|A/mallard_duck/IA/24-037337-003/2024|H5N1|USA-IA|Jackson|2024-11-26|wild_avian|D1.1,Mississippi,Mississippi
1202,612,0.077090043211526,-107.890016224531,47.6062157082269,-95.4210404167379,33.1721015476203,0.37411869533909,0.297028652127564,2024.82454930105,2024.90163934426,SRR31914398|A/chicken/TN/24-035519-005-original/2024|H5N1|USA-TN|Unknown|2024-11-26|domestic_avian|D1.1,Central,Mississippi
913,914,0.0207464946380793,-104.89491118397,43.000415468361,-104.512910109529,42.3125805541395,0.374220504467551,0.353474009829472,2024.88099465875,2024.90174115339,NA,Mississippi,Mississippi
979,980,0.00261024465684967,-97.779690799733,40.4359012758108,-96.3568656140367,40.2787490201503,0.374319988367042,0.371709743710193,2024.89923039263,2024.90184063729,NA,Central,Central
1322,1325,0.10261618512461,-101.086827981391,36.3420377639481,-105.163701800112,39.5088085066287,0.374933904252776,0.272317719128165,2024.79983836805,2024.90245455318,NA,Mississippi,Mississippi
934,953,0.0961676634502866,-111.582259378318,42.6125115874434,-107.489260144923,44.5077945366815,0.375234420661446,0.279066757211159,2024.80658740613,2024.90275506958,NA,Mississippi,Atlantic
745,746,0.0106002857090068,-93.713532756541,34.4324435646583,-94.6096139855239,33.9623883763608,0.376275944101275,0.365675658392268,2024.89319630732,2024.90379659302,NA,Atlantic,Atlantic
1299,1300,0.112214804936306,-102.587184314617,41.0073891104879,-102.81925722896,44.5345297196861,0.376463922198801,0.264249117262495,2024.79176976619,2024.90398457112,NA,Mississippi,Mississippi
1221,244,0.194054373318587,-113.045502139155,45.4127528774494,-105.254049831753,46.8108795872063,0.376850935776217,0.18279656245763,2024.71031721138,2024.9043715847,SRR34491403|A/western_gull/CA/24-036324-002/2024|H5N1|USA-CA|Santa_Barbara|2024-11-27|wild_avian|D1.1,Pacific,Pacific
1332,139,0.185736010138938,-105.579815010835,33.0331724357304,-118.191037444295,36.3198295725991,0.376850935776217,0.191114925637279,2024.71863557456,2024.9043715847,SRR34491447|A/blue_winged_teal/SC/24-036315-006/2024|H5N1|USA-SC|Colleton|2024-11-27|wild_avian|D1.1,Mississippi,Atlantic
1296,162,0.114287012842382,-104.367002758778,41.2796816931173,-98.1367452053663,36.3458568040102,0.376850935776217,0.262563922933835,2024.79008457186,2024.9043715847,SRR34491402|A/mallard/AR/24-036997-003/2024|H5N1|USA-AR|Prairie|2024-11-27|wild_avian|D1.1,Atlantic,Mississippi
1180,596,0.0882586665025333,-108.309643981701,35.4832405182395,-110.197385619334,42.1251762307751,0.376850935776217,0.288592269273683,2024.8161129182,2024.9043715847,SRR33508820|A/snow_goose/MT/24-035974-001/2024|H5N1|USA-MT|Gallatin|2024-11-27|wild_avian|D1.1,Pacific,Pacific
979,981,0.00521421381442444,-97.779690799733,40.4359012758108,-97.8639307869082,43.8003664517372,0.376923957524617,0.371709743710193,2024.89923039263,2024.90444460645,NA,Central,Central
704,709,0.00190481979422685,-76.2724242352164,42.1364535119903,-76.7415949726008,40.943354999741,0.377271703372512,0.375366883578285,2024.9028875325,2024.9047923523,NA,Atlantic,Atlantic
865,866,0.0980974843381717,-117.156318317923,36.7870741760389,-118.869377553902,35.9637678466164,0.377373901113166,0.279276416774994,2024.8067970657,2024.90489455004,NA,Mississippi,Central
981,1085,0.00240334015039045,-97.8639307869082,43.8003664517372,-97.9936571666818,44.0309423214946,0.379327297675008,0.376923957524617,2024.90444460645,2024.9068479466,NA,Central,Central
794,26,0.161285377566532,-112.093636348102,33.8567576641687,-108.741003431732,35.2906287316518,0.379583176213343,0.218297798646811,2024.74581844757,2024.90710382514,SRR36617643|A/trumpeter_swan/MT/24-037728-001/2024|H5N1|USA-MT|Big_Horn|2024-11-28|wild_avian|D1.1,Central,Central
766,767,0.030354798431018,-96.2119684289212,38.1488271259937,-96.9964576428516,38.4425417479899,0.379887676165205,0.349532877734187,2024.87705352666,2024.90740832509,NA,Atlantic,Atlantic
965,966,0.0377883211857053,-117.760041689329,40.6512991175975,-118.358688824296,40.6751993835546,0.380334357525668,0.342546036339962,2024.87006668526,2024.90785500645,NA,Atlantic,Atlantic
691,692,0.0195157059071374,-104.965435584156,39.4933483859415,-105.930092177125,39.7785504445372,0.380411280630946,0.360895574723809,2024.88841622365,2024.90793192955,NA,Mississippi,Mississippi
710,711,0.0343219997125441,-71.5979132687509,42.8724028790171,-71.726944840616,42.7726637433955,0.380480023312612,0.346158023600068,2024.87367867252,2024.90800067224,NA,Atlantic,Atlantic
1336,1337,0.0291162976664465,-102.212862926291,30.5251879022742,-105.845349082768,34.9319551559668,0.380508239594255,0.351391941927809,2024.87891259085,2024.90802888852,NA,Mississippi,Mississippi
760,761,0.0436841919983988,-97.5311484106823,38.8882504678543,-96.1892897550884,38.176629633719,0.380638607908193,0.336954415909794,2024.86447506483,2024.90815925683,NA,Atlantic,Atlantic
746,747,0.00441297764752813,-94.6096139855239,33.9623883763608,-94.5690770996227,33.9554059756725,0.380688921748803,0.376275944101275,2024.90379659302,2024.90820957067,NA,Atlantic,Atlantic
1308,168,0.142102540389008,-103.386603357896,41.4732893086765,-113.014022939481,38.5418478661455,0.382315416650469,0.240212876261461,2024.76773352518,2024.90983606557,SRR34491401|A/mallard/IA/24-036924-003/2024|H5N1|USA-IA|Marion|2024-11-29|wild_avian|D1.1,Mississippi,Mississippi
1169,1170,0.176769901413444,-100.681173140047,44.1429064046716,-81.5535291827368,29.5687865757898,0.384472560200545,0.207702658787101,2024.73522330771,2024.91199320912,NA,Central,Atlantic
808,809,0.19002126015584,-109.536143978463,33.3998522466429,-107.762972655822,32.8286549310332,0.385747543107047,0.195726282951207,2024.72324693187,2024.91326819203,NA,Central,Central
1292,1294,0.121546352327233,-96.41103785447,45.1990038372342,-98.2319093365794,41.9610388445957,0.385924492345138,0.264378140017905,2024.79189878894,2024.91344514127,NA,Atlantic,Atlantic
781,782,0.021075389363127,-89.6572109440663,40.0777028497549,-90.6444381610406,41.7424385594313,0.386053964445315,0.364978575082188,2024.89249922401,2024.91357461337,NA,Atlantic,Atlantic
754,755,0.0144199882444829,-89.7826732333216,40.1661151941454,-90.1541403028496,38.5000492911467,0.387531826075338,0.373111837830856,2024.90063248675,2024.915052475,NA,Atlantic,Atlantic
903,526,0.140328472432617,-111.521005503281,39.220097810966,-111.195011860746,39.9989848796613,0.387779897524949,0.247451425092332,2024.77497207402,2024.91530054645,SRR34491394|A/snow_goose/AR/24-035819-001/2024|H5N1|USA-AR|Prairie|2024-12-01|wild_avian|D1.1,Mississippi,Mississippi
1287,185,0.132193768233189,-101.004548027673,34.4066801506019,-96.3565494867946,34.313364114586,0.387779897524949,0.25558612929176,2024.78310677821,2024.91530054645,SRR34491391|A/green_winged_teal/TN/24-036998-013/2024|H5N1|USA-TN|Obion|2024-12-01|wild_avian|D1.1,Mississippi,Mississippi
1163,1164,0.205965210822198,-98.7398733872775,48.2436719336788,-103.786876526588,44.8080408016862,0.388409150985796,0.182443940163598,2024.70996458909,2024.91592979991,NA,Central,Pacific
704,705,0.0135231246590952,-76.2724242352164,42.1364535119903,-76.2570570147029,42.1674984917384,0.38889000823738,0.375366883578285,2024.9028875325,2024.91641065716,NA,Atlantic,Atlantic
747,748,0.00854929383111203,-94.5690770996227,33.9554059756725,-94.6027371759242,34.0213215605227,0.389238215579915,0.380688921748803,2024.90820957067,2024.9167588645,NA,Atlantic,Atlantic
1276,146,0.124141325719538,-88.7991515730957,40.1995398129017,-93.9186378220792,40.1742392267813,0.390512137962075,0.266370812242537,2024.79389146117,2024.91803278689,SRR34491382|A/snow_goose/KS/24-036679-005/2024|H5N1|USA-KS|Montgomery|2024-12-02|wild_avian|D1.1,Mississippi,Central
870,665,0.121853922662283,-123.014504163526,43.0138835159653,-118.278478366723,34.5911835303432,0.390512137962075,0.268658215299792,2024.79617886422,2024.91803278689,SRR36617866|A/trumpeter_swan/MI/24-036239-001/2024|H5N1|USA-MI|Eaton|2024-12-02|wild_avian|D1.1,Mississippi,Mississippi
781,790,0.0280237837140447,-89.6572109440663,40.0777028497549,-89.6382813221486,40.1114491376295,0.393002358796233,0.364978575082188,2024.89249922401,2024.92052300772,NA,Atlantic,Atlantic
1223,262,0.243285481190481,-116.901237321352,44.9233702324008,-116.295881775318,47.8313077785219,0.393244378399201,0.14995889720872,2024.67747954613,2024.92076502732,SRR34491344|A/owl/UT/24-036341-002/2024|H5N1|USA-UT|Box_Elder|2024-12-03|wild_avian|D1.1,Pacific,Pacific
1352,240,0.209717261907584,-108.766253868129,39.7484633115041,-108.100162058541,43.9105252420344,0.393244378399201,0.183527116491617,2024.71104776541,2024.92076502732,SRR36628227|A/canada_goose/UT/24-036341-001/2024|H5N1|USA-UT|Davis|2024-12-03|wild_avian|D1.1,Pacific,Pacific
814,270,0.196880390215315,-115.326680869313,36.2912164380618,-112.255656477976,38.675724971487,0.393244378399201,0.196363988183886,2024.72388463711,2024.92076502732,SRR36628224|A/mallard_duck/MT/24-036921-002/2024|H5N1|USA-MT|Big_Horn|2024-12-03|wild_avian|D1.1,Central,Central
714,720,0.0307675270144541,-73.5970730623416,43.6812809704034,-69.1374100239265,44.1316833098242,0.393653637046324,0.362886110031869,2024.89040675896,2024.92117428597,NA,Atlantic,Atlantic
912,915,0.101942094272273,-107.4256726261,45.402107173111,-111.111087527418,43.2218223637495,0.394776746478771,0.292834652206499,2024.82035530113,2024.9222973954,NA,Mississippi,Mississippi
1222,245,0.205381702725281,-110.607160297439,48.3979282783007,-118.084789300077,45.6942843903695,0.395976618836327,0.190594916111046,2024.71811556503,2024.92349726776,SRR36617418|A/harris_hawk/AZ/24-038176-001/2024|H5N1|USA-AZ|Maricopa|2024-12-04|wild_avian|D1.1,Pacific,Pacific
875,625,0.201452145421489,-110.242212053042,40.8686348053945,-115.427164899452,43.9905412614107,0.395976618836327,0.194524473414839,2024.72204512234,2024.92349726776,SRR34491526|A/snow_goose/SD/24-036845-001/2024|H5N1|USA-SD|Spink|2024-12-04|wild_avian|D1.1,Central,Central
778,47,0.10447821147594,-94.173571969114,45.3054412530278,-94.8799897975462,40.6893707825979,0.395976618836327,0.291498407360387,2024.81901905628,2024.92349726776,SRR34491531|A/snow_goose/KY/24-036682-002/2024|H5N1|USA-KY|Henderson|2024-12-04|wild_avian|D1.1,Mississippi,Mississippi
1170,1171,0.0130651887389397,-81.5535291827368,29.5687865757898,-81.3883285117283,29.5498488448655,0.397537748939485,0.384472560200545,2024.91199320912,2024.92505839786,NA,Atlantic,Atlantic
823,677,0.202317395290256,-106.877930323925,43.2126501103498,-93.3114799922485,38.4331983966678,0.398708859273453,0.196391463983197,2024.72391211291,2024.9262295082,SRR34491517|A/snow_goose/LA/24-036681-003/2024|H5N1|USA-LA|Cameron|2024-12-05|wild_avian|D1.1,Central,Mississippi
906,521,0.141862633340931,-111.765356821378,38.239105163453,-106.127244121098,37.1308005348258,0.398708859273453,0.256846225932522,2024.78436687486,2024.9262295082,SRR34491514|A/snow_goose/LA/24-036681-005/2024|H5N1|USA-LA|Cameron|2024-12-05|wild_avian|D1.1,Mississippi,Mississippi
833,672,0.131738192431907,-96.9510301486788,40.1645542201447,-96.5963736821781,44.9477159857051,0.398708859273453,0.266970666841546,2024.79449131576,2024.9262295082,SRR36617838|A/western_gull/CA/24-036784-001/2024|H5N1|USA-CA|Los_Angeles|2024-12-05|wild_avian|D1.1,Pacific,Pacific
1303,1304,0.043661016225799,-74.6379592286801,39.3144367445772,-71.6606452549214,43.8548578578994,0.398759901357432,0.355098885131633,2024.88261953405,2024.92628055028,NA,Atlantic,Mississippi
705,706,0.0100159797089817,-76.2570570147029,42.1674984917384,-76.0297258941012,42.3988464317922,0.398905987946362,0.38889000823738,2024.91641065716,2024.92642663687,NA,Atlantic,Atlantic
915,920,0.00566189728298461,-111.111087527418,43.2218223637495,-111.123644320396,43.2987385127575,0.400438643761756,0.394776746478771,2024.9222973954,2024.92795929269,NA,Mississippi,Mississippi
920,921,0.000588112259149343,-111.123644320396,43.2987385127575,-111.189468012993,43.4448928184632,0.401026756020905,0.400438643761756,2024.92795929269,2024.92854740494,NA,Mississippi,Mississippi
861,635,0.131939531351308,-119.249656648921,43.1152088182657,-105.002762801974,43.7249370858322,0.40144109971058,0.269501568359271,2024.79702221728,2024.92896174863,SRR36617835|A/snow_goose/MS/24-036916-001/2024|H5N1|USA-MS|Washington|2024-12-06|wild_avian|D1.1,Central,Mississippi
892,561,0.12277334061866,-92.02865181108,45.4477589420064,-91.0901487451291,40.6193211956546,0.40144109971058,0.278667759091919,2024.80618840802,2024.92896174863,SRR36628213|A/mallard_duck/MT/24-037783-006/2024|H5N1|USA-MT|Big_Horn|2024-12-06|wild_avian|D1.1,Pacific,Central
914,540,0.0272205952430282,-104.512910109529,42.3125805541395,-107.372600215826,45.4518860012397,0.40144109971058,0.374220504467551,2024.90174115339,2024.92896174863,SRR34491436|A/snow_goose/IN/24-037289-004/2024|H5N1|USA-IN|Gibson|2024-12-06|wild_avian|D1.1,Mississippi,Mississippi
953,954,0.0265785178557909,-107.489260144923,44.5077945366815,-110.002275895293,44.9907004833425,0.401812938517237,0.375234420661446,2024.90275506958,2024.92933358744,NA,Atlantic,Atlantic
1319,1320,0.0376158170084072,-94.1616402935934,44.6919541093679,-90.9171270485048,47.9307193518259,0.402986837430239,0.365371020421832,2024.89289166935,2024.93050748635,NA,Mississippi,Atlantic
1170,589,0.0197007799471607,-81.5535291827368,29.5687865757898,-81.5558271809676,29.6389591775627,0.404173340147706,0.384472560200545,2024.91199320912,2024.93169398907,SRR36628218|A/green_winged_teal/FL/24-037597-021/2024|H5N1|USA-FL|St_Johns|2024-12-07|wild_avian|D1.1,Atlantic,Atlantic
1294,159,0.018248847802568,-98.2319093365794,41.9610388445957,-107.743730244572,47.0509750468004,0.404173340147706,0.385924492345138,2024.91344514127,2024.93169398907,SRR36617819|A/tundra_swan/WI/24-037346-003/2024|H5N1|USA-WI|Dane|2024-12-07|wild_avian|D1.1,Atlantic,Mississippi
1171,590,0.00663559120822099,-81.3883285117283,29.5498488448655,-81.4277182279403,29.497732018121,0.404173340147706,0.397537748939485,2024.92505839786,2024.93169398907,SRR36617659|A/green_winged_teal/FL/24-037597-003/2024|H5N1|USA-FL|St_Johns|2024-12-07|wild_avian|D1.1,Atlantic,Atlantic
720,721,0.0112418042174469,-69.1374100239265,44.1316833098242,-68.5349813094886,45.0856565253575,0.40489544126377,0.393653637046324,2024.92117428597,2024.93241609019,NA,Atlantic,Atlantic
925,548,0.136237000508363,-104.683563476416,45.0986922653045,-102.590621967173,46.2125606137613,0.406905580585059,0.270668580076697,2024.798189229,2024.93442622951,SRR31820756|A/chicken/OK/24-036668-002-original/2024|H5N1|USA-OK|Unknown|2024-12-08|domestic_avian|D1.1,Central,Central
827,828,0.200863745759926,-108.514807771454,42.8873220729276,-121.902958739186,44.2145287905869,0.407984553501825,0.207120807741899,2024.73464145667,2024.93550520243,NA,Central,Pacific
1243,233,0.256527033066479,-103.997441244124,36.7480817964741,-109.362591981258,41.6111465420792,0.409637821022185,0.153110787955707,2024.68063143688,2024.93715846995,SRR34491427|A/great_horned_owl/NE/24-036852-002/2024|H5N1|USA-NE|Douglas|2024-12-09|wild_avian|D1.1,Mississippi,Central
899,520,0.219387180589504,-105.601618318892,48.2005918475608,-108.244084073157,39.431777118812,0.409637821022185,0.190250640432682,2024.71777128936,2024.93715846995,SRR36628220|A/american_wigeon/IL/24-037535-005/2024|H5N1|USA-IL|Fulton|2024-12-09|wild_avian|D1.1,Central,Mississippi
1205,563,0.18529602944923,-114.327255283531,48.674759324457,-97.7100060881877,40.2144475458226,0.409637821022185,0.224341791572955,2024.7518624405,2024.93715846995,SRR36617246|A/snow_goose/IN/24-037868-001/2024|H5N1|USA-IN|Lake|2024-12-09|wild_avian|D1.1,Central,Mississippi
1284,181,0.146533883198761,-101.902129230374,36.9812424509331,-106.275719506431,39.7063934885318,0.409637821022185,0.263103937823424,2024.79062458675,2024.93715846995,SRR36617445|A/wild_duck/MS/24-037653-002/2024|H5N1|USA-MS|Tallahatchie|2024-12-09|wild_avian|D1.1,Mississippi,Mississippi
897,550,0.146163941268175,-91.352742496258,47.2445427080587,-97.2190126672081,46.4535383763359,0.409637821022185,0.26347387975401,2024.79099452868,2024.93715846995,SRR36617634|A/snow_goose/OR/24-037761-001/2024|H5N1|USA-OR|Union|2024-12-09|wild_avian|D1.1,Pacific,Pacific
887,569,0.135015418148725,-86.7972866608508,40.2619024932333,-87.8357469003726,37.435115636354,0.409637821022185,0.27462240287346,2024.8021430518,2024.93715846995,SRR33508718|A/snow_goose/OR/24-037758-001/2024|H5N1|USA-OR|Malheur|2024-12-09|wild_avian|D1.1,Pacific,Pacific
761,762,0.0292994760944429,-96.1892897550884,38.176629633719,-97.0948533054649,39.8229499599463,0.409938084002636,0.380638607908193,2024.90815925683,2024.93745873293,NA,Atlantic,Atlantic
711,712,0.0297705759265041,-71.726944840616,42.7726637433955,-72.0130059970271,42.5214397051844,0.410250599239116,0.380480023312612,2024.90800067224,2024.93777124816,NA,Atlantic,Atlantic
1263,189,0.143444321846325,-97.9512466726844,40.895639245494,-100.410286686604,40.845834001543,0.412370061459312,0.268925739612986,2024.79644638854,2024.93989071038,SRR34491424|A/blue_jay/IA/24-037140-001/2024|H5N1|USA-IA|Cerro_Gordo|2024-12-10|wild_avian|D1.1,Mississippi,Mississippi
909,542,0.141081176474635,-103.008269106484,40.8539763518187,-96.4126225063793,39.0243426641762,0.412370061459312,0.271288884984676,2024.79880953391,2024.93989071038,SRR36617433|A/snow_goose/IA/24-037657-004/2024|H5N1|USA-IA|Woodbury|2024-12-10|wild_avian|D1.1,Mississippi,Mississippi
871,666,0.139020390649829,-123.17904559242,43.3313793758511,-121.063691643445,41.6641444255257,0.412370061459312,0.273349670809483,2024.80087031973,2024.93989071038,SRR34491425|A/canada_goose/MN/24-037100-001/2024|H5N1|USA-MN|Murray|2024-12-10|wild_avian|D1.1,Mississippi,Mississippi
1342,129,0.121332911520993,-105.482393599205,32.8496071346191,-104.696542190858,32.0433944965894,0.412370061459312,0.291037149938319,2024.81855779886,2024.93989071038,SRR36617403|A/canada_goose/MN/24-038291-006/2024|H5N1|USA-MN|Ramsey|2024-12-10|wild_avian|D1.1,Mississippi,Mississippi
798,31,0.0682047164734498,-116.578245430087,39.2596442467548,-117.955510161675,40.3403841593962,0.412370061459312,0.344165344985862,2024.87168599391,2024.93989071038,SRR33508721|A/snow_goose/ID/24-037540-001/2024|H5N1|USA-ID|Canyon|2024-12-10|wild_avian|D1.1,Pacific,Pacific
798,29,0.0682047164734498,-116.578245430087,39.2596442467548,-122.413106150301,48.6250585920074,0.412370061459312,0.344165344985862,2024.87168599391,2024.93989071038,SRR36617816|A/red_tailed_hawk/CO/24-037418-001/2024|H5N1|USA-CO|Weld|2024-12-10|wild_avian|D1.1,Pacific,Central
745,749,0.0485376216432418,-93.713532756541,34.4324435646583,-94.0815225867332,32.6591895507245,0.41421328003551,0.365675658392268,2024.89319630732,2024.94173392896,NA,Atlantic,Atlantic
1085,1086,0.0353145265747457,-97.9936571666818,44.0309423214946,-96.4081160438078,44.9822072999805,0.414641824249753,0.379327297675008,2024.9068479466,2024.94216247317,NA,Central,Central
873,874,0.0537941480757702,-118.145180993931,48.9988087142117,-109.395437872429,43.9513220525376,0.414818981434169,0.361024833358399,2024.88854548228,2024.94233963036,NA,Central,Mississippi
896,552,0.17760374266888,-93.1921865573871,46.8070276695336,-114.119861565067,46.2029525661347,0.415102301896438,0.237498559227558,2024.76501920815,2024.94262295082,SRR36617233|A/mallard_duck/AR/24-037952-006/2024|H5N1|USA-AR|Prairie|2024-12-11|wild_avian|D1.1,Pacific,Mississippi
1348,1349,0.284106729066039,-106.973545007689,34.3206031219868,-107.072817753599,34.8810087113846,0.416136849336779,0.13203012027074,2024.65955076919,2024.94365749826,NA,Mississippi,Mississippi
711,713,0.0361834624991318,-71.726944840616,42.7726637433955,-72.1043000680768,42.5722787199186,0.416663485811744,0.380480023312612,2024.90800067224,2024.94418413473,NA,Atlantic,Atlantic
1302,174,0.0672526274178458,-75.3007229809546,39.5359024589679,-84.4494906835685,34.8491622306873,0.417834542333564,0.350581914915718,2024.87810256384,2024.94535519126,SRR36617408|A/bald_eagle/GA/24-038226-003/2024|H5N1|USA-GA|Glynn|2024-12-12|wild_avian|D1.1,Atlantic,Atlantic
872,668,0.0621678437081321,-117.365489088374,48.4366623414471,-119.076811851461,48.7010775510296,0.417834542333564,0.355666698625432,2024.88318734755,2024.94535519126,SRR36617797|A/snow_goose/KS/24-038036-002/2024|H5N1|USA-KS|Mitchell|2024-12-12|wild_avian|D1.1,Central,Central
981,982,0.0409555781894052,-97.8639307869082,43.8003664517372,-97.3595465371392,41.9609972208024,0.417879535714022,0.376923957524617,2024.90444460645,2024.94540018464,NA,Central,Central
975,976,0.142083912798012,-96.670591355712,40.6254557516859,-94.5335974522094,39.804854882723,0.420302861314817,0.278218948516805,2024.80573959744,2024.94782351024,NA,Central,Central
867,638,0.0588021242374075,-119.860368730647,35.2199850771834,-122.112718057773,47.1948754957329,0.42056678277069,0.361764658533283,2024.88928530746,2024.94808743169,SRR31885765|A/Guineafowl/AL/24-037980-001-original/2024|H5N1|USA-AL|Unknown|2024-12-13|domestic_avian|D1.1,Central,Mississippi
767,768,0.0413004520377913,-96.9964576428516,38.4425417479899,-96.3190782604447,38.5315724679472,0.421188128202997,0.379887676165205,2024.90740832509,2024.94870877713,NA,Atlantic,Atlantic
1217,280,0.304643879785702,-111.203293107843,40.6429827062224,-121.913976430322,47.0770802573762,0.423299023207816,0.118655143422114,2024.64617579235,2024.95081967213,SRR36617585|A/canvasback_duck/WA/24-038667-005/2024|H5N1|USA-WA|Walla_Walla|2024-12-14|wild_avian|D1.1,Pacific,Pacific
1196,587,0.144308126065937,-101.410405542403,40.0664958716056,-88.2514728997378,43.893899024377,0.423299023207816,0.278990897141879,2024.80651154607,2024.95081967213,SRR36617600|A/gadwall/TX/24-038543-056/2024|H5N1|USA-TX|Jefferson|2024-12-14|wild_avian|D1.1,Central,Central
1318,226,0.0546592833513535,-95.5222608523932,43.9943023442116,-93.0553453829771,46.5945318839502,0.423299023207816,0.368639739856463,2024.89616038878,2024.95081967213,SRR36617800|A/canada_goose/OH/24-038006-001/2024|H5N1|USA-OH|Mercer|2024-12-14|wild_avian|D1.1,Mississippi,Mississippi
874,669,0.00848004177364681,-109.395437872429,43.9513220525376,-107.590913560494,44.9859443042467,0.423299023207816,0.414818981434169,2024.94233963036,2024.95081967213,SRR36617765|A/ring_necked_duck/KY/24-038721-028/2024|H5N1|USA-KY|Ballard|2024-12-14|wild_avian|D1.1,Mississippi,Mississippi
714,715,0.0610205035201712,-73.5970730623416,43.6812809704034,-73.1108236182981,44.7591042741409,0.423906613552041,0.362886110031869,2024.89040675896,2024.95142726248,NA,Atlantic,Atlantic
978,1090,0.0565796893688038,-97.4660858134673,40.918797993516,-99.1366168246241,40.2684209471732,0.424244089791368,0.367664400422565,2024.89518504935,2024.95176473871,NA,Central,Central
749,750,0.0103701590005998,-94.0815225867332,32.6591895507245,-93.7604373294216,30.1186598404476,0.42458343903611,0.41421328003551,2024.94173392896,2024.95210408796,NA,Atlantic,Atlantic
759,763,0.133991792462946,-96.9653247203741,39.6261018615819,-97.1305676956927,38.8464363791406,0.427853898395761,0.293862105932816,2024.82138275486,2024.95537454732,NA,Atlantic,Atlantic
982,983,0.010359919284003,-97.3595465371392,41.9609972208024,-97.1030024348339,44.068145538072,0.428239454998025,0.417879535714022,2024.94540018464,2024.95576010392,NA,Central,Central
706,707,0.0294605184389424,-76.0297258941012,42.3988464317922,-75.5782072279959,42.842495326638,0.428366506385304,0.398905987946362,2024.92642663687,2024.95588715531,NA,Atlantic,Atlantic
931,302,0.169932082819916,-113.061814442006,42.2935175192433,-113.854303923231,34.0999798078443,0.428763504082296,0.25883142126238,2024.78635207019,2024.95628415301,SRR36617384|A/snow_goose/NC/24-038497-002/2024|H5N1|USA-NC|Hyde|2024-12-16|wild_avian|D1.1,Mississippi,Atlantic
797,30,0.0926040914693711,-119.428648690309,38.991529205006,-117.041267226932,37.8921835374585,0.428763504082296,0.336159412612925,2024.86368006154,2024.95628415301,SRR36617414|A/snow_goose/ID/24-038179-001/2024|H5N1|USA-ID|Owyhee|2024-12-16|wild_avian|D1.1,Pacific,Pacific
1090,1091,0.00455123821569725,-99.1366168246241,40.2684209471732,-99.38516494503,39.929851962876,0.428795328007066,0.424244089791368,2024.95176473871,2024.95631597693,NA,Central,Central
1181,1182,0.211533759537611,-101.591262797237,41.6978363119744,-92.0073052329875,44.7342500813204,0.429293970380408,0.217760210842797,2024.74528085977,2024.9568146193,NA,Pacific,Pacific
1090,1149,0.005073354250967,-99.1366168246241,40.2684209471732,-99.6508458663232,41.0675228993339,0.429317444042335,0.424244089791368,2024.95176473871,2024.95683809297,NA,Central,Central
715,716,0.00549527416414908,-73.1108236182981,44.7591042741409,-71.6488236216325,43.1791758118604,0.42940188771619,0.423906613552041,2024.95142726248,2024.95692253664,NA,Atlantic,Atlantic
1304,1306,0.0314444540641183,-71.6606452549214,43.8548578578994,-74.1068214961697,44.2266434040471,0.430204355421551,0.398759901357432,2024.92628055028,2024.95772500434,NA,Mississippi,Atlantic
1086,1087,0.0157700254456669,-96.4081160438078,44.9822072999805,-96.7088095923603,45.1372900122201,0.43041184969542,0.414641824249753,2024.94216247317,2024.95793249862,NA,Central,Central
976,977,0.0110965212169707,-94.5335974522094,39.804854882723,-89.6833067422764,38.1692628584414,0.431399382531788,0.420302861314817,2024.94782351024,2024.95892003145,NA,Central,Central
924,546,0.236776134976431,-105.277837377225,48.5500958020389,-110.051726308634,34.6366355148677,0.431495744519422,0.194719609542991,2024.72224025847,2024.95901639344,SRR36617967|A/gadwall/NV/24-039032-002/2024|H5N1|USA-NV|Elko|2024-12-17|wild_avian|D1.1,Central,Pacific
1169,592,0.223793085732321,-100.681173140047,44.1429064046716,-113.271128740241,47.1915282364729,0.431495744519422,0.207702658787101,2024.73522330771,2024.95901639344,SRR36618001|A/Muscovy_duck/TX/24-038475-001/2024|H5N1|USA-TX|Harris|2024-12-17|wild_avian|D1.1,Central,Central
1235,257,0.215162153054733,-112.091871637493,46.8463318172251,-112.130055201025,48.0425086952394,0.431495744519422,0.216333591464689,2024.74385424039,2024.95901639344,SRR36617969|A/mallard_duck/NV/24-039032-001/2024|H5N1|USA-NV|Elko|2024-12-17|wild_avian|D1.1,Pacific,Pacific
1342,130,0.140458594581103,-105.482393599205,32.8496071346191,-104.634723155801,32.8522895249886,0.431495744519422,0.291037149938319,2024.81855779886,2024.95901639344,SRR36617307|A/canada_goose/WI/25-001449-006/2024|H5N1|USA-WI|St_Croix|2024-12-17|wild_avian|D1.1,Mississippi,Mississippi
720,722,0.0384503515334331,-69.1374100239265,44.1316833098242,-72.684759572161,44.9849449993512,0.432103988579757,0.393653637046324,2024.92117428597,2024.9596246375,NA,Atlantic,Atlantic
1182,1185,0.00456954078729144,-92.0073052329875,44.7342500813204,-91.7550883723272,44.718512594799,0.4338635111677,0.429293970380408,2024.9568146193,2024.96138416009,NA,Pacific,Pacific
1321,224,0.168377973995581,-99.9037898689587,34.834936943572,-98.480611238302,35.1497547397884,0.434227984956548,0.265850010960967,2024.79337065988,2024.96174863388,SRR36617388|A/trumpeter_swan/IL/24-038496-001/2024|H5N1|USA-IL|Pike|2024-12-18|wild_avian|D1.1,Mississippi,Mississippi
835,632,0.158313974451215,-102.631030980502,38.276450295404,-112.986264482654,43.0722409919808,0.434227984956548,0.275914010505333,2024.80343465943,2024.96174863388,SRR36617748|A/canada_goose/MO/24-038745-013/2024|H5N1|USA-MO|St_Charles|2024-12-18|wild_avian|D1.1,Central,Mississippi
874,670,0.0194090035223788,-109.395437872429,43.9513220525376,-104.510820608193,45.7014183835046,0.434227984956548,0.414818981434169,2024.94233963036,2024.96174863388,SRR36617758|A/mallard_duck/MO/24-038745-003/2024|H5N1|USA-MO|Nodaway|2024-12-18|wild_avian|D1.1,Mississippi,Mississippi
782,783,0.0484285105247281,-90.6444381610406,41.7424385594313,-90.0405813394066,38.3216748231631,0.434482474970043,0.386053964445315,2024.91357461337,2024.96200312389,NA,Atlantic,Atlantic
1086,1089,0.0210681054418981,-96.4081160438078,44.9822072999805,-95.5953826399371,45.2814907138619,0.435709929691651,0.414641824249753,2024.94216247317,2024.96323057861,NA,Central,Central
1227,248,0.243248581577039,-113.669842997911,47.0406700288047,-82.917668832029,35.0133278994319,0.436960225393674,0.193711643816635,2024.72123229274,2024.96448087432,SRR36617986|A/green_winged_teal/VA/24-038857-002/2024|H5N1|USA-VA|Virginia_Beach|2024-12-19|wild_avian|D1.1,Central,Atlantic
780,24,0.212543462842193,-101.814715898936,45.7213189615812,-118.422711022969,35.8348533461537,0.436960225393674,0.224416762551481,2024.75193741147,2024.96448087432,SRR36617586|A/canada_goose/WY/24-038662-001/2024|H5N1|USA-WY|Big_Horn|2024-12-19|wild_avian|D1.1,Mississippi,Central
1236,255,0.209948494147572,-112.478663618527,47.2833267128691,-118.19859005719,42.8507335245951,0.436960225393674,0.227011731246102,2024.75453238017,2024.96448087432,SRR36628748|A/mallard_duck/AZ/25-000743-025/2024|H5N1|USA-AZ|La_Paz|2024-12-19|wild_avian|D1.1,Pacific,Pacific
689,40,0.162125202408766,-103.725698980287,39.2215315643326,-102.246934711503,48.6426101724609,0.436960225393674,0.274835022984909,2024.80235567191,2024.96448087432,SRR36617304|A/bald_eagle/GA/25-001590-001/2024|H5N1|USA-GA|Fulton|2024-12-19|wild_avian|D1.1,Mississippi,Atlantic
969,331,0.124237628223643,-117.876778671733,39.7803775834919,-117.57245602315,38.7754721693676,0.436960225393674,0.312722597170031,2024.84024324609,2024.96448087432,SRR36617982|A/wood_duck/VA/24-038859-013/2024|H5N1|USA-VA|Henrico|2024-12-19|wild_avian|D1.1,Atlantic,Atlantic
705,119,0.0480702171562943,-76.2570570147029,42.1674984917384,-72.7383870804929,43.7618725560061,0.436960225393674,0.38889000823738,2024.91641065716,2024.96448087432,SRR31959989|A/chicken/VT/24-038443-001-original/2024|H5N1|USA-VT|Unknown|2024-12-19|domestic_avian|D1.1,Atlantic,Atlantic
1171,591,0.0394224764541897,-81.3883285117283,29.5498488448655,-83.1201013244363,31.77987753863,0.436960225393674,0.397537748939485,2024.92505839786,2024.96448087432,SRR36617572|A/green_winged_teal/SC/25-000649-005/2024|H5N1|USA-SC|Charleston|2024-12-19|wild_avian|D1.1,Atlantic,Atlantic
723,724,0.0106198103649328,-72.6228917606602,41.3222631246731,-72.5536204995925,42.1884937688578,0.43764885704666,0.427029046681727,2024.95454969561,2024.96516950597,NA,Atlantic,Atlantic
1222,246,0.249097549719754,-110.607160297439,48.3979282783007,-113.55237173105,41.4408867712037,0.439692465830801,0.190594916111046,2024.71811556503,2024.96721311475,SRR36617580|A/mallard_duck/WA/25-000523-001/2024|H5N1|USA-WA|Grant|2024-12-20|wild_avian|D1.1,Pacific,Pacific
746,49,0.0634165217295253,-94.6096139855239,33.9623883763608,-95.6644644454139,31.9108044049543,0.439692465830801,0.376275944101275,2024.90379659302,2024.96721311475,SRR36617989|A/cooper_s_hawk/NY/24-038846-001/2024|H5N1|USA-NY|Cayuga|2024-12-20|wild_avian|D1.1,Atlantic,Atlantic
782,23,0.0536385013854854,-90.6444381610406,41.7424385594313,-94.5686713818915,44.2778563503166,0.439692465830801,0.386053964445315,2024.91357461337,2024.96721311475,SRR36617991|A/Peregrine_falcon/NY/24-038845-001/2024|H5N1|USA-NY|Cortland|2024-12-20|wild_avian|D1.1,Atlantic,Atlantic
1203,562,0.250882149155051,-110.330004617823,46.2441809496234,-105.85321856936,48.6903514031893,0.442424706267927,0.191542557112876,2024.71906320604,2024.96994535519,SRR36628199|A/wild_goose/NE/24-038832-001/2024|H5N1|USA-NE|Douglas|2024-12-21|wild_avian|D1.1,Central,Central
763,764,0.0146468613139025,-97.1305676956927,38.8464363791406,-97.081564081424,39.6583248672995,0.442500759709664,0.427853898395761,2024.95537454732,2024.97002140863,NA,Atlantic,Atlantic
790,791,0.0525068112166417,-89.6382813221486,40.1114491376295,-89.4594566306936,39.4980773186324,0.445509170012874,0.393002358796233,2024.92052300772,2024.97302981894,NA,Atlantic,Atlantic
716,717,0.0172617452430532,-71.6488236216325,43.1791758118604,-70.9731494622758,42.2300506183598,0.446663632959243,0.42940188771619,2024.95692253664,2024.97418428188,NA,Atlantic,Atlantic
833,673,0.18091852030086,-96.9510301486788,40.1645542201447,-90.4151612435412,38.7660111915211,0.447889187142406,0.266970666841546,2024.79449131576,2024.97540983607,SRR36617878|A/western_gull/CA/25-004506-003/2024|H5N1|USA-CA|Monterey|2024-12-23|wild_avian|D1.1,Pacific,Pacific
903,904,0.201205133206039,-111.521005503281,39.220097810966,-111.978489140854,36.4451452891,0.448656558298372,0.247451425092332,2024.77497207402,2024.97617720722,NA,Mississippi,Mississippi
1304,1305,0.0510384752733732,-71.6606452549214,43.8548578578994,-74.0381262612988,44.1166210588497,0.449798376630805,0.398759901357432,2024.92628055028,2024.97731902555,NA,Mississippi,Mississippi
862,637,0.101668107967264,-111.644277844842,45.829674416246,-114.965298888896,42.3710855885385,0.450621427579533,0.348953319612268,2024.87647396854,2024.9781420765,SRR36617972|A/canada_goose/SD/24-038946-001/2024|H5N1|USA-SD|Union|2024-12-24|wild_avian|D1.1,Central,Central
1164,1165,0.0622985984345508,-103.786876526588,44.8080408016862,-102.508000916555,37.2051980458966,0.450707749420347,0.388409150985796,2024.91592979991,2024.97822839834,NA,Pacific,Pacific
982,985,0.0331346579735876,-97.3595465371392,41.9609972208024,-92.5801783512277,39.0173675061207,0.45101419368761,0.417879535714022,2024.94540018464,2024.97853484261,NA,Central,Pacific
791,792,0.00635762220555036,-89.4594566306936,39.4980773186324,-89.0627081102186,39.5162268108928,0.451866792218425,0.445509170012874,2024.97302981894,2024.97938744114,NA,Atlantic,Atlantic
715,719,0.0336031839187305,-73.1108236182981,44.7591042741409,-73.345269702656,44.6806987869881,0.457509797470771,0.423906613552041,2024.95142726248,2024.98503044639,NA,Atlantic,Atlantic
1307,164,0.231130741694109,-103.580406760115,40.9582137295623,-102.004992460747,46.1481174068624,0.461550389328037,0.230419647633928,2024.75794029656,2024.98907103825,SRR36617711|A/american_wigeon/SC/25-000504-002/2024|H5N1|USA-SC|Colleton|2024-12-28|wild_avian|D1.1,Mississippi,Atlantic
893,559,0.10638870210048,-84.0616438122825,34.7764765155392,-79.0058870605639,35.9537118025405,0.461550389328037,0.355161687227557,2024.88268233615,2024.98907103825,SRR36617718|A/snow_goose/CO/25-000365-002/2024|H5N1|USA-CO|Pueblo|2024-12-28|wild_avian|D1.1,Central,Central
954,300,0.0597374508108004,-110.002275895293,44.9907004833425,-112.699302096484,44.135739262362,0.461550389328037,0.401812938517237,2024.92933358744,2024.98907103825,SRR36617328|A/snow_goose/NC/25-001068-002/2024|H5N1|USA-NC|Hyde|2024-12-28|wild_avian|D1.1,Atlantic,Atlantic
1149,1150,0.0323009489041847,-99.6508458663232,41.0675228993339,-98.581775562455,40.5520938751551,0.46161839294652,0.429317444042335,2024.95683809297,2024.98913904187,NA,Central,Central
768,769,0.0407574367091873,-96.3190782604447,38.5315724679472,-96.40293964268,38.3133548173834,0.461945564912184,0.421188128202997,2024.94870877713,2024.98946621384,NA,Atlantic,Atlantic
1348,236,0.334984749931777,-106.973545007689,34.3206031219868,-99.0559400441727,43.7968740552115,0.467014870202517,0.13203012027074,2024.65955076919,2024.99453551913,SRR36617726|A/canada_goose/OH/25-000228-002/2024|H5N1|USA-OH|Stark|2024-12-30|wild_avian|D1.1,Mississippi,Mississippi
835,633,0.191100859697183,-102.631030980502,38.276450295404,-91.0379750320595,47.5990820687797,0.467014870202517,0.275914010505333,2024.80343465943,2024.99453551913,SRR36617313|A/snow_goose/TN/25-001379-007/2024|H5N1|USA-TN|Humphreys|2024-12-30|wild_avian|D1.1,Central,Mississippi
755,74,0.0794830441271785,-90.1541403028496,38.5000492911467,-92.6296017933568,36.8738453307871,0.467014870202517,0.387531826075338,2024.915052475,2024.99453551913,SRR36617737|A/lesser_snow_goose/PA/25-000169-003/2024|H5N1|USA-PA|Lehigh|2024-12-30|wild_avian|D1.1,Atlantic,Atlantic
748,54,0.0777766546226015,-94.6027371759242,34.0213215605227,-94.7877874372801,34.0243861432379,0.467014870202517,0.389238215579915,2024.9167588645,2024.99453551913,SRR36628766|A/lesser_snow_goose/PA/25-000167-005/2024|H5N1|USA-PA|Northampton|2024-12-30|wild_avian|D1.1,Atlantic,Atlantic
724,725,0.032067174982122,-72.5536204995925,42.1884937688578,-71.9424314900992,42.9460301167214,0.469716032028782,0.43764885704666,2024.96516950597,2024.99723668095,NA,Atlantic,Atlantic
1293,161,0.178854494193551,-96.548674887367,45.1346812956155,-100.257040701292,44.2428456423368,0.469747110639643,0.290892616446092,2024.81841326537,2024.99726775956,SRR32006892|A/chicken/WV/25-000049-006-original/2024|H5N1|USA-WV|Unknown|2024-12-31|domestic_avian|D1.1,Atlantic,Atlantic
706,121,0.0708411226932814,-76.0297258941012,42.3988464317922,-72.6296847290507,44.3712818556384,0.469747110639643,0.398905987946362,2024.92642663687,2024.99726775956,SRR36617325|A/snow_goose/MA/25-001222-002/2024|H5N1|USA-MA|Dorchester|2024-12-31|wild_avian|D1.1,Atlantic,Atlantic
750,52,0.0451636716035331,-93.7604373294216,30.1186598404476,-97.438390642443,29.6900359136114,0.469747110639643,0.42458343903611,2024.95210408796,2024.99726775956,SRR36617326|A/snow_goose/MA/25-001222-001/2024|H5N1|USA-MA|Dorchester|2024-12-31|wild_avian|D1.1,Atlantic,Atlantic
983,984,0.0428274989650129,-97.1030024348339,44.068145538072,-101.322394707486,43.3048020516434,0.471066953963038,0.428239454998025,2024.95576010392,2024.99858760289,NA,Central,Central
1091,1092,0.0435690979387008,-99.38516494503,39.929851962876,-98.925608059529,38.7034246665831,0.472364425945766,0.428795328007066,2024.95631597693,2024.99988507487,NA,Central,Central
808,268,0.27949279415292,-109.536143978463,33.3998522466429,-93.5129802075724,33.2607163939195,0.475219077104127,0.195726282951207,2024.72324693187,2025.00273972603,SRR32416368|A/Canada_Goose/TN/25-003129-001-original/2025|H5N1|USA-TN|Unknown|2025-01-02|wild_avian|D1.1,Central,Mississippi
1275,147,0.247966186355551,-92.7782122770927,40.725161130161,-92.1640857359122,41.668833616793,0.475219077104127,0.227252890748576,2024.75477353967,2025.00273972603,SRR32226683|A/Canada_Goose/IL/25-000616-010/2025|H5N1|USA-IL|Cook|2025-01-02|wild_avian|D1.1,Mississippi,Mississippi
1276,145,0.20884826486159,-88.7991515730957,40.1995398129017,-86.3272728107134,34.7939038079955,0.475219077104127,0.266370812242537,2024.79389146117,2025.00273972603,SRR32254443|A/snow_goose/AL/25-001388-002/2025|H5N1|USA-AL|Limestone|2025-01-02|wild_avian|D1.1,Mississippi,Mississippi
913,539,0.121745067274655,-104.89491118397,43.000415468361,-105.033626575434,43.0050517469419,0.475219077104127,0.353474009829472,2024.88099465875,2025.00273972603,SRR32226691|A/Canada_Goose/IL/25-000616-002/2025|H5N1|USA-IL|Cook|2025-01-02|wild_avian|D1.1,Mississippi,Mississippi
709,120,0.097947373731615,-76.7415949726008,40.943354999741,-73.4694551066184,44.1137732950915,0.475219077104127,0.377271703372512,2024.9047923523,2025.00273972603,SRR32006864|A/chicken/DE/25-000201-001-original/2025|H5N1|USA-DE|Unknown|2025-01-02|domestic_avian|D1.1,Atlantic,Atlantic
866,643,0.0978451759909611,-118.869377553902,35.9637678466164,-116.117899901477,34.3230418226309,0.475219077104127,0.377373901113166,2024.90489455004,2025.00273972603,SRR36617578|A/red_tailed_hawk/IA/25-000527-002/2024|H5N1|USA-IA|Polk|2025-01-02|wild_avian|D1.1,Central,Mississippi
966,324,0.094884719578459,-118.358688824296,40.6751993835546,-121.205609578304,39.5491904682044,0.475219077104127,0.380334357525668,2024.90785500645,2025.00273972603,SRR32868825|A/Canada_Goose/WV/25-001893-003-original/2025|H5N1|USA-WV|Unknown|2025-01-02|wild_avian|D1.1,Atlantic,Atlantic
712,101,0.0649684778650108,-72.0130059970271,42.5214397051844,-73.5535256351937,41.6976498871765,0.475219077104127,0.410250599239116,2024.93777124816,2025.00273972603,SRR32254418|A/canada_goose/RI/25-001721-001/2025|H5N1|USA-RI|Newport|2025-01-02|wild_avian|D1.1,Atlantic,Atlantic
750,51,0.0506356380680166,-93.7604373294216,30.1186598404476,-95.2952329021217,30.9733943552896,0.475219077104127,0.42458343903611,2024.95210408796,2025.00273972603,SRR32254446|A/red_tailed_hawk/PA/25-001322-001/2025|H5N1|USA-PA|Northampton|2025-01-02|wild_avian|D1.1,Atlantic,Atlantic
886,567,0.243455436787649,-88.7894073245315,41.8242706822806,-82.24014727869,33.8849471421486,0.477958803131484,0.234503366343835,2024.76202401527,2025.00547945205,SRR32254439|A/snow_goose/NM/25-001448-001/2025|H5N1|USA-NM|Socorro|2025-01-03|wild_avian|D1.1,Pacific,Central
748,53,0.0887205875515686,-94.6027371759242,34.0213215605227,-95.0207445276058,34.2179899836955,0.477958803131484,0.389238215579915,2024.9167588645,2025.00547945205,SRR32254501|A/snow_goose/NJ/25-000806-001/2025|H5N1|USA-NJ|Morris|2025-01-03|wild_avian|D1.1,Atlantic,Atlantic
834,631,0.274370824325828,-105.070492953185,38.7994650090613,-115.978639306284,38.9793635287565,0.483438255186426,0.209067430860598,2024.73658807978,2025.01095890411,SRR32226692|A/Great_Horned_Owl/IA/25-000440-001/2025|H5N1|USA-IA|Polk|2025-01-05|wild_avian|D1.1,Central,Mississippi
1180,598,0.194845985912743,-108.309643981701,35.4832405182395,-106.955953001202,33.5309601364849,0.483438255186426,0.288592269273683,2024.8161129182,2025.01095890411,SRR32125546|A/chicken/OR/25-000540-001-original/2025|H5N1|USA-OR|Unknown|2025-01-05|domestic_avian|D1.1,Pacific,Pacific
760,93,0.146483839276632,-97.5311484106823,38.8882504678543,-97.738796340386,39.448295229547,0.483438255186426,0.336954415909794,2024.86447506483,2025.01095890411,SRR32512599|A/canada_goose/ME/25-003295-001/2025|H5N1|USA-ME|York|2025-01-05|wild_avian|D1.1,Atlantic,Atlantic
749,50,0.069224975150916,-94.0815225867332,32.6591895507245,-93.3837574909429,32.1033908556417,0.483438255186426,0.41421328003551,2024.94173392896,2025.01095890411,SRR32254496|A/snow_goose/NJ/25-000810-002/2025|H5N1|USA-NJ|Warren|2025-01-05|wild_avian|D1.1,Atlantic,Atlantic
756,99,0.233942049426944,-96.8245611685618,38.0863677081782,-98.9793708565191,37.9077822932736,0.486177981213784,0.25223593178684,2024.77975658071,2025.01369863014,SRR32254487|A/canada_goose/NY/25-000858-002/2025|H5N1|USA-NY|Saratoga|2025-01-06|wild_avian|D1.1,Atlantic,Atlantic
1310,163,0.21448091558457,-104.308841629554,44.4180088670577,-106.065235783533,43.1967400529736,0.486177981213784,0.271697065629213,2024.79921771455,2025.01369863014,SRR32125549|A/chicken/GA/25-000538-001-original/2025|H5N1|USA-GA|Unknown|2025-01-06|domestic_avian|D1.1,Mississippi,Atlantic
796,27,0.112697321161919,-121.913561431942,40.811514914855,-121.952069006443,40.3569027869612,0.486177981213784,0.373480660051865,2024.90100130898,2025.01369863014,SRR32125547|A/chicken/ID/25-000539-001-original/2025|H5N1|USA-ID|Unknown|2025-01-06|domestic_avian|D1.1,Pacific,Pacific
1337,135,0.105669741619528,-105.845349082768,34.9319551559668,-105.453808947223,32.1939542491257,0.486177981213784,0.380508239594255,2024.90802888852,2025.01369863014,SRR32254451|A/red_tailed_hawk/WI/25-001295-001/2025|H5N1|USA-WI|Columbia|2025-01-06|wild_avian|D1.1,Mississippi,Mississippi
828,628,0.0781934277119585,-121.902958739186,44.2145287905869,-120.205746387927,43.7146765636222,0.486177981213784,0.407984553501825,2024.93550520243,2025.01369863014,SRR32254472|A/red_tailed_hawk/ID/25-001246-001/2025|H5N1|USA-ID|Unknown|2025-01-06|wild_avian|D1.1,Pacific,Pacific
859,663,0.200189626818103,-120.615380521931,40.33291515889,-121.224553673117,36.6762339296286,0.488917707241141,0.288728080423038,2024.81624872935,2025.01643835616,SRR32416436|A/mallard/LA/25-001905-003/2025|H5N1|USA-LA|Richland|2025-01-07|wild_avian|D1.1,Central,Mississippi
977,337,0.0575183247093534,-89.6833067422764,38.1692628584414,-93.066366417384,36.064261470186,0.488917707241141,0.431399382531788,2024.95892003145,2025.01643835616,SRR32254489|A/cackling_goose/CO/25-000848-001/2025|H5N1|USA-CO|Weld|2025-01-07|wild_avian|D1.1,Central,Central
692,693,0.108548269019103,-105.930092177125,39.7785504445372,-107.034606315736,42.3565530577347,0.488959549650049,0.380411280630946,2024.90793192955,2025.01648019857,NA,Mississippi,Mississippi
922,529,0.256479623174503,-107.859133059606,46.7673266538064,-94.2042251580483,32.9909331670532,0.491657433268498,0.235177810093995,2024.76269845902,2025.01917808219,SRR32512601|A/american_wigeon/AZ/25-004049-003/2025|H5N1|USA-AZ|Mohave|2025-01-08|wild_avian|D1.1,Central,Pacific
1216,281,0.246538911975427,-104.501142023357,42.9706639851458,-97.7565157901558,35.5877560583841,0.491657433268498,0.245118521293072,2024.77263917022,2025.01917808219,SRR33508711|A/barn_owl/AZ/25-000514-002/2025|H5N1|USA-AZ|Maricopa|2025-01-08|wild_avian|D1.1,Central,Pacific
764,765,0.050082600138509,-97.081564081424,39.6583248672995,-96.6019963252472,40.1606944916113,0.492583359848173,0.442500759709664,2024.97002140863,2025.02010400877,NA,Atlantic,Atlantic
1238,258,0.147637779705747,-105.013719593706,39.1823085216027,-117.895352585922,38.713743362296,0.494397159295856,0.346759379590109,2024.87428002851,2025.02191780822,SRR32254417|A/bald_eagle/AL/25-001791-001/2025|H5N1|USA-AL|Baldwin|2025-01-09|wild_avian|D1.1,Central,Mississippi
693,694,0.0073879304791783,-107.034606315736,42.3565530577347,-105.876958583729,42.1767605996014,0.496347480129227,0.488959549650049,2025.01648019857,2025.02386812905,NA,Mississippi,Mississippi
826,626,0.305858453227114,-108.191073840188,42.8709821857505,-116.496657120093,46.8494134718835,0.502616337378155,0.196757884151042,2024.72427853307,2025.0301369863,SRR33029793|A/Trumpeter_Swan/MN/25-002569-001-original/2025|H5N1|USA-MN|Unknown|2025-01-12|wild_avian|D1.1,Central,Mississippi
694,695,0.0063797944677294,-105.876958583729,42.1767605996014,-107.077418213923,43.3085125050338,0.502727274596956,0.496347480129227,2025.02386812905,2025.03024792352,NA,Mississippi,Mississippi
867,868,0.141719985985827,-119.860368730647,35.2199850771834,-120.282209205631,38.3199877571176,0.50348464451911,0.361764658533283,2024.88928530746,2025.03100529344,NA,Central,Central
1351,239,0.327647690874888,-106.593375404636,39.76702219252,-94.7291527955963,36.0315493465914,0.505356063405513,0.177708372530625,2024.70522902145,2025.03287671233,SRR32416354|A/American_Woodcock/AR/25-003125-001-original/2025|H5N1|USA-AR|Unknown|2025-01-13|wild_avian|D1.1,Pacific,Mississippi
712,102,0.0951054641663969,-72.0130059970271,42.5214397051844,-70.6468486936006,44.1431533190846,0.505356063405513,0.410250599239116,2024.93777124816,2025.03287671233,SRR32254427|A/mallard/VT/25-001682-012/2025|H5N1|USA-VT|Grand_Isle|2025-01-13|wild_avian|D1.1,Atlantic,Atlantic
707,123,0.0769895570202086,-75.5782072279959,42.842495326638,-75.1742773588932,42.8775056479807,0.505356063405513,0.428366506385304,2024.95588715531,2025.03287671233,SRR32254429|A/snow_goose/NY/25-001673-001/2025|H5N1|USA-NY|Ontario|2025-01-13|wild_avian|D1.1,Atlantic,Atlantic
1291,157,0.271558265257163,-103.306795314591,39.0225511451242,-94.5456450881562,31.7884233614741,0.50809578943287,0.236537524175707,2024.7640581731,2025.03561643836,SRR33508814|A/lesser_scaup/FL/25-003912-002/2025|H5N1|USA-FL|Indian_River|2025-01-14|wild_avian|D1.1,Mississippi,Atlantic
707,708,0.0813350911131437,-75.5782072279959,42.842495326638,-74.7618644133291,41.0476745397465,0.509701597498448,0.428366506385304,2024.95588715531,2025.03722224642,NA,Atlantic,Atlantic
871,664,0.237485844650745,-123.17904559242,43.3313793758511,-113.147275698662,46.4912550145787,0.510835515460228,0.273349670809483,2024.80087031973,2025.03835616438,SRR32416380|A/Wood_Duck/MS/25-002206-001-original/2025|H5N1|USA-MS|Unknown|2025-01-15|wild_avian|D1.1,Mississippi,Mississippi
783,784,0.0780306279538101,-90.0405813394066,38.3216748231631,-89.1870373816092,39.8453680095273,0.512513102923853,0.434482474970043,2024.96200312389,2025.04003375185,NA,Atlantic,Atlantic
882,289,0.328970037991673,-106.74585556768,43.4423136096039,-117.269909127951,40.201907666022,0.513575241487812,0.184605203496139,2024.71212585242,2025.04109589041,SRR32653596|A/Weasel/WA/25-002912-001-original-repeat2/2025|H5N1|USA-WA|Unknown|2025-01-16|other_mammal|D1.1,Pacific,Pacific
873,667,0.152550408129413,-118.145180993931,48.9988087142117,-121.42163747015,46.0923355387677,0.513575241487812,0.361024833358399,2024.88854548228,2025.04109589041,SRR32513187|A/great_horned_owl/WY/25-002742-001/2025|H5N1|USA-WY|Goshen|2025-01-16|wild_avian|D1.1,Central,Central
722,114,0.0814712529080557,-72.684759572161,44.9849449993512,-72.6496928709961,44.251215339633,0.513575241487812,0.432103988579757,2024.9596246375,2025.04109589041,SRR32513297|A/red_tailed_hawk/PA/25-003148-002/2025|H5N1|USA-PA|Lehigh|2025-01-16|wild_avian|D1.1,Atlantic,Atlantic
868,639,0.0100905969687027,-120.282209205631,38.3199877571176,-120.456117883409,38.2850845943085,0.513575241487812,0.50348464451911,2025.03100529344,2025.04109589041,SRR32254412|A/cat/SD/25-002248-001/2025|H5N1|USA-SD|Faulk|2025-01-16|feline|D1.1,Central,Central
868,640,0.0100905969687027,-120.282209205631,38.3199877571176,-120.309222902563,38.3106888507876,0.513575241487812,0.50348464451911,2025.03100529344,2025.04109589041,SRR32254411|A/cat/SD/25-002248-002/2025|H5N1|USA-SD|Faulk|2025-01-16|feline|D1.1,Central,Central
1087,1088,0.0851509872532998,-96.7088095923603,45.1372900122201,-103.455955805994,43.7732290833684,0.51556283694872,0.43041184969542,2024.95793249862,2025.04308348587,NA,Central,Central
1280,1281,0.223051340279505,-100.496975534522,36.3904219534713,-107.838642518966,33.8326203010102,0.516224616174987,0.293173275895482,2024.82069392482,2025.0437452651,NA,Mississippi,Atlantic
1320,228,0.113328130084931,-90.9171270485048,47.9307193518259,-91.9825236241612,45.4614587791549,0.51631496751517,0.402986837430239,2024.93050748635,2025.04383561644,SRR32254410|A/African_crowned_crane/VA/25-002296-001/2025|H5N1|USA-VA|Powhatan|2025-01-17|wild_avian|D1.1,Atlantic,Atlantic
713,103,0.0996514817034261,-72.1043000680768,42.5722787199186,-72.0864368112463,42.3278754798501,0.51631496751517,0.416663485811744,2024.94418413473,2025.04383561644,SRR32513176|A/mallard/NH/25-003045-054/2025|H5N1|USA-NH|Merrimack|2025-01-17|wild_avian|D1.1,Atlantic,Atlantic
713,104,0.0996514817034261,-72.1043000680768,42.5722787199186,-72.2783697200785,42.484291023325,0.51631496751517,0.416663485811744,2024.94418413473,2025.04383561644,SRR32416416|A/mallard/NH/25-003045-041/2025|H5N1|USA-NH|Merrimack|2025-01-17|wild_avian|D1.1,Atlantic,Atlantic
904,905,0.0701067567702257,-111.978489140854,36.4451452891,-103.674594698219,41.6770998882352,0.518763315068597,0.448656558298372,2024.97617720722,2025.04628396399,NA,Mississippi,Central
1239,260,0.27775363870792,-119.676876724201,48.1212338961294,-110.542013762467,36.3036600310595,0.519054693542527,0.241301054834607,2024.76882170376,2025.04657534247,SRR32513271|A/great_horned_owl/NM/25-002820-001/2025|H5N1|USA-NM|Chaves|2025-01-18|wild_avian|D1.1,Pacific,Central
985,986,0.0680444137282099,-92.5801783512277,39.0173675061207,-92.5826768829822,39.0120724888514,0.51905860741582,0.45101419368761,2024.97853484261,2025.04657925634,NA,Pacific,Pacific
717,110,0.0751307866106415,-70.9731494622758,42.2300506183598,-74.6072066207474,42.6750930606878,0.521794419569884,0.446663632959243,2024.97418428188,2025.04931506849,SRR33319045|A/hooded_merganser/RI/25-007119-005/2025|H5N1|USA-RI|Washington|2025-01-19|wild_avian|D1.1,Atlantic,Atlantic
1165,1166,0.0711275496044419,-102.508000916555,37.2051980458966,-99.846665833843,35.9923530112283,0.521835299024789,0.450707749420347,2024.97822839834,2025.04935594795,NA,Pacific,Pacific
1150,1151,0.0612058797033498,-98.581775562455,40.5520938751551,-95.2575340580955,39.1895305640479,0.52282427264987,0.46161839294652,2024.98913904187,2025.05034492157,NA,Central,Central
694,697,0.0276588227054771,-105.876958583729,42.1767605996014,-104.340622480606,41.63729685863,0.524006302834704,0.496347480129227,2025.02386812905,2025.05152695176,NA,Mississippi,Mississippi
1179,597,0.250319171304051,-108.212490233665,37.8289506682066,-109.526828297149,40.49117991877,0.527273871624827,0.276954700320775,2024.80447534924,2025.05479452055,SRR32254304|A/cattle/NV/25-002645-003-original/2025|H5N1|USA-NV|Unknown|2025-01-21|cattle|D1.1,Pacific,Pacific
691,32,0.166378296901018,-104.965435584156,39.4933483859415,-105.377267372938,40.4732292492992,0.527273871624827,0.360895574723809,2024.88841622365,2025.05479452055,SRR34980358|A/bald_eagle/WI/25-021326-002/2025|H5N1|USA-WI|Door|2025-01-21|wild_avian|D1.1,Mississippi,Mississippi
695,696,0.0250438637217454,-107.077418213923,43.3085125050338,-106.207740192652,41.3888773333362,0.527771138318702,0.502727274596956,2025.03024792352,2025.05529178724,NA,Mississippi,Mississippi
1229,253,0.319994979474394,-113.558348311033,43.3015087241177,-120.127079206337,36.6898668961296,0.530013597652184,0.21001861817779,2024.7375392671,2025.05753424658,GenBank|A/chicken/WA/W250220054-7/2025|H5N1|USA-WA|Unknown|2025-01-22|domestic_avian|D1.1,Pacific,Pacific
1278,214,0.296162718672057,-108.141064821748,35.7508968562094,-109.397099609682,37.1969776830612,0.530013597652184,0.233850878980127,2024.7613715279,2025.05753424658,SRR32416465|A/bald_eagle/OK/25-003111-001/2025|H5N1|USA-OK|Le_Flore|2025-01-22|wild_avian|D1.1,Central,Central
921,531,0.128986841631279,-111.189468012993,43.4448928184632,-107.722133260031,42.8581336086505,0.530013597652184,0.401026756020905,2024.92854740494,2025.05753424658,SRR32512591|A/canada_goose/KY/25-004132-002/2025|H5N1|USA-KY|Kenton|2025-01-22|wild_avian|D1.1,Mississippi,Mississippi
762,91,0.120075513649548,-97.0948533054649,39.8229499599463,-96.7501672953222,39.5231448619183,0.530013597652184,0.409938084002636,2024.93745873293,2025.05753424658,SRR32512620|A/great_horned_owl/MA/25-003297-003/2025|H5N1|USA-MA|Barnstable|2025-01-22|wild_avian|D1.1,Atlantic,Atlantic
768,89,0.108825469449187,-96.3190782604447,38.5315724679472,-96.6314047030228,38.2918759188684,0.530013597652184,0.421188128202997,2024.94870877713,2025.05753424658,SRR32512553|A/canada_goose/MA/25-003297-004/2025|H5N1|USA-MA|Plymouth|2025-01-22|wild_avian|D1.1,Atlantic,Atlantic
1281,209,0.0137889814771965,-107.838642518966,33.8326203010102,-110.251310618296,31.6599090503138,0.530013597652184,0.516224616174987,2025.0437452651,2025.05753424658,SRR33029806|A/raccoon/KY/25-006499-002/2025|H5N1|USA-KY|Boone|2025-01-22|other_mammal|D1.1,Atlantic,Mississippi
1212,284,0.336437716171383,-101.093358513848,40.4066718401324,-104.277469322761,45.2849461093723,0.532753323679541,0.196315607508158,2024.72383625643,2025.0602739726,SRR32415199|A/chicken/OR/25-003575-001-original/2025|H5N1|USA-OR|Unknown|2025-01-23|domestic_avian|D1.1,Pacific,Pacific
744,48,0.23979878534794,-94.4391646862255,34.4163903812857,-93.1857998454461,36.2934789974721,0.532753323679541,0.292954538331601,2024.82047518725,2025.0602739726,SRR32512673|A/american_black_duck/CT/25-003143-002/2025|H5N1|USA-CT|New_Haven|2025-01-23|wild_avian|D1.1,Atlantic,Atlantic
1349,234,0.116616474342762,-107.072817753599,34.8810087113846,-108.097139650895,31.941401631221,0.532753323679541,0.416136849336779,2024.94365749826,2025.0602739726,SRR32654188|A/Turkey/NE/25-002670-003-original/2025|H5N1|USA-NE|Unknown|2025-01-23|domestic_avian|D1.1,Mississippi,Central
765,96,0.0401699638313685,-96.6019963252472,40.1606944916113,-96.856117242845,39.0573329212155,0.532753323679541,0.492583359848173,2025.02010400877,2025.0602739726,SRR32512597|A/canada_goose/ME/25-003295-004/2025|H5N1|USA-ME|York|2025-01-23|wild_avian|D1.1,Atlantic,Atlantic
1188,1189,0.304087607000718,-101.403481282167,40.7308331944516,-99.026965955332,48.5234586559123,0.534610509302005,0.230522902301286,2024.75804355122,2025.06213115823,NA,Central,Pacific
1165,623,0.0847853002865517,-102.508000916555,37.2051980458966,-98.2011756653027,38.9444663907262,0.535493049706899,0.450707749420347,2024.97822839834,2025.06301369863,SRR33125090|A/western_gull/CA/25-004499-005/2025|H5N1|USA-CA|San_Mateo|2025-01-24|wild_avian|D1.1,Pacific,Pacific
932,322,0.276361151808179,-111.418104740091,42.5781462967519,-105.418549705384,38.7891268254051,0.538232775734256,0.261871623926077,2024.78939227285,2025.06575342466,SRR32513217|A/wood_duck/NC/25-003923-002/2025|H5N1|USA-NC|Hyde|2025-01-25|wild_avian|D1.1,Mississippi,Atlantic
933,291,0.274290235007365,-110.479706337988,43.6189259710711,-102.206496770931,43.2827030906905,0.538232775734256,0.263942540726892,2024.79146318965,2025.06575342466,SRR32513216|A/wood_duck/NC/25-003927-016/2025|H5N1|USA-NC|Tyrrell|2025-01-25|wild_avian|D1.1,Mississippi,Atlantic
853,645,0.262843917352047,-106.734089531489,41.1632174177274,-88.5734639148298,43.4088511584992,0.538232775734256,0.275388858382209,2024.80290950731,2025.06575342466,SRR32654185|A/chicken/IN/25-002875-001-original/2025|H5N1|USA-IN|Unknown|2025-01-25|domestic_avian|D1.1,Central,Mississippi
863,634,0.282781643576273,-115.508015129242,36.4652447352006,-114.056588181458,46.3158428528441,0.543712227789198,0.260930584212925,2024.78845123314,2025.07123287671,SRR32512607|A/canada_goose/CO/25-003832-001/2025|H5N1|USA-CO|Chaffee|2025-01-27|wild_avian|D1.1,Central,Central
1201,614,0.265097324189616,-107.104472398113,47.4600426107802,-89.1198399469087,30.5027251960761,0.543712227789198,0.278614903599583,2024.80613555252,2025.07123287671,SRR32416454|A/bald_eagle/FL/25-003208-001/2025|H5N1|USA-FL|Lee|2025-01-27|wild_avian|D1.1,Central,Atlantic
1293,160,0.252819611343106,-96.548674887367,45.1346812956155,-82.3825861264489,40.2626700031833,0.543712227789198,0.290892616446092,2024.81841326537,2025.07123287671,SRR32513218|A/vulture/LA/25-003600-001/2025|H5N1|USA-LA|Orleans|2025-01-27|wild_avian|D1.1,Atlantic,Mississippi
862,636,0.19475890817693,-111.644277844842,45.829674416246,-111.286045106325,42.2600907186366,0.543712227789198,0.348953319612268,2024.87647396854,2025.07123287671,SRR32654124|A/Guineafowl/NE/25-003247-003-original/2025|H5N1|USA-NE|Unknown|2025-01-27|domestic_avian|D1.1,Central,Central
1085,511,0.164384930114191,-97.9936571666818,44.0309423214946,-102.003877736331,42.4690912684756,0.543712227789198,0.379327297675008,2024.9068479466,2025.07123287671,SRR32416347|A/canada_goose/ND/25-003472-002/2025|H5N1|USA-ND|Oliver|2025-01-27|wild_avian|D1.1,Central,Central
1324,223,0.186513539909181,-100.14218704345,34.8842839654282,-98.2887324715233,33.7279452232565,0.546451953816556,0.359938413907375,2024.88745906283,2025.07397260274,SRR33125126|A/Red-tailed_Hawk/MO/25-004415-009-original/2025|H5N1|USA-MO|Unknown|2025-01-28|wild_avian|D1.1,Mississippi,Mississippi
920,538,0.1460133100548,-111.123644320396,43.2987385127575,-107.169437514401,41.5254286945169,0.546451953816556,0.400438643761756,2024.92795929269,2025.07397260274,SRR32653672|A/Canada_Goose/WV/25-005199-001-original/2025|H5N1|USA-WV|Unknown|2025-01-28|wild_avian|D1.1,Mississippi,Atlantic
1212,283,0.352876072335755,-101.093358513848,40.4066718401324,-96.7587108452858,38.1389528950978,0.549191679843913,0.196315607508158,2024.72383625643,2025.07671232877,SRR32513288|A/red_tailed_hawk/UT/25-003824-002/2025|H5N1|USA-UT|Unknown|2025-01-29|wild_avian|D1.1,Pacific,Pacific
929,332,0.315511662198143,-115.269474895299,41.4054912316017,-112.181224530648,39.3940925577712,0.549191679843913,0.23368001764577,2024.76120066657,2025.07671232877,SRR32512666|A/canada_goose/MI/25-004311-003/2025|H5N1|USA-MI|Shiawassee|2025-01-29|wild_avian|D1.1,Mississippi,Mississippi
843,656,0.305656008375337,-117.042900047537,36.93624531108,-109.447127226609,41.4428484249662,0.549191679843913,0.243535671468576,2024.77105632039,2025.07671232877,SRR32513289|A/red_tailed_hawk/TX/25-003592-003/2025|H5N1|USA-TX|Lubbock|2025-01-29|wild_avian|D1.1,Mississippi,Central
1320,227,0.146204842413674,-90.9171270485048,47.9307193518259,-91.5118404674667,45.6578334447489,0.549191679843913,0.402986837430239,2024.93050748635,2025.07671232877,SRR32804603|A/bald_eagle/OH/25-006046-001/2025|H5N1|USA-OH|Mahoning|2025-01-29|wild_avian|D1.1,Atlantic,Mississippi
976,338,0.128888818529096,-94.5335974522094,39.804854882723,-95.0104053496689,32.847799377485,0.549191679843913,0.420302861314817,2024.94782351024,2025.07671232877,SRR32512557|A/cackling_goose/TX/25-003592-001/2025|H5N1|USA-TX|Lubbock|2025-01-29|wild_avian|D1.1,Central,Central
1306,171,0.118987324422363,-74.1068214961697,44.2266434040471,-76.7840334338858,41.7716260902469,0.549191679843913,0.430204355421551,2024.95772500434,2025.07671232877,SRR32804602|A/bald_eagle/OH/25-006046-002/2025|H5N1|USA-OH|Lorain|2025-01-29|wild_avian|D1.1,Atlantic,Mississippi
1089,516,0.113481750152262,-95.5953826399371,45.2814907138619,-90.4950640160142,45.142314636918,0.549191679843913,0.435709929691651,2024.96323057861,2025.07671232877,SRR32512609|A/canada_goose/ND/25-003829-001/2025|H5N1|USA-ND|Mercer|2025-01-29|wild_avian|D1.1,Central,Central
724,118,0.111542822797254,-72.5536204995925,42.1884937688578,-72.509904015167,43.2013268806723,0.549191679843913,0.43764885704666,2024.96516950597,2025.07671232877,SRR32512614|A/american_black_duck/CT/25-004298-002/2025|H5N1|USA-CT|New_Haven|2025-01-29|wild_avian|D1.1,Atlantic,Atlantic
1189,1190,0.0164043255037134,-99.026965955332,48.5234586559123,-96.9038353910435,48.1460472733059,0.551014834805718,0.534610509302005,2025.06213115823,2025.07853548373,NA,Pacific,Pacific
1209,553,0.366476709363506,-103.52873995864,43.8727333982289,-102.605539700286,44.2678963796891,0.551931405871271,0.185454696507765,2024.71297534543,2025.07945205479,SRR32513192|A/hawk/WY/25-004351-001/2025|H5N1|USA-WY|Fremont|2025-01-30|wild_avian|D1.1,Central,Central
1239,261,0.310630351036664,-119.676876724201,48.1212338961294,-111.244546616276,41.2734189003673,0.551931405871271,0.241301054834607,2024.76882170376,2025.07945205479,SRR33508816|A/canada_goose/CA/25-003254-006/2025|H5N1|USA-CA|San_Luis_Obispo|2025-01-30|wild_avian|D1.1,Pacific,Pacific
864,641,0.284303248271097,-115.421080915392,36.3470669175904,-116.28410748101,32.6956071111904,0.551931405871271,0.267628157600173,2024.79514880652,2025.07945205479,SRR33682350|A/Bobcat/KS/25-014574-001-original/2025|H5N1|USA-KS|Unknown|2025-01-30|feline|D1.1,Central,Central
1280,211,0.258758129975788,-100.496975534522,36.3904219534713,-89.1386008637087,30.745068790813,0.551931405871271,0.293173275895482,2024.82069392482,2025.07945205479,SRR33125054|A/Mallard/MD/25-005882-005-original/2025|H5N1|USA-MD|Unknown|2025-01-30|wild_avian|D1.1,Mississippi,Atlantic
1316,230,0.255429246889296,-100.03946299399,35.9629279520318,-99.6492503447103,37.828645993791,0.551931405871271,0.296502158981975,2024.82402280791,2025.07945205479,SRR32654208|A/chicken/MO/25-003398-001-original/2025|H5N1|USA-MO|Unknown|2025-01-30|domestic_avian|D1.1,Mississippi,Mississippi
791,20,0.109161961885753,-89.4594566306936,39.4980773186324,-89.4988174598979,37.288159626356,0.554671131898628,0.445509170012874,2024.97302981894,2025.08219178082,SRR32415153|A/chicken/MD/25-003830-002-original/2025|H5N1|USA-MD|Unknown|2025-01-31|domestic_avian|D1.1,Atlantic,Atlantic
1227,247,0.369178666164292,-113.669842997911,47.0406700288047,-118.910609601663,36.9681225609464,0.562890309980927,0.193711643816635,2024.72123229274,2025.0904109589,SRR32512878|A/Duck/WA/25-004661-001-original/2025|H5N1|USA-WA|Unknown|2025-02-03|domestic_avian|D1.1,Central,Pacific
1181,604,0.34513009913813,-101.591262797237,41.6978363119744,-72.7091098914824,42.8932529780133,0.562890309980927,0.217760210842797,2024.74528085977,2025.0904109589,SRR32653680|A/Canada_Goose/FL/25-004847-003-original/2025|H5N1|USA-FL|Unknown|2025-02-03|wild_avian|D1.1,Pacific,Atlantic
1205,565,0.338548518407972,-114.327255283531,48.674759324457,-120.838897247855,45.9772586336694,0.562890309980927,0.224341791572955,2024.7518624405,2025.0904109589,SRR32512655|A/canada_goose/CO/25-004662-001/2025|H5N1|USA-CO|Larimer|2025-02-03|wild_avian|D1.1,Central,Central
1323,221,0.251497508741631,-100.011814188746,34.369881878287,-94.0127458921476,37.1708486814581,0.562890309980927,0.311392801239297,2024.83891345016,2025.0904109589,SRR32415110|A/chicken/LA/25-004414-001-original/2025|H5N1|USA-LA|Unknown|2025-02-03|domestic_avian|D1.1,Mississippi,Mississippi
755,73,0.175358483905589,-90.1541403028496,38.5000492911467,-91.4957539163474,40.686434278324,0.562890309980927,0.387531826075338,2024.915052475,2025.0904109589,SRR32513235|A/snow_goose/NY/25-004092-002/2025|H5N1|USA-NY|Tompkins|2025-02-03|wild_avian|D1.1,Atlantic,Atlantic
697,39,0.0388840071462233,-104.340622480606,41.63729685863,-104.561764359663,41.9300464458947,0.562890309980927,0.524006302834704,2025.05152695176,2025.0904109589,SRR33508795|A/red_breasted_merganser/WI/25-005001-001/2025|H5N1|USA-WI|Milwaukee|2025-02-03|wild_avian|D1.1,Mississippi,Mississippi
1189,578,0.0282798006789229,-99.026965955332,48.5234586559123,-98.4260036019698,45.9218417384373,0.562890309980927,0.534610509302005,2025.06213115823,2025.0904109589,SRR32415932|A/cattle/AZ/25-004003-002-original/2025|H5N1|USA-AZ|Unknown|2025-02-03|cattle|D1.1,Pacific,Pacific
1190,579,0.0118754751752095,-96.9038353910435,48.1460472733059,-97.0843504603948,47.6100241873573,0.562890309980927,0.551014834805718,2025.07853548373,2025.0904109589,SRR32415933|A/cattle/AZ/25-004003-001-original/2025|H5N1|USA-AZ|Unknown|2025-02-03|cattle|D1.1,Pacific,Pacific
909,910,0.293513140954438,-103.008269106484,40.8539763518187,-101.118570997341,43.1459773464182,0.564802025939114,0.271288884984676,2024.79880953391,2025.09232267486,NA,Mississippi,Mississippi
1284,1285,0.30224650316913,-101.902129230374,36.9812424509331,-103.70653833811,31.4829976335336,0.565350440992554,0.263103937823424,2024.79062458675,2025.09287108992,NA,Mississippi,Mississippi
815,273,0.218932865900006,-114.583407088777,34.2192435806561,-112.749676252505,33.6304424576675,0.565630036008285,0.346697170108279,2024.87421781903,2025.09315068493,SRR32512649|A/Common_goldeneye/WY/25-004669-001/2025|H5N1|USA-WY|Natrona|2025-02-04|wild_avian|D1.1,Pacific,Central
723,117,0.138600989326558,-72.6228917606602,41.3222631246731,-72.1230588703178,41.3001582665369,0.565630036008285,0.427029046681727,2024.95454969561,2025.09315068493,SRR33125072|A/Great_Horned_Owl/CT/25-005886-001-original/2025|H5N1|USA-CT|Unknown|2025-02-04|wild_avian|D1.1,Atlantic,Atlantic
1151,1152,0.0443193643231327,-95.2575340580955,39.1895305640479,-96.9968463999481,39.84773126098,0.567143636973003,0.52282427264987,2025.05034492157,2025.0946642859,NA,Central,Central
684,8,0.525968164155765,-115.64535910249,41.5805877704205,-116.561022966182,43.5257496411682,0.568369762035642,0.0424015978798773,2024.5699222468,2025.09589041096,SRR32653594|A/Red-tailed_Hawk/NV/25-005369-001-original/2025|H5N1|USA-NV|Unknown|2025-02-05|wild_avian|D1.1,Pacific,Pacific
1341,127,0.290528780357009,-106.968019451668,34.3418652799981,-106.6752122254,34.0950668437153,0.568369762035642,0.277840981678633,2024.8053616306,2025.09589041096,SRR32512646|A/cougar/WI/25-004744-001/2025|H5N1|USA-WI|Redacted|2025-02-05|feline|D1.1,Mississippi,Mississippi
1300,180,0.191905839836841,-102.81925722896,44.5345297196861,-110.909529144108,47.5801782071629,0.568369762035642,0.376463922198801,2024.90398457112,2025.09589041096,SRR33508810|A/bufflehead/MI/25-004779-004/2025|H5N1|USA-MI|St_Clair|2025-02-05|wild_avian|D1.1,Mississippi,Mississippi
1305,173,0.118571385404837,-74.0381262612988,44.1166210588497,-73.4235944595232,44.3917501430134,0.568369762035642,0.449798376630805,2024.97731902555,2025.09589041096,SRR33508812|A/bald_eagle/MI/25-004779-002/2025|H5N1|USA-MI|Tuscola|2025-02-05|wild_avian|D1.1,Mississippi,Mississippi
1088,514,0.0528069250869224,-103.455955805994,43.7732290833684,-99.1116858665248,39.6995235572545,0.568369762035642,0.51556283694872,2025.04308348587,2025.09589041096,SRR32513282|A/red_tailed_hawk/CO/25-004838-001/2025|H5N1|USA-CO|Weld|2025-02-05|wild_avian|D1.1,Central,Central
699,45,0.380390355737002,-96.2253159753418,46.9764148912967,-104.429098487793,41.5242318215103,0.571109488063,0.190719132325998,2024.71823978125,2025.09863013699,SRR32512905|A/chicken/SD/25-004736-001-original/2025|H5N1|USA-SD|Unknown|2025-02-06|domestic_avian|D1.1,Mississippi,Central
1318,225,0.202469748206537,-95.5222608523932,43.9943023442116,-96.861299304007,41.7612721585038,0.571109488063,0.368639739856463,2024.89616038878,2025.09863013699,SRR32512588|A/bald_eagle/OH/25-004768-001/2025|H5N1|USA-OH|Unknown|2025-02-06|wild_avian|D1.1,Mississippi,Mississippi
761,94,0.190470880154807,-96.1892897550884,38.176629633719,-97.471248036669,37.5565090073293,0.571109488063,0.380638607908193,2024.90815925683,2025.09863013699,SRR32653687|A/american_black_duck/NH/25-005332-016/2025|H5N1|USA-NH|Belknap|2025-02-06|wild_avian|D1.1,Atlantic,Atlantic
762,92,0.161171404060364,-97.0948533054649,39.8229499599463,-97.5482484659111,39.8137546732141,0.571109488063,0.409938084002636,2024.93745873293,2025.09863013699,SRR32868847|A/bufflehead/MA/25-007118-042/2025|H5N1|USA-MA|Barnstable|2025-02-06|wild_avian|D1.1,Atlantic,Atlantic
697,38,0.0471031852282955,-104.340622480606,41.63729685863,-104.998942915699,40.0245940050407,0.571109488063,0.524006302834704,2025.05152695176,2025.09863013699,SRR32653607|A/red_breasted_merganser/IL/25-005366-003/2025|H5N1|USA-IL|Cook|2025-02-06|wild_avian|D1.1,Mississippi,Mississippi
1166,1167,0.0508918580268363,-99.846665833843,35.9923530112283,-99.3139541977839,34.1535168661356,0.572727157051625,0.521835299024789,2025.04935594795,2025.10024780597,NA,Pacific,Pacific
969,330,0.261126616920326,-117.876778671733,39.7803775834919,-120.216694678575,41.2900277196129,0.573849214090357,0.312722597170031,2024.84024324609,2025.10136986301,SRR32974090|A/Canada_Goose/WV/25-005755-001-original-repeat2/2025|H5N1|USA-WV|Unknown|2025-02-07|wild_avian|D1.1,Atlantic,Atlantic
809,267,0.18810167098331,-107.762972655822,32.8286549310332,-111.006456110744,36.4480788599363,0.573849214090357,0.385747543107047,2024.91326819203,2025.10136986301,SRR32653665|A/cat/KS/25-005576-002-original/2025|H5N1|USA-KS|Unknown|2025-02-07|feline|D1.1,Central,Central
765,97,0.0812658542421841,-96.6019963252472,40.1606944916113,-95.5148559220528,40.1421424858801,0.573849214090357,0.492583359848173,2025.02010400877,2025.10136986301,SRR33125151|A/mallard/ME/25-006144-064/2025|H5N1|USA-ME|York|2025-02-07|wild_avian|D1.1,Atlantic,Atlantic
1151,1155,0.0517273864276254,-95.2575340580955,39.1895305640479,-94.8127853583613,38.3955360636992,0.574551659077495,0.52282427264987,2025.05034492157,2025.102072308,NA,Central,Central
1263,188,0.307663200504956,-97.9512466726844,40.895639245494,-90.2964799771847,41.189597221596,0.576588940117942,0.268925739612986,2024.79644638854,2025.10410958904,SRR33125079|A/Black_Vulture/TN/25-006120-003-original/2025|H5N1|USA-TN|Unknown|2025-02-08|wild_avian|D1.1,Mississippi,Mississippi
1337,134,0.196080700523687,-105.845349082768,34.9319551559668,-108.566751237822,34.0940704607478,0.576588940117942,0.380508239594255,2024.90802888852,2025.10410958904,SRR32512844|A/chicken/MN/25-004931-004-original/2025|H5N1|USA-MN|Unknown|2025-02-08|domestic_avian|D1.1,Mississippi,Mississippi
717,718,0.131480188794606,-70.9731494622758,42.2300506183598,-74.4982590198754,44.2058198628764,0.578143821753849,0.446663632959243,2024.97418428188,2025.10566447068,NA,Atlantic,Atlantic
1326,1330,0.386540547457628,-101.689492136612,36.9376356942433,-93.9276463178548,44.5145748002521,0.580647190554993,0.194106643097365,2024.72162729202,2025.10816783948,NA,Mississippi,Central
753,76,0.308080214140767,-90.9862079026331,38.5646925176698,-87.9254017068916,38.6813577655301,0.582068392172657,0.273988178031889,2024.80150882696,2025.1095890411,SRR32512885|A/chicken/DE/25-005230-002-original/2025|H5N1|USA-DE|Unknown|2025-02-10|domestic_avian|D1.1,Atlantic,Atlantic
1196,586,0.303077495030778,-101.410405542403,40.0664958716056,-101.223878023695,39.9639441359952,0.582068392172657,0.278990897141879,2024.80651154607,2025.1095890411,SRR32653667|A/cat/NM/25-005387-001-original/2025|H5N1|USA-NM|Unknown|2025-02-10|feline|D1.1,Central,Central
1329,216,0.276519993349997,-95.1194560106739,32.2639383601907,-95.6391324873058,33.8231245148545,0.582068392172657,0.305548398822659,2024.83306904775,2025.1095890411,SRR33125081|A/Black_Vulture/GA/25-005756-004-original/2025|H5N1|USA-GA|Unknown|2025-02-10|wild_avian|D1.1,Atlantic,Atlantic
1092,1093,0.112244562678231,-98.925608059529,38.7034246665831,-89.6439222035261,41.2178806233112,0.584608988623998,0.472364425945766,2024.99988507487,2025.11212963755,NA,Central,Mississippi
907,525,0.317874581653034,-111.965054807319,38.0404555945005,-96.9495219487648,33.6353644474543,0.584808118200014,0.26693353654698,2024.79445418547,2025.11232876712,SRR32804547|A/red_shouldered_hawk/PA/25-006939-001/2025|H5N1|USA-PA|Lancaster|2025-02-11|wild_avian|D1.1,Mississippi,Atlantic
1328,217,0.287518684727146,-94.9130017360785,32.0942908036565,-100.989992312047,38.6403366246162,0.584808118200014,0.297289433472868,2024.8248100824,2025.11232876712,SRR33125061|A/herring_gull/PA/25-005864-001/2025|H5N1|USA-PA|Erie|2025-02-11|wild_avian|D1.1,Atlantic,Atlantic
866,642,0.207434217086848,-118.869377553902,35.9637678466164,-119.023412463682,36.0077177614134,0.584808118200014,0.377373901113166,2024.90489455004,2025.11232876712,SRR32973810|A/chicken/NE/25-005224-001-original-repeat2/2025|H5N1|USA-NE|Unknown|2025-02-11|domestic_avian|D1.1,Central,Central
722,112,0.152704129620257,-72.684759572161,44.9849449993512,-72.7508696924167,44.4611881673231,0.584808118200014,0.432103988579757,2024.9596246375,2025.11232876712,SRR33125172|A/bald_eagle/NJ/25-006329-001/2025|H5N1|USA-NJ|Sussex|2025-02-11|wild_avian|D1.1,Atlantic,Atlantic
1300,179,0.21108392202857,-102.81925722896,44.5345297196861,-100.743670658059,45.4352334976614,0.587547844227371,0.376463922198801,2024.90398457112,2025.11506849315,SRR33125038|A/Canada_Goose/AL/25-006220-001-original/2025|H5N1|USA-AL|Unknown|2025-02-12|wild_avian|D1.1,Mississippi,Mississippi
1281,210,0.0713232280523839,-107.838642518966,33.8326203010102,-108.630449784475,32.4443451916535,0.587547844227371,0.516224616174987,2025.0437452651,2025.11506849315,SRR33319056|A/Great_Horned_Owl/KY/25-006499-001-original-repeat/2025|H5N1|USA-KY|Unknown|2025-02-12|wild_avian|D1.1,Atlantic,Mississippi
757,100,0.336148511803379,-96.4591761467054,38.014787825834,-96.7935014829133,36.9134307181388,0.590287570254956,0.254139058451577,2024.78165970737,2025.11780821918,SRR32868681|A/canada_goose/RI/25-007119-019/2025|H5N1|USA-RI|Kent|2025-02-13|wild_avian|D1.1,Atlantic,Atlantic
763,95,0.162433671859195,-97.1305676956927,38.8464363791406,-97.6894028587365,39.8006912836362,0.590287570254956,0.427853898395761,2024.95537454732,2025.11780821918,SRR32804576|A/red_tailed_hawk/NH/25-006653-001/2025|H5N1|USA-NH|Strafford|2025-02-13|wild_avian|D1.1,Atlantic,Atlantic
904,522,0.141631011956585,-111.978489140854,36.4451452891,-107.629329723808,41.9073387880372,0.590287570254956,0.448656558298372,2024.97617720722,2025.11780821918,SRR32804622|A/black_vulture/TX/25-006660-004/2025|H5N1|USA-TX|Bexar|2025-02-13|wild_avian|D1.1,Mississippi,Central
905,523,0.0715242551863589,-103.674594698219,41.6770998882352,-107.746297579002,44.9113339605628,0.590287570254956,0.518763315068597,2025.04628396399,2025.11780821918,SRR32804616|A/black_vulture/TX/25-006661-005/2025|H5N1|USA-TX|Bexar|2025-02-13|wild_avian|D1.1,Central,Central
842,657,0.357639710661234,-117.018729077412,36.9653620606746,-103.287541517483,44.8912276047484,0.593027296282314,0.23538758562108,2024.76290823454,2025.12054794521,SRR32974108|A/Bald_Eagle/MT/25-009371-001-original/2025|H5N1|USA-MT|Unknown|2025-02-14|wild_avian|D1.1,Mississippi,Central
977,336,0.161627913750526,-89.6833067422764,38.1692628584414,-85.6985038753996,34.5178404670655,0.593027296282314,0.431399382531788,2024.95892003145,2025.12054794521,SRR32804591|A/snow_goose/OK/25-006647-001/2025|H5N1|USA-OK|Texas|2025-02-14|wild_avian|D1.1,Central,Central
792,21,0.141160504063889,-89.0627081102186,39.5162268108928,-88.6020104108931,43.1401958836457,0.593027296282314,0.451866792218425,2024.97938744114,2025.12054794521,SRR32868736|A/Peregrine_Falcon/VA/25-007709-003-original/2025|H5N1|USA-VA|Unknown|2025-02-14|wild_avian|D1.1,Atlantic,Atlantic
905,524,0.0742639812137162,-103.674594698219,41.6770998882352,-103.755332278754,45.3606559705887,0.593027296282314,0.518763315068597,2025.04628396399,2025.12054794521,SRR32804590|A/snow_goose/OK/25-006648-001/2025|H5N1|USA-OK|Texas|2025-02-14|wild_avian|D1.1,Central,Central
696,34,0.0652561579636117,-106.207740192652,41.3888773333362,-106.426176603484,41.4226133925895,0.593027296282314,0.527771138318702,2025.05529178724,2025.12054794521,SRR32868800|A/herring_gull/IL/25-007474-006/2025|H5N1|USA-IL|Cook|2025-02-14|wild_avian|D1.1,Mississippi,Mississippi
1152,1153,0.0329484235735463,-96.9968463999481,39.84773126098,-97.5673220157562,42.1181697583402,0.600092060546549,0.567143636973003,2025.0946642859,2025.12761270947,NA,Central,Central
1306,170,0.173781844970193,-74.1068214961697,44.2266434040471,-83.0438444929533,32.6570975848067,0.603986200391743,0.430204355421551,2024.95772500434,2025.13150684931,SRR33125097|A/Snowy_Owl/IA/25-005856-001-original/2025|H5N1|USA-IA|Unknown|2025-02-18|wild_avian|D1.1,Atlantic,Mississippi
719,107,0.146476402920972,-73.345269702656,44.6806987869881,-72.1411306068593,44.1428911847827,0.603986200391743,0.457509797470771,2024.98503044639,2025.13150684931,SRR32804565|A/mallard/MA/25-006665-001/2025|H5N1|USA-MA|Worcester|2025-02-18|wild_avian|D1.1,Atlantic,Atlantic
803,3,0.494141941335459,-111.039277360177,36.5388926635851,-106.185924908304,41.5915208526064,0.612205378474043,0.118063437138583,2024.64558408606,2025.1397260274,SRR32804615|A/cat/ID/25-007150-001-original/2025|H5N1|USA-ID|Unknown|2025-02-21|feline|D1.1,Central,Pacific
965,325,0.26965934213408,-117.760041689329,40.6512991175975,-117.988592178516,40.7866899657647,0.612205378474043,0.342546036339962,2024.87006668526,2025.1397260274,SRR32868875|A/Bald_Eagle/NC/25-007708-003-original/2025|H5N1|USA-NC|Unknown|2025-02-21|wild_avian|D1.1,Atlantic,Atlantic
1327,218,0.405404502654793,-98.9681783076761,36.8131420692246,-113.955299347978,36.9505788947482,0.620424556556115,0.215020053901321,2024.74254070282,2025.14794520548,SRR32804608|A/Skunk/NM/25-006932-001-original/2025|H5N1|USA-NM|Unknown|2025-02-24|other_mammal|D1.1,Mississippi,Central
800,9,0.363475966776859,-106.222136024524,45.5346139964396,-107.755766895857,43.4790365936192,0.620424556556115,0.256948589779256,2024.7844692387,2025.14794520548,SRR32804645|A/Cooper_s_Hawk/MO/25-007115-002-original/2025|H5N1|USA-MO|Unknown|2025-02-24|wild_avian|D1.1,Central,Mississippi
1202,613,0.326135630456135,-107.890016224531,47.6062157082269,-89.8214150651232,37.2132876970426,0.6231642825837,0.297028652127564,2024.82454930105,2025.15068493151,SRR33124756|A/chicken/FL/25-006816-001-original/2025|H5N1|USA-FL|Unknown|2025-02-25|domestic_avian|D1.1,Central,Atlantic
718,109,0.0450204608298502,-74.4982590198754,44.2058198628764,-75.0467943638294,43.3039740643324,0.6231642825837,0.578143821753849,2025.10566447068,2025.15068493151,SRR34784269|A/herring_gull/RI/25-019394-001/2025|H5N1|USA-RI|Kent|2025-02-25|wild_avian|D1.1,Atlantic,Atlantic
747,55,0.245215086862254,-94.5690770996227,33.9554059756725,-96.0730591464629,34.2512676276432,0.625904008611057,0.380688921748803,2024.90820957067,2025.15342465753,SRR32868713|A/red_tailed_hawk/NY/25-007155-001/2025|H5N1|USA-NY|Tioga|2025-02-26|wild_avian|D1.1,Atlantic,Atlantic
1088,513,0.110341171662337,-103.455955805994,43.7732290833684,-108.201200678009,42.7760360780038,0.625904008611057,0.51556283694872,2025.04308348587,2025.15342465753,SRR32868818|A/canada_goose/WY/25-008078-001/2025|H5N1|USA-WY|Platte|2025-02-26|wild_avian|D1.1,Central,Central
1279,213,0.355006190724432,-107.282144681345,38.5399787671708,-107.485476764881,40.1708568238932,0.628643734638414,0.273637543913983,2024.80115819284,2025.15616438356,SRR32804611|A/cat/KS/25-007581-001-original/2025|H5N1|USA-KS|Unknown|2025-02-27|feline|D1.1,Central,Central
966,323,0.248309377112747,-118.358688824296,40.6751993835546,-121.447282707857,40.5320843187632,0.628643734638414,0.380334357525668,2024.90785500645,2025.15616438356,SRR32868711|A/Red-tailed_Hawk/WV/25-007392-001-original/2025|H5N1|USA-WV|Unknown|2025-02-27|wild_avian|D1.1,Atlantic,Atlantic
1164,619,0.240234583652618,-103.786876526588,44.8080408016862,-112.744920109199,38.9849371882488,0.628643734638414,0.388409150985796,2024.91592979991,2025.15616438356,SRR33476791|A/Peregrine_falcon/CA/25-012990-002/2025|H5N1|USA-CA|Solano|2025-02-27|wild_avian|D1.1,Pacific,Pacific
721,105,0.223748293374644,-68.5349813094886,45.0856565253575,-70.9052113072817,42.9404672932508,0.628643734638414,0.40489544126377,2024.93241609019,2025.15616438356,SRR32868891|A/dark_eyed_junco/NJ/25-007152-004/2025|H5N1|USA-NJ|Somerset|2025-02-27|wild_avian|D1.1,Atlantic,Atlantic
1166,620,0.106808435613625,-99.846665833843,35.9923530112283,-100.928764956268,36.5083338173586,0.628643734638414,0.521835299024789,2025.04935594795,2025.15616438356,SRR33476783|A/Sanderling/CA/25-012990-001/2025|H5N1|USA-CA|Alameda|2025-02-27|wild_avian|D1.1,Pacific,Pacific
1285,1286,0.063308942316362,-103.70653833811,31.4829976335336,-101.462385220312,30.1260625893103,0.628659383308916,0.565350440992554,2025.09287108992,2025.15618003223,NA,Mississippi,Mississippi
725,116,0.164407154664348,-71.9424314900992,42.9460301167214,-70.5972729570217,44.4350898698665,0.634123186693129,0.469716032028782,2024.99723668095,2025.16164383562,SRR34710268|A/red_tailed_hawk/MA/25-019390-004/2025|H5N1|USA-MA|Middlesex|2025-03-01|wild_avian|D1.1,Atlantic,Atlantic
693,37,0.14516363704308,-107.034606315736,42.3565530577347,-107.027640180751,42.378302823671,0.634123186693129,0.488959549650049,2025.01648019857,2025.16164383562,SRR32974035|A/Peregrine_Falcon/WI/25-008493-001-original/2025|H5N1|USA-WI|Unknown|2025-03-01|wild_avian|D1.1,Mississippi,Mississippi
1161,609,0.421294935286557,-98.805699149714,44.6014528025141,-90.6826674897995,42.1518963484072,0.639602638748071,0.218307703461515,2024.74582835238,2025.16712328767,SRR33476782|A/Bald_Eagle/WA/25-013105-001-original/2025|H5N1|USA-WA|Unknown|2025-03-03|wild_avian|D1.1,Central,Pacific
1310,167,0.367905573118858,-104.308841629554,44.4180088670577,-103.402156158975,41.368017968102,0.639602638748071,0.271697065629213,2024.79921771455,2025.16712328767,SRR32868886|A/bald_eagle/GA/25-007707-001/2025|H5N1|USA-GA|Walton|2025-03-03|wild_avian|D1.1,Mississippi,Atlantic
1238,259,0.292843259157962,-105.013719593706,39.1823085216027,-103.629409682692,45.7488663456845,0.639602638748071,0.346759379590109,2024.87428002851,2025.16712328767,SRR33029790|A/turkey_vulture/MO/25-007994-001/2025|H5N1|USA-MO|Howell|2025-03-03|wild_avian|D1.1,Central,Mississippi
984,408,0.168535684785033,-101.322394707486,43.3048020516434,-101.192177335989,43.2578852416153,0.639602638748071,0.471066953963038,2024.99858760289,2025.16712328767,SRR32868817|A/Canada_Goose/WY/25-008079-001-original/2025|H5N1|USA-WY|Unknown|2025-03-03|wild_avian|D1.1,Central,Central
1092,397,0.167238212802305,-98.925608059529,38.7034246665831,-91.7763024442789,39.0264815211089,0.639602638748071,0.472364425945766,2024.99988507487,2025.16712328767,SRR32974002|A/Skunk/KS/25-008665-001-original/2025|H5N1|USA-KS|Unknown|2025-03-03|other_mammal|D1.1,Central,Central
695,36,0.136875364151115,-107.077418213923,43.3085125050338,-106.928712922095,43.1869280274985,0.639602638748071,0.502727274596956,2025.03024792352,2025.16712328767,SRR32868795|A/Bald_Eagle/IN/25-007837-001-original/2025|H5N1|USA-IN|Unknown|2025-03-03|wild_avian|D1.1,Mississippi,Mississippi
769,88,0.180396799863245,-96.40293964268,38.3133548173834,-96.4777761841885,38.1644308361089,0.642342364775429,0.461945564912184,2024.98946621384,2025.1698630137,SRR34710265|A/Peregrine_Falcon/RI/25-019394-007-original/2025|H5N1|USA-RI|Unknown|2025-03-04|wild_avian|D1.1,Atlantic,Atlantic
1185,599,0.211218579635087,-91.7550883723272,44.718512594799,-98.2909738941007,41.429770254336,0.645082090802786,0.4338635111677,2024.96138416009,2025.17260273973,SRR32974026|A/Red-tailed_Hawk/OR/25-008819-001-original/2025|H5N1|USA-OR|Unknown|2025-03-05|wild_avian|D1.1,Pacific,Pacific
1314,231,0.278558953874611,-99.4069733698927,36.9576601847994,-95.7049807957652,41.209564377099,0.647821816830144,0.369262862955532,2024.89678351188,2025.17534246575,SRR32868618|A/chicken/IN/25-008062-001-original/2025|H5N1|USA-IN|Unknown|2025-03-06|domestic_avian|D1.1,Mississippi,Mississippi
980,339,0.273501828463101,-96.3568656140367,40.2787490201503,-96.2985338479672,40.4124866308965,0.647821816830144,0.374319988367042,2024.90184063729,2025.17534246575,SRR32868560|A/chicken/NE/25-008023-001-original/2025|H5N1|USA-NE|Unknown|2025-03-06|domestic_avian|D1.1,Central,Central
910,543,0.0830197908910294,-101.118570997341,43.1459773464182,-99.8220006653213,44.2891560781507,0.647821816830144,0.564802025939114,2025.09232267486,2025.17534246575,SRR32974113|A/turkey_vulture/KY/25-009319-001/2025|H5N1|USA-KY|Oldham|2025-03-06|wild_avian|D1.1,Mississippi,Mississippi
1167,622,0.0750946597785183,-99.3139541977839,34.1535168661356,-99.5905384336293,34.1344790075925,0.647821816830144,0.572727157051625,2025.10024780597,2025.17534246575,SRR33029846|A/barn_owl/CA/25-010283-002/2025|H5N1|USA-CA|San_Mateo|2025-03-06|wild_avian|D1.1,Pacific,Pacific
954,301,0.248748604340264,-110.002275895293,44.9907004833425,-110.052463865089,44.3493326899776,0.650561542857501,0.401812938517237,2024.92933358744,2025.17808219178,SRR32974111|A/Brown_Pelican/NC/25-009321-002-original/2025|H5N1|USA-NC|Unknown|2025-03-07|wild_avian|D1.1,Atlantic,Atlantic
792,19,0.198694750639076,-89.0627081102186,39.5162268108928,-80.5997800143767,33.1190871187286,0.650561542857501,0.451866792218425,2024.97938744114,2025.17808219178,SRR34980370|A/American_Crow/ME/25-021406-005-original/2025|H5N1|USA-ME|Unknown|2025-03-07|wild_avian|D1.1,Atlantic,Atlantic
983,407,0.22506181388706,-97.1030024348339,44.068145538072,-99.3685526376516,37.0586743502068,0.653301268885086,0.428239454998025,2024.95576010392,2025.18082191781,SRR32868567|A/Guineafowl/OK/25-008449-003-original/2025|H5N1|USA-OK|Unknown|2025-03-08|domestic_avian|D1.1,Central,Central
784,785,0.142781999775931,-89.1870373816092,39.8453680095273,-92.2366580082753,37.7808406818315,0.655295102699785,0.512513102923853,2025.04003375185,2025.18281575162,NA,Atlantic,Atlantic
897,551,0.39530684118579,-91.352742496258,47.2445427080587,-82.2126546287463,39.2124671651931,0.6587807209398,0.26347387975401,2024.79099452868,2025.18630136986,SRR33682322|A/Owl/OR/25-014765-001-original/2025|H5N1|USA-OR|Unknown|2025-03-10|wild_avian|D1.1,Pacific,Pacific
1294,158,0.272856228594663,-98.2319093365794,41.9610388445957,-98.2108372053432,41.9587857708489,0.6587807209398,0.385924492345138,2024.91344514127,2025.18630136986,SRR32974019|A/bald_eagle/NY/25-009027-001/2025|H5N1|USA-NY|Erie|2025-03-10|wild_avian|D1.1,Atlantic,Atlantic
769,770,0.199132473331587,-96.40293964268,38.3133548173834,-96.1581012151977,38.3174919864895,0.661078038243771,0.461945564912184,2024.98946621384,2025.18859868717,NA,Atlantic,Atlantic
970,575,0.418035748493066,-115.226103793356,39.0920787879466,-119.22809080823,39.0362748192713,0.664260172994515,0.246224424501449,2024.77374507342,2025.19178082192,SRR32973826|A/chicken/IL/25-009367-001-original/2025|H5N1|USA-IL|Unknown|2025-03-12|domestic_avian|D1.1,Mississippi,Mississippi
708,124,0.154558575496067,-74.7618644133291,41.0476745397465,-74.0794822342876,43.093374856204,0.664260172994515,0.509701597498448,2025.03722224642,2025.19178082192,SRR32974073|A/bald_eagle/NJ/25-009512-004/2025|H5N1|USA-NJ|Bergen|2025-03-12|wild_avian|D1.1,Atlantic,Atlantic
1167,621,0.09153301594289,-99.3139541977839,34.1535168661356,-98.5604133186038,34.1140904894927,0.664260172994515,0.572727157051625,2025.10024780597,2025.19178082192,SRR33682329|A/great_blue_heron/CA/25-014655-001/2025|H5N1|USA-CA|Alameda|2025-03-12|wild_avian|D1.1,Pacific,Pacific
1093,396,0.0796511843705173,-89.6439222035261,41.2178806233112,-86.4814876850072,42.1036796501158,0.664260172994515,0.584608988623998,2025.11212963755,2025.19178082192,SRR32868813|A/Canada_Goose/OK/25-009017-002-original/2025|H5N1|USA-OK|Unknown|2025-03-12|wild_avian|D1.1,Mississippi,Central
1325,219,0.292065994769097,-105.163701800112,39.5088085066287,-98.0128032879012,37.5304027980523,0.666999899021873,0.374933904252776,2024.90245455318,2025.19452054795,SRR32974022|A/Peregrine_Falcon/IA/25-009016-001-original/2025|H5N1|USA-IA|Unknown|2025-03-13|wild_avian|D1.1,Mississippi,Mississippi
1087,515,0.236588049326453,-96.7088095923603,45.1372900122201,-104.188588562927,38.3470244809222,0.666999899021873,0.43041184969542,2024.95793249862,2025.19452054795,SRR33508799|A/Skunk/TX/25-010819-006-original/2025|H5N1|USA-TX|Unknown|2025-03-13|other_mammal|D1.1,Central,Central
1266,1267,0.465915402944135,-97.2766214140899,36.7980832550593,-98.0583427257253,36.6641161382246,0.668805990558727,0.202890587614593,2024.73041123654,2025.19632663948,NA,Mississippi,Mississippi
752,77,0.409831428205426,-94.4839340466073,37.0483851842256,-93.0045500862522,36.4933894296606,0.669739625049457,0.259908196844031,2024.78742884577,2025.19726027397,SRR32974049|A/Canada_Goose/VT/25-009472-001-original/2025|H5N1|USA-VT|Unknown|2025-03-14|wild_avian|D1.1,Atlantic,Atlantic
1286,184,0.0438199677678988,-101.462385220312,30.1260625893103,-101.688037404501,30.3831334310868,0.672479351076815,0.628659383308916,2025.15618003223,2025.2,SRR33476771|A/black_vulture/OH/25-012888-001/2025|H5N1|USA-OH|Licking|2025-03-15|wild_avian|D1.1,Mississippi,Mississippi
845,846,0.476519299725801,-117.151125276201,36.6576793188803,-105.176668543018,41.7113606051561,0.674433968635614,0.197914668909813,2024.72543531783,2025.20195461756,NA,Mississippi,Atlantic
893,560,0.322797115903972,-84.0616438122825,34.7764765155392,-87.7480472150661,36.8342717563718,0.67795880313153,0.355161687227557,2024.88268233615,2025.20547945205,SRR32973825|A/chicken/NM/25-009470-001-original/2025|H5N1|USA-NM|Unknown|2025-03-17|domestic_avian|D1.1,Central,Pacific
754,75,0.304846965300674,-89.7826732333216,40.1661151941454,-86.482296425964,40.2621434475519,0.67795880313153,0.373111837830856,2024.90063248675,2025.20547945205,SRR33370215|A/black_vulture/PA/25-011842-001/2025|H5N1|USA-PA|Dauphin|2025-03-17|wild_avian|D1.1,Atlantic,Atlantic
953,955,0.302738894812549,-107.489260144923,44.5077945366815,-107.73409921031,43.833771386173,0.677973315473995,0.375234420661446,2024.90275506958,2025.2054939644,NA,Atlantic,Mississippi
823,678,0.48430706517569,-106.877930323925,43.2126501103498,-117.154340243332,48.2637134613262,0.680698529158887,0.196391463983197,2024.72391211291,2025.20821917808,SRR33508800|A/Skunk/TX/25-010819-005-original/2025|H5N1|USA-TX|Unknown|2025-03-18|other_mammal|D1.1,Central,Central
925,547,0.41002994908219,-104.683563476416,45.0986922653045,-113.252983174819,42.6307093363688,0.680698529158887,0.270668580076697,2024.798189229,2025.20821917808,SRR33508852|A/Turkey/IL/25-009630-001-original/2025|H5N1|USA-IL|Unknown|2025-03-18|domestic_avian|D1.1,Central,Mississippi
853,646,0.405309670776678,-106.734089531489,41.1632174177274,-101.927823400334,40.1650903213886,0.680698529158887,0.275388858382209,2024.80290950731,2025.20821917808,SRR32973819|A/Duck/MT/25-009376-001-original/2025|H5N1|USA-MT|Unknown|2025-03-18|domestic_avian|D1.1,Central,Central
914,541,0.306478024691336,-104.512910109529,42.3125805541395,-96.3451826396868,41.8237043127602,0.680698529158887,0.374220504467551,2024.90174115339,2025.20821917808,SRR33029751|A/chicken/KS/25-009496-002-original/2025|H5N1|USA-KS|Unknown|2025-03-18|domestic_avian|D1.1,Mississippi,Central
725,115,0.210982497130105,-71.9424314900992,42.9460301167214,-71.028520002804,42.9090679421084,0.680698529158887,0.469716032028782,2024.99723668095,2025.20821917808,SRR33029808|A/Mallard/CT/25-010197-001-original/2025|H5N1|USA-CT|Unknown|2025-03-18|wild_avian|D1.1,Atlantic,Atlantic
1285,182,0.115348088166333,-103.70653833811,31.4829976335336,-105.489543840747,31.0596247975088,0.680698529158887,0.565350440992554,2025.09287108992,2025.20821917808,SRR33029849|A/black_vulture/OH/25-009864-005/2025|H5N1|USA-OH|Highland|2025-03-18|wild_avian|D1.1,Mississippi,Mississippi
718,108,0.102554707405038,-74.4982590198754,44.2058198628764,-75.1310683915734,44.7458816506959,0.680698529158887,0.578143821753849,2025.10566447068,2025.20821917808,SRR35089326|A/Fish_Crow/RI/25-021409-001-original/2025|H5N1|USA-RI|Unknown|2025-03-18|wild_avian|D1.1,Atlantic,Atlantic
764,98,0.240937495476808,-97.081564081424,39.6583248672995,-96.9904574261719,39.5729585269945,0.683438255186472,0.442500759709664,2024.97002140863,2025.21095890411,SRR34980328|A/Gull/NH/25-021405-005-original/2025|H5N1|USA-NH|Unknown|2025-03-19|wild_avian|D1.1,Atlantic,Atlantic
1330,208,0.102791064631478,-93.9276463178548,44.5145748002521,-85.1166336651556,36.5407736040652,0.683438255186472,0.580647190554993,2025.10816783948,2025.21095890411,SRR33029853|A/Black_Vulture/AL/25-010338-002-original/2025|H5N1|USA-AL|Unknown|2025-03-19|wild_avian|D1.1,Central,Mississippi
1225,264,0.465399688618739,-115.250048159528,45.4417625988052,-117.099192025278,38.3798773237164,0.686177981213829,0.22077829259509,2024.74829894152,2025.21369863014,SRR33319031|A/Skunk/NV/25-011566-001-original/2025|H5N1|USA-NV|Unknown|2025-03-20|other_mammal|D1.1,Pacific,Pacific
841,658,0.452342692238166,-121.384849529601,37.972215392395,-112.148048738244,35.7329277309108,0.686177981213829,0.233835288975663,2024.7613559379,2025.21369863014,SRR33319026|A/turkey_vulture/MO/25-011519-002/2025|H5N1|USA-MO|Cape_Girardeau|2025-03-20|wild_avian|D1.1,Central,Mississippi
1297,178,0.418245546163007,-105.909302236279,41.0948474776894,-101.992057759947,45.3952103247974,0.686177981213829,0.267932435050823,2024.79545308397,2025.21369863014,SRR33370194|A/Great_Horned_Owl/FL/25-012397-001-original/2025|H5N1|USA-FL|Unknown|2025-03-20|wild_avian|D1.1,Atlantic,Atlantic
1343,138,0.41674829921616,-106.498869258525,34.2979254566919,-90.8018067125828,30.9372275031033,0.686177981213829,0.269429681997669,2024.79695033092,2025.21369863014,SRR33029789|A/Bald_Eagle/FL/25-009986-004-original/2025|H5N1|USA-FL|Unknown|2025-03-20|wild_avian|D1.1,Mississippi,Atlantic
1153,1154,0.0880992068012474,-97.5673220157562,42.1181697583402,-92.4006052973456,44.8857202493859,0.688191267347796,0.600092060546549,2025.12761270947,2025.21571191627,NA,Central,Central
1190,1191,0.137657157167357,-96.9038353910435,48.1460472733059,-96.987164974033,46.3560522131833,0.688671991973075,0.551014834805718,2025.07853548373,2025.2161926409,NA,Pacific,Pacific
1152,402,0.121774070268184,-96.9968463999481,39.84773126098,-96.8101676017675,40.0337244351284,0.688917707241187,0.567143636973003,2025.0946642859,2025.21643835616,SRR33319040|A/Ross_s_Goose/ND/25-011280-001-original/2025|H5N1|USA-ND|Unknown|2025-03-21|wild_avian|D1.1,Central,Central
986,1084,0.171277674934012,-92.5826768829822,39.0120724888514,-100.195534851282,42.5716835370233,0.690336282349831,0.51905860741582,2025.04657925634,2025.21785693127,NA,Pacific,Pacific
1267,1268,0.0222528610487236,-98.0583427257253,36.6641161382246,-98.3515197656313,36.7871197728403,0.691058851607451,0.668805990558727,2025.19632663948,2025.21857950053,NA,Mississippi,Mississippi
1191,1192,0.00416918823071388,-96.987164974033,46.3560522131833,-97.6296651388276,46.4435565222288,0.692841180203789,0.688671991973075,2025.2161926409,2025.22036182913,NA,Pacific,Pacific
846,848,0.0189854148432658,-105.176668543018,41.7113606051561,-105.066635365447,41.6156528631298,0.69341938347888,0.674433968635614,2025.20195461756,2025.2209400324,NA,Atlantic,Atlantic
938,941,0.00841730781915195,-75.7397422434849,39.7731338523804,-75.4083170754005,40.2948305232515,0.696218064154356,0.687800756335204,2025.21532140526,2025.22373871308,NA,Atlantic,Atlantic
941,942,0.000209512135720291,-75.4083170754005,40.2948305232515,-75.3831610884039,40.2617034749475,0.696427576290076,0.696218064154356,2025.22373871308,2025.22394822521,NA,Atlantic,Atlantic
942,943,9.23722040038211e-05,-75.3831610884039,40.2617034749475,-75.2511584678643,40.4222875766444,0.69651994849408,0.696427576290076,2025.22394822521,2025.22404059742,NA,Atlantic,Atlantic
785,788,0.0413068860836882,-92.2366580082753,37.7808406818315,-90.5922605834471,40.9859496577486,0.696601988783473,0.655295102699785,2025.18281575162,2025.22412263771,NA,Atlantic,Mississippi
1324,222,0.337198471415884,-100.14218704345,34.8842839654282,-101.664559603529,32.1697454300305,0.697136885323259,0.359938413907375,2024.88745906283,2025.22465753425,SRR33029828|A/cat/IA/25-010114-001-original/2025|H5N1|USA-IA|Unknown|2025-03-24|feline|D1.1,Mississippi,Mississippi
1150,400,0.235518492376739,-98.581775562455,40.5520938751551,-99.5571023253437,40.0609312178934,0.697136885323259,0.46161839294652,2024.98913904187,2025.22465753425,SRR33508770|A/Duck/NE/25-010532-002-original/2025|H5N1|USA-NE|Unknown|2025-03-24|domestic_avian|D1.1,Central,Central
942,307,0.00070930903318267,-75.3831610884039,40.2617034749475,-75.5072861760212,41.0069495142953,0.697136885323259,0.696427576290076,2025.22394822521,2025.22465753425,SRR33508772|A/black_vulture/MA/25-010531-001/2025|H5N1|USA-MA|Harford|2025-03-24|wild_avian|D1.1,Atlantic,Atlantic
915,916,0.304729358138913,-111.111087527418,43.2218223637495,-104.096601532838,38.5224422152745,0.699506104617684,0.394776746478771,2024.9222973954,2025.22702675354,NA,Mississippi,Mississippi
1191,580,0.0112046193777681,-96.987164974033,46.3560522131833,-97.5757457778691,46.4342410483878,0.699876611350843,0.688671991973075,2025.2161926409,2025.22739726027,SRR33319085|A/cattle/AZ/25-010942-001-original/2025|H5N1|USA-AZ|Unknown|2025-03-25|cattle|D1.1,Pacific,Pacific
980,512,0.328296349011159,-96.3568656140367,40.2787490201503,-95.4812569803365,42.9460008050206,0.702616337378201,0.374319988367042,2024.90184063729,2025.2301369863,SRR33508736|A/Red-tailed_Hawk/CO/25-010882-001-original/2025|H5N1|USA-CO|Unknown|2025-03-26|wild_avian|D1.1,Central,Central
910,544,0.137814311439087,-101.118570997341,43.1459773464182,-97.4618956073058,46.3779408190261,0.702616337378201,0.564802025939114,2025.09232267486,2025.2301369863,SRR33508738|A/Great_Horned_Owl/MI/25-010812-002-original/2025|H5N1|USA-MI|Unknown|2025-03-26|wild_avian|D1.1,Mississippi,Mississippi
943,944,0.00684417065249532,-75.2511584678643,40.4222875766444,-74.8115023251975,40.1729633526966,0.703364119146575,0.69651994849408,2025.22404059742,2025.23088476807,NA,Atlantic,Atlantic
1288,187,0.334369865188597,-99.2405173387518,35.2087484904429,-107.628910906594,36.1985240777057,0.705356063405558,0.370986198216961,2024.89850684714,2025.23287671233,SRR33370162|A/Mallard/MN/25-012246-005-original/2025|H5N1|USA-MN|Unknown|2025-03-27|wild_avian|D1.1,Mississippi,Mississippi
731,65,0.273895623555237,-68.8094988492084,44.9068251327021,-68.6353321634986,45.0103880892661,0.705356063405558,0.431460439850321,2024.95898108877,2025.23287671233,SRR34710257|A/Bald_Eagle/ME/25-019392-005-original/2025|H5N1|USA-ME|Unknown|2025-03-27|wild_avian|D1.1,Atlantic,Atlantic
943,319,0.0088361149114784,-75.2511584678643,40.4222875766444,-75.1498927539629,40.6677139118253,0.705356063405558,0.69651994849408,2025.22404059742,2025.23287671233,SRR33508749|A/black_vulture/PA/25-010745-004/2025|H5N1|USA-PA|Lancaster|2025-03-27|wild_avian|D1.1,Atlantic,Atlantic
1268,1269,0.0170936702640183,-98.3515197656313,36.7871197728403,-97.2621320026618,36.7161040950449,0.708152521871469,0.691058851607451,2025.21857950053,2025.23567317079,NA,Mississippi,Mississippi
815,816,0.364197202252397,-114.583407088777,34.2192435806561,-96.8205644890823,42.787841351184,0.710894372360676,0.346697170108279,2024.87421781903,2025.23841502128,NA,Pacific,Mississippi
1093,1094,0.129085205790755,-89.6439222035261,41.2178806233112,-91.4042084416838,39.725694900266,0.713694194414753,0.584608988623998,2025.11212963755,2025.24121484334,NA,Mississippi,Central
916,917,0.0160461826468271,-104.096601532838,38.5224422152745,-101.784725794435,38.7269845889864,0.715552287264511,0.699506104617684,2025.22702675354,2025.24307293619,NA,Mississippi,Mississippi
1216,282,0.471196446222144,-104.501142023357,42.9706639851458,-96.2891074532868,44.6278029475147,0.716314967515215,0.245118521293072,2024.77263917022,2025.24383561644,SRR33319032|A/Skunk/UT/25-011119-002-original/2025|H5N1|USA-UT|Unknown|2025-03-31|other_mammal|D1.1,Central,Pacific
766,78,0.366782089781028,-96.2119684289212,38.1488271259937,-91.9583667208345,45.4752717032209,0.716314967515215,0.349532877734187,2024.87705352666,2025.24383561644,SRR33370138|A/Red_Fox/VA/25-012694-001-original/2025|H5N1|USA-VA|Unknown|2025-03-31|other_mammal|D1.1,Atlantic,Atlantic
785,786,0.0622032406668994,-92.2366580082753,37.7808406818315,-92.1159303873939,37.7253187321657,0.717498343366684,0.655295102699785,2025.18281575162,2025.24501899229,NA,Atlantic,Atlantic
907,530,0.452121156995593,-111.965054807319,38.0404555945005,-100.289571856533,46.0288328752995,0.719054693542573,0.26693353654698,2024.79445418547,2025.24657534247,SRR33319029|A/Snow_Goose/ND/25-011281-001-original/2025|H5N1|USA-ND|Unknown|2025-04-01|wild_avian|D1.1,Mississippi,Central
1185,603,0.285191182374873,-91.7550883723272,44.718512594799,-92.9048035005027,43.0413929674665,0.719054693542573,0.4338635111677,2024.96138416009,2025.24657534247,SRR33682347|A/Canada_Goose/WA/25-014080-001-original/2025|H5N1|USA-WA|Unknown|2025-04-01|wild_avian|D1.1,Pacific,Pacific
1089,517,0.283344763850921,-95.5953826399371,45.2814907138619,-95.9007906422428,38.9111591205115,0.719054693542573,0.435709929691651,2024.96323057861,2025.24657534247,SRR33319054|A/Great_Horned_Owl/ND/25-011283-001-original/2025|H5N1|USA-ND|Unknown|2025-04-01|wild_avian|D1.1,Central,Central
784,17,0.206541590618719,-89.1870373816092,39.8453680095273,-88.038194260919,37.7062168047836,0.719054693542573,0.512513102923853,2025.04003375185,2025.24657534247,SRR33319022|A/Black_Vulture/VA/25-011541-002-original/2025|H5N1|USA-VA|Unknown|2025-04-01|wild_avian|D1.1,Atlantic,Atlantic
1297,1298,0.4535478359416,-105.909302236279,41.0948474776894,-115.136200857201,36.0952259951007,0.721480270992423,0.267932435050823,2024.79545308397,2025.24900091992,NA,Atlantic,Atlantic
696,35,0.194023281251228,-106.207740192652,41.3888773333362,-107.843472586755,42.9858123529001,0.72179441956993,0.527771138318702,2025.05529178724,2025.24931506849,SRR33370139|A/red_breasted_merganser/MI/25-011271-008/2025|H5N1|USA-MI|Allegan|2025-04-02|wild_avian|D1.1,Mississippi,Mississippi
742,743,0.450164438284123,-94.0656060336311,37.9672110627117,-93.0425725255698,40.8479310844769,0.724694689195889,0.274530250911765,2024.80205089983,2025.25221533812,NA,Atlantic,Atlantic
788,789,0.0383847238468786,-90.5922605834471,40.9859496577486,-87.2745373726289,36.8478944715689,0.734986712630351,0.696601988783473,2025.22412263771,2025.26250736155,NA,Mississippi,Mississippi
1286,183,0.106833666398028,-101.462385220312,30.1260625893103,-101.59520713535,30.2688185783133,0.735493049706944,0.628659383308916,2025.15618003223,2025.26301369863,SRR33370172|A/vulture/OH/25-012105-001/2025|H5N1|USA-OH|Unknown|2025-04-07|wild_avian|D1.1,Mississippi,Mississippi
1267,149,0.0666870591482169,-98.0583427257253,36.6641161382246,-99.9815479815435,36.0956220738766,0.735493049706944,0.668805990558727,2025.19632663948,2025.26301369863,SRR33370169|A/vulture/OH/25-012105-004/2025|H5N1|USA-OH|Unknown|2025-04-07|wild_avian|D1.1,Mississippi,Mississippi
1339,131,0.514662373652585,-105.693871916549,33.9403086737913,-104.745937446355,33.2481556373244,0.738232775734302,0.223570402081717,2024.75109105101,2025.26575342466,SRR33370177|A/Snowy_Owl/WI/25-012050-001-original/2025|H5N1|USA-WI|Unknown|2025-04-08|wild_avian|D1.1,Mississippi,Mississippi
687,43,0.475724075219671,-99.07319713787,26.9898031046138,-98.9252667675149,28.501472223651,0.738232775734302,0.26250870051463,2024.79002934944,2025.26575342466,SRR33370196|A/Great_Horned_Owl/MT/25-012288-002-original/2025|H5N1|USA-MT|Unknown|2025-04-08|wild_avian|D1.1,Central,Central
1288,186,0.36724657751734,-99.2405173387518,35.2087484904429,-96.7404533870705,34.5196246861202,0.738232775734302,0.370986198216961,2024.89850684714,2025.26575342466,SRR33370176|A/Trumpeter_Swan/IA/25-011816-001-original/2025|H5N1|USA-IA|Unknown|2025-04-08|wild_avian|D1.1,Mississippi,Mississippi
770,771,0.0779710762652314,-96.1581012151977,38.3174919864895,-94.3778719522698,38.6347999174236,0.739049114509002,0.661078038243771,2025.18859868717,2025.26656976343,NA,Atlantic,Atlantic
1192,1193,0.0475814591339544,-97.6296651388276,46.4435565222288,-95.8423654398848,48.9427002015397,0.740422639337744,0.692841180203789,2025.22036182913,2025.26794328826,NA,Pacific,Pacific
773,774,0.0274058009671064,-73.4828365410471,44.4354563970132,-72.6111563716925,43.9736368045685,0.743005678453996,0.71559987748689,2025.24312052641,2025.27052632738,NA,Atlantic,Atlantic
1204,564,0.547424624262426,-110.49825474789,44.1607076787575,-101.809095349772,40.0440049747419,0.743712227789016,0.196287603526591,2024.72380825245,2025.27123287671,SRR33476799|A/Cooper_s_Hawk/MO/25-012813-008-original/2025|H5N1|USA-MO|Unknown|2025-04-10|wild_avian|D1.1,Central,Mississippi
1178,595,0.512305623063816,-108.121064855616,37.878777184898,-98.6324843716533,33.3356512173362,0.743712227789016,0.231406604725201,2024.75892725365,2025.27123287671,SRR34710266|A/Red-tailed_Hawk/CO/25-019366-002-original/2025|H5N1|USA-CO|Unknown|2025-04-10|wild_avian|D1.1,Pacific,Central
1314,232,0.374449364833484,-99.4069733698927,36.9576601847994,-100.296216809863,37.7874456393688,0.743712227789016,0.369262862955532,2024.89678351188,2025.27123287671,SRR33476774|A/Turkey_Vulture/MO/25-012813-002-original/2025|H5N1|USA-MO|Unknown|2025-04-10|wild_avian|D1.1,Mississippi,Mississippi
1155,406,0.169160568711521,-94.8127853583613,38.3955360636992,-95.2935977060792,36.5292909612027,0.743712227789016,0.574551659077495,2025.102072308,2025.27123287671,SRR33476801|A/Canada_Goose/SD/25-013305-001-original/2025|H5N1|USA-SD|Unknown|2025-04-10|wild_avian|D1.1,Central,Central
848,654,0.0502928443101365,-105.066635365447,41.6156528631298,-105.071785849272,43.3651141307455,0.743712227789016,0.69341938347888,2025.2209400324,2025.27123287671,SRR33370209|A/Black_Vulture/VA/25-012471-002-original/2025|H5N1|USA-VA|Unknown|2025-04-10|wild_avian|D1.1,Atlantic,Atlantic
1269,150,0.0355597059175472,-97.2621320026618,36.7161040950449,-97.6242614725375,36.2873545536459,0.743712227789016,0.708152521871469,2025.23567317079,2025.27123287671,SRR33476809|A/canada_goose/KY/25-013218-002/2025|H5N1|USA-KY|Mason|2025-04-10|wild_avian|D1.1,Mississippi,Mississippi
1269,148,0.0355597059175472,-97.2621320026618,36.7161040950449,-96.725490339006,36.3033034786196,0.743712227789016,0.708152521871469,2025.23567317079,2025.27123287671,SRR33476805|A/black_vulture/KY/25-013218-001/2025|H5N1|USA-KY|Mason|2025-04-10|wild_avian|D1.1,Mississippi,Mississippi
1325,220,0.371518049563826,-105.163701800112,39.5088085066287,-103.148709332034,36.5527793212811,0.746451953816601,0.374933904252776,2024.90245455318,2025.27397260274,SRR33682307|A/Turkey_Vulture/IN/25-014056-001-original/2025|H5N1|USA-IN|Unknown|2025-04-11|wild_avian|D1.1,Mississippi,Mississippi
786,787,0.0297945716483484,-92.1159303873939,37.7253187321657,-96.1832323821949,35.1823967582485,0.747292915015032,0.717498343366684,2025.24501899229,2025.27481356394,NA,Atlantic,Atlantic
955,956,0.0714200820988212,-107.73409921031,43.833771386173,-106.860244870025,43.2150057743218,0.749393397572816,0.677973315473995,2025.2054939644,2025.2769140465,NA,Mississippi,Atlantic
1156,334,0.555892046936522,-102.984315048819,44.9979976896884,-99.7373644497115,33.7217614051988,0.751931405871316,0.196039358934794,2024.72356000786,2025.27945205479,SRR33682331|A/Cougar/CA/25-014656-002-original/2025|H5N1|USA-CA|Unknown|2025-04-13|feline|D1.1,Pacific,Pacific
721,113,0.357994868717203,-68.5349813094886,45.0856565253575,-71.1735929350884,43.0483250840056,0.762890309980973,0.40489544126377,2024.93241609019,2025.2904109589,SRR34425892|A/red_fox/NJ/25-018509-002/2025|H5N1|USA-NJ|Mercer|2025-04-17|other_mammal|D1.1,Atlantic,Atlantic
783,18,0.32840783501093,-90.0405813394066,38.3216748231631,-92.689246919043,36.1388544516719,0.762890309980973,0.434482474970043,2024.96200312389,2025.2904109589,SRR34425893|A/red_fox/NJ/25-018509-001/2025|H5N1|USA-NJ|Mercer|2025-04-17|other_mammal|D1.1,Atlantic,Atlantic
917,537,0.0500777487438191,-101.784725794435,38.7269845889864,-91.3692390986156,40.5766177844362,0.76563003600833,0.715552287264511,2025.24307293619,2025.29315068493,SRR34270262|A/black_vulture/GA/25-017626-002/2025|H5N1|USA-GA|Monroe|2025-04-18|wild_avian|D1.1,Mississippi,Atlantic
743,57,0.0436750728397992,-93.0425725255698,40.8479310844769,-91.2712946198233,40.0699724944647,0.768369762035688,0.724694689195889,2025.25221533812,2025.29589041096,SRR34710269|A/Snowy_Owl/ME/25-019392-006-original/2025|H5N1|USA-ME|Unknown|2025-04-19|wild_avian|D1.1,Atlantic,Atlantic
956,957,0.0212968381096948,-106.860244870025,43.2150057743218,-103.346169402944,42.342286846449,0.770690235682511,0.749393397572816,2025.2769140465,2025.29821088461,NA,Atlantic,Atlantic
771,79,0.032060373554043,-94.3778719522698,38.6347999174236,-94.4143539133972,37.61365790063,0.771109488063045,0.739049114509002,2025.26656976343,2025.29863013699,SRR35319688|A/Common_Eider/MA/25-021407-030-original/2025|H5N1|USA-MA|Unknown|2025-04-20|wild_avian|D1.1,Atlantic,Atlantic
938,939,0.0840920459040572,-75.7397422434849,39.7731338523804,-75.8195101685122,39.7634593641525,0.771892802239261,0.687800756335204,2025.21532140526,2025.29941345116,NA,Atlantic,Atlantic
848,849,0.0796711960185984,-105.066635365447,41.6156528631298,-105.656216814614,40.8833577443514,0.773090579497478,0.69341938347888,2025.2209400324,2025.30061122842,NA,Atlantic,Atlantic
956,960,0.0241088910621776,-106.860244870025,43.2150057743218,-106.426257818567,45.0000557071046,0.773502288634993,0.749393397572816,2025.2769140465,2025.30102293756,NA,Atlantic,Atlantic
1198,616,0.588681754276467,-105.579308647976,48.1134219934779,-108.458409906833,45.978202514627,0.773849214090403,0.185167459813935,2024.71268810874,2025.30136986301,SRR33476770|A/Turkey_Vulture/WY/25-013045-001-original/2025|H5N1|USA-WY|Unknown|2025-04-21|wild_avian|D1.1,Central,Central
799,25,0.546148843649527,-101.201684774562,44.8944766812899,-109.799435508985,34.1190885233893,0.773849214090403,0.227700370440876,2024.75522101936,2025.30136986301,SRR33565201|A/canada_goose/NY/25-013428-001/2025|H5N1|USA-NY|Niagara|2025-04-21|wild_avian|D1.1,Mississippi,Atlantic
709,125,0.396577510717891,-76.7415949726008,40.943354999741,-75.0978253059643,40.2525897419114,0.773849214090403,0.377271703372512,2024.9047923523,2025.30136986301,SRR33830326|A/red_tailed_hawk/NY/25-013427-001/2025|H5N1|USA-NY|Jefferson|2025-04-21|wild_avian|D1.1,Atlantic,Atlantic
1155,405,0.199297555012907,-94.8127853583613,38.3955360636992,-91.0539471296424,33.7111863677733,0.773849214090403,0.574551659077495,2025.102072308,2025.30136986301,SRR33476668|A/chicken/MN/25-013149-001-original/2025|H5N1|USA-MN|Unknown|2025-04-21|domestic_avian|D1.1,Central,Mississippi
955,292,0.0958758986164079,-107.73409921031,43.833771386173,-105.916730948853,43.9355405748,0.773849214090403,0.677973315473995,2025.2054939644,2025.30136986301,SRR33682355|A/black_vulture/NC/25-013413-001/2025|H5N1|USA-NC|Mecklenburg|2025-04-21|wild_avian|D1.1,Mississippi,Atlantic
939,940,0.005821653455508,-75.8195101685122,39.7634593641525,-76.0432442012343,40.6837651388154,0.777714455694769,0.771892802239261,2025.29941345116,2025.30523510462,NA,Atlantic,Atlantic
1192,581,0.0864874859415554,-97.6296651388276,46.4435565222288,-99.8300502461734,47.364132472029,0.779328666145345,0.692841180203789,2025.22036182913,2025.30684931507,SRR33764593|A/cattle/AZ/25-013772-001-original-repeat2/2025|H5N1|USA-AZ|Unknown|2025-04-23|cattle|D1.1,Pacific,Pacific
787,13,0.0320357511303122,-96.1832323821949,35.1823967582485,-94.76676586084,34.7657627117488,0.779328666145345,0.747292915015032,2025.27481356394,2025.30684931507,SRR33764586|A/Great_Horned_Owl/CT/25-013382-001-original-repeat2/2025|H5N1|USA-CT|Unknown|2025-04-23|wild_avian|D1.1,Atlantic,Atlantic
690,41,0.50668066370112,-103.720441484252,39.2185842629715,-102.698733974689,38.7464648427673,0.782068392172702,0.275387728471582,2024.80290837739,2025.3095890411,SRR33764590|A/bald_eagle/MI/25-013929-001/2025|H5N1|USA-MI|Manistee|2025-04-24|wild_avian|D1.1,Mississippi,Mississippi
1094,1095,0.0688420075023322,-91.4042084416838,39.725694900266,-92.4146895632747,39.6899846860561,0.782536201917085,0.713694194414753,2025.24121484334,2025.31005685084,NA,Central,Central
774,776,0.0395512853052887,-72.6111563716925,43.9736368045685,-75.3620680740049,44.2375197104171,0.782556963759285,0.743005678453996,2025.27052632738,2025.31007761268,NA,Atlantic,Atlantic
776,777,0.00211342571012674,-75.3620680740049,44.2375197104171,-75.8564437314184,43.3277731859434,0.784670389469412,0.782556963759285,2025.31007761268,2025.31219103839,NA,Atlantic,Atlantic
796,28,0.411327458148194,-121.913561431942,40.811514914855,-121.945091288234,40.326226406801,0.784808118200059,0.373480660051865,2024.90100130898,2025.31232876712,SRR33682328|A/Great_Horned_Owl/ID/25-014531-001-original/2025|H5N1|USA-ID|Unknown|2025-04-25|wild_avian|D1.1,Pacific,Pacific
828,627,0.376823564698234,-121.902958739186,44.2145287905869,-118.634896802041,39.033170408716,0.784808118200059,0.407984553501825,2024.93550520243,2025.31232876712,SRR33682316|A/Red-tailed_Hawk/ID/25-014530-001-original/2025|H5N1|USA-ID|Unknown|2025-04-25|wild_avian|D1.1,Pacific,Pacific
986,987,0.273316245125969,-92.5826768829822,39.0120724888514,-92.7611607405842,37.2177307857473,0.792374852541789,0.51905860741582,2025.04657925634,2025.31989550146,NA,Pacific,Central
939,304,0.0211344940430981,-75.8195101685122,39.7634593641525,-75.5931415171092,39.3147409577069,0.793027296282359,0.771892802239261,2025.29941345116,2025.32054794521,SRR33830330|A/black_vulture/PA/25-015563-001/2025|H5N1|USA-PA|Chester|2025-04-28|wild_avian|D1.1,Atlantic,Atlantic
917,918,0.0784244024299627,-101.784725794435,38.7269845889864,-99.9611096761287,29.2680560780214,0.793976689694474,0.715552287264511,2025.24307293619,2025.32149733862,NA,Mississippi,Atlantic
1193,1194,0.0553345373425677,-95.8423654398848,48.9427002015397,-97.5298364358833,47.3254239709729,0.795757176680311,0.740422639337744,2025.26794328826,2025.3232778256,NA,Pacific,Pacific
1195,585,0.522446397475853,-101.065076792736,40.3239960053455,-98.870395639985,36.8014855737536,0.798506748337074,0.276060350861221,2024.80358099978,2025.32602739726,SRR33682297|A/Turkey_Vulture/UT/25-014690-001-original/2025|H5N1|USA-UT|Unknown|2025-04-30|wild_avian|D1.1,Central,Pacific
788,14,0.101904759553601,-90.5922605834471,40.9859496577486,-87.9064391750701,42.2566117598478,0.798506748337074,0.696601988783473,2025.22412263771,2025.32602739726,SRR33564631|A/chicken/IN/25-014151-001-original/2025|H5N1|USA-IN|Unknown|2025-04-30|domestic_avian|D1.1,Mississippi,Mississippi
789,16,0.0635200357067224,-87.2745373726289,36.8478944715689,-86.0242372947865,36.3164269306486,0.798506748337074,0.734986712630351,2025.26250736155,2025.32602739726,SRR33564627|A/Guineafowl/IL/25-014146-002-original/2025|H5N1|USA-IL|Unknown|2025-04-30|domestic_avian|D1.1,Mississippi,Mississippi
1154,404,0.113055207016635,-92.4006052973456,44.8857202493859,-92.129866176645,44.9495430421887,0.801246474364431,0.688191267347796,2025.21571191627,2025.32876712329,SRR33682396|A/goose/ND/25-014293-001-original-repeat/2025|H5N1|USA-ND|Unknown|2025-05-01|domestic_avian|D1.1,Central,Central
1084,412,0.113649918041957,-100.195534851282,42.5716835370233,-99.4716278269834,42.3138662287751,0.803986200391789,0.690336282349831,2025.21785693127,2025.33150684932,SRR33830328|A/Great_Horned_Owl/MT/25-015870-001-original/2025|H5N1|USA-MT|Unknown|2025-05-02|wild_avian|D1.1,Pacific,Pacific
767,90,0.432317702308883,-96.9964576428516,38.4425417479899,-96.8801162898626,38.4934682956788,0.812205378474088,0.379887676165205,2024.90740832509,2025.3397260274,SRR33764587|A/Fox/MA/25-015209-001-original/2025|H5N1|USA-MA|Unknown|2025-05-05|other_mammal|D1.1,Atlantic,Atlantic
984,409,0.343878150538407,-101.322394707486,43.3048020516434,-101.116816410541,44.9899926095083,0.814945104501446,0.471066953963038,2024.99858760289,2025.34246575342,SRR33764588|A/cat/SD/25-015467-001-original/2025|H5N1|USA-SD|Unknown|2025-05-06|feline|D1.1,Central,Central
809,266,0.431937287421756,-107.762972655822,32.8286549310332,-97.1336599845613,35.2399894973748,0.817684830528803,0.385747543107047,2024.91326819203,2025.34520547945,SRR33764581|A/Turkey_Vulture/IA/25-014877-002-original/2025|H5N1|USA-IA|Unknown|2025-05-07|wild_avian|D1.1,Central,Mississippi
1349,235,0.401547981192024,-107.072817753599,34.8810087113846,-108.483270493112,34.6933262802701,0.817684830528803,0.416136849336779,2024.94365749826,2025.34520547945,SRR33764582|A/Turkey_Vulture/IA/25-014877-001-original/2025|H5N1|USA-IA|Unknown|2025-05-07|wild_avian|D1.1,Mississippi,Mississippi
787,12,0.0758713675684852,-96.1832323821949,35.1823967582485,-95.1401969527548,35.7357876354337,0.823164282583518,0.747292915015032,2025.27481356394,2025.35068493151,SRR33682397|A/Duck/NJ/25-015044-006-original/2025|H5N1|USA-NJ|Unknown|2025-05-09|domestic_avian|D1.1,Atlantic,Atlantic
916,533,0.126397903993418,-104.096601532838,38.5224422152745,-95.2824837492218,41.7078854571256,0.825904008611102,0.699506104617684,2025.22702675354,2025.35342465753,SRR33943918|A/Muscovy_Duck/GA/25-016493-001-original/2025|H5N1|USA-GA|Unknown|2025-05-10|wild_avian|D1.1,Mississippi,Atlantic
940,306,0.0618881830531205,-76.0432442012343,40.6837651388154,-76.3200561417788,41.2656131182029,0.839602638747889,0.777714455694769,2025.30523510462,2025.36712328767,SRR33993064|A/Black_Vulture/PA/25-017251-001-original/2025|H5N1|USA-PA|Unknown|2025-05-15|wild_avian|D1.1,Atlantic,Atlantic
1246,1248,0.57378358951622,-96.1024813965114,32.2196439900774,-105.826841557578,35.4592067724815,0.842804596002958,0.269021006486738,2024.79654165541,2025.37032524493,NA,Mississippi,Atlantic
957,293,0.082611033202393,-103.346169402944,42.342286846449,-101.422073835941,39.7404200880238,0.853301268884904,0.770690235682511,2025.29821088461,2025.38082191781,SRR33943914|A/black_vulture/SC/25-016638-004/2025|H5N1|USA-SC|Chester|2025-05-20|wild_avian|D1.1,Atlantic,Atlantic
960,299,0.0797989802499103,-106.426257818567,45.0000557071046,-105.812238649989,43.9183813607813,0.853301268884904,0.773502288634993,2025.30102293756,2025.38082191781,SRR33943915|A/black_vulture/SC/25-016638-003/2025|H5N1|USA-SC|Chester|2025-05-20|wild_avian|D1.1,Atlantic,Atlantic
1193,582,0.118358081602102,-95.8423654398848,48.9427002015397,-93.9698923360416,47.5853896716465,0.858780720939846,0.740422639337744,2025.26794328826,2025.38630136986,SRR33830342|A/chicken/AZ/25-016339-007-original/2025|H5N1|USA-AZ|Unknown|2025-05-22|domestic_avian|D1.1,Pacific,Pacific
849,651,0.0884298674697249,-105.656216814614,40.8833577443514,-104.867920483815,40.1931130106753,0.861520446967203,0.773090579497478,2025.30061122842,2025.38904109589,SRR34710267|A/Black_Vulture/VA/25-019364-001-original/2025|H5N1|USA-VA|Unknown|2025-05-23|wild_avian|D1.1,Atlantic,Atlantic
1303,169,0.517380465945227,-74.6379592286801,39.3144367445772,-78.6467220881509,38.3885079768709,0.87247935107686,0.355098885131633,2024.88261953405,2025.4,SRR33993059|A/Turkey_Vulture/NY/25-016857-001-original/2025|H5N1|USA-NY|Unknown|2025-05-27|wild_avian|D1.1,Atlantic,Atlantic
987,995,0.0835909185759797,-92.7611607405842,37.2177307857473,-93.8756622060408,42.3506272600606,0.875965771117768,0.792374852541789,2025.31989550146,2025.40348642004,NA,Central,Central
1158,518,0.618146338659056,-102.998258002077,44.0166569631224,-95.8114740564123,36.0296258951316,0.877958803131575,0.259812464472519,2024.7873331134,2025.40547945205,SRR33993061|A/Red_Fox/CO/25-017245-001-original/2025|H5N1|USA-CO|Unknown|2025-05-29|other_mammal|D1.1,Pacific,Central
692,33,0.497547522500629,-105.930092177125,39.7785504445372,-104.428309772903,41.127084961242,0.877958803131575,0.380411280630946,2024.90793192955,2025.40547945205,SRR33993066|A/bald_eagle/MI/25-017061-001/2025|H5N1|USA-MI|Osceola|2025-05-29|wild_avian|D1.1,Mississippi,Mississippi
1298,176,0.156478532139152,-115.136200857201,36.0952259951007,-109.235008018747,41.5708435766512,0.877958803131575,0.721480270992423,2025.24900091992,2025.40547945205,SRR33993065|A/bald_eagle/MI/25-017061-002/2025|H5N1|USA-MI|Mason|2025-05-29|wild_avian|D1.1,Atlantic,Mississippi
776,85,0.106360743481947,-75.3620680740049,44.2375197104171,-74.2372045744585,43.4759768978908,0.888917707241232,0.782556963759285,2025.31007761268,2025.41643835616,SRR34710258|A/Common_Eider/MA/25-019390-025-original/2025|H5N1|USA-MA|Unknown|2025-06-02|wild_avian|D1.1,Atlantic,Atlantic
944,308,0.188293314122014,-74.8115023251975,40.1729633526966,-75.0432887845614,40.0952906537214,0.891657433268589,0.703364119146575,2025.23088476807,2025.41917808219,SRR34270259|A/black_vulture/PA/25-017748-001/2025|H5N1|USA-PA|Lehigh|2025-06-03|wild_avian|D1.1,Atlantic,Atlantic
940,305,0.11394297757382,-76.0432442012343,40.6837651388154,-75.8899388894909,40.6120592001832,0.891657433268589,0.777714455694769,2025.30523510462,2025.41917808219,SRR34270258|A/black_vulture/PA/25-017748-002/2025|H5N1|USA-PA|Lehigh|2025-06-03|wild_avian|D1.1,Atlantic,Atlantic
1298,177,0.175656614330881,-115.136200857201,36.0952259951007,-106.42138509419,38.3368111313743,0.897136885323304,0.721480270992423,2025.24900091992,2025.42465753425,SRR34425901|A/caspian_tern/WI/25-018001-001/2025|H5N1|USA-WI|Door|2025-06-05|wild_avian|D1.1,Atlantic,Mississippi
1194,583,0.101379708642993,-97.5298364358833,47.3254239709729,-101.739754117106,48.492706273253,0.897136885323304,0.795757176680311,2025.3232778256,2025.42465753425,SRR34270136|A/chicken/AZ/25-017630-002-original/2025|H5N1|USA-AZ|Unknown|2025-06-05|domestic_avian|D1.1,Pacific,Pacific
921,532,0.498849855329756,-111.189468012993,43.4448928184632,-106.661825606266,42.0983412798631,0.899876611350662,0.401026756020905,2024.92854740494,2025.42739726027,SRR34270261|A/turkey_vulture/NC/25-017667-001/2025|H5N1|USA-NC|Durham|2025-06-06|wild_avian|D1.1,Mississippi,Atlantic
995,998,0.0264205274136688,-93.8756622060408,42.3506272600606,-93.9907288891195,42.5197951747924,0.902386298531437,0.875965771117768,2025.40348642004,2025.42990694745,NA,Central,Central
960,961,0.136562827963263,-106.426257818567,45.0000557071046,-107.060498602659,45.0845556381494,0.910065116598257,0.773502288634993,2025.30102293756,2025.43758576552,NA,Atlantic,Atlantic
789,15,0.178588528857324,-87.2745373726289,36.8478944715689,-87.2435503074706,36.9425548896271,0.913575241487676,0.734986712630351,2025.26250736155,2025.44109589041,SRR34425894|A/Peregrine_falcon/IL/25-018249-001/2025|H5N1|USA-IL|DuPage|2025-06-11|wild_avian|D1.1,Mississippi,Mississippi
995,996,0.0446873222872541,-93.8756622060408,42.3506272600606,-108.264345189865,32.2313628007317,0.920653093405022,0.875965771117768,2025.40348642004,2025.44817374233,NA,Central,Mississippi
774,775,0.190723139973684,-72.6111563716925,43.9736368045685,-75.786077213349,43.7829770959468,0.933728818427681,0.743005678453996,2025.27052632738,2025.46124946735,NA,Atlantic,Atlantic
1252,203,0.0652741728758673,-76.7519459013823,43.0590548230046,-78.2631790248992,41.7552157779812,0.946451953816419,0.881177780940552,2025.40869842986,2025.47397260274,SRR34542593|A/Caspian_Tern/NY/25-019019-002-original/2025|H5N1|USA-NY|Unknown|2025-06-23|wild_avian|D1.1,Atlantic,Atlantic
786,11,0.234433062504677,-92.1159303873939,37.7253187321657,-89.0315154923357,40.319134770476,0.951931405871361,0.717498343366684,2025.24501899229,2025.47945205479,SRR34542590|A/Domestic_Cat/NJ/25-019482-001-original/2025|H5N1|USA-NJ|Unknown|2025-06-25|feline|D1.1,Atlantic,Atlantic
998,1003,0.0509503075486433,-93.9907288891195,42.5197951747924,-94.4768943035811,42.1482420914107,0.95333660608008,0.902386298531437,2025.42990694745,2025.480857255,NA,Central,Central
775,82,0.0209423134710383,-75.786077213349,43.7829770959468,-76.2127491113643,44.1046158017032,0.954671131898719,0.933728818427681,2025.46124946735,2025.48219178082,SRR34980327|A/Herring_Gull/NH/25-021405-002-original/2025|H5N1|USA-NH|Unknown|2025-06-26|wild_avian|D1.1,Atlantic,Atlantic
775,81,0.0291614915531104,-75.786077213349,43.7829770959468,-75.0138270507874,43.6087422929137,0.962890309980791,0.933728818427681,2025.46124946735,2025.4904109589,SRR34980362|A/Common_Eider/ME/25-021406-018-original/2025|H5N1|USA-ME|Unknown|2025-06-29|wild_avian|D1.1,Atlantic,Atlantic
957,958,0.192347632592564,-103.346169402944,42.342286846449,-102.353149951456,41.9250785518849,0.963037868275074,0.770690235682511,2025.29821088461,2025.4905585172,NA,Atlantic,Atlantic
1095,1096,0.181410070416386,-92.4146895632747,39.6899846860561,-93.0202092407137,39.2073944576509,0.963946272333471,0.782536201917085,2025.31005685084,2025.49146692126,NA,Central,Mississippi
941,309,0.272151697881377,-75.4083170754005,40.2948305232515,-76.7122595772797,39.549839851109,0.968369762035733,0.696218064154356,2025.22373871308,2025.49589041096,SRR34542496|A/Mallard_Duck/PA/25-019408-006-original/2025|H5N1|USA-PA|Unknown|2025-07-01|wild_avian|D1.1,Atlantic,Atlantic
1003,1004,0.0158473606992713,-94.4768943035811,42.1482420914107,-91.6543124566002,39.2408291819798,0.969183966779352,0.95333660608008,2025.480857255,2025.4967046157,NA,Central,Central
1252,1253,0.0910193418825244,-76.7519459013823,43.0590548230046,-72.9616467540245,41.6886828920397,0.972197122823076,0.881177780940552,2025.40869842986,2025.49971777175,NA,Atlantic,Atlantic
1253,1254,0.00130065931465162,-72.9616467540245,41.6886828920397,-72.9347138502865,41.8972015158709,0.973497782137728,0.972197122823076,2025.49971777175,2025.50101843106,NA,Atlantic,Atlantic
1096,1097,0.00961577116861534,-93.0202092407137,39.2073944576509,-92.9128750028059,39.1160921051982,0.973562043502086,0.963946272333471,2025.49146692126,2025.50108269243,NA,Mississippi,Mississippi
1268,1270,0.282637559940111,-98.3515197656313,36.7871197728403,-94.9835259652551,44.0225314174186,0.973696411547562,0.691058851607451,2025.21857950053,2025.50121706047,NA,Mississippi,Atlantic
777,83,0.189178824621036,-75.8564437314184,43.3277731859434,-76.0557399004956,43.3940986918843,0.973849214090448,0.784670389469412,2025.31219103839,2025.50136986301,SRR34980293|A/Common_Eider/ME/25-021406-010-original/2025|H5N1|USA-ME|Unknown|2025-07-03|wild_avian|D1.1,Atlantic,Atlantic
987,988,0.1828484177522,-92.7611607405842,37.2177307857473,-78.2124490120738,42.2219667405058,0.975223270293989,0.792374852541789,2025.31989550146,2025.50274391922,NA,Central,Pacific
996,997,0.0555362189511746,-108.264345189865,32.2313628007317,-109.199988744511,32.4073681309817,0.976189312356197,0.920653093405022,2025.44817374233,2025.50370996128,NA,Mississippi,Mississippi
1003,1045,0.0229304719112293,-94.4768943035811,42.1482420914107,-91.2180739896103,39.916378535452,0.97626707799131,0.95333660608008,2025.480857255,2025.50378772691,NA,Central,Central
777,84,0.191918550648394,-75.8564437314184,43.3277731859434,-75.2732393260067,44.2960032912162,0.976588940117805,0.784670389469412,2025.31219103839,2025.50410958904,SRR35089324|A/Great_black-backed_gull/MA/25-021407-023-original/2025|H5N1|USA-MA|Unknown|2025-07-04|wild_avian|D1.1,Atlantic,Atlantic
1045,1046,0.00127287256929609,-91.2180739896103,39.916378535452,-91.3255666659247,39.8771471870947,0.977539950560606,0.97626707799131,2025.50378772691,2025.50506059948,NA,Central,Central
1045,1072,0.00181842502667662,-91.2180739896103,39.916378535452,-89.1984726962531,40.8183290571831,0.978085503017986,0.97626707799131,2025.50378772691,2025.50560615194,NA,Central,Central
1072,1079,0.000900829578885043,-89.1984726962531,40.8183290571831,-89.3003633869994,40.8556526016826,0.978986332596871,0.978085503017986,2025.50560615194,2025.50650698152,NA,Central,Central
1270,1271,0.00569489739657225,-94.9835259652551,44.0225314174186,-95.4594271241407,44.8092934269726,0.979391308944134,0.973696411547562,2025.50121706047,2025.50691195787,NA,Atlantic,Atlantic
1096,1124,0.0166419681543822,-93.0202092407137,39.2073944576509,-95.1730139048521,38.6976831110362,0.980588240487853,0.963946272333471,2025.49146692126,2025.50810888941,NA,Mississippi,Central
988,989,0.00572943278884663,-78.2124490120738,42.2219667405058,-77.873950122719,41.4771874974932,0.980952703082835,0.975223270293989,2025.50274391922,2025.50847335201,NA,Pacific,Pacific
1097,1098,0.00749808177100186,-92.9128750028059,39.1160921051982,-92.2932991956314,40.0494209426994,0.981060125273088,0.973562043502086,2025.50108269243,2025.5085807742,NA,Mississippi,Mississippi
1098,1099,0.0010692825487979,-92.2932991956314,40.0494209426994,-92.3847871611125,39.8984864335702,0.982129407821886,0.981060125273088,2025.5085807742,2025.50965005675,NA,Mississippi,Mississippi
1098,1112,0.00187226171489341,-92.2932991956314,40.0494209426994,-91.5642162528329,41.1458353341275,0.982932386987981,0.981060125273088,2025.5085807742,2025.51045303591,NA,Mississippi,Mississippi
1254,1256,0.00984168523381301,-72.9347138502865,41.8972015158709,-73.3434211010555,41.9566748967651,0.983339467371541,0.973497782137728,2025.50101843106,2025.51086011629,NA,Atlantic,Atlantic
1112,1113,0.000610739396259552,-91.5642162528329,41.1458353341275,-91.4419364496509,41.1422940826363,0.983543126384241,0.982932386987981,2025.51045303591,2025.51106377531,NA,Mississippi,Mississippi
1046,1061,0.0064169454572871,-91.3255666659247,39.8771471870947,-91.5543624402035,39.9526042719954,0.983956896017893,0.977539950560606,2025.50506059948,2025.51147754494,NA,Central,Central
1124,1125,0.00508946349213724,-95.1730139048521,38.6976831110362,-95.1322556195947,38.5006697193962,0.98567770397999,0.980588240487853,2025.50810888941,2025.5131983529,NA,Central,Central
989,990,0.00522669508303553,-77.873950122719,41.4771874974932,-81.2157035529309,41.2536663452976,0.986179398165871,0.980952703082835,2025.50847335201,2025.51370004709,NA,Pacific,Pacific
1004,1005,0.0178320324970245,-91.6543124566002,39.2408291819798,-91.8317794019404,40.0512725589632,0.987015999276376,0.969183966779352,2025.4967046157,2025.5145366482,NA,Central,Central
1005,1006,0.000791770726608632,-91.8317794019404,40.0512725589632,-93.0710122915458,39.5095857185848,0.987807770002985,0.987015999276376,2025.5145366482,2025.51532841893,NA,Central,Central
1125,1141,0.00303932972094412,-95.1322556195947,38.5006697193962,-95.8988617459929,39.0317647881991,0.988717033700934,0.98567770397999,2025.5131983529,2025.51623768262,NA,Central,Central
1125,1126,0.00340120002904887,-95.1322556195947,38.5006697193962,-94.8183020357888,37.1796557394412,0.989078904009039,0.98567770397999,2025.5131983529,2025.51659955293,NA,Central,Central
1072,1073,0.0111913379473891,-89.1984726962531,40.8183290571831,-88.1163402387796,40.8551673221807,0.989276840965375,0.978085503017986,2025.50560615194,2025.51679748989,NA,Central,Central
1141,1144,0.000560561070538146,-95.8988617459929,39.0317647881991,-95.7209839664598,39.095218140814,0.989277594771472,0.988717033700934,2025.51623768262,2025.51679824369,NA,Central,Central
1144,1146,0.000385355722035574,-95.7209839664598,39.095218140814,-95.7690717907533,38.9695082698556,0.989662950493508,0.989277594771472,2025.51679824369,2025.51718359942,NA,Central,Central
1112,1122,0.00687788564968805,-91.5642162528329,41.1458353341275,-92.0739385196624,40.4962896228271,0.989810272637669,0.982932386987981,2025.51045303591,2025.51733092156,NA,Mississippi,Mississippi
773,86,0.27468769276793,-73.4828365410471,44.4354563970132,-71.5187771333425,43.0799598259074,0.99028757025482,0.71559987748689,2025.24312052641,2025.51780821918,SRR34980314|A/Common_Eider/NH/25-021405-003-original/2025|H5N1|USA-NH|Unknown|2025-07-09|wild_avian|D1.1,Atlantic,Atlantic
997,423,0.0140982578986228,-109.199988744511,32.4073681309817,-108.414303451119,32.8096166582071,0.99028757025482,0.976189312356197,2025.50370996128,2025.51780821918,SRR36209098|A/Blue-winged_Teal/OH/25G02925-001-original/2025|H5N1|USA-OH|Unknown|2025-07-09|wild_avian|D1.1,Mississippi,Mississippi
958,959,0.0280029360288245,-102.353149951456,41.9250785518849,-104.378931134838,40.9984838113655,0.991040804303899,0.963037868275074,2025.4905585172,2025.51856145323,NA,Atlantic,Atlantic
1122,1123,0.00139944807524994,-92.0739385196624,40.4962896228271,-93.7765063762635,40.326673447556,0.991209720712919,0.989810272637669,2025.51733092156,2025.51873036964,NA,Mississippi,Central
1126,1127,0.00236629960514034,-94.8183020357888,37.1796557394412,-95.1608016110047,40.4549287802221,0.991445203614179,0.989078904009039,2025.51659955293,2025.51896585254,NA,Central,Mississippi
1329,215,0.687478897459518,-95.1194560106739,32.2639383601907,-115.849319840946,37.7746740758568,0.993027296282177,0.305548398822659,2024.83306904775,2025.52054794521,SRR35151399|A/snow_goose/ND/25-020340-001/2025|H5N1|USA-ND|Ward|2025-07-10|wild_avian|D1.1,Atlantic,Central
1141,1142,0.00465491599921031,-95.8988617459929,39.0317647881991,-95.0146847459106,38.9268069249344,0.993371949700145,0.988717033700934,2025.51623768262,2025.52089259862,NA,Central,Mississippi
1113,1114,0.0108534193910255,-91.4419364496509,41.1422940826363,-90.4777043128854,42.5970206381442,0.994396545775266,0.983543126384241,2025.51106377531,2025.5219171947,NA,Mississippi,Central
1005,1019,0.00828979609869163,-91.8317794019404,40.0512725589632,-97.5109069088332,39.8806806945902,0.995305795375068,0.987015999276376,2025.5145366482,2025.5228264443,NA,Central,Central
1046,1047,0.019115029024831,-91.3255666659247,39.8771471870947,-91.09682454152,40.1228929493766,0.996654979585437,0.977539950560606,2025.50506059948,2025.52417562851,NA,Central,Central
771,80,0.259457633828117,-94.3778719522698,38.6347999174236,-94.0068219010831,39.5436739857477,0.998506748337119,0.739049114509002,2025.26656976343,2025.52602739726,SRR34980303|A/Common_Eider/NH/25-021405-004-original/2025|H5N1|USA-NH|Unknown|2025-07-12|wild_avian|D1.1,Atlantic,Atlantic
1047,1048,0.00345627803582627,-91.09682454152,40.1228929493766,-91.3500868276245,41.2413674142249,1.00011125762126,0.996654979585437,2025.52417562851,2025.52763190654,NA,Central,Central
1019,1021,0.00520710571066152,-97.5109069088332,39.8806806945902,-97.2055178738572,40.3809532708771,1.00051290108573,0.995305795375068,2025.5228264443,2025.52803355001,NA,Central,Central
990,991,0.0148690342882511,-81.2157035529309,41.2536663452976,-81.7987727273816,41.061843157376,1.00104843245412,0.986179398165871,2025.51370004709,2025.52856908138,NA,Pacific,Pacific
743,56,0.276551785168588,-93.0425725255698,40.8479310844769,-92.3098877589481,41.1858381296899,1.00124647436448,0.724694689195889,2025.25221533812,2025.52876712329,SRR35089323|A/Great_black-backed_gull/MA/25-021407-024-original/2025|H5N1|USA-MA|Unknown|2025-07-13|wild_avian|D1.1,Atlantic,Atlantic
1113,1117,0.0182268108213679,-91.4419364496509,41.1422940826363,-93.0455387853474,41.7720019771175,1.00176993720561,0.983543126384241,2025.51106377531,2025.52929058613,NA,Mississippi,Mississippi
1048,1049,0.00224392857487921,-91.3500868276245,41.2413674142249,-90.8099407264845,40.481465987381,1.00235518619614,1.00011125762126,2025.52763190654,2025.52987583512,NA,Central,Central
1061,1062,0.0191390248416003,-91.5543624402035,39.9526042719954,-92.8586363809336,40.1806394544211,1.00309592085949,0.983956896017893,2025.51147754494,2025.53061656978,NA,Central,Central
1062,1066,4.2548909649609e-05,-92.8586363809336,40.1806394544211,-93.096346919542,40.4786513503222,1.00313846976914,1.00309592085949,2025.53061656978,2025.53065911869,NA,Central,Central
1048,1058,0.00549220507263071,-91.3500868276245,41.2413674142249,-90.2636494173079,40.6265459671365,1.00560346269389,1.00011125762126,2025.52763190654,2025.53312411162,NA,Central,Central
1127,1128,0.0156596284759865,-95.1608016110047,40.4549287802221,-95.1067577713416,40.7351449133437,1.00710483209017,0.991445203614179,2025.51896585254,2025.53462548101,NA,Mississippi,Mississippi
1021,1023,0.00701203995320721,-97.2055178738572,40.3809532708771,-96.872689585833,39.6901717099746,1.00752494103894,1.00051290108573,2025.52803355001,2025.53504558996,NA,Central,Pacific
1023,1025,0.00092003946236674,-96.872689585833,39.6901717099746,-96.9249720217648,39.8588086525336,1.0084449805013,1.00752494103894,2025.53504558996,2025.53596562942,NA,Pacific,Pacific
1025,1026,0.00124920017869012,-96.9249720217648,39.8588086525336,-96.5847100757546,39.6221424926849,1.00969418067999,1.0084449805013,2025.53596562942,2025.5372148296,NA,Pacific,Pacific
1073,1074,0.0227485437754862,-88.1163402387796,40.8551673221807,-87.5081086162654,39.5824715659097,1.01202538474086,0.989276840965375,2025.51679748989,2025.53954603366,NA,Central,Central
1079,1080,0.034198783455871,-89.3003633869994,40.8556526016826,-88.659277224757,41.8320625305223,1.01318511605274,0.978986332596871,2025.50650698152,2025.54070576498,NA,Central,Central
1026,1027,0.00545114159297233,-96.5847100757546,39.6221424926849,-96.5725423550311,39.5959313893596,1.01514532227297,1.00969418067999,2025.5372148296,2025.5426659712,NA,Pacific,Pacific
1253,1261,0.0461218804154038,-72.9616467540245,41.6886828920397,-71.4724038381863,44.1636985414297,1.01831900323848,0.972197122823076,2025.49971777175,2025.54583965216,NA,Atlantic,Atlantic
1049,1050,0.0179223666116939,-90.8099407264845,40.481465987381,-91.1166736565091,40.3422499366582,1.02027755280784,1.00235518619614,2025.52987583512,2025.54779820173,NA,Central,Central
1117,1118,0.0196502221661361,-93.0455387853474,41.7720019771175,-92.4197041194157,42.5934157085947,1.02142015937174,1.00176993720561,2025.52929058613,2025.54894080829,NA,Mississippi,Mississippi
1194,584,0.230146831930609,-97.5298364358833,47.3254239709729,-97.1042413771325,48.0088829507398,1.02590400861092,0.795757176680311,2025.3232778256,2025.55342465753,SRR35150577|A/cattle/AZ/25-021143-001-original-repeat2/2025|H5N1|USA-AZ|Unknown|2025-07-22|cattle|D1.1,Pacific,Pacific
1004,1038,0.0599319213272245,-91.6543124566002,39.2408291819798,-92.2632225348168,39.2432756930896,1.02911588810658,0.969183966779352,2025.4967046157,2025.55663653703,NA,Central,Central
922,923,0.800775863467946,-107.859133059606,46.7673266538064,-103.98925256429,43.9095822688822,1.03595367356194,0.235177810093995,2024.76269845902,2025.56347432249,NA,Central,Central
1114,1115,0.0445751375380941,-90.4777043128854,42.5970206381442,-90.5517445266273,41.5873324855516,1.03897168331336,0.994396545775266,2025.5219171947,2025.56649233224,NA,Central,Mississippi
1049,1056,0.0379048443056436,-90.8099407264845,40.481465987381,-86.078375471785,41.3330024997279,1.04026003050179,1.00235518619614,2025.52987583512,2025.56778067942,NA,Central,Central
1124,1147,0.0606587459741239,-95.1730139048521,38.6976831110362,-96.3798159939364,36.4321372065271,1.04124698646198,0.980588240487853,2025.50810888941,2025.56876763539,NA,Central,Central
1117,1121,0.0411142473965651,-93.0455387853474,41.7720019771175,-96.2166094176828,41.743131767998,1.04288418460217,1.00176993720561,2025.52929058613,2025.57040483353,NA,Mississippi,Mississippi
988,992,0.0686801405479767,-78.2124490120738,42.2219667405058,-81.0100612558913,39.3923841363118,1.04390341084197,0.975223270293989,2025.50274391922,2025.57142405977,NA,Pacific,Pacific
1256,1257,0.0618022872731194,-73.3434211010555,41.9566748967651,-74.3415876948191,41.5232929826277,1.04514175464466,0.983339467371541,2025.51086011629,2025.57266240357,NA,Atlantic,Atlantic
1006,1007,0.0612630506262243,-93.0710122915458,39.5095857185848,-86.0043765026108,42.061068019859,1.04907082062921,0.987807770002985,2025.51532841893,2025.57659146955,NA,Central,Central
1066,1069,0.0466558020900185,-93.096346919542,40.4786513503222,-91.6582097154754,40.0627724446328,1.04979427185916,1.00313846976914,2025.53065911869,2025.57731492078,NA,Central,Central
1128,1129,0.0449860338791974,-95.1067577713416,40.7351449133437,-96.2051051876885,44.0098564838476,1.05209086596936,1.00710483209017,2025.53462548101,2025.57961151489,NA,Mississippi,Mississippi
1115,1116,0.0131553863539826,-90.5517445266273,41.5873324855516,-88.4872104127768,40.0143107567031,1.05212706966734,1.03897168331336,2025.56649233224,2025.57964771859,NA,Mississippi,Mississippi
948,949,0.0466242862187447,-76.9111482154994,40.9821533863568,-76.7324761936196,41.5051751421885,1.05337876545953,1.00675447924078,2025.53427512816,2025.58089941438,NA,Atlantic,Atlantic
846,847,0.379516807231211,-105.176668543018,41.7113606051561,-105.00767373794,43.4339936608826,1.05395077586683,0.674433968635614,2025.20195461756,2025.58147142479,NA,Atlantic,Atlantic
1025,1035,0.0460349249310255,-96.9249720217648,39.8588086525336,-99.7056366489828,30.3074746661648,1.05447990543233,1.0084449805013,2025.53596562942,2025.58200055436,NA,Pacific,Central
1147,1148,0.0138704109764909,-96.3798159939364,36.4321372065271,-95.717710331277,37.0970629275629,1.05511739743847,1.04124698646198,2025.56876763539,2025.58263804636,NA,Central,Central
1257,1258,0.0138961063386505,-74.3415876948191,41.5232929826277,-71.3413182382327,45.2308447078541,1.05903786098331,1.04514175464466,2025.57266240357,2025.58655850991,NA,Atlantic,Atlantic
1050,1051,0.0394458828952975,-91.1166736565091,40.3422499366582,-90.6709689994837,41.3701581662551,1.05972343570313,1.02027755280784,2025.54779820173,2025.58724408463,NA,Central,Central
1006,1008,0.0724125541278352,-93.0710122915458,39.5095857185848,-93.255534319307,42.4639035139645,1.06022032413082,0.987807770002985,2025.51532841893,2025.58774097305,NA,Central,Central
1069,1070,0.0108111541465197,-91.6582097154754,40.0627724446328,-93.4662563781005,40.5537061193865,1.06060542600568,1.04979427185916,2025.57731492078,2025.58812607493,NA,Central,Central
1051,1052,0.00410840265742562,-90.6709689994837,41.3701581662551,-90.6216150524709,40.9986597599261,1.06383183836056,1.05972343570313,2025.58724408463,2025.59135248728,NA,Central,Central
1008,1011,0.00453742633481036,-93.255534319307,42.4639035139645,-93.2433126846474,42.3686459968437,1.06475775046563,1.06022032413082,2025.58774097305,2025.59227839939,NA,Central,Central
1027,1028,0.0508329990400349,-96.5725423550311,39.5959313893596,-100.183414933472,41.2204972353094,1.065978321313,1.01514532227297,2025.5426659712,2025.59349897024,NA,Pacific,Pacific
1118,1119,0.0451518378725533,-92.4197041194157,42.5934157085947,-97.7301905228695,41.0111771683147,1.0665719972443,1.02142015937174,2025.54894080829,2025.59409264617,NA,Mississippi,Mississippi
849,850,0.296186204737919,-105.656216814614,40.8833577443514,-107.591531224968,42.2318526944293,1.0692767842354,0.773090579497478,2025.30061122842,2025.59679743316,NA,Atlantic,Atlantic
1056,1057,0.0315917483739814,-86.078375471785,41.3330024997279,-84.0674387622228,42.7848813892421,1.07185177887577,1.04026003050179,2025.56778067942,2025.5993724278,NA,Central,Central
1011,1012,0.00788916312798782,-93.2433126846474,42.3686459968437,-95.1200655167903,42.197207142486,1.07264691359362,1.06475775046563,2025.59227839939,2025.60016756252,NA,Central,Central
1099,1100,0.0905680138061911,-92.3847871611125,39.8984864335702,-81.7822196983694,34.404719652729,1.07269742162808,0.982129407821886,2025.50965005675,2025.60021807055,NA,Mississippi,Mississippi
1012,1013,0.000388235206981946,-95.1200655167903,42.197207142486,-95.1289621309058,42.0166970804155,1.0730351488006,1.07264691359362,2025.60016756252,2025.60055579772,NA,Central,Central
1080,1081,0.0601302964042429,-88.659277224757,41.8320625305223,-80.4142569806069,40.9837067524399,1.07331541245699,1.01318511605274,2025.54070576498,2025.60083606138,NA,Central,Pacific
1038,1039,0.0443577305079252,-92.2632225348168,39.2432756930896,-93.5877651343607,38.1998441705407,1.0734736186145,1.02911588810658,2025.55663653703,2025.60099426754,NA,Central,Central
1026,1034,0.0670921167032894,-96.5847100757546,39.6221424926849,-84.2663977914786,30.2334497461477,1.07678629738328,1.00969418067999,2025.5372148296,2025.60430694631,NA,Pacific,Central
1100,1102,0.00412485931518414,-81.7822196983694,34.404719652729,-82.0983387282077,33.6765851523164,1.07682228094326,1.07269742162808,2025.60021807055,2025.60434292987,NA,Mississippi,Mississippi
1129,1130,0.0251395759410287,-96.2051051876885,44.0098564838476,-95.8683072395688,44.9532038940107,1.07723044191039,1.05209086596936,2025.57961151489,2025.60475109083,NA,Mississippi,Mississippi
1258,1259,0.0189843897406241,-71.3413182382327,45.2308447078541,-71.1505685876515,45.2411271074207,1.07802225072393,1.05903786098331,2025.58655850991,2025.60554289965,NA,Atlantic,Atlantic
1012,1018,0.00553248462512923,-95.1200655167903,42.197207142486,-95.0023558272048,42.1412821273569,1.07817939821875,1.07264691359362,2025.60016756252,2025.60570004714,NA,Central,Central
1130,1131,0.00126075520328617,-95.8683072395688,44.9532038940107,-95.7773143610372,44.9521861275609,1.07849119711368,1.07723044191039,2025.60475109083,2025.60601184604,NA,Mississippi,Mississippi
949,950,0.0253547457146235,-76.7324761936196,41.5051751421885,-76.4486942064086,40.6945109842481,1.07873351117415,1.05337876545953,2025.58089941438,2025.6062541601,NA,Atlantic,Atlantic
1013,1015,0.00684872785240009,-95.1289621309058,42.0166970804155,-95.4572576132799,37.2686454463094,1.079883876653,1.0730351488006,2025.60055579772,2025.60740452558,NA,Central,Central
1039,1040,0.00728892397300429,-93.5877651343607,38.1998441705407,-91.7956998005783,42.9228519266379,1.08076254258751,1.0734736186145,2025.60099426754,2025.60828319151,NA,Central,Pacific
1066,1067,0.0791688604915712,-93.096346919542,40.4786513503222,-81.9813770706014,37.5998758368638,1.08230733026071,1.00313846976914,2025.53065911869,2025.60982797918,NA,Central,Mississippi
950,951,0.00367546579172617,-76.4486942064086,40.6945109842481,-76.2547975509247,40.0346456114488,1.08240897696587,1.07873351117415,2025.6062541601,2025.60992962589,NA,Atlantic,Atlantic
998,999,0.180135825424159,-93.9907288891195,42.5197951747924,-92.9057263701277,41.2991285783937,1.0825221239556,0.902386298531437,2025.42990694745,2025.61004277288,NA,Central,Central
1131,1135,0.00409303174817111,-95.7773143610372,44.9521861275609,-94.9252873839609,45.1035202222128,1.08258422886185,1.07849119711368,2025.60601184604,2025.61010487779,NA,Mississippi,Mississippi
1040,1041,0.00251466307574733,-91.7956998005783,42.9228519266379,-91.6020530248177,43.0646299654167,1.08327720566325,1.08076254258751,2025.60828319151,2025.61079785459,NA,Pacific,Pacific
1271,1272,0.104600717565032,-95.4594271241407,44.8092934269726,-100.240143393511,39.1566387225176,1.08399202650917,0.979391308944134,2025.50691195787,2025.61151267543,NA,Atlantic,Mississippi
1023,1024,0.0767580685961688,-96.872689585833,39.6901717099746,-94.3642072201845,45.634015604142,1.08428300963511,1.00752494103894,2025.53504558996,2025.61180365856,NA,Pacific,Pacific
1062,1063,0.0813297821830175,-92.8586363809336,40.1806394544211,-87.5855886262399,44.4410348283257,1.08442570304251,1.00309592085949,2025.53061656978,2025.61194635197,NA,Central,Central
1058,1059,0.0797286070486953,-90.2636494173079,40.6265459671365,-90.1538069757032,41.0838651977706,1.08533206974259,1.00560346269389,2025.53312411162,2025.61285271867,NA,Central,Central
1035,1036,0.0309780366792209,-99.7056366489828,30.3074746661648,-99.4252298783191,30.2207994296163,1.08545794211155,1.05447990543233,2025.58200055436,2025.61297859103,NA,Central,Central
1102,1104,0.00889887707645198,-82.0983387282077,33.6765851523164,-82.5524583353533,32.2583131026292,1.08572115801971,1.07682228094326,2025.60434292987,2025.61324180694,NA,Mississippi,Mississippi
947,310,0.016220980730193,-77.0340534471485,39.7828799574955,-75.8666969894349,40.3038545194367,1.08617798121369,1.0699570004835,2025.59747764941,2025.61369863014,SRR35319489|A/Black_Vulture/PA/25-023113-001-original/2025|H5N1|USA-PA|Unknown|2025-08-13|wild_avian|D1.1,Atlantic,Atlantic
1104,1105,0.00298546375673792,-82.5524583353533,32.2583131026292,-82.4000765016055,32.1837658165047,1.08870662177645,1.08572115801971,2025.61324180694,2025.6162272707,NA,Mississippi,Mississippi
1063,1064,0.00429791367193766,-87.5855886262399,44.4410348283257,-87.8348172160933,44.0776733425041,1.08872361671445,1.08442570304251,2025.61194635197,2025.61624426564,NA,Central,Central
683,6,0.856241188609714,-113.137851486204,40.7799918221897,-111.086153212428,41.043670130304,1.08891770724105,0.232676518631336,2024.76019716755,2025.61643835616,SRR35949988|A/duck_mallard/ID/25-023507-024/2025|H5N1|USA-ID|Cassia|2025-08-14|wild_avian|D1.1,Pacific,Pacific
959,294,0.0978769029371511,-104.378931134838,40.9984838113655,-103.423485211051,41.1975699425955,1.08891770724105,0.991040804303899,2025.51856145323,2025.61643835616,SRR35949967|A/Black_Vulture/NC/25-023724-001-original/2025|H5N1|USA-NC|Unknown|2025-08-14|wild_avian|D1.1,Atlantic,Atlantic
1008,1009,0.0287297048720458,-93.255534319307,42.4639035139645,-82.7994663822242,35.5477555615198,1.08895002900287,1.06022032413082,2025.58774097305,2025.61647067793,NA,Central,Mississippi
1102,1103,0.0121496249743567,-82.0983387282077,33.6765851523164,-83.7836681499945,34.4528936312757,1.08897190591762,1.07682228094326,2025.60434292987,2025.61649255484,NA,Mississippi,Mississippi
1131,1132,0.0116216366143342,-95.7773143610372,44.9521861275609,-96.1353857177788,43.4003589451865,1.09011283372801,1.07849119711368,2025.60601184604,2025.61763348265,NA,Mississippi,Mississippi
1135,1136,0.00907491861762155,-94.9252873839609,45.1035202222128,-96.2564505818767,43.8813542038734,1.09165914747947,1.08258422886185,2025.61010487779,2025.6191797964,NA,Mississippi,Mississippi
1013,1014,0.01918371926104,-95.1289621309058,42.0166970804155,-94.6845975512027,42.2539479940572,1.09221886806164,1.0730351488006,2025.60055579772,2025.61973951698,NA,Central,Central
1135,1138,0.0097085050561394,-94.9252873839609,45.1035202222128,-93.7678993477234,43.8111498153418,1.09229273391799,1.08258422886185,2025.61010487779,2025.61981338284,NA,Mississippi,Mississippi
1132,1134,0.00228541445131114,-96.1353857177788,43.4003589451865,-95.9439051231875,46.8949130214781,1.09239824817932,1.09011283372801,2025.61763348265,2025.6199188971,NA,Mississippi,Central
1105,1106,0.00376250744435103,-82.4000765016055,32.1837658165047,-82.3489973218733,32.2471493457854,1.0924691292208,1.08870662177645,2025.6162272707,2025.61998977814,NA,Mississippi,Mississippi
992,993,0.049455603915094,-81.0100612558913,39.3923841363118,-77.3972196436655,36.8967180125711,1.09335901475706,1.04390341084197,2025.57142405977,2025.62087966368,NA,Pacific,Pacific
1041,1042,0.0106657687740421,-91.6020530248177,43.0646299654167,-90.7976705022975,43.1505339298901,1.0939429744373,1.08327720566325,2025.61079785459,2025.62146362336,NA,Pacific,Pacific
1059,1060,0.00883945742142744,-90.1538069757032,41.0838651977706,-88.9336451881274,40.2973989400569,1.09417152716402,1.08533206974259,2025.61285271867,2025.62169217609,NA,Central,Central
1015,1016,0.0156841946314956,-95.4572576132799,37.2686454463094,-91.8838245419683,34.0383264899173,1.0955680712845,1.079883876653,2025.60740452558,2025.62308872021,NA,Central,Mississippi
1254,1255,0.123067159281606,-72.9347138502865,41.8972015158709,-75.0646660953468,39.5509094005679,1.09656494141933,0.973497782137728,2025.50101843106,2025.62408559034,NA,Atlantic,Atlantic
1132,1133,0.00820479554078024,-96.1353857177788,43.4003589451865,-95.1904106224626,42.3649849981334,1.09831762926879,1.09011283372801,2025.61763348265,2025.62583827819,NA,Mississippi,Mississippi
1042,1044,0.00479657695718583,-90.7976705022975,43.1505339298901,-90.7406723393616,41.5298307537614,1.09873955139448,1.0939429744373,2025.62146362336,2025.62626020032,NA,Pacific,Pacific
1063,1065,0.0144660564322046,-87.5855886262399,44.4410348283257,-87.6677903332531,44.639994046108,1.09889175947472,1.08442570304251,2025.61194635197,2025.6264124084,NA,Central,Central
951,952,0.0169975457645706,-76.2547975509247,40.0346456114488,-77.657034309595,39.5210436342602,1.09940652273045,1.08240897696587,2025.60992962589,2025.62692717165,NA,Atlantic,Atlantic
918,919,0.305530379949791,-99.9611096761287,29.2680560780214,-101.218727973029,30.5872728345378,1.09950706964427,0.793976689694474,2025.32149733862,2025.62702771857,NA,Atlantic,Atlantic
1127,1140,0.108091325153026,-95.1608016110047,40.4549287802221,-103.355279124038,38.5492741303367,1.09953652876721,0.991445203614179,2025.51896585254,2025.62705717769,NA,Mississippi,Mississippi
1248,190,0.257072015347749,-105.826841557578,35.4592067724815,-110.098629491032,33.5385460852405,1.09987661135071,0.842804596002958,2025.37032524493,2025.62739726027,SRR35950029|A/Bald_Eagle/NY/25-023581-001-original/2025|H5N1|USA-NY|Unknown|2025-08-18|wild_avian|D1.1,Atlantic,Atlantic
999,1001,0.0187095100544312,-92.9057263701277,41.2991285783937,-91.7023613876089,37.524164673898,1.10123163401003,1.0825221239556,2025.61004277288,2025.62875228293,NA,Central,Central
950,314,0.0238828262039159,-76.4486942064086,40.6945109842481,-76.9753179075309,39.3813868619214,1.10261633737806,1.07873351117415,2025.6062541601,2025.6301369863,SRR35949975|A/Black_Vulture/NJ/25-023587-003-original/2025|H5N1|USA-NJ|Unknown|2025-08-19|wild_avian|D1.1,Atlantic,Atlantic
951,313,0.0202073604121897,-76.2547975509247,40.0346456114488,-77.4616346293246,41.4765900770754,1.10261633737806,1.08240897696587,2025.60992962589,2025.6301369863,SRR35950028|A/Black_Vulture/NJ/25-023587-001-original/2025|H5N1|USA-NJ|Unknown|2025-08-19|wild_avian|D1.1,Atlantic,Atlantic
1042,1043,0.00893483777756199,-90.7976705022975,43.1505339298901,-90.7995010007018,42.7201105385859,1.10287781221486,1.0939429744373,2025.62146362336,2025.63039846114,NA,Pacific,Pacific
1081,1082,0.0317553399770956,-80.4142569806069,40.9837067524399,-79.5982206426385,38.7747476689308,1.10507075243408,1.07331541245699,2025.60083606138,2025.63259140136,NA,Pacific,Pacific
1138,1139,0.0138905282431834,-93.7678993477234,43.8111498153418,-98.3128691209152,44.2876101224291,1.10618326216117,1.09229273391799,2025.61981338284,2025.63370391108,NA,Mississippi,Mississippi
1009,1010,0.0176378599838916,-82.7994663822242,35.5477555615198,-81.8885464238539,34.3068888696077,1.10658788898676,1.08895002900287,2025.61647067793,2025.63410853791,NA,Mississippi,Mississippi
1074,1075,0.0947473601195259,-87.5081086162654,39.5824715659097,-82.7624791764304,43.6549011979566,1.10677274486039,1.01202538474086,2025.53954603366,2025.63429339378,NA,Central,Mississippi
1100,1101,0.0342618812042315,-81.7822196983694,34.404719652729,-81.9207983481001,37.9293856040544,1.10695930283231,1.07269742162808,2025.60021807055,2025.63447995176,NA,Mississippi,Mississippi
1067,1068,0.0247262169670519,-81.9813770706014,37.5998758368638,-81.9810954805713,37.6013634445144,1.10703354722777,1.08230733026071,2025.60982797918,2025.63455419615,NA,Mississippi,Mississippi
1258,194,0.0490579284496955,-71.3413182382327,45.2308447078541,-74.3252127132487,44.1854939089262,1.10809578943301,1.05903786098331,2025.58655850991,2025.63561643836,SRR35318191|A/chicken/NY/25-023583-002-original/2025|H5N1|USA-NY|Unknown|2025-08-21|domestic_avian|D1.1,Atlantic,Atlantic
1075,1076,0.00173245502755548,-82.7624791764304,43.6549011979566,-82.9250357646717,43.924602813973,1.10850519988794,1.10677274486039,2025.63429339378,2025.63602584881,NA,Mississippi,Mississippi
1027,1033,0.0934411953379515,-96.5725423550311,39.5959313893596,-96.7312200440158,42.404006433196,1.10858651761092,1.01514532227297,2025.5426659712,2025.63610716653,NA,Pacific,Pacific
999,1000,0.0261339414629009,-92.9057263701277,41.2991285783937,-94.7220417852623,40.6967047151707,1.1086560654185,1.0825221239556,2025.61004277288,2025.63617671434,NA,Central,Central
1272,1273,0.0248339155242694,-100.240143393511,39.1566387225176,-101.901224711319,39.9122392122349,1.10882594203344,1.08399202650917,2025.61151267543,2025.63634659096,NA,Mississippi,Mississippi
1070,1071,0.0483378530440215,-93.4662563781005,40.5537061193865,-98.8577896841338,43.9524123038163,1.1089432790497,1.06060542600568,2025.58812607493,2025.63646392797,NA,Central,Central
1106,1107,0.0165610127007279,-82.3489973218733,32.2471493457854,-82.4667990368225,34.9824593409025,1.10903014192153,1.0924691292208,2025.61998977814,2025.63655079084,NA,Mississippi,Mississippi
1036,1037,0.0253297976147064,-99.4252298783191,30.2207994296163,-97.2613501696953,29.4170514997015,1.11078773972626,1.08545794211155,2025.61297859103,2025.63830838865,NA,Central,Central
1142,1143,0.11813904987694,-95.0146847459106,38.9268069249344,-96.5065231035396,36.3736861807286,1.11151099957708,0.993371949700145,2025.52089259862,2025.6390316485,NA,Mississippi,Central
1016,1017,0.0244202994060998,-91.8838245419683,34.0383264899173,-89.7690079064852,40.6387463813095,1.1199883706906,1.0955680712845,2025.62308872021,2025.64750901961,NA,Mississippi,Central
1257,1260,0.0749716875327346,-74.3415876948191,41.5232929826277,-75.2792784967333,41.539520719325,1.1201134421774,1.04514175464466,2025.57266240357,2025.6476340911,NA,Atlantic,Atlantic
1134,356,0.0293961713906974,-95.9439051231875,46.8949130214781,-94.0582038325441,45.3431209186515,1.12179441957002,1.09239824817932,2025.6199188971,2025.64931506849,SRR35318189|A/Turkey/SD/25-023747-001-original/2025|H5N1|USA-SD|Unknown|2025-08-26|domestic_avian|D1.1,Central,Central
1144,1145,0.136442616480771,-95.7209839664598,39.095218140814,-99.3089422491184,44.5740632875736,1.12572021125224,0.989277594771472,2025.51679824369,2025.65324086018,NA,Central,Central
1081,1083,0.0529074860704288,-80.4142569806069,40.9837067524399,-80.6274703306529,41.034877496075,1.12622289852741,1.07331541245699,2025.60083606138,2025.65374354745,NA,Pacific,Pacific
919,535,0.030506528007828,-101.218727973029,30.5872728345378,-100.724885334792,31.4343616658719,1.13001359765209,1.09950706964427,2025.62702771857,2025.65753424658,SRR35949432|A/chicken/GA/25-024057-002-original/2025|H5N1|USA-GA|Unknown|2025-08-29|domestic_avian|D1.1,Atlantic,Atlantic
850,851,0.0623348547289144,-107.591531224968,42.2318526944293,-108.530676220416,40.9086741960789,1.13161163896431,1.0692767842354,2025.59679743316,2025.65913228789,NA,Atlantic,Atlantic
1136,1137,0.0401925453378964,-96.2564505818767,43.8813542038734,-100.088482195638,46.7991917135357,1.13185169281737,1.09165914747947,2025.6191797964,2025.65937234174,NA,Mississippi,Mississippi
1122,379,0.142943051041781,-92.0739385196624,40.4962896228271,-91.4472810290357,43.2006226013048,1.13275332367945,0.989810272637669,2025.51733092156,2025.6602739726,SRR35949426|A/Domestic_Grower/Meat-type_Turkey/ND/25-024186-001-original/2025|H5N1|USA-ND|Unknown|2025-08-30|domestic_avian|D1.1,Mississippi,Central
1107,1108,0.0262843507147301,-82.4667990368225,34.9824593409025,-87.5849824913739,35.361877967218,1.13531449263626,1.10903014192153,2025.63655079084,2025.66283514156,NA,Mississippi,Mississippi
1121,373,0.092608865104634,-96.2166094176828,41.743131767998,-102.488644234905,41.0697093106257,1.13549304970681,1.04288418460217,2025.57040483353,2025.66301369863,SRR35949424|A/Domestic_Grower/Meat-type_Turkey/SD/25-024189-001-original/2025|H5N1|USA-SD|Unknown|2025-08-31|domestic_avian|D1.1,Mississippi,Central
1271,1274,0.160229064984495,-95.4594271241407,44.8092934269726,-102.022709209313,40.9755551894176,1.13962037392863,0.979391308944134,2025.50691195787,2025.66714102285,NA,Atlantic,Mississippi
1123,369,0.149762781048831,-93.7765063762635,40.326673447556,-106.297489711963,35.1264916543299,1.14097250176175,0.991209720712919,2025.51873036964,2025.66849315068,SRR36211907|A/Canada_Goose/UT/25-024323-001-original/2025|H5N1|USA-UT|Unknown|2025-09-02|wild_avian|D1.1,Central,Pacific
851,852,0.0135420271373434,-108.530676220416,40.9086741960789,-109.348418098771,42.6384181182013,1.14515366610166,1.13161163896431,2025.65913228789,2025.67267431502,NA,Atlantic,Atlantic
992,994,0.101578934500488,-81.0100612558913,39.3923841363118,-74.6529660629951,40.8836455415249,1.14548234534245,1.04390341084197,2025.57142405977,2025.67300299427,NA,Pacific,Pacific
991,419,0.145403521362343,-81.7987727273816,41.061843157376,-81.1688745198103,40.5221759174664,1.14645195381646,1.00104843245412,2025.52856908138,2025.67397260274,SRR35705730|A/Mallard_Duck/ID/25-024960-007-original/2025|H5N1|USA-ID|Unknown|2025-09-04|wild_avian|D1.1,Pacific,Pacific
1097,367,0.175629636341736,-92.9128750028059,39.1160921051982,-98.4637232658782,34.6144970694812,1.14919167984382,0.973562043502086,2025.50108269243,2025.67671232877,SRR35705007|A/Turkey/SD/25-024863-004-original/2025|H5N1|USA-SD|Unknown|2025-09-05|domestic_avian|D1.1,Mississippi,Central
961,298,0.241866289272923,-107.060498602659,45.0845556381494,-107.440209596932,44.2841768977762,1.15193140587118,0.910065116598257,2025.43758576552,2025.67945205479,SRR35705677|A/Black_Vulture/NC/25-025013-001-original/2025|H5N1|USA-NC|Unknown|2025-09-06|wild_avian|D1.1,Atlantic,Atlantic
1115,371,0.112959722557819,-90.5517445266273,41.5873324855516,-94.3082697224411,35.7336591717735,1.15193140587118,1.03897168331336,2025.56649233224,2025.67945205479,SRR35705728|A/blue-winged_Teal/IL/25-025061-004-original/2025|H5N1|USA-IL|Unknown|2025-09-06|wild_avian|D1.1,Mississippi,Mississippi
1101,382,0.047711829066456,-81.9207983481001,37.9293856040544,-93.6775507000105,46.5824468477263,1.15467113189876,1.10695930283231,2025.63447995176,2025.68219178082,SRR35586405|A/Turkey/SD/25-024550-002-original/2025|H5N1|USA-SD|Unknown|2025-09-07|domestic_avian|D1.1,Mississippi,Central
948,318,0.150656378685341,-76.9111482154994,40.9821533863568,-76.3205087199457,42.2445254189843,1.15741085792612,1.00675447924078,2025.53427512816,2025.68493150685,SRR36212204|A/Black_Vulture/PA/25-025223-001-original/2025|H5N1|USA-PA|Unknown|2025-09-08|wild_avian|D1.1,Atlantic,Atlantic
1145,350,0.0344303727012354,-99.3089422491184,44.5740632875736,-102.525074322595,42.9431042439735,1.16015058395348,1.12572021125224,2025.65324086018,2025.68767123288,SRR36212521|A/Mallard_Duck/CO/25-025267-001-original/2025|H5N1|USA-CO|Unknown|2025-09-09|wild_avian|D1.1,Central,Central
1123,368,0.171680589267917,-93.7765063762635,40.326673447556,-97.568050767499,38.0945066474706,1.16289030998084,0.991209720712919,2025.51873036964,2025.6904109589,SRR35705788|A/Swainson_s_Hawk/ND/25-024871-001-original/2025|H5N1|USA-ND|Unknown|2025-09-10|other|D1.1,Central,Central
1061,442,0.181673139990301,-91.5543624402035,39.9526042719954,-91.2084675883147,40.4217900570244,1.16563003600819,0.983956896017893,2025.51147754494,2025.69315068493,SRR36212532|A/Mallard_Duck/WY/25-025186-001-original/2025|H5N1|USA-WY|Unknown|2025-09-11|wild_avian|D1.1,Central,Central
952,316,0.0662235132777487,-77.657034309595,39.5210436342602,-78.8365135252034,38.7770647693535,1.16563003600819,1.09940652273045,2025.62692717165,2025.69315068493,SRR36212060|A/Black_Vulture/NJ/25-025220-002-original/2025|H5N1|USA-NJ|Unknown|2025-09-11|wild_avian|D1.1,Atlantic,Atlantic
952,315,0.0662235132777487,-77.657034309595,39.5210436342602,-77.8767290058299,39.0783648764726,1.16563003600819,1.09940652273045,2025.62692717165,2025.69315068493,SRR36212431|A/Black_Vulture/NJ/25-025220-003-original/2025|H5N1|USA-NJ|Unknown|2025-09-11|wild_avian|D1.1,Atlantic,Atlantic
1107,385,0.0593396201142491,-82.4667990368225,34.9824593409025,-93.8047721123833,42.1313762077662,1.16836976203578,1.10903014192153,2025.63655079084,2025.69589041096,SRR36211905|A/Canada_Goose/ND/25-025249-001-original/2025|H5N1|USA-ND|Unknown|2025-09-12|wild_avian|D1.1,Mississippi,Central
1028,1032,0.103892118975497,-100.183414933472,41.2204972353094,-100.803321220318,44.4150915125257,1.1698704402885,1.065978321313,2025.59349897024,2025.69739108921,NA,Pacific,Pacific
1147,352,0.129862501601159,-96.3798159939364,36.4321372065271,-96.8564857833538,35.8611274180073,1.17110948806314,1.04124698646198,2025.56876763539,2025.69863013699,SRR36211782|A/blue_winged_teal/KS/25-025843-038/2025|H5N1|USA-KS|Barton|2025-09-13|wild_avian|D1.1,Central,Central
1148,351,0.115992090624668,-95.717710331277,37.0970629275629,-94.6848591615414,38.1537570811297,1.17110948806314,1.05511739743847,2025.58263804636,2025.69863013699,SRR36211787|A/blue_winged_teal/KS/25-025843-026/2025|H5N1|USA-KS|Barton|2025-09-13|wild_avian|D1.1,Central,Central
1001,1002,0.0700775937812472,-91.7023613876089,37.524164673898,-91.9975160367357,35.4000588609888,1.17130922779127,1.10123163401003,2025.62875228293,2025.69882987671,NA,Central,Central
1076,1077,0.0662467546239405,-82.9250357646717,43.924602813973,-91.4681249414426,32.5916549963364,1.17475195451188,1.10850519988794,2025.63602584881,2025.70227260344,NA,Mississippi,Atlantic
1134,357,0.0841906919385274,-95.9439051231875,46.8949130214781,-92.0408917987817,44.5032037673464,1.17658894011785,1.09239824817932,2025.6199188971,2025.70410958904,SRR36212111|A/mallard_duck/MN/25-025867-005/2025|H5N1|USA-MN|Scott|2025-09-15|wild_avian|D1.1,Central,Mississippi
1077,1078,0.00356086389227306,-91.4681249414426,32.5916549963364,-91.473744936775,32.6557673932753,1.17831281840416,1.17475195451188,2025.70227260344,2025.70583346733,NA,Atlantic,Atlantic
1059,461,0.093996596402619,-90.1538069757032,41.0838651977706,-102.357609645677,44.4496167998008,1.17932866614521,1.08533206974259,2025.61285271867,2025.70684931507,SRR36211763|A/Gadwell/NV/25G01828-004-original/2025|H5N1|USA-NV|Unknown|2025-09-16|wild_avian|D1.1,Central,Pacific
1133,355,0.0810110368764156,-95.1904106224626,42.3649849981334,-93.1165008838758,44.5778085841306,1.17932866614521,1.09831762926879,2025.62583827819,2025.70684931507,SRR36211924|A/Red-tailed_Hawk/IA/25-025278-001-original/2025|H5N1|USA-IA|Unknown|2025-09-16|wild_avian|D1.1,Mississippi,Mississippi
1260,197,0.0592152239678132,-75.2792784967333,41.539520719325,-75.856330523788,43.1233284762963,1.17932866614521,1.1201134421774,2025.6476340911,2025.70684931507,SRR36212518|A/Mallard_Duck/NH/25-025612-017-original-repeat2/2025|H5N1|USA-NH|Unknown|2025-09-16|wild_avian|D1.1,Atlantic,Atlantic
1024,474,0.0977853825374606,-94.3642072201845,45.634015604142,-91.2118928662403,46.1513213676579,1.18206839217257,1.08428300963511,2025.61180365856,2025.7095890411,SRR36212466|A/Great_horned_Owl/MT/25-025599-001-original/2025|H5N1|USA-MT|Unknown|2025-09-17|wild_avian|D1.1,Pacific,Pacific
1136,362,0.0931489707206796,-96.2564505818767,43.8813542038734,-86.2612568924527,38.7111922597502,1.18480811820015,1.09165914747947,2025.6191797964,2025.71232876712,SRR36211892|A/Mallard_Duck/OH/25-025982-002-original/2025|H5N1|USA-OH|Unknown|2025-09-18|wild_avian|D1.1,Mississippi,Mississippi
1111,383,0.00858767246191716,-83.808561016315,43.2399095764322,-84.3381476947037,43.2080376449238,1.18480811820015,1.17622044573823,2025.70374109466,2025.71232876712,SRR36212068|A/wood_duck/MI/25-025965-014/2025|H5N1|USA-MI|Saginaw|2025-09-18|wild_avian|D1.1,Mississippi,Mississippi
1119,1120,0.127483799069842,-97.7301905228695,41.0111771683147,-97.0975898791812,42.0853820976807,1.19405579631414,1.0665719972443,2025.59409264617,2025.72157644524,NA,Mississippi,Mississippi
1270,151,0.222070610762018,-94.9835259652551,44.0225314174186,-100.249427667591,38.3695265601622,1.19576702230958,0.973696411547562,2025.50121706047,2025.72328767123,SRR36211881|A/Black_Vulture/OH/25-026070-003-original/2025|H5N1|USA-OH|Unknown|2025-09-22|wild_avian|D1.1,Atlantic,Mississippi
1146,366,0.206104071816072,-95.7690717907533,38.9695082698556,-100.532157350106,42.239726706752,1.19576702230958,0.989662950493508,2025.51718359942,2025.72328767123,SRR36211605|A/American_blue-winged_Teal/LA/25G01386-003-original/2025|H5N1|USA-LA|Unknown|2025-09-22|wild_avian|D1.1,Central,Mississippi
1069,438,0.145972750450419,-91.6582097154754,40.0627724446328,-109.892406258805,32.6344744471486,1.19576702230958,1.04979427185916,2025.57731492078,2025.72328767123,SRR36212227|A/Great_horned_Owl/WA/25G01455-001-original/2025|H5N1|USA-WA|Unknown|2025-09-22|wild_avian|D1.1,Central,Pacific
1255,199,0.101941806917603,-75.0646660953468,39.5509094005679,-74.8610765017028,41.3521220998508,1.19850674833694,1.09656494141933,2025.62408559034,2025.72602739726,SRR36211866|A/wood_duck/NY/25-026198-009/2025|H5N1|USA-NY|Monroe|2025-09-23|wild_avian|D1.1,Atlantic,Atlantic
1111,384,0.0222863025987041,-83.808561016315,43.2399095764322,-83.4147945374753,43.4103837610881,1.19850674833694,1.17622044573823,2025.70374109466,2025.72602739726,SRR36211854|A/wood_duck/MI/25G01274-008/2025|H5N1|USA-MI|Saginaw|2025-09-23|wild_avian|D1.1,Mississippi,Mississippi
1142,341,0.207874524664378,-95.0146847459106,38.9268069249344,-106.270679519487,48.8836365836229,1.20124647436452,0.993371949700145,2025.52089259862,2025.72876712329,SRR36212429|A/blue-winged_Teal/FL/25-026196-001-original/2025|H5N1|USA-FL|Unknown|2025-09-24|wild_avian|D1.1,Mississippi,Atlantic
1130,361,0.12401603245413,-95.8683072395688,44.9532038940107,-99.2359540731993,44.4663481583767,1.20124647436452,1.07723044191039,2025.60475109083,2025.72876712329,SRR36212149|A/Mallard_Duck/WI/25G02258-001-original/2025|H5N1|USA-WI|Unknown|2025-09-24|wild_avian|D1.1,Mississippi,Mississippi
1067,432,0.118939144103808,-81.9813770706014,37.5998758368638,-98.9073345965897,39.0968232684875,1.20124647436452,1.08230733026071,2025.60982797918,2025.72876712329,SRR36406419|A/american_green_winged_teal/NY/25G02842-011/2025|H5N1|USA-NY|Jefferson|2025-09-24|wild_avian|D1.1,Mississippi,Atlantic
993,416,0.107887459607463,-77.3972196436655,36.8967180125711,-78.7267210083767,35.7231069021986,1.20124647436452,1.09335901475706,2025.62087966368,2025.72876712329,SRR36212382|A/wild_goose/WA/25G01700-001-original/2025|H5N1|USA-WA|Unknown|2025-09-24|wild_avian|D1.1,Pacific,Pacific
1274,153,0.0616261004358931,-102.022709209313,40.9755551894176,-101.779584049797,42.1541626599527,1.20124647436452,1.13962037392863,2025.66714102285,2025.72876712329,SRR36212441|A/Black_Vulture/IN/25G01314-001-original/2025|H5N1|USA-IN|Unknown|2025-09-24|wild_avian|D1.1,Mississippi,Mississippi
1272,156,0.119994173882713,-100.240143393511,39.1566387225176,-99.8565004746939,39.3376950182128,1.20398620039188,1.08399202650917,2025.61151267543,2025.73150684932,SRR36212433|A/Black_Vulture/KY/25G01831-001-original/2025|H5N1|USA-KY|Unknown|2025-09-25|wild_avian|D1.1,Mississippi,Mississippi
1139,360,0.0978029382307075,-98.3128691209152,44.2876101224291,-99.0104992037011,46.5923132460984,1.20398620039188,1.10618326216117,2025.63370391108,2025.73150684932,SRR36212424|A/Canada_Goose/IL/25-026184-001-original/2025|H5N1|USA-IL|Unknown|2025-09-25|wild_avian|D1.1,Mississippi,Mississippi
1083,456,0.0777633018644655,-80.6274703306529,41.034877496075,-107.621017837692,44.9446047525238,1.20398620039188,1.12622289852741,2025.65374354745,2025.73150684932,SRR36211970|A/Mottled_Duck/FL/25G01837-001-original/2025|H5N1|USA-FL|Unknown|2025-09-25|wild_avian|D1.1,Pacific,Atlantic
850,647,0.137449142183839,-107.591531224968,42.2318526944293,-109.65457687939,40.9340104621597,1.20672592641924,1.0692767842354,2025.59679743316,2025.73424657534,SRR36212436|A/Black_Vulture/WV/25G01830-001-original/2025|H5N1|USA-WV|Unknown|2025-09-26|wild_avian|D1.1,Atlantic,Atlantic
851,648,0.0751142874549247,-108.530676220416,40.9086741960789,-109.465290468689,39.5332599175768,1.20672592641924,1.13161163896431,2025.65913228789,2025.73424657534,SRR36163010|A/chicken/NC/25-026098-002-original/2025|H5N1|USA-NC|Unknown|2025-09-26|domestic_avian|D1.1,Atlantic,Atlantic
852,649,0.0615722603175812,-109.348418098771,42.6384181182013,-111.429346009807,45.0000703266183,1.20672592641924,1.14515366610166,2025.67267431502,2025.73424657534,SRR36212435|A/Black_Vulture/WV/25G01830-002-original/2025|H5N1|USA-WV|Unknown|2025-09-26|wild_avian|D1.1,Atlantic,Atlantic
1044,462,0.110726101052113,-90.7406723393616,41.5298307537614,-84.2379429643053,46.0149367003954,1.20946565244659,1.09873955139448,2025.62626020032,2025.73698630137,SRR36211600|A/American_blue-winged_Teal/OR/25G01565-017-original/2025|H5N1|USA-OR|Unknown|2025-09-27|wild_avian|D1.1,Pacific,Pacific
1128,348,0.207840272411371,-95.1067577713416,40.7351449133437,-108.746341021011,35.2482274192224,1.21494510450154,1.00710483209017,2025.53462548101,2025.74246575342,SRR36211769|A/Canada_Goose/WY/25G01869-001-original/2025|H5N1|USA-WY|Unknown|2025-09-29|wild_avian|D1.1,Mississippi,Central
1108,387,0.0796306118652768,-87.5849824913739,35.361877967218,-83.0886241271601,32.0506691981121,1.21494510450154,1.13531449263626,2025.66283514156,2025.74246575342,SRR36212318|A/canada_goose/MN/25G01920-001/2025|H5N1|USA-MN|Otter_Tail|2025-09-29|wild_avian|D1.1,Mississippi,Mississippi
994,413,0.0694627591590826,-74.6529660629951,40.8836455415249,-74.3380244835503,42.8736247111563,1.21494510450154,1.14548234534245,2025.67300299427,2025.74246575342,SRR36163011|A/chicken/MT/25-026086-002-original/2025|H5N1|USA-MT|Unknown|2025-09-29|domestic_avian|D1.1,Pacific,Central
1052,1053,0.152789695446248,-90.6216150524709,40.9986597599261,-97.8487224839207,38.2932656120004,1.21662153380681,1.06383183836056,2025.59135248728,2025.74414218273,NA,Central,Central
1058,446,0.212081367835,-90.2636494173079,40.6265459671365,-85.7246259196685,33.5981980743637,1.21768483052889,1.00560346269389,2025.53312411162,2025.74520547945,SRR36212241|A/Canada_Goose/AZ/25G01642-001-original/2025|H5N1|USA-AZ|Unknown|2025-09-30|wild_avian|D1.1,Central,Pacific
1118,375,0.196264671157149,-92.4197041194157,42.5934157085947,-94.6320160021946,35.0789157814642,1.21768483052889,1.02142015937174,2025.54894080829,2025.74520547945,SRR36212386|A/wild_duck/TX/25G01488-001-original/2025|H5N1|USA-TX|Unknown|2025-09-30|wild_avian|D1.1,Mississippi,Central
1140,343,0.118148301761688,-103.355279124038,38.5492741303367,-108.318422042514,40.5011437665281,1.21768483052889,1.09953652876721,2025.62705717769,2025.74520547945,SRR36163013|A/chicken/WI/25-026290-001-original/2025|H5N1|USA-WI|Unknown|2025-09-30|domestic_avian|D1.1,Mississippi,Mississippi
1039,464,0.14695093794175,-93.5877651343607,38.1998441705407,-90.5054701716358,33.0037085038056,1.22042455655625,1.0734736186145,2025.60099426754,2025.74794520548,SRR36212238|A/Canada_Goose/MT/25G01677-001-original/2025|H5N1|USA-MT|Unknown|2025-10-01|wild_avian|D1.1,Central,Central
1273,155,0.111598614522816,-101.901224711319,39.9122392122349,-102.468166605727,41.4148259938933,1.22042455655625,1.10882594203344,2025.63634659096,2025.74794520548,SRR36209119|A/black_vulture/IN/25G01855-003/2025|H5N1|USA-IN|Franklin|2025-10-01|wild_avian|D1.1,Mississippi,Mississippi
958,296,0.262866140335892,-102.353149951456,41.9250785518849,-102.338735303501,41.9253690147293,1.22590400861097,0.963037868275074,2025.4905585172,2025.75342465753,SRR36162690|A/chicken/NC/25G01772-001-original/2025|H5N1|USA-NC|Unknown|2025-10-03|domestic_avian|D1.1,Atlantic,Atlantic
1129,354,0.173813142641603,-96.2051051876885,44.0098564838476,-105.699223532901,46.9970666900739,1.22590400861097,1.05209086596936,2025.57961151489,2025.75342465753,SRR36212006|A/mallard_duck/MI/25G01983-007/2025|H5N1|USA-MI|Washtenaw|2025-10-03|wild_avian|D1.1,Mississippi,Mississippi
1120,376,0.031848212296826,-97.0975898791812,42.0853820976807,-97.2715492370747,40.9835527250511,1.22590400861097,1.19405579631414,2025.72157644524,2025.75342465753,SRR36162674|A/Domestic_Duck/IL/25G03338-009-original/2025|H5N1|USA-IL|Unknown|2025-10-03|domestic_avian|D1.1,Mississippi,Mississippi
1120,377,0.031848212296826,-97.0975898791812,42.0853820976807,-97.7849690019262,41.3912442775988,1.22590400861097,1.19405579631414,2025.72157644524,2025.75342465753,SRR36162678|A/chicken/IL/25G03338-005-original/2025|H5N1|USA-IL|Unknown|2025-10-03|domestic_avian|D1.1,Mississippi,Mississippi
1146,342,0.238980784144815,-95.7690717907533,38.9695082698556,-93.4075334023512,43.5133254520026,1.22864373463832,0.989662950493508,2025.51718359942,2025.75616438356,SRR36212242|A/Canada_Goose/AR/25G01638-001-original/2025|H5N1|USA-AR|Unknown|2025-10-04|wild_avian|D1.1,Central,Mississippi
1044,463,0.129904183243843,-90.7406723393616,41.5298307537614,-96.33872221838,37.8145459751212,1.22864373463832,1.09873955139448,2025.62626020032,2025.75616438356,SRR36211975|A/mallard_duck/CO/25G02242-003/2025|H5N1|USA-CO|Jackson|2025-10-04|wild_avian|D1.1,Pacific,Central
1007,503,0.182312640036699,-86.0043765026108,42.061068019859,-106.611854875281,33.6935202725769,1.23138346066591,1.04907082062921,2025.57659146955,2025.75890410959,SRR36162760|A/chicken/OR/25G01792-001-original/2025|H5N1|USA-OR|Unknown|2025-10-05|domestic_avian|D1.1,Central,Pacific
1116,372,0.181996117025922,-88.4872104127768,40.0143107567031,-88.8445370290626,40.5517798145174,1.23412318669327,1.05212706966734,2025.57964771859,2025.76164383562,SRR36212344|A/sandhill_crane/MN/25G02201-001/2025|H5N1|USA-MN|Hennepin|2025-10-06|wild_avian|D1.1,Mississippi,Mississippi
847,653,0.18017241082644,-105.00767373794,43.4339936608826,-102.926272526541,45.8311930126156,1.23412318669327,1.05395077586683,2025.58147142479,2025.76164383562,SRR36212366|A/Black_Vulture/WV/25G02062-001-original/2025|H5N1|USA-WV|Unknown|2025-10-06|wild_avian|D1.1,Atlantic,Atlantic
989,418,0.255910209637788,-77.873950122719,41.4771874974932,-80.2489552801795,39.9922990904442,1.23686291272062,0.980952703082835,2025.50847335201,2025.76438356164,SRR36162812|A/Guinea_Fowl/ID/25G01895-002-original/2025|H5N1|USA-ID|Unknown|2025-10-07|domestic_avian|D1.1,Pacific,Pacific
1043,466,0.133985100505766,-90.7995010007018,42.7201105385859,-89.0378876815996,43.539730167618,1.23686291272062,1.10287781221486,2025.63039846114,2025.76438356164,SRR36162806|A/Peafowl/ID/25G01896-003-original/2025|H5N1|USA-ID|Unknown|2025-10-07|wild_avian|D1.1,Pacific,Pacific
1108,386,0.101548420084363,-87.5849824913739,35.361877967218,-87.2839008387741,36.4843588584604,1.23686291272062,1.13531449263626,2025.66283514156,2025.76438356164,SRR36211964|A/Trumpeter_Swan/WI/25G01871-001-original/2025|H5N1|USA-WI|Unknown|2025-10-07|wild_avian|D1.1,Mississippi,Mississippi
1259,193,0.161580388024045,-71.1505685876515,45.2411271074207,-70.6598277480769,42.6555323731361,1.23960263874798,1.07802225072393,2025.60554289965,2025.76712328767,SRR36212136|A/Peregrine_Falcon/DE/25G02350-001-original/2025|H5N1|USA-DE|Unknown|2025-10-08|wild_avian|D1.1,Atlantic,Atlantic
1140,344,0.142805836008132,-103.355279124038,38.5492741303367,-101.095971800566,36.7832002149617,1.24234236477534,1.09953652876721,2025.62705717769,2025.7698630137,SRR36211770|A/canada_goose/MI/25G01985-002/2025|H5N1|USA-MI|Isabella|2025-10-09|wild_avian|D1.1,Mississippi,Mississippi
1060,459,0.150910563638678,-88.9336451881274,40.2973989400569,-95.9359497697224,40.3156297573792,1.24508209080269,1.09417152716402,2025.62169217609,2025.77260273973,SRR36211962|A/Turkey_Vulture/WY/25G02109-001-original/2025|H5N1|USA-WY|Unknown|2025-10-10|wild_avian|D1.1,Central,Pacific
1065,435,0.14619033132798,-87.6677903332531,44.639994046108,-87.7356561305507,44.0742590334632,1.2450820908027,1.09889175947472,2025.6264124084,2025.77260273973,SRR36406423|A/canada_goose/KS/25G02613-001/2025|H5N1|USA-KS|Butler|2025-10-10|wild_avian|D1.1,Central,Central
923,528,0.211868143268339,-103.98925256429,43.9095822688822,-104.36328168241,41.745120797549,1.24782181683028,1.03595367356194,2025.56347432249,2025.77534246575,SRR36211847|A/american_blue_winged_teal/KS/25G02173-002/2025|H5N1|USA-KS|McPherson|2025-10-11|wild_avian|D1.1,Central,Central
1051,429,0.188098381127147,-90.6709689994837,41.3701581662551,-74.0507978186253,40.1633803318892,1.24782181683028,1.05972343570313,2025.58724408463,2025.77534246575,SRR36538389|A/american_blue_winged_teal/NV/25G04892-001/2025|H5N1|USA-NV|Churchill|2025-10-11|wild_avian|D1.1,Central,Pacific
1015,491,0.16793794017728,-95.4572576132799,37.2686454463094,-111.986610887111,44.295761844152,1.24782181683028,1.079883876653,2025.60740452558,2025.77534246575,SRR36203306|A/mallard_duck/NY/25G02284-011/2025|H5N1|USA-NY|Genesee|2025-10-11|wild_avian|D1.1,Central,Atlantic
1041,465,0.164544611167027,-91.6020530248177,43.0646299654167,-85.2231928779724,35.8085715536823,1.24782181683028,1.08327720566325,2025.61079785459,2025.77534246575,SRR36538296|A/american_green_winged_teal/NV/25G04893-003/2025|H5N1|USA-NV|Lyon|2025-10-11|wild_avian|D1.1,Pacific,Pacific
1104,389,0.162100658810567,-82.5524583353533,32.2583131026292,-78.8197953908763,36.3004421386558,1.24782181683028,1.08572115801971,2025.61324180694,2025.77534246575,SRR36212325|A/american_green_winged_teal/NY/25G02284-024/2025|H5N1|USA-NY|Genesee|2025-10-11|wild_avian|D1.1,Mississippi,Atlantic
959,295,0.259520738553738,-104.378931134838,40.9984838113655,-103.728663439014,41.4468291293944,1.25056154285764,0.991040804303899,2025.51856145323,2025.77808219178,SRR36211960|A/Vulture/NC/25G02114-001-original/2025|H5N1|USA-NC|Unknown|2025-10-12|wild_avian|D1.1,Atlantic,Atlantic
1114,394,0.258904723109728,-90.4777043128854,42.5970206381442,-96.9928222029568,42.1928590910396,1.25330126888499,0.994396545775266,2025.5219171947,2025.78082191781,SRR36212343|A/Swan/OK/25G02155-001-original/2025|H5N1|USA-OK|Unknown|2025-10-13|wild_avian|D1.1,Central,Central
1053,1054,0.037669348952319,-97.8487224839207,38.2932656120004,-97.8769396016921,38.1504288983948,1.25429088275913,1.21662153380681,2025.74414218273,2025.78181153168,NA,Central,Central
1148,353,0.200923597473884,-95.717710331277,37.0970629275629,-93.1757505965909,41.6012515722792,1.25604099491235,1.05511739743847,2025.58263804636,2025.78356164384,SRR36212302|A/canada_goose/CO/25G02439-001/2025|H5N1|USA-CO|Weld|2025-10-14|wild_avian|D1.1,Central,Central
1053,1055,0.041817445899041,-97.8487224839207,38.2932656120004,-95.9969057454199,37.2478207687313,1.25843897970585,1.21662153380681,2025.74414218273,2025.78595962863,NA,Central,Central
1116,370,0.209393377299724,-88.4872104127768,40.0143107567031,-87.9020125743284,35.6328502628266,1.26152044696707,1.05212706966734,2025.57964771859,2025.78904109589,SRR36212274|A/Pintail_Duck/ND/25G02720-001-original/2025|H5N1|USA-ND|Unknown|2025-10-16|wild_avian|D1.1,Mississippi,Central
1139,359,0.15807691083348,-98.3128691209152,44.2876101224291,-99.1540168715993,43.8397901091922,1.26426017299465,1.10618326216117,2025.63370391108,2025.79178082192,SRR36209083|A/Green-winged_Teal/IA/25G03115-001-original/2025|H5N1|USA-IA|Unknown|2025-10-17|wild_avian|D1.1,Mississippi,Mississippi
1068,433,0.157226625766886,-81.9810954805713,37.6013634445144,-84.1599029688176,30.9864810174804,1.26426017299465,1.10703354722777,2025.63455419615,2025.79178082192,SRR36211957|A/Wild_Goose/OK/25G02530-001-original/2025|H5N1|USA-OK|Unknown|2025-10-17|wild_avian|D1.1,Mississippi,Central
852,650,0.119106506892996,-109.348418098771,42.6384181182013,-105.687800638351,42.9674594585478,1.26426017299465,1.14515366610166,2025.67267431502,2025.79178082192,SRR36211659|A/Black_Vulture/WV/25G03060-003-original/2025|H5N1|USA-WV|Unknown|2025-10-17|wild_avian|D1.1,Atlantic,Atlantic
1056,444,0.229479594547581,-86.078375471785,41.3330024997279,-86.7483809669875,36.1375509341332,1.26973962504937,1.04026003050179,2025.56778067942,2025.79726027397,SRR36162647|A/Turkey/SD/25G02403-003-original/2025|H5N1|USA-SD|Unknown|2025-10-19|domestic_avian|D1.1,Central,Central
1032,480,0.099869184760869,-100.803321220318,44.4150915125257,-98.2553172543711,42.2185101573073,1.26973962504937,1.1698704402885,2025.69739108921,2025.79726027397,SRR36212130|A/Ring-necked_Duck/OR/25G02626-019-original/2025|H5N1|USA-OR|Unknown|2025-10-19|wild_avian|D1.1,Pacific,Pacific
1330,207,0.691832160521731,-93.9276463178548,44.5145748002521,-101.996013695775,43.6376489965242,1.27247935107672,0.580647190554993,2025.10816783948,2025.8,SRR36211724|A/Black_Vulture/MS/25G02635-003-original/2025|H5N1|USA-MS|Unknown|2025-10-20|wild_avian|D1.1,Central,Mississippi
816,271,0.564324704743406,-96.8205644890823,42.787841351184,-98.188358574941,41.1175292982207,1.27521907710408,0.710894372360676,2025.23841502128,2025.80273972603,SRR36211667|A/Black_Vulture/AR/25G03056-001-original/2025|H5N1|USA-AR|Unknown|2025-10-21|wild_avian|D1.1,Mississippi,Mississippi
1256,198,0.29187960973254,-73.3434211010555,41.9566748967651,-78.4021031447471,40.662603647111,1.27521907710408,0.983339467371541,2025.51086011629,2025.80273972603,SRR36538387|A/american_crow/NJ/25G04652-002/2025|H5N1|USA-NJ|Salem|2025-10-21|wild_avian|D1.1,Atlantic,Atlantic
1137,364,0.143367384286714,-100.088482195638,46.7991917135357,-106.099651357695,47.7445171461583,1.27521907710408,1.13185169281737,2025.65937234174,2025.80273972603,SRR36211652|A/canada_goose/IN/25G02680-001/2025|H5N1|USA-IN|Johnson|2025-10-21|wild_avian|D1.1,Mississippi,Mississippi
1077,506,0.100467122592198,-91.4681249414426,32.5916549963364,-81.3186530429616,36.7127943258011,1.27521907710408,1.17475195451188,2025.70227260344,2025.80273972603,SRR36538388|A/american_crow/NJ/25G04652-001/2025|H5N1|USA-NJ|Salem|2025-10-21|wild_avian|D1.1,Atlantic,Atlantic
847,652,0.224008027264841,-105.00767373794,43.4339936608826,-108.042942286473,42.8503625815884,1.27795880313167,1.05395077586683,2025.58147142479,2025.80547945205,SRR36211670|A/Black_Vulture/VA/25G03055-006-original/2025|H5N1|USA-VA|Unknown|2025-10-22|wild_avian|D1.1,Atlantic,Atlantic
1119,378,0.211386805887368,-97.7301905228695,41.0111771683147,-96.326578625252,37.0411643121773,1.27795880313167,1.0665719972443,2025.59409264617,2025.80547945205,SRR36212529|A/Canada_Goose/MO/25G02853-004-original/2025|H5N1|USA-MO|Unknown|2025-10-22|wild_avian|D1.1,Mississippi,Mississippi
1034,483,0.201172505748384,-84.2663977914786,30.2334497461477,-86.8084724881291,36.0408016799102,1.27795880313167,1.07678629738328,2025.60430694631,2025.80547945205,SRR36209114|A/Red-tailed_Hawk/MO/25G02853-005-original/2025|H5N1|USA-MO|Unknown|2025-10-22|wild_avian|D1.1,Central,Mississippi
1071,440,0.169015524081964,-98.8577896841338,43.9524123038163,-107.80255555848,47.8045166490345,1.27795880313167,1.1089432790497,2025.63646392797,2025.80547945205,SRR36203374|A/Canada_Goose/UT/25G03448-005-original/2025|H5N1|USA-UT|Unknown|2025-10-22|wild_avian|D1.1,Central,Pacific
918,536,0.486721839464549,-99.9611096761287,29.2680560780214,-99.8650356017737,29.261063858457,1.28069852915902,0.793976689694474,2025.32149733862,2025.80821917808,SRR36162703|A/chicken/GA/25G02650-001-original/2025|H5N1|USA-GA|Unknown|2025-10-23|domestic_avian|D1.1,Atlantic,Atlantic
1057,443,0.208846750283256,-84.0674387622228,42.7848813892421,-93.1186592770847,38.9736878164046,1.28069852915902,1.07185177887577,2025.5993724278,2025.80821917808,SRR36212527|A/Canada_Goose/WY/25G02891-001-original/2025|H5N1|USA-WY|Unknown|2025-10-23|wild_avian|D1.1,Central,Central
1105,391,0.191991907382573,-82.4000765016055,32.1837658165047,-83.1072487539943,29.5755997197053,1.28069852915902,1.08870662177645,2025.6162272707,2025.80821917808,SRR36406301|A/american_wigeon/OH/25G04131-008/2025|H5N1|USA-OH|Ottawa|2025-10-23|wild_avian|D1.1,Mississippi,Mississippi
1057,445,0.219805654392686,-84.0674387622228,42.7848813892421,-89.4079157732764,33.8431899679114,1.29165743326845,1.07185177887577,2025.5993724278,2025.81917808219,SRR36203333|A/Canada_Goose/AL/25G03828-001-original/2025|H5N1|USA-AL|Unknown|2025-10-27|wild_avian|D1.1,Central,Mississippi
1068,431,0.184623886040687,-81.9810954805713,37.6013634445144,-75.6477563897064,42.5205174001896,1.29165743326845,1.10703354722777,2025.63455419615,2025.81917808219,SRR36212524|A/Domestic_Goose/AL/25G03044-002-original/2025|H5N1|USA-AL|Unknown|2025-10-27|domestic_avian|D1.1,Mississippi,Mississippi
1273,154,0.182831491235018,-101.901224711319,39.9122392122349,-100.485065268058,41.4913585839576,1.29165743326845,1.10882594203344,2025.63634659096,2025.81917808219,SRR36538272|A/black_vulture/KY/25G04374-002/2025|H5N1|USA-KY|Grant|2025-10-27|wild_avian|D1.1,Mississippi,Mississippi
1274,152,0.152037059339824,-102.022709209313,40.9755551894176,-102.825957480363,41.5250287574558,1.29165743326845,1.13962037392863,2025.66714102285,2025.81917808219,SRR36538273|A/black_vulture/KY/25G04374-001/2025|H5N1|USA-KY|Grant|2025-10-27|wild_avian|D1.1,Mississippi,Mississippi
961,297,0.384332042697781,-107.060498602659,45.0845556381494,-106.446645295847,45.588189151834,1.29439715929604,0.910065116598257,2025.43758576552,2025.82191780822,SRR36209096|A/Black_Vulture/SC/25G03063-001-original/2025|H5N1|USA-SC|Unknown|2025-10-28|wild_avian|D1.1,Atlantic,Atlantic
1082,455,0.192066132889314,-79.5982206426385,38.7747476689308,-86.8210473161769,36.517806591873,1.2971368853234,1.10507075243408,2025.63259140136,2025.82465753425,SRR36406399|A/american_green_winged_teal/CA/25G03928-006/2025|H5N1|USA-CA|Yolo|2025-10-29|wild_avian|D1.1,Pacific,Pacific
1054,428,0.0428460025642694,-97.8769396016921,38.1504288983948,-124.218374685456,42.1627037030745,1.2971368853234,1.25429088275913,2025.78181153168,2025.82465753425,SRR36406410|A/american_wigeon/CA/25G03928-001/2025|H5N1|USA-CA|Yolo|2025-10-29|wild_avian|D1.1,Central,Pacific
1126,345,0.310797707341713,-94.8183020357888,37.1796557394412,-109.914854259727,44.9714628192635,1.29987661135075,0.989078904009039,2025.51659955293,2025.82739726027,SRR36209076|A/Black_Swan/PA/25G03182-002-original/2025|H5N1|USA-PA|Unknown|2025-10-30|wild_avian|D1.1,Central,Atlantic
1018,497,0.221697213132005,-95.0023558272048,42.1412821273569,-115.935423609596,46.6972718210747,1.29987661135075,1.07817939821875,2025.60570004714,2025.82739726027,SRR36209051|A/Muscovy_Duck/FL/25G03354-001-original/2025|H5N1|USA-FL|Unknown|2025-10-30|wild_avian|D1.1,Central,Atlantic
1040,468,0.219114068763247,-91.7956998005783,42.9228519266379,-104.163175442712,41.7497957052833,1.29987661135075,1.08076254258751,2025.60828319151,2025.82739726027,SRR36406351|A/cackling_goose/WA/25G03973-001/2025|H5N1|USA-WA|Whatcom|2025-10-30|wild_avian|D1.1,Pacific,Pacific
1021,1022,0.301760484183202,-97.2055178738572,40.3809532708771,-95.1811853940819,39.2618051566332,1.30227338526893,1.00051290108573,2025.52803355001,2025.82979403419,NA,Central,Pacific
1137,363,0.170764644560743,-100.088482195638,46.7991917135357,-98.5845855158258,41.0127410279461,1.30261633737811,1.13185169281737,2025.65937234174,2025.8301369863,SRR36406409|A/wood_duck/MN/25G04157-001/2025|H5N1|USA-MN|Anoka|2025-10-31|wild_avian|D1.1,Mississippi,Mississippi
1024,475,0.221073053770362,-94.3642072201845,45.634015604142,-97.443614859515,42.235076421839,1.30535606340547,1.08428300963511,2025.61180365856,2025.83287671233,SRR36406349|A/red_tailed_hawk/WA/25G03976-001/2025|H5N1|USA-WA|Whatcom|2025-11-01|wild_avian|D1.1,Pacific,Pacific
1103,392,0.21638415748785,-83.7836681499945,34.4528936312757,-83.8826974551155,33.7788259908726,1.30535606340547,1.08897190591762,2025.61649255484,2025.83287671233,SRR36406415|A/american_green_winged_teal/OH/25G04131-027/2025|H5N1|USA-OH|Ottawa|2025-11-01|wild_avian|D1.1,Mississippi,Mississippi
1143,346,0.199324515883325,-96.5065231035396,36.3736861807286,-96.540738211025,28.5413525645694,1.31083551546041,1.11151099957708,2025.6390316485,2025.83835616438,SRR36162625|A/Red-breasted_Goose/TN/25G03365-002-original/2025|H5N1|USA-TN|Unknown|2025-11-03|wild_avian|D1.1,Central,Mississippi
1064,434,0.224851624773319,-87.8348172160933,44.0776733425041,-90.0221559198931,31.9647419988705,1.31357524148777,1.08872361671445,2025.61624426564,2025.84109589041,SRR36203396|A/wild_goose/NM/25G03506-001-original/2025|H5N1|USA-NM|Unknown|2025-11-04|wild_avian|D1.1,Central,Pacific
1033,489,0.20498872387685,-96.7312200440158,42.404006433196,-95.3149397606668,44.4992559858178,1.31357524148777,1.10858651761092,2025.63610716653,2025.84109589041,SRR36203296|A/Swan/UT/25G03453-001-original/2025|H5N1|USA-UT|Unknown|2025-11-04|wild_avian|D1.1,Pacific,Pacific
1002,451,0.142266013696492,-91.9975160367357,35.4000588609888,-97.2525246451202,44.5419575334149,1.31357524148777,1.17130922779127,2025.69882987671,2025.84109589041,SRR36202277|A/Domestic_Cat/ND/25G03436-001-original/2025|H5N1|USA-ND|Unknown|2025-11-04|feline|D1.1,Central,Central
1261,201,0.300735690304001,-71.4724038381863,44.1636985414297,-70.1075421814428,45.5070455565316,1.31905469354248,1.01831900323848,2025.54583965216,2025.84657534247,SRR36202283|A/chicken/NH/25G03769-001-original/2025|H5N1|USA-NH|Unknown|2025-11-06|domestic_avian|D1.1,Atlantic,Atlantic
1255,200,0.222489752123147,-75.0646660953468,39.5509094005679,-74.0448690321483,40.3656807882544,1.31905469354248,1.09656494141933,2025.62408559034,2025.84657534247,SRR36406342|A/Striped_skunk/NY/25G03988-001/2025|H5N1|USA-NY|St_Lawrence|2025-11-06|other_mammal|D1.1,Atlantic,Atlantic
1076,505,0.210549493654539,-82.9250357646717,43.924602813973,-102.18312437851,41.5184457716688,1.31905469354248,1.10850519988794,2025.63602584881,2025.84657534247,SRR36202234|A/chicken/DE/25G03562-002-original/2025|H5N1|USA-DE|Unknown|2025-11-06|domestic_avian|D1.1,Mississippi,Atlantic
1078,507,0.143481601165682,-91.473744936775,32.6557673932753,-85.5847577649621,33.2654210852432,1.32179441956984,1.17831281840416,2025.70583346733,2025.84931506849,SRR36538326|A/canada_goose/NC/25G04376-001/2025|H5N1|USA-NC|New_Hanover|2025-11-07|wild_avian|D1.1,Atlantic,Atlantic
996,421,0.403881052192401,-108.264345189865,32.2313628007317,-108.152632165085,36.9397871099078,1.32453414559742,0.920653093405022,2025.44817374233,2025.85205479452,SRR36203391|A/wood_duck/IN/25G03805-006/2025|H5N1|USA-IN|Newton|2025-11-08|wild_avian|D1.1,Mississippi,Mississippi
1079,447,0.345547813000552,-89.3003633869994,40.8556526016826,-93.7656320087753,32.83122890882,1.32453414559742,0.978986332596871,2025.50650698152,2025.85205479452,SRR36538295|A/american_green_winged_teal/OK/25G04973-021/2025|H5N1|USA-OK|Sequoyah|2025-11-08|wild_avian|D1.1,Central,Central
1121,374,0.28164996099525,-96.2166094176828,41.743131767998,-102.562572774255,42.7898296358461,1.32453414559742,1.04288418460217,2025.57040483353,2025.85205479452,SRR36538290|A/bald_eagle/IN/25G04807-001/2025|H5N1|USA-IN|Hamilton|2025-11-08|wild_avian|D1.1,Mississippi,Mississippi
1054,427,0.0702432628382981,-97.8769396016921,38.1504288983948,-97.6415872743875,38.2674584165009,1.32453414559742,1.25429088275913,2025.78181153168,2025.85205479452,SRR36406324|A/gadwall/KS/25G04225-001/2025|H5N1|USA-KS|Neosho|2025-11-08|wild_avian|D1.1,Central,Central
1055,425,0.066095165891576,-95.9969057454199,37.2478207687313,-97.3655209031302,38.0911743913064,1.32453414559742,1.25843897970585,2025.78595962863,2025.85205479452,SRR36538311|A/gadwall/KS/25G04225-031/2025|H5N1|USA-KS|Neosho|2025-11-08|wild_avian|D1.1,Central,Central
949,317,0.276634832192614,-76.7324761936196,41.5051751421885,-80.683480352267,39.4502825875572,1.33001359765214,1.05337876545953,2025.58089941438,2025.85753424658,SRR36203383|A/Black_Vulture/CT/25G03770-001-original/2025|H5N1|USA-CT|Unknown|2025-11-10|wild_avian|D1.1,Atlantic,Atlantic
1034,482,0.253227300268856,-84.2663977914786,30.2334497461477,-80.2165361187175,26.0022613715801,1.33001359765214,1.07678629738328,2025.60430694631,2025.85753424658,SRR36538310|A/gadwall/SD/25G04284-006/2025|H5N1|USA-SD|Day|2025-11-10|wild_avian|D1.1,Central,Central
1016,492,0.234445526367643,-91.8838245419683,34.0383264899173,-84.7583473247278,41.1054284431382,1.33001359765214,1.0955680712845,2025.62308872021,2025.85753424658,SRR36538325|A/canada_goose/WV/25G04377-001/2025|H5N1|USA-WV|Mason|2025-11-10|wild_avian|D1.1,Mississippi,Atlantic
1133,365,0.231695968383346,-95.1904106224626,42.3649849981334,-93.2849279552107,42.7819246404018,1.33001359765214,1.09831762926879,2025.62583827819,2025.85753424658,SRR36406411|A/great_horned_owl/MN/25G04156-001/2025|H5N1|USA-MN|Kandiyohi|2025-11-10|wild_avian|D1.1,Mississippi,Mississippi
1022,473,0.0277402123832073,-95.1811853940819,39.2618051566332,-93.6021181124661,39.5357639889769,1.33001359765214,1.30227338526893,2025.82979403419,2025.85753424658,SRR36406343|A/trumpeter_swan/ID/25G03984-001/2025|H5N1|USA-ID|Bannock|2025-11-10|wild_avian|D1.1,Pacific,Pacific
990,417,0.349313651540982,-81.2157035529309,41.2536663452976,-106.397984620556,32.6911964297721,1.33549304970685,0.986179398165871,2025.51370004709,2025.86301369863,SRR36538417|A/ross_s_goose/LA/25G04375-002/2025|H5N1|USA-LA|Vernon|2025-11-12|wild_avian|D1.1,Pacific,Mississippi
947,311,0.265536049223354,-77.0340534471485,39.7828799574955,-77.1415223612301,39.7861178164722,1.33549304970685,1.0699570004835,2025.59747764941,2025.86301369863,SRR36406338|A/black_vulture/PA/25G03999-001/2025|H5N1|USA-PA|Adams|2025-11-12|wild_avian|D1.1,Atlantic,Atlantic
1014,496,0.243274181645213,-94.6845975512027,42.2539479940572,-97.4950650953664,41.8033934075647,1.33549304970685,1.09221886806164,2025.61973951698,2025.86301369863,SRR36406276|A/snow_goose/CO/25G04393-001/2025|H5N1|USA-CO|Sedgwick|2025-11-12|wild_avian|D1.1,Central,Central
1037,486,0.224705309980597,-97.2613501696953,29.4170514997015,-98.8897560965182,38.9563926613841,1.33549304970685,1.11078773972626,2025.63830838865,2025.86301369863,SRR36538334|A/wild_goose/TX/25G04762-002/2025|H5N1|USA-TX|Randall|2025-11-12|wild_avian|D1.1,Central,Central
1022,472,0.0332196644379221,-95.1811853940819,39.2618051566332,-89.5553240310608,38.5046617868595,1.33549304970685,1.30227338526893,2025.82979403419,2025.86301369863,SRR36406329|A/trumpeter_swan/ID/25G04021-001/2025|H5N1|USA-ID|Ada|2025-11-12|wild_avian|D1.1,Pacific,Pacific
1073,510,0.348955934768835,-88.1163402387796,40.8551673221807,-108.177813803787,43.0439344099305,1.33823277573421,0.989276840965375,2025.51679748989,2025.86575342466,SRR36406291|A/red_tailed_hawk/OR/25G04260-001/2025|H5N1|USA-OR|Klamath|2025-11-13|wild_avian|D1.1,Central,Pacific
1060,460,0.244061248570194,-88.9336451881274,40.2973989400569,-88.1314150914788,39.5636128135202,1.33823277573421,1.09417152716402,2025.62169217609,2025.86575342466,SRR36406289|A/canada_goose/NE/25G04294-001/2025|H5N1|USA-NE|Box_Butte|2025-11-13|wild_avian|D1.1,Central,Central
919,534,0.238725706089946,-101.218727973029,30.5872728345378,-101.417997393541,30.4537047732865,1.33823277573421,1.09950706964427,2025.62702771857,2025.86575342466,SRR36538281|A/black_vulture/GA/25G04368-001/2025|H5N1|USA-GA|Houston|2025-11-13|wild_avian|D1.1,Atlantic,Atlantic
1101,381,0.231273472901902,-81.9207983481001,37.9293856040544,-84.9895359685934,37.5400629495108,1.33823277573421,1.10695930283231,2025.63447995176,2025.86575342466,SRR36582225|A/mallard_duck/WI/25G04982-005/2025|H5N1|USA-WI|Oconto|2025-11-13|wild_avian|D1.1,Mississippi,Mississippi
1033,488,0.229646258123294,-96.7312200440158,42.404006433196,-104.247498639967,44.272477249135,1.33823277573421,1.10858651761092,2025.63610716653,2025.86575342466,SRR36406292|A/red_tailed_hawk/OR/25G04259-001/2025|H5N1|USA-OR|Klamath|2025-11-13|wild_avian|D1.1,Pacific,Pacific
1000,452,0.232316436343298,-94.7220417852623,40.6967047151707,-100.094636014827,44.4351781570471,1.3409725017618,1.1086560654185,2025.63617671434,2025.86849315069,SRR36406424|A/trumpeter_swan/MN/25G04483-001/2025|H5N1|USA-MN|Rice|2025-11-14|wild_avian|D1.1,Central,Mississippi
1052,424,0.279880389428594,-90.6216150524709,40.9986597599261,-99.0490106517317,44.5625597576608,1.34371222778915,1.06383183836056,2025.59135248728,2025.87123287671,SRR36406281|A/trumpeter_swan/WY/25G04344-003/2025|H5N1|USA-WY|Lincoln|2025-11-15|wild_avian|D1.1,Central,Pacific
1043,467,0.240834415574296,-90.7995010007018,42.7201105385859,-89.9811439576247,42.7510490798825,1.34371222778915,1.10287781221486,2025.63039846114,2025.87123287671,SRR36406282|A/trumpeter_swan/WY/25G04344-002/2025|H5N1|USA-WY|Lincoln|2025-11-15|wild_avian|D1.1,Pacific,Pacific
997,422,0.370262641460313,-109.199988744511,32.4073681309817,-109.135750629674,34.0114551246403,1.34645195381651,0.976189312356197,2025.50370996128,2025.87397260274,SRR36538390|A/american_black_duck/OH/25G04930-025/2025|H5N1|USA-OH|Ottawa|2025-11-16|wild_avian|D1.1,Mississippi,Mississippi
1064,437,0.257728337102062,-87.8348172160933,44.0776733425041,-94.9370425648975,46.9312865323209,1.34645195381651,1.08872361671445,2025.61624426564,2025.87397260274,SRR36406371|A/canvasback_duck/IL/25G04631-002/2025|H5N1|USA-IL|Jefferson|2025-11-16|wild_avian|D1.1,Central,Mississippi
1001,449,0.24796004583384,-91.7023613876089,37.524164673898,-96.3016260871829,30.6545334138264,1.34919167984387,1.10123163401003,2025.62875228293,2025.87671232877,SRR36406429|A/mallard_duck/IL/25G04430-008/2025|H5N1|USA-IL|Clinton|2025-11-17|wild_avian|D1.1,Central,Mississippi
1083,457,0.222968781316454,-80.6274703306529,41.034877496075,-114.284641571958,44.2170639580018,1.34919167984387,1.12622289852741,2025.65374354745,2025.87671232877,SRR36406277|A/Fish_crow/FL/25G04379-001/2025|H5N1|USA-FL|Lee|2025-11-17|wild_avian|D1.1,Pacific,Atlantic
1143,347,0.24042040629414,-96.5065231035396,36.3736861807286,-96.5832309760246,41.2894128011131,1.35193140587123,1.11151099957708,2025.6390316485,2025.87945205479,SRR36538338|A/wild_goose/TX/25G04760-001/2025|H5N1|USA-TX|Potter|2025-11-18|wild_avian|D1.1,Central,Central
1145,349,0.226211194618981,-99.3089422491184,44.5740632875736,-103.175578828418,43.733235105711,1.35193140587123,1.12572021125224,2025.65324086018,2025.87945205479,SRR36538318|A/canada_goose/CO/25G04853-001/2025|H5N1|USA-CO|Larimer|2025-11-18|wild_avian|D1.1,Central,Central
790,22,0.964408499129934,-89.6382813221486,40.1114491376295,-92.5228770979939,32.6103969893786,1.35741085792617,0.393002358796233,2024.92052300772,2025.88493150685,SRR36582238|A/Black_vulture/SC/25G05160-001/2025|H5N1|USA-SC|Charleston|2025-11-20|wild_avian|D1.1,Atlantic,Atlantic
816,272,0.646516485565492,-96.8205644890823,42.787841351184,-96.9245817116145,47.4769289201358,1.35741085792617,0.710894372360676,2025.23841502128,2025.88493150685,SRR36538271|A/black_vulture/AR/25G04946-001/2025|H5N1|USA-AR|Washington|2025-11-20|wild_avian|D1.1,Mississippi,Mississippi
1047,430,0.360755878340731,-91.09682454152,40.1228929493766,-73.9725808174246,42.0720707799693,1.35741085792617,0.996654979585437,2025.52417562851,2025.88493150685,SRR36538343|A/western_gull/CA/25G04840-001/2025|H5N1|USA-CA|Contra_Costa|2025-11-20|wild_avian|D1.1,Central,Pacific
993,415,0.264051843169108,-77.3972196436655,36.8967180125711,-102.382602372482,34.1995419088988,1.35741085792617,1.09335901475706,2025.62087966368,2025.88493150685,SRR36538357|A/snow_goose/OK/25G05185-001/2025|H5N1|USA-OK|Cleveland|2025-11-20|wild_avian|D1.1,Pacific,Central
1082,454,0.252340105492086,-79.5982206426385,38.7747476689308,-84.8910869288515,43.634932052598,1.35741085792617,1.10507075243408,2025.63259140136,2025.88493150685,SRR36538375|A/red_tailed_hawk/CA/25G04838-002/2025|H5N1|USA-CA|Sacramento|2025-11-20|wild_avian|D1.1,Pacific,Pacific
1037,485,0.246623118199911,-97.2613501696953,29.4170514997015,-94.8222506121793,33.5364297124888,1.35741085792617,1.11078773972626,2025.63830838865,2025.88493150685,SRR36538363|A/ross_s_goose/SD/25G04635-003/2025|H5N1|USA-SD|McPherson|2025-11-20|wild_avian|D1.1,Central,Central
1010,499,0.253562694966767,-81.8885464238539,34.3068888696077,-80.6236849367891,35.4875955114491,1.36015058395352,1.10658788898676,2025.63410853791,2025.88767123288,SRR36582215|A/ring_necked_duck/WI/25G05226-008/2025|H5N1|USA-WI|Burnet|2025-11-21|wild_avian|D1.1,Mississippi,Mississippi
991,420,0.36184187752676,-81.7987727273816,41.061843157376,-121.390430136042,46.0456862409381,1.36289030998088,1.00104843245412,2025.52856908138,2025.8904109589,SRR36582245|A/american_green_winged_teal/VA/25G05021-005/2025|H5N1|USA-VA|Surry|2025-11-22|wild_avian|D1.1,Pacific,Atlantic
1035,484,0.308410404548553,-99.7056366489828,30.3074746661648,-121.581866618492,45.2583163768905,1.36289030998088,1.05447990543233,2025.58200055436,2025.8904109589,SRR36538305|A/greater_scaup/VA/25G04885-001/2025|H5N1|USA-VA|Suffolk|2025-11-22|wild_avian|D1.1,Central,Atlantic
1000,448,0.254234244562385,-94.7220417852623,40.6967047151707,-115.509488505225,40.1364449842252,1.36289030998088,1.1086560654185,2025.63617671434,2025.8904109589,SRR36582243|A/american_green_winged_teal/GA/25G05285-010/2025|H5N1|USA-GA|McIntosh|2025-11-22|wild_avian|D1.1,Central,Atlantic
1017,494,0.242901939290286,-89.7690079064852,40.6387463813095,-69.8967518359967,46.4769728822452,1.36289030998088,1.1199883706906,2025.64750901961,2025.8904109589,SRR36538366|A/ring_necked_duck/FL/25G04963-061/2025|H5N1|USA-FL|Lake|2025-11-22|wild_avian|D1.1,Central,Atlantic
1007,502,0.319298941406388,-86.0043765026108,42.061068019859,-85.1954651497516,39.7364214338195,1.3683697620356,1.04907082062921,2025.57659146955,2025.89589041096,SRR36538359|A/snow_goose/MO/25G04856-004/2025|H5N1|USA-MO|Clay|2025-11-24|wild_avian|D1.1,Central,Mississippi
1103,393,0.279397856117979,-83.7836681499945,34.4528936312757,-82.3086325942099,36.4238413680809,1.3683697620356,1.08897190591762,2025.61649255484,2025.89589041096,SRR36538288|A/bald_eagle/MI/25G04925-001/2025|H5N1|USA-MI|Saginaw|2025-11-24|wild_avian|D1.1,Mississippi,Mississippi
1138,358,0.276077028117608,-93.7678993477234,43.8111498153418,-103.363231429897,46.7148212769048,1.3683697620356,1.09229273391799,2025.61981338284,2025.89589041096,SRR36538286|A/bald_eagle/MI/25G04925-005/2025|H5N1|USA-MI|Newaygo|2025-11-24|wild_avian|D1.1,Mississippi,Mississippi
1055,426,0.109930782329749,-95.9969057454199,37.2478207687313,-99.8061743445747,33.1071244376121,1.3683697620356,1.25843897970585,2025.78595962863,2025.89589041096,SRR36538302|A/mallard_duck/MO/25G04856-003/2025|H5N1|USA-MO|St_Louis|2025-11-24|wild_avian|D1.1,Central,Mississippi
1261,202,0.352790484824701,-71.4724038381863,44.1636985414297,-70.8309313648274,42.66075359025,1.37110948806318,1.01831900323848,2025.54583965216,2025.89863013699,SRR36538185|A/Domestic_goose/ME/25G04880-003/2025|H5N1|USA-ME|Penobscot|2025-11-25|domestic_avian|D1.1,Atlantic,Atlantic
1259,195,0.293087237339246,-71.1505685876515,45.2411271074207,-69.9961244740855,45.8806261973792,1.37110948806318,1.07802225072393,2025.60554289965,2025.89863013699,SRR36538317|A/canada_goose/NY/25G04881-001/2025|H5N1|USA-NY|Chemung|2025-11-25|wild_avian|D1.1,Atlantic,Atlantic
1036,487,0.285651545951632,-99.4252298783191,30.2207994296163,-97.9973534372,26.5448561922799,1.37110948806318,1.08545794211155,2025.61297859103,2025.89863013699,SRR36582231|A/canada_goose/MT/25G05375-001/2025|H5N1|USA-MT|Roosevelt|2025-11-25|wild_avian|D1.1,Central,Central
1009,501,0.282159459060316,-82.7994663822242,35.5477555615198,-103.10353913297,42.9812000207477,1.37110948806318,1.08895002900287,2025.61647067793,2025.89863013699,SRR36538193|A/Domestic_chicken/ME/25G05080-001/2025|H5N1|USA-ME|Penobscot|2025-11-25|domestic_avian|D1.1,Mississippi,Atlantic
1065,436,0.272217728588467,-87.6677903332531,44.639994046108,-81.5270337840197,28.5509885855315,1.37110948806318,1.09889175947472,2025.6264124084,2025.89863013699,SRR36582221|A/Mute_swan/SC/25G05056-001/2025|H5N1|USA-SC|Sumter|2025-11-25|wild_avian|D1.1,Central,Atlantic
1002,450,0.205279712326622,-91.9975160367357,35.4000588609888,-74.938619925829,40.7503248795284,1.3765889401179,1.17130922779127,2025.69882987671,2025.90410958904,SRR36538195|A/Domestic_turkey/NC/25G05083-001/2025|H5N1|USA-NC|Wayne|2025-11-27|domestic_avian|D1.1,Central,Atlantic
1075,509,0.272555921284866,-82.7624791764304,43.6549011979566,-102.244265066062,38.6488735437673,1.37932866614525,1.10677274486039,2025.63429339378,2025.90684931507,SRR36582240|A/Bald_eagle/NJ/25G05298-001/2025|H5N1|USA-NJ|Burlington|2025-11-28|wild_avian|D1.1,Mississippi,Atlantic
1078,508,0.203755573768454,-91.473744936775,32.6557673932753,-91.718103635241,34.9348427600476,1.38206839217261,1.17831281840416,2025.70583346733,2025.9095890411,SRR36582196|A/Wood_duck/AL/25G05286-007/2025|H5N1|USA-AL|Barbour|2025-11-29|wild_avian|D1.1,Atlantic,Mississippi
1071,439,0.275864839150266,-98.8577896841338,43.9524123038163,-92.8471598850759,37.6506581272956,1.38480811819997,1.1089432790497,2025.63646392797,2025.91232876712,SRR36582209|A/snow_goose/NE/25G05292-001/2025|H5N1|USA-NE|York|2025-11-30|wild_avian|D1.1,Central,Central
1099,380,0.405418436405667,-92.3847871611125,39.8984864335702,-91.5751293259265,40.0371112659141,1.38754784422755,0.982129407821886,2025.50965005675,2025.91506849315,SRR36582207|A/snow_goose/NE/25G05294-001/2025|H5N1|USA-NE|Sarpy|2025-12-01|wild_avian|D1.1,Mississippi,Central
1018,498,0.309368446008806,-95.0023558272048,42.1412821273569,-100.309687345811,42.4306375523726,1.38754784422755,1.07817939821875,2025.60570004714,2025.91506849315,SRR36582197|A/wild_goose/TX/25G05380-001/2025|H5N1|USA-TX|Lubbock|2025-12-01|wild_avian|D1.1,Central,Central
1017,493,0.267559473536958,-89.7690079064852,40.6387463813095,-89.5286587891686,40.4265030272332,1.38754784422755,1.1199883706906,2025.64750901961,2025.91506849315,SRR36582206|A/snow_goose/NE/25G05295-001/2025|H5N1|USA-NE|Adams|2025-12-01|wild_avian|D1.1,Central,Central
1032,481,0.217677403939056,-100.803321220318,44.4150915125257,-104.478718102719,46.857513211457,1.38754784422755,1.1698704402885,2025.69739108921,2025.91506849315,SRR36582205|A/snow_goose/MT/25G05372-001/2025|H5N1|USA-MT|Gallatin|2025-12-01|wild_avian|D1.1,Pacific,Pacific
1038,469,0.361171682148335,-92.2632225348168,39.2432756930896,-106.147966089822,45.1368047761434,1.39028757025491,1.02911588810658,2025.55663653703,2025.91780821918,SRR36582198|A/Wild_duck/TX/25G05240-001/2025|H5N1|USA-TX|Galveston|2025-12-02|wild_avian|D1.1,Central,Central
1011,490,0.32552981978928,-93.2433126846474,42.3686459968437,-80.7008907645784,36.8344525839157,1.39028757025491,1.06475775046563,2025.59227839939,2025.91780821918,SRR36538194|A/peafowl/WI/25G05091-001/2025|H5N1|USA-WI|Marquette|2025-12-02|wild_avian|D1.1,Central,Mississippi
1014,495,0.298068702193271,-94.6845975512027,42.2539479940572,-93.8781026756418,38.1806187956221,1.39028757025491,1.09221886806164,2025.61973951698,2025.91780821918,SRR36582213|A/snow_goose/KS/25G05234-001/2025|H5N1|USA-KS|Riley|2025-12-02|wild_avian|D1.1,Central,Central
1050,458,0.372749743474432,-91.1166736565091,40.3422499366582,-93.3755615782863,31.2236399617706,1.39302729628227,1.02027755280784,2025.54779820173,2025.92054794521,SRR36538358|A/snow_goose/IA/25G05071-001/2025|H5N1|USA-IA|Story|2025-12-03|wild_avian|D1.1,Central,Mississippi
