node1,node2,length,startLon,startLat,endLon,endLat,endNodeL,startNodeL,startYear,endYear,tipLabel,startFlyway,endFlyway
679,680,0.0131801401831322,-109.431339495046,40.4708072300698,-109.153487170403,40.2779279032416,0.0131801401831322,0,2024.53317085409,2024.54635099427,NA,Pacific,Pacific
680,1078,0.00171342116569573,-109.153487170403,40.2779279032416,-111.610446110604,40.3148411920111,0.0148935613488279,0.0131801401831322,2024.54635099427,2024.54806441544,NA,Pacific,Pacific
679,1080,0.0371484774759929,-109.431339495046,40.4708072300698,-107.499114079814,39.1570172345989,0.0371484774759929,0,2024.53317085409,2024.57031933157,NA,Pacific,Pacific
1080,1083,0.00534386323253599,-107.499114079814,39.1570172345989,-105.46040870668,38.7343436192172,0.0424923407085289,0.0371484774759929,2024.57031933157,2024.5756631948,NA,Pacific,Central
1083,1084,0.012105938013826,-105.46040870668,38.7343436192172,-104.678011691728,37.5808085330518,0.0545982787223549,0.0424923407085289,2024.5756631948,2024.58776913281,NA,Central,Central
1083,1235,0.0215654565372601,-105.46040870668,38.7343436192172,-106.056905383307,38.3750162862569,0.064057797245789,0.0424923407085289,2024.5756631948,2024.59722865133,NA,Central,Central
1084,1118,0.0104046252440748,-104.678011691728,37.5808085330518,-104.97511192091,39.4122658989661,0.0650029039664297,0.0545982787223549,2024.58776913281,2024.59817375806,NA,Central,Central
1235,1236,0.00187562852386547,-106.056905383307,38.3750162862569,-105.975713876827,38.1316772122414,0.0659334257696544,0.064057797245789,2024.59722865133,2024.59910427986,NA,Central,Central
680,681,0.0581742912449257,-109.153487170403,40.2779279032416,-110.711626202319,42.7021638598074,0.0713544314280579,0.0131801401831322,2024.54635099427,2024.60452528552,NA,Pacific,Pacific
681,683,0.0050510087767901,-110.711626202319,42.7021638598074,-110.713884155991,42.7119243516439,0.076405440204848,0.0713544314280579,2024.60452528552,2024.60957629429,NA,Pacific,Pacific
1118,1125,0.0181062656866446,-104.97511192091,39.4122658989661,-106.615393776931,39.4969648800536,0.0831091696530744,0.0650029039664297,2024.59817375806,2024.61628002374,NA,Central,Central
683,685,0.0115917372240486,-110.713884155991,42.7119243516439,-110.658829300506,42.8248937065684,0.0879971774288966,0.076405440204848,2024.60957629429,2024.62116803152,NA,Pacific,Pacific
1236,1240,0.030351007821535,-105.975713876827,38.1316772122414,-108.212164882895,37.1377755176868,0.0962844335911894,0.0659334257696544,2024.59910427986,2024.62945528768,NA,Central,Central
1240,1241,0.000791733687051321,-108.212164882895,37.1377755176868,-107.616318098705,37.7320461010256,0.0970761672782408,0.0962844335911894,2024.62945528768,2024.63024702137,NA,Central,Central
1236,1237,0.0339230562775874,-105.975713876827,38.1316772122414,-105.244334428581,39.2146313225843,0.0998564820472418,0.0659334257696544,2024.59910427986,2024.63302733614,NA,Central,Central
1080,1081,0.062797936790524,-107.499114079814,39.1570172345989,-107.52991046451,40.6279041275109,0.099946414266517,0.0371484774759929,2024.57031933157,2024.63311726836,NA,Pacific,Pacific
1084,1085,0.0454480407716784,-104.678011691728,37.5808085330518,-101.943565996204,41.0962703200866,0.100046319494033,0.0545982787223549,2024.58776913281,2024.63321717358,NA,Central,Pacific
685,686,0.0200911113245179,-110.658829300506,42.8248937065684,-106.507325394394,40.3015419683015,0.108088288753414,0.0879971774288966,2024.62116803152,2024.64125914284,NA,Pacific,Pacific
685,1025,0.0260880755974262,-110.658829300506,42.8248937065684,-102.45480543986,42.6529634094245,0.114085253026323,0.0879971774288966,2024.62116803152,2024.64725610712,NA,Pacific,Central
1085,1106,0.0156912206732454,-101.943565996204,41.0962703200866,-98.7014391617895,41.5196128888832,0.115737540167279,0.100046319494033,2024.63321717358,2024.64890839426,NA,Pacific,Pacific
1241,1242,0.0196723675856352,-107.616318098705,37.7320461010256,-103.785184542623,33.3298930543602,0.116748534863876,0.0970761672782408,2024.63024702137,2024.64991938895,NA,Central,Central
686,687,0.0112994858402049,-106.507325394394,40.3015419683015,-107.436016686474,38.0101530368379,0.119387774593619,0.108088288753414,2024.64125914284,2024.65255862868,NA,Pacific,Pacific
1118,1119,0.0544535148010106,-104.97511192091,39.4122658989661,-102.226971166847,38.8812679714439,0.11945641876744,0.0650029039664297,2024.59817375806,2024.65262727286,NA,Central,Central
1085,1086,0.02472905334437,-101.943565996204,41.0962703200866,-100.47695263014,40.1863823029949,0.124775372838403,0.100046319494033,2024.63321717358,2024.65794622693,NA,Pacific,Pacific
1125,1126,0.0439383303809187,-106.615393776931,39.4969648800536,-90.6080859743308,38.5692472219786,0.127047500033993,0.0831091696530744,2024.61628002374,2024.66021835412,NA,Central,Mississippi
681,682,0.0569453055303908,-110.711626202319,42.7021638598074,-120.015085429648,44.3340315648016,0.128299736958449,0.0713544314280579,2024.60452528552,2024.66147059105,NA,Pacific,Central
1119,1122,0.011486496554368,-102.226971166847,38.8812679714439,-103.522803642052,39.1384113134523,0.130942915321808,0.11945641876744,2024.65262727286,2024.66411376941,NA,Central,Central
1025,1026,0.0183840208061758,-102.45480543986,42.6529634094245,-102.305123269933,42.6733872514701,0.132469273832499,0.114085253026323,2024.64725610712,2024.66564012792,NA,Central,Central
1106,1116,0.0217941132941284,-98.7014391617895,41.5196128888832,-96.2890883309882,44.4232214996021,0.137531653461407,0.115737540167279,2024.64890839426,2024.67070250755,NA,Pacific,Pacific
1126,1127,0.0133577683795034,-90.6080859743308,38.5692472219786,-88.4746497458362,37.8087814381349,0.140405268413496,0.127047500033993,2024.66021835412,2024.6735761225,NA,Mississippi,Mississippi
1081,1082,0.0427398796122938,-107.52991046451,40.6279041275109,-107.19083932734,41.2368912512409,0.142686293878811,0.099946414266517,2024.63311726836,2024.67585714797,NA,Pacific,Pacific
1106,1107,0.0271942786480073,-98.7014391617895,41.5196128888832,-98.5568551188932,41.9521503523441,0.142931818815286,0.115737540167279,2024.64890839426,2024.6761026729,NA,Pacific,Central
1086,1089,0.0188543002728001,-100.47695263014,40.1863823029949,-101.015212059134,40.5529872639268,0.143629673111203,0.124775372838403,2024.65794622693,2024.6768005272,NA,Pacific,Pacific
1089,1090,0.00390032972619525,-101.015212059134,40.5529872639268,-101.54758885057,41.2292647378758,0.147530002837399,0.143629673111203,2024.6768005272,2024.68070085693,NA,Pacific,Central
1026,1028,0.0185590620883807,-102.305123269933,42.6733872514701,-98.075827840363,33.8382504841539,0.151028335920879,0.132469273832499,2024.66564012792,2024.68419919001,NA,Central,Pacific
1127,1128,0.0114963005485897,-88.4746497458362,37.8087814381349,-89.121163146042,38.548873606517,0.151901568962086,0.140405268413496,2024.6735761225,2024.68507242305,NA,Mississippi,Mississippi
687,689,0.0353924053043795,-107.436016686474,38.0101530368379,-104.428301704292,39.7929379609878,0.154780179897999,0.119387774593619,2024.65255862868,2024.68795103399,NA,Pacific,Pacific
1090,1091,0.00822778865772911,-101.54758885057,41.2292647378758,-100.816530814572,40.7322751761275,0.155757791495128,0.147530002837399,2024.68070085693,2024.68892864558,NA,Central,Pacific
1241,1254,0.0609246508603905,-107.616318098705,37.7320461010256,-83.53552275274,33.6511959686382,0.158000818138631,0.0970761672782408,2024.63024702137,2024.69117167223,NA,Central,Mississippi
689,690,0.00529823700414966,-104.428301704292,39.7929379609878,-104.639268110669,39.469970359361,0.160078416902149,0.154780179897999,2024.68795103399,2024.69324927099,NA,Pacific,Pacific
1107,1108,0.017748086312088,-98.5568551188932,41.9521503523441,-102.202310520683,41.8293671527804,0.160679905127374,0.142931818815286,2024.6761026729,2024.69385075922,NA,Central,Central
690,691,0.000723927559252546,-104.639268110669,39.469970359361,-104.417339702465,39.6221045943265,0.160802344461401,0.160078416902149,2024.69324927099,2024.69397319855,NA,Pacific,Pacific
691,692,0.000161319178765718,-104.417339702465,39.6221045943265,-104.586784276556,39.6318786586472,0.160963663640167,0.160802344461401,2024.69397319855,2024.69413451773,NA,Pacific,Pacific
690,963,0.00147823657612456,-104.639268110669,39.469970359361,-106.492752103219,42.4821157730176,0.161556653478273,0.160078416902149,2024.69324927099,2024.69472750757,NA,Pacific,Pacific
1028,1029,0.01113108931121,-98.075827840363,33.8382504841539,-98.0020584986938,34.2112741704514,0.162159425232089,0.151028335920879,2024.68419919001,2024.69533027932,NA,Pacific,Pacific
963,966,0.00124276760318986,-106.492752103219,42.4821157730176,-105.928294382856,42.6937435255656,0.162799421081463,0.161556653478273,2024.69472750757,2024.69597027517,NA,Pacific,Pacific
691,892,0.00213324676081417,-104.417339702465,39.6221045943265,-102.744589196894,40.072257942933,0.162935591222215,0.160802344461401,2024.69397319855,2024.69610644531,NA,Pacific,Pacific
966,999,0.00337850922459659,-105.928294382856,42.6937435255656,-105.853651561323,42.7750101803486,0.16617793030606,0.162799421081463,2024.69597027517,2024.6993487844,NA,Pacific,Pacific
689,1017,0.0116062002401252,-104.428301704292,39.7929379609878,-104.546576314277,39.455802098087,0.166386380138124,0.154780179897999,2024.68795103399,2024.69955723423,NA,Pacific,Pacific
686,1022,0.0588900070361229,-106.507325394394,40.3015419683015,-108.387574889364,46.3489462010576,0.166978295789537,0.108088288753414,2024.64125914284,2024.70014914988,NA,Pacific,Pacific
1119,1120,0.0478125782163132,-102.226971166847,38.8812679714439,-102.42258223401,38.7713041880283,0.167268996983754,0.11945641876744,2024.65262727286,2024.70043985107,NA,Central,Central
1089,1094,0.0239513887590153,-101.015212059134,40.5529872639268,-99.8088566383444,37.5975808297733,0.167581061870219,0.143629673111203,2024.6768005272,2024.70075191596,NA,Pacific,Pacific
1127,1146,0.0279086453173831,-88.4746497458362,37.8087814381349,-86.9313462083115,36.3212738682553,0.16831391373088,0.140405268413496,2024.6735761225,2024.70148476782,NA,Mississippi,Mississippi
692,693,0.00749243429670265,-104.586784276556,39.6318786586472,-104.257410564014,40.2176326880913,0.168456097936869,0.160963663640167,2024.69413451773,2024.70162695203,NA,Pacific,Pacific
693,694,0.000510592807815513,-104.257410564014,40.2176326880913,-106.140163707889,40.9631203161666,0.168966690744685,0.168456097936869,2024.70162695203,2024.70213754483,NA,Pacific,Pacific
966,967,0.00630130982134514,-105.928294382856,42.6937435255656,-105.477574645899,42.2619988194815,0.169100730902808,0.162799421081463,2024.69597027517,2024.70227158499,NA,Pacific,Pacific
1094,1095,0.00163060606472087,-99.8088566383444,37.5975808297733,-99.8375298861625,37.6718696056052,0.16921166793494,0.167581061870219,2024.70075191596,2024.70238252202,NA,Pacific,Pacific
892,893,0.00633049147598541,-102.744589196894,40.072257942933,-103.027109596624,40.1223163023051,0.169266082698201,0.162935591222215,2024.69610644531,2024.70243693679,NA,Pacific,Pacific
893,905,0.000618030140304482,-103.027109596624,40.1223163023051,-103.011149875309,39.8856636286905,0.169884112838505,0.169266082698201,2024.70243693679,2024.70305496693,NA,Pacific,Pacific
1146,1147,0.00175494881298333,-86.9313462083115,36.3212738682553,-87.1156421615621,36.2967602176479,0.170068862543863,0.16831391373088,2024.70148476782,2024.70323971663,NA,Mississippi,Mississippi
692,706,0.00914905782525821,-104.586784276556,39.6318786586472,-101.54031183511,39.4774911657045,0.170112721465425,0.160963663640167,2024.69413451773,2024.70328357555,NA,Pacific,Pacific
1017,1019,0.0040311212433235,-104.546576314277,39.455802098087,-105.753025066693,37.387872606916,0.170417501381448,0.166386380138124,2024.69955723423,2024.70358835547,NA,Pacific,Pacific
1126,1233,0.0434002298649216,-90.6080859743308,38.5692472219786,-88.7386516064198,37.9514494829642,0.170447729898915,0.127047500033993,2024.66021835412,2024.70361858399,NA,Mississippi,Mississippi
892,952,0.00785799850564284,-102.744589196894,40.072257942933,-102.950449961514,42.0045040429175,0.170793589727858,0.162935591222215,2024.69610644531,2024.70396444382,NA,Pacific,Central
1091,1092,0.0155477768075172,-100.816530814572,40.7322751761275,-102.48517095416,39.38351124399,0.171305568302645,0.155757791495128,2024.68892864558,2024.70447642239,NA,Pacific,Central
693,705,0.00387332243728222,-104.257410564014,40.2176326880913,-105.130626566319,40.7279486503726,0.172329420374152,0.168456097936869,2024.70162695203,2024.70550027446,NA,Pacific,Pacific
1094,1099,0.00498802352921368,-99.8088566383444,37.5975808297733,-106.868365119439,37.692684875539,0.172569085399432,0.167581061870219,2024.70075191596,2024.70573993949,NA,Pacific,Pacific
1146,1206,0.00556254948329493,-86.9313462083115,36.3212738682553,-86.6920250781342,36.7402703624487,0.173876463214174,0.16831391373088,2024.70148476782,2024.7070473173,NA,Mississippi,Mississippi
893,894,0.00491374866455208,-103.027109596624,40.1223163023051,-102.965071607044,40.47403109318,0.174179831362753,0.169266082698201,2024.70243693679,2024.70735068545,NA,Pacific,Pacific
894,896,0.000250947402292923,-102.965071607044,40.47403109318,-103.106203102793,40.5344201359371,0.174430778765046,0.174179831362753,2024.70735068545,2024.70760163285,NA,Pacific,Pacific
999,1000,0.00842642371307556,-105.853651561323,42.7750101803486,-105.636166697089,42.8907587144543,0.174604354019135,0.16617793030606,2024.6993487844,2024.70777520811,NA,Pacific,Pacific
967,968,0.00695672593077878,-105.477574645899,42.2619988194815,-114.527107063869,38.7581068524891,0.176057456833587,0.169100730902808,2024.70227158499,2024.70922831092,NA,Pacific,Central
1029,1034,0.0142807639900202,-98.0020584986938,34.2112741704514,-98.1945848990223,35.9504205123795,0.176440189222109,0.162159425232089,2024.69533027932,2024.70961104331,NA,Pacific,Pacific
952,953,0.00578085985764143,-102.950449961514,42.0045040429175,-102.535183589426,39.4345876300822,0.1765744495855,0.170793589727858,2024.70396444382,2024.70974530367,NA,Central,Central
1095,1097,0.00828795090284506,-99.8375298861625,37.6718696056052,-97.0749742959136,37.7731490225677,0.177499618837785,0.16921166793494,2024.70238252202,2024.71067047293,NA,Pacific,Pacific
1240,1334,0.0813342226689326,-108.212164882895,37.1377755176868,-97.6805824449794,35.5960030819267,0.177618656260122,0.0962844335911894,2024.62945528768,2024.71078951035,NA,Central,Mississippi
1128,1129,0.0262169363070912,-89.121163146042,38.548873606517,-88.3629481594721,39.0554849851836,0.178118505269177,0.151901568962086,2024.68507242305,2024.71128935936,NA,Mississippi,Mississippi
1147,1159,0.00880142053842103,-87.1156421615621,36.2967602176479,-86.4984400731462,36.8488745491373,0.178870283082284,0.170068862543863,2024.70323971663,2024.71204113717,NA,Mississippi,Mississippi
1129,1130,0.00104212843141016,-88.3629481594721,39.0554849851836,-88.4989075115376,38.9531726115327,0.179160633700588,0.178118505269177,2024.71128935936,2024.71233148779,NA,Mississippi,Mississippi
1025,1040,0.0656189919002128,-102.45480543986,42.6529634094245,-101.951558570464,40.1861086547139,0.179704244926536,0.114085253026323,2024.64725610712,2024.71287509902,NA,Central,Central
1029,1030,0.0183714618014619,-98.0020584986938,34.2112741704514,-96.0297447811269,34.9401063759023,0.180530887033551,0.162159425232089,2024.69533027932,2024.71370174112,NA,Pacific,Pacific
706,889,0.0104286592263909,-101.54031183511,39.4774911657045,-101.21529522748,39.0246003071886,0.180541380691816,0.170112721465425,2024.70328357555,2024.71371223478,NA,Pacific,Pacific
1107,1114,0.037997745531386,-98.5568551188932,41.9521503523441,-99.5085793892584,42.469232949873,0.180929564346672,0.142931818815286,2024.6761026729,2024.71410041844,NA,Central,Pacific
1159,1160,0.0025865346643732,-86.4984400731462,36.8488745491373,-89.3861343986205,38.3006275623966,0.181456817746657,0.178870283082284,2024.71204113717,2024.71462767184,NA,Mississippi,Atlantic
1159,1174,0.00274011825278642,-86.4984400731462,36.8488745491373,-86.755858829381,36.8172868372148,0.18161040133507,0.178870283082284,2024.71204113717,2024.71478125542,NA,Mississippi,Mississippi
1254,1255,0.0241505297474101,-83.53552275274,33.6511959686382,-90.6584188386321,42.7617705856459,0.182151347886041,0.158000818138631,2024.69117167223,2024.71532220198,NA,Mississippi,Atlantic
905,906,0.0122882312701336,-103.011149875309,39.8856636286905,-104.556872161692,35.1828354439646,0.182172344108639,0.169884112838505,2024.70305496693,2024.7153431982,NA,Pacific,Central
999,1013,0.0167651420433796,-105.853651561323,42.7750101803486,-106.414058601831,42.5008826603423,0.182943072349439,0.16617793030606,2024.6993487844,2024.71611392644,NA,Pacific,Pacific
1040,1044,0.00410094987430409,-101.951558570464,40.1861086547139,-102.087881700333,40.2040087894788,0.18380519480084,0.179704244926536,2024.71287509902,2024.71697604889,NA,Central,Central
1000,1008,0.00979240720419039,-105.636166697089,42.8907587144543,-103.606642106845,39.8946241089594,0.184396761223325,0.174604354019135,2024.70777520811,2024.71756761531,NA,Pacific,Central
694,695,0.0164636340659405,-106.140163707889,40.9631203161666,-106.197833019666,39.8992461420235,0.185430324810625,0.168966690744685,2024.70213754483,2024.7186011789,NA,Pacific,Pacific
968,970,0.00960524918553318,-114.527107063869,38.7581068524891,-114.135427759403,39.5664334725517,0.18566270601912,0.176057456833587,2024.70922831092,2024.71883356011,NA,Central,Central
1174,1176,0.00458349786841072,-86.755858829381,36.8172868372148,-85.5648003944061,35.9408726176403,0.186193899203481,0.18161040133507,2024.71478125542,2024.71936475329,NA,Mississippi,Mississippi
1206,1207,0.0129636134124627,-86.6920250781342,36.7402703624487,-87.751749893897,36.4344593427471,0.186840076626637,0.173876463214174,2024.7070473173,2024.72001093072,NA,Mississippi,Mississippi
1008,1009,0.00283593095494639,-103.606642106845,39.8946241089594,-105.564462125502,41.064836000388,0.187232692178272,0.184396761223325,2024.71756761531,2024.72040354627,NA,Central,Central
1129,1135,0.0102442003776673,-88.3629481594721,39.0554849851836,-89.3404460686517,37.8635828645465,0.188362705646845,0.178118505269177,2024.71128935936,2024.72153355974,NA,Mississippi,Mississippi
1095,1096,0.0196814296180059,-99.8375298861625,37.6718696056052,-96.6105393710828,39.5141364581699,0.188893097552945,0.16921166793494,2024.70238252202,2024.72206395164,NA,Pacific,Pacific
970,971,0.00336861252032561,-114.135427759403,39.5664334725517,-114.19135791773,39.8508595433785,0.189031318539446,0.18566270601912,2024.71883356011,2024.72220217263,NA,Central,Central
971,987,0.000386831296046219,-114.19135791773,39.8508595433785,-114.039177395453,39.8424891465878,0.189418149835492,0.189031318539446,2024.72220217263,2024.72258900392,NA,Central,Central
1013,1014,0.00731075092197631,-106.414058601831,42.5008826603423,-106.507560306969,42.3557937167328,0.190253823271415,0.182943072349439,2024.71611392644,2024.72342467736,NA,Pacific,Pacific
1120,1121,0.0229929368593309,-102.42258223401,38.7713041880283,-103.63669172482,36.7259914434311,0.190261933843084,0.167268996983754,2024.70043985107,2024.72343278793,NA,Central,Central
1160,1161,0.00886097237770977,-89.3861343986205,38.3006275623966,-92.953645725861,39.6337038810668,0.190317790124367,0.181456817746657,2024.71462767184,2024.72348864421,NA,Atlantic,Mississippi
1334,1347,0.0127371275365384,-97.6805824449794,35.5960030819267,-98.106852903209,34.7481478089272,0.190355783796661,0.177618656260122,2024.71078951035,2024.72352663789,NA,Mississippi,Mississippi
1347,1348,4.92877500040123e-05,-98.106852903209,34.7481478089272,-98.0928657981971,34.7573820725416,0.190405071546665,0.190355783796661,2024.72352663789,2024.72357592564,NA,Mississippi,Mississippi
695,696,0.00517002249202192,-106.197833019666,39.8992461420235,-111.183246959783,36.9461681511928,0.190600347302647,0.185430324810625,2024.7186011789,2024.72377120139,NA,Pacific,Central
1176,1177,0.00446064220591746,-85.5648003944061,35.9408726176403,-85.0859861400882,36.4639500318239,0.190654541409399,0.186193899203481,2024.71936475329,2024.7238253955,NA,Mississippi,Mississippi
1022,1023,0.0237477738237115,-108.387574889364,46.3489462010576,-108.18721050979,46.4860183020117,0.190726069613249,0.166978295789537,2024.70014914988,2024.7238969237,NA,Pacific,Pacific
1000,1001,0.0163040450691316,-105.636166697089,42.8907587144543,-109.329705136014,43.6384875255039,0.190908399088267,0.174604354019135,2024.70777520811,2024.72407925318,NA,Pacific,Central
971,972,0.0021962746289137,-114.19135791773,39.8508595433785,-112.646876722931,40.4628737423587,0.191227593168359,0.189031318539446,2024.72220217263,2024.72439844726,NA,Central,Central
1034,1035,0.014863531954604,-98.1945848990223,35.9504205123795,-97.9907024858118,31.545107057329,0.191303721176713,0.176440189222109,2024.70961104331,2024.72447457527,NA,Pacific,Pacific
1097,1098,0.0139514263235236,-97.0749742959136,37.7731490225677,-93.2933768466889,37.185957213626,0.191451045161308,0.177499618837785,2024.71067047293,2024.72462189925,NA,Pacific,Pacific
1176,1200,0.00540286415192903,-85.5648003944061,35.9408726176403,-86.8762324636089,34.6113953519555,0.19159676335541,0.186193899203481,2024.71936475329,2024.72476761744,NA,Mississippi,Atlantic
1177,1178,0.00129405277930905,-85.0859861400882,36.4639500318239,-85.0713278800356,36.3576726225216,0.191948594188708,0.190654541409399,2024.7238253955,2024.72511944828,NA,Mississippi,Mississippi
896,899,0.0176610544371547,-103.106203102793,40.5344201359371,-103.365445502525,43.3255444530164,0.1920918332022,0.174430778765046,2024.70760163285,2024.72526268729,NA,Pacific,Pacific
1044,1048,0.00839597746637977,-102.087881700333,40.2040087894788,-101.737967222511,40.1973129913407,0.192201172267219,0.18380519480084,2024.71697604889,2024.72537202636,NA,Central,Central
1200,1201,0.000660934858484286,-86.8762324636089,34.6113953519555,-87.2394069224136,35.2199664996169,0.192257698213894,0.19159676335541,2024.72476761744,2024.7254285523,NA,Atlantic,Mississippi
889,890,0.0118181276138942,-101.21529522748,39.0246003071886,-101.478118699748,38.512434687194,0.19235950830571,0.180541380691816,2024.71371223478,2024.72553036239,NA,Pacific,Pacific
1348,1349,0.00225422595990432,-98.0928657981971,34.7573820725416,-99.5077573469005,32.5624482394393,0.192659297506569,0.190405071546665,2024.72357592564,2024.7258301516,NA,Mississippi,Central
696,703,0.00229500663050697,-111.183246959783,36.9461681511928,-111.352653429099,36.9217329079483,0.192895353933154,0.190600347302647,2024.72377120139,2024.72606620802,NA,Central,Central
1001,1002,0.00382125959223845,-109.329705136014,43.6384875255039,-112.154636585846,41.9683787682941,0.194729658680505,0.190908399088267,2024.72407925318,2024.72790051277,NA,Central,Pacific
1028,1038,0.0453019984339473,-98.075827840363,33.8382504841539,-98.2149158549309,33.6464364154132,0.196330334354827,0.151028335920879,2024.68419919001,2024.72950118844,NA,Pacific,Pacific
1019,1020,0.0266222958981894,-105.753025066693,37.387872606916,-106.533925907245,38.326534096522,0.197039797279637,0.170417501381448,2024.70358835547,2024.73021065137,NA,Pacific,Pacific
1122,1123,0.0663500959101955,-103.522803642052,39.1384113134523,-98.2095787183905,42.7827233473908,0.197293011232004,0.130942915321808,2024.66411376941,2024.73046386532,NA,Central,Central
1268,1274,0.00255572332067122,-70.6995721972863,43.3381767241782,-70.8660323370942,43.0038857219788,0.199236666218207,0.196680942897535,2024.72985179699,2024.73240752031,NA,Atlantic,Atlantic
1099,1100,0.0266948372171123,-106.868365119439,37.692684875539,-109.814960084517,35.4734676931572,0.199263922616545,0.172569085399432,2024.70573993949,2024.73243477671,NA,Pacific,Pacific
706,707,0.0292744269010077,-101.54031183511,39.4774911657045,-101.514329182092,39.7746847536858,0.199387148366433,0.170112721465425,2024.70328357555,2024.73255800246,NA,Pacific,Pacific
1147,1148,0.0293927061014263,-87.1156421615621,36.2967602176479,-89.2481871901836,40.1021655278971,0.199461568645289,0.170068862543863,2024.70323971663,2024.73263242273,NA,Mississippi,Mississippi
906,907,0.0177361308420534,-104.556872161692,35.1828354439646,-108.149142334641,46.9118589128177,0.199908474950692,0.182172344108639,2024.7153431982,2024.73307932904,NA,Central,Mississippi
1161,1162,0.00991076961753357,-92.953645725861,39.6337038810668,-92.8484674359664,39.4802407862289,0.2002285597419,0.190317790124367,2024.72348864421,2024.73339941383,NA,Mississippi,Mississippi
1161,1167,0.00993818634250898,-92.953645725861,39.6337038810668,-87.4644934368875,39.9185832490973,0.200255976466876,0.190317790124367,2024.72348864421,2024.73342683056,NA,Mississippi,Mississippi
1086,1087,0.0774518465667913,-100.47695263014,40.1863823029949,-105.76517221409,48.2796659311386,0.202227219405195,0.124775372838403,2024.65794622693,2024.73539807349,NA,Pacific,Pacific
1048,1055,0.0102007080164999,-101.737967222511,40.1973129913407,-102.035847032676,40.5281250613933,0.202401880283719,0.192201172267219,2024.72537202636,2024.73557273437,NA,Central,Central
905,948,0.0326076857664666,-103.011149875309,39.8856636286905,-101.983603404134,43.0133773632467,0.202491798604972,0.169884112838505,2024.70305496693,2024.73566265269,NA,Pacific,Pacific
1108,1109,0.0419480024718102,-102.202310520683,41.8293671527804,-106.004019412283,38.542060317454,0.202627907599184,0.160679905127374,2024.69385075922,2024.73579876169,NA,Central,Pacific
1162,1163,0.0026128278515376,-92.8484674359664,39.4802407862289,-92.967033622066,39.8884378664316,0.202841387593438,0.2002285597419,2024.73339941383,2024.73601224168,NA,Mississippi,Mississippi
703,704,0.0099558607570287,-111.352653429099,36.9217329079483,-103.187102161593,28.9882747094517,0.202851214690183,0.192895353933154,2024.72606620802,2024.73602206878,NA,Central,Pacific
1109,1110,0.00070337446305424,-106.004019412283,38.542060317454,-106.672650855385,38.543084932097,0.203331282062238,0.202627907599184,2024.73579876169,2024.73650213615,NA,Pacific,Pacific
987,988,0.0139714732226015,-114.039177395453,39.8424891465878,-115.698809791061,35.0887600439238,0.203389623058093,0.189418149835492,2024.72258900392,2024.73656047715,NA,Central,Mississippi
1255,1308,0.0214911184169622,-90.6584188386321,42.7617705856459,-91.7701344004295,42.0218655745299,0.203642466303003,0.182151347886041,2024.71532220198,2024.73681332039,NA,Atlantic,Atlantic
987,994,0.0144331892845417,-114.039177395453,39.8424891465878,-111.236049113439,37.2846621879447,0.203851339120034,0.189418149835492,2024.72258900392,2024.73702219321,NA,Central,Central
1130,1131,0.0251369484955095,-88.4989075115376,38.9531726115327,-88.4974463622036,37.8191158838856,0.204297582196097,0.179160633700588,2024.71233148779,2024.73746843629,NA,Mississippi,Mississippi
907,908,0.00556576114676965,-108.149142334641,46.9118589128177,-108.522587339274,47.5938668671463,0.205474236097462,0.199908474950692,2024.73307932904,2024.73864509019,NA,Mississippi,Mississippi
1148,1149,0.00601282863576924,-89.2481871901836,40.1021655278971,-89.0470455782888,40.8551425881355,0.205474397281058,0.199461568645289,2024.73263242273,2024.73864525137,NA,Mississippi,Mississippi
1131,1132,0.001635069969391,-88.4974463622036,37.8191158838856,-87.4306620039247,38.2419188301955,0.205932652165488,0.204297582196097,2024.73746843629,2024.73910350625,NA,Mississippi,Mississippi
1237,1238,0.1060996636974,-105.244334428581,39.2146313225843,-103.310564528429,39.8003400043549,0.205956145744642,0.0998564820472418,2024.63302733614,2024.73912699983,NA,Central,Central
1201,1203,0.0139324069000302,-87.2394069224136,35.2199664996169,-82.7442782481751,38.1148069187439,0.206190105113925,0.192257698213894,2024.7254285523,2024.7393609592,NA,Mississippi,Atlantic
890,891,0.0139272997701012,-101.478118699748,38.512434687194,-101.292963715862,38.1308791396596,0.206286808075811,0.19235950830571,2024.72553036239,2024.73945766217,NA,Pacific,Pacific
1110,1111,0.00309072598670856,-106.672650855385,38.543084932097,-104.863754109651,39.4824636717841,0.206422008048947,0.203331282062238,2024.73650213615,2024.73959286214,NA,Pacific,Pacific
1178,1180,0.0150995131061193,-85.0713278800356,36.3576726225216,-85.1160857850092,36.373218151897,0.207048107294827,0.191948594188708,2024.72511944828,2024.74021896138,NA,Mississippi,Mississippi
953,954,0.0307913662520094,-102.535183589426,39.4345876300822,-103.037936439715,36.1511295527018,0.207365815837509,0.1765744495855,2024.70974530367,2024.74053666993,NA,Central,Central
1180,1181,0.000956603388214239,-85.1160857850092,36.373218151897,-84.6634657545138,36.5460928815505,0.208004710683041,0.207048107294827,2024.74021896138,2024.74117556477,NA,Mississippi,Mississippi
1020,1021,0.0115191637852796,-106.533925907245,38.326534096522,-106.391948366602,38.8972992802086,0.208558961064917,0.197039797279637,2024.73021065137,2024.74172981515,NA,Pacific,Pacific
988,989,0.0052228771009013,-115.698809791061,35.0887600439238,-115.361523287001,34.457875778759,0.208612500158995,0.203389623058093,2024.73656047715,2024.74178335425,NA,Mississippi,Central
952,959,0.0382484575010977,-102.950449961514,42.0045040429175,-94.7831533572028,46.6791140956181,0.209042047228956,0.170793589727858,2024.70396444382,2024.74221290132,NA,Central,Central
1087,1088,0.00682369195041943,-105.76517221409,48.2796659311386,-109.595403054231,44.5994886975266,0.209050911355614,0.202227219405195,2024.73539807349,2024.74222176544,NA,Pacific,Pacific
1207,1208,0.022666258625371,-87.751749893897,36.4344593427471,-87.4996851522504,36.600661228174,0.209506335252008,0.186840076626637,2024.72001093072,2024.74267718934,NA,Mississippi,Mississippi
1044,1045,0.0259826944468968,-102.087881700333,40.2040087894788,-100.009721122248,39.5352587280735,0.209787889247737,0.18380519480084,2024.71697604889,2024.74295874334,NA,Central,Central
967,996,0.0408387990382015,-105.477574645899,42.2619988194815,-105.20040212767,41.2787772834121,0.20993952994101,0.169100730902808,2024.70227158499,2024.74311038403,NA,Pacific,Central
1099,1103,0.0374758699757594,-106.868365119439,37.692684875539,-108.36062669725,37.3482986366916,0.210044955375192,0.172569085399432,2024.70573993949,2024.74321580946,NA,Pacific,Pacific
1002,1003,0.0155381313442797,-112.154636585846,41.9683787682941,-112.600409612248,41.158586255856,0.210267790024785,0.194729658680505,2024.72790051277,2024.74343864411,NA,Pacific,Pacific
1177,1194,0.0218380666908882,-85.0859861400882,36.4639500318239,-92.1907296309496,35.19116406419,0.212492608100287,0.190654541409399,2024.7238253955,2024.74566346219,NA,Mississippi,Mississippi
1026,1027,0.0802192473849153,-102.305123269933,42.6733872514701,-100.240167900073,45.8785864988673,0.212688521217414,0.132469273832499,2024.66564012792,2024.74585937531,NA,Central,Central
1055,1065,0.010579328027408,-102.035847032676,40.5281250613933,-101.265853194012,39.9386929478626,0.212981208311127,0.202401880283719,2024.73557273437,2024.7461520624,NA,Central,Central
1181,1182,0.00635984143353663,-84.6634657545138,36.5460928815505,-82.4876998631707,39.0231611173226,0.214364552116578,0.208004710683041,2024.74117556477,2024.74753540621,NA,Mississippi,Mississippi
1242,1243,0.0978404895341161,-103.785184542623,33.3298930543602,-114.295193388023,44.2636938493609,0.214589024397992,0.116748534863876,2024.64991938895,2024.74775987849,NA,Central,Mississippi
1181,1185,0.00797483898228446,-84.6634657545138,36.5460928815505,-85.3572740813203,33.9312143437591,0.215979549665326,0.208004710683041,2024.74117556477,2024.74915040375,NA,Mississippi,Mississippi
1287,1288,0.00627355995349999,-72.305453131735,43.7470113875092,-71.7075090303192,41.7373368634998,0.215998979166425,0.209725419212925,2024.7428962733,2024.74916983326,NA,Atlantic,Atlantic
959,962,0.00765347790291471,-94.7831533572028,46.6791140956181,-94.379233887152,45.8279551614702,0.216695525131871,0.209042047228956,2024.74221290132,2024.74986637922,NA,Central,Central
1174,1175,0.0356303841653327,-86.755858829381,36.8172868372148,-89.0838041131309,34.8782062349614,0.217240785500403,0.18161040133507,2024.71478125542,2024.75041163959,NA,Mississippi,Mississippi
1030,1033,0.0371999877237232,-96.0297447811269,34.9401063759023,-91.8356865096896,30.1145158010787,0.217730874757274,0.180530887033551,2024.71370174112,2024.75090172885,NA,Pacific,Pacific
1045,1047,0.00835217960072554,-100.009721122248,39.5352587280735,-95.966498437801,40.9823044929415,0.218140068848462,0.209787889247737,2024.74295874334,2024.75131092294,NA,Central,Central
1242,1253,0.101624871696054,-103.785184542623,33.3298930543602,-98.6222251426718,32.3748007700987,0.21837340655993,0.116748534863876,2024.64991938895,2024.75154426065,NA,Central,Pacific
1065,1073,0.00555785814379228,-101.265853194012,39.9386929478626,-101.942895399737,40.7598825147925,0.21853906645492,0.212981208311127,2024.7461520624,2024.75170992054,NA,Central,Central
1274,1282,0.0195498508698162,-70.8660323370942,43.0038857219788,-72.7397271111786,43.0838035150731,0.218786517088023,0.199236666218207,2024.73240752031,2024.75195737118,NA,Atlantic,Atlantic
707,708,0.0194239506952025,-101.514329182092,39.7746847536858,-107.426571033004,32.8045948170086,0.218811099061635,0.199387148366433,2024.73255800246,2024.75198195315,NA,Pacific,Central
1135,1136,0.0307685592443381,-89.3404460686517,37.8635828645465,-91.4231661575346,41.5385974390321,0.219131264891183,0.188362705646845,2024.72153355974,2024.75230211898,NA,Mississippi,Mississippi
1136,1141,0.000789494577195349,-91.4231661575346,41.5385974390321,-91.3643191296024,41.2296116716574,0.219920759468378,0.219131264891183,2024.75230211898,2024.75309161356,NA,Mississippi,Mississippi
989,990,0.011575854253284,-115.361523287001,34.457875778759,-115.017804791927,35.2947425181973,0.220188354412279,0.208612500158995,2024.74178335425,2024.7533592085,NA,Central,Mississippi
1100,1101,0.0232602992211397,-109.814960084517,35.4734676931572,-109.901826040525,35.3311994319491,0.222524221837684,0.199263922616545,2024.73243477671,2024.75569507593,NA,Pacific,Pacific
1254,1332,0.0658511322050426,-83.53552275274,33.6511959686382,-87.901382038447,36.4915090642943,0.223851950343674,0.158000818138631,2024.69117167223,2024.75702280443,NA,Mississippi,Mississippi
1258,1266,0.00167438964305044,-72.1523933090512,41.6726031386655,-72.257754972211,41.7523342587047,0.225796870130446,0.224122480487396,2024.75729333458,2024.75896772422,NA,Atlantic,Atlantic
996,997,0.0170990676633958,-105.20040212767,41.2787772834121,-104.96610822705,42.3742728692375,0.227038597604405,0.20993952994101,2024.74311038403,2024.76020945169,NA,Central,Central
988,993,0.0241513125813264,-115.698809791061,35.0887600439238,-112.350880315725,38.2924150102765,0.22754093563942,0.203389623058093,2024.73656047715,2024.76071178973,NA,Mississippi,Mississippi
1132,1133,0.021721943302464,-87.4306620039247,38.2419188301955,-87.4701488196171,37.9301348111821,0.227654595467952,0.205932652165488,2024.73910350625,2024.76082544956,NA,Mississippi,Mississippi
1133,1134,0.00050386425465887,-87.4701488196171,37.9301348111821,-87.4539938904521,37.84249109308,0.228158459722611,0.227654595467952,2024.76082544956,2024.76132931381,NA,Mississippi,Mississippi
1288,1289,0.0121632333188555,-71.7075090303192,41.7373368634998,-71.4372921839874,42.8638516964469,0.228162212485281,0.215998979166425,2024.74916983326,2024.76133306657,NA,Atlantic,Atlantic
1090,1093,0.0815275418114509,-101.54758885057,41.2292647378758,-116.042245991877,35.8913378518726,0.22905754464885,0.147530002837399,2024.68070085693,2024.76222839874,NA,Central,Pacific
1282,1283,0.0104776502448187,-72.7397271111786,43.0838035150731,-72.6524686268708,42.9568890356151,0.229264167332841,0.218786517088023,2024.75195737118,2024.76243502142,NA,Atlantic,Atlantic
1135,1145,0.0415827218710936,-89.3404460686517,37.8635828645465,-88.484191134357,40.2721640416465,0.229945427517938,0.188362705646845,2024.72153355974,2024.76311628161,NA,Mississippi,Mississippi
963,964,0.0685165453370189,-106.492752103219,42.4821157730176,-95.9863056389179,34.5983482569236,0.230073198815292,0.161556653478273,2024.69472750757,2024.7632440529,NA,Pacific,Pacific
1208,1209,0.0207929977256542,-87.4996851522504,36.600661228174,-85.9460105832397,32.7469914039867,0.230299332977662,0.209506335252008,2024.74267718934,2024.76347018707,NA,Mississippi,Mississippi
1289,1290,0.00288480042625383,-71.4372921839874,42.8638516964469,-71.9000539847431,43.1301112217337,0.231047012911535,0.228162212485281,2024.76133306657,2024.764217867,NA,Atlantic,Atlantic
1100,1102,0.0324997525225585,-109.814960084517,35.4734676931572,-109.730082749421,36.0788232255627,0.231763675139103,0.199263922616545,2024.73243477671,2024.76493452923,NA,Pacific,Pacific
1122,1124,0.10292234477731,-103.522803642052,39.1384113134523,-97.1132193331805,37.6812875053846,0.233865260099119,0.130942915321808,2024.66411376941,2024.76703611419,NA,Central,Pacific
1103,1104,0.0254787563045222,-108.36062669725,37.3482986366916,-107.355133673114,38.6265858033478,0.235523711679714,0.210044955375192,2024.74321580946,2024.76869456577,NA,Pacific,Central
1167,1173,0.0386196093176565,-87.4644934368875,39.9185832490973,-84.4327002227443,42.9336267067129,0.238875585784532,0.200255976466876,2024.73342683056,2024.77204643987,NA,Mississippi,Mississippi
899,900,0.048110759716288,-103.365445502525,43.3255444530164,-101.708691628907,42.819678786774,0.240202592918488,0.1920918332022,2024.72526268729,2024.77337344701,NA,Pacific,Pacific
1073,1074,0.0237690984363068,-101.942895399737,40.7598825147925,-104.607894064169,45.0999542152541,0.242308164891226,0.21853906645492,2024.75170992054,2024.77547901898,NA,Central,Central
1048,1049,0.0507447208779697,-101.737967222511,40.1973129913407,-101.426968786464,40.3650828353037,0.242945893145189,0.192201172267219,2024.72537202636,2024.77611674723,NA,Central,Central
1035,1036,0.0532170077746223,-97.9907024858118,31.545107057329,-93.5266180123728,33.6346318597413,0.244520728951336,0.191303721176713,2024.72447457527,2024.77769158304,NA,Pacific,Pacific
1237,4,0.145661188453655,-105.244334428581,39.2146313225843,-113.117484039428,47.2500454538188,0.245517670500897,0.0998564820472418,2024.63302733614,2024.77868852459,SRR34491317|A/mallard/NV/24-030919-002/2024|H5N1|USA-NV|Churchill|2024-10-12|wild_avian|D1.1,Central,Pacific
683,684,0.172282958656087,-110.713884155991,42.7119243516439,-95.665241566278,31.8303572322728,0.248688398860935,0.076405440204848,2024.60957629429,2024.78185925295,NA,Pacific,Central
1014,1015,0.0595046306756986,-106.507560306969,42.3557937167328,-106.585936090609,40.0421383805858,0.249758453947114,0.190253823271415,2024.72342467736,2024.78292930804,NA,Pacific,Pacific
1009,1010,0.0630058466076635,-105.564462125502,41.064836000388,-94.9787425063166,43.3541945018177,0.250238538785935,0.187232692178272,2024.72040354627,2024.78340939288,NA,Central,Central
1096,252,0.064821294259557,-96.6105393710828,39.5141364581699,-91.4419903606626,37.2564309225405,0.253714391812502,0.188893097552945,2024.72206395164,2024.7868852459,SRR34491564|A/northern_pintail/WA/24-030720-008/2024|H5N1|USA-WA|Grant|2024-10-15|wild_avian|D1.1,Pacific,Pacific
687,688,0.135516445672466,-107.436016686474,38.0101530368379,-107.262755518055,37.2990900761946,0.254904220266086,0.119387774593619,2024.65255862868,2024.78807507436,NA,Pacific,Pacific
1238,1239,0.0490739145692423,-103.310564528429,39.8003400043549,-103.680402104384,35.272923878853,0.255030060313884,0.205956145744642,2024.73912699983,2024.7882009144,NA,Central,Pacific
972,973,0.0638171473627349,-112.646876722931,40.4628737423587,-108.376227076333,37.2270343735824,0.255044740531094,0.191227593168359,2024.72439844726,2024.78821559462,NA,Central,Mississippi
1162,1165,0.0548498697557216,-92.8484674359664,39.4802407862289,-99.2248804813957,46.9973386028881,0.255078429497622,0.2002285597419,2024.73339941383,2024.78824928359,NA,Mississippi,Central
1209,1212,0.0264116584373175,-85.9460105832397,32.7469914039867,-85.5850020326378,31.832438828552,0.25671099141498,0.230299332977662,2024.76347018707,2024.7898818455,NA,Mississippi,Mississippi
1010,1011,0.00655177718007427,-94.9787425063166,43.3541945018177,-95.3398531535506,42.7927037753867,0.25679031596601,0.250238538785935,2024.78340939288,2024.78996117006,NA,Central,Central
908,909,0.0519165860807678,-108.522587339274,47.5938668671463,-93.7481417136941,39.2633029230857,0.25739082217823,0.205474236097462,2024.73864509019,2024.79056167627,NA,Mississippi,Atlantic
1074,1075,0.0152633185618019,-104.607894064169,45.0999542152541,-100.882623846875,39.6680706382429,0.257571483453028,0.242308164891226,2024.77547901898,2024.79074233754,NA,Central,Central
997,998,0.0306909571913208,-104.96610822705,42.3742728692375,-108.984209651821,43.3838936726969,0.257729554795726,0.227038597604405,2024.76020945169,2024.79090040888,NA,Central,Pacific
1074,1077,0.0158103925941309,-104.607894064169,45.0999542152541,-109.22882257286,43.8392835737597,0.258118557485357,0.242308164891226,2024.77547901898,2024.79128941157,NA,Central,Mississippi
973,982,0.00316903741150987,-108.376227076333,37.2270343735824,-109.973898964067,37.589306138011,0.258213777942604,0.255044740531094,2024.78821559462,2024.79138463203,NA,Mississippi,Mississippi
948,949,0.0558390756930878,-101.983603404134,43.0133773632467,-112.496134454869,43.1412761460119,0.258330874298059,0.202491798604972,2024.73566265269,2024.79150172839,NA,Pacific,Central
1180,1188,0.0513615107529213,-85.1160857850092,36.373218151897,-80.8588105903209,36.3981546294789,0.258409618047748,0.207048107294827,2024.74021896138,2024.79158047214,NA,Mississippi,Atlantic
894,895,0.0850112097365319,-102.965071607044,40.47403109318,-100.448410459614,41.3092783333337,0.259191041099285,0.174179831362753,2024.70735068545,2024.79236189519,NA,Pacific,Pacific
1040,1041,0.0796224441958771,-101.951558570464,40.1861086547139,-101.895243680541,41.0750906904719,0.259326689122413,0.179704244926536,2024.71287509902,2024.79249754321,NA,Central,Central
1349,1351,0.0668842797328753,-99.5077573469005,32.5624482394393,-109.440211886583,31.8135621446073,0.259543577239444,0.192659297506569,2024.7258301516,2024.79271443133,NA,Central,Central
1030,1031,0.0793283674471437,-96.0297447811269,34.9401063759023,-101.060425414936,45.955378141484,0.259859254480695,0.180530887033551,2024.71370174112,2024.79303010857,NA,Pacific,Central
1049,1050,0.0177308369768996,-101.426968786464,40.3650828353037,-102.756900802012,40.2313175436775,0.260676730122089,0.242945893145189,2024.77611674723,2024.79384758421,NA,Central,Central
896,897,0.0863420719630941,-103.106203102793,40.5344201359371,-100.683261955714,48.8747198372387,0.26077285072814,0.174430778765046,2024.70760163285,2024.79394370482,NA,Pacific,Pacific
897,898,0.000731333565629155,-100.683261955714,48.8747198372387,-100.660188458117,48.8669231927316,0.261504184293769,0.26077285072814,2024.79394370482,2024.79467503838,NA,Pacific,Pacific
708,711,0.0430144818637572,-107.426571033004,32.8045948170086,-107.395041750885,33.0019038029066,0.261825580925392,0.218811099061635,2024.75198195315,2024.79499643501,NA,Central,Central
959,960,0.0530894221759741,-94.7831533572028,46.6791140956181,-102.220008605961,46.3943517205058,0.26213146940493,0.209042047228956,2024.74221290132,2024.79530232349,NA,Central,Pacific
711,712,0.000430221853169988,-107.395041750885,33.0019038029066,-107.390505973588,32.9957046719437,0.262255802778562,0.261825580925392,2024.79499643501,2024.79542665687,NA,Central,Central
909,910,0.00551154948619792,-93.7481417136941,39.2633029230857,-92.2283042465465,40.3722152315054,0.262902371664427,0.25739082217823,2024.79056167627,2024.79607322575,NA,Atlantic,Atlantic
1185,1186,0.0470870298825077,-85.3572740813203,33.9312143437591,-85.5582558506721,33.871383645593,0.263066579547833,0.215979549665326,2024.74915040375,2024.79623743364,NA,Mississippi,Mississippi
1334,1335,0.0857014845282464,-97.6805824449794,35.5960030819267,-84.7346562387523,40.1386485224268,0.263320140788369,0.177618656260122,2024.71078951035,2024.79649099488,NA,Mississippi,Mississippi
1243,1244,0.0490209741318635,-114.295193388023,44.2636938493609,-114.846458963194,45.0007225602264,0.263609998529855,0.214589024397992,2024.74775987849,2024.79678085262,NA,Mississippi,Mississippi
1308,1312,0.0600038902388138,-91.7701344004295,42.0218655745299,-92.1500020477823,43.5103687739636,0.263646356541817,0.203642466303003,2024.73681332039,2024.79681721063,NA,Atlantic,Atlantic
1050,1051,0.00318906064024205,-102.756900802012,40.2313175436775,-102.974132233805,39.278661987488,0.263865790762331,0.260676730122089,2024.79384758421,2024.79703664485,NA,Central,Central
1078,1079,0.249298412309772,-111.610446110604,40.3148411920111,-123.441354613517,44.0959699679072,0.2641919736586,0.0148935613488279,2024.54806441544,2024.79736282775,NA,Pacific,Pacific
1019,558,0.0942258521795596,-105.753025066693,37.387872606916,-100.392310090181,34.9107705448206,0.264643353561007,0.170417501381448,2024.70358835547,2024.79781420765,SRR36628568|A/green_winged_teal/MT/24-031811-004/2024|H5N1|USA-MT|Broadwater|2024-10-19|wild_avian|D1.1,Pacific,Pacific
1009,615,0.0774106613827352,-105.564462125502,41.064836000388,-117.631114692786,46.59409956455,0.264643353561007,0.187232692178272,2024.72040354627,2024.79781420765,SRR34491407|A/american_white_pelican/CA/24-031867-001/2024|H5N1|USA-CA|San_Diego|2024-10-19|wild_avian|D1.1,Central,Pacific
1121,241,0.0743814197179227,-103.63669172482,36.7259914434311,-119.60576307927,46.9006470337302,0.264643353561007,0.190261933843084,2024.72343278793,2024.79781420765,SRR34491467|A/mallard/WA/24-031817-001/2024|H5N1|USA-WA|Grant|2024-10-19|wild_avian|D1.1,Central,Pacific
1178,1179,0.0729106183227144,-85.0713278800356,36.3576726225216,-83.9779439276343,35.5693476193643,0.264859212511422,0.191948594188708,2024.72511944828,2024.7980300666,NA,Mississippi,Mississippi
1015,1016,0.0170882291508505,-106.585936090609,40.0421383805858,-104.907369244191,39.5984579690924,0.266846683097965,0.249758453947114,2024.78292930804,2024.80001753719,NA,Pacific,Central
1149,1150,0.0616793755524212,-89.0470455782888,40.8551425881355,-87.2198171981693,45.6980396335665,0.26715377283348,0.205474397281058,2024.73864525137,2024.80032462692,NA,Mississippi,Mississippi
1335,1336,0.00406661294538746,-84.7346562387523,40.1386485224268,-85.8358983695483,38.7569068496374,0.267386753733756,0.263320140788369,2024.79649099488,2024.80055760782,NA,Mississippi,Atlantic
1258,1259,0.0438427931598135,-72.1523933090512,41.6726031386655,-73.6156629702881,40.8041144947635,0.267965273647209,0.224122480487396,2024.75729333458,2024.80113612774,NA,Atlantic,Atlantic
1041,1042,0.00876280358613535,-101.895243680541,41.0750906904719,-102.246527610367,40.8841153168377,0.268089492708548,0.259326689122413,2024.79249754321,2024.8012603468,NA,Central,Central
960,961,0.00609273845503266,-102.220008605961,46.3943517205058,-102.1552949914,45.4820538007451,0.268224207859963,0.26213146940493,2024.79530232349,2024.80139506195,NA,Pacific,Pacific
1055,1056,0.0658859070176256,-102.035847032676,40.5281250613933,-101.872132367752,39.6308279280468,0.268287787301345,0.202401880283719,2024.73557273437,2024.80145864139,NA,Central,Central
1290,1291,0.0378338213220539,-71.9000539847431,43.1301112217337,-72.8589080924181,43.1376981341519,0.268880834233589,0.231047012911535,2024.764217867,2024.80205168832,NA,Atlantic,Atlantic
1188,1189,0.0112457453949222,-80.8588105903209,36.3981546294789,-80.4814326450992,35.6066605528394,0.26965536344267,0.258409618047748,2024.79158047214,2024.80282621753,NA,Atlantic,Atlantic
1194,1195,0.0572568421439226,-92.1907296309496,35.19116406419,-92.35014947959,43.3181446493327,0.269749450244209,0.212492608100287,2024.74566346219,2024.80292030433,NA,Mississippi,Mississippi
712,819,0.00758606942027962,-107.390505973588,32.9957046719437,-106.073820209564,32.9736644892396,0.269841872198842,0.262255802778562,2024.79542665687,2024.80301272629,NA,Central,Central
1268,1269,0.0731693892712266,-70.6995721972863,43.3381767241782,-72.3128668362906,42.260352447452,0.269850332168762,0.196680942897535,2024.72985179699,2024.80302118626,NA,Atlantic,Atlantic
1023,285,0.0793817648222379,-108.18721050979,46.4860183020117,-108.416812165804,46.1384233076032,0.270107834435487,0.190726069613249,2024.7238969237,2024.80327868852,SRR34491396|A/cackling_goose/OR/24-031821-001/2024|H5N1|USA-OR|Marion|2024-10-21|wild_avian|D1.1,Pacific,Pacific
819,877,0.000335607836951635,-106.073820209564,32.9736644892396,-106.091824300971,33.5220915898451,0.270177480035794,0.269841872198842,2024.80301272629,2024.80334833412,NA,Central,Central
877,878,5.2349166103971e-05,-106.091824300971,33.5220915898451,-106.084857313655,33.5354658438305,0.270229829201898,0.270177480035794,2024.80334833412,2024.80340068329,NA,Central,Central
1336,1337,0.00325422064698788,-85.8358983695483,38.7569068496374,-82.351161218987,37.138640172266,0.270640974380744,0.267386753733756,2024.80055760782,2024.80381182847,NA,Atlantic,Atlantic
1189,1190,0.001847782311859,-80.4814326450992,35.6066605528394,-78.7548065192835,36.9503853491245,0.271503145754529,0.26965536344267,2024.80282621753,2024.80467399984,NA,Atlantic,Atlantic
1141,1142,0.0518306856683952,-91.3643191296024,41.2296116716574,-97.7904226937785,45.3052394826632,0.271751445136773,0.219920759468378,2024.75309161356,2024.80492229923,NA,Mississippi,Mississippi
973,974,0.0170522603736987,-108.376227076333,37.2270343735824,-108.128987783092,36.6135778668713,0.272097000904793,0.255044740531094,2024.78821559462,2024.80526785499,NA,Mississippi,Mississippi
1056,1057,0.00405625147192135,-101.872132367752,39.6308279280468,-103.384391157134,41.6961549965712,0.272344038773266,0.268287787301345,2024.80145864139,2024.80551489286,NA,Central,Central
712,713,0.0102280042078577,-107.390505973588,32.9957046719437,-109.780624959311,33.8227418598663,0.27248380698642,0.262255802778562,2024.79542665687,2024.80565466108,NA,Central,Central
695,588,0.0874097500619875,-106.197833019666,39.8992461420235,-90.5207591221475,39.9794667346688,0.272840074872613,0.185430324810625,2024.7186011789,2024.80601092896,SRR34491351|A/canada_goose/OR/24-033934-001/2024|H5N1|USA-OR|Lincoln|2024-10-22|wild_avian|D1.1,Pacific,Pacific
1075,1076,0.0158573766563257,-100.882623846875,39.6680706382429,-100.637212610509,39.7524349185351,0.273428860109354,0.257571483453028,2024.79074233754,2024.8065997142,NA,Central,Central
1206,1217,0.099660163089283,-86.6920250781342,36.7402703624487,-95.6564732537319,37.5677916746977,0.273536626303458,0.173876463214174,2024.7070473173,2024.80670748039,NA,Mississippi,Mississippi
1136,1137,0.0548242555523171,-91.4231661575346,41.5385974390321,-91.58812571728,40.3601401358427,0.2739555204435,0.219131264891183,2024.75230211898,2024.80712637453,NA,Mississippi,Mississippi
713,715,0.00157544330247239,-109.780624959311,33.8227418598663,-109.550070627566,33.7037195660814,0.274059250288893,0.27248380698642,2024.80565466108,2024.80723010438,NA,Central,Central
1022,1024,0.107185576630659,-108.387574889364,46.3489462010576,-104.994137667379,35.5375548284852,0.274163872420196,0.166978295789537,2024.70014914988,2024.80733472651,NA,Pacific,Pacific
1057,1063,0.00223571920606491,-103.384391157134,41.6961549965712,-103.547613003534,41.44832520372,0.274579757979331,0.272344038773266,2024.80551489286,2024.80775061207,NA,Central,Central
715,716,0.00160594607999465,-109.550070627566,33.7037195660814,-108.906984117838,34.0049255288283,0.275665196368887,0.274059250288893,2024.80723010438,2024.80883605046,NA,Central,Central
1057,1058,0.00378984750815192,-103.384391157134,41.6961549965712,-103.315593362962,42.2175994565369,0.276133886281418,0.272344038773266,2024.80551489286,2024.80930474037,NA,Central,Central
968,969,0.100352379519181,-114.527107063869,38.7581068524891,-118.075029673402,36.618079252204,0.276409836352768,0.176057456833587,2024.70922831092,2024.80958069044,NA,Central,Central
713,714,0.00510623989607506,-109.780624959311,33.8227418598663,-109.507678660884,32.2669070500098,0.277590046882495,0.27248380698642,2024.80565466108,2024.81076090097,NA,Central,Central
907,917,0.0777346208656591,-108.149142334641,46.9118589128177,-90.9429616236103,42.5984042636165,0.277643095816351,0.199908474950692,2024.73307932904,2024.81081394991,NA,Mississippi,Atlantic
1243,1245,0.0630704709719849,-114.295193388023,44.2636938493609,-115.483717178653,46.6929560757824,0.277659495369977,0.214589024397992,2024.74775987849,2024.81083034946,NA,Mississippi,Mississippi
949,950,0.0195061901666416,-112.496134454869,43.1412761460119,-112.853028672333,41.2571711045757,0.277837064464701,0.258330874298059,2024.79150172839,2024.81100791855,NA,Central,Central
1097,250,0.100804936909081,-97.0749742959136,37.7731490225677,-119.018650516239,35.7366722981691,0.278304555746865,0.177499618837785,2024.71067047293,2024.81147540984,SRR34491441|A/american_coot/MN/24-032215-006/2024|H5N1|USA-MN|Itasca|2024-10-24|wild_avian|D1.1,Pacific,Mississippi
1098,249,0.086853510585557,-93.2933768466889,37.185957213626,-116.913503766415,41.2372569141704,0.278304555746865,0.191451045161308,2024.72462189925,2024.81147540984,SRR34491527|A/american_coot/MN/24-032215-004/2024|H5N1|USA-MN|Itasca|2024-10-24|wild_avian|D1.1,Pacific,Mississippi
1195,1197,0.00887123769299092,-92.35014947959,43.3181446493327,-95.2974292997643,41.4134311890184,0.2786206879372,0.269749450244209,2024.80292030433,2024.81179154203,NA,Mississippi,Atlantic
716,816,0.00352455639027793,-108.906984117838,34.0049255288283,-108.978208555948,33.9645404856851,0.279189752759165,0.275665196368887,2024.80883605046,2024.81236060685,NA,Central,Central
1114,1115,0.0994687273620163,-99.5085793892584,42.469232949873,-101.332768783393,43.3933906968016,0.280398291708688,0.180929564346672,2024.71410041844,2024.8135691458,NA,Pacific,Central
1142,1143,0.00893838388797064,-97.7904226937785,45.3052394826632,-97.7557728776956,45.3481176925899,0.280689829024744,0.271751445136773,2024.80492229923,2024.81386068311,NA,Mississippi,Mississippi
1011,1012,0.0239612606796493,-95.3398531535506,42.7927037753867,-96.0415351155918,43.8438673314336,0.280751576645659,0.25679031596601,2024.78996117006,2024.81392243073,NA,Central,Central
982,983,0.0240407325819787,-109.973898964067,37.589306138011,-110.078082365408,37.2978485777652,0.282254510524583,0.258213777942604,2024.79138463203,2024.81542536461,NA,Mississippi,Mississippi
1045,1046,0.0729631581268806,-100.009721122248,39.5352587280735,-102.094429498112,33.2877510607517,0.282751047374617,0.209787889247737,2024.74295874334,2024.81592190146,NA,Central,Central
1033,676,0.0660381618638433,-91.8356865096896,30.1145158010787,-94.3491676011169,35.0749444556788,0.283769036621118,0.217730874757274,2024.75090172885,2024.81693989071,SRR36617365|A/mallard_duck/CA/24-032544-016/2024|H5N1|USA-CA|Yolo|2024-10-26|wild_avian|D1.1,Pacific,Pacific
1245,1246,0.00756814461003485,-115.483717178653,46.6929560757824,-117.021032132335,46.1894633512491,0.285227639980012,0.277659495369977,2024.81083034946,2024.81839849407,NA,Mississippi,Mississippi
910,912,0.0223608946759575,-92.2283042465465,40.3722152315054,-92.2752601052897,40.3528140760651,0.285263266340385,0.262902371664427,2024.79607322575,2024.81843412043,NA,Atlantic,Atlantic
1332,1333,0.0626705475772702,-87.901382038447,36.4915090642943,-85.5700451849846,34.2479172033448,0.286522497920944,0.223851950343674,2024.75702280443,2024.81969335201,NA,Mississippi,Mississippi
1349,1350,0.0950777978876558,-99.5077573469005,32.5624482394393,-97.6262100641486,32.3730959342668,0.287737095394225,0.192659297506569,2024.7258301516,2024.82090794948,NA,Central,Central
1058,1059,0.0117772300771861,-103.315593362962,42.2175994565369,-103.253275575738,39.6951773664561,0.287911116358604,0.276133886281418,2024.80930474037,2024.82108197045,NA,Central,Central
1042,1043,0.0208460011597427,-102.246527610367,40.8841153168377,-98.052205202418,45.1476184807379,0.288935493868291,0.268089492708548,2024.8012603468,2024.82210634796,NA,Central,Mississippi
1103,1105,0.0794157885841031,-108.36062669725,37.3482986366916,-109.30022077441,33.7212283663289,0.289460743959295,0.210044955375192,2024.74321580946,2024.82263159805,NA,Pacific,Central
1337,1338,0.0193296944323169,-82.351161218987,37.138640172266,-81.0628107233882,35.9211111891035,0.289970668813061,0.270640974380744,2024.80381182847,2024.8231415229,NA,Atlantic,Atlantic
1197,1198,0.011370320331642,-95.2974292997643,41.4134311890184,-93.6109701922012,41.5187137029562,0.289991008268842,0.2786206879372,2024.81179154203,2024.82316186236,NA,Atlantic,Atlantic
1212,1213,0.0333946117687236,-85.5850020326378,31.832438828552,-85.9330009136842,30.4502461523478,0.290105603183703,0.25671099141498,2024.7898818455,2024.82327645727,NA,Mississippi,Mississippi
1063,1064,0.0179736510342432,-103.547613003534,41.44832520372,-104.031143937197,40.5113393521706,0.292553409013574,0.274579757979331,2024.80775061207,2024.8257242631,NA,Central,Central
982,985,0.0347374282241819,-109.973898964067,37.589306138011,-105.67831531888,37.9405464929321,0.292951206166786,0.258213777942604,2024.79138463203,2024.82612206026,NA,Mississippi,Mississippi
1003,1004,0.083033272385878,-112.600409612248,41.158586255856,-103.128425705301,36.266167968465,0.293301062410663,0.210267790024785,2024.74343864411,2024.8264719165,NA,Pacific,Central
950,951,0.0161901563902389,-112.853028672333,41.2571711045757,-114.19412977215,42.2353390375103,0.29402722085494,0.277837064464701,2024.81100791855,2024.82719807494,NA,Central,Pacific
1098,251,0.103246953208541,-93.2933768466889,37.185957213626,-95.2149383712347,38.1648064955011,0.29469799836985,0.191451045161308,2024.72462189925,2024.82786885246,SRR34491342|A/bald_eagle/MT/24-033248-001/2024|H5N1|USA-MT|Flathead|2024-10-30|wild_avian|D1.1,Pacific,Pacific
1351,1352,0.0381906380472059,-109.440211886583,31.8135621446073,-104.063657845956,34.9208566315216,0.29773421528665,0.259543577239444,2024.79271443133,2024.83090506938,NA,Central,Pacific
917,918,0.0207463597504136,-90.9429616236103,42.5984042636165,-90.9853947101591,43.1060251146013,0.298389455566765,0.277643095816351,2024.81081394991,2024.83156030966,NA,Atlantic,Atlantic
1124,238,0.0662972191449833,-97.1132193331805,37.6812875053846,-99.2711031969898,35.5719439662939,0.300162479244102,0.233865260099119,2024.76703611419,2024.83333333333,SRR36617768|A/great_horned_owl/WY/24-033104-001/2024|H5N1|USA-WY|Albany|2024-11-01|wild_avian|D1.1,Pacific,Central
1079,278,0.035970505585502,-123.441354613517,44.0959699679072,-122.02410961013,46.0567798883062,0.300162479244102,0.2641919736586,2024.79736282775,2024.83333333333,SRR36628797|A/northern_shoveler/NV/24-033106-004/2024|H5N1|USA-NV|Churchill|2024-11-01|wild_avian|D1.1,Pacific,Pacific
953,610,0.126320270095729,-102.535183589426,39.4345876300822,-115.771789896152,36.9538841630899,0.302894719681228,0.1765744495855,2024.70974530367,2024.83606557377,SRR34491330|A/canada_goose/OR/24-033933-001/2024|H5N1|USA-OR|Crook|2024-11-02|wild_avian|D1.1,Central,Pacific
1036,629,0.0583739907298924,-93.5266180123728,33.6346318597413,-90.0143404328168,35.3086409276393,0.302894719681228,0.244520728951336,2024.77769158304,2024.83606557377,SRR34491332|A/mallard/NV/24-033109-013/2024|H5N1|USA-NV|Churchill|2024-11-02|wild_avian|D1.1,Pacific,Pacific
1352,1353,0.00551251365130567,-104.063657845956,34.9208566315216,-104.787407004993,34.945575157054,0.303246728937956,0.29773421528665,2024.83090506938,2024.83641758303,NA,Pacific,Pacific
816,818,0.0272021324541514,-108.978208555948,33.9645404856851,-109.185203788172,33.781958429825,0.306391885213317,0.279189752759165,2024.81236060685,2024.8395627393,NA,Central,Central
962,594,0.0943959158609635,-94.379233887152,45.8279551614702,-110.408314681113,33.843403749437,0.311091440992834,0.216695525131871,2024.74986637922,2024.84426229508,SRR34491322|A/green_winged_teal/WA/24-033431-002/2024|H5N1|USA-WA|Grant|2024-11-05|wild_avian|D1.1,Central,Pacific
1198,1199,0.022073162044121,-93.6109701922012,41.5187137029562,-92.5120726428703,44.4773376768263,0.312064170312963,0.289991008268842,2024.82316186236,2024.8452350244,NA,Atlantic,Mississippi
1167,1168,0.112023756194285,-87.4644934368875,39.9185832490973,-87.0189642120077,38.7675999181904,0.312279732661161,0.200255976466876,2024.73342683056,2024.84545058675,NA,Mississippi,Mississippi
1049,1052,0.0697084521982356,-101.426968786464,40.3650828353037,-102.110879396957,40.2668719653648,0.312654345343425,0.242945893145189,2024.77611674723,2024.84582519943,NA,Central,Central
819,820,0.0442217065258816,-106.073820209564,32.9736644892396,-96.4848383320741,34.8679961881358,0.314063578724724,0.269841872198842,2024.80301272629,2024.84723443281,NA,Central,Central
1165,1166,0.0595755844312142,-99.2248804813957,46.9973386028881,-100.628903492362,44.6996644337034,0.314654013928836,0.255078429497622,2024.78824928359,2024.84782486802,NA,Central,Mississippi
917,919,0.0377050516696189,-90.9429616236103,42.5984042636165,-92.1948128091017,42.5535863619742,0.31534814748597,0.277643095816351,2024.81081394991,2024.84851900158,NA,Atlantic,Atlantic
1023,286,0.125829852253837,-108.18721050979,46.4860183020117,-108.297171713298,46.799912983272,0.316555921867086,0.190726069613249,2024.7238969237,2024.84972677596,SRR34491321|A/cackling_goose/OR/24-033931-001/2024|H5N1|USA-OR|Washington|2024-11-07|wild_avian|D1.1,Pacific,Pacific
1123,243,0.119262910635083,-98.2095787183905,42.7827233473908,-99.1961061836214,42.8216838269714,0.316555921867086,0.197293011232004,2024.73046386532,2024.84972677596,SRR34491320|A/ross_s_goose/ND/24-034667-001/2024|H5N1|USA-ND|Divide|2024-11-07|wild_avian|D1.1,Central,Central
1208,1214,0.107761430801503,-87.4996851522504,36.600661228174,-86.6474283740498,34.9758509625994,0.317267766053511,0.209506335252008,2024.74267718934,2024.85043862014,NA,Mississippi,Mississippi
1082,2,0.176601868425402,-107.19083932734,41.2368912512409,-89.0755905713287,42.4330876963861,0.319288162304213,0.142686293878811,2024.67585714797,2024.85245901639,SRR36628420|A/blue_winged_teal/TX/24-037863-008/2024|H5N1|USA-TX|Chambers|2024-11-08|wild_avian|D1.1,Pacific,Central
1027,624,0.106599641086799,-100.240167900073,45.8785864988673,-109.991817366486,37.3184679998603,0.319288162304213,0.212688521217414,2024.74585937531,2024.85245901639,SRR36617252|A/green_winged_teal/TX/24-037863-003/2024|H5N1|USA-TX|Chambers|2024-11-08|wild_avian|D1.1,Central,Central
1214,1215,0.00379311345875366,-86.6474283740498,34.9758509625994,-87.1615661221026,33.9610902735542,0.321060879512264,0.317267766053511,2024.85043862014,2024.8542317336,NA,Mississippi,Mississippi
1111,274,0.115598394692392,-104.863754109651,39.4824636717841,-94.6362932724566,29.9694629620899,0.322020402741339,0.206422008048947,2024.73959286214,2024.85519125683,SRR34491500|A/green_winged_teal/OK/24-034551-045/2024|H5N1|USA-OK|Sequoyah|2024-11-09|wild_avian|D1.1,Pacific,Central
996,549,0.112080872800329,-105.20040212767,41.2787772834121,-116.364485712287,40.2259107665565,0.322020402741339,0.20993952994101,2024.74311038403,2024.85519125683,SRR34491499|A/green_winged_teal/KS/24-034556-004/2024|H5N1|USA-KS|Crawford|2024-11-09|wild_avian|D1.1,Central,Central
1073,671,0.103481336286419,-101.942895399737,40.7598825147925,-110.314294599236,40.568042457613,0.322020402741339,0.21853906645492,2024.75170992054,2024.85519125683,SRR36628704|A/green_winged_teal/OK/24-034551-041/2024|H5N1|USA-OK|Sequoyah|2024-11-09|wild_avian|D1.1,Central,Central
1075,655,0.0644489192883104,-100.882623846875,39.6680706382429,-92.7731115377154,38.8400225724755,0.322020402741339,0.257571483453028,2024.79074233754,2024.85519125683,SRR34491498|A/green_winged_teal/KS/24-034557-008/2024|H5N1|USA-KS|Neosho|2024-11-09|wild_avian|D1.1,Central,Central
1314,1320,0.0204980786387536,-71.1063740493858,42.4091548932801,-76.0737426586158,41.3241149746204,0.322596395208301,0.302098316569547,2024.83526917066,2024.8557672493,NA,Atlantic,Atlantic
816,817,0.0461367462015978,-108.978208555948,33.9645404856851,-109.569965088858,35.1468228623794,0.325326498960763,0.279189752759165,2024.81236060685,2024.85849735305,NA,Central,Central
1143,1144,0.0475678346818034,-97.7557728776956,45.3481176925899,-99.2279871956696,34.0194858717259,0.328257663706547,0.280689829024744,2024.81386068311,2024.8614285178,NA,Mississippi,Mississippi
1137,1139,0.0548640634090769,-91.58812571728,40.3601401358427,-91.098804931149,42.0477530789545,0.328819583852577,0.2739555204435,2024.80712637453,2024.86199043794,NA,Mississippi,Mississippi
1209,1210,0.101765800885169,-85.9460105832397,32.7469914039867,-88.9728944709326,31.2230786493739,0.332065133862831,0.230299332977662,2024.76347018707,2024.86523598795,NA,Mississippi,Mississippi
1312,1326,0.0684493597734563,-92.1500020477823,43.5103687739636,-91.7702825164674,43.7803024655033,0.332095716315274,0.263646356541817,2024.79681721063,2024.8652665704,NA,Atlantic,Atlantic
705,577,0.160619944115919,-105.130626566319,40.7279486503726,-105.866239306531,40.8381360391947,0.332949364490071,0.172329420374152,2024.70550027446,2024.86612021858,SRR34491487|A/trumpeter_swan/ID/24-034853-004/2024|H5N1|USA-ID|Jefferson|2024-11-13|wild_avian|D1.1,Pacific,Pacific
1124,237,0.0990841043909521,-97.1132193331805,37.6812875053846,-93.6712126916357,40.308496472311,0.332949364490071,0.233865260099119,2024.76703611419,2024.86612021858,SRR34491488|A/trumpeter_swan/ID/24-034853-002/2024|H5N1|USA-ID|Jefferson|2024-11-13|wild_avian|D1.1,Pacific,Pacific
983,984,0.0512304020838679,-110.078082365408,37.2978485777652,-111.492338369277,34.630024885298,0.333484912608451,0.282254510524583,2024.81542536461,2024.8666557667,NA,Mississippi,Mississippi
1168,1169,0.0215545292305219,-87.0189642120077,38.7675999181904,-87.1121710871421,38.8063718062379,0.333834261891683,0.312279732661161,2024.84545058675,2024.86700511598,NA,Mississippi,Mississippi
1052,1053,0.0213526005065956,-102.110879396957,40.2668719653648,-99.7346383287915,39.7251067942092,0.33400694585002,0.312654345343425,2024.84582519943,2024.86717779994,NA,Central,Central
910,911,0.0716076749580996,-92.2283042465465,40.3722152315054,-96.1282265315266,42.4046444402711,0.334510046622527,0.262902371664427,2024.79607322575,2024.86768090071,NA,Atlantic,Atlantic
1131,140,0.1313840227311,-88.4974463622036,37.8191158838856,-95.2116854601578,47.1344459044494,0.335681604927197,0.204297582196097,2024.73746843629,2024.86885245902,SRR34491480|A/ring_necked_duck/MN/24-035413-001/2024|H5N1|USA-MN|Cass|2024-11-14|wild_avian|D1.1,Mississippi,Mississippi
1134,142,0.107523145204586,-87.4539938904521,37.84249109308,-78.6774421815516,38.8829722642244,0.335681604927197,0.228158459722611,2024.76132931381,2024.86885245902,SRR34491479|A/canvasback/MN/24-035695-001/2024|H5N1|USA-MN|Wabasha|2024-11-14|wild_avian|D1.1,Mississippi,Mississippi
1021,554,0.129854884299407,-106.391948366602,38.8972992802086,-103.687184246304,34.5662816964375,0.338413845364323,0.208558961064917,2024.74172981515,2024.87158469945,SRR36617493|A/golden_eagle/CO/25-010611-001/2024|H5N1|USA-CO|Morgan|2024-11-15|wild_avian|D1.1,Pacific,Central
1239,5,0.0833837850504391,-103.680402104384,35.272923878853,-104.799183577644,35.623686320075,0.338413845364323,0.255030060313884,2024.7882009144,2024.87158469945,SRR34491413|A/mallard/UT/24-034892-003/2024|H5N1|USA-UT|Box_Elder|2024-11-15|wild_avian|D1.1,Pacific,Pacific
1212,212,0.0817028539493432,-85.5850020326378,31.832438828552,-78.8093312230869,40.3154021589332,0.338413845364323,0.25671099141498,2024.7898818455,2024.87158469945,SRR34491411|A/green_winged_teal/ND/24-034964-002/2024|H5N1|USA-ND|LaMoure|2024-11-15|wild_avian|D1.1,Mississippi,Central
1102,254,0.109382410662346,-109.730082749421,36.0788232255627,-102.450213490055,38.050613450643,0.341146085801449,0.231763675139103,2024.76493452923,2024.87431693989,SRR34491569|A/gadwall/CA/24-035297-036/2024|H5N1|USA-CA|Fresno|2024-11-16|wild_avian|D1.1,Pacific,Pacific
1350,10,0.0534089904072246,-97.6262100641486,32.3730959342668,-95.4694475297684,39.6937069350695,0.341146085801449,0.287737095394225,2024.82090794948,2024.87431693989,SRR34491574|A/green_winged_teal/IL/24-035153-025/2024|H5N1|USA-IL|Clinton|2024-11-16|wild_avian|D1.1,Central,Mississippi
895,576,0.0846872851395182,-100.448410459614,41.3092783333337,-119.943675539393,35.3148859818924,0.343878326238803,0.259191041099285,2024.79236189519,2024.87704918033,SRR34491566|A/northern_pintail/IL/24-035154-001/2024|H5N1|USA-IL|Clinton|2024-11-17|wild_avian|D1.1,Pacific,Mississippi
919,920,0.0294272765190424,-92.1948128091017,42.5535863619742,-93.0026229761361,39.5906009360186,0.344775424005012,0.31534814748597,2024.84851900158,2024.87794627809,NA,Atlantic,Atlantic
899,901,0.152715791115181,-103.365445502525,43.3255444530164,-92.9509263352983,45.1303507841799,0.344807624317381,0.1920918332022,2024.72526268729,2024.87797847841,NA,Pacific,Pacific
1139,1140,0.0177847220674636,-91.098804931149,42.0477530789545,-88.8732154866831,38.8725165437894,0.34660430592004,0.328819583852577,2024.86199043794,2024.87977516001,NA,Mississippi,Mississippi
1116,1117,0.211434523790884,-96.2890883309882,44.4232214996021,-99.9452295101296,36.2098914504845,0.348966177252291,0.137531653461407,2024.67070250755,2024.88213703134,NA,Pacific,Central
1182,1184,0.134948353888665,-82.4876998631707,39.0231611173226,-78.5461888023696,36.5130502837732,0.349312906005243,0.214364552116578,2024.74753540621,2024.88248376009,NA,Mississippi,Mississippi
1338,1339,0.061136816280934,-81.0628107233882,35.9211111891035,-79.6745447454774,32.9171838569747,0.351107485093995,0.289970668813061,2024.8231415229,2024.88427833918,NA,Atlantic,Atlantic
1352,1355,0.05575387741991,-104.063657845956,34.9208566315216,-104.374702631026,34.0075288832559,0.35348809270656,0.29773421528665,2024.83090506938,2024.8866589468,NA,Pacific,Pacific
1137,1138,0.0796692155237162,-91.58812571728,40.3601401358427,-91.4491162857215,42.1344455042899,0.353624735967216,0.2739555204435,2024.80712637453,2024.88679559006,NA,Mississippi,Mississippi
1324,1325,0.00148556301979874,-74.8103323456702,42.1933031262438,-74.9999212944591,42.1571565876246,0.357116612992009,0.355631049972211,2024.88880190406,2024.89028746708,NA,Atlantic,Atlantic
1024,287,0.0833756560042376,-104.994137667379,35.5375548284852,-99.7536860723116,40.0322695887969,0.357539528424434,0.274163872420196,2024.80733472651,2024.89071038251,SRR36617849|A/house_sparrow/AZ/24-036612-005/2024|H5N1|USA-AZ|Pinal|2024-11-22|wild_avian|D1.1,Pacific,Pacific
1058,1062,0.0818202357211952,-103.315593362962,42.2175994565369,-104.534220877433,41.8906533935657,0.357954122002613,0.276133886281418,2024.80930474037,2024.89112497609,NA,Central,Central
1111,1112,0.152070514051357,-104.863754109651,39.4824636717841,-93.8637873617464,34.4379041871406,0.358492522100304,0.206422008048947,2024.73959286214,2024.89166337619,NA,Pacific,Central
1283,1284,0.12923773932324,-72.6524686268708,42.9568890356151,-75.6357709604936,43.595903248429,0.358501906656081,0.229264167332841,2024.76243502142,2024.89167276075,NA,Atlantic,Atlantic
1326,1327,0.0274622600616392,-91.7702825164674,43.7803024655033,-91.7919154067335,43.8111365658577,0.359557976376913,0.332095716315274,2024.8652665704,2024.89272883047,NA,Atlantic,Atlantic
1132,141,0.154339116696072,-87.4306620039247,38.2419188301955,-99.742913558593,40.0222496778643,0.36027176886156,0.205932652165488,2024.73910350625,2024.89344262295,SRR34491474|A/blue_winged_teal/FL/24-036665-008/2024|H5N1|USA-FL|Palm_Beach|2024-11-23|wild_avian|D1.1,Mississippi,Atlantic
1133,143,0.132617173393608,-87.4701488196171,37.9301348111821,-87.4875068615401,40.522754061586,0.36027176886156,0.227654595467952,2024.76082544956,2024.89344262295,EPI_ISL_19777455|A/northern_pintail/Tennessee/158/2024|H5N1|USA-TN|Unknown|2024-11-23|wild_avian|D1.1,Mississippi,Mississippi
1134,144,0.132113309138949,-87.4539938904521,37.84249109308,-85.307772006482,44.2167908216703,0.36027176886156,0.228158459722611,2024.76132931381,2024.89344262295,SRR36617263|A/ring_necked_duck/GA/24-036176-005/2024|H5N1|USA-GA|Seminole|2024-11-23|wild_avian|D1.1,Mississippi,Atlantic
1145,137,0.130326341343622,-88.484191134357,40.2721640416465,-73.6217273013277,43.949814595262,0.36027176886156,0.229945427517938,2024.76311628161,2024.89344262295,SRR34491475|A/blue_winged_teal/FL/24-036665-004/2024|H5N1|USA-FL|Palm_Beach|2024-11-23|wild_avian|D1.1,Mississippi,Atlantic
1139,136,0.0314521850089831,-91.098804931149,42.0477530789545,-90.6345930585187,31.022270174038,0.36027176886156,0.328819583852577,2024.86199043794,2024.89344262295,SRR36617264|A/ring_necked_duck/GA/24-036176-004/2024|H5N1|USA-GA|Seminole|2024-11-23|wild_avian|D1.1,Mississippi,Atlantic
1320,1321,0.0380622388917682,-76.0737426586158,41.3241149746204,-73.4988427804609,43.0784632281831,0.360658634100069,0.322596395208301,2024.8557672493,2024.89382948819,NA,Atlantic,Atlantic
1182,1183,0.146842649070981,-82.4876998631707,39.0231611173226,-86.9189169532029,39.4260805854605,0.361207201187559,0.214364552116578,2024.74753540621,2024.89437805528,NA,Mississippi,Mississippi
1110,269,0.159672727236675,-106.672650855385,38.543084932097,-107.673435901866,41.374822995089,0.363004009298913,0.203331282062238,2024.73650213615,2024.89617486339,SRR36617491|A/Peregrine_falcon/CO/25-019366-001/2024|H5N1|USA-CO|Denver|2024-11-24|wild_avian|D1.1,Pacific,Central
1021,555,0.154445048233997,-106.391948366602,38.8972992802086,-97.9375316109963,34.2478343570451,0.363004009298913,0.208558961064917,2024.74172981515,2024.89617486339,SRR36617504|A/mallard_duck/NE/25-004748-004/2024|H5N1|USA-NE|Buffalo|2024-11-24|wild_avian|D1.1,Pacific,Central
900,617,0.122801416380425,-101.708691628907,42.819678786774,-100.492366111368,33.6281911387953,0.363004009298913,0.240202592918488,2024.77337344701,2024.89617486339,SRR36617269|A/mallard_duck/WA/24-036061-007/2024|H5N1|USA-WA|Grant|2024-11-24|wild_avian|D1.1,Pacific,Pacific
1042,644,0.0949145165903653,-102.246527610367,40.8841153168377,-105.037531918275,40.4259191230814,0.363004009298913,0.268089492708548,2024.8012603468,2024.89617486339,SRR31914411|A/Turkey/SD/24-035157-004-original/2024|H5N1|USA-SD|Unknown|2024-11-24|domestic_avian|D1.1,Central,Central
1308,1309,0.159790844716771,-91.7701344004295,42.0218655745299,-91.117002977298,41.7090774558029,0.363433311019774,0.203642466303003,2024.73681332039,2024.89660416511,NA,Atlantic,Atlantic
1353,1354,0.0613803825323691,-104.787407004993,34.945575157054,-104.932452954864,34.8122524615292,0.364627111470325,0.303246728937956,2024.83641758303,2024.89779796556,NA,Pacific,Pacific
1047,660,0.147596180887577,-95.966498437801,40.9823044929415,-95.9798717064194,40.3246591338689,0.365736249736039,0.218140068848462,2024.75131092294,2024.89890710383,SRR36617524|A/mallard_duck/NE/25-003309-011/2024|H5N1|USA-NE|Buffalo|2024-11-25|wild_avian|D1.1,Central,Central
1101,256,0.143212027898355,-109.901826040525,35.3311994319491,-114.702630202307,37.3802886788593,0.365736249736039,0.222524221837684,2024.75569507593,2024.89890710383,SRR36617265|A/great_horned_owl/WY/24-036166-001/2024|H5N1|USA-WY|Lincoln|2024-11-25|wild_avian|D1.1,Pacific,Pacific
1010,611,0.115497710950104,-94.9787425063166,43.3541945018177,-100.140619515838,44.7119017006097,0.365736249736039,0.250238538785935,2024.78340939288,2024.89890710383,SRR34491460|A/blue_winged_teal/LA/24-035708-007/2024|H5N1|USA-LA|Cameron|2024-11-25|wild_avian|D1.1,Central,Mississippi
1024,288,0.0915723773158434,-104.994137667379,35.5375548284852,-103.263467716585,41.6545933481986,0.365736249736039,0.274163872420196,2024.80733472651,2024.89890710383,SRR36617855|A/black_necked_stilt/AZ/24-036610-002/2024|H5N1|USA-AZ|Pinal|2024-11-25|wild_avian|D1.1,Pacific,Pacific
1046,662,0.0829852023614224,-102.094429498112,33.2877510607517,-96.2398825291492,34.1962182910635,0.365736249736039,0.282751047374617,2024.81592190146,2024.89890710383,SRR34491454|A/blue_winged_teal/LA/24-035708-014/2024|H5N1|USA-LA|Cameron|2024-11-25|wild_avian|D1.1,Central,Mississippi
1333,46,0.0792137518150955,-85.5700451849846,34.2479172033448,-99.3799124688675,36.238130353153,0.365736249736039,0.286522497920944,2024.81969335201,2024.89890710383,SRR31914406|A/Turkey/SD/24-035288-003-original/2024|H5N1|USA-SD|Unknown|2024-11-25|domestic_avian|D1.1,Mississippi,Central
1327,1328,0.00685683276244609,-91.7919154067335,43.8111365658577,-91.7597351319704,43.3944851687717,0.366414809139359,0.359557976376913,2024.89272883047,2024.89958566323,NA,Atlantic,Atlantic
1059,1060,0.0785370294189436,-103.253275575738,39.6951773664561,-103.039557431231,39.9698420382831,0.366448145777548,0.287911116358604,2024.82108197045,2024.89961899987,NA,Central,Central
906,290,0.186296146064527,-104.556872161692,35.1828354439646,-97.8681564426655,32.540774593536,0.368468490173166,0.182172344108639,2024.7153431982,2024.90163934426,SRR34491451|A/green_winged_teal/NM/24-036318-011/2024|H5N1|USA-NM|San_Miguel|2024-11-26|wild_avian|D1.1,Central,Central
1038,674,0.172138155818339,-98.2149158549309,33.6464364154132,-99.629555634797,34.672904955514,0.368468490173166,0.196330334354827,2024.72950118844,2024.90163934426,SRR36617487|A/canada_goose/UT/24-035683-001/2024|H5N1|USA-UT|Weber|2024-11-26|wild_avian|D1.1,Pacific,Pacific
900,618,0.128265897254677,-101.708691628907,42.819678786774,-94.3499263156982,37.205231031997,0.368468490173166,0.240202592918488,2024.77337344701,2024.90163934426,SRR34491450|A/green_winged_teal/NM/24-036318-014/2024|H5N1|USA-NM|San_Miguel|2024-11-26|wild_avian|D1.1,Pacific,Central
1142,128,0.0967170450363923,-97.7904226937785,45.3052394826632,-89.0820689394208,47.8390768852689,0.368468490173166,0.271751445136773,2024.80492229923,2024.90163934426,SRR36628221|A/mallard_duck/IA/24-037337-003/2024|H5N1|USA-IA|Jackson|2024-11-26|wild_avian|D1.1,Mississippi,Mississippi
1012,612,0.0877169135275067,-96.0415351155918,43.8438673314336,-90.1787410551977,32.1109046113394,0.368468490173166,0.280751576645659,2024.81392243073,2024.90163934426,SRR31914398|A/chicken/TN/24-035519-005-original/2024|H5N1|USA-TN|Unknown|2024-11-26|domestic_avian|D1.1,Central,Mississippi
1314,1315,0.0672796404514939,-71.1063740493858,42.4091548932801,-71.0302431258109,43.0890133615599,0.369377957021041,0.302098316569547,2024.83526917066,2024.90254881111,NA,Atlantic,Atlantic
1328,1329,0.00322082429145043,-91.7597351319704,43.3944851687717,-90.8799866827468,43.4576787909104,0.369635633430809,0.366414809139359,2024.89958566323,2024.90280648752,NA,Atlantic,Atlantic
1130,139,0.192040096909704,-88.4989075115376,38.9531726115327,-94.4314759064009,45.0034552312644,0.371200730610292,0.179160633700588,2024.71233148779,2024.9043715847,SRR34491447|A/blue_winged_teal/SC/24-036315-006/2024|H5N1|USA-SC|Colleton|2024-11-27|wild_avian|D1.1,Mississippi,Atlantic
1088,244,0.162149819254678,-109.595403054231,44.5994886975266,-100.170462634989,44.1599877653845,0.371200730610292,0.209050911355614,2024.74222176544,2024.9043715847,SRR34491403|A/western_gull/CA/24-036324-002/2024|H5N1|USA-CA|Santa_Barbara|2024-11-27|wild_avian|D1.1,Pacific,Pacific
1194,162,0.158708122510005,-92.1907296309496,35.19116406419,-89.8928020263195,37.1648411482233,0.371200730610292,0.212492608100287,2024.74566346219,2024.9043715847,SRR34491402|A/mallard/AR/24-036997-003/2024|H5N1|USA-AR|Prairie|2024-11-27|wild_avian|D1.1,Mississippi,Mississippi
961,596,0.102976522750329,-102.1552949914,45.4820538007451,-100.379973184116,37.8024330000482,0.371200730610292,0.268224207859963,2024.80139506195,2024.9043715847,SRR33508820|A/snow_goose/MT/24-035974-001/2024|H5N1|USA-MT|Gallatin|2024-11-27|wild_avian|D1.1,Pacific,Pacific
1169,1171,0.0385366720956071,-87.1121710871421,38.8063718062379,-84.4260375018589,45.6361674985931,0.37237093398729,0.333834261891683,2024.86700511598,2024.90554178808,NA,Mississippi,Mississippi
1339,1340,0.0215738294301488,-79.6745447454774,32.9171838569747,-81.5870137508035,34.3327749995807,0.372681314524144,0.351107485093995,2024.88427833918,2024.90585216861,NA,Atlantic,Atlantic
1351,26,0.114389393807974,-109.440211886583,31.8135621446073,-109.446713003527,31.8209610934534,0.373932971047418,0.259543577239444,2024.79271443133,2024.90710382514,SRR36617643|A/trumpeter_swan/MT/24-037728-001/2024|H5N1|USA-MT|Big_Horn|2024-11-28|wild_avian|D1.1,Central,Central
711,885,0.11325043913586,-107.395041750885,33.0019038029066,-106.827698894098,32.7688462098921,0.375076020061253,0.261825580925392,2024.79499643501,2024.90824687415,NA,Central,Central
1329,1331,0.00562938539896907,-90.8799866827468,43.4576787909104,-90.5038132183707,42.816727309213,0.375265018829778,0.369635633430809,2024.90280648752,2024.90843587292,NA,Atlantic,Atlantic
1289,1294,0.147108633654024,-71.4372921839874,42.8638516964469,-70.5726916295123,44.6471510753513,0.375270846139305,0.228162212485281,2024.76133306657,2024.90844170023,NA,Atlantic,Atlantic
964,965,0.146236499320658,-95.9863056389179,34.5983482569236,-102.328079434106,42.7942469537303,0.37630969813595,0.230073198815292,2024.7632440529,2024.90948055223,NA,Pacific,Pacific
1197,168,0.0980445235473439,-95.2974292997643,41.4134311890184,-106.98172722537,44.5305539636825,0.376665211484544,0.2786206879372,2024.81179154203,2024.90983606557,SRR34491401|A/mallard/IA/24-036924-003/2024|H5N1|USA-IA|Marion|2024-11-29|wild_avian|D1.1,Atlantic,Mississippi
1329,1330,0.00801543887917711,-90.8799866827468,43.4576787909104,-91.1218055531048,43.0212731317456,0.377651072309986,0.369635633430809,2024.90280648752,2024.9108219264,NA,Atlantic,Atlantic
1284,1285,0.01981282313618,-75.6357709604936,43.595903248429,-74.4527972088224,43.3933267247496,0.378314729792261,0.358501906656081,2024.89167276075,2024.91148558388,NA,Atlantic,Atlantic
885,886,0.00531988788904303,-106.827698894098,32.7688462098921,-105.727835023003,31.6546927730827,0.380395907950296,0.375076020061253,2024.90824687415,2024.91356676204,NA,Central,Central
1190,1191,0.10989187575565,-78.7548065192835,36.9503853491245,-77.2102668868833,43.1426919749649,0.38139502151018,0.271503145754529,2024.80467399984,2024.9145658756,NA,Atlantic,Mississippi
886,888,0.00127472724533284,-105.727835023003,31.6546927730827,-105.355680781053,31.9010466834691,0.381670635195628,0.380395907950296,2024.91356676204,2024.91484148928,NA,Central,Central
1200,185,0.190532929003614,-86.8762324636089,34.6113953519555,-88.4048643091357,40.307543325664,0.382129692359024,0.19159676335541,2024.72476761744,2024.91530054645,SRR34491391|A/green_winged_teal/TN/24-036998-013/2024|H5N1|USA-TN|Obion|2024-12-01|wild_avian|D1.1,Atlantic,Mississippi
990,526,0.161941337946745,-115.017804791927,35.2947425181973,-117.171142166672,35.0459006857941,0.382129692359024,0.220188354412279,2024.7533592085,2024.91530054645,SRR34491394|A/snow_goose/AR/24-035819-001/2024|H5N1|USA-AR|Prairie|2024-12-01|wild_avian|D1.1,Mississippi,Mississippi
1050,665,0.124185202674061,-102.756900802012,40.2313175436775,-90.1091401340446,29.8212605888328,0.38486193279615,0.260676730122089,2024.79384758421,2024.91803278689,SRR36617866|A/trumpeter_swan/MI/24-036239-001/2024|H5N1|USA-MI|Eaton|2024-12-02|wild_avian|D1.1,Central,Mississippi
1150,146,0.11770815996267,-87.2198171981693,45.6980396335665,-76.8380215126043,41.0036216846524,0.38486193279615,0.26715377283348,2024.80032462692,2024.91803278689,SRR34491382|A/snow_goose/KS/24-036679-005/2024|H5N1|USA-KS|Montgomery|2024-12-02|wild_avian|D1.1,Mississippi,Central
1309,1310,0.0228671807798198,-91.117002977298,41.7090774558029,-91.7176202448083,41.8729796401341,0.386300491799594,0.363433311019774,2024.89660416511,2024.91947134589,NA,Atlantic,Atlantic
1169,1170,0.0532348694809013,-87.1121710871421,38.8063718062379,-93.1510464124136,33.4257231800617,0.387069131372584,0.333834261891683,2024.86700511598,2024.92023998546,NA,Mississippi,Mississippi
1091,262,0.231836381738148,-100.816530814572,40.7322751761275,-103.756764009163,42.1290592551455,0.387594173233276,0.155757791495128,2024.68892864558,2024.92076502732,SRR34491344|A/owl/UT/24-036341-002/2024|H5N1|USA-UT|Box_Elder|2024-12-03|wild_avian|D1.1,Pacific,Pacific
1121,240,0.197332239390192,-103.63669172482,36.7259914434311,-94.942975111168,42.9546046698981,0.387594173233276,0.190261933843084,2024.72343278793,2024.92076502732,SRR36628227|A/canada_goose/UT/24-036341-001/2024|H5N1|USA-UT|Davis|2024-12-03|wild_avian|D1.1,Central,Pacific
1109,270,0.184966265634092,-106.004019412283,38.542060317454,-109.723016665874,38.1380773786183,0.387594173233276,0.202627907599184,2024.73579876169,2024.92076502732,SRR36628224|A/mallard_duck/MT/24-036921-002/2024|H5N1|USA-MT|Big_Horn|2024-12-03|wild_avian|D1.1,Pacific,Central
1087,245,0.188099194265208,-105.76517221409,48.2796659311386,-107.498756637308,44.4708960712784,0.390326413670402,0.202227219405195,2024.73539807349,2024.92349726776,SRR36617418|A/harris_hawk/AZ/24-038176-001/2024|H5N1|USA-AZ|Maricopa|2024-12-04|wild_avian|D1.1,Pacific,Pacific
1027,625,0.177637892452988,-100.240167900073,45.8785864988673,-107.930078917727,38.5387362295817,0.390326413670402,0.212688521217414,2024.74585937531,2024.92349726776,SRR34491526|A/snow_goose/SD/24-036845-001/2024|H5N1|USA-SD|Spink|2024-12-04|wild_avian|D1.1,Central,Central
1333,47,0.103803915749458,-85.5700451849846,34.2479172033448,-86.1897019961022,34.9079858524966,0.390326413670402,0.286522497920944,2024.81969335201,2024.92349726776,SRR34491531|A/snow_goose/KY/24-036682-002/2024|H5N1|USA-KY|Henderson|2024-12-04|wild_avian|D1.1,Mississippi,Mississippi
1315,1319,0.0209782508404912,-71.0302431258109,43.0890133615599,-71.8397720898872,42.8893108153007,0.390356207861532,0.369377957021041,2024.90254881111,2024.92352706195,NA,Atlantic,Atlantic
1031,1032,0.132087203764599,-101.060425414936,45.955378141484,-101.516990734223,35.254189189845,0.391946458245294,0.259859254480695,2024.79303010857,2024.92511731233,NA,Central,Mississippi
993,521,0.165517718468109,-112.350880315725,38.2924150102765,-113.169666047422,38.8279484999152,0.393058654107528,0.22754093563942,2024.76071178973,2024.9262295082,SRR34491514|A/snow_goose/LA/24-036681-005/2024|H5N1|USA-LA|Cameron|2024-12-05|wild_avian|D1.1,Mississippi,Mississippi
684,677,0.144370255246594,-95.665241566278,31.8303572322728,-93.8309732744527,35.1523392343129,0.393058654107528,0.248688398860935,2024.78185925295,2024.9262295082,SRR34491517|A/snow_goose/LA/24-036681-003/2024|H5N1|USA-LA|Cameron|2024-12-05|wild_avian|D1.1,Central,Mississippi
708,709,0.17518892784309,-107.426571033004,32.8045948170086,-111.100680908611,36.5434015252694,0.394000026904726,0.218811099061635,2024.75198195315,2024.92717088099,NA,Central,Central
1310,1311,0.00806489945486621,-91.7176202448083,41.8729796401341,-91.9950960065246,41.6536687994145,0.39436539125446,0.386300491799594,2024.91947134589,2024.92753624534,NA,Atlantic,Atlantic
920,921,0.0503636847706427,-93.0026229761361,39.5906009360186,-95.3234588965243,41.6440812666827,0.395139108775655,0.344775424005012,2024.87794627809,2024.92830996286,NA,Atlantic,Atlantic
964,561,0.165717695729363,-95.9863056389179,34.5983482569236,-83.8758076125633,34.8847795453934,0.395790894544655,0.230073198815292,2024.7632440529,2024.92896174863,SRR36628213|A/mallard_duck/MT/24-037783-006/2024|H5N1|USA-MT|Big_Horn|2024-12-06|wild_avian|D1.1,Pacific,Central
1063,635,0.121211136565323,-103.547613003534,41.44832520372,-110.427937204666,34.0733958370603,0.395790894544655,0.274579757979331,2024.80775061207,2024.92896174863,SRR36617835|A/snow_goose/MS/24-036916-001/2024|H5N1|USA-MS|Washington|2024-12-06|wild_avian|D1.1,Central,Mississippi
984,540,0.062305981936204,-111.492338369277,34.630024885298,-109.893767634988,34.0261408292493,0.395790894544655,0.333484912608451,2024.8666557667,2024.92896174863,SRR34491436|A/snow_goose/IN/24-037289-004/2024|H5N1|USA-IN|Gibson|2024-12-06|wild_avian|D1.1,Mississippi,Mississippi
1191,1192,0.0149650979179683,-77.2102668868833,43.1426919749649,-75.9450818174971,44.0320507583418,0.396360119428148,0.38139502151018,2024.9145658756,2024.92953097352,NA,Mississippi,Mississippi
920,930,0.0529204753646387,-93.0026229761361,39.5906009360186,-92.2569696350234,39.6140683874263,0.397695899369651,0.344775424005012,2024.87794627809,2024.93086675346,NA,Atlantic,Atlantic
1337,1341,0.127111269178551,-82.351161218987,37.138640172266,-81.8632199718935,37.0918639481962,0.397752243559295,0.270640974380744,2024.80381182847,2024.93092309765,NA,Atlantic,Atlantic
1043,590,0.10958764111349,-98.052205202418,45.1476184807379,-114.165892151158,40.4713261014335,0.398523134981781,0.288935493868291,2024.82210634796,2024.93169398907,SRR36617659|A/green_winged_teal/FL/24-037597-003/2024|H5N1|USA-FL|St_Johns|2024-12-07|wild_avian|D1.1,Mississippi,Atlantic
1004,589,0.105222072571118,-103.128425705301,36.266167968465,-118.877533909467,42.4279892708287,0.398523134981781,0.293301062410663,2024.8264719165,2024.93169398907,SRR36628218|A/green_winged_teal/FL/24-037597-021/2024|H5N1|USA-FL|St_Johns|2024-12-07|wild_avian|D1.1,Central,Atlantic
1183,159,0.0373159337942219,-86.9189169532029,39.4260805854605,-85.8478445017021,34.9918120850515,0.398523134981781,0.361207201187559,2024.89437805528,2024.93169398907,SRR36617819|A/tundra_swan/WI/24-037346-003/2024|H5N1|USA-WI|Dane|2024-12-07|wild_avian|D1.1,Mississippi,Mississippi
930,931,0.00105560686420259,-92.2569696350234,39.6140683874263,-92.3213814292351,39.8658098591722,0.398751506233854,0.397695899369651,2024.93086675346,2024.93192236032,NA,Atlantic,Atlantic
969,548,0.124845539066367,-118.075029673402,36.618079252204,-112.372375406978,41.6116503067937,0.401255375419134,0.276409836352768,2024.80958069044,2024.93442622951,SRR31820756|A/chicken/OK/24-036668-002-original/2024|H5N1|USA-OK|Unknown|2024-12-08|domestic_avian|D1.1,Central,Central
921,929,0.00666612554521606,-95.3234588965243,41.6440812666827,-97.2799000253722,40.5736563687848,0.401805234320871,0.395139108775655,2024.92830996286,2024.93497608841,NA,Atlantic,Atlantic
1128,233,0.252086046894174,-89.121163146042,38.548873606517,-98.1405188039822,34.1407873960591,0.403987615856261,0.151901568962086,2024.68507242305,2024.93715846995,SRR34491427|A/great_horned_owl/NE/24-036852-002/2024|H5N1|USA-NE|Douglas|2024-12-09|wild_avian|D1.1,Mississippi,Central
972,520,0.212760022687901,-112.646876722931,40.4628737423587,-108.698054971541,35.3631652614491,0.403987615856261,0.191227593168359,2024.72439844726,2024.93715846995,SRR36628220|A/american_wigeon/IL/24-037535-005/2024|H5N1|USA-IL|Fulton|2024-12-09|wild_avian|D1.1,Central,Mississippi
1203,181,0.197797510742336,-82.7442782481751,38.1148069187439,-90.5881873362279,29.4333555406715,0.403987615856261,0.206190105113925,2024.7393609592,2024.93715846995,SRR36617445|A/wild_duck/MS/24-037653-002/2024|H5N1|USA-MS|Tallahatchie|2024-12-09|wild_avian|D1.1,Atlantic,Mississippi
998,550,0.146258061060534,-108.984209651821,43.3838936726969,-100.483192198786,48.1503013849296,0.403987615856261,0.257729554795726,2024.79090040888,2024.93715846995,SRR36617634|A/snow_goose/OR/24-037761-001/2024|H5N1|USA-OR|Union|2024-12-09|wild_avian|D1.1,Pacific,Pacific
1016,569,0.137140932758296,-104.907369244191,39.5984579690924,-97.7817120037146,30.5355686516422,0.403987615856261,0.266846683097965,2024.80001753719,2024.93715846995,SRR33508718|A/snow_goose/OR/24-037758-001/2024|H5N1|USA-OR|Malheur|2024-12-09|wild_avian|D1.1,Central,Pacific
951,563,0.109960395001321,-114.19412977215,42.2353390375103,-99.1968115804773,30.9524529311682,0.403987615856261,0.29402722085494,2024.82719807494,2024.93715846995,SRR36617246|A/snow_goose/IN/24-037868-001/2024|H5N1|USA-IN|Lake|2024-12-09|wild_avian|D1.1,Pacific,Mississippi
1163,1164,0.202704620236073,-92.967033622066,39.8884378664316,-91.0937923965517,37.9977806947739,0.405546007829511,0.202841387593438,2024.73601224168,2024.93871686192,NA,Mississippi,Mississippi
1175,189,0.189479070792984,-89.0838041131309,34.8782062349614,-83.5630786495115,39.465599316843,0.406719856293387,0.217240785500403,2024.75041163959,2024.93989071038,SRR34491424|A/blue_jay/IA/24-037140-001/2024|H5N1|USA-IA|Cerro_Gordo|2024-12-10|wild_avian|D1.1,Mississippi,Mississippi
1051,666,0.142854065531056,-102.974132233805,39.278661987488,-107.424094898578,36.6340404029197,0.406719856293387,0.263865790762331,2024.79703664485,2024.93989071038,SRR34491425|A/canada_goose/MN/24-037100-001/2024|H5N1|USA-MN|Murray|2024-12-10|wild_avian|D1.1,Central,Mississippi
985,542,0.113768650126601,-105.67831531888,37.9405464929321,-105.744808062674,37.1668620465201,0.406719856293387,0.292951206166786,2024.82612206026,2024.93989071038,SRR36617433|A/snow_goose/IA/24-037657-004/2024|H5N1|USA-IA|Woodbury|2024-12-10|wild_avian|D1.1,Mississippi,Mississippi
1353,31,0.103473127355431,-104.787407004993,34.945575157054,-103.722730966865,31.3133046733008,0.406719856293387,0.303246728937956,2024.83641758303,2024.93989071038,SRR33508721|A/snow_goose/ID/24-037540-001/2024|H5N1|USA-ID|Canyon|2024-12-10|wild_avian|D1.1,Pacific,Pacific
1144,129,0.0784621925868394,-99.2279871956696,34.0194858717259,-99.4220199642067,34.6900252766669,0.406719856293387,0.328257663706547,2024.8614285178,2024.93989071038,SRR36617403|A/canada_goose/MN/24-038291-006/2024|H5N1|USA-MN|Ramsey|2024-12-10|wild_avian|D1.1,Mississippi,Mississippi
1355,29,0.0532317635868267,-104.374702631026,34.0075288832559,-94.6364241561703,33.4936765603117,0.406719856293387,0.35348809270656,2024.8866589468,2024.93989071038,SRR36617816|A/red_tailed_hawk/CO/24-037418-001/2024|H5N1|USA-CO|Weld|2024-12-10|wild_avian|D1.1,Pacific,Central
1321,1323,0.0468463267115159,-73.4988427804609,43.0784632281831,-73.0646966744542,44.627689499073,0.407504960811585,0.360658634100069,2024.89382948819,2024.9406758149,NA,Atlantic,Atlantic
877,879,0.138029946040394,-106.091824300971,33.5220915898451,-106.40740136125,34.2740010507824,0.408207426076188,0.270177480035794,2024.80334833412,2024.94137828017,NA,Central,Central
1294,1295,0.0341002412347682,-70.5726916295123,44.6471510753513,-73.737344205157,43.9022414256439,0.409371087374073,0.375270846139305,2024.90844170023,2024.94254194146,NA,Atlantic,Atlantic
997,552,0.182413499126107,-104.96610822705,42.3742728692375,-91.083571013304,42.7979888691409,0.409452096730513,0.227038597604405,2024.76020945169,2024.94262295082,SRR36617233|A/mallard_duck/AR/24-037952-006/2024|H5N1|USA-AR|Prairie|2024-12-11|wild_avian|D1.1,Central,Mississippi
1264,1265,0.00761259639541101,-74.6640802593403,40.354998901246,-73.9555958909357,40.8365014116928,0.410090919694595,0.402478323299184,2024.93564917739,2024.94326177378,NA,Atlantic,Atlantic
1189,174,0.142528973724969,-80.4814326450992,35.6066605528394,-85.7714051865427,33.2975630764946,0.412184337167639,0.26965536344267,2024.80282621753,2024.94535519126,SRR36617408|A/bald_eagle/GA/24-038226-003/2024|H5N1|USA-GA|Glynn|2024-12-12|wild_avian|D1.1,Atlantic,Atlantic
1053,668,0.0781773913176187,-99.7346383287915,39.7251067942092,-100.861015730794,40.2865346223492,0.412184337167639,0.33400694585002,2024.86717779994,2024.94535519126,SRR36617797|A/snow_goose/KS/24-038036-002/2024|H5N1|USA-KS|Mitchell|2024-12-12|wild_avian|D1.1,Central,Central
1321,1322,0.0526381590471414,-73.4988427804609,43.0784632281831,-76.8935272578026,41.5678722689263,0.41329679314721,0.360658634100069,2024.89382948819,2024.94646764724,NA,Atlantic,Atlantic
1171,1172,0.0412140432555016,-84.4260375018589,45.6361674985931,-85.5575723650581,46.5141232342277,0.413584977242791,0.37237093398729,2024.90554178808,2024.94675583133,NA,Mississippi,Mississippi
1245,1247,0.136616859124249,-115.483717178653,46.6929560757824,-111.453360737234,48.6363839360705,0.414276354494226,0.277659495369977,2024.81083034946,2024.94744720858,NA,Mississippi,Mississippi
1052,1054,0.101833321693144,-102.110879396957,40.2668719653648,-98.4636423634295,34.7337948812679,0.414487667036569,0.312654345343425,2024.84582519943,2024.94765852113,NA,Central,Central
1060,638,0.0484684318272173,-103.039557431231,39.9698420382831,-93.5521572305944,32.1160583573163,0.414916577604765,0.366448145777548,2024.89961899987,2024.94808743169,SRR31885765|A/Guineafowl/AL/24-037980-001-original/2024|H5N1|USA-AL|Unknown|2024-12-13|domestic_avian|D1.1,Central,Mississippi
1288,1305,0.19921020118928,-71.7075090303192,41.7373368634998,-73.5749412327517,42.6512174642106,0.415209180355705,0.215998979166425,2024.74916983326,2024.94838003444,NA,Atlantic,Atlantic
1233,1234,0.245977825956347,-88.7386516064198,37.9514494829642,-89.1223879950515,41.7681298671692,0.416425555855262,0.170447729898915,2024.70361858399,2024.94959640994,NA,Mississippi,Mississippi
974,975,0.144879184966048,-108.128987783092,36.6135778668713,-116.324556149288,47.1026587455605,0.416976185870841,0.272097000904793,2024.80526785499,2024.95014703996,NA,Mississippi,Atlantic
1078,280,0.402755256693063,-111.610446110604,40.3148411920111,-98.7800961802626,40.4748524664785,0.417648818041891,0.0148935613488279,2024.54806441544,2024.95081967213,SRR36617585|A/canvasback_duck/WA/24-038667-005/2024|H5N1|USA-WA|Walla_Walla|2024-12-14|wild_avian|D1.1,Pacific,Pacific
703,587,0.224753464108737,-111.352653429099,36.9217329079483,-98.6499335574515,34.8013734854241,0.417648818041891,0.192895353933154,2024.72606620802,2024.95081967213,SRR36617600|A/gadwall/TX/24-038543-056/2024|H5N1|USA-TX|Jefferson|2024-12-14|wild_avian|D1.1,Central,Central
1170,226,0.0305796866693073,-93.1510464124136,33.4257231800617,-95.4702732594151,34.1172569287408,0.417648818041891,0.387069131372584,2024.92023998546,2024.95081967213,SRR36617800|A/canada_goose/OH/24-038006-001/2024|H5N1|USA-OH|Mercer|2024-12-14|wild_avian|D1.1,Mississippi,Mississippi
1054,669,0.00316115100532266,-98.4636423634295,34.7337948812679,-92.2531238398809,32.9924839531855,0.417648818041891,0.414487667036569,2024.94765852113,2024.95081967213,SRR36617765|A/ring_necked_duck/KY/24-038721-028/2024|H5N1|USA-KY|Ballard|2024-12-14|wild_avian|D1.1,Central,Mississippi
1192,1193,0.0216227046361647,-75.9450818174971,44.0320507583418,-74.850011079897,44.1284261507313,0.417982824064313,0.396360119428148,2024.92953097352,2024.95115367815,NA,Mississippi,Mississippi
975,980,0.00380388587587621,-116.324556149288,47.1026587455605,-117.361805655055,46.8318395597453,0.420780071746717,0.416976185870841,2024.95014703996,2024.95395092584,NA,Atlantic,Atlantic
919,302,0.107765151430401,-92.1948128091017,42.5535863619742,-91.6812739318931,43.3681803575748,0.423113298916371,0.31534814748597,2024.84851900158,2024.95628415301,SRR36617384|A/snow_goose/NC/24-038497-002/2024|H5N1|USA-NC|Hyde|2024-12-16|wild_avian|D1.1,Atlantic,Atlantic
1355,30,0.0696252062098111,-104.374702631026,34.0075288832559,-104.053496244806,32.7437640443813,0.423113298916371,0.35348809270656,2024.8866589468,2024.95628415301,SRR36617414|A/snow_goose/ID/24-038179-001/2024|H5N1|USA-ID|Owyhee|2024-12-16|wild_avian|D1.1,Pacific,Pacific
1036,1037,0.179266645383013,-93.5266180123728,33.6346318597413,-89.3236465333674,32.9820834765646,0.423787374334348,0.244520728951336,2024.77769158304,2024.95695822842,NA,Pacific,Pacific
970,546,0.240182833334377,-114.135427759403,39.5664334725517,-97.3438612582752,37.1793388613597,0.425845539353497,0.18566270601912,2024.71883356011,2024.95901639344,SRR36617967|A/gadwall/NV/24-039032-002/2024|H5N1|USA-NV|Elko|2024-12-17|wild_avian|D1.1,Central,Pacific
1003,592,0.215577749328712,-112.600409612248,41.158586255856,-98.0184068593254,37.2897596285494,0.425845539353497,0.210267790024785,2024.74343864411,2024.95901639344,SRR36618001|A/Muscovy_duck/TX/24-038475-001/2024|H5N1|USA-TX|Harris|2024-12-17|wild_avian|D1.1,Pacific,Central
1101,257,0.203321317515813,-109.901826040525,35.3311994319491,-113.582901777339,34.7465238170033,0.425845539353497,0.222524221837684,2024.75569507593,2024.95901639344,SRR36617969|A/mallard_duck/NV/24-039032-001/2024|H5N1|USA-NV|Elko|2024-12-17|wild_avian|D1.1,Pacific,Pacific
1144,130,0.0975878756469499,-99.2279871956696,34.0194858717259,-99.2567600409125,34.116609225573,0.425845539353497,0.328257663706547,2024.8614285178,2024.95901639344,SRR36617307|A/canada_goose/WI/25-001449-006/2024|H5N1|USA-WI|St_Croix|2024-12-17|wild_avian|D1.1,Mississippi,Mississippi
901,902,0.0832971624461301,-92.9509263352983,45.1303507841799,-93.754757276382,45.9758643783428,0.428104786763511,0.344807624317381,2024.87797847841,2024.96127564085,NA,Pacific,Pacific
1163,224,0.225736392197185,-92.967033622066,39.8884378664316,-94.1858511290116,44.7721416174611,0.428577779790623,0.202841387593438,2024.73601224168,2024.96174863388,SRR36617388|A/trumpeter_swan/IL/24-038496-001/2024|H5N1|USA-IL|Pike|2024-12-18|wild_avian|D1.1,Mississippi,Mississippi
1032,632,0.0366313215453298,-101.516990734223,35.254189189845,-101.362831468438,35.2535466016309,0.428577779790623,0.391946458245294,2024.92511731233,2024.96174863388,SRR36617748|A/canada_goose/MO/24-038745-013/2024|H5N1|USA-MO|St_Charles|2024-12-18|wild_avian|D1.1,Mississippi,Mississippi
1054,670,0.0140901127540547,-98.4636423634295,34.7337948812679,-98.9314243965077,33.4975142743297,0.428577779790623,0.414487667036569,2024.94765852113,2024.96174863388,SRR36617758|A/mallard_duck/MO/24-038745-003/2024|H5N1|USA-MO|Nodaway|2024-12-18|wild_avian|D1.1,Central,Mississippi
1295,1296,0.0194672576163304,-73.737344205157,43.9022414256439,-69.6091448814467,45.3085889905167,0.428838344990404,0.409371087374073,2024.94254194146,2024.96200919908,NA,Atlantic,Atlantic
709,710,0.0358683501693089,-111.100680908611,36.5434015252694,-110.405863915901,36.4848793172031,0.429868377074034,0.394000026904726,2024.92717088099,2024.96303923116,NA,Central,Central
1092,248,0.260004451925105,-102.48517095416,39.38351124399,-70.6123060698918,43.3736621174661,0.43131002022775,0.171305568302645,2024.70447642239,2024.96448087432,SRR36617986|A/green_winged_teal/VA/24-038857-002/2024|H5N1|USA-VA|Virginia_Beach|2024-12-19|wild_avian|D1.1,Central,Atlantic
1347,24,0.240954236431089,-98.106852903209,34.7481478089272,-110.027213798162,32.1665254067633,0.43131002022775,0.190355783796661,2024.72352663789,2024.96448087432,SRR36617586|A/canada_goose/WY/24-038662-001/2024|H5N1|USA-WY|Big_Horn|2024-12-19|wild_avian|D1.1,Mississippi,Central
1102,255,0.199546345088646,-109.730082749421,36.0788232255627,-111.051493472486,40.1823812780131,0.43131002022775,0.231763675139103,2024.76493452923,2024.96448087432,SRR36628748|A/mallard_duck/AZ/25-000743-025/2024|H5N1|USA-AZ|La_Paz|2024-12-19|wild_avian|D1.1,Pacific,Pacific
1244,40,0.167700021697894,-114.846458963194,45.0007225602264,-102.61282323186,42.8063370290652,0.43131002022775,0.263609998529855,2024.79678085262,2024.96448087432,SRR36617304|A/bald_eagle/GA/25-001590-001/2024|H5N1|USA-GA|Fulton|2024-12-19|wild_avian|D1.1,Mississippi,Atlantic
1004,591,0.138008957817087,-103.128425705301,36.266167968465,-85.8277975471897,37.6930078038139,0.43131002022775,0.293301062410663,2024.8264719165,2024.96448087432,SRR36617572|A/green_winged_teal/SC/25-000649-005/2024|H5N1|USA-SC|Charleston|2024-12-19|wild_avian|D1.1,Central,Atlantic
911,331,0.0967999736052225,-96.1282265315266,42.4046444402711,-98.2673529794616,41.9949066207699,0.43131002022775,0.334510046622527,2024.86768090071,2024.96448087432,SRR36617982|A/wood_duck/VA/24-038859-013/2024|H5N1|USA-VA|Henrico|2024-12-19|wild_avian|D1.1,Atlantic,Atlantic
1328,119,0.0648952110883907,-91.7597351319704,43.3944851687717,-91.7591829817904,42.9167630013043,0.43131002022775,0.366414809139359,2024.89958566323,2024.96448087432,SRR31959989|A/chicken/VT/24-038443-001-original/2024|H5N1|USA-VT|Unknown|2024-12-19|domestic_avian|D1.1,Atlantic,Atlantic
1088,246,0.224991349309262,-109.595403054231,44.5994886975266,-122.88674484974,43.2818405537804,0.434042260664876,0.209050911355614,2024.74222176544,2024.96721311475,SRR36617580|A/mallard_duck/WA/25-000523-001/2024|H5N1|USA-WA|Grant|2024-12-20|wild_avian|D1.1,Pacific,Pacific
1336,23,0.16665550693112,-85.8358983695483,38.7569068496374,-82.2934796114714,37.0016477264006,0.434042260664876,0.267386753733756,2024.80055760782,2024.96721311475,SRR36617991|A/Peregrine_falcon/NY/24-038845-001/2024|H5N1|USA-NY|Cortland|2024-12-20|wild_avian|D1.1,Atlantic,Atlantic
1315,1316,0.0659442932409733,-71.0302431258109,43.0890133615599,-71.1409948370704,43.0508222020994,0.435322250262014,0.369377957021041,2024.90254881111,2024.96849310435,NA,Atlantic,Atlantic
949,562,0.178443626803942,-112.496134454869,43.1412761460119,-112.045329032265,34.6549586071396,0.436774501102002,0.258330874298059,2024.79150172839,2024.96994535519,SRR36628199|A/wild_goose/NE/24-038832-001/2024|H5N1|USA-NE|Douglas|2024-12-21|wild_avian|D1.1,Central,Central
980,981,0.0167451152593999,-117.361805655055,46.8318395597453,-114.409884491641,48.0598764250625,0.437525187006117,0.420780071746717,2024.95395092584,2024.9706960411,NA,Atlantic,Mississippi
1217,1232,0.166856058610966,-95.6564732537319,37.5677916746977,-91.8895463800637,40.8409099208731,0.440392684914423,0.273536626303458,2024.80670748039,2024.973563539,NA,Mississippi,Mississippi
1064,637,0.152417813400033,-104.031143937197,40.5113393521706,-101.568704273315,40.2600700489449,0.444971222413608,0.292553409013574,2024.8257242631,2024.9781420765,SRR36617972|A/canada_goose/SD/24-038946-001/2024|H5N1|USA-SD|Union|2024-12-24|wild_avian|D1.1,Central,Central
879,880,0.0411846905591841,-106.40740136125,34.2740010507824,-104.423564017595,36.3911971815033,0.449392116635372,0.408207426076188,2024.94137828017,2024.98256297072,NA,Central,Central
1316,1317,0.0146649932347578,-71.1409948370704,43.0508222020994,-70.7925777418129,42.6127855605185,0.449987243496772,0.435322250262014,2024.96849310435,2024.98315809759,NA,Atlantic,Atlantic
1198,164,0.16590917589327,-93.6109701922012,41.5187137029562,-92.6468596253972,38.7583556015737,0.455900184162112,0.289991008268842,2024.82316186236,2024.98907103825,SRR36617711|A/american_wigeon/SC/25-000504-002/2024|H5N1|USA-SC|Colleton|2024-12-28|wild_avian|D1.1,Atlantic,Atlantic
965,559,0.0795904860261623,-102.328079434106,42.7942469537303,-95.9484714889746,44.2142384772433,0.455900184162112,0.37630969813595,2024.90948055223,2024.98907103825,SRR36617718|A/snow_goose/CO/25-000365-002/2024|H5N1|USA-CO|Pueblo|2024-12-28|wild_avian|D1.1,Pacific,Central
929,300,0.0540949498412412,-97.2799000253722,40.5736563687848,-97.5016340029798,40.3933860640968,0.455900184162112,0.401805234320871,2024.93497608841,2024.98907103825,SRR36617328|A/snow_goose/NC/25-001068-002/2024|H5N1|USA-NC|Hyde|2024-12-28|wild_avian|D1.1,Atlantic,Atlantic
1233,236,0.290916935137677,-88.7386516064198,37.9514494829642,-80.9299320898579,33.9043093730607,0.461364665036592,0.170447729898915,2024.70361858399,2024.99453551913,SRR36617726|A/canada_goose/OH/25-000228-002/2024|H5N1|USA-OH|Stark|2024-12-30|wild_avian|D1.1,Mississippi,Mississippi
1285,74,0.083049935244331,-74.4527972088224,43.3933267247496,-74.056854065633,44.4211637569603,0.461364665036592,0.378314729792261,2024.91148558388,2024.99453551913,SRR36617737|A/lesser_snow_goose/PA/25-000169-003/2024|H5N1|USA-PA|Lehigh|2024-12-30|wild_avian|D1.1,Atlantic,Atlantic
1032,633,0.0694182067912985,-101.516990734223,35.254189189845,-105.055153753874,37.441933196228,0.461364665036592,0.391946458245294,2024.92511731233,2024.99453551913,SRR36617313|A/snow_goose/TN/25-001379-007/2024|H5N1|USA-TN|Humphreys|2024-12-30|wild_avian|D1.1,Mississippi,Mississippi
1179,161,0.199237692962296,-83.9779439276343,35.5693476193643,-82.4580790941944,40.4036177719981,0.464096905473718,0.264859212511422,2024.7980300666,2024.99726775956,SRR32006892|A/chicken/WV/25-000049-006-original/2024|H5N1|USA-WV|Unknown|2024-12-31|domestic_avian|D1.1,Mississippi,Atlantic
1330,121,0.0864458331637319,-91.1218055531048,43.0212731317456,-93.8899383178324,39.1516081936913,0.464096905473718,0.377651072309986,2024.9108219264,2024.99726775956,SRR36617325|A/snow_goose/MA/25-001222-002/2024|H5N1|USA-MA|Dorchester|2024-12-31|wild_avian|D1.1,Atlantic,Atlantic
1265,52,0.0540059857791236,-73.9555958909357,40.8365014116928,-76.2145360491805,39.8484625561881,0.464096905473718,0.410090919694595,2024.94326177378,2024.99726775956,SRR36617326|A/snow_goose/MA/25-001222-001/2024|H5N1|USA-MA|Dorchester|2024-12-31|wild_avian|D1.1,Atlantic,Atlantic
716,717,0.188771252434141,-108.906984117838,34.0049255288283,-108.585585920094,31.4387006880111,0.464436448803028,0.275665196368887,2024.80883605046,2024.99760730289,NA,Central,Central
1114,268,0.28863930759153,-99.5085793892584,42.469232949873,-117.626261987591,38.4417913412677,0.469568871938202,0.180929564346672,2024.71410041844,2025.00273972603,SRR32416368|A/Canada_Goose/TN/25-003129-001-original/2025|H5N1|USA-TN|Unknown|2025-01-02|wild_avian|D1.1,Pacific,Mississippi
1149,147,0.264094474657143,-89.0470455782888,40.8551425881355,-93.5447142936995,35.3968009221386,0.469568871938202,0.205474397281058,2024.73864525137,2025.00273972603,SRR32226683|A/Canada_Goose/IL/25-000616-010/2025|H5N1|USA-IL|Cook|2025-01-02|wild_avian|D1.1,Mississippi,Mississippi
1150,145,0.202415099104722,-87.2198171981693,45.6980396335665,-85.7774118187792,42.788983526622,0.469568871938202,0.26715377283348,2024.80032462692,2025.00273972603,SRR32254443|A/snow_goose/AL/25-001388-002/2025|H5N1|USA-AL|Limestone|2025-01-02|wild_avian|D1.1,Mississippi,Mississippi
983,539,0.187314361413619,-110.078082365408,37.2978485777652,-108.370195926409,39.9242074734415,0.469568871938202,0.282254510524583,2024.81542536461,2025.00273972603,SRR32226691|A/Canada_Goose/IL/25-000616-002/2025|H5N1|USA-IL|Cook|2025-01-02|wild_avian|D1.1,Mississippi,Mississippi
1326,120,0.137473155622928,-91.7702825164674,43.7803024655033,-88.3413667436445,40.6893144305815,0.469568871938202,0.332095716315274,2024.8652665704,2025.00273972603,SRR32006864|A/chicken/DE/25-000201-001-original/2025|H5N1|USA-DE|Unknown|2025-01-02|domestic_avian|D1.1,Atlantic,Atlantic
1062,643,0.111614749935588,-104.534220877433,41.8906533935657,-101.525936824731,38.3713223216525,0.469568871938202,0.357954122002613,2024.89112497609,2025.00273972603,SRR36617578|A/red_tailed_hawk/IA/25-000527-002/2024|H5N1|USA-IA|Polk|2025-01-02|wild_avian|D1.1,Central,Mississippi
1323,101,0.0620639111266171,-73.0646966744542,44.627689499073,-70.7573476386801,45.1538063237825,0.469568871938202,0.407504960811585,2024.9406758149,2025.00273972603,SRR32254418|A/canada_goose/RI/25-001721-001/2025|H5N1|USA-RI|Newport|2025-01-02|wild_avian|D1.1,Atlantic,Atlantic
1265,51,0.0594779522436072,-73.9555958909357,40.8365014116928,-73.7397928404235,41.1279196882493,0.469568871938202,0.410090919694595,2024.94326177378,2025.00273972603,SRR32254446|A/red_tailed_hawk/PA/25-001322-001/2025|H5N1|USA-PA|Northampton|2025-01-02|wild_avian|D1.1,Atlantic,Atlantic
1015,567,0.222550144018445,-106.585936090609,40.0421383805858,-105.549391360303,47.5712614883852,0.472308597965559,0.249758453947114,2024.78292930804,2025.00547945205,SRR32254439|A/snow_goose/NM/25-001448-001/2025|H5N1|USA-NM|Socorro|2025-01-03|wild_avian|D1.1,Pacific,Central
1262,53,0.0840290716342158,-74.9329176854102,40.8890085194998,-74.9267789170277,41.0237394107185,0.472308597965559,0.388279526331343,2024.92145038042,2025.00547945205,SRR32254501|A/snow_goose/NJ/25-000806-001/2025|H5N1|USA-NJ|Morris|2025-01-03|wild_avian|D1.1,Atlantic,Atlantic
902,903,0.049087333780604,-93.754757276382,45.9758643783428,-94.5254143641825,46.5552382713433,0.477192120544115,0.428104786763511,2024.96127564085,2025.01036297463,NA,Pacific,Pacific
1031,631,0.217928795539807,-101.060425414936,45.955378141484,-95.5812819395888,41.5162977825486,0.477788050020501,0.259859254480695,2024.79303010857,2025.01095890411,SRR32226692|A/Great_Horned_Owl/IA/25-000440-001/2025|H5N1|USA-IA|Polk|2025-01-05|wild_avian|D1.1,Central,Mississippi
960,598,0.215656580615571,-102.220008605961,46.3943517205058,-94.8651510498732,35.475151209711,0.477788050020501,0.26213146940493,2024.79530232349,2025.01095890411,SRR32125546|A/chicken/OR/25-000540-001-original/2025|H5N1|USA-OR|Unknown|2025-01-05|domestic_avian|D1.1,Pacific,Pacific
1264,50,0.0753097267213177,-74.6640802593403,40.354998901246,-75.0040485490872,39.9013040385545,0.477788050020501,0.402478323299184,2024.93564917739,2025.01095890411,SRR32254496|A/snow_goose/NJ/25-000810-002/2025|H5N1|USA-NJ|Warren|2025-01-05|wild_avian|D1.1,Atlantic,Atlantic
1305,1306,0.0632232161583947,-73.5749412327517,42.6512174642106,-74.4078873501162,44.5161049814981,0.4784323965141,0.415209180355705,2024.94838003444,2025.0116032506,NA,Atlantic,Atlantic
1287,99,0.270802356834933,-72.305453131735,43.7470113875092,-72.5658364120307,42.0778379346842,0.480527776047859,0.209725419212925,2024.7428962733,2025.01369863014,SRR32254487|A/canada_goose/NY/25-000858-002/2025|H5N1|USA-NY|Saratoga|2025-01-06|wild_avian|D1.1,Atlantic,Atlantic
1199,163,0.168463605734896,-92.5120726428703,44.4773376768263,-88.8339987582402,45.5739771449097,0.480527776047859,0.312064170312963,2024.8452350244,2025.01369863014,SRR32125549|A/chicken/GA/25-000538-001-original/2025|H5N1|USA-GA|Unknown|2025-01-06|domestic_avian|D1.1,Mississippi,Atlantic
1140,135,0.133923470127818,-88.8732154866831,38.8725165437894,-89.1203122140477,40.7427988869212,0.480527776047859,0.34660430592004,2024.87977516001,2025.01369863014,SRR32254451|A/red_tailed_hawk/WI/25-001295-001/2025|H5N1|USA-WI|Columbia|2025-01-06|wild_avian|D1.1,Mississippi,Mississippi
1354,27,0.115900664577534,-104.932452954864,34.8122524615292,-104.488663671909,35.4451533710394,0.480527776047859,0.364627111470325,2024.89779796556,2025.01369863014,SRR32125547|A/chicken/ID/25-000539-001-original/2025|H5N1|USA-ID|Unknown|2025-01-06|domestic_avian|D1.1,Pacific,Pacific
1037,628,0.0567404017135104,-89.3236465333674,32.9820834765646,-94.1645245376412,30.5466980349867,0.480527776047859,0.423787374334348,2024.95695822842,2025.01369863014,SRR32254472|A/red_tailed_hawk/ID/25-001246-001/2025|H5N1|USA-ID|Unknown|2025-01-06|wild_avian|D1.1,Pacific,Pacific
1046,663,0.200516454700599,-102.094429498112,33.2877510607517,-108.249138406582,35.9390050959771,0.483267502075216,0.282751047374617,2024.81592190146,2025.01643835616,SRR32416436|A/mallard/LA/25-001905-003/2025|H5N1|USA-LA|Richland|2025-01-07|wild_avian|D1.1,Central,Mississippi
710,337,0.0533991250011817,-110.405863915901,36.4848793172031,-111.386739483898,38.115641713493,0.483267502075216,0.429868377074034,2024.96303923116,2025.01643835616,SRR32254489|A/cackling_goose/CO/25-000848-001/2025|H5N1|USA-CO|Weld|2025-01-07|wild_avian|D1.1,Central,Central
886,887,0.104598640244811,-105.727835023003,31.6546927730827,-104.408819790945,31.6934342587287,0.484994548195106,0.380395907950296,2024.91356676204,2025.01816540228,NA,Central,Central
682,281,0.357707491144125,-120.015085429648,44.3340315648016,-121.677019486754,36.6489708853884,0.486007228102574,0.128299736958449,2024.66147059105,2025.01917808219,SRR33508711|A/barn_owl/AZ/25-000514-002/2025|H5N1|USA-AZ|Maricopa|2025-01-08|wild_avian|D1.1,Central,Pacific
994,529,0.28215588898254,-111.236049113439,37.2846621879447,-99.0705512931885,33.8352165176414,0.486007228102574,0.203851339120034,2024.73702219321,2025.01917808219,SRR32512601|A/american_wigeon/AZ/25-004049-003/2025|H5N1|USA-AZ|Mohave|2025-01-08|wild_avian|D1.1,Central,Pacific
1105,258,0.199286210170636,-109.30022077441,33.7212283663289,-97.9888047951038,47.7972513595211,0.488746954129931,0.289460743959295,2024.82263159805,2025.02191780822,SRR32254417|A/bald_eagle/AL/25-001791-001/2025|H5N1|USA-AL|Baldwin|2025-01-09|wild_avian|D1.1,Central,Mississippi
1306,1307,0.015163488746651,-74.4078873501162,44.5161049814981,-73.7042896069955,43.9494053793691,0.493595885260751,0.4784323965141,2025.0116032506,2025.02676673935,NA,Atlantic,Atlantic
1035,626,0.305662411035517,-97.9907024858118,31.545107057329,-119.000265715648,46.4853762302111,0.496966132212231,0.191303721176713,2024.72447457527,2025.0301369863,SRR33029793|A/Trumpeter_Swan/MN/25-002569-001-original/2025|H5N1|USA-MN|Unknown|2025-01-12|wild_avian|D1.1,Pacific,Mississippi
1060,1061,0.130648401086193,-103.039557431231,39.9698420382831,-107.925240965063,44.1522829198304,0.497096546863741,0.366448145777548,2024.89961899987,2025.03026740095,NA,Central,Central
820,821,0.183883207705476,-96.4848383320741,34.8679961881358,-97.6227167688205,34.4505826344176,0.497946786430199,0.314063578724724,2024.84723443281,2025.03111764052,NA,Central,Central
1120,239,0.332436861255834,-102.42258223401,38.7713041880283,-93.604636575629,47.4147186052213,0.499705858239588,0.167268996983754,2024.70043985107,2025.03287671233,SRR32416354|A/American_Woodcock/AR/25-003125-001-original/2025|H5N1|USA-AR|Unknown|2025-01-13|wild_avian|D1.1,Central,Mississippi
1269,59,0.229855526070826,-72.3128668362906,42.260352447452,-75.9931192682982,39.6718223238029,0.499705858239588,0.269850332168762,2024.80302118626,2025.03287671233,SRR32254424|A/mallard/VT/25-001682-021/2025|H5N1|USA-VT|Grand_Isle|2025-01-13|wild_avian|D1.1,Atlantic,Atlantic
1330,123,0.122054785929602,-91.1218055531048,43.0212731317456,-87.5535981859422,45.7470396991256,0.499705858239588,0.377651072309986,2024.9108219264,2025.03287671233,SRR32254429|A/snow_goose/NY/25-001673-001/2025|H5N1|USA-NY|Ontario|2025-01-13|wild_avian|D1.1,Atlantic,Atlantic
1323,102,0.0922008974280032,-73.0646966744542,44.627689499073,-71.3527672033375,44.0607611986538,0.499705858239588,0.407504960811585,2024.9406758149,2025.03287671233,SRR32254427|A/mallard/VT/25-001682-012/2025|H5N1|USA-VT|Grand_Isle|2025-01-13|wild_avian|D1.1,Atlantic,Atlantic
1185,157,0.28646603460162,-85.3572740813203,33.9312143437591,-97.3942224509589,28.3577584992114,0.502445584266945,0.215979549665326,2024.74915040375,2025.03561643836,SRR33508814|A/lesser_scaup/FL/25-003912-002/2025|H5N1|USA-FL|Indian_River|2025-01-14|wild_avian|D1.1,Mississippi,Atlantic
1051,664,0.241319519531972,-102.974132233805,39.278661987488,-115.740504262745,35.5119214852381,0.505185310294303,0.263865790762331,2024.79703664485,2025.03835616438,SRR32416380|A/Wood_Duck/MS/25-002206-001-original/2025|H5N1|USA-MS|Unknown|2025-01-15|wild_avian|D1.1,Central,Mississippi
694,289,0.338958345577203,-106.140163707889,40.9631203161666,-116.783875166315,41.6741689331176,0.507925036321887,0.168966690744685,2024.70213754483,2025.04109589041,SRR32653596|A/Weasel/WA/25-002912-001-original-repeat2/2025|H5N1|USA-WA|Unknown|2025-01-16|other_mammal|D1.1,Pacific,Pacific
1053,667,0.173918090471867,-99.7346383287915,39.7251067942092,-105.106225792794,39.2006012782834,0.507925036321887,0.33400694585002,2024.86717779994,2025.04109589041,SRR32513187|A/great_horned_owl/WY/25-002742-001/2025|H5N1|USA-WY|Goshen|2025-01-16|wild_avian|D1.1,Central,Central
1324,114,0.152293986349677,-74.8103323456702,42.1933031262438,-76.3747192685651,41.6198360878311,0.507925036321887,0.355631049972211,2024.88880190406,2025.04109589041,SRR32513297|A/red_tailed_hawk/PA/25-003148-002/2025|H5N1|USA-PA|Lehigh|2025-01-16|wild_avian|D1.1,Atlantic,Atlantic
1061,639,0.0108284894581461,-107.925240965063,44.1522829198304,-107.909823457164,44.072549877744,0.507925036321887,0.497096546863741,2025.03026740095,2025.04109589041,SRR32254412|A/cat/SD/25-002248-001/2025|H5N1|USA-SD|Faulk|2025-01-16|feline|D1.1,Central,Central
1061,640,0.0108284894581461,-107.925240965063,44.1522829198304,-107.83360677667,44.5422572218924,0.507925036321887,0.497096546863741,2025.03026740095,2025.04109589041,SRR32254411|A/cat/SD/25-002248-002/2025|H5N1|USA-SD|Faulk|2025-01-16|feline|D1.1,Central,Central
990,991,0.288003258197422,-115.017804791927,35.2947425181973,-120.864104942239,43.397279917137,0.5081916126097,0.220188354412279,2024.7533592085,2025.0413624667,NA,Mississippi,Central
1322,103,0.0973679692020346,-76.8935272578026,41.5678722689263,-77.3948572930937,41.0296109767849,0.510664762349245,0.41329679314721,2024.94646764724,2025.04383561644,SRR32513176|A/mallard/NH/25-003045-054/2025|H5N1|USA-NH|Merrimack|2025-01-17|wild_avian|D1.1,Atlantic,Atlantic
1322,104,0.0973679692020346,-76.8935272578026,41.5678722689263,-76.1365421789472,41.5177790196393,0.510664762349245,0.41329679314721,2024.94646764724,2025.04383561644,SRR32416416|A/mallard/NH/25-003045-041/2025|H5N1|USA-NH|Merrimack|2025-01-17|wild_avian|D1.1,Atlantic,Atlantic
1172,228,0.0970797851064534,-85.5575723650581,46.5141232342277,-88.9484841691805,42.1351959532078,0.510664762349245,0.413584977242791,2024.94675583133,2025.04383561644,SRR32254410|A/African_crowned_crane/VA/25-002296-001/2025|H5N1|USA-VA|Powhatan|2025-01-17|wild_avian|D1.1,Mississippi,Atlantic
1104,260,0.277880776696888,-107.355133673114,38.6265858033478,-110.238903452768,39.496350633276,0.513404488376602,0.235523711679714,2024.76869456577,2025.04657534247,SRR32513271|A/great_horned_owl/NM/25-002820-001/2025|H5N1|USA-NM|Chaves|2025-01-18|wild_avian|D1.1,Central,Central
1201,1202,0.323107677112361,-87.2394069224136,35.2199664996169,-96.1326964293602,30.0255587807879,0.515365375326255,0.192257698213894,2024.7254285523,2025.04853622942,NA,Mississippi,Mississippi
1317,110,0.0661569709071876,-70.7925777418129,42.6127855605185,-71.3163998403888,41.8774920978081,0.51614421440396,0.449987243496772,2024.98315809759,2025.04931506849,SRR33319045|A/hooded_merganser/RI/25-007119-005/2025|H5N1|USA-RI|Washington|2025-01-19|wild_avian|D1.1,Atlantic,Atlantic
961,597,0.253399458598939,-102.1552949914,45.4820538007451,-93.8390414085629,43.717201136329,0.521623666458902,0.268224207859963,2024.80139506195,2025.05479452055,SRR32254304|A/cattle/NV/25-002645-003-original/2025|H5N1|USA-NV|Unknown|2025-01-21|cattle|D1.1,Pacific,Pacific
1246,32,0.23639602647889,-117.021032132335,46.1894633512491,-116.299089191132,47.2193232132037,0.521623666458902,0.285227639980012,2024.81839849407,2025.05479452055,SRR34980358|A/bald_eagle/WI/25-021326-002/2025|H5N1|USA-WI|Door|2025-01-21|wild_avian|D1.1,Mississippi,Mississippi
1117,277,0.17265748920661,-99.9452295101296,36.2098914504845,-99.8695041023488,36.2251794513932,0.521623666458902,0.348966177252291,2024.88213703134,2025.05479452055,SRR33125070|A/Great_Horned_Owl/MT/25-006102-001-original/2025|H5N1|USA-MT|Unknown|2025-01-21|wild_avian|D1.1,Central,Central
1210,1211,0.190605555388901,-88.9728944709326,31.2230786493739,-92.6784282482503,33.6038226192398,0.522670689251732,0.332065133862831,2024.86523598795,2025.05584154334,NA,Mississippi,Mississippi
1096,253,0.335470294933314,-96.6105393710828,39.5141364581699,-100.46201335674,33.8676541545151,0.524363392486259,0.188893097552945,2024.72206395164,2025.05753424658,GenBank|A/chicken/WA/W250220054-7/2025|H5N1|USA-WA|Unknown|2025-01-22|domestic_avian|D1.1,Pacific,Pacific
1213,214,0.234257789302556,-85.9330009136842,30.4502461523478,-83.0455427078847,33.2231657390805,0.524363392486259,0.290105603183703,2024.82327645727,2025.05753424658,SRR32416465|A/bald_eagle/OK/25-003111-001/2025|H5N1|USA-OK|Le_Flore|2025-01-22|wild_avian|D1.1,Mississippi,Central
930,303,0.126667493116608,-92.2569696350234,39.6140683874263,-92.8544120303754,39.0242290063114,0.524363392486259,0.397695899369651,2024.93086675346,2025.05753424658,SRR32513231|A/snow_goose/VA/25-004135-011/2025|H5N1|USA-VA|Northampton|2025-01-22|wild_avian|D1.1,Atlantic,Atlantic
1295,89,0.114992305112186,-73.737344205157,43.9022414256439,-76.6258813680193,38.9153944180185,0.524363392486259,0.409371087374073,2024.94254194146,2025.05753424658,SRR32512553|A/canada_goose/MA/25-003297-004/2025|H5N1|USA-MA|Plymouth|2025-01-22|wild_avian|D1.1,Atlantic,Atlantic
981,531,0.086838205480142,-114.409884491641,48.0598764250625,-113.781309604737,45.4192155631938,0.524363392486259,0.437525187006117,2024.9706960411,2025.05753424658,SRR32512591|A/canada_goose/KY/25-004132-002/2025|H5N1|USA-KY|Kenton|2025-01-22|wild_avian|D1.1,Mississippi,Mississippi
1211,209,0.00169270323452686,-92.6784282482503,33.6038226192398,-92.5191829285381,33.6175585775739,0.524363392486259,0.522670689251732,2025.05584154334,2025.05753424658,SRR33029806|A/raccoon/KY/25-006499-002/2025|H5N1|USA-KY|Boone|2025-01-22|other_mammal|D1.1,Mississippi,Mississippi
991,992,0.0162711723359695,-120.864104942239,43.397279917137,-120.262721916444,46.0398201236791,0.52446278494567,0.5081916126097,2025.0413624667,2025.05763363903,NA,Central,Central
688,284,0.272198898247531,-107.262755518055,37.2990900761946,-112.271660259882,38.2470068187096,0.527103118513617,0.254904220266086,2024.78807507436,2025.0602739726,SRR32415199|A/chicken/OR/25-003575-001-original/2025|H5N1|USA-OR|Unknown|2025-01-23|domestic_avian|D1.1,Pacific,Pacific
1259,48,0.259137844866407,-73.6156629702881,40.8041144947635,-73.7901206484285,41.856981489365,0.527103118513617,0.267965273647209,2024.80113612774,2025.0602739726,SRR32512673|A/american_black_duck/CT/25-003143-002/2025|H5N1|USA-CT|New_Haven|2025-01-23|wild_avian|D1.1,Atlantic,Atlantic
1234,234,0.110677562658355,-89.1223879950515,41.7681298671692,-94.0826713401667,39.9709260466584,0.527103118513617,0.416425555855262,2024.94959640994,2025.0602739726,SRR32654188|A/Turkey/NE/25-002670-003-original/2025|H5N1|USA-NE|Unknown|2025-01-23|domestic_avian|D1.1,Mississippi,Central
1306,96,0.0486707219995167,-74.4078873501162,44.5161049814981,-74.3079675568376,44.3962225592726,0.527103118513617,0.4784323965141,2025.0116032506,2025.0602739726,SRR32512597|A/canada_goose/ME/25-003295-004/2025|H5N1|USA-ME|York|2025-01-23|wild_avian|D1.1,Atlantic,Atlantic
902,623,0.101738057777463,-93.754757276382,45.9758643783428,-93.713429708121,44.5410651751725,0.529842844540974,0.428104786763511,2024.96127564085,2025.06301369863,SRR33125090|A/western_gull/CA/25-004499-005/2025|H5N1|USA-CA|San_Mateo|2025-01-24|wild_avian|D1.1,Pacific,Pacific
1043,645,0.243647076700041,-98.052205202418,45.1476184807379,-104.631700292264,37.9598972869885,0.532582570568331,0.288935493868291,2024.82210634796,2025.06575342466,SRR32654185|A/chicken/IN/25-002875-001-original/2025|H5N1|USA-IN|Unknown|2025-01-25|domestic_avian|D1.1,Mississippi,Mississippi
918,291,0.234193115001567,-90.9853947101591,43.1060251146013,-90.8776858612926,43.1756949905556,0.532582570568331,0.298389455566765,2024.83156030966,2025.06575342466,SRR32513216|A/wood_duck/NC/25-003927-016/2025|H5N1|USA-NC|Tyrrell|2025-01-25|wild_avian|D1.1,Atlantic,Atlantic
918,322,0.234193115001567,-90.9853947101591,43.1060251146013,-90.9617069491791,42.8021555797261,0.532582570568331,0.298389455566765,2024.83156030966,2025.06575342466,SRR32513217|A/wood_duck/NC/25-003923-002/2025|H5N1|USA-NC|Hyde|2025-01-25|wild_avian|D1.1,Atlantic,Atlantic
931,321,0.133831064334478,-92.3213814292351,39.8658098591722,-92.2470977206668,40.5213768432897,0.532582570568331,0.398751506233854,2024.93192236032,2025.06575342466,SRR32654186|A/chicken/DE/25-002825-001-original/2025|H5N1|USA-DE|Unknown|2025-01-25|domestic_avian|D1.1,Atlantic,Atlantic
1203,1204,0.327385305938023,-82.7442782481751,38.1148069187439,-85.1039141239819,41.1780628494108,0.533575411051947,0.206190105113925,2024.7393609592,2025.06674626514,NA,Atlantic,Atlantic
1011,614,0.281271706657264,-95.3398531535506,42.7927037753867,-79.3592892493846,37.6001005961569,0.538062022623274,0.25679031596601,2024.78996117006,2025.07123287671,SRR32416454|A/bald_eagle/FL/25-003208-001/2025|H5N1|USA-FL|Lee|2025-01-27|wild_avian|D1.1,Central,Atlantic
1179,160,0.273202810111852,-83.9779439276343,35.5693476193643,-92.1126032785699,33.3234157192123,0.538062022623274,0.264859212511422,2024.7980300666,2025.07123287671,SRR32513218|A/vulture/LA/25-003600-001/2025|H5N1|USA-LA|Orleans|2025-01-27|wild_avian|D1.1,Mississippi,Mississippi
1056,634,0.269774235321929,-101.872132367752,39.6308279280468,-106.905309519701,37.8567894483982,0.538062022623274,0.268287787301345,2024.80145864139,2025.07123287671,SRR32512607|A/canada_goose/CO/25-003832-001/2025|H5N1|USA-CO|Chaffee|2025-01-27|wild_avian|D1.1,Central,Central
714,511,0.260471975740778,-109.507678660884,32.2669070500098,-105.42113446373,30.940069290736,0.538062022623274,0.277590046882495,2024.81076090097,2025.07123287671,SRR32416347|A/canada_goose/ND/25-003472-002/2025|H5N1|USA-ND|Oliver|2025-01-27|wild_avian|D1.1,Central,Central
1064,636,0.245508613609699,-104.031143937197,40.5113393521706,-105.910945869775,41.0131779620671,0.538062022623274,0.292553409013574,2024.8257242631,2025.07123287671,SRR32654124|A/Guineafowl/NE/25-003247-003-original/2025|H5N1|USA-NE|Unknown|2025-01-27|domestic_avian|D1.1,Central,Central
1166,223,0.226147734721795,-100.628903492362,44.6996644337034,-100.50225687301,43.9623466002616,0.540801748650631,0.314654013928836,2024.84782486802,2025.07397260274,SRR33125126|A/Red-tailed_Hawk/MO/25-004415-009-original/2025|H5N1|USA-MO|Unknown|2025-01-28|wild_avian|D1.1,Mississippi,Mississippi
981,538,0.103276561644514,-114.409884491641,48.0598764250625,-120.959299145773,46.4820689960305,0.540801748650631,0.437525187006117,2024.9706960411,2025.07397260274,SRR32653672|A/Canada_Goose/WV/25-005199-001-original/2025|H5N1|USA-WV|Unknown|2025-01-28|wild_avian|D1.1,Mississippi,Atlantic
1247,1248,0.127348056628751,-111.453360737234,48.6363839360705,-113.836915026141,44.8561240037301,0.541624411122977,0.414276354494226,2024.94744720858,2025.07479526521,NA,Mississippi,Mississippi
1248,1249,0.000425587969114516,-113.836915026141,44.8561240037301,-113.793924229326,44.8589001004458,0.542049999092092,0.541624411122977,2025.07479526521,2025.07522085318,NA,Mississippi,Mississippi
908,332,0.338067238580527,-108.522587339274,47.5938668671463,-110.064106356034,40.206122298616,0.543541474677988,0.205474236097462,2024.73864509019,2025.07671232877,SRR32512666|A/canada_goose/MI/25-004311-003/2025|H5N1|USA-MI|Shiawassee|2025-01-29|wild_avian|D1.1,Mississippi,Mississippi
688,283,0.288637254411903,-107.262755518055,37.2990900761946,-113.096474180709,36.046859976678,0.543541474677988,0.254904220266086,2024.78807507436,2025.07671232877,SRR32513288|A/red_tailed_hawk/UT/25-003824-002/2025|H5N1|USA-UT|Unknown|2025-01-29|wild_avian|D1.1,Pacific,Pacific
1076,656,0.270112614568634,-100.637212610509,39.7524349185351,-104.565036312369,47.3480835107072,0.543541474677988,0.273428860109354,2024.8065997142,2025.07671232877,SRR32513289|A/red_tailed_hawk/TX/25-003592-003/2025|H5N1|USA-TX|Lubbock|2025-01-29|wild_avian|D1.1,Central,Central
888,516,0.16187083948236,-105.355680781053,31.9010466834691,-108.905952516406,35.0129311648812,0.543541474677988,0.381670635195628,2024.91484148928,2025.07671232877,SRR32512609|A/canada_goose/ND/25-003829-001/2025|H5N1|USA-ND|Mercer|2025-01-29|wild_avian|D1.1,Central,Central
709,338,0.149541447773263,-111.100680908611,36.5434015252694,-105.328543173749,36.1618148259127,0.543541474677988,0.394000026904726,2024.92717088099,2025.07671232877,SRR32512557|A/cackling_goose/TX/25-003592-001/2025|H5N1|USA-TX|Lubbock|2025-01-29|wild_avian|D1.1,Central,Central
1311,118,0.149176083423528,-91.9950960065246,41.6536687994145,-91.8162910175684,41.5537417143711,0.543541474677988,0.39436539125446,2024.92753624534,2025.07671232877,SRR32512614|A/american_black_duck/CT/25-004298-002/2025|H5N1|USA-CT|New_Haven|2025-01-29|wild_avian|D1.1,Atlantic,Atlantic
1192,171,0.14718135524984,-75.9450818174971,44.0320507583418,-72.8750879170984,43.9748508379827,0.543541474677988,0.396360119428148,2024.92953097352,2025.07671232877,SRR32804602|A/bald_eagle/OH/25-006046-002/2025|H5N1|USA-OH|Lorain|2025-01-29|wild_avian|D1.1,Mississippi,Mississippi
1172,227,0.129956497435197,-85.5575723650581,46.5141232342277,-84.5814542141126,46.2388449746813,0.543541474677988,0.413584977242791,2024.94675583133,2025.07671232877,SRR32804603|A/bald_eagle/OH/25-006046-001/2025|H5N1|USA-OH|Mahoning|2025-01-29|wild_avian|D1.1,Mississippi,Mississippi
1232,206,0.103148789763565,-91.8895463800637,40.8409099208731,-91.2184464574293,40.4550773934142,0.543541474677988,0.440392684914423,2024.973563539,2025.07671232877,SRR32512665|A/canada_goose/MI/25-004311-004/2025|H5N1|USA-MI|Washtenaw|2025-01-29|wild_avian|D1.1,Mississippi,Mississippi
1186,1187,0.281038203979595,-85.5582558506721,33.871383645593,-88.3323556566666,38.8157869884859,0.544104783527429,0.263066579547833,2024.79623743364,2025.07727563762,NA,Mississippi,Mississippi
1249,1251,0.002797505816309,-113.793924229326,44.8589001004458,-113.768416658254,44.7348016440663,0.544847504908401,0.542049999092092,2025.07522085318,2025.078018359,NA,Mississippi,Mississippi
696,697,0.355093029641771,-111.183246959783,36.9461681511928,-104.965385761196,41.5194552639097,0.545693376944418,0.190600347302647,2024.72377120139,2025.07886423103,NA,Central,Pacific
1020,553,0.349241403425709,-106.533925907245,38.326534096522,-106.61597407112,35.1825659340723,0.546281200705346,0.197039797279637,2024.73021065137,2025.07945205479,SRR32513192|A/hawk/WY/25-004351-001/2025|H5N1|USA-WY|Fremont|2025-01-30|wild_avian|D1.1,Pacific,Central
1104,261,0.310757489025632,-107.355133673114,38.6265858033478,-94.9105895348422,35.5750017964196,0.546281200705346,0.235523711679714,2024.76869456577,2025.07945205479,SRR33508816|A/canada_goose/CA/25-003254-006/2025|H5N1|USA-CA|San_Luis_Obispo|2025-01-30|wild_avian|D1.1,Central,Pacific
1059,641,0.258370084346741,-103.253275575738,39.6951773664561,-103.12643955488,38.8112701745027,0.546281200705346,0.287911116358604,2024.82108197045,2025.07945205479,SRR33682350|A/Bobcat/KS/25-014574-001-original/2025|H5N1|USA-KS|Unknown|2025-01-30|feline|D1.1,Central,Central
1168,230,0.234001468044185,-87.0189642120077,38.7675999181904,-84.8466729051629,40.9139397397306,0.546281200705346,0.312279732661161,2024.84545058675,2025.07945205479,SRR32654208|A/chicken/MO/25-003398-001-original/2025|H5N1|USA-MO|Unknown|2025-01-30|domestic_avian|D1.1,Mississippi,Mississippi
1210,211,0.214216066842515,-88.9728944709326,31.2230786493739,-81.1037177117502,36.9173242469365,0.546281200705346,0.332065133862831,2024.86523598795,2025.07945205479,SRR33125054|A/Mallard/MD/25-005882-005-original/2025|H5N1|USA-MD|Unknown|2025-01-30|wild_avian|D1.1,Mississippi,Atlantic
697,698,0.00119346241765539,-104.965385761196,41.5194552639097,-104.780848300295,41.2878094882841,0.546886839362073,0.545693376944418,2025.07886423103,2025.08005769345,NA,Pacific,Pacific
1340,20,0.176339612208559,-81.5870137508035,34.3327749995807,-82.6626142760554,34.4184873680986,0.549020926732703,0.372681314524144,2024.90585216861,2025.08219178082,SRR32415153|A/chicken/MD/25-003830-002-original/2025|H5N1|USA-MD|Unknown|2025-01-31|domestic_avian|D1.1,Atlantic,Atlantic
1251,1252,0.00426702850466354,-113.768416658254,44.7348016440663,-116.879573052583,44.3579151313447,0.549114533413064,0.544847504908401,2025.078018359,2025.0822853875,NA,Mississippi,Mississippi
954,955,0.342712965842244,-103.037936439715,36.1511295527018,-89.6044102052145,45.5064317913673,0.550078781679753,0.207365815837509,2024.74053666993,2025.08324963577,NA,Central,Pacific
955,956,0.00217036470709342,-89.6044102052145,45.5064317913673,-90.1061047789588,43.7496186694149,0.552249146386847,0.550078781679753,2025.08324963577,2025.08542000048,NA,Pacific,Pacific
985,986,0.261328737059114,-105.67831531888,37.9405464929321,-111.876776252306,35.0458957576187,0.5542799432259,0.292951206166786,2024.82612206026,2025.08745079732,NA,Mississippi,Mississippi
1092,247,0.385934536512358,-102.48517095416,39.38351124399,-113.679983200266,34.0619282257241,0.557240104815003,0.171305568302645,2024.70447642239,2025.0904109589,SRR32512878|A/Duck/WA/25-004661-001-original/2025|H5N1|USA-WA|Unknown|2025-02-03|domestic_avian|D1.1,Central,Pacific
954,604,0.349874288977494,-103.037936439715,36.1511295527018,-80.3425216249802,25.6381314621896,0.557240104815003,0.207365815837509,2024.74053666993,2025.0904109589,SRR32653680|A/Canada_Goose/FL/25-004847-003-original/2025|H5N1|USA-FL|Unknown|2025-02-03|wild_avian|D1.1,Central,Atlantic
1165,221,0.302161675317381,-99.2248804813957,46.9973386028881,-107.619371718925,42.3212938314364,0.557240104815003,0.255078429497622,2024.78824928359,2025.0904109589,SRR32415110|A/chicken/LA/25-004414-001-original/2025|H5N1|USA-LA|Unknown|2025-02-03|domestic_avian|D1.1,Central,Mississippi
950,565,0.279403040350302,-112.853028672333,41.2571711045757,-110.9953730655,41.9413325767184,0.557240104815003,0.277837064464701,2024.81100791855,2025.0904109589,SRR32512655|A/canada_goose/CO/25-004662-001/2025|H5N1|USA-CO|Larimer|2025-02-03|wild_avian|D1.1,Central,Central
1285,73,0.178925375022742,-74.4527972088224,43.3933267247496,-75.2729067711863,44.4199328439288,0.557240104815003,0.378314729792261,2024.91148558388,2025.0904109589,SRR32513235|A/snow_goose/NY/25-004092-002/2025|H5N1|USA-NY|Tompkins|2025-02-03|wild_avian|D1.1,Atlantic,Atlantic
1248,39,0.0156156936920254,-113.836915026141,44.8561240037301,-113.753046671228,44.9091838012494,0.557240104815003,0.541624411122977,2025.07479526521,2025.0904109589,SRR33508795|A/red_breasted_merganser/WI/25-005001-001/2025|H5N1|USA-WI|Milwaukee|2025-02-03|wild_avian|D1.1,Mississippi,Mississippi
697,579,0.0115467278705846,-104.965385761196,41.5194552639097,-105.665332313899,42.0649999265113,0.557240104815003,0.545693376944418,2025.07886423103,2025.0904109589,SRR32415933|A/cattle/AZ/25-004003-001-original/2025|H5N1|USA-AZ|Unknown|2025-02-03|cattle|D1.1,Pacific,Pacific
698,578,0.0103532654529293,-104.780848300295,41.2878094882841,-105.709556059852,42.0032444149957,0.557240104815003,0.546886839362073,2025.08005769345,2025.0904109589,SRR32415932|A/cattle/AZ/25-004003-002-original/2025|H5N1|USA-AZ|Unknown|2025-02-03|cattle|D1.1,Pacific,Pacific
880,884,0.108560998574016,-104.423564017595,36.3911971815033,-104.458885394291,37.6493673635801,0.557953115209388,0.449392116635372,2024.98256297072,2025.0911239693,NA,Central,Central
903,904,0.0807637121318299,-94.5254143641825,46.5552382713433,-94.327432216802,46.9351632324103,0.557955832675945,0.477192120544115,2025.01036297463,2025.09112668677,NA,Pacific,Pacific
1112,273,0.201487308742056,-93.8637873617464,34.4379041871406,-85.624456766974,42.3355038182592,0.55997983084236,0.358492522100304,2024.89166337619,2025.09315068493,SRR32512649|A/Common_goldeneye/WY/25-004669-001/2025|H5N1|USA-WY|Natrona|2025-02-04|wild_avian|D1.1,Central,Central
1310,117,0.173679339042766,-91.7176202448083,41.8729796401341,-91.4343376446921,41.7832932179002,0.55997983084236,0.386300491799594,2024.91947134589,2025.09315068493,SRR33125072|A/Great_Horned_Owl/CT/25-005886-001-original/2025|H5N1|USA-CT|Unknown|2025-02-04|wild_avian|D1.1,Atlantic,Atlantic
1235,8,0.498661759623928,-106.056905383307,38.3750162862569,-96.8173891613935,38.6425932428704,0.562719556869717,0.064057797245789,2024.59722865133,2025.09589041096,SRR32653594|A/Red-tailed_Hawk/NV/25-005369-001-original/2025|H5N1|USA-NV|Unknown|2025-02-05|wild_avian|D1.1,Central,Pacific
1143,127,0.282029727844973,-97.7557728776956,45.3481176925899,-103.958652672977,45.0930444105449,0.562719556869717,0.280689829024744,2024.81386068311,2025.09589041096,SRR32512646|A/cougar/WI/25-004744-001/2025|H5N1|USA-WI|Redacted|2025-02-05|feline|D1.1,Mississippi,Mississippi
1184,180,0.213406650864475,-78.5461888023696,36.5130502837732,-81.1572470610239,28.4584886114431,0.562719556869717,0.349312906005243,2024.88248376009,2025.09589041096,SRR33508810|A/bufflehead/MI/25-004779-004/2025|H5N1|USA-MI|St_Clair|2025-02-05|wild_avian|D1.1,Mississippi,Mississippi
1193,173,0.144736732805405,-74.850011079897,44.1284261507313,-75.0825516518764,44.8287261801401,0.562719556869717,0.417982824064313,2024.95115367815,2025.09589041096,SRR33508812|A/bald_eagle/MI/25-004779-002/2025|H5N1|USA-MI|Tuscola|2025-02-05|wild_avian|D1.1,Mississippi,Mississippi
887,514,0.0777250086746112,-104.408819790945,31.6934342587287,-101.469512549933,30.0820188711308,0.562719556869717,0.484994548195106,2025.01816540228,2025.09589041096,SRR32513282|A/red_tailed_hawk/CO/25-004838-001/2025|H5N1|USA-CO|Weld|2025-02-05|wild_avian|D1.1,Central,Central
1317,1318,0.114046419863997,-70.7925777418129,42.6127855605185,-70.7374387626246,43.2995499439916,0.564033663360769,0.449987243496772,2024.98315809759,2025.09720451745,NA,Atlantic,Atlantic
1332,45,0.341607332553401,-87.901382038447,36.4915090642943,-103.949931583485,41.4419313450815,0.565459282897075,0.223851950343674,2024.75702280443,2025.09863013699,SRR32512905|A/chicken/SD/25-004736-001-original/2025|H5N1|USA-SD|Unknown|2025-02-06|domestic_avian|D1.1,Mississippi,Central
1276,71,0.297324630707862,-70.4251263356001,44.6327871713022,-69.6815845561557,44.209721794425,0.565459282897075,0.268134652189213,2024.80130550628,2025.09863013699,SRR33125120|A/mallard/ME/25-006143-001/2025|H5N1|USA-ME|Kennebec|2025-02-06|wild_avian|D1.1,Atlantic,Atlantic
1291,94,0.296578448663486,-72.8589080924181,43.1376981341519,-73.4818628352851,41.5796032481017,0.565459282897075,0.268880834233589,2024.80205168832,2025.09863013699,SRR32653687|A/american_black_duck/NH/25-005332-016/2025|H5N1|USA-NH|Belknap|2025-02-06|wild_avian|D1.1,Atlantic,Atlantic
1170,225,0.178390151524491,-93.1510464124136,33.4257231800617,-93.3427356880817,33.5933541929771,0.565459282897075,0.387069131372584,2024.92023998546,2025.09863013699,SRR32512588|A/bald_eagle/OH/25-004768-001/2025|H5N1|USA-OH|Unknown|2025-02-06|wild_avian|D1.1,Mississippi,Mississippi
1251,38,0.0206117779886741,-113.768416658254,44.7348016440663,-114.51998180383,44.9291760951462,0.565459282897075,0.544847504908401,2025.078018359,2025.09863013699,SRR32653607|A/red_breasted_merganser/IL/25-005366-003/2025|H5N1|USA-IL|Cook|2025-02-06|wild_avian|D1.1,Mississippi,Mississippi
1115,267,0.287800717215744,-101.332768783393,43.3933906968016,-103.782575043562,39.6681402614891,0.568199008924432,0.280398291708688,2024.8135691458,2025.10136986301,SRR32653665|A/cat/KS/25-005576-002-original/2025|H5N1|USA-KS|Unknown|2025-02-07|feline|D1.1,Central,Central
911,330,0.233688962301905,-96.1282265315266,42.4046444402711,-94.2792781398521,41.7279580325269,0.568199008924432,0.334510046622527,2024.86768090071,2025.10136986301,SRR32974090|A/Canada_Goose/WV/25-005755-001-original-repeat2/2025|H5N1|USA-WV|Unknown|2025-02-07|wild_avian|D1.1,Atlantic,Atlantic
1307,97,0.0746031236636814,-73.7042896069955,43.9494053793691,-74.3354647611243,43.2763581842166,0.568199008924432,0.493595885260751,2025.02676673935,2025.10136986301,SRR33125151|A/mallard/ME/25-006144-064/2025|H5N1|USA-ME|York|2025-02-07|wild_avian|D1.1,Atlantic,Atlantic
1175,188,0.353697949451614,-89.0838041131309,34.8782062349614,-92.6311458800198,32.2625164554777,0.570938734952017,0.217240785500403,2024.75041163959,2025.10410958904,SRR33125079|A/Black_Vulture/TN/25-006120-003-original/2025|H5N1|USA-TN|Unknown|2025-02-08|wild_avian|D1.1,Mississippi,Mississippi
1140,134,0.224334429031977,-88.8732154866831,38.8725165437894,-87.046370335262,39.2791939704759,0.570938734952017,0.34660430592004,2024.87977516001,2025.10410958904,SRR32512844|A/chicken/MN/25-004931-004-original/2025|H5N1|USA-MN|Unknown|2025-02-08|domestic_avian|D1.1,Mississippi,Mississippi
704,586,0.373566972316549,-103.187102161593,28.9882747094517,-109.641175889941,38.1057904246979,0.576418187006732,0.202851214690183,2024.73602206878,2025.1095890411,SRR32653667|A/cat/NM/25-005387-001-original/2025|H5N1|USA-NM|Unknown|2025-02-10|feline|D1.1,Pacific,Central
1283,76,0.34715401967389,-72.6524686268708,42.9568890356151,-69.3414813452499,46.6440594256546,0.576418187006732,0.229264167332841,2024.76243502142,2025.1095890411,SRR32512885|A/chicken/DE/25-005230-002-original/2025|H5N1|USA-DE|Unknown|2025-02-10|domestic_avian|D1.1,Atlantic,Atlantic
1214,216,0.259150420953221,-86.6474283740498,34.9758509625994,-83.91477186873,43.5530486793438,0.576418187006732,0.317267766053511,2024.85043862014,2025.1095890411,SRR33125081|A/Black_Vulture/GA/25-005756-004-original/2025|H5N1|USA-GA|Unknown|2025-02-10|wild_avian|D1.1,Mississippi,Atlantic
989,525,0.370545412875094,-115.361523287001,34.457875778759,-96.3103557485338,34.0104841186679,0.579157913034089,0.208612500158995,2024.74178335425,2025.11232876712,SRR32804547|A/red_shouldered_hawk/PA/25-006939-001/2025|H5N1|USA-PA|Lancaster|2025-02-11|wild_avian|D1.1,Central,Atlantic
1215,217,0.258097033521825,-87.1615661221026,33.9610902735542,-79.0599687470952,40.7366447158984,0.579157913034089,0.321060879512264,2024.8542317336,2025.11232876712,SRR33125061|A/herring_gull/PA/25-005864-001/2025|H5N1|USA-PA|Erie|2025-02-11|wild_avian|D1.1,Mississippi,Atlantic
1325,112,0.22204130004208,-74.9999212944591,42.1571565876246,-75.2499006305979,40.9149632783601,0.579157913034089,0.357116612992009,2024.89028746708,2025.11232876712,SRR33125172|A/bald_eagle/NJ/25-006329-001/2025|H5N1|USA-NJ|Sussex|2025-02-11|wild_avian|D1.1,Atlantic,Atlantic
1062,642,0.221203791031476,-104.534220877433,41.8906533935657,-103.032943122311,42.1529463571219,0.579157913034089,0.357954122002613,2024.89112497609,2025.11232876712,SRR32973810|A/chicken/NE/25-005224-001-original-repeat2/2025|H5N1|USA-NE|Unknown|2025-02-11|domestic_avian|D1.1,Central,Central
1249,1250,0.0390795011656737,-113.793924229326,44.8589001004458,-114.545898343661,44.727361257562,0.581129500257765,0.542049999092092,2025.07522085318,2025.11430035435,NA,Mississippi,Mississippi
1184,179,0.232584733056204,-78.5461888023696,36.5130502837732,-77.550221025965,35.4514072953766,0.581897639061447,0.349312906005243,2024.88248376009,2025.11506849315,SRR33125038|A/Canada_Goose/AL/25-006220-001-original/2025|H5N1|USA-AL|Unknown|2025-02-12|wild_avian|D1.1,Mississippi,Mississippi
1211,210,0.0592269498097142,-92.6784282482503,33.6038226192398,-90.365486254249,33.5124029859313,0.581897639061447,0.522670689251732,2025.05584154334,2025.11506849315,SRR33319056|A/Great_Horned_Owl/KY/25-006499-001-original-repeat/2025|H5N1|USA-KY|Unknown|2025-02-12|wild_avian|D1.1,Mississippi,Mississippi
1305,95,0.169428184733326,-73.5749412327517,42.6512174642106,-75.5780577257736,42.0889216756168,0.584637365089031,0.415209180355705,2024.94838003444,2025.11780821918,SRR32804576|A/red_tailed_hawk/NH/25-006653-001/2025|H5N1|USA-NH|Strafford|2025-02-13|wild_avian|D1.1,Atlantic,Atlantic
991,522,0.0764457524793311,-120.864104942239,43.397279917137,-117.419598960808,47.0563353234247,0.584637365089031,0.5081916126097,2025.0413624667,2025.11780821918,SRR32804622|A/black_vulture/TX/25-006660-004/2025|H5N1|USA-TX|Bexar|2025-02-13|wild_avian|D1.1,Central,Central
992,523,0.0601745801433615,-120.262721916444,46.0398201236791,-121.973935369372,47.1888066063984,0.584637365089031,0.52446278494567,2025.05763363903,2025.11780821918,SRR32804616|A/black_vulture/TX/25-006661-005/2025|H5N1|USA-TX|Bexar|2025-02-13|wild_avian|D1.1,Central,Central
1076,657,0.313948231007035,-100.637212610509,39.7524349185351,-93.784733788695,39.5515789475284,0.587377091116389,0.273428860109354,2024.8065997142,2025.12054794521,SRR32974108|A/Bald_Eagle/MT/25-009371-001-original/2025|H5N1|USA-MT|Unknown|2025-02-14|wild_avian|D1.1,Central,Central
1339,21,0.236269606022394,-79.6745447454774,32.9171838569747,-80.4022999398569,32.5603407843879,0.587377091116389,0.351107485093995,2024.88427833918,2025.12054794521,SRR32868736|A/Peregrine_Falcon/VA/25-007709-003-original/2025|H5N1|USA-VA|Unknown|2025-02-14|wild_avian|D1.1,Atlantic,Atlantic
710,336,0.157508714042354,-110.405863915901,36.4848793172031,-108.380135927127,35.6851235176724,0.587377091116389,0.429868377074034,2024.96303923116,2025.12054794521,SRR32804591|A/snow_goose/OK/25-006647-001/2025|H5N1|USA-OK|Texas|2025-02-14|wild_avian|D1.1,Central,Central
992,524,0.0629143061707189,-120.262721916444,46.0398201236791,-119.845907076083,39.3262832132162,0.587377091116389,0.52446278494567,2025.05763363903,2025.12054794521,SRR32804590|A/snow_goose/OK/25-006648-001/2025|H5N1|USA-OK|Texas|2025-02-14|wild_avian|D1.1,Central,Central
1250,34,0.00624759085862325,-114.545898343661,44.727361257562,-114.77842386309,45.3893702622112,0.587377091116389,0.581129500257765,2025.11430035435,2025.12054794521,SRR32868800|A/herring_gull/IL/25-007474-006/2025|H5N1|USA-IL|Cook|2025-02-14|wild_avian|D1.1,Mississippi,Mississippi
1271,1272,0.000672176127029078,-77.1639028210641,39.2307931245503,-77.4056210270714,38.9727726967298,0.592334206925277,0.591662030798248,2025.12483288489,2025.12550506101,NA,Atlantic,Atlantic
1191,170,0.216940973715638,-77.2102668868833,43.1426919749649,-67.5638246850279,44.7815992615671,0.598335995225818,0.38139502151018,2024.9145658756,2025.13150684931,SRR33125097|A/Snowy_Owl/IA/25-005856-001-original/2025|H5N1|USA-IA|Unknown|2025-02-18|wild_avian|D1.1,Mississippi,Mississippi
1319,107,0.207979787364286,-71.8397720898872,42.8893108153007,-72.5961357803584,43.4538503447954,0.598335995225818,0.390356207861532,2024.92352706195,2025.13150684931,SRR32804565|A/mallard/MA/25-006665-001/2025|H5N1|USA-MA|Worcester|2025-02-18|wild_avian|D1.1,Atlantic,Atlantic
1207,1216,0.413018157462383,-87.751749893897,36.4344593427471,-88.0943181129592,35.2408769995327,0.59985823408902,0.186840076626637,2024.72001093072,2025.13302908818,NA,Mississippi,Mississippi
921,922,0.20664334369343,-95.3234588965243,41.6440812666827,-90.1012127153772,40.1969391173492,0.601782452469086,0.395139108775655,2024.92830996286,2025.13495330656,NA,Atlantic,Mississippi
1081,3,0.506608759041601,-107.52991046451,40.6279041275109,-100.137447760442,34.3299452577826,0.606555173308118,0.099946414266517,2024.63311726836,2025.1397260274,SRR32804615|A/cat/ID/25-007150-001-original/2025|H5N1|USA-ID|Unknown|2025-02-21|feline|D1.1,Pacific,Pacific
916,325,0.205868113957088,-81.4821428990378,40.2208990566803,-87.759997393263,39.65179993404,0.606555173308118,0.40068705935103,2024.93385791344,2025.1397260274,SRR32868875|A/Bald_Eagle/NC/25-007708-003-original/2025|H5N1|USA-NC|Unknown|2025-02-21|wild_avian|D1.1,Mississippi,Atlantic
1341,1342,0.210046142640342,-81.8632199718935,37.0918639481962,-82.5616687926831,40.0052788930051,0.607798386199637,0.397752243559295,2024.93092309765,2025.14096924029,NA,Atlantic,Atlantic
1160,218,0.433317533643533,-89.3861343986205,38.3006275623966,-108.844216565443,44.9565996665203,0.61477435139019,0.181456817746657,2024.71462767184,2025.14794520548,SRR32804608|A/Skunk/NM/25-006932-001-original/2025|H5N1|USA-NM|Unknown|2025-02-24|other_mammal|D1.1,Atlantic,Central
1350,9,0.327037255995965,-97.6262100641486,32.3730959342668,-92.6108704502883,34.5632328751935,0.61477435139019,0.287737095394225,2024.82090794948,2025.14794520548,SRR32804645|A/Cooper_s_Hawk/MO/25-007115-002-original/2025|H5N1|USA-MO|Unknown|2025-02-24|wild_avian|D1.1,Central,Mississippi
1012,613,0.336762500772116,-96.0415351155918,43.8438673314336,-109.17889679363,35.5046387610521,0.617514077417775,0.280751576645659,2024.81392243073,2025.15068493151,SRR33124756|A/chicken/FL/25-006816-001-original/2025|H5N1|USA-FL|Unknown|2025-02-25|domestic_avian|D1.1,Central,Atlantic
1318,109,0.0534804140570053,-70.7374387626246,43.2995499439916,-70.8162319305869,43.4114109067448,0.617514077417775,0.564033663360769,2025.09720451745,2025.15068493151,SRR34784269|A/herring_gull/RI/25-019394-001/2025|H5N1|USA-RI|Kent|2025-02-25|wild_avian|D1.1,Atlantic,Atlantic
1262,55,0.231974277113789,-74.9329176854102,40.8890085194998,-73.5160174977047,42.2317006773365,0.620253803445132,0.388279526331343,2024.92145038042,2025.15342465753,SRR32868713|A/red_tailed_hawk/NY/25-007155-001/2025|H5N1|USA-NY|Tioga|2025-02-26|wild_avian|D1.1,Atlantic,Atlantic
887,513,0.135259255250026,-104.408819790945,31.6934342587287,-104.916807212189,33.8803620805483,0.620253803445132,0.484994548195106,2025.01816540228,2025.15342465753,SRR32868818|A/canada_goose/WY/25-008078-001/2025|H5N1|USA-WY|Platte|2025-02-26|wild_avian|D1.1,Central,Central
1213,213,0.332887926288786,-85.9330009136842,30.4502461523478,-88.4506143300425,37.7247351591339,0.62299352947249,0.290105603183703,2024.82327645727,2025.15616438356,SRR32804611|A/cat/KS/25-007581-001-original/2025|H5N1|USA-KS|Unknown|2025-02-27|feline|D1.1,Mississippi,Central
1320,105,0.300397134264189,-76.0737426586158,41.3241149746204,-76.1000093154506,40.2138278824944,0.62299352947249,0.322596395208301,2024.8557672493,2025.15616438356,SRR32868891|A/dark_eyed_junco/NJ/25-007152-004/2025|H5N1|USA-NJ|Somerset|2025-02-27|wild_avian|D1.1,Atlantic,Atlantic
901,619,0.278185905155108,-92.9509263352983,45.1303507841799,-93.0117689788535,45.1454779944482,0.62299352947249,0.344807624317381,2024.87797847841,2025.15616438356,SRR33476791|A/Peregrine_falcon/CA/25-012990-002/2025|H5N1|USA-CA|Solano|2025-02-27|wild_avian|D1.1,Pacific,Pacific
916,323,0.22230647012146,-81.4821428990378,40.2208990566803,-79.4147975345157,40.0361881839475,0.62299352947249,0.40068705935103,2024.93385791344,2025.15616438356,SRR32868711|A/Red-tailed_Hawk/WV/25-007392-001-original/2025|H5N1|USA-WV|Unknown|2025-02-27|wild_avian|D1.1,Mississippi,Atlantic
903,620,0.145801408928374,-94.5254143641825,46.5552382713433,-94.4560029561206,46.5658445157604,0.62299352947249,0.477192120544115,2025.01036297463,2025.15616438356,SRR33476783|A/Sanderling/CA/25-012990-001/2025|H5N1|USA-CA|Alameda|2025-02-27|wild_avian|D1.1,Pacific,Pacific
1311,116,0.234107590272744,-91.9950960065246,41.6536687994145,-93.9440983738566,41.3447237441161,0.628472981527204,0.39436539125446,2024.92753624534,2025.16164383562,SRR34710268|A/red_tailed_hawk/MA/25-019390-004/2025|H5N1|USA-MA|Middlesex|2025-03-01|wild_avian|D1.1,Atlantic,Atlantic
1252,37,0.0793584481141401,-116.879573052583,44.3579151313447,-114.777510526168,39.0699717959466,0.628472981527204,0.549114533413064,2025.0822853875,2025.16164383562,SRR32974035|A/Peregrine_Falcon/WI/25-008493-001-original/2025|H5N1|USA-WI|Unknown|2025-03-01|wild_avian|D1.1,Mississippi,Mississippi
1188,175,0.375542815534398,-80.8588105903209,36.3981546294789,-86.7884888169278,39.9994628579499,0.633952433582146,0.258409618047748,2024.79158047214,2025.16712328767,SRR32868755|A/red_tailed_hawk/NY/25-007854-001/2025|H5N1|USA-NY|Steuben|2025-03-03|wild_avian|D1.1,Atlantic,Atlantic
897,609,0.373179582854007,-100.683261955714,48.8747198372387,-101.610189765465,48.6483815225595,0.633952433582146,0.26077285072814,2024.79394370482,2025.16712328767,SRR33476782|A/Bald_Eagle/WA/25-013105-001-original/2025|H5N1|USA-WA|Unknown|2025-03-03|wild_avian|D1.1,Pacific,Pacific
1105,259,0.344491689622852,-109.30022077441,33.7212283663289,-116.340519622874,44.8932678353287,0.633952433582146,0.289460743959295,2024.82263159805,2025.16712328767,SRR33029790|A/turkey_vulture/MO/25-007994-001/2025|H5N1|USA-MO|Howell|2025-03-03|wild_avian|D1.1,Central,Mississippi
1199,167,0.321888263269183,-92.5120726428703,44.4773376768263,-92.9550915842754,47.3297569049836,0.633952433582146,0.312064170312963,2024.8452350244,2025.16712328767,SRR32868886|A/bald_eagle/GA/25-007707-001/2025|H5N1|USA-GA|Walton|2025-03-03|wild_avian|D1.1,Mississippi,Atlantic
820,397,0.319888854857423,-96.4848383320741,34.8679961881358,-96.7007067383548,34.3778631875489,0.633952433582146,0.314063578724724,2024.84723443281,2025.16712328767,SRR32974002|A/Skunk/KS/25-008665-001-original/2025|H5N1|USA-KS|Unknown|2025-03-03|other_mammal|D1.1,Central,Central
817,408,0.308625934621384,-109.569965088858,35.1468228623794,-115.520475021977,36.883274438254,0.633952433582146,0.325326498960763,2024.85849735305,2025.16712328767,SRR32868817|A/Canada_Goose/WY/25-008079-001-original/2025|H5N1|USA-WY|Unknown|2025-03-03|wild_avian|D1.1,Central,Central
1117,276,0.284986256329855,-99.9452295101296,36.2098914504845,-97.0086875963162,39.7758557303858,0.633952433582146,0.348966177252291,2024.88213703134,2025.16712328767,SRR32974025|A/Red-tailed_Hawk/SD/25-008825-001-original/2025|H5N1|USA-SD|Unknown|2025-03-03|wild_avian|D1.1,Central,Central
1252,36,0.0848379001690822,-116.879573052583,44.3579151313447,-117.547042188366,42.5335739832966,0.633952433582146,0.549114533413064,2025.0822853875,2025.16712328767,SRR32868795|A/Bald_Eagle/IN/25-007837-001-original/2025|H5N1|USA-IN|Unknown|2025-03-03|wild_avian|D1.1,Mississippi,Mississippi
1296,88,0.2078538146191,-69.6091448814467,45.3085889905167,-68.2644845266422,44.8305687534465,0.636692159609504,0.428838344990404,2024.96200919908,2025.1698630137,SRR34710265|A/Peregrine_Falcon/RI/25-019394-007-original/2025|H5N1|USA-RI|Unknown|2025-03-04|wild_avian|D1.1,Atlantic,Atlantic
956,599,0.0871827392500146,-90.1061047789588,43.7496186694149,-91.1003396748997,41.5677531879024,0.639431885636861,0.552249146386847,2025.08542000048,2025.17260273973,SRR32974026|A/Red-tailed_Hawk/OR/25-008819-001-original/2025|H5N1|USA-OR|Unknown|2025-03-05|wild_avian|D1.1,Pacific,Pacific
1148,1151,0.44142667972462,-89.2481871901836,40.1021655278971,-92.0116311597828,33.1796895922746,0.640888248369909,0.199461568645289,2024.73263242273,2025.17405910246,NA,Mississippi,Mississippi
1173,231,0.403296025879686,-84.4327002227443,42.9336267067129,-84.6093907713698,41.9840463586937,0.642171611664219,0.238875585784532,2024.77204643987,2025.17534246575,SRR32868618|A/chicken/IN/25-008062-001-original/2025|H5N1|USA-IN|Unknown|2025-03-06|domestic_avian|D1.1,Mississippi,Mississippi
715,339,0.368112361375326,-109.550070627566,33.7037195660814,-109.172428842434,33.8362438225569,0.642171611664219,0.274059250288893,2024.80723010438,2025.17534246575,SRR32868560|A/chicken/NE/25-008023-001-original/2025|H5N1|USA-NE|Unknown|2025-03-06|domestic_avian|D1.1,Central,Central
986,543,0.0878916684383183,-111.876776252306,35.0458957576187,-117.159882661513,34.5430207502769,0.642171611664219,0.5542799432259,2025.08745079732,2025.17534246575,SRR32974113|A/turkey_vulture/KY/25-009319-001/2025|H5N1|USA-KY|Oldham|2025-03-06|wild_avian|D1.1,Mississippi,Mississippi
904,622,0.0842157789882735,-94.327432216802,46.9351632324103,-94.3722939164874,47.1665253457851,0.642171611664219,0.557955832675945,2025.09112668677,2025.17534246575,SRR33029846|A/barn_owl/CA/25-010283-002/2025|H5N1|USA-CA|San_Mateo|2025-03-06|wild_avian|D1.1,Pacific,Pacific
1204,1205,0.108966593633646,-85.1039141239819,41.1780628494108,-82.2350211658347,38.4167060957383,0.642542004685593,0.533575411051947,2025.06674626514,2025.17571285877,NA,Atlantic,Mississippi
1151,1152,0.00274845592949213,-92.0116311597828,33.1796895922746,-91.9364633357196,33.2700599284502,0.643636704299401,0.640888248369909,2025.17405910246,2025.17680755839,NA,Mississippi,Mississippi
1340,19,0.272230023167432,-81.5870137508035,34.3327749995807,-93.8216596000272,31.0431731975343,0.644911337691576,0.372681314524144,2024.90585216861,2025.17808219178,SRR34980370|A/American_Crow/ME/25-021406-005-original/2025|H5N1|USA-ME|Unknown|2025-03-07|wild_avian|D1.1,Atlantic,Atlantic
929,301,0.243106103370705,-97.2799000253722,40.5736563687848,-96.9699101337373,40.4708788274325,0.644911337691576,0.401805234320871,2024.93497608841,2025.17808219178,SRR32974111|A/Brown_Pelican/NC/25-009321-002-original/2025|H5N1|USA-NC|Unknown|2025-03-07|wild_avian|D1.1,Atlantic,Atlantic
817,407,0.322324564758398,-109.569965088858,35.1468228623794,-112.017012524738,41.3178924192118,0.647651063719161,0.325326498960763,2024.85849735305,2025.18082191781,SRR32868567|A/Guineafowl/OK/25-008449-003-original/2025|H5N1|USA-OK|Unknown|2025-03-08|domestic_avian|D1.1,Central,Central
821,822,0.154600649942862,-97.6227167688205,34.4505826344176,-105.951614689735,36.163499107729,0.652547436373062,0.497946786430199,2025.03111764052,2025.18571829046,NA,Central,Central
998,551,0.395400960978149,-108.984209651821,43.3838936726969,-118.770815742236,43.4703864452283,0.653130515773876,0.257729554795726,2024.79090040888,2025.18630136986,SRR33682322|A/Owl/OR/25-014765-001-original/2025|H5N1|USA-OR|Unknown|2025-03-10|wild_avian|D1.1,Pacific,Pacific
1183,158,0.291923314586317,-86.9189169532029,39.4260805854605,-72.6265766833365,42.137427093945,0.653130515773876,0.361207201187559,2024.89437805528,2025.18630136986,SRR32974019|A/bald_eagle/NY/25-009027-001/2025|H5N1|USA-NY|Erie|2025-03-10|wild_avian|D1.1,Mississippi,Atlantic
1342,1343,0.046834163269776,-82.5616687926831,40.0052788930051,-82.4986532380222,39.946335184773,0.654632549469413,0.607798386199637,2025.14096924029,2025.18780340356,NA,Atlantic,Atlantic
895,575,0.399418926729306,-100.448410459614,41.3092783333337,-80.991019971349,39.7277745523355,0.65860996782859,0.259191041099285,2024.79236189519,2025.19178082192,SRR32973826|A/chicken/IL/25-009367-001-original/2025|H5N1|USA-IL|Unknown|2025-03-12|domestic_avian|D1.1,Pacific,Mississippi
1331,124,0.283344948998812,-90.5038132183707,42.816727309213,-89.5236634543248,43.1575178256767,0.65860996782859,0.375265018829778,2024.90843587292,2025.19178082192,SRR32974073|A/bald_eagle/NJ/25-009512-004/2025|H5N1|USA-NJ|Bergen|2025-03-12|wild_avian|D1.1,Atlantic,Atlantic
821,396,0.160663181398391,-97.6227167688205,34.4505826344176,-103.629699064652,37.221088733953,0.65860996782859,0.497946786430199,2025.03111764052,2025.19178082192,SRR32868813|A/Canada_Goose/OK/25-009017-002-original/2025|H5N1|USA-OK|Unknown|2025-03-12|wild_avian|D1.1,Central,Central
904,621,0.100654135152645,-94.327432216802,46.9351632324103,-94.70128801358,47.344634526072,0.65860996782859,0.557955832675945,2025.09112668677,2025.19178082192,SRR33682329|A/great_blue_heron/CA/25-014655-001/2025|H5N1|USA-CA|Alameda|2025-03-12|wild_avian|D1.1,Pacific,Pacific
888,515,0.279679058660319,-105.355680781053,31.9010466834691,-110.522222509904,41.7920049672132,0.661349693855948,0.381670635195628,2024.91484148928,2025.19452054795,SRR33508799|A/Skunk/TX/25-010819-006-original/2025|H5N1|USA-TX|Unknown|2025-03-13|other_mammal|D1.1,Central,Central
1164,219,0.255803686026436,-91.0937923965517,37.9977806947739,-97.1402057723087,46.9059700673938,0.661349693855948,0.405546007829511,2024.93871686192,2025.19452054795,SRR32974022|A/Peregrine_Falcon/IA/25-009016-001-original/2025|H5N1|USA-IA|Unknown|2025-03-13|wild_avian|D1.1,Mississippi,Mississippi
1282,77,0.44530290279551,-72.7397271111786,43.0838035150731,-72.7375205644875,43.0387631719024,0.664089419883533,0.218786517088023,2024.75195737118,2025.19726027397,SRR32974049|A/Canada_Goose/VT/25-009472-001-original/2025|H5N1|USA-VT|Unknown|2025-03-14|wild_avian|D1.1,Atlantic,Atlantic
1205,184,0.0242871412252965,-82.2350211658347,38.4167060957383,-82.9746947422567,37.5109405618671,0.66682914591089,0.642542004685593,2025.17571285877,2025.2,SRR33476771|A/black_vulture/OH/25-012888-001/2025|H5N1|USA-OH|Licking|2025-03-15|wild_avian|D1.1,Mississippi,Mississippi
1342,1345,0.0590385144852824,-82.5616687926831,40.0052788930051,-93.583846030549,36.9000566775789,0.666836900684919,0.607798386199637,2025.14096924029,2025.20000775477,NA,Atlantic,Mississippi
1065,1066,0.457990758663306,-101.265853194012,39.9386929478626,-119.623961598214,38.4823228889432,0.670971966974433,0.212981208311127,2024.7461520624,2025.20414282106,NA,Central,Mississippi
1138,132,0.318683861998389,-91.4491162857215,42.1344455042899,-103.797535856146,46.7328305896724,0.672308597965605,0.353624735967216,2024.88679559006,2025.20547945205,SRR32974069|A/bald_eagle/NJ/25-009514-002/2025|H5N1|USA-NJ|Camden|2025-03-17|wild_avian|D1.1,Mississippi,Atlantic
1284,75,0.313806691309524,-75.6357709604936,43.595903248429,-77.4497826448245,42.1981909051245,0.672308597965605,0.358501906656081,2024.89167276075,2025.20547945205,SRR33370215|A/black_vulture/PA/25-011842-001/2025|H5N1|USA-PA|Dauphin|2025-03-17|wild_avian|D1.1,Atlantic,Atlantic
965,560,0.295998899829655,-102.328079434106,42.7942469537303,-106.599302003478,37.091578924702,0.672308597965605,0.37630969813595,2024.90948055223,2025.20547945205,SRR32973825|A/chicken/NM/25-009470-001-original/2025|H5N1|USA-NM|Unknown|2025-03-17|domestic_avian|D1.1,Pacific,Central
717,718,0.208574612980693,-108.585585920094,31.4387006880111,-107.886334545303,40.9557713792377,0.673011061783721,0.464436448803028,2024.99760730289,2025.20618191587,NA,Central,Pacific
684,678,0.426359925132027,-95.665241566278,31.8303572322728,-100.053520684981,35.1624226162225,0.675048323992962,0.248688398860935,2024.78185925295,2025.20821917808,SRR33508800|A/Skunk/TX/25-010819-005-original/2025|H5N1|USA-TX|Unknown|2025-03-18|other_mammal|D1.1,Central,Central
1041,646,0.415721634870549,-101.895243680541,41.0750906904719,-93.7112169205059,48.3264508916861,0.675048323992962,0.259326689122413,2024.79249754321,2025.20821917808,SRR32973819|A/Duck/MT/25-009376-001-original/2025|H5N1|USA-MT|Unknown|2025-03-18|domestic_avian|D1.1,Central,Pacific
969,547,0.398638487640194,-118.075029673402,36.618079252204,-109.933404631724,45.8730788641327,0.675048323992962,0.276409836352768,2024.80958069044,2025.20821917808,SRR33508852|A/Turkey/IL/25-009630-001-original/2025|H5N1|USA-IL|Unknown|2025-03-18|domestic_avian|D1.1,Central,Mississippi
984,541,0.341563411384511,-111.492338369277,34.630024885298,-117.495708362148,34.4736969166559,0.675048323992962,0.333484912608451,2024.8666557667,2025.20821917808,SRR33029751|A/chicken/KS/25-009496-002-original/2025|H5N1|USA-KS|Unknown|2025-03-18|domestic_avian|D1.1,Mississippi,Central
1309,115,0.311615012973188,-91.117002977298,41.7090774558029,-91.8246323522698,41.2345797110297,0.675048323992962,0.363433311019774,2024.89660416511,2025.20821917808,SRR33029808|A/Mallard/CT/25-010197-001-original/2025|H5N1|USA-CT|Unknown|2025-03-18|wild_avian|D1.1,Atlantic,Atlantic
1204,182,0.141472912941015,-85.1039141239819,41.1780628494108,-87.8964837535927,41.2947435425755,0.675048323992962,0.533575411051947,2025.06674626514,2025.20821917808,SRR33029849|A/black_vulture/OH/25-009864-005/2025|H5N1|USA-OH|Highland|2025-03-18|wild_avian|D1.1,Atlantic,Mississippi
1318,108,0.111014660632193,-70.7374387626246,43.2995499439916,-70.8695482546657,43.1697653078658,0.675048323992962,0.564033663360769,2025.09720451745,2025.20821917808,SRR35089326|A/Fish_Crow/RI/25-021409-001-original/2025|H5N1|USA-RI|Unknown|2025-03-18|wild_avian|D1.1,Atlantic,Atlantic
1307,98,0.184192164759796,-73.7042896069955,43.9494053793691,-74.2109011442392,43.6960213611564,0.677788050020547,0.493595885260751,2025.02676673935,2025.21095890411,SRR34980328|A/Gull/NH/25-021405-005-original/2025|H5N1|USA-NH|Unknown|2025-03-19|wild_avian|D1.1,Atlantic,Atlantic
1216,208,0.0779298159315271,-88.0943181129592,35.2408769995327,-92.0769391786956,35.3033262213419,0.677788050020547,0.59985823408902,2025.13302908818,2025.21095890411,SRR33029853|A/Black_Vulture/AL/25-010338-002-original/2025|H5N1|USA-AL|Unknown|2025-03-19|wild_avian|D1.1,Mississippi,Mississippi
1093,264,0.451470231399055,-116.042245991877,35.8913378518726,-119.612132385461,44.5790928795243,0.680527776047904,0.22905754464885,2024.76222839874,2025.21369863014,SRR33319031|A/Skunk/NV/25-011566-001-original/2025|H5N1|USA-NV|Unknown|2025-03-20|other_mammal|D1.1,Pacific,Pacific
1145,138,0.450582348529966,-88.484191134357,40.2721640416465,-95.1140620543843,49.2071580452557,0.680527776047904,0.229945427517938,2024.76311628161,2025.21369863014,SRR33029789|A/Bald_Eagle/FL/25-009986-004-original/2025|H5N1|USA-FL|Unknown|2025-03-20|wild_avian|D1.1,Mississippi,Atlantic
1077,658,0.422409218562547,-109.22882257286,43.8392835737597,-106.750033820399,42.3940043453114,0.680527776047904,0.258118557485357,2024.79128941157,2025.21369863014,SRR33319026|A/turkey_vulture/MO/25-011519-002/2025|H5N1|USA-MO|Cape_Girardeau|2025-03-20|wild_avian|D1.1,Mississippi,Mississippi
1186,178,0.417461196500071,-85.5582558506721,33.871383645593,-94.2200452337555,33.0369095669094,0.680527776047904,0.263066579547833,2024.79623743364,2025.21369863014,SRR33370194|A/Great_Horned_Owl/FL/25-012397-001-original/2025|H5N1|USA-FL|Unknown|2025-03-20|wild_avian|D1.1,Mississippi,Atlantic
1066,1067,0.0122623034453904,-119.623961598214,38.4823228889432,-119.714123313805,38.2062838743948,0.683234270419824,0.670971966974433,2025.20414282106,2025.21640512451,NA,Mississippi,Mississippi
931,932,0.28487843273588,-92.3213814292351,39.8658098591722,-91.7509267133551,41.0851124228198,0.683629938969734,0.398751506233854,2024.93192236032,2025.21680079306,NA,Atlantic,Atlantic
1152,1153,0.0405183053219567,-91.9364633357196,33.2700599284502,-92.4772640295873,33.0819504506179,0.684155009621358,0.643636704299401,2025.17680755839,2025.21732586371,NA,Mississippi,Mississippi
1343,1344,0.0320871850422577,-82.4986532380222,39.946335184773,-82.5054331542026,38.3328694406831,0.68671973451167,0.654632549469413,2025.18780340356,2025.2198905886,NA,Atlantic,Atlantic
932,933,0.00378410976094135,-91.7509267133551,41.0851124228198,-91.7581655163207,41.0829305139667,0.687414048730675,0.683629938969734,2025.21680079306,2025.22058490282,NA,Atlantic,Atlantic
698,699,0.141488032067338,-104.780848300295,41.2878094882841,-104.953187680653,41.2696770408853,0.688374871429411,0.546886839362073,2025.08005769345,2025.22154572552,NA,Pacific,Pacific
933,934,0.00336748217176486,-91.7581655163207,41.0829305139667,-92.0198956361507,41.1623991552206,0.69078153090244,0.687414048730675,2025.22058490282,2025.22395238499,NA,Atlantic,Atlantic
1166,222,0.376832666228498,-100.628903492362,44.6996644337034,-103.797021307011,44.8903145885941,0.691486680157334,0.314654013928836,2024.84782486802,2025.22465753425,SRR33029828|A/cat/IA/25-010114-001-original/2025|H5N1|USA-IA|Unknown|2025-03-24|feline|D1.1,Mississippi,Mississippi
879,400,0.283279254081146,-106.40740136125,34.2740010507824,-98.217416443484,34.9626048354331,0.691486680157334,0.408207426076188,2024.94137828017,2025.22465753425,SRR33508770|A/Duck/NE/25-010532-002-original/2025|H5N1|USA-NE|Unknown|2025-03-24|domestic_avian|D1.1,Central,Central
1271,60,0.0998246493590861,-77.1639028210641,39.2307931245503,-77.4009372505099,38.5302473771802,0.691486680157334,0.591662030798248,2025.12483288489,2025.22465753425,SRR34710271|A/Turkey_Vulture/MD/25-019391-002-original/2025|H5N1|USA-MD|Unknown|2025-03-24|wild_avian|D1.1,Atlantic,Atlantic
933,307,0.00407263142665859,-91.7581655163207,41.0829305139667,-91.5580898305916,41.1107357715241,0.691486680157334,0.687414048730675,2025.22058490282,2025.22465753425,SRR33508772|A/black_vulture/MA/25-010531-001/2025|H5N1|USA-MA|Harford|2025-03-24|wild_avian|D1.1,Atlantic,Atlantic
975,976,0.274768167203029,-116.324556149288,47.1026587455605,-114.658483196714,48.0769055714094,0.69174435307387,0.416976185870841,2024.95014703996,2025.22491520716,NA,Atlantic,Atlantic
934,935,0.00319173806835404,-92.0198956361507,41.1623991552206,-92.3917764289063,41.283726299515,0.693973268970794,0.69078153090244,2025.22395238499,2025.22714412306,NA,Atlantic,Atlantic
699,580,0.00585153475550759,-104.953187680653,41.2696770408853,-107.063976836354,41.3420376567685,0.694226406184919,0.688374871429411,2025.22154572552,2025.22739726027,SRR33319085|A/cattle/AZ/25-010942-001-original/2025|H5N1|USA-AZ|Unknown|2025-03-25|cattle|D1.1,Pacific,Pacific
935,936,0.00260704828886915,-92.3917764289063,41.283726299515,-92.8481679417657,40.9956823683171,0.696580317259663,0.693973268970794,2025.22714412306,2025.22975117135,NA,Atlantic,Atlantic
714,512,0.419376085329781,-109.507678660884,32.2669070500098,-116.280454374311,33.2271558450865,0.696966132212276,0.277590046882495,2024.81076090097,2025.2301369863,SRR33508736|A/Red-tailed_Hawk/CO/25-010882-001-original/2025|H5N1|USA-CO|Unknown|2025-03-26|wild_avian|D1.1,Central,Pacific
986,544,0.142686188986376,-111.876776252306,35.0458957576187,-108.990316028528,32.3708673980997,0.696966132212276,0.5542799432259,2025.08745079732,2025.2301369863,SRR33508738|A/Great_Horned_Owl/MI/25-010812-002-original/2025|H5N1|USA-MI|Unknown|2025-03-26|wild_avian|D1.1,Mississippi,Mississippi
935,939,0.00369108049446465,-92.3917764289063,41.283726299515,-91.4644924041886,41.2884239113174,0.697664349465259,0.693973268970794,2025.22714412306,2025.23083520355,NA,Atlantic,Atlantic
955,957,0.147926517315548,-89.6044102052145,45.5064317913673,-90.908340838068,48.127972658113,0.698005298995302,0.550078781679753,2025.08324963577,2025.23117615308,NA,Pacific,Pacific
1202,187,0.184340482913378,-96.1326964293602,30.0255587807879,-92.5901789104905,30.9880373368651,0.699705858239633,0.515365375326255,2025.04853622942,2025.23287671233,SRR33370162|A/Mallard/MN/25-012246-005-original/2025|H5N1|USA-MN|Unknown|2025-03-27|wild_avian|D1.1,Mississippi,Mississippi
932,319,0.0160759192698995,-91.7509267133551,41.0851124228198,-90.8856006140192,40.6311507925617,0.699705858239633,0.683629938969734,2025.21680079306,2025.23287671233,SRR33508749|A/black_vulture/PA/25-010745-004/2025|H5N1|USA-PA|Lancaster|2025-03-27|wild_avian|D1.1,Atlantic,Atlantic
957,958,0.0017709410567891,-90.908340838068,48.127972658113,-91.9565656817475,45.5088040590655,0.699776240052091,0.698005298995302,2025.23117615308,2025.23294709414,NA,Pacific,Pacific
1266,1267,0.475266953540691,-72.257754972211,41.7523342587047,-71.2849547475487,42.5916441046484,0.701063823671137,0.225796870130446,2024.75896772422,2025.23423467776,NA,Atlantic,Atlantic
922,923,0.101686208791942,-90.1012127153772,40.1969391173492,-88.7566269369441,38.2588583452583,0.703468661261027,0.601782452469086,2025.13495330656,2025.23663951535,NA,Mississippi,Atlantic
682,282,0.582365025390842,-120.015085429648,44.3340315648016,-114.76810504092,43.3622248368854,0.71066476234929,0.128299736958449,2024.66147059105,2025.24383561644,SRR33319032|A/Skunk/UT/25-011119-002-original/2025|H5N1|USA-UT|Unknown|2025-03-31|other_mammal|D1.1,Central,Pacific
1290,78,0.479617749437756,-71.9000539847431,43.1301112217337,-79.4170782229974,40.0266409282117,0.71066476234929,0.231047012911535,2024.764217867,2025.24383561644,SRR33370138|A/Red_Fox/VA/25-012694-001-original/2025|H5N1|USA-VA|Unknown|2025-03-31|other_mammal|D1.1,Atlantic,Atlantic
993,530,0.485863552737228,-112.350880315725,38.2924150102765,-95.4116850951461,46.7509431184257,0.713404488376648,0.22754093563942,2024.76071178973,2025.24657534247,SRR33319029|A/Snow_Goose/ND/25-011281-001-original/2025|H5N1|USA-ND|Unknown|2025-04-01|wild_avian|D1.1,Mississippi,Central
885,517,0.338328468315395,-106.827698894098,32.7688462098921,-113.531906243731,35.0653029487308,0.713404488376648,0.375076020061253,2024.90824687415,2025.24657534247,SRR33319054|A/Great_Horned_Owl/ND/25-011283-001-original/2025|H5N1|USA-ND|Unknown|2025-04-01|wild_avian|D1.1,Central,Central
1341,17,0.315652244817353,-81.8632199718935,37.0918639481962,-83.8398552595507,38.121954908509,0.713404488376648,0.397752243559295,2024.93092309765,2025.24657534247,SRR33319022|A/Black_Vulture/VA/25-011541-002-original/2025|H5N1|USA-VA|Unknown|2025-04-01|wild_avian|D1.1,Atlantic,Atlantic
956,603,0.161155341989801,-90.1061047789588,43.7496186694149,-88.8973821262779,42.488073389065,0.713404488376648,0.552249146386847,2025.08542000048,2025.24657534247,SRR33682347|A/Canada_Goose/WA/25-014080-001-original/2025|H5N1|USA-WA|Unknown|2025-04-01|wild_avian|D1.1,Pacific,Pacific
1250,35,0.13501471414624,-114.545898343661,44.727361257562,-114.644467728496,45.8878037665985,0.716144214404005,0.581129500257765,2025.11430035435,2025.24931506849,SRR33370139|A/red_breasted_merganser/MI/25-011271-008/2025|H5N1|USA-MI|Allegan|2025-04-02|wild_avian|D1.1,Mississippi,Mississippi
936,320,0.0223036231716992,-92.8481679417657,40.9956823683171,-92.9112127417657,41.066114393053,0.718883940431363,0.696580317259663,2025.22975117135,2025.25205479452,SRR33319024|A/black_vulture/PA/25-011728-001/2025|H5N1|USA-PA|York|2025-04-03|wild_avian|D1.1,Atlantic,Atlantic
699,700,0.0379413992133693,-104.953187680653,41.2696770408853,-105.300344254798,42.1037096461778,0.72631627064278,0.688374871429411,2025.22154572552,2025.25948712473,NA,Pacific,Pacific
1151,149,0.0889545961711103,-92.0116311597828,33.1796895922746,-92.7569687542985,32.7570903707841,0.729842844541019,0.640888248369909,2025.17405910246,2025.26301369863,SRR33370169|A/vulture/OH/25-012105-004/2025|H5N1|USA-OH|Unknown|2025-04-07|wild_avian|D1.1,Mississippi,Mississippi
1205,183,0.087300839855426,-82.2350211658347,38.4167060957383,-85.4450348122369,37.6535346725223,0.729842844541019,0.642542004685593,2025.17571285877,2025.26301369863,SRR33370172|A/vulture/OH/25-012105-001/2025|H5N1|USA-OH|Unknown|2025-04-07|wild_avian|D1.1,Mississippi,Mississippi
1253,43,0.514209164008447,-98.6222251426718,32.3748007700987,-99.2672330132695,36.7292824474797,0.732582570568377,0.21837340655993,2024.75154426065,2025.26575342466,SRR33370196|A/Great_Horned_Owl/MT/25-012288-002-original/2025|H5N1|USA-MT|Unknown|2025-04-08|wild_avian|D1.1,Pacific,Central
1141,131,0.512661811099999,-91.3643191296024,41.2296116716574,-89.2047007088266,40.9751081868563,0.732582570568377,0.219920759468378,2024.75309161356,2025.26575342466,SRR33370177|A/Snowy_Owl/WI/25-012050-001-original/2025|H5N1|USA-WI|Unknown|2025-04-08|wild_avian|D1.1,Mississippi,Mississippi
1202,186,0.217217195242122,-96.1326964293602,30.0255587807879,-95.6544631437195,30.6813571485607,0.732582570568377,0.515365375326255,2025.04853622942,2025.26575342466,SRR33370176|A/Trumpeter_Swan/IA/25-011816-001-original/2025|H5N1|USA-IA|Unknown|2025-04-08|wild_avian|D1.1,Mississippi,Mississippi
962,595,0.521366497491221,-94.379233887152,45.8279551614702,-97.6038434343667,44.0265244028406,0.738062022623092,0.216695525131871,2024.74986637922,2025.27123287671,SRR34710266|A/Red-tailed_Hawk/CO/25-019366-002-original/2025|H5N1|USA-CO|Unknown|2025-04-10|wild_avian|D1.1,Central,Central
1173,232,0.499186436838559,-84.4327002227443,42.9336267067129,-89.7226182921312,44.0455087750302,0.738062022623092,0.238875585784532,2024.77204643987,2025.27123287671,SRR33476774|A/Turkey_Vulture/MO/25-012813-002-original/2025|H5N1|USA-MO|Unknown|2025-04-10|wild_avian|D1.1,Mississippi,Mississippi
951,564,0.444034801768152,-114.19412977215,42.2353390375103,-102.340582094224,44.1263636422948,0.738062022623092,0.29402722085494,2024.82719807494,2025.27123287671,SRR33476799|A/Cooper_s_Hawk/MO/25-012813-008-original/2025|H5N1|USA-MO|Unknown|2025-04-10|wild_avian|D1.1,Pacific,Mississippi
884,406,0.180108907413703,-104.458885394291,37.6493673635801,-104.859145488281,38.8407326303358,0.738062022623092,0.557953115209388,2025.0911239693,2025.27123287671,SRR33476801|A/Canada_Goose/SD/25-013305-001-original/2025|H5N1|USA-SD|Unknown|2025-04-10|wild_avian|D1.1,Central,Central
1152,150,0.0944253183236904,-91.9364633357196,33.2700599284502,-91.8626183101987,33.5644975049985,0.738062022623092,0.643636704299401,2025.17680755839,2025.27123287671,SRR33476809|A/canada_goose/KY/25-013218-002/2025|H5N1|USA-KY|Mason|2025-04-10|wild_avian|D1.1,Mississippi,Mississippi
1067,654,0.0548277522032679,-119.714123313805,38.2062838743948,-116.287484143967,40.5833019052792,0.738062022623092,0.683234270419824,2025.21640512451,2025.27123287671,SRR33370209|A/Black_Vulture/VA/25-012471-002-original/2025|H5N1|USA-VA|Unknown|2025-04-10|wild_avian|D1.1,Mississippi,Atlantic
1153,148,0.0539070130017337,-92.4772640295873,33.0819504506179,-92.1129981627596,33.176840930289,0.738062022623092,0.684155009621358,2025.21732586371,2025.27123287671,SRR33476805|A/black_vulture/KY/25-013218-001/2025|H5N1|USA-KY|Mason|2025-04-10|wild_avian|D1.1,Mississippi,Mississippi
1164,220,0.335255740821165,-91.0937923965517,37.9977806947739,-91.0467568433299,38.1277559416276,0.740801748650676,0.405546007829511,2024.93871686192,2025.27397260274,SRR33682307|A/Turkey_Vulture/IN/25-014056-001-original/2025|H5N1|USA-IN|Unknown|2025-04-11|wild_avian|D1.1,Mississippi,Mississippi
890,334,0.553921692399681,-101.478118699748,38.512434687194,-96.1658133690808,45.7102941344511,0.746281200705391,0.19235950830571,2024.72553036239,2025.27945205479,SRR33682331|A/Cougar/CA/25-014656-002-original/2025|H5N1|USA-CA|Unknown|2025-04-13|feline|D1.1,Pacific,Pacific
1345,1346,0.0816878117911497,-93.583846030549,36.9000566775789,-91.4408334311311,35.9191896982962,0.748524712476069,0.666836900684919,2025.20000775477,2025.28169556657,NA,Mississippi,Mississippi
923,924,0.0470348919321869,-88.7566269369441,38.2588583452583,-87.4478632213191,37.1038828783025,0.750503553193214,0.703468661261027,2025.23663951535,2025.28367440728,NA,Atlantic,Atlantic
976,977,0.0612196757092067,-114.658483196714,48.0769055714094,-114.858101641795,47.1680518032059,0.752964028783077,0.69174435307387,2025.22491520716,2025.28613488287,NA,Atlantic,Atlantic
1067,1068,0.0713643971375097,-119.714123313805,38.2062838743948,-119.557645050256,36.5547635770363,0.754598667557334,0.683234270419824,2025.21640512451,2025.28776952165,NA,Mississippi,Atlantic
1335,18,0.49391996402668,-84.7346562387523,40.1386485224268,-91.123315879514,43.109486599889,0.757240104815048,0.263320140788369,2024.79649099488,2025.2904109589,SRR34425893|A/red_fox/NJ/25-018509-001/2025|H5N1|USA-NJ|Mercer|2025-04-17|other_mammal|D1.1,Mississippi,Atlantic
1325,113,0.400123491823039,-74.9999212944591,42.1571565876246,-76.8873890703663,41.2547452436414,0.757240104815048,0.357116612992009,2024.89028746708,2025.2904109589,SRR34425892|A/red_fox/NJ/25-018509-002/2025|H5N1|USA-NJ|Mercer|2025-04-17|other_mammal|D1.1,Atlantic,Atlantic
936,937,0.0627630348468705,-92.8481679417657,40.9956823683171,-91.0727889098186,39.683919920017,0.759343352106534,0.696580317259663,2025.22975117135,2025.2925142062,NA,Atlantic,Atlantic
977,537,0.0070158020593285,-114.858101641795,47.1680518032059,-114.851170579605,47.1811613674158,0.759979830842406,0.752964028783077,2025.28613488287,2025.29315068493,SRR34270262|A/black_vulture/GA/25-017626-002/2025|H5N1|USA-GA|Monroe|2025-04-18|wild_avian|D1.1,Atlantic,Atlantic
1267,57,0.0616557331986261,-71.2849547475487,42.5916441046484,-75.0726251506477,42.512749547367,0.762719556869763,0.701063823671137,2025.23423467776,2025.29589041096,SRR34710269|A/Snowy_Owl/ME/25-019392-006-original/2025|H5N1|USA-ME|Unknown|2025-04-19|wild_avian|D1.1,Atlantic,Atlantic
1008,616,0.583802247701152,-103.606642106845,39.8946241089594,-103.217222304575,37.0408753102881,0.768199008924478,0.184396761223325,2024.71756761531,2025.30136986301,SRR33476770|A/Turkey_Vulture/WY/25-013045-001-original/2025|H5N1|USA-WY|Unknown|2025-04-21|wild_avian|D1.1,Central,Central
1348,25,0.577793937377813,-98.0928657981971,34.7573820725416,-109.673607166278,48.1167167008227,0.768199008924478,0.190405071546665,2024.72357592564,2025.30136986301,SRR33565201|A/canada_goose/NY/25-013428-001/2025|H5N1|USA-NY|Niagara|2025-04-21|wild_avian|D1.1,Mississippi,Atlantic
1327,125,0.408641032547565,-91.7919154067335,43.8111365658577,-88.176247557633,43.6416835296607,0.768199008924478,0.359557976376913,2024.89272883047,2025.30136986301,SRR33830326|A/red_tailed_hawk/NY/25-013427-001/2025|H5N1|USA-NY|Jefferson|2025-04-21|wild_avian|D1.1,Atlantic,Atlantic
884,405,0.21024589371509,-104.458885394291,37.6493673635801,-98.4377907223035,35.8494054298048,0.768199008924478,0.557953115209388,2025.0911239693,2025.30136986301,SRR33476668|A/chicken/MN/25-013149-001-original/2025|H5N1|USA-MN|Unknown|2025-04-21|domestic_avian|D1.1,Central,Mississippi
922,292,0.166416556455392,-90.1012127153772,40.1969391173492,-86.2234123791471,41.5516101776168,0.768199008924478,0.601782452469086,2025.13495330656,2025.30136986301,SRR33682355|A/black_vulture/NC/25-013413-001/2025|H5N1|USA-NC|Mecklenburg|2025-04-21|wild_avian|D1.1,Mississippi,Atlantic
937,938,0.0127470171257726,-91.0727889098186,39.683919920017,-92.296826901494,39.6095617182733,0.772090369232306,0.759343352106534,2025.2925142062,2025.30526122332,NA,Atlantic,Atlantic
1344,13,0.0869587264677495,-82.5054331542026,38.3328694406831,-84.1355785648419,39.4829509566933,0.77367846097942,0.68671973451167,2025.2198905886,2025.30684931507,SRR33764586|A/Great_Horned_Owl/CT/25-013382-001-original-repeat2/2025|H5N1|USA-CT|Unknown|2025-04-23|wild_avian|D1.1,Atlantic,Atlantic
700,581,0.0473621903366396,-105.300344254798,42.1037096461778,-105.262418062716,41.694391552241,0.77367846097942,0.72631627064278,2025.25948712473,2025.30684931507,SRR33764593|A/cattle/AZ/25-013772-001-original-repeat2/2025|H5N1|USA-AZ|Unknown|2025-04-23|cattle|D1.1,Pacific,Pacific
1244,41,0.512808188476922,-114.846458963194,45.0007225602264,-118.640902395702,46.4439498750747,0.776418187006777,0.263609998529855,2024.79678085262,2025.3095890411,SRR33764590|A/bald_eagle/MI/25-013929-001/2025|H5N1|USA-MI|Manistee|2025-04-24|wild_avian|D1.1,Mississippi,Mississippi
958,601,0.0766419469546866,-91.9565656817475,45.5088040590655,-90.7241902036667,44.672801847251,0.776418187006777,0.699776240052091,2025.23294709414,2025.3095890411,SRR33682312|A/Sand_Crane/WA/25-014081-001-original/2025|H5N1|USA-WA|Unknown|2025-04-24|wild_avian|D1.1,Pacific,Pacific
1354,28,0.41453080156381,-104.932452954864,34.8122524615292,-104.763742117315,35.7354425380636,0.779157913034135,0.364627111470325,2024.89779796556,2025.31232876712,SRR33682328|A/Great_Horned_Owl/ID/25-014531-001-original/2025|H5N1|USA-ID|Unknown|2025-04-25|wild_avian|D1.1,Pacific,Pacific
1037,627,0.355370538699786,-89.3236465333674,32.9820834765646,-85.878125080338,37.2433819543374,0.779157913034135,0.423787374334348,2024.95695822842,2025.31232876712,SRR33682316|A/Red-tailed_Hawk/ID/25-014530-001-original/2025|H5N1|USA-ID|Unknown|2025-04-25|wild_avian|D1.1,Pacific,Pacific
938,304,0.0152867218841277,-92.296826901494,39.6095617182733,-91.3511334532231,37.9450778562206,0.787377091116434,0.772090369232306,2025.30526122332,2025.32054794521,SRR33830330|A/black_vulture/PA/25-015563-001/2025|H5N1|USA-PA|Chester|2025-04-28|wild_avian|D1.1,Atlantic,Atlantic
704,585,0.590005328480966,-103.187102161593,28.9882747094517,-104.520950160752,31.9026821778944,0.792856543171149,0.202851214690183,2024.73602206878,2025.32602739726,SRR33682297|A/Turkey_Vulture/UT/25-014690-001-original/2025|H5N1|USA-UT|Unknown|2025-04-30|wild_avian|D1.1,Pacific,Pacific
1345,14,0.12601964248623,-93.583846030549,36.9000566775789,-91.8179174889024,35.3313874803286,0.792856543171149,0.666836900684919,2025.20000775477,2025.32602739726,SRR33564631|A/chicken/IN/25-014151-001-original/2025|H5N1|USA-IN|Unknown|2025-04-30|domestic_avian|D1.1,Mississippi,Mississippi
1346,16,0.0443318306950802,-91.4408334311311,35.9191896982962,-93.2523319565684,34.222938973361,0.792856543171149,0.748524712476069,2025.28169556657,2025.32602739726,SRR33564627|A/Guineafowl/IL/25-014146-002-original/2025|H5N1|USA-IL|Unknown|2025-04-30|domestic_avian|D1.1,Mississippi,Mississippi
1272,1273,0.203145150097077,-77.4056210270714,38.9727726967298,-75.7197487027791,39.5082641105173,0.795479357022354,0.592334206925277,2025.12550506101,2025.32865021111,NA,Atlantic,Atlantic
883,404,0.192165481448288,-97.5312781938524,47.7694913742853,-96.7220381834096,43.7785209784492,0.795596269198506,0.603430787750218,2025.13660164184,2025.32876712329,SRR33682396|A/goose/ND/25-014293-001-original-repeat/2025|H5N1|USA-ND|Unknown|2025-05-01|domestic_avian|D1.1,Central,Central
718,412,0.125324933442142,-107.886334545303,40.9557713792377,-108.619643162866,41.0187242892439,0.798335995225864,0.673011061783721,2025.20618191587,2025.33150684932,SRR33830328|A/Great_Horned_Owl/MT/25-015870-001-original/2025|H5N1|USA-MT|Unknown|2025-05-02|wild_avian|D1.1,Pacific,Pacific
1294,90,0.431284327168858,-70.5726916295123,44.6471510753513,-72.6150180504806,43.6656034061909,0.806555173308163,0.375270846139305,2024.90844170023,2025.3397260274,SRR33764587|A/Fox/MA/25-015209-001-original/2025|H5N1|USA-MA|Unknown|2025-05-05|other_mammal|D1.1,Atlantic,Atlantic
818,409,0.502903014122204,-109.185203788172,33.781958429825,-107.221718661363,34.3589116020841,0.809294899335521,0.306391885213317,2024.8395627393,2025.34246575342,SRR33764588|A/cat/SD/25-015467-001-original/2025|H5N1|USA-SD|Unknown|2025-05-06|feline|D1.1,Central,Central
1273,62,0.0138155423131671,-75.7197487027791,39.5082641105173,-76.1718883552449,39.1798127336164,0.809294899335521,0.795479357022354,2025.32865021111,2025.34246575342,SRR33764507|A/chicken/MD/25-014921-001-original/2025|H5N1|USA-MD|Unknown|2025-05-06|domestic_avian|D1.1,Atlantic,Atlantic
1115,266,0.53163633365419,-101.332768783393,43.3933906968016,-90.2344642464978,43.7159883680869,0.812034625362878,0.280398291708688,2024.8135691458,2025.34520547945,SRR33764581|A/Turkey_Vulture/IA/25-014877-002-original/2025|H5N1|USA-IA|Unknown|2025-05-07|wild_avian|D1.1,Central,Mississippi
1234,235,0.395609069507616,-89.1223879950515,41.7681298671692,-89.1636719320334,40.7714661176294,0.812034625362878,0.416425555855262,2024.94959640994,2025.34520547945,SRR33764582|A/Turkey_Vulture/IA/25-014877-001-original/2025|H5N1|USA-IA|Unknown|2025-05-07|wild_avian|D1.1,Mississippi,Mississippi
700,701,0.0878295567955558,-105.300344254798,42.1037096461778,-105.171617160151,43.6386716341016,0.814145827438336,0.72631627064278,2025.25948712473,2025.34731668153,NA,Pacific,Pacific
1344,12,0.130794342905923,-82.5054331542026,38.3328694406831,-83.2598797153484,39.1631551277919,0.817514077417593,0.68671973451167,2025.2198905886,2025.35068493151,SRR33682397|A/Duck/NJ/25-015044-006-original/2025|H5N1|USA-NJ|Unknown|2025-05-09|domestic_avian|D1.1,Atlantic,Atlantic
717,719,0.354388467389918,-108.585585920094,31.4387006880111,-115.86225715151,36.786149821052,0.818824916192946,0.464436448803028,2024.99760730289,2025.35199577028,NA,Central,Pacific
976,533,0.128509450371307,-114.658483196714,48.0769055714094,-114.257444620821,46.5972750881743,0.820253803445178,0.69174435307387,2025.22491520716,2025.35342465753,SRR33943918|A/Muscovy_Duck/GA/25-016493-001-original/2025|H5N1|USA-GA|Unknown|2025-05-10|wild_avian|D1.1,Atlantic,Atlantic
822,823,0.171541855678769,-105.951614689735,36.163499107729,-106.824939550086,34.2128546517179,0.824089292051831,0.652547436373062,2025.18571829046,2025.35726014614,NA,Central,Central
938,306,0.0618620643496581,-92.296826901494,39.6095617182733,-92.3430935797875,39.7236678717899,0.833952433581965,0.772090369232306,2025.30526122332,2025.36712328767,SRR33993064|A/Black_Vulture/PA/25-017251-001-original/2025|H5N1|USA-PA|Unknown|2025-05-15|wild_avian|D1.1,Atlantic,Atlantic
1299,87,0.158077466772697,-71.1026931538065,42.060602870644,-71.466761099821,42.3468782001037,0.836692159609549,0.678614692836852,2025.21178554693,2025.3698630137,SRR34710290|A/Great_Black-Backed_Gull/MA/25-019390-021-original/2025|H5N1|USA-MA|Unknown|2025-05-16|wild_avian|D1.1,Atlantic,Atlantic
1112,1113,0.482946715508001,-93.8637873617464,34.4379041871406,-89.7636994639724,35.6884549830883,0.841439237608305,0.358492522100304,2024.89166337619,2025.3746100917,NA,Central,Mississippi
701,702,0.0312751684504406,-105.171617160151,43.6386716341016,-106.311627081771,42.07283706313,0.845420995888777,0.814145827438336,2025.34731668153,2025.37859184998,NA,Pacific,Pacific
924,299,0.0971475105257649,-87.4478632213191,37.1038828783025,-87.8087957643665,39.0665356527025,0.847651063718979,0.750503553193214,2025.28367440728,2025.38082191781,SRR33943915|A/black_vulture/SC/25-016638-003/2025|H5N1|USA-SC|Chester|2025-05-20|wild_avian|D1.1,Atlantic,Atlantic
1220,1231,0.000383655410741368,-74.5671744980622,43.9080813505114,-74.6181488442596,43.8633242105751,0.851784631661923,0.851400976251182,2025.38457183034,2025.38495548575,NA,Atlantic,Atlantic
719,727,0.0329771832255743,-115.86225715151,36.786149821052,-109.514148054056,37.4175215259685,0.851802099418521,0.818824916192946,2025.35199577028,2025.38497295351,NA,Pacific,Central
701,582,0.038984688335585,-105.171617160151,43.6386716341016,-106.16247388515,43.3897279249521,0.853130515773921,0.814145827438336,2025.34731668153,2025.38630136986,SRR33830342|A/chicken/AZ/25-016339-007-original/2025|H5N1|USA-AZ|Unknown|2025-05-22|domestic_avian|D1.1,Pacific,Pacific
1220,1221,0.00183155147777359,-74.5671744980622,43.9080813505114,-75.5092263226792,41.4232831222429,0.853232527728956,0.851400976251182,2025.38457183034,2025.38640338182,NA,Atlantic,Atlantic
1068,651,0.101271574243945,-119.557645050256,36.5547635770363,-115.077245509757,36.2467960306345,0.855870241801278,0.754598667557334,2025.28776952165,2025.38904109589,SRR34710267|A/Black_Vulture/VA/25-019364-001-original/2025|H5N1|USA-VA|Unknown|2025-05-23|wild_avian|D1.1,Atlantic,Atlantic
727,730,0.010913919216863,-109.514148054056,37.4175215259685,-109.214114192633,37.4820043101166,0.862716018635384,0.851802099418521,2025.38497295351,2025.39588687272,NA,Central,Central
1190,169,0.595326000156406,-78.7548065192835,36.9503853491245,-85.804835844611,40.8933210707887,0.866829145910935,0.271503145754529,2024.80467399984,2025.4,SRR33993059|A/Turkey_Vulture/NY/25-016857-001-original/2025|H5N1|USA-NY|Unknown|2025-05-27|wild_avian|D1.1,Atlantic,Atlantic
1153,1154,0.186875439786005,-92.4772640295873,33.0819504506179,-94.5395895968292,31.8825518499108,0.871030449407362,0.684155009621358,2025.21732586371,2025.4042013035,NA,Mississippi,Mississippi
891,518,0.666021789889839,-101.292963715862,38.1308791396596,-106.608421404569,34.2692155948588,0.87230859796565,0.206286808075811,2024.73945766217,2025.40547945205,SRR33993061|A/Red_Fox/CO/25-017245-001-original/2025|H5N1|USA-CO|Unknown|2025-05-29|other_mammal|D1.1,Pacific,Pacific
1247,33,0.458032243471424,-111.453360737234,48.6363839360705,-112.949686543247,48.2416985229391,0.87230859796565,0.414276354494226,2024.94744720858,2025.40547945205,SRR33993066|A/bald_eagle/MI/25-017061-001/2025|H5N1|USA-MI|Osceola|2025-05-29|wild_avian|D1.1,Mississippi,Mississippi
1187,176,0.328203814438222,-88.3323556566666,38.8157869884859,-87.9368810579106,39.4994224947218,0.87230859796565,0.544104783527429,2025.07727563762,2025.40547945205,SRR33993065|A/bald_eagle/MI/25-017061-002/2025|H5N1|USA-MI|Mason|2025-05-29|wild_avian|D1.1,Mississippi,Mississippi
719,720,0.0655910083087792,-115.86225715151,36.786149821052,-116.828915560448,36.1844386199705,0.884415924501726,0.818824916192946,2025.35199577028,2025.41758677859,NA,Pacific,Pacific
1066,1072,0.214666896963327,-119.623961598214,38.4823228889432,-118.688650113896,36.606805717565,0.885638863937761,0.670971966974433,2025.20414282106,2025.41880971803,NA,Mississippi,Atlantic
939,308,0.188342878637406,-91.4644924041886,41.2884239113174,-93.1941426576088,41.2125019514966,0.886007228102665,0.697664349465259,2025.23083520355,2025.41917808219,SRR34270259|A/black_vulture/PA/25-017748-001/2025|H5N1|USA-PA|Lehigh|2025-06-03|wild_avian|D1.1,Atlantic,Atlantic
937,305,0.126663875996131,-91.0727889098186,39.683919920017,-94.4838740977271,39.5657386761946,0.886007228102665,0.759343352106534,2025.2925142062,2025.41917808219,SRR34270258|A/black_vulture/PA/25-017748-002/2025|H5N1|USA-PA|Lehigh|2025-06-03|wild_avian|D1.1,Atlantic,Atlantic
1187,177,0.347381896629951,-88.3323556566666,38.8157869884859,-87.845668115356,39.3268483273412,0.891486680157379,0.544104783527429,2025.07727563762,2025.42465753425,SRR34425901|A/caspian_tern/WI/25-018001-001/2025|H5N1|USA-WI|Door|2025-06-05|wild_avian|D1.1,Mississippi,Mississippi
702,583,0.0460656842686026,-106.311627081771,42.07283706313,-104.106031611735,42.9639930804755,0.891486680157379,0.845420995888777,2025.37859184998,2025.42465753425,SRR34270136|A/chicken/AZ/25-017630-002-original/2025|H5N1|USA-AZ|Unknown|2025-06-05|domestic_avian|D1.1,Pacific,Pacific
823,824,0.0681601137269932,-106.824939550086,34.2128546517179,-100.445480545565,34.1385857889049,0.892249405778824,0.824089292051831,2025.35726014614,2025.42542025987,NA,Central,Central
980,532,0.473446334438019,-117.361805655055,46.8318395597453,-114.502675670497,43.9793936107322,0.894226406184737,0.420780071746717,2024.95395092584,2025.42739726027,SRR34270261|A/turkey_vulture/NC/25-017667-001/2025|H5N1|USA-NC|Durham|2025-06-06|wild_avian|D1.1,Atlantic,Atlantic
730,772,0.0365774076711399,-109.214114192633,37.4820043101166,-109.225900600585,37.4354170943893,0.899293426306524,0.862716018635384,2025.39588687272,2025.4324642804,NA,Central,Central
772,777,0.00239092194094082,-109.225900600585,37.4354170943893,-107.215164024755,35.0278836743344,0.901684348247464,0.899293426306524,2025.4324642804,2025.43485520234,NA,Central,Pacific
824,850,0.0115881527344696,-100.445480545565,34.1385857889049,-104.603867579236,31.9015203387005,0.903837558513294,0.892249405778824,2025.42542025987,2025.4370084126,NA,Central,Central
777,778,0.00320099614604508,-107.215164024755,35.0278836743344,-107.042706421065,35.4058538605573,0.90488534439351,0.901684348247464,2025.43485520234,2025.43805619848,NA,Pacific,Pacific
1346,15,0.159400323845682,-91.4408334311311,35.9191896982962,-90.6589179595343,36.3503158759973,0.907925036321751,0.748524712476069,2025.28169556657,2025.44109589041,SRR34425894|A/Peregrine_falcon/IL/25-018249-001/2025|H5N1|USA-IL|DuPage|2025-06-11|wild_avian|D1.1,Mississippi,Mississippi
730,731,0.0468031318139625,-109.214114192633,37.4820043101166,-107.858917279562,36.8903361791432,0.909519150449346,0.862716018635384,2025.39588687272,2025.44269000454,NA,Central,Central
778,792,0.00907180037604893,-107.042706421065,35.4058538605573,-108.307731014469,34.9848971822738,0.913957144769558,0.90488534439351,2025.43805619848,2025.44712799886,NA,Pacific,Pacific
850,851,0.0110317656890078,-104.603867579236,31.9015203387005,-101.483834628678,31.0922647587758,0.914869324202301,0.903837558513294,2025.4370084126,2025.44804017829,NA,Central,Central
778,779,0.0141626150719784,-107.042706421065,35.4058538605573,-106.985967072622,33.5298291607608,0.919047959465488,0.90488534439351,2025.43805619848,2025.45221881355,NA,Pacific,Pacific
792,795,0.0110856219975231,-108.307731014469,34.9848971822738,-108.644490805897,34.9186954779893,0.925042766767082,0.913957144769558,2025.44712799886,2025.45821362086,NA,Pacific,Pacific
851,863,0.0257761501960172,-101.483834628678,31.0922647587758,-100.014542626946,33.2003578244054,0.940645474398319,0.914869324202301,2025.44804017829,2025.47381632849,NA,Central,Central
1221,203,0.087569220921539,-75.5092263226792,41.4232831222429,-79.7703283533628,41.8129761859597,0.940801748650494,0.853232527728956,2025.38640338182,2025.47397260274,SRR34542593|A/Caspian_Tern/NY/25-019019-002-original/2025|H5N1|USA-NY|Unknown|2025-06-23|wild_avian|D1.1,Atlantic,Atlantic
1343,11,0.291648651236024,-82.4986532380222,39.946335184773,-81.6390983979734,41.4157730044262,0.946281200705437,0.654632549469413,2025.18780340356,2025.47945205479,SRR34542590|A/Domestic_Cat/NJ/25-019482-001-original/2025|H5N1|USA-NJ|Unknown|2025-06-25|feline|D1.1,Atlantic,Atlantic
731,738,0.0372461397513129,-107.858917279562,36.8903361791432,-106.811362025903,35.4580019209685,0.946765290200659,0.909519150449346,2025.44269000454,2025.47993614429,NA,Central,Pacific
824,825,0.0567627445785793,-100.445480545565,34.1385857889049,-100.954281722284,32.6401073368233,0.949012150357403,0.892249405778824,2025.42542025987,2025.48218300445,NA,Central,Central
779,780,0.030329918325659,-106.985967072622,33.5298291607608,-101.270949057836,32.895041516512,0.949377877791147,0.919047959465488,2025.45221881355,2025.48254873188,NA,Pacific,Central
994,995,0.746223814495435,-111.236049113439,37.2846621879447,-100.965878425336,34.3026186422268,0.950075153615468,0.203851339120034,2024.73702219321,2025.4832460077,NA,Central,Central
720,721,0.0682857318342452,-116.828915560448,36.1844386199705,-118.280402972444,35.1590021475123,0.952701656335971,0.884415924501726,2025.41758677859,2025.48587251043,NA,Pacific,Pacific
721,722,0.000678567829823673,-118.280402972444,35.1590021475123,-118.497464619866,34.800431670742,0.953380224165794,0.952701656335971,2025.48587251043,2025.48655107825,NA,Pacific,Pacific
780,781,0.00603542822615732,-101.270949057836,32.895041516512,-101.171192063291,32.9169664413239,0.955413306017304,0.949377877791147,2025.48254873188,2025.48858416011,NA,Central,Central
727,728,0.103763764094128,-109.514148054056,37.4175215259685,-94.3759928178818,44.1361099545411,0.955565863512649,0.851802099418521,2025.38497295351,2025.4887367176,NA,Central,Mississippi
777,812,0.0563729675366345,-107.215164024755,35.0278836743344,-107.032589976591,34.9898908033567,0.958057315784099,0.901684348247464,2025.43485520234,2025.49122816987,NA,Pacific,Pacific
1154,1155,0.0896313484072404,-94.5395895968292,31.8825518499108,-96.8446276551053,31.5188368800412,0.960661797814603,0.871030449407362,2025.4042013035,2025.4938326519,NA,Mississippi,Mississippi
863,864,0.0202969332991267,-100.014542626946,33.2003578244054,-96.9237761391261,30.5541636467542,0.960942407697445,0.940645474398319,2025.47381632849,2025.49411326179,NA,Central,Mississippi
738,739,0.0153267292142342,-106.811362025903,35.4580019209685,-106.093793227648,35.7879808790911,0.962092019414893,0.946765290200659,2025.47993614429,2025.4952628735,NA,Pacific,Pacific
934,309,0.271938025967368,-92.0198956361507,41.1623991552206,-93.2114432208534,39.860937777017,0.962719556869808,0.69078153090244,2025.22395238499,2025.49589041096,SRR34542496|A/Mallard_Duck/PA/25-019408-006-original/2025|H5N1|USA-PA|Unknown|2025-07-01|wild_avian|D1.1,Atlantic,Atlantic
792,793,0.0493401157953649,-108.307731014469,34.9848971822738,-107.612903728595,39.3300009940889,0.963297260564923,0.913957144769558,2025.44712799886,2025.49646811465,NA,Pacific,Central
851,852,0.0499014098195136,-101.483834628678,31.0922647587758,-100.525551430637,29.4570973511081,0.964770734021815,0.914869324202301,2025.44804017829,2025.49794158811,NA,Central,Central
825,826,0.0160842805611139,-100.954281722284,32.6401073368233,-100.913292640118,32.5811199412309,0.965096430918517,0.949012150357403,2025.48218300445,2025.49826728501,NA,Central,Central
1231,192,0.113674651235242,-74.6181488442596,43.8633242105751,-74.5781014404624,42.2563841270614,0.965459282897166,0.851784631661923,2025.38495548575,2025.49863013699,SRR34784272|A/caspian_tern/NY/25-019811-002/2025|H5N1|USA-NY|Jefferson|2025-07-02|wild_avian|D1.1,Atlantic,Atlantic
1231,191,0.113674651235242,-74.6181488442596,43.8633242105751,-75.9425594458768,43.3442919294387,0.965459282897166,0.851784631661923,2025.38495548575,2025.49863013699,SRR34784273|A/caspian_tern/NY/25-019811-001/2025|H5N1|USA-NY|Jefferson|2025-07-02|wild_avian|D1.1,Atlantic,Atlantic
728,729,0.0136368046688935,-94.3759928178818,44.1361099545411,-94.1332573664084,44.8428059512059,0.969202668181543,0.955565863512649,2025.4887367176,2025.50237352227,NA,Mississippi,Mississippi
721,726,0.0241737316931029,-118.280402972444,35.1590021475123,-117.536604079744,35.6757197169476,0.976875388029074,0.952701656335971,2025.48587251043,2025.51004624212,NA,Pacific,Pacific
795,801,0.052926994271552,-108.644490805897,34.9186954779893,-108.22139657128,34.2155241357765,0.977969761038634,0.925042766767082,2025.45821362086,2025.51114061513,NA,Pacific,Pacific
826,829,0.0188101207320929,-100.913292640118,32.5811199412309,-102.02655397027,35.0734147660829,0.98390655165061,0.965096430918517,2025.49826728501,2025.51707740574,NA,Central,Central
801,805,0.00603672746902184,-108.22139657128,34.2155241357765,-107.641900207825,34.6127673218932,0.984006488507655,0.977969761038634,2025.51114061513,2025.5171773426,NA,Pacific,Pacific
793,794,0.0212612204418445,-107.612903728595,39.3300009940889,-107.451361716666,37.9422584223824,0.984558481006768,0.963297260564923,2025.49646811465,2025.5177293351,NA,Central,Central
729,423,0.0154346969073522,-94.1332573664084,44.8428059512059,-91.9417814018773,36.302047950217,0.984637365088895,0.969202668181543,2025.50237352227,2025.51780821918,SRR36209098|A/Blue-winged_Teal/OH/25G02925-001-original/2025|H5N1|USA-OH|Unknown|2025-07-09|wild_avian|D1.1,Mississippi,Mississippi
805,806,0.00250272533300444,-107.641900207825,34.6127673218932,-107.848743038435,34.9768531120064,0.98650921384066,0.984006488507655,2025.5171773426,2025.51968006793,NA,Pacific,Pacific
829,834,0.00329809354756827,-102.02655397027,35.0734147660829,-100.049114344383,36.2202398345169,0.987204645198178,0.98390655165061,2025.51707740574,2025.52037549929,NA,Central,Central
1215,215,0.666316211603988,-87.1615661221026,33.9610902735542,-105.258351328455,36.1939404175294,0.987377091116252,0.321060879512264,2024.8542317336,2025.52054794521,SRR35151399|A/snow_goose/ND/25-020340-001/2025|H5N1|USA-ND|Ward|2025-07-10|wild_avian|D1.1,Mississippi,Central
722,723,0.0343209305091474,-118.497464619866,34.800431670742,-116.02398036972,35.7230291255392,0.987701154674942,0.953380224165794,2025.48655107825,2025.52087200876,NA,Pacific,Pacific
834,835,0.00343719144766241,-100.049114344383,36.2202398345169,-100.224414077434,36.1845386213239,0.990641836645841,0.987204645198178,2025.52037549929,2025.52381269073,NA,Central,Central
739,740,0.0303924799352424,-106.093793227648,35.7879808790911,-108.614370627598,37.1118040699318,0.992484499350136,0.962092019414893,2025.4952628735,2025.52565535344,NA,Pacific,Pacific
795,796,0.0679501547467083,-108.644490805897,34.9186954779893,-109.12647841143,34.5756662970347,0.99299292151379,0.925042766767082,2025.45821362086,2025.5261637756,NA,Pacific,Pacific
739,753,0.031410622337502,-106.093793227648,35.7879808790911,-106.136084048874,35.7436706666123,0.993502641752395,0.962092019414893,2025.4952628735,2025.52667349584,NA,Pacific,Pacific
753,754,0.000171331487171966,-106.136084048874,35.7436706666123,-106.157678728677,35.7393381446925,0.993673973239567,0.993502641752395,2025.52667349584,2025.52684482733,NA,Pacific,Pacific
1267,56,0.294532445527415,-71.2849547475487,42.5916441046484,-71.4917986207147,42.2863027564266,0.995596269198552,0.701063823671137,2025.23423467776,2025.52876712329,SRR35089323|A/Great_black-backed_gull/MA/25-021407-024-original/2025|H5N1|USA-MA|Unknown|2025-07-13|wild_avian|D1.1,Atlantic,Atlantic
852,858,0.03085626135147,-100.525551430637,29.4570973511081,-99.5669594448856,27.9988410807131,0.995626995373285,0.964770734021815,2025.49794158811,2025.52879784946,NA,Central,Central
1221,1222,0.142849649813021,-75.5092263226792,41.4232831222429,-76.4254657586551,37.6482626574507,0.996082177541977,0.853232527728956,2025.38640338182,2025.52925303163,NA,Atlantic,Atlantic
779,790,0.0781476201681219,-106.985967072622,33.5298291607608,-102.020582389181,38.6702481984376,0.99719557963361,0.919047959465488,2025.45221881355,2025.53036643372,NA,Pacific,Pacific
864,865,0.0379670579385423,-96.9237761391261,30.5541636467542,-96.587822808264,31.9719584451154,0.998909465635988,0.960942407697445,2025.49411326179,2025.53208031973,NA,Mississippi,Mississippi
1222,1224,0.00385126423914672,-76.4254657586551,37.6482626574507,-76.8189856123282,37.6642266196301,0.999933441781123,0.996082177541977,2025.52925303163,2025.53310429587,NA,Atlantic,Atlantic
753,758,0.00754838987256889,-106.136084048874,35.7436706666123,-106.539427088708,35.5653933826439,1.00105103162496,0.993502641752395,2025.52667349584,2025.53422188571,NA,Pacific,Pacific
758,759,0.00104627429016868,-106.539427088708,35.5653933826439,-106.550405698652,35.5801228477452,1.00209730591513,1.00105103162496,2025.53422188571,2025.53526816,NA,Pacific,Pacific
731,732,0.0928644755522147,-107.858917279562,36.8903361791432,-106.312170366883,33.2887444024241,1.00238362600156,0.909519150449346,2025.44269000454,2025.53555448009,NA,Central,Central
852,853,0.038369270455596,-100.525551430637,29.4570973511081,-97.5633515830486,29.6636211342359,1.00314000447741,0.964770734021815,2025.49794158811,2025.53631085857,NA,Central,Central
829,830,0.0197301618741915,-102.02655397027,35.0734147660829,-103.65441015208,35.8424469657213,1.0036367135248,0.98390655165061,2025.51707740574,2025.53680756761,NA,Central,Central
1273,63,0.20833609025827,-75.7197487027791,39.5082641105173,-83.8920060134833,42.6620142608173,1.00381544728062,0.795479357022354,2025.32865021111,2025.53698630137,SRR35151393|A/Common_Tern/ME/25-021406-008-original-repeat2/2025|H5N1|USA-ME|Unknown|2025-07-16|wild_avian|D1.1,Atlantic,Atlantic
853,856,0.000930783585750605,-97.5633515830486,29.6636211342359,-97.1791594558367,30.3121900374324,1.00407078806316,1.00314000447741,2025.53631085857,2025.53724164215,NA,Central,Central
1224,1226,0.00485691485635231,-76.8189856123282,37.6642266196301,-82.9523548177894,37.9365202180872,1.00479035663748,0.999933441781123,2025.53310429587,2025.53796121073,NA,Atlantic,Atlantic
806,807,0.0192085768105993,-107.848743038435,34.9768531120064,-107.383399408404,34.6491582660221,1.00571779065126,0.98650921384066,2025.51968006793,2025.53888864474,NA,Pacific,Central
941,942,0.044357913441586,-77.5805446269048,38.3581464976216,-76.5560094379443,37.8315849878729,1.00720307634416,0.96284516290257,2025.49601601699,2025.54037393043,NA,Atlantic,Atlantic
856,857,0.00316400688428442,-97.1791594558367,30.3121900374324,-96.9269599069807,30.5544385057641,1.00723479494745,1.00407078806316,2025.53724164215,2025.54040564904,NA,Central,Central
830,831,0.00806924493520245,-103.65441015208,35.8424469657213,-103.640165187582,35.8699820267397,1.01170595846,1.0036367135248,2025.53680756761,2025.54487681255,NA,Central,Central
853,854,0.009270969018214,-97.5633515830486,29.6636211342359,-93.6231140246819,31.8793282234276,1.01241097349563,1.00314000447741,2025.53631085857,2025.54558182758,NA,Central,Central
740,741,0.0231703658776028,-108.614370627598,37.1118040699318,-108.11891919085,35.2390377559251,1.01565486522774,0.992484499350136,2025.52565535344,2025.54882571932,NA,Pacific,Central
812,813,0.0588707312407403,-107.032589976591,34.9898908033567,-106.618135295575,36.3093087073075,1.01692804702484,0.958057315784099,2025.49122816987,2025.55009890111,NA,Pacific,Pacific
796,797,0.0247841755350777,-109.12647841143,34.5756662970347,-109.272355474306,33.9044500851651,1.01777709704887,0.99299292151379,2025.5261637756,2025.55094795114,NA,Pacific,Pacific
807,808,0.0122901233146411,-107.383399408404,34.6491582660221,-107.455664615052,35.9380061833249,1.0180079139659,1.00571779065126,2025.53888864474,2025.55117876806,NA,Central,Central
858,859,0.023891772428412,-99.5669594448856,27.9988410807131,-99.4847407976791,27.9010878871342,1.0195187678017,0.995626995373285,2025.52879784946,2025.55268962189,NA,Central,Central
835,836,0.0293786653090623,-100.224414077434,36.1845386213239,-91.7474180561111,41.9641071145367,1.0200205019549,0.990641836645841,2025.52381269073,2025.55319135604,NA,Central,Mississippi
702,584,0.174832807556219,-106.311627081771,42.07283706313,-105.655896064582,41.7402637063652,1.020253803445,0.845420995888777,2025.37859184998,2025.55342465753,SRR35150577|A/cattle/AZ/25-021143-001-original-repeat2/2025|H5N1|USA-AZ|Unknown|2025-07-22|cattle|D1.1,Pacific,Pacific
854,855,0.00853926023887253,-93.6231140246819,31.8793282234276,-93.3747123326734,31.3971670121933,1.0209502337345,1.01241097349563,2025.54558182758,2025.55412108782,NA,Central,Central
740,752,0.029035376557339,-108.614370627598,37.1118040699318,-108.852719456357,37.3253683026055,1.02151987590747,0.992484499350136,2025.52565535344,2025.55469073,NA,Pacific,Pacific
781,782,0.0686831824288381,-101.171192063291,32.9169664413239,-100.477923496194,33.4011591451901,1.02409648844614,0.955413306017304,2025.48858416011,2025.55726734254,NA,Central,Central
834,848,0.0405018254821312,-100.049114344383,36.2202398345169,-97.8157870399669,35.7631235697436,1.02770647068031,0.987204645198178,2025.52037549929,2025.56087732477,NA,Central,Central
924,925,0.277376388323169,-87.4478632213191,37.1038828783025,-85.2098353399549,37.9834570669767,1.02787994151638,0.750503553193214,2025.28367440728,2025.56105079561,NA,Atlantic,Atlantic
732,733,0.0260369105415235,-106.312170366883,33.2887444024241,-104.624608942737,33.652335165055,1.02842053654308,1.00238362600156,2025.53555448009,2025.56159139063,NA,Central,Central
723,725,0.0407264593878047,-116.02398036972,35.7230291255392,-115.459137507583,35.9257728668058,1.02842761406275,0.987701154674942,2025.52087200876,2025.56159846815,NA,Pacific,Pacific
836,837,0.00850397844295392,-91.7474180561111,41.9641071145367,-92.2135555765274,42.4515680125191,1.02852448039786,1.0200205019549,2025.55319135604,2025.56169533449,NA,Mississippi,Mississippi
826,827,0.0636679093594956,-100.913292640118,32.5811199412309,-105.677397124948,39.07107346699,1.02876434027801,0.965096430918517,2025.49826728501,2025.56193519437,NA,Central,Central
865,866,0.0301599646266129,-96.587822808264,31.9719584451154,-91.6150363351715,39.4199876680984,1.0290694302626,0.998909465635988,2025.53208031973,2025.56224028435,NA,Mississippi,Mississippi
866,867,0.000862479411747996,-91.6150363351715,39.4199876680984,-91.8497296976208,39.399427945141,1.02993190967435,1.0290694302626,2025.56224028435,2025.56310276376,NA,Mississippi,Mississippi
865,876,0.0317015911748151,-96.587822808264,31.9719584451154,-91.2816674928854,32.5883529729588,1.0306110568108,0.998909465635988,2025.53208031973,2025.5637819109,NA,Mississippi,Central
827,828,0.0026727675024345,-105.677397124948,39.07107346699,-106.112224904939,38.2847753199877,1.03143710778045,1.02876434027801,2025.56193519437,2025.56460796187,NA,Central,Central
806,810,0.0451274788125747,-107.848743038435,34.9768531120064,-112.816613451632,45.1956873248747,1.03163669265323,0.98650921384066,2025.51968006793,2025.56480754674,NA,Pacific,Central
759,760,0.0296004644847165,-106.550405698652,35.5801228477452,-101.962645848725,39.0537921483147,1.03169777039985,1.00209730591513,2025.53526816,2025.56486862449,NA,Pacific,Central
837,838,0.00343742121637414,-92.2135555765274,42.4515680125191,-92.6518311261112,41.5826990438697,1.03196190161423,1.02852448039786,2025.56169533449,2025.5651327557,NA,Mississippi,Mississippi
733,734,0.00472994715976882,-104.624608942737,33.652335165055,-105.003015212138,33.8749263887305,1.03315048370285,1.02842053654308,2025.56159139063,2025.56632133779,NA,Central,Central
838,841,0.00137004228508264,-92.6518311261112,41.5826990438697,-94.2015625940954,39.2001979869957,1.03333194389931,1.03196190161423,2025.5651327557,2025.56650279799,NA,Mississippi,Mississippi
841,842,2.36510071571772e-06,-94.2015625940954,39.2001979869957,-94.2051365644378,39.1859740433655,1.03333430900003,1.03333194389931,2025.56650279799,2025.56650516309,NA,Mississippi,Mississippi
867,868,0.00429772861899202,-91.8497296976208,39.399427945141,-91.9006265515474,39.3430950569234,1.03422963829334,1.02993190967435,2025.56310276376,2025.56740049238,NA,Mississippi,Mississippi
732,737,0.0318541964476591,-106.312170366883,33.2887444024241,-106.332333599028,33.4918222529777,1.03423782244922,1.00238362600156,2025.53555448009,2025.56740867654,NA,Central,Central
858,862,0.0397509923757093,-99.5669594448856,27.9988410807131,-99.5999751557047,28.006297115651,1.03537798774899,0.995626995373285,2025.52879784946,2025.56854884184,NA,Central,Central
866,874,0.00713739435358218,-91.6150363351715,39.4199876680984,-92.1244555745041,39.8940809558186,1.03620682461618,1.0290694302626,2025.56224028435,2025.56937767871,NA,Mississippi,Mississippi
927,928,0.0752181227672821,-78.1546313701237,34.7291005013968,-77.7618569034151,36.7967295224876,1.03626287947896,0.961044756711676,2025.4942156108,2025.56943373357,NA,Atlantic,Atlantic
1226,1227,0.0315595824894179,-82.9523548177894,37.9365202180872,-82.5840203831463,35.1249071535939,1.03634993912689,1.00479035663748,2025.53796121073,2025.56952079322,NA,Atlantic,Atlantic
782,783,0.0123264470482218,-100.477923496194,33.4011591451901,-100.72949270394,33.0542488098356,1.03642293549436,1.02409648844614,2025.55726734254,2025.56959378958,NA,Central,Central
943,944,0.0132624902223826,-78.2829464119541,40.7740396343876,-78.3594282693551,40.493021926305,1.03645694579145,1.02319445556907,2025.55636530966,2025.56962779988,NA,Atlantic,Atlantic
741,745,0.0226765746764348,-108.11891919085,35.2390377559251,-100.592966362329,41.223105288645,1.03833143990417,1.01565486522774,2025.54882571932,2025.57150229399,NA,Central,Central
759,763,0.0369548336595478,-106.550405698652,35.5801228477452,-106.740154546449,35.7546238783616,1.03905213957468,1.00209730591513,2025.53526816,2025.57222299366,NA,Pacific,Pacific
831,832,0.0280360678649805,-103.640165187582,35.8699820267397,-103.464172731491,35.6441541691869,1.03974202632498,1.01170595846,2025.54487681255,2025.57291288041,NA,Central,Central
745,746,0.00182036642859762,-100.592966362329,41.223105288645,-100.416794465485,41.0262618363557,1.04015180633277,1.03833143990417,2025.57150229399,2025.57332266042,NA,Central,Central
754,756,0.0468615537462931,-106.157678728677,35.7393381446925,-112.509633782546,33.1428228168814,1.04053552698586,0.993673973239567,2025.52684482733,2025.57370638107,NA,Pacific,Central
838,839,0.00941486602438468,-92.6518311261112,41.5826990438697,-94.2845982045514,39.7026766742824,1.04137676763862,1.03196190161423,2025.5651327557,2025.57454762173,NA,Mississippi,Mississippi
781,786,0.0867007210680721,-101.171192063291,32.9169664413239,-88.3848652619936,45.7620146135371,1.04211402708538,0.955413306017304,2025.48858416011,2025.57528488117,NA,Central,Mississippi
1227,1228,0.00580540297053211,-82.5840203831463,35.1249071535939,-82.5676318839801,35.1182238535959,1.04215534209743,1.03634993912689,2025.56952079322,2025.57532619619,NA,Atlantic,Atlantic
786,787,6.10033017527378e-05,-88.3848652619936,45.7620146135371,-88.2733333618478,46.0343238698818,1.04217503038713,1.04211402708538,2025.57528488117,2025.57534588448,NA,Mississippi,Mississippi
741,742,0.0266564144563601,-108.11891919085,35.2390377559251,-105.872066792603,48.2498642641314,1.0423112796841,1.01565486522774,2025.54882571932,2025.57548213377,NA,Central,Mississippi
742,743,4.16415425248395e-05,-105.872066792603,48.2498642641314,-105.650309130214,48.2727191661063,1.04235292122662,1.0423112796841,2025.57548213377,2025.57552377532,NA,Mississippi,Mississippi
837,845,0.0142573558519075,-92.2135555765274,42.4515680125191,-92.2747497521922,42.1207083564618,1.04278183624976,1.02852448039786,2025.56169533449,2025.57595269034,NA,Mississippi,Mississippi
746,747,0.00336186816293993,-100.416794465485,41.0262618363557,-100.659075333297,40.958112406102,1.04351367449571,1.04015180633277,2025.57332266042,2025.57668452858,NA,Central,Central
758,768,0.0456502598228132,-106.539427088708,35.5653933826439,-105.451226130603,39.9477537670647,1.04670129144778,1.00105103162496,2025.53422188571,2025.57987214554,NA,Pacific,Pacific
1154,1157,0.178270069866481,-94.5395895968292,31.8825518499108,-92.1353782149997,34.0583470418355,1.04930051927384,0.871030449407362,2025.4042013035,2025.58247137336,NA,Mississippi,Mississippi
768,769,0.00565735358363972,-105.451226130603,39.9477537670647,-105.658885780357,40.046679945487,1.05235864503142,1.04670129144778,2025.57987214554,2025.58552949912,NA,Pacific,Pacific
743,744,0.0102219290139907,-105.650309130214,48.2727191661063,-104.070410477592,46.016264874865,1.05257485024061,1.04235292122662,2025.57552377532,2025.58574570433,NA,Mississippi,Central
1228,1229,0.0114050059090827,-82.5676318839801,35.1182238535959,-83.0832330787807,34.7224537855053,1.05356034800651,1.04215534209743,2025.57532619619,2025.5867312021,NA,Atlantic,Atlantic
868,869,0.0197741456664431,-91.9006265515474,39.3430950569234,-92.2074422128913,40.2253702144444,1.05400378395978,1.03422963829334,2025.56740049238,2025.58717463805,NA,Mississippi,Mississippi
801,802,0.0767046466484336,-108.22139657128,34.2155241357765,-98.9412760546817,38.8798469831996,1.05467440768707,0.977969761038634,2025.51114061513,2025.58784526178,NA,Pacific,Central
1157,1158,0.00569015716504073,-92.1353782149997,34.0583470418355,-91.4729310270789,33.8451183638767,1.05499067643888,1.04930051927384,2025.58247137336,2025.58816153053,NA,Mississippi,Mississippi
783,785,0.0199126580588063,-100.72949270394,33.0542488098356,-101.753347119004,36.4469816816844,1.05633559355317,1.03642293549436,2025.56959378958,2025.58950644764,NA,Central,Central
802,803,0.00198834362658484,-98.9412760546817,38.8798469831996,-99.0172779267954,38.9553158420891,1.05666275131365,1.05467440768707,2025.58784526178,2025.5898336054,NA,Central,Central
734,735,0.0240060083624922,-105.003015212138,33.8749263887305,-107.724599510366,41.9297871075,1.05715649206535,1.03315048370285,2025.56632133779,2025.59032734615,NA,Central,Pacific
754,755,0.0638588945615981,-106.157678728677,35.7393381446925,-106.860816119989,36.0251759965529,1.05753286780117,0.993673973239567,2025.52684482733,2025.59070372189,NA,Pacific,Pacific
867,871,0.0276272705907299,-91.8497296976208,39.399427945141,-92.8251978572603,37.9591951525717,1.05755918026508,1.02993190967435,2025.56310276376,2025.59073003435,NA,Mississippi,Mississippi
871,873,0.000220560222768729,-92.8251978572603,37.9591951525717,-93.2178829355885,37.5963933461569,1.05777974048785,1.05755918026508,2025.59073003435,2025.59095059458,NA,Mississippi,Mississippi
735,736,0.000868775876398553,-107.724599510366,41.9297871075,-107.703535852237,41.933798017084,1.05802526794174,1.05715649206535,2025.59032734615,2025.59119612203,NA,Pacific,Pacific
787,788,0.0169847825884903,-88.2733333618478,46.0343238698818,-88.338622627792,40.491299090462,1.05915981297562,1.04217503038713,2025.57534588448,2025.59233066706,NA,Mississippi,Atlantic
1224,1225,0.0596223342276111,-76.8189856123282,37.6642266196301,-76.6929174035983,37.700938724968,1.05955577600873,0.999933441781123,2025.53310429587,2025.5927266301,NA,Atlantic,Atlantic
839,840,0.0192477500812662,-94.2845982045514,39.7026766742824,-99.9762392824252,39.3868744966918,1.06062451771988,1.04137676763862,2025.57454762173,2025.59379537181,NA,Mississippi,Mississippi
763,764,0.0216664547317618,-106.740154546449,35.7546238783616,-109.791708232286,31.9377568323079,1.06071859430644,1.03905213957468,2025.57222299366,2025.5938894484,NA,Pacific,Pacific
783,784,0.024584445607843,-100.72949270394,33.0542488098356,-91.0574135582564,31.8716830508188,1.06100738110221,1.03642293549436,2025.56959378958,2025.59417823519,NA,Central,Mississippi
746,750,0.02232608966375,-100.416794465485,41.0262618363557,-100.802392711565,40.7440380241262,1.06247789599652,1.04015180633277,2025.57332266042,2025.59564875009,NA,Central,Central
813,814,0.0478985237753708,-106.618135295575,36.3093087073075,-107.376532916262,38.3760199839945,1.06482657080021,1.01692804702484,2025.55009890111,2025.59799742489,NA,Pacific,Pacific
803,804,0.00890298099739351,-99.0172779267954,38.9553158420891,-100.221613274049,37.4802592981205,1.06556573231105,1.05666275131365,2025.5898336054,2025.5987365864,NA,Central,Central
842,843,0.0325854222709645,-94.2051365644378,39.1859740433655,-93.59647273488,40.8668026870449,1.06591973127099,1.03333430900003,2025.56650516309,2025.59909058536,NA,Mississippi,Mississippi
845,846,0.0232742286104834,-92.2747497521922,42.1207083564618,-92.0402033958553,40.3867982053899,1.06605606486025,1.04278183624976,2025.57595269034,2025.59922691895,NA,Mississippi,Mississippi
944,945,0.030118416443641,-78.3594282693551,40.493021926305,-78.7264810079647,40.5720821064601,1.06657536223509,1.03645694579145,2025.56962779988,2025.59974621632,NA,Atlantic,Atlantic
810,811,0.0351426703065196,-112.816613451632,45.1956873248747,-112.812783717018,45.2084668591915,1.06677936295975,1.03163669265323,2025.56480754674,2025.59995021705,NA,Central,Central
843,844,0.000998646383324697,-93.59647273488,40.8668026870449,-93.5446754583093,40.9137109961385,1.06691837765432,1.06591973127099,2025.59909058536,2025.60008923174,NA,Mississippi,Mississippi
848,849,0.0394852648583859,-97.8157870399669,35.7631235697436,-97.0409949318972,34.2641463110591,1.0671917355387,1.02770647068031,2025.56087732477,2025.60036258963,NA,Central,Central
945,946,0.00598558467079502,-78.7264810079647,40.5720821064601,-77.1930027275732,36.9903027849832,1.07256094690589,1.06657536223509,2025.59974621632,2025.605731801,NA,Atlantic,Atlantic
942,310,0.0733246997036114,-76.5560094379443,37.8315849878729,-77.9203176158615,37.6151185860305,1.08052777604777,1.00720307634416,2025.54037393043,2025.61369863014,SRR35319489|A/Black_Vulture/PA/25-023113-001-original/2025|H5N1|USA-PA|Unknown|2025-08-13|wild_avian|D1.1,Atlantic,Atlantic
859,860,0.0634731582322106,-99.4847407976791,27.9010878871342,-101.530818573475,31.8349279439356,1.08299192603391,1.0195187678017,2025.55268962189,2025.61616278012,NA,Central,Mississippi
772,773,0.1839421090615,-109.225900600585,37.4354170943893,-81.3666415035816,28.8070259514988,1.08323553536802,0.899293426306524,2025.4324642804,2025.61640638946,NA,Central,Atlantic
1239,6,0.828237441761241,-103.680402104384,35.272923878853,-102.082347416884,34.7423531384351,1.08326750207513,0.255030060313884,2024.7882009144,2025.61643835616,SRR35949988|A/duck_mallard/ID/25-023507-024/2025|H5N1|USA-ID|Cassia|2025-08-14|wild_avian|D1.1,Pacific,Pacific
928,294,0.0470046225961669,-77.7618569034151,36.7967295224876,-78.8412897941303,35.7095723461202,1.08326750207513,1.03626287947896,2025.56943373357,2025.61643835616,SRR35949967|A/Black_Vulture/NC/25-023724-001-original/2025|H5N1|USA-NC|Unknown|2025-08-14|wild_avian|D1.1,Atlantic,Atlantic
773,774,0.00991662109169722,-81.3666415035816,28.8070259514988,-80.8100950623977,27.5146597074548,1.09315215645972,1.08323553536802,2025.61640638946,2025.62632301055,NA,Atlantic,Atlantic
945,314,0.0303907699770478,-78.7264810079647,40.5720821064601,-76.719564533765,43.2445651057012,1.09696613221214,1.06657536223509,2025.59974621632,2025.6301369863,SRR35949975|A/Black_Vulture/NJ/25-023587-003-original/2025|H5N1|USA-NJ|Unknown|2025-08-19|wild_avian|D1.1,Atlantic,Atlantic
946,313,0.0244051853062528,-77.1930027275732,36.9903027849832,-77.642989421306,36.7331892692886,1.09696613221214,1.07256094690589,2025.605731801,2025.6301369863,SRR35950028|A/Black_Vulture/NJ/25-023587-001-original/2025|H5N1|USA-NJ|Unknown|2025-08-19|wild_avian|D1.1,Atlantic,Atlantic
808,809,0.0794001401879194,-107.455664615052,35.9380061833249,-104.006881006995,39.6969307200482,1.09740805415382,1.0180079139659,2025.55117876806,2025.63057890824,NA,Central,Central
747,748,0.0544384243079843,-100.659075333297,40.958112406102,-95.0694678712542,42.1113652038091,1.0979520988037,1.04351367449571,2025.57668452858,2025.63112295289,NA,Central,Mississippi
1228,194,0.0602902421696561,-82.5676318839801,35.1182238535959,-82.4211807053361,35.2769729033503,1.10244558426708,1.04215534209743,2025.57532619619,2025.63561643836,SRR35318191|A/chicken/NY/25-023583-002-original/2025|H5N1|USA-NY|Unknown|2025-08-21|domestic_avian|D1.1,Atlantic,Atlantic
835,847,0.114784271154388,-100.224414077434,36.1845386213239,-103.763148040857,34.6632457347657,1.10542610780023,0.990641836645841,2025.52381269073,2025.63859696189,NA,Central,Pacific
832,833,0.0693798529572047,-103.464172731491,35.6441541691869,-101.437857863271,39.1185056012578,1.10912187928219,1.03974202632498,2025.57291288041,2025.64229273337,NA,Central,Mississippi
1227,1230,0.0747643769587671,-82.5840203831463,35.1249071535939,-80.7187426080168,35.8068254286679,1.11111431608566,1.03634993912689,2025.56952079322,2025.64428517017,NA,Atlantic,Atlantic
871,872,0.0556352922811669,-92.8251978572603,37.9591951525717,-95.8346948245583,39.3555473490206,1.11319447254625,1.05755918026508,2025.59073003435,2025.64636532664,NA,Mississippi,Atlantic
788,789,0.0548288777445594,-88.338622627792,40.491299090462,-88.2928600690395,42.668297985549,1.11398869072018,1.05915981297562,2025.59233066706,2025.64715954481,NA,Atlantic,Atlantic
747,749,0.0721982099279028,-100.659075333297,40.958112406102,-100.630865498413,41.025741846171,1.11571188442361,1.04351367449571,2025.57668452858,2025.64888273851,NA,Central,Central
845,356,0.0733623781543318,-92.2747497521922,42.1207083564618,-94.4252771406861,44.7598583136133,1.1161442144041,1.04278183624976,2025.57595269034,2025.64931506849,SRR35318189|A/Turkey/SD/25-023747-001-original/2025|H5N1|USA-SD|Unknown|2025-08-26|domestic_avian|D1.1,Mississippi,Central
745,751,0.0803724505204424,-100.592966362329,41.223105288645,-99.8434874740697,41.0160497953331,1.11870389042462,1.03833143990417,2025.57150229399,2025.65187474451,NA,Central,Central
774,775,0.027435463424456,-80.8100950623977,27.5146597074548,-80.6667116845215,26.4167006809876,1.12058761988418,1.09315215645972,2025.62632301055,2025.65375847397,NA,Atlantic,Atlantic
946,947,0.0506981624795562,-77.1930027275732,36.9903027849832,-77.0091820872197,35.8415791226441,1.12325910938544,1.07256094690589,2025.605731801,2025.65642996347,NA,Atlantic,Atlantic
979,535,0.0621548205955087,-84.8086426075126,32.8123496010433,-85.8781255785251,34.0826354640678,1.12436339248617,1.06220857189066,2025.59537942598,2025.65753424658,SRR35949432|A/chicken/GA/25-024057-002-original/2025|H5N1|USA-GA|Unknown|2025-08-29|domestic_avian|D1.1,Atlantic,Atlantic
869,870,0.07095714868083,-92.2074422128913,40.2253702144444,-82.9752035683592,38.5568410941005,1.12496093264061,1.05400378395978,2025.58717463805,2025.65813178673,NA,Mississippi,Mississippi
775,776,0.00592414248317175,-80.6667116845215,26.4167006809876,-80.9466193242438,25.1712353619526,1.12651176236735,1.12058761988418,2025.65375847397,2025.65968261646,NA,Atlantic,Atlantic
857,379,0.11986832356608,-96.9269599069807,30.5544385057641,-98.9420920630437,31.6968637324431,1.12710311851353,1.00723479494745,2025.54040564904,2025.6602739726,SRR35949426|A/Domestic_Grower/Meat-type_Turkey/ND/25-024186-001-original/2025|H5N1|USA-ND|Unknown|2025-08-30|domestic_avian|D1.1,Central,Central
862,373,0.0944648567918887,-99.5999751557047,28.006297115651,-99.718293925663,29.4096558787056,1.12984284454088,1.03537798774899,2025.56854884184,2025.66301369863,SRR35949424|A/Domestic_Grower/Meat-type_Turkey/SD/25-024189-001-original/2025|H5N1|USA-SD|Unknown|2025-08-31|domestic_avian|D1.1,Central,Central
760,761,0.102640630106291,-101.962645848725,39.0537921483147,-101.905536753801,39.1189333169869,1.13433840050614,1.03169777039985,2025.56486862449,2025.6675092546,NA,Central,Central
857,369,0.128087501648379,-96.9269599069807,30.5544385057641,-105.820021944924,37.8448581817124,1.13532229659583,1.00723479494745,2025.54040564904,2025.66849315068,SRR36211907|A/Canada_Goose/UT/25-024323-001-original/2025|H5N1|USA-UT|Unknown|2025-09-02|wild_avian|D1.1,Central,Pacific
761,762,0.00112503174270984,-101.905536753801,39.1189333169869,-101.86641217756,39.0860546667572,1.13546343224885,1.13433840050614,2025.6675092546,2025.66863428634,NA,Central,Central
1155,1156,0.176581129805382,-96.8446276551053,31.5188368800412,-98.1306474131664,32.1466976650245,1.13724292761998,0.960661797814603,2025.4938326519,2025.67041378171,NA,Mississippi,Mississippi
764,766,0.0793505418213265,-109.791708232286,31.9377568323079,-110.959397271918,32.2449234568743,1.14006913612777,1.06071859430644,2025.5938894484,2025.67323999022,NA,Pacific,Pacific
720,419,0.256385824148814,-116.828915560448,36.1844386199705,-119.160656243165,38.1424695314474,1.14080174865054,0.884415924501726,2025.41758677859,2025.67397260274,SRR35705730|A/Mallard_Duck/ID/25-024960-007-original/2025|H5N1|USA-ID|Unknown|2025-09-04|wild_avian|D1.1,Pacific,Pacific
850,367,0.239703916164604,-104.603867579236,31.9015203387005,-104.38935384956,34.6758731152842,1.1435414746779,0.903837558513294,2025.4370084126,2025.67671232877,SRR35705007|A/Turkey/SD/25-024863-004-original/2025|H5N1|USA-SD|Unknown|2025-09-05|domestic_avian|D1.1,Central,Central
797,798,0.127789681546127,-109.272355474306,33.9044500851651,-96.6733882615615,33.7543994246159,1.14556677859499,1.01777709704887,2025.55094795114,2025.67873763268,NA,Pacific,Central
854,371,0.13387022720963,-93.6231140246819,31.8793282234276,-103.731570313154,45.1233891700981,1.14628120070525,1.01241097349563,2025.54558182758,2025.67945205479,SRR35705728|A/blue-winged_Teal/IL/25-025061-004-original/2025|H5N1|USA-IL|Unknown|2025-09-06|wild_avian|D1.1,Central,Mississippi
925,298,0.118401259188872,-85.2098353399549,37.9834570669767,-85.9065206098209,38.4621477777488,1.14628120070525,1.02787994151638,2025.56105079561,2025.67945205479,SRR35705677|A/Black_Vulture/NC/25-025013-001-original/2025|H5N1|USA-NC|Unknown|2025-09-06|wild_avian|D1.1,Atlantic,Atlantic
876,382,0.118409869922037,-91.2816674928854,32.5883529729588,-92.162440269907,32.4086266622002,1.14902092673284,1.0306110568108,2025.5637819109,2025.68219178082,SRR35586405|A/Turkey/SD/25-024550-002-original/2025|H5N1|USA-SD|Unknown|2025-09-07|domestic_avian|D1.1,Central,Central
756,757,0.108675032230987,-112.509633782546,33.1428228168814,-114.888903389195,45.4959053768152,1.14921055921685,1.04053552698586,2025.57370638107,2025.68238141331,NA,Central,Pacific
860,861,0.0673555314567955,-101.530818573475,31.8349279439356,-101.440807689429,37.7322503856188,1.1503474574907,1.08299192603391,2025.61616278012,2025.68351831158,NA,Mississippi,Mississippi
943,318,0.128566197191129,-78.2829464119541,40.7740396343876,-77.8584831630549,41.2672556038675,1.1517606527602,1.02319445556907,2025.55636530966,2025.68493150685,SRR36212204|A/Black_Vulture/PA/25-025223-001-original/2025|H5N1|USA-PA|Unknown|2025-09-08|wild_avian|D1.1,Atlantic,Atlantic
763,767,0.113878752816006,-106.740154546449,35.7546238783616,-102.704151024929,37.2176695999185,1.15293089239069,1.03905213957468,2025.57222299366,2025.68610174648,NA,Pacific,Pacific
847,350,0.0490742709873258,-103.763148040857,34.6632457347657,-103.899351651786,34.4443761467038,1.15450037878755,1.10542610780023,2025.63859696189,2025.68767123288,SRR36212521|A/Mallard_Duck/CO/25-025267-001-original/2025|H5N1|USA-CO|Unknown|2025-09-09|wild_avian|D1.1,Pacific,Pacific
1272,61,0.564905897889635,-77.4056210270714,38.9727726967298,-77.4837043422598,39.6774349923263,1.15724010481491,0.592334206925277,2025.12550506101,2025.6904109589,SRR35705785|A/Vulture/MD/25-024862-001-original/2025|H5N1|USA-MD|Unknown|2025-09-10|wild_avian|D1.1,Atlantic,Atlantic
863,368,0.216594630416593,-100.014542626946,33.2003578244054,-99.0054661197865,31.3729549356505,1.15724010481491,0.940645474398319,2025.47381632849,2025.6904109589,SRR35705788|A/Swainson_s_Hawk/ND/25-024871-001-original/2025|H5N1|USA-ND|Unknown|2025-09-10|other|D1.1,Central,Central
764,765,0.097851705375767,-109.791708232286,31.9377568323079,-112.40177502526,32.2508773110353,1.15857029968221,1.06071859430644,2025.5938894484,2025.69174115377,NA,Pacific,Pacific
805,442,0.175973342334614,-107.641900207825,34.6127673218932,-110.102476837216,34.284909982087,1.15997983084227,0.984006488507655,2025.5171773426,2025.69315068493,SRR36212532|A/Mallard_Duck/WY/25-025186-001-original/2025|H5N1|USA-WY|Unknown|2025-09-11|wild_avian|D1.1,Pacific,Central
947,315,0.0367207214568259,-77.0091820872197,35.8415791226441,-77.1272935605235,36.1973666681511,1.15997983084227,1.12325910938544,2025.65642996347,2025.69315068493,SRR36212431|A/Black_Vulture/NJ/25-025220-003-original/2025|H5N1|USA-NJ|Unknown|2025-09-11|wild_avian|D1.1,Atlantic,Atlantic
947,316,0.0367207214568259,-77.0091820872197,35.8415791226441,-76.2300793438923,36.5004605007647,1.15997983084227,1.12325910938544,2025.65642996347,2025.69315068493,SRR36212060|A/Black_Vulture/NJ/25-025220-002-original/2025|H5N1|USA-NJ|Unknown|2025-09-11|wild_avian|D1.1,Atlantic,Atlantic
874,875,0.126335243578975,-92.1244555745041,39.8940809558186,-92.2804284333128,39.8272254107651,1.16254206819516,1.03620682461618,2025.56937767871,2025.69571292228,NA,Mississippi,Mississippi
869,385,0.10871577291007,-92.2074422128913,40.2253702144444,-111.246630245765,37.3690229781084,1.16271955686985,1.05400378395978,2025.58717463805,2025.69589041096,SRR36211905|A/Canada_Goose/ND/25-025249-001-original/2025|H5N1|USA-ND|Unknown|2025-09-12|wild_avian|D1.1,Mississippi,Central
827,351,0.136694942619198,-105.677397124948,39.07107346699,-106.186700114794,39.7432052958346,1.16545928289721,1.02876434027801,2025.56193519437,2025.69863013699,SRR36211787|A/blue_winged_teal/KS/25-025843-026/2025|H5N1|USA-KS|Barton|2025-09-13|wild_avian|D1.1,Central,Central
828,352,0.134022175116764,-106.112224904939,38.2847753199877,-107.137981687204,37.9949037464815,1.16545928289721,1.03143710778045,2025.56460796187,2025.69863013699,SRR36211782|A/blue_winged_teal/KS/25-025843-038/2025|H5N1|USA-KS|Barton|2025-09-13|wild_avian|D1.1,Central,Central
1070,1071,0.0355056154258038,-79.4139144964228,35.2197308493643,-82.7519721905496,34.5739896038307,1.16784701210702,1.13234139668122,2025.66551225077,2025.7010178662,NA,Atlantic,Atlantic
841,357,0.137606791052612,-94.2015625940954,39.2001979869957,-95.7075031371101,39.9861443380453,1.17093873495193,1.03333194389931,2025.56650279799,2025.70410958904,SRR36212111|A/mallard_duck/MN/25-025867-005/2025|H5N1|USA-MN|Scott|2025-09-15|wild_avian|D1.1,Mississippi,Mississippi
843,355,0.10775872970829,-93.59647273488,40.8668026870449,-93.6552283927443,39.6898275824403,1.17367846097928,1.06591973127099,2025.59909058536,2025.70684931507,SRR36211924|A/Red-tailed_Hawk/IA/25-025278-001-original/2025|H5N1|USA-IA|Unknown|2025-09-16|wild_avian|D1.1,Mississippi,Mississippi
1230,197,0.0625641448936227,-80.7187426080168,35.8068254286679,-81.7452350263472,32.3192002525131,1.17367846097928,1.11111431608566,2025.64428517017,2025.70684931507,SRR36212518|A/Mallard_Duck/NH/25-025612-017-original-repeat2/2025|H5N1|USA-NH|Unknown|2025-09-16|wild_avian|D1.1,Atlantic,Atlantic
755,474,0.118885319205476,-106.860816119989,36.0251759965529,-108.58632292735,36.2669940046603,1.17641818700664,1.05753286780117,2025.59070372189,2025.7095890411,SRR36212466|A/Great_horned_Owl/MT/25-025599-001-original/2025|H5N1|USA-MT|Unknown|2025-09-17|wild_avian|D1.1,Pacific,Pacific
768,771,0.131100585367208,-105.451226130603,39.9477537670647,-101.994657348124,40.3809072202596,1.17780187681499,1.04670129144778,2025.57987214554,2025.7109727309,NA,Pacific,Pacific
839,362,0.13778114539561,-94.2845982045514,39.7026766742824,-104.252137901607,38.9139130264276,1.17915791303423,1.04137676763862,2025.57454762173,2025.71232876712,SRR36211892|A/Mallard_Duck/OH/25-025982-002-original/2025|H5N1|USA-OH|Unknown|2025-09-18|wild_avian|D1.1,Mississippi,Mississippi
875,383,0.0166158448390679,-92.2804284333128,39.8272254107651,-92.0351311872197,40.2668397951699,1.17915791303423,1.16254206819516,2025.69571292228,2025.71232876712,SRR36212068|A/wood_duck/MI/25-025965-014/2025|H5N1|USA-MI|Saginaw|2025-09-18|wild_avian|D1.1,Mississippi,Mississippi
825,366,0.241104666786252,-100.954281722284,32.6401073368233,-116.485313983686,42.5710123618716,1.19011681714366,0.949012150357403,2025.48218300445,2025.72328767123,SRR36211605|A/American_blue-winged_Teal/LA/25G01386-003-original/2025|H5N1|USA-LA|Unknown|2025-09-22|wild_avian|D1.1,Central,Mississippi
1155,151,0.229455019329052,-96.8446276551053,31.5188368800412,-94.395808609545,31.7356531638388,1.19011681714366,0.960661797814603,2025.4938326519,2025.72328767123,SRR36211881|A/Black_Vulture/OH/25-026070-003-original/2025|H5N1|USA-OH|Unknown|2025-09-22|wild_avian|D1.1,Mississippi,Mississippi
807,438,0.184399026492396,-107.383399408404,34.6491582660221,-90.9964962547585,33.1997479097449,1.19011681714366,1.00571779065126,2025.53888864474,2025.72328767123,SRR36212227|A/Great_horned_Owl/WA/25G01455-001-original/2025|H5N1|USA-WA|Unknown|2025-09-22|wild_avian|D1.1,Central,Pacific
875,384,0.0303144749758548,-92.2804284333128,39.8272254107651,-92.369479734463,39.939501197857,1.19285654317101,1.16254206819516,2025.69571292228,2025.72602739726,SRR36211854|A/wood_duck/MI/25G01274-008/2025|H5N1|USA-MI|Saginaw|2025-09-23|wild_avian|D1.1,Mississippi,Mississippi
831,341,0.183890310738593,-103.640165187582,35.8699820267397,-80.2814933230773,34.7176628714308,1.1955962691986,1.01170595846,2025.54487681255,2025.72876712329,SRR36212429|A/blue-winged_Teal/FL/25-026196-001-original/2025|H5N1|USA-FL|Unknown|2025-09-24|wild_avian|D1.1,Central,Atlantic
725,416,0.167168655135851,-115.459137507583,35.9257728668058,-106.899920832265,38.0508765213922,1.1955962691986,1.02842761406275,2025.56159846815,2025.72876712329,SRR36212382|A/wild_goose/WA/25G01700-001-original/2025|H5N1|USA-WA|Unknown|2025-09-24|wild_avian|D1.1,Pacific,Pacific
811,432,0.128816906238843,-112.812783717018,45.2084668591915,-92.2881511546828,35.6489460772036,1.1955962691986,1.06677936295975,2025.59995021705,2025.72876712329,SRR36406419|A/american_green_winged_teal/NY/25G02842-011/2025|H5N1|USA-NY|Jefferson|2025-09-24|wild_avian|D1.1,Central,Atlantic
844,361,0.128677891544279,-93.5446754583093,40.9137109961385,-101.09551324908,40.1324841146247,1.1955962691986,1.06691837765432,2025.60008923174,2025.72876712329,SRR36212149|A/Mallard_Duck/WI/25G02258-001-original/2025|H5N1|USA-WI|Unknown|2025-09-24|wild_avian|D1.1,Mississippi,Mississippi
1156,153,0.0583533415786126,-98.1306474131664,32.1466976650245,-98.0152318238965,30.8728628046511,1.1955962691986,1.13724292761998,2025.67041378171,2025.72876712329,SRR36212441|A/Black_Vulture/IN/25G01314-001-original/2025|H5N1|USA-IN|Unknown|2025-09-24|wild_avian|D1.1,Mississippi,Mississippi
1158,156,0.143345318787071,-91.4729310270789,33.8451183638767,-91.5497156256343,33.7372451009747,1.19833599522595,1.05499067643888,2025.58816153053,2025.73150684932,SRR36212433|A/Black_Vulture/KY/25G01831-001-original/2025|H5N1|USA-KY|Unknown|2025-09-25|wild_avian|D1.1,Mississippi,Mississippi
846,360,0.132279930365707,-92.0402033958553,40.3867982053899,-91.7985190337674,37.4264550617766,1.19833599522595,1.06605606486025,2025.59922691895,2025.73150684932,SRR36212424|A/Canada_Goose/IL/25-026184-001-original/2025|H5N1|USA-IL|Unknown|2025-09-25|wild_avian|D1.1,Mississippi,Mississippi
941,312,0.238230558350742,-77.5805446269048,38.3581464976216,-79.1440940028948,37.9254529843762,1.20107572125331,0.96284516290257,2025.49601601699,2025.73424657534,SRR36203399|A/Black_Vulture/MD/25-026167-001-original/2025|H5N1|USA-MD|Unknown|2025-09-26|wild_avian|D1.1,Atlantic,Atlantic
1070,648,0.0687343245720964,-79.4139144964228,35.2197308493643,-79.9990719802624,34.6619919348823,1.20107572125331,1.13234139668122,2025.66551225077,2025.73424657534,SRR36163010|A/chicken/NC/25-026098-002-original/2025|H5N1|USA-NC|Unknown|2025-09-26|domestic_avian|D1.1,Atlantic,Atlantic
1071,649,0.0332287091462926,-82.7519721905496,34.5739896038307,-83.4569289625022,35.4655019000601,1.20107572125331,1.16784701210702,2025.7010178662,2025.73424657534,SRR36212435|A/Black_Vulture/WV/25G01830-002-original/2025|H5N1|USA-WV|Unknown|2025-09-26|wild_avian|D1.1,Atlantic,Atlantic
737,462,0.16957762483145,-106.332333599028,33.4918222529777,-96.778077325838,44.5324623295123,1.20381544728067,1.03423782244922,2025.56740867654,2025.73698630137,SRR36211600|A/American_blue-winged_Teal/OR/25G01565-017-original/2025|H5N1|USA-OR|Unknown|2025-09-27|wild_avian|D1.1,Central,Pacific
830,348,0.20565818581081,-103.65441015208,35.8424469657213,-99.3116801902507,44.001928958046,1.20929489933561,1.0036367135248,2025.53680756761,2025.74246575342,SRR36211769|A/Canada_Goose/WY/25G01869-001-original/2025|H5N1|USA-WY|Unknown|2025-09-29|wild_avian|D1.1,Central,Central
870,387,0.0843339666949978,-82.9752035683592,38.5568410941005,-82.6785181051191,36.157060609648,1.20929489933561,1.12496093264061,2025.65813178673,2025.74246575342,SRR36212318|A/canada_goose/MN/25G01920-001/2025|H5N1|USA-MN|Otter_Tail|2025-09-29|wild_avian|D1.1,Mississippi,Mississippi
859,375,0.192515857561272,-99.4847407976791,27.9010878871342,-104.270358001922,35.6368387496681,1.21203462536297,1.0195187678017,2025.55268962189,2025.74520547945,SRR36212386|A/wild_duck/TX/25G01488-001-original/2025|H5N1|USA-TX|Unknown|2025-09-30|wild_avian|D1.1,Central,Central
785,446,0.155699031809798,-101.753347119004,36.4469816816844,-89.4640746207185,39.8298359351473,1.21203462536297,1.05633559355317,2025.58950644764,2025.74520547945,SRR36212241|A/Canada_Goose/AZ/25G01642-001-original/2025|H5N1|USA-AZ|Unknown|2025-09-30|wild_avian|D1.1,Central,Pacific
833,343,0.10291274608078,-101.437857863271,39.1185056012578,-96.5893895235817,43.2700183658382,1.21203462536297,1.10912187928219,2025.64229273337,2025.74520547945,SRR36163013|A/chicken/WI/25-026290-001-original/2025|H5N1|USA-WI|Unknown|2025-09-30|domestic_avian|D1.1,Mississippi,Mississippi
798,799,0.0681986250042479,-96.6733882615615,33.7543994246159,-100.68667502203,35.9535984678729,1.21376540359924,1.14556677859499,2025.67873763268,2025.74693625769,NA,Central,Central
733,464,0.186353814847242,-104.624608942737,33.652335165055,-96.8605764177082,35.1753030298338,1.21477435139033,1.02842053654308,2025.56159139063,2025.74794520548,SRR36212238|A/Canada_Goose/MT/25G01677-001-original/2025|H5N1|USA-MT|Unknown|2025-10-01|wild_avian|D1.1,Central,Pacific
1157,155,0.165473832116483,-92.1353782149997,34.0583470418355,-91.9818863582189,36.7295308130206,1.21477435139033,1.04930051927384,2025.58247137336,2025.74794520548,SRR36209119|A/black_vulture/IN/25G01855-003/2025|H5N1|USA-IN|Franklin|2025-10-01|wild_avian|D1.1,Mississippi,Mississippi
927,296,0.259209046733365,-78.1546313701237,34.7291005013968,-78.2646551824711,35.4104207925739,1.22025380344504,0.961044756711676,2025.4942156108,2025.75342465753,SRR36162690|A/chicken/NC/25G01772-001-original/2025|H5N1|USA-NC|Unknown|2025-10-03|domestic_avian|D1.1,Atlantic,Atlantic
836,354,0.200233301490138,-91.7474180561111,41.9641071145367,-85.423893326184,34.4604649945618,1.22025380344504,1.0200205019549,2025.55319135604,2025.75342465753,SRR36212006|A/mallard_duck/MI/25G01983-007/2025|H5N1|USA-MI|Washtenaw|2025-10-03|wild_avian|D1.1,Mississippi,Mississippi
861,376,0.0699063459543381,-101.440807689429,37.7322503856188,-103.976308946304,35.9721774814515,1.22025380344504,1.1503474574907,2025.68351831158,2025.75342465753,SRR36162674|A/Domestic_Duck/IL/25G03338-009-original/2025|H5N1|USA-IL|Unknown|2025-10-03|domestic_avian|D1.1,Mississippi,Mississippi
861,377,0.0699063459543381,-101.440807689429,37.7322503856188,-101.281221556592,40.065062721465,1.22025380344504,1.1503474574907,2025.68351831158,2025.75342465753,SRR36162678|A/chicken/IL/25G03338-005-original/2025|H5N1|USA-IL|Unknown|2025-10-03|domestic_avian|D1.1,Mississippi,Mississippi
737,463,0.188755707023179,-106.332333599028,33.4918222529777,-106.129722905203,33.4397908591893,1.2229935294724,1.03423782244922,2025.56740867654,2025.75616438356,SRR36211975|A/mallard_duck/CO/25G02242-003/2025|H5N1|USA-CO|Jackson|2025-10-04|wild_avian|D1.1,Central,Central
832,342,0.183251503147414,-103.464172731491,35.6441541691869,-92.9261024046485,34.6476498997127,1.2229935294724,1.03974202632498,2025.57291288041,2025.75616438356,SRR36212242|A/Canada_Goose/AR/25G01638-001-original/2025|H5N1|USA-AR|Unknown|2025-10-04|wild_avian|D1.1,Central,Mississippi
798,800,0.0774609598777209,-96.6733882615615,33.7543994246159,-93.7556869978735,34.2504035981993,1.22302773847272,1.14556677859499,2025.67873763268,2025.75619859256,NA,Central,Central
752,503,0.204213379592509,-108.852719456357,37.3253683026055,-103.656023532275,45.9707575930293,1.22573325549998,1.02151987590747,2025.55469073,2025.75890410959,SRR36162760|A/chicken/OR/25G01792-001-original/2025|H5N1|USA-OR|Unknown|2025-10-05|domestic_avian|D1.1,Pacific,Pacific
1072,653,0.34283411758958,-118.688650113896,36.606805717565,-118.78519345932,36.6366353359716,1.22847298152734,0.885638863937761,2025.41880971803,2025.76164383562,SRR36212366|A/Black_Vulture/WV/25G02062-001-original/2025|H5N1|USA-WV|Unknown|2025-10-06|wild_avian|D1.1,Atlantic,Atlantic
855,372,0.207522747792843,-93.3747123326734,31.3971670121933,-104.261288930364,39.0258614317608,1.22847298152734,1.0209502337345,2025.55412108782,2025.76164383562,SRR36212344|A/sandhill_crane/MN/25G02201-001/2025|H5N1|USA-MN|Hennepin|2025-10-06|wild_avian|D1.1,Central,Mississippi
722,418,0.277832483388904,-118.497464619866,34.800431670742,-117.970459805394,37.0110907239578,1.2312127075547,0.953380224165794,2025.48655107825,2025.76438356164,SRR36162812|A/Guinea_Fowl/ID/25G01895-002-original/2025|H5N1|USA-ID|Unknown|2025-10-07|domestic_avian|D1.1,Pacific,Pacific
736,466,0.173187439612954,-107.703535852237,41.933798017084,-106.541370550517,41.7606050025039,1.2312127075547,1.05802526794174,2025.59119612203,2025.76438356164,SRR36162806|A/Peafowl/ID/25G01896-003-original/2025|H5N1|USA-ID|Unknown|2025-10-07|wild_avian|D1.1,Pacific,Pacific
870,386,0.106251774914084,-82.9752035683592,38.5568410941005,-83.4759074150128,39.9048729379321,1.2312127075547,1.12496093264061,2025.65813178673,2025.76438356164,SRR36211964|A/Trumpeter_Swan/WI/25G01871-001-original/2025|H5N1|USA-WI|Unknown|2025-10-07|wild_avian|D1.1,Mississippi,Mississippi
1229,193,0.180392085575547,-83.0832330787807,34.7224537855053,-84.43789888425,36.6212987664321,1.23395243358206,1.05356034800651,2025.5867312021,2025.76712328767,SRR36212136|A/Peregrine_Falcon/DE/25G02350-001-original/2025|H5N1|USA-DE|Unknown|2025-10-08|wild_avian|D1.1,Atlantic,Atlantic
833,344,0.127570280327224,-101.437857863271,39.1185056012578,-97.0499290730495,28.6586453826083,1.23669215960941,1.10912187928219,2025.64229273337,2025.7698630137,SRR36211770|A/canada_goose/MI/25G01985-002/2025|H5N1|USA-MI|Isabella|2025-10-09|wild_avian|D1.1,Mississippi,Mississippi
790,459,0.24223630600316,-102.020582389181,38.6702481984376,-102.912500734865,42.786111612992,1.23943188563677,0.99719557963361,2025.53036643372,2025.77260273973,SRR36211962|A/Turkey_Vulture/WY/25G02109-001-original/2025|H5N1|USA-WY|Unknown|2025-10-10|wild_avian|D1.1,Pacific,Pacific
804,435,0.173866153325725,-100.221613274049,37.4802592981205,-99.5947785223746,34.4716882709659,1.23943188563677,1.06556573231105,2025.5987365864,2025.77260273973,SRR36406423|A/canada_goose/KS/25G02613-001/2025|H5N1|USA-KS|Butler|2025-10-10|wild_avian|D1.1,Central,Central
995,528,0.292096458048887,-100.965878425336,34.3026186422268,-109.260727258432,35.4779629293694,1.24217161166436,0.950075153615468,2025.4832460077,2025.77534246575,SRR36211847|A/american_blue_winged_teal/KS/25G02173-002/2025|H5N1|USA-KS|McPherson|2025-10-11|wild_avian|D1.1,Central,Central
796,429,0.249178690150565,-109.12647841143,34.5756662970347,-99.9701453628247,29.7571547755382,1.24217161166436,0.99299292151379,2025.5261637756,2025.77534246575,SRR36538389|A/american_blue_winged_teal/NV/25G04892-001/2025|H5N1|USA-NV|Churchill|2025-10-11|wild_avian|D1.1,Pacific,Pacific
734,465,0.209021127961502,-105.003015212138,33.8749263887305,-104.987050568606,46.4340812544273,1.24217161166436,1.03315048370285,2025.56632133779,2025.77534246575,SRR36538296|A/american_green_winged_teal/NV/25G04893-003/2025|H5N1|USA-NV|Lyon|2025-10-11|wild_avian|D1.1,Central,Pacific
868,390,0.207941973371015,-91.9006265515474,39.3430950569234,-93.48619433182,44.8373669294643,1.24217161166436,1.03422963829334,2025.56740049238,2025.77534246575,SRR36209116|A/Mallard_Duck/PA/25G02313-006-original-repeat2/2025|H5N1|USA-PA|Unknown|2025-10-11|wild_avian|D1.1,Mississippi,Atlantic
743,491,0.199818690437732,-105.650309130214,48.2727191661063,-118.100403865832,38.2746647129229,1.24217161166436,1.04235292122662,2025.57552377532,2025.77534246575,SRR36203306|A/mallard_duck/NY/25G02284-011/2025|H5N1|USA-NY|Genesee|2025-10-11|wild_avian|D1.1,Mississippi,Atlantic
872,389,0.12897713911811,-95.8346948245583,39.3555473490206,-93.447261633586,39.800946644345,1.24217161166436,1.11319447254625,2025.64636532664,2025.77534246575,SRR36212325|A/american_green_winged_teal/NY/25G02284-024/2025|H5N1|USA-NY|Genesee|2025-10-11|wild_avian|D1.1,Atlantic,Atlantic
928,295,0.208648458212754,-77.7618569034151,36.7967295224876,-78.4326937420124,37.3403456420882,1.24491133769171,1.03626287947896,2025.56943373357,2025.77808219178,SRR36211960|A/Vulture/NC/25G02114-001-original/2025|H5N1|USA-NC|Unknown|2025-10-12|wild_avian|D1.1,Atlantic,Atlantic
856,394,0.243580275655908,-97.1791594558367,30.3121900374324,-96.2852909840872,43.0494202661428,1.24765106371907,1.00407078806316,2025.53724164215,2025.78082191781,SRR36212343|A/Swan/OK/25G02155-001-original/2025|H5N1|USA-OK|Unknown|2025-10-13|wild_avian|D1.1,Central,Central
828,353,0.21895368196598,-106.112224904939,38.2847753199877,-109.725912822449,41.6377428060447,1.25039078974643,1.03143710778045,2025.56460796187,2025.78356164384,SRR36212302|A/canada_goose/CO/25G02439-001/2025|H5N1|USA-CO|Weld|2025-10-14|wild_avian|D1.1,Central,Central
855,370,0.234920008066645,-93.3747123326734,31.3971670121933,-91.6920431867348,36.1575054727852,1.25587024180114,1.0209502337345,2025.55412108782,2025.78904109589,SRR36212274|A/Pintail_Duck/ND/25G02720-001-original/2025|H5N1|USA-ND|Unknown|2025-10-16|wild_avian|D1.1,Central,Central
846,359,0.192553902968479,-92.0402033958553,40.3867982053899,-92.2941658225177,40.6235933153558,1.25860996782873,1.06605606486025,2025.59922691895,2025.79178082192,SRR36209083|A/Green-winged_Teal/IA/25G03115-001-original/2025|H5N1|USA-IA|Unknown|2025-10-17|wild_avian|D1.1,Mississippi,Mississippi
811,433,0.191830604868973,-112.812783717018,45.2084668591915,-113.676647702496,43.2784628415862,1.25860996782873,1.06677936295975,2025.59995021705,2025.79178082192,SRR36211957|A/Wild_Goose/OK/25G02530-001-original/2025|H5N1|USA-OK|Unknown|2025-10-17|wild_avian|D1.1,Central,Central
1071,650,0.0907629557217073,-82.7519721905496,34.5739896038307,-82.5195696210099,34.2551911912641,1.25860996782873,1.16784701210702,2025.7010178662,2025.79178082192,SRR36211659|A/Black_Vulture/WV/25G03060-003-original/2025|H5N1|USA-WV|Unknown|2025-10-17|wild_avian|D1.1,Atlantic,Atlantic
872,388,0.148155221309839,-95.8346948245583,39.3555473490206,-94.2136513022381,41.5629075380536,1.26134969385608,1.11319447254625,2025.64636532664,2025.79452054795,SRR36406418|A/northern_shoveler/OH/25G03080-047/2025|H5N1|USA-OH|Ottawa|2025-10-18|wild_avian|D1.1,Atlantic,Mississippi
793,444,0.300792159318518,-107.612903728595,39.3300009940889,-106.353836189475,35.6513134068597,1.26408941988344,0.963297260564923,2025.49646811465,2025.79726027397,SRR36162647|A/Turkey/SD/25G02403-003-original/2025|H5N1|USA-SD|Unknown|2025-10-19|domestic_avian|D1.1,Central,Central
767,480,0.111158527492755,-102.704151024929,37.2176695999185,-100.905346062363,31.116869362755,1.26408941988344,1.15293089239069,2025.68610174648,2025.79726027397,SRR36212130|A/Ring-necked_Duck/OR/25G02626-019-original/2025|H5N1|USA-OR|Unknown|2025-10-19|wild_avian|D1.1,Pacific,Pacific
1216,207,0.666970911821779,-88.0943181129592,35.2408769995327,-86.611776911516,39.1340579782748,1.2668291459108,0.59985823408902,2025.13302908818,2025.8,SRR36211724|A/Black_Vulture/MS/25G02635-003-original/2025|H5N1|USA-MS|Unknown|2025-10-20|wild_avian|D1.1,Mississippi,Mississippi
1113,271,0.428129634329852,-89.7636994639724,35.6884549830883,-89.9999455066106,35.5795400335391,1.26956887193816,0.841439237608305,2025.3746100917,2025.80273972603,SRR36211667|A/Black_Vulture/AR/25G03056-001-original/2025|H5N1|USA-AR|Unknown|2025-10-21|wild_avian|D1.1,Mississippi,Mississippi
1226,198,0.264778515300681,-82.9523548177894,37.9365202180872,-85.0869423104042,33.4612481813473,1.26956887193816,1.00479035663748,2025.53796121073,2025.80273972603,SRR36538387|A/american_crow/NJ/25G04652-002/2025|H5N1|USA-NJ|Salem|2025-10-21|wild_avian|D1.1,Atlantic,Atlantic
840,364,0.208944354218275,-99.9762392824252,39.3868744966918,-100.436659776322,41.3148109503809,1.26956887193816,1.06062451771988,2025.59379537181,2025.80273972603,SRR36211652|A/canada_goose/IN/25G02680-001/2025|H5N1|USA-IN|Johnson|2025-10-21|wild_avian|D1.1,Mississippi,Mississippi
776,506,0.143057109570808,-80.9466193242438,25.1712353619526,-80.9415242045873,25.1912205907735,1.26956887193816,1.12651176236735,2025.65968261646,2025.80273972603,SRR36538388|A/american_crow/NJ/25G04652-001/2025|H5N1|USA-NJ|Salem|2025-10-21|wild_avian|D1.1,Atlantic,Atlantic
1072,652,0.38666973402798,-118.688650113896,36.606805717565,-116.855052063717,36.4388586940777,1.27230859796574,0.885638863937761,2025.41880971803,2025.80547945205,SRR36211670|A/Black_Vulture/VA/25G03055-006-original/2025|H5N1|USA-VA|Unknown|2025-10-22|wild_avian|D1.1,Atlantic,Atlantic
756,483,0.231773070979881,-112.509633782546,33.1428228168814,-100.382125494834,41.2827334602003,1.27230859796574,1.04053552698586,2025.57370638107,2025.80547945205,SRR36209114|A/Red-tailed_Hawk/MO/25G02853-005-original/2025|H5N1|USA-MO|Unknown|2025-10-22|wild_avian|D1.1,Central,Mississippi
860,378,0.189316671931834,-101.530818573475,31.8349279439356,-98.5790834594134,36.788817005989,1.27230859796574,1.08299192603391,2025.61616278012,2025.80547945205,SRR36212529|A/Canada_Goose/MO/25G02853-004-original/2025|H5N1|USA-MO|Unknown|2025-10-22|wild_avian|D1.1,Mississippi,Mississippi
809,440,0.174900543811922,-104.006881006995,39.6969307200482,-110.337645863283,41.8273344337605,1.27230859796574,1.09740805415382,2025.63057890824,2025.80547945205,SRR36203374|A/Canada_Goose/UT/25G03448-005-original/2025|H5N1|USA-UT|Unknown|2025-10-22|wild_avian|D1.1,Central,Pacific
794,443,0.290489842986331,-107.451361716666,37.9422584223824,-107.490188478137,38.1564356066024,1.2750483239931,0.984558481006768,2025.5177293351,2025.80821917808,SRR36212527|A/Canada_Goose/WY/25G02891-001-original/2025|H5N1|USA-WY|Unknown|2025-10-23|wild_avian|D1.1,Central,Central
873,391,0.217268583505251,-93.2178829355885,37.5963933461569,-93.6372365484192,37.7831061284069,1.2750483239931,1.05777974048785,2025.59095059458,2025.80821917808,SRR36406301|A/american_wigeon/OH/25G04131-008/2025|H5N1|USA-OH|Ottawa|2025-10-23|wild_avian|D1.1,Mississippi,Mississippi
794,445,0.30144874709576,-107.451361716666,37.9422584223824,-84.3706006685161,41.4735386585715,1.28600722810253,0.984558481006768,2025.5177293351,2025.81917808219,SRR36203333|A/Canada_Goose/AL/25G03828-001-original/2025|H5N1|USA-AL|Unknown|2025-10-27|wild_avian|D1.1,Central,Mississippi
810,431,0.254370535449294,-112.816613451632,45.1956873248747,-124.388826029276,43.107340577044,1.28600722810253,1.03163669265323,2025.56480754674,2025.81917808219,SRR36212524|A/Domestic_Goose/AL/25G03044-002-original/2025|H5N1|USA-AL|Unknown|2025-10-27|domestic_avian|D1.1,Central,Mississippi
1158,154,0.231016551663644,-91.4729310270789,33.8451183638767,-90.6797215959074,35.941433183998,1.28600722810253,1.05499067643888,2025.58816153053,2025.81917808219,SRR36538272|A/black_vulture/KY/25G04374-002/2025|H5N1|USA-KY|Grant|2025-10-27|wild_avian|D1.1,Mississippi,Mississippi
1156,152,0.148764300482543,-98.1306474131664,32.1466976650245,-98.6384781692895,33.7582688195372,1.28600722810253,1.13724292761998,2025.67041378171,2025.81917808219,SRR36538273|A/black_vulture/KY/25G04374-001/2025|H5N1|USA-KY|Grant|2025-10-27|wild_avian|D1.1,Mississippi,Mississippi
925,297,0.26086701261373,-85.2098353399549,37.9834570669767,-86.9685552654658,38.339459412881,1.28874695413011,1.02787994151638,2025.56105079561,2025.82191780822,SRR36209096|A/Black_Vulture/SC/25G03063-001-original/2025|H5N1|USA-SC|Unknown|2025-10-28|wild_avian|D1.1,Atlantic,Atlantic
771,471,0.110945077315127,-101.994657348124,40.3809072202596,-105.301980235879,43.6652393009351,1.28874695413011,1.17780187681499,2025.7109727309,2025.82191780822,SRR36406354|A/cackling_goose/WA/25G03972-002/2025|H5N1|USA-WA|Whatcom|2025-10-28|wild_avian|D1.1,Pacific,Pacific
814,455,0.22666010935726,-107.376532916262,38.3760199839945,-94.0518335150418,45.5494423874041,1.29148668015747,1.06482657080021,2025.59799742489,2025.82465753425,SRR36406399|A/american_green_winged_teal/CA/25G03928-006/2025|H5N1|USA-CA|Yolo|2025-10-29|wild_avian|D1.1,Pacific,Pacific
800,428,0.0684589416847543,-93.7556869978735,34.2504035981993,-118.52786650801,35.5819592141631,1.29148668015747,1.22302773847272,2025.75619859256,2025.82465753425,SRR36406410|A/american_wigeon/CA/25G03928-001/2025|H5N1|USA-CA|Yolo|2025-10-29|wild_avian|D1.1,Central,Pacific
848,345,0.266519935504518,-97.8157870399669,35.7631235697436,-72.9783659349336,41.9844677637881,1.29422640618483,1.02770647068031,2025.56087732477,2025.82739726027,SRR36209076|A/Black_Swan/PA/25G03182-002-original/2025|H5N1|USA-PA|Unknown|2025-10-30|wild_avian|D1.1,Central,Atlantic
735,468,0.237069914119482,-107.724599510366,41.9297871075,-103.792854657766,48.2633956984024,1.29422640618483,1.05715649206535,2025.59032734615,2025.82739726027,SRR36406351|A/cackling_goose/WA/25G03973-001/2025|H5N1|USA-WA|Whatcom|2025-10-30|wild_avian|D1.1,Pacific,Pacific
750,497,0.231748510188307,-100.802392711565,40.7440380241262,-81.659738845435,36.1321796262701,1.29422640618483,1.06247789599652,2025.59564875009,2025.82739726027,SRR36209051|A/Muscovy_Duck/FL/25G03354-001-original/2025|H5N1|USA-FL|Unknown|2025-10-30|wild_avian|D1.1,Central,Atlantic
840,363,0.236341614492303,-99.9762392824252,39.3868744966918,-95.5799410547729,31.9743003783144,1.29696613221219,1.06062451771988,2025.59379537181,2025.8301369863,SRR36406409|A/wood_duck/MN/25G04157-001/2025|H5N1|USA-MN|Anoka|2025-10-31|wild_avian|D1.1,Mississippi,Mississippi
755,475,0.242172990438377,-106.860816119989,36.0251759965529,-117.606553704007,41.8412183707282,1.29970585823954,1.05753286780117,2025.59070372189,2025.83287671233,SRR36406349|A/red_tailed_hawk/WA/25G03976-001/2025|H5N1|USA-WA|Whatcom|2025-11-01|wild_avian|D1.1,Pacific,Pacific
873,392,0.241926117751695,-93.2178829355885,37.5963933461569,-92.9517028072647,37.4250569118864,1.29970585823954,1.05777974048785,2025.59095059458,2025.83287671233,SRR36406415|A/american_green_winged_teal/OH/25G04131-027/2025|H5N1|USA-OH|Ottawa|2025-11-01|wild_avian|D1.1,Mississippi,Mississippi
849,346,0.237993574755789,-97.0409949318972,34.2641463110591,-115.688431247009,39.6902954534856,1.30518531029448,1.0671917355387,2025.60036258963,2025.83835616438,SRR36162625|A/Red-breasted_Goose/TN/25G03365-002-original/2025|H5N1|USA-TN|Unknown|2025-11-03|wild_avian|D1.1,Central,Mississippi
803,434,0.25126228500819,-99.0172779267954,38.9553158420891,-96.630729516378,43.4961784937185,1.30792503632184,1.05666275131365,2025.5898336054,2025.84109589041,SRR36203396|A/wild_goose/NM/25G03506-001-original/2025|H5N1|USA-NM|Unknown|2025-11-04|wild_avian|D1.1,Central,Central
789,451,0.193936345601663,-88.2928600690395,42.668297985549,-114.913626716534,40.8327446357212,1.30792503632184,1.11398869072018,2025.64715954481,2025.84109589041,SRR36202277|A/Domestic_Cat/ND/25G03436-001-original/2025|H5N1|USA-ND|Unknown|2025-11-04|feline|D1.1,Atlantic,Central
757,489,0.158714477104995,-114.888903389195,45.4959053768152,-117.90420570317,47.4693780192165,1.30792503632184,1.14921055921685,2025.68238141331,2025.84109589041,SRR36203296|A/Swan/UT/25G03453-001-original/2025|H5N1|USA-UT|Unknown|2025-11-04|wild_avian|D1.1,Pacific,Pacific
1225,201,0.253848712367822,-76.6929174035983,37.700938724968,-80.0576973202946,37.7690113680385,1.31340448837656,1.05955577600873,2025.5927266301,2025.84657534247,SRR36202283|A/chicken/NH/25G03769-001-original/2025|H5N1|USA-NH|Unknown|2025-11-06|domestic_avian|D1.1,Atlantic,Atlantic
774,505,0.220252331916836,-80.8100950623977,27.5146597074548,-82.4526967998774,28.8086733977583,1.31340448837656,1.09315215645972,2025.62632301055,2025.84657534247,SRR36202234|A/chicken/DE/25G03562-002-original/2025|H5N1|USA-DE|Unknown|2025-11-06|domestic_avian|D1.1,Atlantic,Atlantic
769,770,0.262895041451352,-105.658885780357,40.046679945487,-105.68297847378,40.2855678453554,1.31525368648277,1.05235864503142,2025.58552949912,2025.84842454057,NA,Pacific,Pacific
775,507,0.195556594519737,-80.6667116845215,26.4167006809876,-84.7840707379615,30.7108461032032,1.31614421440391,1.12058761988418,2025.65375847397,2025.84931506849,SRR36538326|A/canada_goose/NC/25G04376-001/2025|H5N1|USA-NC|New_Hanover|2025-11-07|wild_avian|D1.1,Atlantic,Atlantic
728,421,0.36331807691885,-94.3759928178818,44.1361099545411,-90.3411987265567,46.2437958836171,1.3188839404315,0.955565863512649,2025.4887367176,2025.85205479452,SRR36203391|A/wood_duck/IN/25G03805-006/2025|H5N1|USA-IN|Newton|2025-11-08|wild_avian|D1.1,Mississippi,Mississippi
862,374,0.283505952682505,-99.5999751557047,28.006297115651,-104.815893050489,42.4518626263318,1.3188839404315,1.03537798774899,2025.56854884184,2025.85205479452,SRR36538290|A/bald_eagle/IN/25G04807-001/2025|H5N1|USA-IN|Hamilton|2025-11-08|wild_avian|D1.1,Central,Mississippi
784,447,0.257876559329292,-91.0574135582564,31.8716830508188,-88.1942926334253,31.156361436537,1.3188839404315,1.06100738110221,2025.59417823519,2025.85205479452,SRR36538295|A/american_green_winged_teal/OK/25G04973-021/2025|H5N1|USA-OK|Sequoyah|2025-11-08|wild_avian|D1.1,Mississippi,Central
799,425,0.105118536832256,-100.68667502203,35.9535984678729,-101.090191631507,39.4975702560561,1.3188839404315,1.21376540359924,2025.74693625769,2025.85205479452,SRR36538311|A/gadwall/KS/25G04225-031/2025|H5N1|USA-KS|Neosho|2025-11-08|wild_avian|D1.1,Central,Central
800,427,0.095856201958783,-93.7556869978735,34.2504035981993,-92.6292703650302,32.6242057121953,1.3188839404315,1.22302773847272,2025.75619859256,2025.85205479452,SRR36406324|A/gadwall/KS/25G04225-001/2025|H5N1|USA-KS|Neosho|2025-11-08|wild_avian|D1.1,Central,Central
842,365,0.291029083486184,-94.2051365644378,39.1859740433655,-94.3909728203502,39.1128709726495,1.32436339248621,1.03333430900003,2025.56650516309,2025.85753424658,SRR36406411|A/great_horned_owl/MN/25G04156-001/2025|H5N1|USA-MN|Kandiyohi|2025-11-10|wild_avian|D1.1,Mississippi,Mississippi
944,317,0.287906446694763,-78.3594282693551,40.493021926305,-82.8393369635565,39.9734822023059,1.32436339248621,1.03645694579145,2025.56962779988,2025.85753424658,SRR36203383|A/Black_Vulture/CT/25G03770-001-original/2025|H5N1|USA-CT|Unknown|2025-11-10|wild_avian|D1.1,Atlantic,Atlantic
742,492,0.282052112802115,-105.872066792603,48.2498642641314,-109.021563503568,36.853940425293,1.32436339248621,1.0423112796841,2025.57548213377,2025.85753424658,SRR36538325|A/canada_goose/WV/25G04377-001/2025|H5N1|USA-WV|Mason|2025-11-10|wild_avian|D1.1,Mississippi,Atlantic
769,482,0.272004747454797,-105.658885780357,40.046679945487,-88.4186441612372,42.8126615702618,1.32436339248621,1.05235864503142,2025.58552949912,2025.85753424658,SRR36538310|A/gadwall/SD/25G04284-006/2025|H5N1|USA-SD|Day|2025-11-10|wild_avian|D1.1,Pacific,Central
770,473,0.00910970600344463,-105.68297847378,40.2855678453554,-105.866295198459,43.4314495689988,1.32436339248621,1.31525368648277,2025.84842454057,2025.85753424658,SRR36406343|A/trumpeter_swan/ID/25G03984-001/2025|H5N1|USA-ID|Bannock|2025-11-10|wild_avian|D1.1,Pacific,Pacific
726,417,0.352967456511855,-117.536604079744,35.6757197169476,-92.8109942976613,37.8330751070819,1.32984284454093,0.976875388029074,2025.51004624212,2025.86301369863,SRR36538417|A/ross_s_goose/LA/25G04375-002/2025|H5N1|USA-LA|Vernon|2025-11-12|wild_avian|D1.1,Pacific,Mississippi
942,311,0.322639768196772,-76.5560094379443,37.8315849878729,-77.6589071290835,36.9897607420354,1.32984284454093,1.00720307634416,2025.54037393043,2025.86301369863,SRR36406338|A/black_vulture/PA/25G03999-001/2025|H5N1|USA-PA|Adams|2025-11-12|wild_avian|D1.1,Atlantic,Atlantic
751,496,0.211138954116313,-99.8434874740697,41.0160497953331,-94.2948204483002,43.8547805617038,1.32984284454093,1.11870389042462,2025.65187474451,2025.86301369863,SRR36406276|A/snow_goose/CO/25G04393-001/2025|H5N1|USA-CO|Sedgwick|2025-11-12|wild_avian|D1.1,Central,Central
762,486,0.194379412292079,-101.86641217756,39.0860546667572,-108.587373555444,41.3752053434736,1.32984284454093,1.13546343224885,2025.66863428634,2025.86301369863,SRR36538334|A/wild_goose/TX/25G04762-002/2025|H5N1|USA-TX|Randall|2025-11-12|wild_avian|D1.1,Central,Central
770,472,0.0145891580581594,-105.68297847378,40.2855678453554,-105.435362004054,41.157848929843,1.32984284454093,1.31525368648277,2025.84842454057,2025.86301369863,SRR36406329|A/trumpeter_swan/ID/25G04021-001/2025|H5N1|USA-ID|Ada|2025-11-12|wild_avian|D1.1,Pacific,Pacific
780,510,0.383204692777139,-101.270949057836,32.895041516512,-82.0518487226357,26.9913601605803,1.33258257056829,0.949377877791147,2025.48254873188,2025.86575342466,SRR36406291|A/red_tailed_hawk/OR/25G04260-001/2025|H5N1|USA-OR|Klamath|2025-11-13|wild_avian|D1.1,Central,Pacific
876,381,0.301971513757483,-91.2816674928854,32.5883529729588,-82.2166382384852,31.320335275143,1.33258257056829,1.0306110568108,2025.5637819109,2025.86575342466,SRR36582225|A/mallard_duck/WI/25G04982-005/2025|H5N1|USA-WI|Oconto|2025-11-13|wild_avian|D1.1,Central,Mississippi
979,534,0.270373998677626,-84.8086426075126,32.8123496010433,-84.5389080397006,34.0342394971777,1.33258257056829,1.06220857189066,2025.59537942598,2025.86575342466,SRR36538281|A/black_vulture/GA/25G04368-001/2025|H5N1|USA-GA|Houston|2025-11-13|wild_avian|D1.1,Atlantic,Atlantic
757,488,0.183372011351439,-114.888903389195,45.4959053768152,-113.168730747204,40.9012408663191,1.33258257056829,1.14921055921685,2025.68238141331,2025.86575342466,SRR36406292|A/red_tailed_hawk/OR/25G04259-001/2025|H5N1|USA-OR|Klamath|2025-11-13|wild_avian|D1.1,Pacific,Pacific
786,452,0.293208269510494,-88.3848652619936,45.7620146135371,-80.5183887562982,35.8181662831392,1.33532229659587,1.04211402708538,2025.57528488117,2025.86849315069,SRR36406424|A/trumpeter_swan/MN/25G04483-001/2025|H5N1|USA-MN|Rice|2025-11-14|wild_avian|D1.1,Mississippi,Mississippi
797,424,0.320284925574361,-109.272355474306,33.9044500851651,-106.157541247033,32.8505786031259,1.33806202262323,1.01777709704887,2025.55094795114,2025.87123287671,SRR36406281|A/trumpeter_swan/WY/25G04344-003/2025|H5N1|USA-WY|Lincoln|2025-11-15|wild_avian|D1.1,Pacific,Pacific
736,467,0.280036754681484,-107.703535852237,41.933798017084,-111.409353605381,39.2084613364324,1.33806202262323,1.05802526794174,2025.59119612203,2025.87123287671,SRR36406282|A/trumpeter_swan/WY/25G04344-002/2025|H5N1|USA-WY|Lincoln|2025-11-15|wild_avian|D1.1,Pacific,Pacific
729,422,0.371599080469043,-94.1332573664084,44.8428059512059,-98.6679635359196,38.3756382417052,1.34080174865059,0.969202668181543,2025.50237352227,2025.87397260274,SRR36538390|A/american_black_duck/OH/25G04930-025/2025|H5N1|USA-OH|Ottawa|2025-11-16|wild_avian|D1.1,Mississippi,Mississippi
804,437,0.27523601633954,-100.221613274049,37.4802592981205,-110.909852340373,34.7867686290604,1.34080174865059,1.06556573231105,2025.5987365864,2025.87397260274,SRR36406371|A/canvasback_duck/IL/25G04631-002/2025|H5N1|USA-IL|Jefferson|2025-11-16|wild_avian|D1.1,Central,Mississippi
788,449,0.284381661702323,-88.338622627792,40.491299090462,-93.2859804848578,30.5451568196522,1.34354147467794,1.05915981297562,2025.59233066706,2025.87671232877,SRR36406429|A/mallard_duck/IL/25G04430-008/2025|H5N1|USA-IL|Clinton|2025-11-17|wild_avian|D1.1,Atlantic,Mississippi
849,347,0.279089465166605,-97.0409949318972,34.2641463110591,-100.699703341593,36.3900991907876,1.3462812007053,1.0671917355387,2025.60036258963,2025.87945205479,SRR36538338|A/wild_goose/TX/25G04760-001/2025|H5N1|USA-TX|Potter|2025-11-18|wild_avian|D1.1,Central,Central
847,349,0.240855092905072,-103.763148040857,34.6632457347657,-103.768963861516,34.1013475732731,1.3462812007053,1.10542610780023,2025.63859696189,2025.87945205479,SRR36538318|A/canada_goose/CO/25G04853-001/2025|H5N1|USA-CO|Larimer|2025-11-18|wild_avian|D1.1,Pacific,Central
765,478,0.187710901023091,-112.40177502526,32.2508773110353,-110.308153162734,36.9069647026781,1.3462812007053,1.15857029968221,2025.69174115377,2025.87945205479,SRR36538351|A/trumpeter_swan/WA/25G04846-002/2025|H5N1|USA-WA|Snohomish|2025-11-18|wild_avian|D1.1,Pacific,Pacific
1338,22,1.06178998394718,-81.0628107233882,35.9211111891035,-88.4030014083924,39.0789217837689,1.35176065276024,0.289970668813061,2024.8231415229,2025.88493150685,SRR36582238|A/Black_vulture/SC/25G05160-001/2025|H5N1|USA-SC|Charleston|2025-11-20|wild_avian|D1.1,Atlantic,Atlantic
1113,272,0.510321415151938,-89.7636994639724,35.6884549830883,-88.2650466457628,36.1980324954782,1.35176065276024,0.841439237608305,2025.3746100917,2025.88493150685,SRR36538271|A/black_vulture/AR/25G04946-001/2025|H5N1|USA-AR|Washington|2025-11-20|wild_avian|D1.1,Mississippi,Mississippi
782,430,0.3276641643141,-100.477923496194,33.4011591451901,-81.0233108284706,26.8552036872634,1.35176065276024,1.02409648844614,2025.55726734254,2025.88493150685,SRR36538343|A/western_gull/CA/25G04840-001/2025|H5N1|USA-CA|Contra_Costa|2025-11-20|wild_avian|D1.1,Central,Pacific
725,415,0.323333038697496,-115.459137507583,35.9257728668058,-101.788493670383,44.9636688135965,1.35176065276024,1.02842761406275,2025.56159846815,2025.88493150685,SRR36538357|A/snow_goose/OK/25G05185-001/2025|H5N1|USA-OK|Cleveland|2025-11-20|wild_avian|D1.1,Pacific,Central
814,454,0.286934081960032,-107.376532916262,38.3760199839945,-93.1700584773318,34.3281382160005,1.35176065276024,1.06482657080021,2025.59799742489,2025.88493150685,SRR36538375|A/red_tailed_hawk/CA/25G04838-002/2025|H5N1|USA-CA|Sacramento|2025-11-20|wild_avian|D1.1,Pacific,Pacific
762,485,0.216297220511393,-101.86641217756,39.0860546667572,-102.714273703162,47.7151536482886,1.35176065276024,1.13546343224885,2025.66863428634,2025.88493150685,SRR36538363|A/ross_s_goose/SD/25G04635-003/2025|H5N1|USA-SD|McPherson|2025-11-20|wild_avian|D1.1,Central,Central
749,499,0.238788494363986,-100.630865498413,41.025741846171,-92.1162577126368,42.5268066531923,1.3545003787876,1.11571188442361,2025.64888273851,2025.88767123288,SRR36582215|A/ring_necked_duck/WI/25G05226-008/2025|H5N1|USA-WI|Burnet|2025-11-21|wild_avian|D1.1,Central,Mississippi
726,420,0.380364716785883,-117.536604079744,35.6757197169476,-79.6758931169044,36.8502002086008,1.35724010481496,0.976875388029074,2025.51004624212,2025.8904109589,SRR36582245|A/american_green_winged_teal/VA/25G05021-005/2025|H5N1|USA-VA|Surry|2025-11-22|wild_avian|D1.1,Pacific,Atlantic
760,484,0.325542334415108,-101.962645848725,39.0537921483147,-72.668152956868,41.6714707146628,1.35724010481496,1.03169777039985,2025.56486862449,2025.8904109589,SRR36538305|A/greater_scaup/VA/25G04885-001/2025|H5N1|USA-VA|Suffolk|2025-11-22|wild_avian|D1.1,Central,Atlantic
787,448,0.315065074427828,-88.2733333618478,46.0343238698818,-83.5991521948776,44.1103994993592,1.35724010481496,1.04217503038713,2025.57534588448,2025.8904109589,SRR36582243|A/american_green_winged_teal/GA/25G05285-010/2025|H5N1|USA-GA|McIntosh|2025-11-22|wild_avian|D1.1,Mississippi,Atlantic
744,494,0.304665254574343,-104.070410477592,46.016264874865,-113.631803578069,32.2467262841548,1.35724010481496,1.05257485024061,2025.58574570433,2025.8904109589,SRR36538366|A/ring_necked_duck/FL/25G04963-061/2025|H5N1|USA-FL|Lake|2025-11-22|wild_avian|D1.1,Central,Atlantic
752,502,0.341199680962198,-108.852719456357,37.3253683026055,-96.7956648629322,29.4799684496444,1.36271955686967,1.02151987590747,2025.55469073,2025.89589041096,SRR36538359|A/snow_goose/MO/25G04856-004/2025|H5N1|USA-MO|Clay|2025-11-24|wild_avian|D1.1,Pacific,Mississippi
874,393,0.326512732253489,-92.1244555745041,39.8940809558186,-92.1621499760711,39.8725325406215,1.36271955686967,1.03620682461618,2025.56937767871,2025.89589041096,SRR36538288|A/bald_eagle/MI/25G04925-001/2025|H5N1|USA-MI|Saginaw|2025-11-24|wild_avian|D1.1,Mississippi,Mississippi
844,358,0.295801179215354,-93.5446754583093,40.9137109961385,-88.2252533211486,33.5113607040564,1.36271955686967,1.06691837765432,2025.60008923174,2025.89589041096,SRR36538286|A/bald_eagle/MI/25G04925-005/2025|H5N1|USA-MI|Newaygo|2025-11-24|wild_avian|D1.1,Mississippi,Mississippi
799,426,0.148954153270429,-100.68667502203,35.9535984678729,-98.8578905858149,43.4918414164221,1.36271955686967,1.21376540359924,2025.74693625769,2025.89589041096,SRR36538302|A/mallard_duck/MO/25G04856-003/2025|H5N1|USA-MO|St_Louis|2025-11-24|wild_avian|D1.1,Central,Mississippi
1229,195,0.311898934890748,-83.0832330787807,34.7224537855053,-82.9207645165696,34.8877681543563,1.36545928289726,1.05356034800651,2025.5867312021,2025.89863013699,SRR36538317|A/canada_goose/NY/25G04881-001/2025|H5N1|USA-NY|Chemung|2025-11-25|wild_avian|D1.1,Atlantic,Atlantic
802,436,0.31078487521019,-98.9412760546817,38.8798469831996,-115.570384061725,47.3523751514226,1.36545928289726,1.05467440768707,2025.58784526178,2025.89863013699,SRR36582221|A/Mute_swan/SC/25G05056-001/2025|H5N1|USA-SC|Sumter|2025-11-25|wild_avian|D1.1,Central,Atlantic
1225,202,0.305903506888522,-76.6929174035983,37.700938724968,-76.8275719621597,36.977886319759,1.36545928289726,1.05955577600873,2025.5927266301,2025.89863013699,SRR36538185|A/Domestic_goose/ME/25G04880-003/2025|H5N1|USA-ME|Penobscot|2025-11-25|domestic_avian|D1.1,Atlantic,Atlantic
748,501,0.267507184093562,-95.0694678712542,42.1113652038091,-118.613519804909,45.6521839775878,1.36545928289726,1.0979520988037,2025.63112295289,2025.89863013699,SRR36538193|A/Domestic_chicken/ME/25G05080-001/2025|H5N1|USA-ME|Penobscot|2025-11-25|domestic_avian|D1.1,Mississippi,Atlantic
761,487,0.231120882391117,-101.905536753801,39.1189333169869,-104.160461796806,31.9719396105486,1.36545928289726,1.13433840050614,2025.6675092546,2025.89863013699,SRR36582231|A/canada_goose/MT/25G05375-001/2025|H5N1|USA-MT|Roosevelt|2025-11-25|wild_avian|D1.1,Central,Central
789,450,0.256950044231793,-88.2928600690395,42.668297985549,-88.6428441611027,42.6091267494536,1.37093873495197,1.11398869072018,2025.64715954481,2025.90410958904,SRR36538195|A/Domestic_turkey/NC/25G05083-001/2025|H5N1|USA-NC|Wayne|2025-11-27|domestic_avian|D1.1,Atlantic,Atlantic
773,509,0.290442925611305,-81.3666415035816,28.8070259514988,-81.1004822257183,32.9411891049158,1.37367846097933,1.08323553536802,2025.61640638946,2025.90684931507,SRR36582240|A/Bald_eagle/NJ/25G05298-001/2025|H5N1|USA-NJ|Burlington|2025-11-28|wild_avian|D1.1,Atlantic,Atlantic
776,508,0.249906424639338,-80.9466193242438,25.1712353619526,-91.5722268143766,32.3510315340682,1.37641818700669,1.12651176236735,2025.65968261646,2025.9095890411,SRR36582196|A/Wood_duck/AL/25G05286-007/2025|H5N1|USA-AL|Barbour|2025-11-29|wild_avian|D1.1,Atlantic,Mississippi
809,439,0.281749858880224,-104.006881006995,39.6969307200482,-108.691919498667,43.1219740134765,1.37915791303404,1.09740805415382,2025.63057890824,2025.91232876712,SRR36582209|A/snow_goose/NE/25G05292-001/2025|H5N1|USA-NE|York|2025-11-30|wild_avian|D1.1,Central,Central
864,380,0.420955231364183,-96.9237761391261,30.5541636467542,-93.224536495093,30.6853696375593,1.38189763906163,0.960942407697445,2025.49411326179,2025.91506849315,SRR36582207|A/snow_goose/NE/25G05294-001/2025|H5N1|USA-NE|Sarpy|2025-12-01|wild_avian|D1.1,Mississippi,Central
744,493,0.329322788821014,-104.070410477592,46.016264874865,-108.220074128818,46.3162666106712,1.38189763906163,1.05257485024061,2025.58574570433,2025.91506849315,SRR36582206|A/snow_goose/NE/25G05295-001/2025|H5N1|USA-NE|Adams|2025-12-01|wild_avian|D1.1,Central,Central
750,498,0.319419743065108,-100.802392711565,40.7440380241262,-94.9200932751431,35.6141097074466,1.38189763906163,1.06247789599652,2025.59564875009,2025.91506849315,SRR36582197|A/wild_goose/TX/25G05380-001/2025|H5N1|USA-TX|Lubbock|2025-12-01|wild_avian|D1.1,Central,Central
767,481,0.228966746670942,-102.704151024929,37.2176695999185,-101.576997580412,34.772757133424,1.38189763906163,1.15293089239069,2025.68610174648,2025.91506849315,SRR36582205|A/snow_goose/MT/25G05372-001/2025|H5N1|USA-MT|Gallatin|2025-12-01|wild_avian|D1.1,Pacific,Pacific
738,469,0.437872074888327,-106.811362025903,35.4580019209685,-85.7583941412695,35.5389699734544,1.38463736508899,0.946765290200659,2025.47993614429,2025.91780821918,SRR36582198|A/Wild_duck/TX/25G05240-001/2025|H5N1|USA-TX|Galveston|2025-12-02|wild_avian|D1.1,Pacific,Central
748,490,0.286685266285291,-95.0694678712542,42.1113652038091,-90.5695028487733,41.6767563673344,1.38463736508899,1.0979520988037,2025.63112295289,2025.91780821918,SRR36538194|A/peafowl/WI/25G05091-001/2025|H5N1|USA-WI|Marquette|2025-12-02|wild_avian|D1.1,Mississippi,Mississippi
751,495,0.26593347466437,-99.8434874740697,41.0160497953331,-99.743187596073,41.2399974298388,1.38463736508899,1.11870389042462,2025.65187474451,2025.91780821918,SRR36582213|A/snow_goose/KS/25G05234-001/2025|H5N1|USA-KS|Riley|2025-12-02|wild_avian|D1.1,Central,Central
785,458,0.331041497563173,-101.753347119004,36.4469816816844,-104.788627191665,42.6474249792602,1.38737709111634,1.05633559355317,2025.58950644764,2025.92054794521,SRR36538358|A/snow_goose/IA/25G05071-001/2025|H5N1|USA-IA|Story|2025-12-03|wild_avian|D1.1,Central,Mississippi
766,477,0.252787407043289,-110.959397271918,32.2449234568743,-117.788449598548,35.5722692367334,1.39285654317106,1.14006913612777,2025.67323999022,2025.92602739726,SRR36582220|A/Raccoon/WA/25G05425-001/2025|H5N1|USA-WA|San_Juan|2025-12-05|other_mammal|D1.1,Pacific,Pacific
