node1,node2,length,startLon,startLat,endLon,endLat,endNodeL,startNodeL,startYear,endYear,tipLabel,startFlyway,endFlyway
679,680,0.00742099327920687,-116.833218113599,44.8105510193925,-117.013958918839,36.2403065789035,0.00742099327920687,0,2024.54264870496,2024.55006969824,NA,Pacific,Pacific
680,681,0.00397890149166646,-117.013958918839,36.2403065789035,-117.076767047332,35.6702809608171,0.0113998947708733,0.00742099327920687,2024.55006969824,2024.55404859973,NA,Pacific,Pacific
680,1203,0.0110310317248596,-117.013958918839,36.2403065789035,-116.629669307366,34.7291572600857,0.0184520250040665,0.00742099327920687,2024.55006969824,2024.56110072996,NA,Pacific,Pacific
681,803,0.0179721083361775,-117.076767047332,35.6702809608171,-115.697944928838,34.6565028937139,0.0293720031070508,0.0113998947708733,2024.55404859973,2024.57202070807,NA,Pacific,Pacific
1203,1224,0.013565724607155,-116.629669307366,34.7291572600857,-117.25100294629,34.2170087560208,0.0320177496112215,0.0184520250040665,2024.56110072996,2024.57466645457,NA,Pacific,Pacific
803,804,0.00369786023041341,-115.697944928838,34.6565028937139,-115.501273645768,34.8881803960594,0.0330698633374642,0.0293720031070508,2024.57202070807,2024.5757185683,NA,Pacific,Pacific
1224,1227,0.0172032084758742,-117.25100294629,34.2170087560208,-116.317948674955,35.3664868064372,0.0492209580870957,0.0320177496112215,2024.57466645457,2024.59186966305,NA,Pacific,Pacific
804,806,0.0162581052836068,-115.501273645768,34.8881803960594,-115.500805376521,34.6608184750661,0.049327968621071,0.0330698633374642,2024.5757185683,2024.59197667358,NA,Pacific,Pacific
1227,1240,0.0208209500713155,-116.317948674955,35.3664868064372,-112.661183903959,31.9417471797733,0.0700419081584112,0.0492209580870957,2024.59186966305,2024.61269061312,NA,Pacific,Pacific
1240,1241,0.00511269547668003,-112.661183903959,31.9417471797733,-115.721545638886,33.1171223545763,0.0751546036350912,0.0700419081584112,2024.61269061312,2024.61780330859,NA,Pacific,Central
681,682,0.0663092202717954,-117.076767047332,35.6702809608171,-118.624081815701,39.0732194026896,0.0777091150426688,0.0113998947708733,2024.55404859973,2024.62035782,NA,Pacific,Pacific
1241,1243,0.00453874035401536,-115.721545638886,33.1171223545763,-116.970146443642,39.7678029449452,0.0796933439891065,0.0751546036350912,2024.61780330859,2024.62234204895,NA,Central,Central
806,808,0.034777971218962,-115.500805376521,34.6608184750661,-115.982656239656,35.4544926169483,0.084105939840033,0.049327968621071,2024.59197667358,2024.6267546448,NA,Pacific,Pacific
682,683,0.00993141878216397,-118.624081815701,39.0732194026896,-110.242364783158,39.4705050750212,0.0876405338248327,0.0777091150426688,2024.62035782,2024.63028923878,NA,Pacific,Central
1203,1204,0.0700229149477252,-116.629669307366,34.7291572600857,-115.979675836621,34.5719414941164,0.0884749399517917,0.0184520250040665,2024.56110072996,2024.63112364491,NA,Pacific,Pacific
679,1350,0.0894934232601872,-116.833218113599,44.8105510193925,-120.142205895041,43.9435842963663,0.0894934232601872,0,2024.54264870496,2024.63214212822,NA,Pacific,Pacific
808,809,0.00572760230014246,-115.982656239656,35.4544926169483,-115.974749184915,35.461605043485,0.0898335421401755,0.084105939840033,2024.6267546448,2024.6324822471,NA,Pacific,Pacific
1350,1351,0.0125827305207711,-120.142205895041,43.9435842963663,-111.50888780874,40.1960772907574,0.102076153780958,0.0894934232601872,2024.63214212822,2024.64472485874,NA,Pacific,Central
809,810,0.0166391125112642,-115.974749184915,35.461605043485,-115.778124916407,34.049339921142,0.10647265465144,0.0898335421401755,2024.6324822471,2024.64912135961,NA,Pacific,Pacific
810,1145,0.000506141320374631,-115.778124916407,34.049339921142,-115.78727463774,34.0449743801285,0.106978795971814,0.10647265465144,2024.64912135961,2024.64962750093,NA,Pacific,Pacific
683,800,0.0213612162065013,-110.242364783158,39.4705050750212,-111.578858627941,40.7295152382277,0.109001750031334,0.0876405338248327,2024.63028923878,2024.65165045499,NA,Central,Central
683,684,0.0274850348986573,-110.242364783158,39.4705050750212,-108.466354345773,41.5718868473922,0.11512556872349,0.0876405338248327,2024.63028923878,2024.65777427368,NA,Central,Central
684,685,0.00786744123231209,-108.466354345773,41.5718868473922,-108.326180330136,38.7083747617858,0.122993009955802,0.11512556872349,2024.65777427368,2024.66564171491,NA,Central,Central
1204,1205,0.0347555667544068,-115.979675836621,34.5719414941164,-117.374016807418,36.5412106365778,0.123230506706199,0.0884749399517917,2024.63112364491,2024.66587921166,NA,Pacific,Pacific
1227,1228,0.0756599789130277,-116.317948674955,35.3664868064372,-117.125986631111,39.6218894894761,0.124880937000123,0.0492209580870957,2024.59186966305,2024.66752964196,NA,Pacific,Central
810,811,0.0208069405936704,-115.778124916407,34.049339921142,-113.351158333615,35.1851762757099,0.12727959524511,0.10647265465144,2024.64912135961,2024.6699283002,NA,Pacific,Central
1228,1231,0.00450969279976965,-117.125986631111,39.6218894894761,-115.344268281112,40.4407078052465,0.129390629799893,0.124880937000123,2024.66752964196,2024.67203933476,NA,Central,Central
1231,1232,0.000143644887192318,-115.344268281112,40.4407078052465,-115.289558823061,40.2468855528525,0.129534274687085,0.129390629799893,2024.67203933476,2024.67218297965,NA,Central,Central
685,698,0.00815966053976003,-108.326180330136,38.7083747617858,-108.079518505149,38.566954235764,0.131152670495562,0.122993009955802,2024.66564171491,2024.67380137545,NA,Central,Central
1243,1244,0.0518420944379134,-116.970146443642,39.7678029449452,-103.622656701285,38.4034152218348,0.13153543842702,0.0796933439891065,2024.62234204895,2024.67418414339,NA,Central,Mississippi
809,1150,0.0430638193973478,-115.974749184915,35.461605043485,-114.419903052395,33.8491374667751,0.132897361537523,0.0898335421401755,2024.6324822471,2024.6755460665,NA,Pacific,Central
811,812,0.00582500380747208,-113.351158333615,35.1851762757099,-113.439876221077,35.4886709582028,0.133104599052582,0.12727959524511,2024.6699283002,2024.67575330401,NA,Central,Central
1224,1225,0.101531684270406,-117.25100294629,34.2170087560208,-117.53366343415,34.4562764792289,0.133549433881627,0.0320177496112215,2024.57466645457,2024.67619813884,NA,Pacific,Pacific
812,1141,0.00172199321653421,-113.439876221077,35.4886709582028,-113.394653921044,35.4575798061376,0.134826592269116,0.133104599052582,2024.67575330401,2024.67747529723,NA,Central,Central
1232,1233,0.00562074468692253,-115.289558823061,40.2468855528525,-115.239319053171,40.017268785132,0.135155019374008,0.129534274687085,2024.67218297965,2024.67780372433,NA,Central,Central
1244,1332,0.00378501186749891,-103.622656701285,38.4034152218348,-104.354531064405,38.9613003649428,0.135320450294519,0.13153543842702,2024.67418414339,2024.67796915525,NA,Mississippi,Mississippi
812,813,0.00318027399104315,-113.439876221077,35.4886709582028,-110.712886615054,35.1798575243628,0.136284873043625,0.133104599052582,2024.67575330401,2024.678933578,NA,Central,Central
813,915,0.00479283535862174,-110.712886615054,35.1798575243628,-110.571080136286,35.1331664424687,0.141077708402247,0.136284873043625,2024.678933578,2024.68372641336,NA,Central,Central
813,814,0.00807879527585276,-110.712886615054,35.1798575243628,-111.503320127645,34.7505104939288,0.144363668319478,0.136284873043625,2024.678933578,2024.68701237328,NA,Central,Central
1150,1188,0.0133985590118206,-114.419903052395,33.8491374667751,-112.950645189725,34.4772694517083,0.146295920549344,0.132897361537523,2024.6755460665,2024.68894462551,NA,Central,Central
1141,1142,0.0136111382134911,-113.394653921044,35.4575798061376,-115.450040838357,38.0151506333721,0.148437730482607,0.134826592269116,2024.67747529723,2024.69108643544,NA,Central,Central
814,847,0.00469482612091365,-111.503320127645,34.7505104939288,-111.477602783179,34.821463462996,0.149058494440392,0.144363668319478,2024.68701237328,2024.6917071994,NA,Central,Central
1205,1218,0.027505407503853,-117.374016807418,36.5412106365778,-118.833279312641,37.1671989484889,0.150735914210052,0.123230506706199,2024.66587921166,2024.69338461917,NA,Pacific,Pacific
1188,1190,0.00553869713961852,-112.950645189725,34.4772694517083,-112.723483200044,38.2452092281748,0.151834617688962,0.146295920549344,2024.68894462551,2024.69448332265,NA,Central,Pacific
814,815,0.00758405457757871,-111.503320127645,34.7505104939288,-111.250521229708,35.0405040424196,0.151947722897057,0.144363668319478,2024.68701237328,2024.69459642786,NA,Central,Central
1142,1143,0.00385614795045131,-115.450040838357,38.0151506333721,-115.651426949452,38.5766083768,0.152293878433059,0.148437730482607,2024.69108643544,2024.69494258339,NA,Central,Central
1218,1219,0.00303016876049034,-118.833279312641,37.1671989484889,-122.125015026218,37.4011889423096,0.153766082970542,0.150735914210052,2024.69338461917,2024.69641478793,NA,Pacific,Pacific
1350,1354,0.0652260779614153,-120.142205895041,43.9435842963663,-118.128710975587,43.9803454381636,0.154719501221602,0.0894934232601872,2024.63214212822,2024.69736820618,NA,Pacific,Pacific
1190,1191,0.00379464375629013,-112.723483200044,38.2452092281748,-112.845005167855,38.0861737942271,0.155629261445253,0.151834617688962,2024.69448332265,2024.6982779664,NA,Pacific,Pacific
1205,1206,0.0324436129104653,-117.374016807418,36.5412106365778,-116.150694833735,41.2071805758039,0.155674119616664,0.123230506706199,2024.66587921166,2024.69832282458,NA,Pacific,Pacific
815,816,0.0046162073323277,-111.250521229708,35.0405040424196,-112.532086179437,34.9648367904877,0.156563930229384,0.151947722897057,2024.69459642786,2024.69921263519,NA,Central,Pacific
806,807,0.107576146789957,-115.500805376521,34.6608184750661,-112.863377289716,46.7687088028556,0.156904115411028,0.049327968621071,2024.59197667358,2024.69955282037,NA,Pacific,Pacific
847,848,0.00861084943588941,-111.477602783179,34.821463462996,-111.736471259272,33.9273826354179,0.157669343876281,0.149058494440392,2024.6917071994,2024.70031804883,NA,Central,Central
1244,1245,0.0266832620345998,-103.622656701285,38.4034152218348,-103.826743217258,42.0657158828139,0.15821870046162,0.13153543842702,2024.67418414339,2024.70086740542,NA,Mississippi,Mississippi
1190,1196,0.00726646422869814,-112.723483200044,38.2452092281748,-112.870226218905,38.6416080893378,0.159101081917661,0.151834617688962,2024.69448332265,2024.70174978688,NA,Pacific,Pacific
816,817,0.00294299968208245,-112.532086179437,34.9648367904877,-113.42649581522,33.4835860005966,0.159506929911467,0.156563930229384,2024.69921263519,2024.70215563487,NA,Pacific,Central
915,1127,0.0186993502492272,-110.571080136286,35.1331664424687,-111.152300267696,34.9356998198262,0.159777058651474,0.141077708402247,2024.68372641336,2024.70242576361,NA,Central,Central
698,779,0.0294869386567995,-108.079518505149,38.566954235764,-115.50941183168,41.4305974412873,0.160639609152362,0.131152670495562,2024.67380137545,2024.70328831411,NA,Central,Mississippi
1354,1355,0.00658407685829698,-118.128710975587,43.9803454381636,-123.00646014576,47.7426556518881,0.161303578079899,0.154719501221602,2024.69736820618,2024.70395228304,NA,Pacific,Central
1206,1208,0.00572908677896988,-116.150694833735,41.2071805758039,-116.975305960231,41.3667462761176,0.161403206395634,0.155674119616664,2024.69832282458,2024.70405191135,NA,Pacific,Central
1191,1192,0.00586559391199848,-112.845005167855,38.0861737942271,-112.85965074532,38.6471467814275,0.161494855357251,0.155629261445253,2024.6982779664,2024.70414356032,NA,Pacific,Pacific
847,894,0.0132886164593131,-111.477602783179,34.821463462996,-111.682157697402,34.9078801463944,0.162347110899705,0.149058494440392,2024.6917071994,2024.70499581586,NA,Central,Central
894,895,0.000286256778611493,-111.682157697402,34.9078801463944,-111.921862847075,34.8532270866123,0.162633367678316,0.162347110899705,2024.70499581586,2024.70528207264,NA,Central,Central
1150,1151,0.0304987847879628,-114.419903052395,33.8491374667751,-121.552765228235,37.9313763376688,0.163396146325486,0.132897361537523,2024.6755460665,2024.70604485128,NA,Central,Central
895,906,0.000969970573736489,-111.921862847075,34.8532270866123,-112.19696063357,34.9015753605551,0.163603338252053,0.162633367678316,2024.70528207264,2024.70625204321,NA,Central,Central
698,699,0.0330283372972027,-108.079518505149,38.566954235764,-105.868607331873,39.1459789694575,0.164181007792765,0.131152670495562,2024.67380137545,2024.70682971275,NA,Central,Mississippi
1151,1162,0.000938650658981466,-121.552765228235,37.9313763376688,-121.893987575861,38.5611717513978,0.164334796984468,0.163396146325486,2024.70604485128,2024.70698350194,NA,Central,Central
1162,1163,0.000240077749627421,-121.893987575861,38.5611717513978,-122.01181433506,38.8706465355389,0.164574874734095,0.164334796984468,2024.70698350194,2024.70722357969,NA,Central,Central
915,916,0.0235036827678508,-110.571080136286,35.1331664424687,-114.143490315856,37.2657168418464,0.164581391170098,0.141077708402247,2024.68372641336,2024.70723009613,NA,Central,Pacific
916,917,0.000680979331521003,-114.143490315856,37.2657168418464,-114.02489639266,37.1659219947833,0.165262370501619,0.164581391170098,2024.70723009613,2024.70791107546,NA,Pacific,Pacific
1127,1128,0.00559639340362161,-111.152300267696,34.9356998198262,-110.344728893495,34.7098058728679,0.165373452055096,0.159777058651474,2024.70242576361,2024.70802215701,NA,Central,Central
800,801,0.0567972491945719,-111.578858627941,40.7295152382277,-111.763238210468,40.7054468406558,0.165798999225906,0.109001750031334,2024.65165045499,2024.70844770418,NA,Central,Central
1162,1183,0.00161472875745772,-121.893987575861,38.5611717513978,-120.989964856855,38.8328666976637,0.165949525741925,0.164334796984468,2024.70698350194,2024.7085982307,NA,Central,Central
1245,1246,0.00963865290011223,-103.826743217258,42.0657158828139,-102.133776538837,47.2960175417323,0.167857353361732,0.15821870046162,2024.70086740542,2024.71050605832,NA,Mississippi,Mississippi
917,918,0.00321040250197724,-114.02489639266,37.1659219947833,-114.930424070197,37.5263747414986,0.168472773003596,0.165262370501619,2024.70791107546,2024.71112147796,NA,Pacific,Pacific
1332,1333,0.0341816218664557,-104.354531064405,38.9613003649428,-104.025781311758,34.9446508128468,0.169502072160975,0.135320450294519,2024.67796915525,2024.71215077712,NA,Mississippi,Mississippi
1208,1209,0.00875237773506932,-116.975305960231,41.3667462761176,-117.069714668592,41.262830684393,0.170155584130703,0.161403206395634,2024.70405191135,2024.71280428909,NA,Central,Central
1163,1167,0.00587719574803724,-122.01181433506,38.8706465355389,-121.081521792951,39.3602967442936,0.170452070482132,0.164574874734095,2024.70722357969,2024.71310077544,NA,Central,Central
1245,1302,0.0125069296153424,-103.826743217258,42.0657158828139,-104.42422599592,41.6617657127282,0.170725630076962,0.15821870046162,2024.70086740542,2024.71337433504,NA,Mississippi,Mississippi
1143,1144,0.0184420678609432,-115.651426949452,38.5766083768,-116.062279676785,37.7329784705557,0.170735946294002,0.152293878433059,2024.69494258339,2024.71338465125,NA,Central,Central
1246,1247,0.00292970837463535,-102.133776538837,47.2960175417323,-102.167285571706,46.5868952741958,0.170787061736367,0.167857353361732,2024.71050605832,2024.71343576669,NA,Mississippi,Atlantic
1183,1184,0.00540978306443129,-120.989964856855,38.8328666976637,-118.813551872319,39.9727718314798,0.171359308806357,0.165949525741925,2024.7085982307,2024.71400801376,NA,Central,Mississippi
1128,1135,0.0064959191077234,-110.344728893495,34.7098058728679,-109.41986719088,34.5584691470708,0.171869371162819,0.165373452055096,2024.70802215701,2024.71451807612,NA,Central,Central
918,924,0.00355534868456786,-114.930424070197,37.5263747414986,-116.416747722914,38.7783195081559,0.172028121688164,0.168472773003596,2024.71112147796,2024.71467682665,NA,Pacific,Pacific
1333,1334,0.00263718211483366,-104.025781311758,34.9446508128468,-103.991169386924,34.9650074012695,0.172139254275808,0.169502072160975,2024.71215077712,2024.71478795923,NA,Mississippi,Mississippi
1208,1215,0.0113320379315145,-116.975305960231,41.3667462761176,-114.982153234233,38.7314198424995,0.172735244327148,0.161403206395634,2024.70405191135,2024.71538394929,NA,Central,Pacific
1247,1248,0.00280324138304344,-102.167285571706,46.5868952741958,-102.563801222387,46.1636304565853,0.173590303119411,0.170787061736367,2024.71343576669,2024.71623900808,NA,Atlantic,Atlantic
1135,1136,0.00192993015915244,-109.41986719088,34.5584691470708,-111.20091857863,34.4239864518071,0.173799301321972,0.171869371162819,2024.71451807612,2024.71644800628,NA,Central,Central
685,686,0.0511261690101161,-108.326180330136,38.7083747617858,-105.177725113042,37.9569484767892,0.174119178965918,0.122993009955802,2024.66564171491,2024.71676788392,NA,Central,Central
906,907,0.0107085504140541,-112.19696063357,34.9015753605551,-112.917623869012,35.0331903061605,0.174311888666107,0.163603338252053,2024.70625204321,2024.71696059362,NA,Central,Central
1225,1226,0.0408681414370045,-117.53366343415,34.4562764792289,-116.354595700068,35.4263641307087,0.174417575318632,0.133549433881627,2024.67619813884,2024.71706628028,NA,Pacific,Pacific
1218,1221,0.0236931892823171,-118.833279312641,37.1671989484889,-118.046954886831,37.2953324242611,0.174429103492369,0.150735914210052,2024.69338461917,2024.71707780845,NA,Pacific,Pacific
1302,1319,0.00401414460424099,-104.42422599592,41.6617657127282,-104.35916649567,41.7471890554577,0.174739774681203,0.170725630076962,2024.71337433504,2024.71738847964,NA,Mississippi,Mississippi
817,832,0.0153017178253445,-113.42649581522,33.4835860005966,-118.086963743002,41.2845543513301,0.174808647736811,0.159506929911467,2024.70215563487,2024.7174573527,NA,Central,Central
1204,1222,0.0865418865628804,-115.979675836621,34.5719414941164,-106.478718017042,38.6760492199187,0.175016826514672,0.0884749399517917,2024.63112364491,2024.71766553147,NA,Pacific,Pacific
779,780,0.0144767619251482,-115.50941183168,41.4305974412873,-106.89803238906,40.2681254521808,0.17511637107751,0.160639609152362,2024.70328831411,2024.71776507604,NA,Mississippi,Mississippi
1333,1339,0.00562208363272698,-104.025781311758,34.9446508128468,-103.222210205754,38.4419794446652,0.175124155793702,0.169502072160975,2024.71215077712,2024.71777286075,NA,Mississippi,Mississippi
918,919,0.00725804917499628,-114.930424070197,37.5263747414986,-115.422924394549,37.340690665427,0.175730822178592,0.168472773003596,2024.71112147796,2024.71837952714,NA,Pacific,Pacific
1196,1197,0.0168728039735033,-112.870226218905,38.6416080893378,-112.687034760299,38.8251660075393,0.175973885891164,0.159101081917661,2024.70174978688,2024.71862259085,NA,Pacific,Pacific
816,842,0.0206308789151524,-112.532086179437,34.9648367904877,-110.876856230689,35.9214413428657,0.177194809144537,0.156563930229384,2024.69921263519,2024.7198435141,NA,Pacific,Pacific
1222,1223,0.00252524653383301,-106.478718017042,38.6760492199187,-107.914477248358,40.1367600235653,0.177542073048505,0.175016826514672,2024.71766553147,2024.72019077801,NA,Pacific,Pacific
895,896,0.0149871007154228,-111.921862847075,34.8532270866123,-107.562576659458,37.6348453159825,0.177620468393739,0.162633367678316,2024.70528207264,2024.72026917335,NA,Central,Pacific
1151,1152,0.0142795953813568,-121.552765228235,37.9313763376688,-120.795307124394,38.0809564286326,0.177675741706843,0.163396146325486,2024.70604485128,2024.72032444667,NA,Central,Central
1247,1284,0.00697442899098677,-102.167285571706,46.5868952741958,-100.743370961479,47.6843306728307,0.177761490727354,0.170787061736367,2024.71343576669,2024.72041019569,NA,Atlantic,Mississippi
1215,1216,0.00502649871734984,-114.982153234233,38.7314198424995,-112.700311567027,39.6717996969309,0.177761743044498,0.172735244327148,2024.71538394929,2024.720410448,NA,Pacific,Pacific
1248,1249,0.00450901829463457,-102.563801222387,46.1636304565853,-101.231505650481,48.0991902764306,0.178099321414045,0.173590303119411,2024.71623900808,2024.72074802637,NA,Atlantic,Mississippi
1248,1279,0.00510068479650183,-102.563801222387,46.1636304565853,-101.946783769836,47.8474112539306,0.178690987915913,0.173590303119411,2024.71623900808,2024.72133969287,NA,Atlantic,Atlantic
848,852,0.0211610034417791,-111.736471259272,33.9273826354179,-87.8300592334422,33.0097926211286,0.17883034731806,0.157669343876281,2024.70031804883,2024.72147905228,NA,Central,Mississippi
896,901,0.00142500460790784,-107.562576659458,37.6348453159825,-106.866009802922,37.5071974713414,0.179045473001647,0.177620468393739,2024.72026917335,2024.72169417796,NA,Pacific,Pacific
1334,1335,0.00698464620870842,-103.991169386924,34.9650074012695,-101.146380404889,32.7357025106035,0.179123900484517,0.172139254275808,2024.71478795923,2024.72177260544,NA,Mississippi,Mississippi
1127,1138,0.019367921544857,-111.152300267696,34.9356998198262,-108.057431642916,37.2106420244498,0.179144980196331,0.159777058651474,2024.70242576361,2024.72179368515,NA,Central,Central
780,781,0.00403843019533134,-106.89803238906,40.2681254521808,-106.694073329506,40.2168643577052,0.179154801272841,0.17511637107751,2024.71776507604,2024.72180350623,NA,Mississippi,Mississippi
1249,1250,0.00110196149724828,-101.231505650481,48.0991902764306,-101.182680343852,47.1927548060431,0.179201282911294,0.178099321414045,2024.72074802637,2024.72184998787,NA,Mississippi,Mississippi
1228,1229,0.0545260402492784,-117.125986631111,39.6218894894761,-105.393156004286,44.1682819724991,0.179406977249402,0.124880937000123,2024.66752964196,2024.72205568221,NA,Central,Central
906,911,0.0158036869002351,-112.19696063357,34.9015753605551,-111.388940010441,40.3118321364644,0.179407025152288,0.163603338252053,2024.70625204321,2024.72205573011,NA,Central,Pacific
1232,1235,0.0500780117034512,-115.289558823061,40.2468855528525,-113.605313332513,42.6018728394734,0.179612286390537,0.129534274687085,2024.67218297965,2024.72226099135,NA,Central,Central
924,925,0.00778443466094325,-116.416747722914,38.7783195081559,-116.269743972953,37.6957854565683,0.179812556349107,0.172028121688164,2024.71467682665,2024.72246126131,NA,Pacific,Pacific
832,833,0.00508595053502181,-118.086963743002,41.2845543513301,-118.048790981297,41.2711343659338,0.179894598271833,0.174808647736811,2024.7174573527,2024.72254330323,NA,Central,Central
1235,1239,0.000355944712890244,-113.605313332513,42.6018728394734,-113.355862815045,42.7411724071067,0.179968231103427,0.179612286390537,2024.72226099135,2024.72261693606,NA,Central,Central
1196,1201,0.0212106539623669,-112.870226218905,38.6416080893378,-113.94225026258,40.1761250819546,0.180311735880027,0.159101081917661,2024.70174978688,2024.72296044084,NA,Pacific,Pacific
1209,1213,0.0101785687552467,-117.069714668592,41.262830684393,-112.753544807332,40.86752019364,0.18033415288595,0.170155584130703,2024.71280428909,2024.72298285784,NA,Central,Pacific
817,818,0.0210491036617491,-113.42649581522,33.4835860005966,-117.871434209328,36.1564255841568,0.180556033573216,0.159506929911467,2024.70215563487,2024.72320473853,NA,Central,Central
1145,1146,0.0736387332219324,-115.78727463774,34.0449743801285,-107.595352415676,39.7404052021992,0.180617529193747,0.106978795971814,2024.64962750093,2024.72326623415,NA,Pacific,Pacific
815,844,0.0286730011905698,-111.250521229708,35.0405040424196,-114.445947755423,41.9611574194007,0.180620724087627,0.151947722897057,2024.69459642786,2024.72326942905,NA,Central,Central
1215,1217,0.00788548619773377,-114.982153234233,38.7314198424995,-114.984149483973,38.5804387743213,0.180620730524882,0.172735244327148,2024.71538394929,2024.72326943548,NA,Pacific,Pacific
1319,1320,0.00609625794759516,-104.35916649567,41.7471890554577,-106.081451143921,44.2549715120685,0.180836032628798,0.174739774681203,2024.71738847964,2024.72348473759,NA,Mississippi,Mississippi
1128,1129,0.0158688035531909,-110.344728893495,34.7098058728679,-113.340462236822,33.3040091233821,0.181242255608287,0.165373452055096,2024.70802215701,2024.72389096057,NA,Central,Pacific
1191,1194,0.02562662394839,-112.845005167855,38.0861737942271,-112.507350205215,40.2765558218291,0.181255885393643,0.155629261445253,2024.6982779664,2024.72390459035,NA,Pacific,Pacific
1249,1277,0.00316641336332113,-101.231505650481,48.0991902764306,-101.381145619297,45.9337361108035,0.181265734777367,0.178099321414045,2024.72074802637,2024.72391443974,NA,Mississippi,Mississippi
844,845,0.000964785006038804,-114.445947755423,41.9611574194007,-116.788884888976,42.4618192406173,0.181585509093665,0.180620724087627,2024.72326942905,2024.72423421405,NA,Central,Central
919,920,0.00610306420064055,-115.422924394549,37.340690665427,-116.532821904866,36.0110273804323,0.181833886379233,0.175730822178592,2024.71837952714,2024.72448259134,NA,Pacific,Pacific
1197,1198,0.00598073352214756,-112.687034760299,38.8251660075393,-112.451123354833,38.8809415406696,0.181954619413311,0.175973885891164,2024.71862259085,2024.72460332437,NA,Pacific,Pacific
833,836,0.00246213060389056,-118.048790981297,41.2711343659338,-120.508410498353,41.1937538800005,0.182356728875724,0.179894598271833,2024.72254330323,2024.72500543383,NA,Central,Central
818,824,0.00200064199891625,-117.871434209328,36.1564255841568,-117.704411335713,35.6255933304128,0.182556675572132,0.180556033573216,2024.72320473853,2024.72520538053,NA,Central,Central
1351,1353,0.0805014832631854,-111.50888780874,40.1960772907574,-110.215683366367,39.2935966537315,0.182577637044144,0.102076153780958,2024.64472485874,2024.725226342,NA,Central,Central
1184,1187,0.0113790722420006,-118.813551872319,39.9727718314798,-116.155251171858,38.6404808361879,0.182738381048357,0.171359308806357,2024.71400801376,2024.72538708601,NA,Mississippi,Mississippi
1146,1148,0.00216193135953024,-107.595352415676,39.7404052021992,-107.661906128067,39.7154189608563,0.182779460553277,0.180617529193747,2024.72326623415,2024.72542816551,NA,Pacific,Pacific
1163,1164,0.0187103041223831,-122.01181433506,38.8706465355389,-118.06896087472,36.5036474489395,0.183285178856478,0.164574874734095,2024.70722357969,2024.72593388381,NA,Central,Central
1335,1336,0.00416966547567044,-101.146380404889,32.7357025106035,-101.341705988717,32.8654873583513,0.183293565960187,0.179123900484517,2024.72177260544,2024.72594227092,NA,Mississippi,Mississippi
911,912,0.00472102771865379,-111.388940010441,40.3118321364644,-110.77767400153,40.9027514573525,0.184128052870942,0.179407025152288,2024.72205573011,2024.72677675783,NA,Pacific,Pacific
1206,1207,0.0292047780718578,-116.150694833735,41.2071805758039,-104.37308372359,43.3736184628802,0.184878897688522,0.155674119616664,2024.69832282458,2024.72752760265,NA,Pacific,Pacific
1213,1214,0.00513393056920441,-112.753544807332,40.86752019364,-113.72108038498,38.9348565849624,0.185468083455154,0.18033415288595,2024.72298285784,2024.72811678841,NA,Pacific,Pacific
1167,1168,0.0155164836904609,-121.081521792951,39.3602967442936,-121.699120744552,39.8184336452511,0.185968554172593,0.170452070482132,2024.71310077544,2024.72861725913,NA,Central,Central
916,941,0.0217193429349138,-114.143490315856,37.2657168418464,-114.093731024068,37.0273568826498,0.186300734105012,0.164581391170098,2024.70723009613,2024.72894943906,NA,Pacific,Pacific
941,942,0.000784765311778068,-114.093731024068,37.0273568826498,-113.791334831807,37.1566807397749,0.18708549941679,0.186300734105012,2024.72894943906,2024.72973420438,NA,Pacific,Pacific
836,838,0.00509239742505185,-120.508410498353,41.1937538800005,-120.352388222506,41.6350092689613,0.187449126300776,0.182356728875724,2024.72500543383,2024.73009783126,NA,Central,Central
907,908,0.0132213285753597,-112.917623869012,35.0331903061605,-113.399571244958,33.4705977904375,0.187533217241467,0.174311888666107,2024.71696059362,2024.7301819222,NA,Central,Central
925,926,0.00823548400575258,-116.269743972953,37.6957854565683,-114.334904283847,38.1228075488598,0.18804804035486,0.179812556349107,2024.72246126131,2024.73069674531,NA,Pacific,Pacific
852,853,0.00975329711403905,-87.8300592334422,33.0097926211286,-87.7931477452692,33.0970622464666,0.188583644432099,0.17883034731806,2024.72147905228,2024.73123234939,NA,Mississippi,Mississippi
1235,1236,0.00923231244240541,-113.605313332513,42.6018728394734,-114.805864465342,46.2243226729428,0.188844598832942,0.179612286390537,2024.72226099135,2024.73149330379,NA,Central,Central
699,777,0.0253363819399666,-105.868607331873,39.1459789694575,-106.18056759935,39.2264874821021,0.189517389732731,0.164181007792765,2024.70682971275,2024.73216609469,NA,Mississippi,Mississippi
1164,1165,0.00651580856051726,-118.06896087472,36.5036474489395,-117.260771295268,36.9794170366607,0.189800987416995,0.183285178856478,2024.72593388381,2024.73244969238,NA,Central,Central
1284,1296,0.013592846823915,-100.743370961479,47.6843306728307,-100.630361320793,47.7436326850715,0.191354337551269,0.177761490727354,2024.72041019569,2024.73400304251,NA,Mississippi,Mississippi
1250,1254,0.0127909929544525,-101.182680343852,47.1927548060431,-102.566577957971,48.2296270640626,0.191992275865746,0.179201282911294,2024.72184998787,2024.73464098082,NA,Mississippi,Mississippi
1188,1189,0.0458868176981435,-112.950645189725,34.4772694517083,-122.132100888609,38.5576485006211,0.192182738247487,0.146295920549344,2024.68894462551,2024.73483144321,NA,Central,Central
779,799,0.0317051954737928,-115.50941183168,41.4305974412873,-114.484327854207,41.7630287406885,0.192344804626154,0.160639609152362,2024.70328831411,2024.73499350958,NA,Mississippi,Mississippi
713,714,0.00336716926375535,-72.4228798563375,42.0546568184731,-72.6837954968944,41.9332142221317,0.193285231654613,0.189918062390857,2024.73256676735,2024.73593393661,NA,Atlantic,Atlantic
1246,1297,0.0255472399050809,-102.133776538837,47.2960175417323,-100.65118973126,46.4541176139753,0.193404593266813,0.167857353361732,2024.71050605832,2024.73605329823,NA,Mississippi,Mississippi
1302,1303,0.0232510051862953,-104.42422599592,41.6617657127282,-105.504524262547,37.7973139967963,0.193976635263257,0.170725630076962,2024.71337433504,2024.73662534022,NA,Mississippi,Mississippi
942,943,0.00887126793783111,-113.791334831807,37.1566807397749,-114.809794887162,37.0631390504076,0.195956767354621,0.18708549941679,2024.72973420438,2024.73860547231,NA,Pacific,Pacific
1145,1149,0.0896219610097801,-115.78727463774,34.0449743801285,-110.196535251158,33.2655155019046,0.196600756981594,0.106978795971814,2024.64962750093,2024.73924946194,NA,Pacific,Pacific
853,854,0.00837833052907033,-87.7931477452692,33.0970622464666,-90.0632802365928,39.8470546021922,0.19696197496117,0.188583644432099,2024.73123234939,2024.73961067992,NA,Mississippi,Atlantic
1254,1255,0.00502295057355284,-102.566577957971,48.2296270640626,-102.614114266288,48.6605886823198,0.197015226439299,0.191992275865746,2024.73464098082,2024.7396639314,NA,Mississippi,Mississippi
1339,1349,0.0237491443838198,-103.222210205754,38.4419794446652,-101.759557233761,37.6168296852966,0.198873300177521,0.175124155793702,2024.71777286075,2024.74152200514,NA,Mississippi,Mississippi
804,805,0.166242837741046,-115.501273645768,34.8881803960594,-111.668652760238,35.583151001625,0.199312701078511,0.0330698633374642,2024.5757185683,2024.74196140604,NA,Pacific,Pacific
838,839,0.0120253468786087,-120.352388222506,41.6350092689613,-116.975033371866,44.7316403999802,0.199474473179384,0.187449126300776,2024.73009783126,2024.74212317814,NA,Central,Central
686,687,0.0277419346645535,-105.177725113042,37.9569484767892,-104.794586527794,39.2578577086938,0.201861113630472,0.174119178965918,2024.71676788392,2024.74450981859,NA,Central,Central
1254,1272,0.0114999770926962,-102.566577957971,48.2296270640626,-101.780509359629,45.2298170676223,0.203492252958442,0.191992275865746,2024.73464098082,2024.74614095792,NA,Mississippi,Atlantic
925,932,0.0239279314746987,-116.269743972953,37.6957854565683,-110.234545194469,45.1354291388669,0.203740487823806,0.179812556349107,2024.72246126131,2024.74638919278,NA,Pacific,Central
853,863,0.0162267436723555,-87.7931477452692,33.0970622464666,-87.8460852027443,32.2761277717075,0.204810388104455,0.188583644432099,2024.73123234939,2024.74745909306,NA,Mississippi,Mississippi
818,819,0.0243641883806351,-117.871434209328,36.1564255841568,-117.43299982581,37.6923857414518,0.204920221953851,0.180556033573216,2024.72320473853,2024.74756892691,NA,Central,Central
863,882,0.00040549837063808,-87.8460852027443,32.2761277717075,-87.7561927044478,32.1242434932455,0.205215886475093,0.204810388104455,2024.74745909306,2024.74786459143,NA,Mississippi,Mississippi
1129,1134,0.0255796574201386,-113.340462236822,33.3040091233821,-113.141127625142,32.220683846096,0.206821913028425,0.181242255608287,2024.72389096057,2024.74947061799,NA,Pacific,Pacific
901,902,0.029193077750058,-106.866009802922,37.5071974713414,-101.143530335139,41.5899597418605,0.208238550751705,0.179045473001647,2024.72169417796,2024.75088725571,NA,Pacific,Pacific
836,837,0.0259556728088972,-120.508410498353,41.1937538800005,-119.487793575254,41.0810977183766,0.208312401684621,0.182356728875724,2024.72500543383,2024.75096110664,NA,Central,Central
1284,1285,0.0305753875661618,-100.743370961479,47.6843306728307,-103.654890152208,41.0439669568322,0.208336878293516,0.177761490727354,2024.72041019569,2024.75098558325,NA,Mississippi,Mississippi
902,903,0.000926342699259841,-101.143530335139,41.5899597418605,-101.077018917598,41.65966668753,0.209164893450965,0.208238550751705,2024.75088725571,2024.75181359841,NA,Pacific,Pacific
1138,1139,0.0313962926793963,-108.057431642916,37.2106420244498,-108.163579178018,39.3483062390523,0.210541272875727,0.179144980196331,2024.72179368515,2024.75318997783,NA,Central,Central
1279,1280,0.0321146256591489,-101.946783769836,47.8474112539306,-100.446575859103,48.958393832502,0.210805613575062,0.178690987915913,2024.72133969287,2024.75345431853,NA,Atlantic,Atlantic
1351,1352,0.109101338939064,-111.50888780874,40.1960772907574,-109.549379779563,47.8382374523194,0.211177492720022,0.102076153780958,2024.64472485874,2024.75382619768,NA,Central,Pacific
1139,1140,0.000758359243590023,-108.163579178018,39.3483062390523,-108.166696669466,37.9138013532988,0.211299632119317,0.210541272875727,2024.75318997783,2024.75394833708,NA,Central,Central
943,944,0.0154274290208081,-114.809794887162,37.0631390504076,-116.866088984409,35.9079612582161,0.211384196375429,0.195956767354621,2024.73860547231,2024.75403290133,NA,Pacific,Pacific
942,1126,0.0258425706094665,-113.791334831807,37.1566807397749,-115.703795547531,36.542055397582,0.212928070026256,0.18708549941679,2024.72973420438,2024.75557677498,NA,Pacific,Pacific
1250,1251,0.0350600719985488,-101.182680343852,47.1927548060431,-102.998225628241,46.7884543896865,0.214261354909842,0.179201282911294,2024.72184998787,2024.75691005987,NA,Mississippi,Mississippi
1285,1286,0.00841450884052097,-103.654890152208,41.0439669568322,-104.138217220949,40.3937766585734,0.216751387134037,0.208336878293516,2024.75098558325,2024.75940009209,NA,Mississippi,Mississippi
1320,1322,0.0380973558160398,-106.081451143921,44.2549715120685,-106.826045822834,45.7211797000114,0.218933388444838,0.180836032628798,2024.72348473759,2024.7615820934,NA,Mississippi,Mississippi
780,794,0.0469765174569983,-106.89803238906,40.2681254521808,-88.0466228388773,33.450634941713,0.222092888534508,0.17511637107751,2024.71776507604,2024.76474159349,NA,Mississippi,Central
1152,1154,0.0449144128666923,-120.795307124394,38.0809564286326,-119.080500204722,36.737036051328,0.222590154573535,0.177675741706843,2024.72032444667,2024.76523885953,NA,Central,Central
882,883,0.0178903360615426,-87.7561927044478,32.1242434932455,-92.4819780232409,34.8516314696515,0.223106222536635,0.205215886475093,2024.74786459143,2024.76575492749,NA,Mississippi,Atlantic
920,921,0.0417064473187374,-116.532821904866,36.0110273804323,-111.632993930938,38.5422128623361,0.22354033369797,0.181833886379233,2024.72448259134,2024.76618903866,NA,Pacific,Central
1168,1169,0.0377905129105647,-121.699120744552,39.8184336452511,-121.241809254874,37.6837796292608,0.223759067083158,0.185968554172593,2024.72861725913,2024.76640777204,NA,Central,Mississippi
912,914,0.0411727124337637,-110.77767400153,40.9027514573525,-113.334449211232,38.5502045323784,0.225300765304705,0.184128052870942,2024.72677675783,2024.76794947026,NA,Pacific,Central
1184,1185,0.054398094711787,-118.813551872319,39.9727718314798,-119.533491904976,41.8243104915707,0.225757403518144,0.171359308806357,2024.71400801376,2024.76840610848,NA,Mississippi,Mississippi
1198,1199,0.0439071267128626,-112.451123354833,38.8809415406696,-115.485010039901,33.0570814256033,0.225861746126174,0.181954619413311,2024.72460332437,2024.76851045108,NA,Pacific,Pacific
926,927,0.0391707776431489,-114.334904283847,38.1228075488598,-110.598439698117,41.6513300440185,0.227218817998009,0.18804804035486,2024.73069674531,2024.76986752296,NA,Pacific,Pacific
808,1202,0.143263841954869,-115.982656239656,35.4544926169483,-118.365879713954,36.8822965411682,0.227369781794902,0.084105939840033,2024.6267546448,2024.77001848675,NA,Pacific,Pacific
1272,1273,0.0261009597469355,-101.780509359629,45.2298170676223,-99.9809998026502,48.3521365109628,0.229593212705378,0.203492252958442,2024.74614095792,2024.77224191766,NA,Atlantic,Mississippi
1339,1340,0.0553262519391093,-103.222210205754,38.4419794446652,-101.733618829791,40.0626642197378,0.230450407732811,0.175124155793702,2024.71777286075,2024.77309911269,NA,Mississippi,Mississippi
932,939,0.0269520467646551,-110.234545194469,45.1354291388669,-107.5495738737,46.3423539258241,0.230692534588461,0.203740487823806,2024.74638919278,2024.77334123955,NA,Central,Central
1336,1337,0.0481260104750627,-101.341705988717,32.8654873583513,-104.513569890427,32.4699256001451,0.23141957643525,0.183293565960187,2024.72594227092,2024.77406828139,NA,Mississippi,Mississippi
844,846,0.0508081024711977,-114.445947755423,41.9611574194007,-118.045500801389,38.1781741506675,0.231428826558824,0.180620724087627,2024.72326942905,2024.77407753152,NA,Central,Pacific
801,802,0.0656406111919761,-111.763238210468,40.7054468406558,-123.927191645746,40.5376466535204,0.231439610417882,0.165798999225906,2024.70844770418,2024.77408831538,NA,Central,Pacific
686,688,0.0577386871293883,-105.177725113042,37.9569484767892,-102.656278595696,42.9660864593791,0.231857866095307,0.174119178965918,2024.71676788392,2024.77450657105,NA,Central,Mississippi
1219,1220,0.0781816568239455,-122.125015026218,37.4011889423096,-122.128614211156,37.399599509558,0.231947739794487,0.153766082970542,2024.69641478793,2024.77459644475,NA,Pacific,Pacific
1241,1242,0.15696090315841,-115.721545638886,33.1171223545763,-104.546121008858,32.0559016999143,0.232115506793501,0.0751546036350912,2024.61780330859,2024.77476421175,NA,Central,Central
1322,1323,0.0132937700507487,-106.826045822834,45.7211797000114,-105.937016809002,48.0633312662074,0.232227158495587,0.218933388444838,2024.7615820934,2024.77487586345,NA,Mississippi,Mississippi
1185,1186,0.00649555188476825,-119.533491904976,41.8243104915707,-120.752751078224,37.0657935528691,0.232252955402912,0.225757403518144,2024.76840610848,2024.77490166036,NA,Mississippi,Mississippi
921,922,0.00907741714670296,-111.632993930938,38.5422128623361,-106.883954557877,39.3315613223665,0.232617750844673,0.22354033369797,2024.76618903866,2024.7752664558,NA,Central,Central
854,855,0.0357848200618087,-90.0632802365928,39.8470546021922,-89.9201031638338,39.8607839865497,0.232746795022978,0.19696197496117,2024.73961067992,2024.77539549998,NA,Atlantic,Atlantic
1164,1166,0.0502302708592972,-118.06896087472,36.5036474489395,-123.355293366905,38.9612946524315,0.233515449715775,0.183285178856478,2024.72593388381,2024.77616415467,NA,Central,Central
944,945,0.0221925268131273,-116.866088984409,35.9079612582161,-110.415873373531,37.284456694958,0.233576723188556,0.211384196375429,2024.75403290133,2024.77622542815,NA,Pacific,Central
926,930,0.0463934346363606,-114.334904283847,38.1228075488598,-114.642575449822,37.776578710605,0.23444147499122,0.18804804035486,2024.73069674531,2024.77709017995,NA,Pacific,Pacific
855,856,0.00227267549912691,-89.9201031638338,39.8607839865497,-89.7024665074906,39.9680026789664,0.235019470522105,0.232746795022978,2024.77539549998,2024.77766817548,NA,Atlantic,Atlantic
682,4,0.158330704588932,-118.624081815701,39.0732194026896,-116.755610300227,46.4872821810929,0.236039819631601,0.0777091150426688,2024.62035782,2024.77868852459,SRR34491317|A/mallard/NV/24-030919-002/2024|H5N1|USA-NV|Churchill|2024-10-12|wild_avian|D1.1,Pacific,Pacific
856,857,0.00107983105434206,-89.7024665074906,39.9680026789664,-89.9923646907295,39.9605912941156,0.236099301576447,0.235019470522105,2024.77766817548,2024.77874800653,NA,Atlantic,Atlantic
939,940,0.00551561773608311,-107.5495738737,46.3423539258241,-106.934288736897,46.5926221731094,0.236208152324544,0.230692534588461,2024.77334123955,2024.77885685728,NA,Central,Central
1194,1195,0.0550004041907686,-112.507350205215,40.2765558218291,-111.258233456409,41.7248237166113,0.236256289584411,0.181255885393643,2024.72390459035,2024.77890499454,NA,Pacific,Pacific
794,795,0.0150073100142045,-88.0466228388773,33.450634941713,-88.1685821193839,33.5446335349486,0.237100198548713,0.222092888534508,2024.76474159349,2024.77974890351,NA,Central,Central
795,796,0.000342807407462731,-88.1685821193839,33.5446335349486,-88.2623126445807,33.5279373717071,0.237443005956175,0.237100198548713,2024.77974890351,2024.78009171091,NA,Central,Central
1169,1170,0.0136857335990506,-121.241809254874,37.6837796292608,-120.631223787829,37.5721989372331,0.237444800682208,0.223759067083158,2024.76640777204,2024.78009350564,NA,Mississippi,Mississippi
1286,1287,0.0237553812326103,-104.138217220949,40.3937766585734,-104.305860992162,40.7198542487069,0.240506768366647,0.216751387134037,2024.75940009209,2024.78315547332,NA,Mississippi,Mississippi
1255,1257,0.0436750464705549,-102.614114266288,48.6605886823198,-101.012251739576,46.295529627475,0.240690272909854,0.197015226439299,2024.7396639314,2024.78333897787,NA,Mississippi,Mississippi
833,834,0.060953362261764,-118.048790981297,41.2711343659338,-117.033567441236,39.6101113448635,0.240847960533597,0.179894598271833,2024.72254330323,2024.78349666549,NA,Central,Central
1257,1258,0.000541558079433013,-101.012251739576,46.295529627475,-100.962588678699,46.3852507723003,0.241231830989287,0.240690272909854,2024.78333897787,2024.78388053595,NA,Mississippi,Mississippi
1209,1210,0.0719260065573586,-117.069714668592,41.262830684393,-112.137626455624,32.1885557779031,0.242081590688062,0.170155584130703,2024.71280428909,2024.78473029565,NA,Central,Central
848,849,0.0846573442742657,-111.736471259272,33.9273826354179,-114.934150623639,33.2614035770702,0.242326688150547,0.157669343876281,2024.70031804883,2024.78497539311,NA,Central,Pacific
927,928,0.0154328938047443,-110.598439698117,41.6513300440185,-110.738892557112,39.182080720863,0.242651711802753,0.227218817998009,2024.76986752296,2024.78530041676,NA,Pacific,Pacific
1207,252,0.0593576432546852,-104.37308372359,43.3736184628802,-104.20719022915,43.6079922110573,0.244236540943207,0.184878897688522,2024.72752760265,2024.7868852459,SRR34491564|A/northern_pintail/WA/24-030720-008/2024|H5N1|USA-WA|Grant|2024-10-15|wild_avian|D1.1,Pacific,Pacific
842,843,0.071407974199259,-110.876856230689,35.9214413428657,-102.560270439728,31.4018129851764,0.248602783343796,0.177194809144537,2024.7198435141,2024.7912514883,NA,Pacific,Central
1210,1212,0.0111674378938802,-112.137626455624,32.1885557779031,-111.942550364108,32.0584074250971,0.253249028581942,0.242081590688062,2024.78473029565,2024.79589773354,NA,Central,Central
1355,241,0.093861924611812,-123.00646014576,47.7426556518881,-108.867462166827,45.6960508817527,0.255165502691711,0.161303578079899,2024.70395228304,2024.79781420765,SRR34491467|A/mallard/WA/24-031817-001/2024|H5N1|USA-WA|Grant|2024-10-19|wild_avian|D1.1,Central,Pacific
1144,558,0.0844295563977095,-116.062279676785,37.7329784705557,-112.18253379626,34.2115240323648,0.255165502691711,0.170735946294002,2024.71338465125,2024.79781420765,SRR36628568|A/green_winged_teal/MT/24-031811-004/2024|H5N1|USA-MT|Broadwater|2024-10-19|wild_avian|D1.1,Central,Pacific
920,615,0.0733316163124786,-116.532821904866,36.0110273804323,-123.479030283276,42.5042048001957,0.255165502691711,0.181833886379233,2024.72448259134,2024.79781420765,SRR34491407|A/american_white_pelican/CA/24-031867-001/2024|H5N1|USA-CA|San_Diego|2024-10-19|wild_avian|D1.1,Pacific,Pacific
855,861,0.0244179305319765,-89.9201031638338,39.8607839865497,-90.5583564837774,39.3480478632592,0.257164725554955,0.232746795022978,2024.77539549998,2024.79981343051,NA,Atlantic,Atlantic
857,858,0.0239466462697264,-89.9923646907295,39.9605912941156,-89.9644455637053,39.9673459640415,0.260045947846174,0.236099301576447,2024.77874800653,2024.8026946528,NA,Atlantic,Atlantic
1148,285,0.0778505230129143,-107.661906128067,39.7154189608563,-102.655886866186,46.9477737007993,0.260629983566191,0.182779460553277,2024.72542816551,2024.80327868852,SRR34491396|A/cackling_goose/OR/24-031821-001/2024|H5N1|USA-OR|Marion|2024-10-21|wild_avian|D1.1,Pacific,Pacific
1135,588,0.0914928528404981,-109.41986719088,34.5584691470708,-122.195929524362,44.136312912618,0.263362224003317,0.171869371162819,2024.71451807612,2024.80601092896,SRR34491351|A/canada_goose/OR/24-033934-001/2024|H5N1|USA-OR|Lincoln|2024-10-22|wild_avian|D1.1,Central,Pacific
753,757,0.0364147199045555,-77.6530531771918,41.7970471525546,-77.9764646125765,41.9721252008702,0.264331230836442,0.227916510931887,2024.77056521589,2024.80697993579,NA,Atlantic,Atlantic
1337,1338,0.0338753077481915,-104.513569890427,32.4699256001451,-104.659841676564,32.8282484962623,0.265294884183441,0.23141957643525,2024.77406828139,2024.80794358914,NA,Mississippi,Mississippi
1213,249,0.08849255199162,-112.753544807332,40.86752019364,-94.2275483225451,41.5967302705791,0.26882670487757,0.18033415288595,2024.72298285784,2024.81147540984,SRR34491527|A/american_coot/MN/24-032215-004/2024|H5N1|USA-MN|Itasca|2024-10-24|wild_avian|D1.1,Pacific,Mississippi
1214,250,0.0833586214224156,-113.72108038498,38.9348565849624,-94.9712181588316,35.4629210365677,0.26882670487757,0.185468083455154,2024.72811678841,2024.81147540984,SRR34491441|A/american_coot/MN/24-032215-006/2024|H5N1|USA-MN|Itasca|2024-10-24|wild_avian|D1.1,Pacific,Mississippi
1340,1345,0.0399276530428798,-101.733618829791,40.0626642197378,-101.16611040534,42.8301626137681,0.270378060775691,0.230450407732811,2024.77309911269,2024.81302676573,NA,Mississippi,Mississippi
912,913,0.0869401496340256,-110.77767400153,40.9027514573525,-111.358914163199,41.9954567857058,0.271068202504967,0.184128052870942,2024.72677675783,2024.81371690746,NA,Pacific,Pacific
928,929,0.0289401275911871,-110.738892557112,39.182080720863,-115.495587168369,43.188335906284,0.27159183939394,0.242651711802753,2024.78530041676,2024.81424054435,NA,Pacific,Pacific
1340,1341,0.0423788813749377,-101.733618829791,40.0626642197378,-100.841197083225,39.7319098220806,0.272829289107749,0.230450407732811,2024.77309911269,2024.81547799407,NA,Mississippi,Mississippi
1201,676,0.0939794498717945,-113.94225026258,40.1761250819546,-102.941960113773,38.8853783043801,0.274291185751822,0.180311735880027,2024.72296044084,2024.81693989071,SRR36617365|A/mallard_duck/CA/24-032544-016/2024|H5N1|USA-CA|Yolo|2024-10-26|wild_avian|D1.1,Pacific,Pacific
819,822,0.0699439103900248,-117.43299982581,37.6923857414518,-119.091478636702,40.7631832560883,0.274864132343876,0.204920221953851,2024.74756892691,2024.8175128373,NA,Central,Central
1320,1321,0.0957555487673889,-106.081451143921,44.2549715120685,-103.348164774359,42.4475254440049,0.276591581396187,0.180836032628798,2024.72348473759,2024.81924028635,NA,Mississippi,Mississippi
688,689,0.0466722753896391,-102.656278595696,42.9660864593791,-103.132164094611,32.2305280601831,0.278530141484946,0.231857866095307,2024.77450657105,2024.82117884644,NA,Mississippi,Mississippi
1297,1298,0.0893918751245122,-100.65118973126,46.4541176139753,-103.260544660196,43.4577000438291,0.282796468391325,0.193404593266813,2024.73605329823,2024.82544517335,NA,Mississippi,Mississippi
1214,251,0.0997520640453999,-113.72108038498,38.9348565849624,-114.099545387617,37.5730486920128,0.285220147500554,0.185468083455154,2024.72811678841,2024.82786885246,SRR34491342|A/bald_eagle/MT/24-033248-001/2024|H5N1|USA-MT|Flathead|2024-10-30|wild_avian|D1.1,Pacific,Pacific
777,778,0.09719925419633,-106.18056759935,39.2264874821021,-105.184122031785,38.8384701710587,0.286716643929061,0.189517389732731,2024.73216609469,2024.82936534889,NA,Mississippi,Mississippi
1167,1174,0.116757886443455,-121.081521792951,39.3602967442936,-120.085506014679,37.6505557222977,0.287209956925587,0.170452070482132,2024.71310077544,2024.82985866188,NA,Central,Central
1341,1342,0.0157526061142115,-100.841197083225,39.7319098220806,-99.2305849860681,38.6202758028684,0.28858189522196,0.272829289107749,2024.81547799407,2024.83123060018,NA,Mississippi,Mississippi
757,758,0.0243544920581147,-77.9764646125765,41.9721252008702,-75.2367777881219,43.1284988314022,0.288685722894557,0.264331230836442,2024.80697993579,2024.83133442785,NA,Atlantic,Atlantic
1258,1259,0.0491763572291115,-100.962588678699,46.3852507723003,-100.773924069414,46.81002793549,0.290408188218398,0.241231830989287,2024.78388053595,2024.83305689318,NA,Mississippi,Mississippi
1168,1171,0.104488402346186,-121.699120744552,39.8184336452511,-120.722787682308,40.1968250638067,0.290456956518779,0.185968554172593,2024.72861725913,2024.83310566148,NA,Central,Central
805,278,0.0913719272962958,-111.668652760238,35.583151001625,-121.793068206548,39.2023550929504,0.290684628374806,0.199312701078511,2024.74196140604,2024.83333333333,SRR36628797|A/northern_shoveler/NV/24-033106-004/2024|H5N1|USA-NV|Churchill|2024-11-01|wild_avian|D1.1,Pacific,Pacific
1352,238,0.0795071356547843,-109.549379779563,47.8382374523194,-113.968966883636,44.8184049104432,0.290684628374806,0.211177492720022,2024.75382619768,2024.83333333333,SRR36617768|A/great_horned_owl/WY/24-033104-001/2024|H5N1|USA-WY|Albany|2024-11-01|wild_avian|D1.1,Pacific,Central
689,690,0.0130476429256301,-103.132164094611,32.2305280601831,-106.069118531208,33.3886481007592,0.291577784410576,0.278530141484946,2024.82117884644,2024.83422648937,NA,Mississippi,Mississippi
903,904,0.0826117265534831,-101.077018917598,41.65966668753,-101.192833472586,40.630568642775,0.291776620004448,0.209164893450965,2024.75181359841,2024.83442532496,NA,Pacific,Pacific
704,705,0.0565232986893431,-72.1287266282412,42.208100262917,-71.5883876035848,41.5934842000302,0.292846308094208,0.236323009404865,2024.77897171436,2024.83549501305,NA,Atlantic,Atlantic
917,610,0.128154498310314,-114.02489639266,37.1659219947833,-105.862148961143,41.4657114064415,0.293416868811933,0.165262370501619,2024.70791107546,2024.83606557377,SRR34491330|A/canada_goose/OR/24-033933-001/2024|H5N1|USA-OR|Crook|2024-11-02|wild_avian|D1.1,Pacific,Pacific
1199,629,0.0675551226857585,-115.485010039901,33.0570814256033,-118.369912012318,34.695839778531,0.293416868811933,0.225861746126174,2024.76851045108,2024.83606557377,SRR34491332|A/mallard/NV/24-033109-013/2024|H5N1|USA-NV|Churchill|2024-11-02|wild_avian|D1.1,Pacific,Pacific
1255,1256,0.0968597325711777,-102.614114266288,48.6605886823198,-99.076704293595,44.9173557108194,0.293874959010477,0.197015226439299,2024.7396639314,2024.83652366397,NA,Mississippi,Atlantic
1171,1172,0.00450887375686104,-120.722787682308,40.1968250638067,-120.726923906951,40.1911624615121,0.29496583027564,0.290456956518779,2024.83310566148,2024.83761453523,NA,Central,Central
1323,1325,0.0631687809894383,-105.937016809002,48.0633312662074,-105.146339895339,46.201498219854,0.295395939485025,0.232227158495587,2024.77487586345,2024.83804464444,NA,Mississippi,Mississippi
1319,1327,0.121187658289277,-104.35916649567,41.7471890554577,-102.66085884784,46.993029084009,0.29592743297048,0.174739774681203,2024.71738847964,2024.83857613793,NA,Mississippi,Mississippi
1174,1175,0.00893358373619146,-120.085506014679,37.6505557222977,-120.06731925194,37.6185807013157,0.296143540661779,0.287209956925587,2024.82985866188,2024.83879224562,NA,Central,Central
1259,1260,0.00669650702828495,-100.773924069414,46.81002793549,-103.691830260646,45.9036497794998,0.297104695246683,0.290408188218398,2024.83305689318,2024.83975340021,NA,Mississippi,Mississippi
945,948,0.063643746960178,-110.415873373531,37.284456694958,-115.284565000596,36.6217889439793,0.297220470148734,0.233576723188556,2024.77622542815,2024.83986917511,NA,Central,Central
1345,1346,0.0269570998720654,-101.16611040534,42.8301626137681,-100.979449645582,44.753907012686,0.297335160647756,0.270378060775691,2024.81302676573,2024.83998386561,NA,Mississippi,Mississippi
1298,1299,0.0148128455602334,-103.260544660196,43.4577000438291,-106.987421814148,42.011133298344,0.297609313951559,0.282796468391325,2024.82544517335,2024.84025801891,NA,Mississippi,Mississippi
1146,1147,0.117780856149758,-107.595352415676,39.7404052021992,-111.323709097522,33.8921831214197,0.298398385343504,0.180617529193747,2024.72326623415,2024.8410470903,NA,Pacific,Pacific
781,782,0.12148942527034,-106.694073329506,40.2168643577052,-103.959746077198,38.7956032519949,0.300644226543182,0.179154801272841,2024.72180350623,2024.8432929315,NA,Mississippi,Atlantic
930,931,0.0665046545234007,-114.642575449822,37.776578710605,-123.51654659027,41.0885504537197,0.300946129514621,0.23444147499122,2024.77709017995,2024.84359483447,NA,Pacific,Central
782,783,0.000636549606269021,-103.959746077198,38.7956032519949,-103.992831830868,38.7197260005434,0.301280776149451,0.300644226543182,2024.8432929315,2024.84392948111,NA,Atlantic,Atlantic
902,594,0.0933750393718336,-101.143530335139,41.5899597418605,-96.4341419197681,39.3893244912123,0.301613590123538,0.208238550751705,2024.75088725571,2024.84426229508,SRR34491322|A/green_winged_teal/WA/24-033431-002/2024|H5N1|USA-WA|Grant|2024-11-05|wild_avian|D1.1,Pacific,Pacific
1273,1274,0.0736508418660546,-99.9809998026502,48.3521365109628,-97.6771667997375,47.9302932639075,0.303244054571433,0.229593212705378,2024.77224191766,2024.84589275953,NA,Mississippi,Mississippi
1260,1261,0.00651576634016582,-103.691830260646,45.9036497794998,-96.457897524035,44.6335263722964,0.303620461586849,0.297104695246683,2024.83975340021,2024.84626916655,NA,Mississippi,Mississippi
758,764,0.0151723467864433,-75.2367777881219,43.1284988314022,-75.0852823622975,44.1868846181502,0.303858069681,0.288685722894557,2024.83133442785,2024.84650677464,NA,Atlantic,Atlantic
783,784,0.00278494727565781,-103.992831830868,38.7197260005434,-104.753518726812,39.4568713129073,0.304065723425109,0.301280776149451,2024.84392948111,2024.84671442838,NA,Atlantic,Mississippi
1342,1343,0.0156953311469259,-99.2305849860681,38.6202758028684,-98.621303922793,38.824411605194,0.304277226368886,0.28858189522196,2024.83123060018,2024.84692593133,NA,Mississippi,Mississippi
1175,1176,0.00873869154557028,-120.06731925194,37.6185807013157,-119.796811058315,39.3589816153535,0.304882232207349,0.296143540661779,2024.83879224562,2024.84753093717,NA,Central,Central
1261,1263,0.00292435354824927,-96.457897524035,44.6335263722964,-95.1498056450463,44.4602075701681,0.306544815135098,0.303620461586849,2024.84626916655,2024.84919352009,NA,Mississippi,Mississippi
1353,243,0.124500433953647,-110.215683366367,39.2935966537315,-110.472180148011,39.0741233897772,0.307078070997791,0.182577637044144,2024.725226342,2024.84972677596,SRR34491320|A/ross_s_goose/ND/24-034667-001/2024|H5N1|USA-ND|Divide|2024-11-07|wild_avian|D1.1,Central,Central
1148,286,0.124298610444514,-107.661906128067,39.7154189608563,-102.678317898974,31.5193045530346,0.307078070997791,0.182779460553277,2024.72542816551,2024.84972677596,SRR34491321|A/cackling_goose/OR/24-033931-001/2024|H5N1|USA-OR|Washington|2024-11-07|wild_avian|D1.1,Pacific,Pacific
1192,1193,0.145895415306007,-112.85965074532,38.6471467814275,-101.192814729942,36.5953574015199,0.307390270663258,0.161494855357251,2024.70414356032,2024.85003897562,NA,Pacific,Central
1297,1300,0.114080244936046,-100.65118973126,46.4541176139753,-99.2664736665493,48.0662709863814,0.307484838202859,0.193404593266813,2024.73605329823,2024.85013354316,NA,Mississippi,Mississippi
1226,2,0.135392736116285,-116.354595700068,35.4263641307087,-97.1281304737269,38.7240988137307,0.309810311434917,0.174417575318632,2024.71706628028,2024.85245901639,SRR36628420|A/blue_winged_teal/TX/24-037863-008/2024|H5N1|USA-TX|Chambers|2024-11-08|wild_avian|D1.1,Pacific,Central
1189,624,0.117627573187429,-122.132100888609,38.5576485006211,-117.751279848525,35.0179289659036,0.309810311434917,0.192182738247487,2024.73483144321,2024.85245901639,SRR36617252|A/green_winged_teal/TX/24-037863-003/2024|H5N1|USA-TX|Chambers|2024-11-08|wild_avian|D1.1,Central,Central
819,820,0.10514841962007,-117.43299982581,37.6923857414518,-105.573828186345,38.0564423695434,0.310068641573922,0.204920221953851,2024.74756892691,2024.85271734653,NA,Central,Mississippi
904,905,0.0187461469929384,-101.192833472586,40.630568642775,-101.550611151245,40.5877483721591,0.310522766997386,0.291776620004448,2024.83442532496,2024.85317147196,NA,Pacific,Pacific
1327,1328,0.0148223497498845,-102.66085884784,46.993029084009,-102.709878432164,47.3050636262489,0.310749782720365,0.29592743297048,2024.83857613793,2024.85339848768,NA,Mississippi,Mississippi
922,923,0.0783134063185176,-106.883954557877,39.3315613223665,-104.393489771148,40.4339686070755,0.310931157163191,0.232617750844673,2024.7752664558,2024.85357986212,NA,Central,Central
1239,274,0.132574320768616,-113.355862815045,42.7411724071067,-99.2054648962109,43.9541878954692,0.312542551872043,0.179968231103427,2024.72261693606,2024.85519125683,SRR34491500|A/green_winged_teal/OK/24-034551-045/2024|H5N1|USA-OK|Sequoyah|2024-11-09|wild_avian|D1.1,Central,Central
845,549,0.130957042778378,-116.788884888976,42.4618192406173,-112.960337939015,39.4713918413726,0.312542551872043,0.181585509093665,2024.72423421405,2024.85519125683,SRR34491499|A/green_winged_teal/KS/24-034556-004/2024|H5N1|USA-KS|Crawford|2024-11-09|wild_avian|D1.1,Central,Central
1154,671,0.0899523972985079,-119.080500204722,36.737036051328,-121.40664410497,39.6143593947677,0.312542551872043,0.222590154573535,2024.76523885953,2024.85519125683,SRR36628704|A/green_winged_teal/OK/24-034551-041/2024|H5N1|USA-OK|Sequoyah|2024-11-09|wild_avian|D1.1,Central,Central
1186,655,0.0802895964691313,-120.752751078224,37.0657935528691,-121.334338716221,41.9114979603071,0.312542551872043,0.232252955402912,2024.77490166036,2024.85519125683,SRR34491498|A/green_winged_teal/KS/24-034557-008/2024|H5N1|USA-KS|Neosho|2024-11-09|wild_avian|D1.1,Mississippi,Central
948,1058,0.0156322807876341,-115.284565000596,36.6217889439793,-116.085955651505,36.7614708380687,0.312852750936368,0.297220470148734,2024.83986917511,2024.85550145589,NA,Central,Central
795,798,0.0784961310272454,-88.1685821193839,33.5446335349486,-86.8778919259486,33.2813658064946,0.315596329575958,0.237100198548713,2024.77974890351,2024.85824503453,NA,Central,Central
1058,1059,0.00363810794598174,-116.085955651505,36.7614708380687,-116.073058890887,36.7756031075361,0.31649085888235,0.312852750936368,2024.85550145589,2024.85913956384,NA,Central,Central
1274,1275,0.0141205952717671,-97.6771667997375,47.9302932639075,-99.5161546481515,46.1303734126095,0.3173646498432,0.303244054571433,2024.84589275953,2024.8600133548,NA,Mississippi,Atlantic
1152,1153,0.140664492102265,-120.795307124394,38.0809564286326,-117.924486744529,41.7753373464378,0.318340233809107,0.177675741706843,2024.72032444667,2024.86098893877,NA,Central,Central
764,765,0.0154564102081929,-75.0852823622975,44.1868846181502,-71.7841543137655,42.8802925305828,0.319314479889193,0.303858069681,2024.84650677464,2024.86196318485,NA,Atlantic,Atlantic
1328,1330,0.0100009993142782,-102.709878432164,47.3050636262489,-102.685957843143,47.3433889380934,0.320750782034643,0.310749782720365,2024.85339848768,2024.86339948699,NA,Mississippi,Mississippi
1176,1177,0.0161534329604327,-119.796811058315,39.3589816153535,-120.225422746022,39.3696031392335,0.321035665167782,0.304882232207349,2024.84753093717,2024.86368437013,NA,Central,Central
894,577,0.16112440272107,-111.682157697402,34.9078801463944,-107.476941242699,34.1700553876206,0.323471513620775,0.162347110899705,2024.70499581586,2024.86612021858,SRR34491487|A/trumpeter_swan/ID/24-034853-004/2024|H5N1|USA-ID|Jefferson|2024-11-13|wild_avian|D1.1,Central,Pacific
1352,237,0.112294020900753,-109.549379779563,47.8382374523194,-109.502904346146,45.4829825135914,0.323471513620775,0.211177492720022,2024.75382619768,2024.86612021858,SRR34491488|A/trumpeter_swan/ID/24-034853-002/2024|H5N1|USA-ID|Jefferson|2024-11-13|wild_avian|D1.1,Pacific,Pacific
948,949,0.0276176398461185,-115.284565000596,36.6217889439793,-115.807274514862,36.766673594135,0.324838109994853,0.297220470148734,2024.83986917511,2024.86748681495,NA,Central,Central
1335,140,0.147079853573385,-101.146380404889,32.7357025106035,-110.030996803995,39.305068592785,0.326203754057901,0.179123900484517,2024.72177260544,2024.86885245902,SRR34491480|A/ring_necked_duck/MN/24-035413-001/2024|H5N1|USA-MN|Cass|2024-11-14|wild_avian|D1.1,Mississippi,Mississippi
1338,142,0.06090886987446,-104.659841676564,32.8282484962623,-96.1417499771022,31.3909043490669,0.326203754057901,0.265294884183441,2024.80794358914,2024.86885245902,SRR34491479|A/canvasback/MN/24-035695-001/2024|H5N1|USA-MN|Wabasha|2024-11-14|wild_avian|D1.1,Mississippi,Mississippi
796,797,0.0903147794199557,-88.2623126445807,33.5279373717071,-87.0750321897815,41.4264783884983,0.327757785376131,0.237443005956175,2024.78009171091,2024.87040649033,NA,Central,Pacific
856,859,0.0932198895182763,-89.7024665074906,39.9680026789664,-89.7879245322721,39.9721474310627,0.328239360040381,0.235019470522105,2024.77766817548,2024.870888065,NA,Atlantic,Atlantic
811,554,0.201656399249917,-113.351158333615,35.1851762757099,-113.436726048137,36.9827269701041,0.328935994495027,0.12727959524511,2024.6699283002,2024.87158469945,SRR36617493|A/golden_eagle/CO/25-010611-001/2024|H5N1|USA-CO|Morgan|2024-11-15|wild_avian|D1.1,Central,Central
802,5,0.0974963840771454,-123.927191645746,40.5376466535204,-123.488909818338,42.2435950742906,0.328935994495027,0.231439610417882,2024.77408831538,2024.87158469945,SRR34491413|A/mallard/UT/24-034892-003/2024|H5N1|USA-UT|Box_Elder|2024-11-15|wild_avian|D1.1,Pacific,Pacific
1299,212,0.0313266805434689,-106.987421814148,42.011133298344,-99.06307856178,29.1908986589179,0.328935994495027,0.297609313951559,2024.84025801891,2024.87158469945,SRR34491411|A/green_winged_teal/ND/24-034964-002/2024|H5N1|USA-ND|LaMoure|2024-11-15|wild_avian|D1.1,Mississippi,Central
1325,1326,0.0353700610933521,-105.146339895339,46.201498219854,-104.325226304885,47.4755826544689,0.330766000578377,0.295395939485025,2024.83804464444,2024.87341470554,NA,Mississippi,Mississippi
1216,254,0.153906491887656,-112.700311567027,39.6717996969309,-121.852881892848,40.7749433349845,0.331668234932154,0.177761743044498,2024.720410448,2024.87431693989,SRR34491569|A/gadwall/CA/24-035297-036/2024|H5N1|USA-CA|Fresno|2024-11-16|wild_avian|D1.1,Pacific,Pacific
799,10,0.139323430305999,-114.484327854207,41.7630287406885,-117.879815967409,40.4256643207357,0.331668234932154,0.192344804626154,2024.73499350958,2024.87431693989,SRR34491574|A/green_winged_teal/IL/24-035153-025/2024|H5N1|USA-IL|Clinton|2024-11-16|wild_avian|D1.1,Mississippi,Mississippi
949,950,0.00716050137812685,-115.807274514862,36.766673594135,-115.036319857005,36.7933393849566,0.33199861137298,0.324838109994853,2024.86748681495,2024.87464731633,NA,Central,Central
945,946,0.0994871365671928,-110.415873373531,37.284456694958,-105.431343220831,46.8335238950999,0.333063859755749,0.233576723188556,2024.77622542815,2024.87571256471,NA,Central,Pacific
1263,1266,0.0268549064471004,-95.1498056450463,44.4602075701681,-91.8721452620419,44.1643737123416,0.333399721582199,0.306544815135098,2024.84919352009,2024.87604842654,NA,Mississippi,Mississippi
861,862,0.0771175479136472,-90.5583564837774,39.3480478632592,-88.0345672983296,39.6820563631622,0.334282273468602,0.257164725554955,2024.79981343051,2024.87693097843,NA,Atlantic,Atlantic
913,576,0.0633322728645398,-111.358914163199,41.9954567857058,-90.8485553340092,32.7193781657901,0.334400475369507,0.271068202504967,2024.81371690746,2024.87704918033,SRR34491566|A/northern_pintail/IL/24-035154-001/2024|H5N1|USA-IL|Clinton|2024-11-17|wild_avian|D1.1,Pacific,Mississippi
1174,1181,0.047955133262173,-120.085506014679,37.6505557222977,-115.527249489547,44.095158432748,0.33516509018776,0.287209956925587,2024.82985866188,2024.87781379515,NA,Central,Mississippi
1343,1344,0.0313769193004805,-98.621303922793,38.824411605194,-103.141832657488,39.1840428537409,0.335654145669366,0.304277226368886,2024.84692593133,2024.87830285063,NA,Mississippi,Mississippi
1059,1060,0.0192264842452015,-116.073058890887,36.7756031075361,-116.685340414309,35.2995883976919,0.335717343127552,0.31649085888235,2024.85913956384,2024.87836604809,NA,Central,Central
1345,1347,0.0657272598544714,-101.16611040534,42.8301626137681,-102.070547163829,44.8723488536304,0.336105320630162,0.270378060775691,2024.81302676573,2024.87875402559,NA,Mississippi,Mississippi
753,754,0.110196939620564,-77.6530531771918,41.7970471525546,-77.5494784715794,41.4065172260035,0.338113450552451,0.227916510931887,2024.77056521589,2024.88076215551,NA,Atlantic,Atlantic
1177,1180,0.0187033177108664,-120.225422746022,39.3696031392335,-120.139759812585,39.131154537808,0.339738982878648,0.321035665167782,2024.86368437013,2024.88238768784,NA,Central,Central
859,860,0.0158633199167351,-89.7879245322721,39.9721474310627,-90.0217376908227,38.3937595052589,0.344102679957117,0.328239360040381,2024.870888065,2024.88675138492,NA,Atlantic,Atlantic
863,864,0.143108716792369,-87.8460852027443,32.2761277717075,-81.2473552251587,34.6368505208547,0.347919104896824,0.204810388104455,2024.74745909306,2024.89056780986,NA,Mississippi,Atlantic
1147,287,0.0496632922116336,-111.323709097522,33.8921831214197,-111.909834521496,34.4402885493516,0.348061677555138,0.298398385343504,2024.8410470903,2024.89071038251,SRR36617849|A/house_sparrow/AZ/24-036612-005/2024|H5N1|USA-AZ|Pinal|2024-11-22|wild_avian|D1.1,Pacific,Pacific
1336,141,0.167500352032077,-101.341705988717,32.8654873583513,-88.6313306880643,35.4260172763793,0.350793917992264,0.183293565960187,2024.72594227092,2024.89344262295,SRR34491474|A/blue_winged_teal/FL/24-036665-008/2024|H5N1|USA-FL|Palm_Beach|2024-11-23|wild_avian|D1.1,Mississippi,Atlantic
1349,137,0.151920617814743,-101.759557233761,37.6168296852966,-84.2530033867923,35.6964158832427,0.350793917992264,0.198873300177521,2024.74152200514,2024.89344262295,SRR34491475|A/blue_winged_teal/FL/24-036665-004/2024|H5N1|USA-FL|Palm_Beach|2024-11-23|wild_avian|D1.1,Mississippi,Atlantic
1337,144,0.119374341557014,-104.513569890427,32.4699256001451,-96.9138047835914,30.281716331819,0.350793917992264,0.23141957643525,2024.77406828139,2024.89344262295,SRR36617263|A/ring_necked_duck/GA/24-036176-005/2024|H5N1|USA-GA|Seminole|2024-11-23|wild_avian|D1.1,Mississippi,Atlantic
1338,143,0.0854990338088228,-104.659841676564,32.8282484962623,-99.7169414170158,32.225472712046,0.350793917992264,0.265294884183441,2024.80794358914,2024.89344262295,EPI_ISL_19777455|A/northern_pintail/Tennessee/158/2024|H5N1|USA-TN|Unknown|2024-11-23|wild_avian|D1.1,Mississippi,Mississippi
1347,136,0.014688597362102,-102.070547163829,44.8723488536304,-114.07878840276,40.4206390580004,0.350793917992264,0.336105320630162,2024.87875402559,2024.89344262295,SRR36617264|A/ring_necked_duck/GA/24-036176-004/2024|H5N1|USA-GA|Seminole|2024-11-23|wild_avian|D1.1,Mississippi,Atlantic
1210,1211,0.109616035704568,-112.137626455624,32.1885557779031,-111.936186319166,32.6021425931322,0.351697626392629,0.242081590688062,2024.78473029565,2024.89434633135,NA,Central,Central
820,821,0.0417761695805821,-105.573828186345,38.0564423695434,-104.821529125615,38.2775040129041,0.351844811154504,0.310068641573922,2024.85271734653,2024.89449351611,NA,Mississippi,Mississippi
1233,1234,0.217040649217708,-115.239319053171,40.017268785132,-107.575684858313,45.9158884330656,0.352195668591716,0.135155019374008,2024.67780372433,2024.89484437355,NA,Central,Central
782,791,0.0516749404017629,-103.959746077198,38.7956032519949,-103.952702358223,38.6472120431204,0.352319166944945,0.300644226543182,2024.8432929315,2024.8949678719,NA,Atlantic,Mississippi
1141,555,0.218699566160501,-113.394653921044,35.4575798061376,-107.536968693221,37.2185736735479,0.353526158429618,0.134826592269116,2024.67747529723,2024.89617486339,SRR36617504|A/mallard_duck/NE/25-004748-004/2024|H5N1|USA-NE|Buffalo|2024-11-24|wild_avian|D1.1,Central,Central
1183,644,0.187576632687692,-120.989964856855,38.8328666976637,-116.420086365293,33.0739780536417,0.353526158429618,0.165949525741925,2024.7085982307,2024.89617486339,SRR31914411|A/Turkey/SD/24-035157-004-original/2024|H5N1|USA-SD|Unknown|2024-11-24|domestic_avian|D1.1,Central,Central
1236,269,0.164681559596676,-114.805864465342,46.2243226729428,-113.737796580563,43.509376942292,0.353526158429618,0.188844598832942,2024.73149330379,2024.89617486339,SRR36617491|A/Peregrine_falcon/CO/25-019366-001/2024|H5N1|USA-CO|Denver|2024-11-24|wild_avian|D1.1,Central,Central
1134,617,0.146704245401192,-113.141127625142,32.220683846096,-102.655449731443,34.7487753835233,0.353526158429618,0.206821913028425,2024.74947061799,2024.89617486339,SRR36617269|A/mallard_duck/WA/24-036061-007/2024|H5N1|USA-WA|Grant|2024-11-24|wild_avian|D1.1,Pacific,Pacific
1263,1264,0.0484080714833435,-95.1498056450463,44.4602075701681,-95.3377745682903,44.7010579869079,0.354952886618442,0.306544815135098,2024.84919352009,2024.89760159158,NA,Mississippi,Mississippi
764,768,0.0520538419347754,-75.0852823622975,44.1868846181502,-75.087257646675,44.1949911055348,0.355911911615776,0.303858069681,2024.84650677464,2024.89856061657,NA,Atlantic,Atlantic
1217,256,0.175637668341862,-114.984149483973,38.5804387743213,-113.775003207076,39.2123392579551,0.356258398866744,0.180620730524882,2024.72326943548,2024.89890710383,SRR36617265|A/great_horned_owl/WY/24-036166-001/2024|H5N1|USA-WY|Lincoln|2024-11-25|wild_avian|D1.1,Pacific,Pacific
1165,660,0.166457411449749,-117.260771295268,36.9794170366607,-119.272936845324,34.9899997826947,0.356258398866744,0.189800987416995,2024.73244969238,2024.89890710383,SRR36617524|A/mallard_duck/NE/25-003309-011/2024|H5N1|USA-NE|Buffalo|2024-11-25|wild_avian|D1.1,Central,Central
921,611,0.132718065168774,-111.632993930938,38.5422128623361,-120.937416851554,47.8555407507703,0.356258398866744,0.22354033369797,2024.76618903866,2024.89890710383,SRR34491460|A/blue_winged_teal/LA/24-035708-007/2024|H5N1|USA-LA|Cameron|2024-11-25|wild_avian|D1.1,Central,Mississippi
1166,662,0.122742949150969,-123.355293366905,38.9612946524315,-115.15754520903,38.4790759524147,0.356258398866744,0.233515449715775,2024.77616415467,2024.89890710383,SRR34491454|A/blue_winged_teal/LA/24-035708-014/2024|H5N1|USA-LA|Cameron|2024-11-25|wild_avian|D1.1,Central,Mississippi
778,46,0.0695417549376824,-105.184122031785,38.8384701710587,-102.653198636247,36.4530854887761,0.356258398866744,0.286716643929061,2024.82936534889,2024.89890710383,SRR31914406|A/Turkey/SD/24-035288-003-original/2024|H5N1|USA-SD|Unknown|2024-11-25|domestic_avian|D1.1,Mississippi,Central
1147,288,0.0578600135232394,-111.323709097522,33.8921831214197,-111.056797894388,34.2047805240825,0.356258398866744,0.298398385343504,2024.8410470903,2024.89890710383,SRR36617855|A/black_necked_stilt/AZ/24-036610-002/2024|H5N1|USA-AZ|Pinal|2024-11-25|wild_avian|D1.1,Pacific,Pacific
1060,1061,0.0220446881448377,-116.685340414309,35.2995883976919,-116.225417300951,35.2014764660087,0.357762031272389,0.335717343127552,2024.87836604809,2024.90041073623,NA,Central,Central
1260,1271,0.0617825611218876,-103.691830260646,45.9036497794998,-100.318167605344,40.5037423851792,0.358887256368571,0.297104695246683,2024.83975340021,2024.90153596133,NA,Mississippi,Mississippi
852,290,0.18016029198581,-87.8300592334422,33.0097926211286,-102.641719947451,46.1388161619207,0.35899063930387,0.17883034731806,2024.72147905228,2024.90163934426,SRR34491451|A/green_winged_teal/NM/24-036318-011/2024|H5N1|USA-NM|San_Miguel|2024-11-26|wild_avian|D1.1,Mississippi,Central
1194,674,0.177734753910227,-112.507350205215,40.2765558218291,-115.386027904506,37.4861897451334,0.35899063930387,0.181255885393643,2024.72390459035,2024.90163934426,SRR36617487|A/canada_goose/UT/24-035683-001/2024|H5N1|USA-UT|Weber|2024-11-26|wild_avian|D1.1,Pacific,Pacific
1134,618,0.152168726275445,-113.141127625142,32.220683846096,-110.637850000988,40.3831259957232,0.35899063930387,0.206821913028425,2024.74947061799,2024.90163934426,SRR34491450|A/green_winged_teal/NM/24-036318-014/2024|H5N1|USA-NM|San_Miguel|2024-11-26|wild_avian|D1.1,Pacific,Central
1343,128,0.054713412934984,-98.621303922793,38.824411605194,-97.8419635698695,38.6396405801495,0.35899063930387,0.304277226368886,2024.84692593133,2024.90163934426,SRR36628221|A/mallard_duck/IA/24-037337-003/2024|H5N1|USA-IA|Jackson|2024-11-26|wild_avian|D1.1,Mississippi,Mississippi
923,612,0.0480594821406792,-104.393489771148,40.4339686070755,-112.509678141577,47.9579872039377,0.35899063930387,0.310931157163191,2024.85357986212,2024.90163934426,SRR31914398|A/chicken/TN/24-035519-005-original/2024|H5N1|USA-TN|Unknown|2024-11-26|domestic_avian|D1.1,Central,Mississippi
690,691,0.0699964745264074,-106.069118531208,33.3886481007592,-106.604051316596,32.4000663147982,0.361574258936983,0.291577784410576,2024.83422648937,2024.9042229639,NA,Mississippi,Mississippi
1334,139,0.189583625465188,-103.991169386924,34.9650074012695,-112.971962160541,43.4250497245691,0.361722879740996,0.172139254275808,2024.71478795923,2024.9043715847,SRR34491447|A/blue_winged_teal/SC/24-036315-006/2024|H5N1|USA-SC|Colleton|2024-11-27|wild_avian|D1.1,Mississippi,Atlantic
1223,244,0.184180806692491,-107.914477248358,40.1367600235653,-108.235313945468,35.7519581924352,0.361722879740996,0.177542073048505,2024.72019077801,2024.9043715847,SRR34491403|A/western_gull/CA/24-036324-002/2024|H5N1|USA-CA|Santa_Barbara|2024-11-27|wild_avian|D1.1,Pacific,Pacific
1259,162,0.0713146915225977,-100.773924069414,46.81002793549,-100.369424567105,43.5247960615324,0.361722879740996,0.290408188218398,2024.83305689318,2024.9043715847,SRR34491402|A/mallard/AR/24-036997-003/2024|H5N1|USA-AR|Prairie|2024-11-27|wild_avian|D1.1,Mississippi,Mississippi
904,596,0.0699462597365483,-101.192833472586,40.630568642775,-105.390251291768,37.8211856247745,0.361722879740996,0.291776620004448,2024.83442532496,2024.9043715847,SRR33508820|A/snow_goose/MT/24-035974-001/2024|H5N1|USA-MT|Gallatin|2024-11-27|wild_avian|D1.1,Pacific,Pacific
1061,1062,0.00454593026381467,-116.225417300951,35.2014764660087,-115.548983421832,37.8108701708314,0.362307961536204,0.357762031272389,2024.90041073623,2024.90495666649,NA,Central,Central
1236,1237,0.175378235463754,-114.805864465342,46.2243226729428,-108.355760213544,35.0249038472335,0.364222834296696,0.188844598832942,2024.73149330379,2024.90687153926,NA,Central,Central
794,26,0.142362231643614,-88.0466228388773,33.450634941713,-89.9572407556677,39.09579904005,0.364455120178122,0.222092888534508,2024.76474159349,2024.90710382514,SRR36617643|A/trumpeter_swan/MT/24-037728-001/2024|H5N1|USA-MT|Big_Horn|2024-11-28|wild_avian|D1.1,Central,Central
1280,1281,0.153661944281171,-100.446575859103,48.958393832502,-103.965717177343,47.0476072923732,0.364467557856232,0.210805613575062,2024.75345431853,2024.90711626281,NA,Atlantic,Atlantic
1273,168,0.137594147909871,-99.9809998026502,48.3521365109628,-107.632163361051,48.9693229809574,0.367187360615248,0.229593212705378,2024.77224191766,2024.90983606557,SRR34491401|A/mallard/IA/24-036924-003/2024|H5N1|USA-IA|Marion|2024-11-29|wild_avian|D1.1,Mississippi,Mississippi
950,955,0.0360419367080813,-115.036319857005,36.7933393849566,-113.489607499353,37.3518655240619,0.368040548081061,0.33199861137298,2024.87464731633,2024.91068925304,NA,Central,Central
1281,1282,0.00405748608144507,-103.965717177343,47.0476072923732,-103.595696753816,46.9242265940104,0.368525043937677,0.364467557856232,2024.90711626281,2024.9111737489,NA,Atlantic,Atlantic
950,951,0.0372148452645484,-115.036319857005,36.7933393849566,-118.982932658661,40.7627678280602,0.369213456637528,0.33199861137298,2024.87464731633,2024.9118621616,NA,Central,Central
754,755,0.0314794233447429,-77.5494784715794,41.4065172260035,-74.1471148409998,44.2085050141328,0.369592873897194,0.338113450552451,2024.88076215551,2024.91224157886,NA,Atlantic,Atlantic
824,825,0.187963667692465,-117.704411335713,35.6255933304128,-105.304588612541,43.8767600358135,0.370520343264597,0.182556675572132,2024.72520538053,2024.91316904822,NA,Central,Mississippi
1177,1178,0.049485769764062,-120.225422746022,39.3696031392335,-120.823780569693,37.9178365053241,0.370521434931844,0.321035665167782,2024.86368437013,2024.91317013989,NA,Central,Central
1266,1270,0.0373342850588816,-91.8721452620419,44.1643737123416,-92.1123415937834,44.4640910797374,0.37073400664108,0.333399721582199,2024.87604842654,2024.9133827116,NA,Mississippi,Mississippi
758,759,0.0823776084216348,-75.2367777881219,43.1284988314022,-75.4429183474158,40.1798479592231,0.371063331316192,0.288685722894557,2024.83133442785,2024.91371203627,NA,Atlantic,Atlantic
755,756,0.00245210848400146,-74.1471148409998,44.2085050141328,-74.1423561429764,44.0768767581578,0.372044982381196,0.369592873897194,2024.91224157886,2024.91469368734,NA,Atlantic,Atlantic
1277,185,0.191386106712362,-101.381145619297,45.9337361108035,-100.894235352768,48.8271061131991,0.372651841489728,0.181265734777367,2024.72391443974,2024.91530054645,SRR34491391|A/green_winged_teal/TN/24-036998-013/2024|H5N1|USA-TN|Obion|2024-12-01|wild_avian|D1.1,Mississippi,Mississippi
839,526,0.173177368310344,-116.975033371866,44.7316403999802,-116.755177972711,40.9036083217033,0.372651841489728,0.199474473179384,2024.74212317814,2024.91530054645,SRR34491394|A/snow_goose/AR/24-035819-001/2024|H5N1|USA-AR|Prairie|2024-12-01|wild_avian|D1.1,Central,Mississippi
955,957,0.00490821935180064,-113.489607499353,37.3518655240619,-113.172856593608,37.6183896959709,0.372948767432862,0.368040548081061,2024.91068925304,2024.91559747239,NA,Central,Central
1261,1262,0.0698480864325552,-96.457897524035,44.6335263722964,-103.348344444322,41.7895099456678,0.373468548019404,0.303620461586849,2024.84626916655,2024.91611725298,NA,Mississippi,Mississippi
1328,1329,0.0635499058581537,-102.709878432164,47.3050636262489,-100.277868824308,44.2895104526017,0.374299688578518,0.310749782720365,2024.85339848768,2024.91694839354,NA,Mississippi,Mississippi
691,692,0.0137399606144428,-106.604051316596,32.4000663147982,-105.108749034178,32.7421990785681,0.375314219551426,0.361574258936983,2024.9042229639,2024.91796292451,NA,Mississippi,Mississippi
1170,665,0.137939281244646,-120.631223787829,37.5721989372331,-121.777583215827,47.6522216199457,0.375384081926854,0.237444800682208,2024.78009350564,2024.91803278689,SRR36617866|A/trumpeter_swan/MI/24-036239-001/2024|H5N1|USA-MI|Eaton|2024-12-02|wild_avian|D1.1,Mississippi,Mississippi
1287,146,0.134877313560207,-104.305860992162,40.7198542487069,-106.760398547642,36.8959099482976,0.375384081926854,0.240506768366647,2024.78315547332,2024.91803278689,SRR34491382|A/snow_goose/KS/24-036679-005/2024|H5N1|USA-KS|Montgomery|2024-12-02|wild_avian|D1.1,Mississippi,Central
738,739,0.00662177290079113,-77.1499073502314,41.1946082890039,-76.9499246399621,39.7852444114348,0.375758911834599,0.369137138933808,2024.91178584389,2024.91840761679,NA,Atlantic,Atlantic
1181,1182,0.041079459274679,-115.527249489547,44.095158432748,-109.296893425337,48.2967534418951,0.376244549462439,0.33516509018776,2024.87781379515,2024.91889325442,NA,Mississippi,Central
946,947,0.04391007438761,-105.431343220831,46.8335238950999,-89.6080719987936,35.799359895243,0.376973934143359,0.333063859755749,2024.87571256471,2024.9196226391,NA,Pacific,Central
1060,1069,0.0415395064000004,-116.685340414309,35.2995883976919,-116.711920571764,35.9022005536674,0.377256849527552,0.335717343127552,2024.87836604809,2024.91990555449,NA,Central,Central
772,774,0.0127862532571761,-75.4892903193892,39.8974637887925,-75.6989659441422,40.8084873353798,0.377315809363441,0.364529556106265,2024.90717826106,2024.91996451432,NA,Atlantic,Atlantic
791,792,0.0253045028294292,-103.952702358223,38.6472120431204,-97.9264483968359,41.799764099534,0.377623669774374,0.352319166944945,2024.8949678719,2024.92027237473,NA,Mississippi,Atlantic
1219,262,0.224350239393439,-122.125015026218,37.4011889423096,-122.115095315518,38.5798672751227,0.378116322363981,0.153766082970542,2024.69641478793,2024.92076502732,SRR34491344|A/owl/UT/24-036341-002/2024|H5N1|USA-UT|Box_Elder|2024-12-03|wild_avian|D1.1,Pacific,Pacific
1354,240,0.223396821142378,-118.128710975587,43.9803454381636,-118.390851374476,40.8165607667468,0.378116322363981,0.154719501221602,2024.69736820618,2024.92076502732,SRR36628227|A/canada_goose/UT/24-036341-001/2024|H5N1|USA-UT|Davis|2024-12-03|wild_avian|D1.1,Pacific,Pacific
1239,270,0.198148091260554,-113.355862815045,42.7411724071067,-111.905527253877,41.3128525633441,0.378116322363981,0.179968231103427,2024.72261693606,2024.92076502732,SRR36628224|A/mallard_duck/MT/24-036921-002/2024|H5N1|USA-MT|Big_Horn|2024-12-03|wild_avian|D1.1,Central,Central
1347,1348,0.042030102934363,-102.070547163829,44.8723488536304,-102.107435307044,44.5764256678498,0.378135423564525,0.336105320630162,2024.87875402559,2024.92078412852,NA,Mississippi,Mississippi
1266,1267,0.044904700280076,-91.8721452620419,44.1643737123416,-92.7720919031419,43.7845166905568,0.378304421862275,0.333399721582199,2024.87604842654,2024.92095312682,NA,Mississippi,Mississippi
768,769,0.0233450355071112,-75.087257646675,44.1949911055348,-76.8430888800873,42.9312290227214,0.379256947122887,0.355911911615776,2024.89856061657,2024.92190565208,NA,Atlantic,Atlantic
864,865,0.0314839946461354,-81.2473552251587,34.6368505208547,-83.5864871662806,34.2330246113583,0.379403099542959,0.347919104896824,2024.89056780986,2024.9220518045,NA,Atlantic,Atlantic
951,952,0.0105357138490541,-118.982932658661,40.7627678280602,-119.520797512887,40.7812759892163,0.379749170486582,0.369213456637528,2024.9118621616,2024.92239787545,NA,Central,Central
1267,1268,0.00183016869910357,-92.7720919031419,43.7845166905568,-92.9420497880676,43.6315511658789,0.380134590561378,0.378304421862275,2024.92095312682,2024.92278329552,NA,Mississippi,Mississippi
1222,245,0.205831736286435,-106.478718017042,38.6760492199187,-97.9863867070342,36.0232061324677,0.380848562801107,0.175016826514672,2024.71766553147,2024.92349726776,SRR36617418|A/harris_hawk/AZ/24-038176-001/2024|H5N1|USA-AZ|Maricopa|2024-12-04|wild_avian|D1.1,Pacific,Pacific
1189,625,0.188665824553619,-122.132100888609,38.5576485006211,-112.046002949301,40.4098117539107,0.380848562801107,0.192182738247487,2024.73483144321,2024.92349726776,SRR34491526|A/snow_goose/SD/24-036845-001/2024|H5N1|USA-SD|Spink|2024-12-04|wild_avian|D1.1,Central,Central
778,47,0.0941319188720453,-105.184122031785,38.8384701710587,-95.2342022524302,39.3181786004787,0.380848562801107,0.286716643929061,2024.82936534889,2024.92349726776,SRR34491531|A/snow_goose/KY/24-036682-002/2024|H5N1|USA-KY|Henderson|2024-12-04|wild_avian|D1.1,Mississippi,Mississippi
957,1057,0.00790174498275253,-113.172856593608,37.6183896959709,-112.597954067554,38.0441471528174,0.380850512415614,0.372948767432862,2024.91559747239,2024.92349921737,NA,Central,Central
825,826,0.0105368165710014,-105.304588612541,43.8767600358135,-102.90942587599,39.4405736797991,0.381057159835599,0.370520343264597,2024.91316904822,2024.92370586479,NA,Mississippi,Mississippi
725,726,0.00172789656604078,-72.5700654524418,41.9729718606975,-72.7802518045471,42.2881211836916,0.381424502032943,0.379696605466902,2024.92234531043,2024.92407320699,NA,Atlantic,Atlantic
759,760,0.0108983512227343,-75.4429183474158,40.1798479592231,-73.424097210873,42.4399343523184,0.381961682538926,0.371063331316192,2024.91371203627,2024.9246103875,NA,Atlantic,Atlantic
772,773,0.017536228289448,-75.4892903193892,39.8974637887925,-75.0668269579731,39.9242624821958,0.382065784395713,0.364529556106265,2024.90717826106,2024.92471448935,NA,Atlantic,Atlantic
952,953,0.00292479903477205,-119.520797512887,40.7812759892163,-119.534801721841,42.4121577609226,0.382673969521354,0.379749170486582,2024.92239787545,2024.92532267448,NA,Central,Central
1129,1130,0.201603923169414,-113.340462236822,33.3040091233821,-120.523036537964,43.2522593457888,0.3828461787777,0.181242255608287,2024.72389096057,2024.92549488374,NA,Pacific,Pacific
837,521,0.175268401553612,-119.487793575254,41.0810977183766,-110.512197246127,42.1426633713289,0.383580803238233,0.208312401684621,2024.75096110664,2024.9262295082,SRR34491514|A/snow_goose/LA/24-036681-005/2024|H5N1|USA-LA|Cameron|2024-12-05|wild_avian|D1.1,Central,Central
1202,677,0.156211021443331,-118.365879713954,36.8822965411682,-100.301251508454,40.1395847121166,0.383580803238233,0.227369781794902,2024.77001848675,2024.9262295082,SRR34491517|A/snow_goose/LA/24-036681-003/2024|H5N1|USA-LA|Cameron|2024-12-05|wild_avian|D1.1,Pacific,Mississippi
1195,672,0.147324513653822,-111.258233456409,41.7248237166113,-104.598641386163,37.4958026241078,0.383580803238233,0.236256289584411,2024.77890499454,2024.9262295082,SRR36617838|A/western_gull/CA/24-036784-001/2024|H5N1|USA-CA|Los_Angeles|2024-12-05|wild_avian|D1.1,Pacific,Pacific
1330,1331,0.0628641115647298,-102.685957843143,47.3433889380934,-102.742378696155,48.9266934643977,0.383614893599373,0.320750782034643,2024.86339948699,2024.92626359856,NA,Mississippi,Mississippi
765,766,0.0651480383225995,-71.7841543137655,42.8802925305828,-72.9819179534888,43.3502023108902,0.384462518211793,0.319314479889193,2024.86196318485,2024.92711122317,NA,Atlantic,Atlantic
826,827,0.00353587845089431,-102.90942587599,39.4405736797991,-104.065407272032,40.3425219961764,0.384593038286493,0.381057159835599,2024.92370586479,2024.92724174324,NA,Mississippi,Mississippi
784,785,0.0805825976819557,-104.753518726812,39.4568713129073,-107.803285800145,40.1044247574107,0.384648321107064,0.304065723425109,2024.84671442838,2024.92729702607,NA,Mississippi,Mississippi
1268,1269,0.00466780441743975,-92.9420497880676,43.6315511658789,-93.6267674741208,44.5455496980655,0.384802394978818,0.380134590561378,2024.92278329552,2024.92745109994,NA,Mississippi,Mississippi
792,793,0.00765807332539303,-97.9264483968359,41.799764099534,-97.8308158996148,41.8166880269877,0.385281743099767,0.377623669774374,2024.92027237473,2024.92793044806,NA,Atlantic,Atlantic
1229,1230,0.206134478134004,-105.393156004286,44.1682819724991,-110.931212949802,42.6992602653872,0.385541455383406,0.179406977249402,2024.72205568221,2024.92819016034,NA,Central,Mississippi
1303,1304,0.191775201478189,-105.504524262547,37.7973139967963,-106.035941972344,39.6375612617594,0.385751836741446,0.193976635263257,2024.73662534022,2024.9284005417,NA,Mississippi,Mississippi
1199,1200,0.160059077261524,-115.485010039901,33.0570814256033,-114.586265776802,33.6179011506107,0.385920823387698,0.225861746126174,2024.76851045108,2024.92856952835,NA,Pacific,Pacific
930,561,0.151871568684139,-114.642575449822,37.776578710605,-114.221720260867,44.8483275449947,0.386313043675359,0.23444147499122,2024.77709017995,2024.92896174863,SRR36628213|A/mallard_duck/MT/24-037783-006/2024|H5N1|USA-MT|Big_Horn|2024-12-06|wild_avian|D1.1,Pacific,Central
1181,635,0.0511479534875987,-115.527249489547,44.095158432748,-111.745008746912,41.4658597254728,0.386313043675359,0.33516509018776,2024.87781379515,2024.92896174863,SRR36617835|A/snow_goose/MS/24-036916-001/2024|H5N1|USA-MS|Washington|2024-12-06|wild_avian|D1.1,Mississippi,Mississippi
821,540,0.0344682325208554,-104.821529125615,38.2775040129041,-101.793158611864,37.7715753149394,0.386313043675359,0.351844811154504,2024.89449351611,2024.92896174863,SRR34491436|A/snow_goose/IN/24-037289-004/2024|H5N1|USA-IN|Gibson|2024-12-06|wild_avian|D1.1,Mississippi,Mississippi
955,956,0.0192086073711424,-113.489607499353,37.3518655240619,-120.221268537397,41.9133146052493,0.387249155452203,0.368040548081061,2024.91068925304,2024.92989786041,NA,Central,Central
1061,1063,0.0300382859853938,-116.225417300951,35.2014764660087,-115.646021720709,34.2816992139204,0.387800317257783,0.357762031272389,2024.90041073623,2024.93044902222,NA,Central,Central
1271,159,0.0301580277439142,-100.318167605344,40.5037423851792,-99.0641991998756,40.5575364639072,0.389045284112485,0.358887256368571,2024.90153596133,2024.93169398907,SRR36617819|A/tundra_swan/WI/24-037346-003/2024|H5N1|USA-WI|Dane|2024-12-07|wild_avian|D1.1,Mississippi,Mississippi
774,775,0.0136524506316952,-75.6989659441422,40.8084873353798,-76.0574969821573,41.9681864906188,0.390968259995136,0.377315809363441,2024.91996451432,2024.93361696495,NA,Atlantic,Atlantic
838,840,0.204213461331178,-120.352388222506,41.6350092689613,-118.169001466194,47.4652583751665,0.391662587631953,0.187449126300776,2024.73009783126,2024.93431129259,NA,Central,Central
843,548,0.143174741206043,-102.560270439728,31.4018129851764,-101.796239405004,37.4912249023634,0.391777524549839,0.248602783343796,2024.7912514883,2024.93442622951,SRR31820756|A/chicken/OK/24-036668-002-original/2024|H5N1|USA-OK|Unknown|2024-12-08|domestic_avian|D1.1,Central,Central
775,776,0.00090227934050946,-76.0574969821573,41.9681864906188,-76.6435514968111,42.5319307797203,0.391870539335645,0.390968259995136,2024.93361696495,2024.93451924429,NA,Atlantic,Atlantic
709,710,0.0102676728390608,-76.3785496620403,40.2058243967937,-77.3384193273485,38.7530721150977,0.39267777693758,0.382410104098519,2024.92505880906,2024.9353264819,NA,Atlantic,Atlantic
1332,233,0.259189314692446,-104.354531064405,38.9613003649428,-106.503052598483,44.8443281206085,0.394509764986965,0.135320450294519,2024.67796915525,2024.93715846995,SRR34491427|A/great_horned_owl/NE/24-036852-002/2024|H5N1|USA-NE|Douglas|2024-12-09|wild_avian|D1.1,Mississippi,Central
832,520,0.219701117250154,-118.086963743002,41.2845543513301,-105.13042494279,45.3140625255205,0.394509764986965,0.174808647736811,2024.7174573527,2024.93715846995,SRR36628220|A/american_wigeon/IL/24-037535-005/2024|H5N1|USA-IL|Fulton|2024-12-09|wild_avian|D1.1,Central,Mississippi
1140,563,0.183210132867647,-108.166696669466,37.9138013532988,-123.35746040529,47.3184657529042,0.394509764986965,0.211299632119317,2024.75394833708,2024.93715846995,SRR36617246|A/snow_goose/IN/24-037868-001/2024|H5N1|USA-IN|Lake|2024-12-09|wild_avian|D1.1,Central,Mississippi
1251,181,0.180248410077122,-102.998225628241,46.7884543896865,-105.025840175915,42.7017543279221,0.394509764986965,0.214261354909842,2024.75691005987,2024.93715846995,SRR36617445|A/wild_duck/MS/24-037653-002/2024|H5N1|USA-MS|Tallahatchie|2024-12-09|wild_avian|D1.1,Mississippi,Mississippi
846,550,0.163080938428141,-118.045500801389,38.1781741506675,-106.616260370032,35.0904384541754,0.394509764986965,0.231428826558824,2024.77407753152,2024.93715846995,SRR36617634|A/snow_goose/OR/24-037761-001/2024|H5N1|USA-OR|Union|2024-12-09|wild_avian|D1.1,Pacific,Pacific
929,569,0.122917925593025,-115.495587168369,43.188335906284,-111.293997871813,43.8250797064808,0.394509764986965,0.27159183939394,2024.81424054435,2024.93715846995,SRR33508718|A/snow_goose/OR/24-037758-001/2024|H5N1|USA-OR|Malheur|2024-12-09|wild_avian|D1.1,Pacific,Pacific
1296,189,0.205887667872822,-100.630361320793,47.7436326850715,-107.704792577285,39.0833659388825,0.397242005424091,0.191354337551269,2024.73400304251,2024.93989071038,SRR34491424|A/blue_jay/IA/24-037140-001/2024|H5N1|USA-IA|Cerro_Gordo|2024-12-10|wild_avian|D1.1,Mississippi,Mississippi
1169,666,0.173482938340933,-121.241809254874,37.6837796292608,-121.886478290222,40.3291503248309,0.397242005424091,0.223759067083158,2024.76640777204,2024.93989071038,SRR34491425|A/canada_goose/MN/24-037100-001/2024|H5N1|USA-MN|Murray|2024-12-10|wild_avian|D1.1,Mississippi,Mississippi
796,31,0.159798999467916,-88.2623126445807,33.5279373717071,-100.757190371256,39.8002321629172,0.397242005424091,0.237443005956175,2024.78009171091,2024.93989071038,SRR33508721|A/snow_goose/ID/24-037540-001/2024|H5N1|USA-ID|Canyon|2024-12-10|wild_avian|D1.1,Central,Pacific
822,542,0.122377873080215,-119.091478636702,40.7631832560883,-120.628771836999,42.1375883000988,0.397242005424091,0.274864132343876,2024.8175128373,2024.93989071038,SRR36617433|A/snow_goose/IA/24-037657-004/2024|H5N1|USA-IA|Woodbury|2024-12-10|wild_avian|D1.1,Central,Mississippi
798,29,0.081645675848133,-86.8778919259486,33.2813658064946,-87.1679910134242,35.7758575029484,0.397242005424091,0.315596329575958,2024.85824503453,2024.93989071038,SRR36617816|A/red_tailed_hawk/CO/24-037418-001/2024|H5N1|USA-CO|Weld|2024-12-10|wild_avian|D1.1,Central,Central
1344,129,0.0615878597547246,-103.141832657488,39.1840428537409,-104.598047265589,38.5692385161366,0.397242005424091,0.335654145669366,2024.87830285063,2024.93989071038,SRR36617403|A/canada_goose/MN/24-038291-006/2024|H5N1|USA-MN|Ramsey|2024-12-10|wild_avian|D1.1,Mississippi,Mississippi
845,552,0.218388736767552,-116.788884888976,42.4618192406173,-116.184091214413,33.4467107587912,0.399974245861217,0.181585509093665,2024.72423421405,2024.94262295082,SRR36617233|A/mallard_duck/AR/24-037952-006/2024|H5N1|USA-AR|Prairie|2024-12-11|wild_avian|D1.1,Central,Mississippi
1172,1173,0.106454230948204,-120.726923906951,40.1911624615121,-121.52990356549,45.9363012014174,0.401420061223844,0.29496583027564,2024.83761453523,2024.94406876618,NA,Central,Mississippi
769,770,0.0232507434748835,-76.8430888800873,42.9312290227214,-76.8385455908226,43.1815168575415,0.402507690597771,0.379256947122887,2024.92190565208,2024.94515639556,NA,Atlantic,Atlantic
1171,668,0.112249529779564,-120.722787682308,40.1968250638067,-120.24436161388,41.4733830778244,0.402706486298343,0.290456956518779,2024.83310566148,2024.94535519126,SRR36617797|A/snow_goose/KS/24-038036-002/2024|H5N1|USA-KS|Mitchell|2024-12-12|wild_avian|D1.1,Central,Central
1270,174,0.0319724796572629,-92.1123415937834,44.4640910797374,-98.9044867505706,34.6581102576079,0.402706486298343,0.37073400664108,2024.9133827116,2024.94535519126,SRR36617408|A/bald_eagle/GA/24-038226-003/2024|H5N1|USA-GA|Glynn|2024-12-12|wild_avian|D1.1,Mississippi,Atlantic
760,761,0.0216491554440207,-73.424097210873,42.4399343523184,-73.4011075937565,42.3858328730434,0.403610837982947,0.381961682538926,2024.9246103875,2024.94625954294,NA,Atlantic,Atlantic
1178,638,0.0349172918036258,-120.823780569693,37.9178365053241,-103.766921661526,35.5112721101255,0.40543872673547,0.370521434931844,2024.91317013989,2024.94808743169,SRR31885765|A/Guineafowl/AL/24-037980-001-original/2024|H5N1|USA-AL|Unknown|2024-12-13|domestic_avian|D1.1,Central,Mississippi
957,958,0.033978148302517,-113.172856593608,37.6183896959709,-112.513025006938,39.0492668294348,0.406926915735379,0.372948767432862,2024.91559747239,2024.94957562069,NA,Central,Central
803,280,0.378798964065545,-115.697944928838,34.6565028937139,-123.114629925501,44.9634383576208,0.408170967172596,0.0293720031070508,2024.57202070807,2024.95081967213,SRR36617585|A/canvasback_duck/WA/24-038667-005/2024|H5N1|USA-WA|Walla_Walla|2024-12-14|wild_avian|D1.1,Pacific,Pacific
939,587,0.177478432584135,-107.5495738737,46.3423539258241,-117.481783733388,46.3257627623219,0.408170967172596,0.230692534588461,2024.77334123955,2024.95081967213,SRR36617600|A/gadwall/TX/24-038543-056/2024|H5N1|USA-TX|Jefferson|2024-12-14|wild_avian|D1.1,Central,Central
1329,226,0.0338712785940773,-100.277868824308,44.2895104526017,-100.031924845559,44.1552110057767,0.408170967172596,0.374299688578518,2024.91694839354,2024.95081967213,SRR36617800|A/canada_goose/OH/24-038006-001/2024|H5N1|USA-OH|Mercer|2024-12-14|wild_avian|D1.1,Mississippi,Mississippi
1173,669,0.00675090594875161,-121.52990356549,45.9363012014174,-121.013801394026,43.6506157049982,0.408170967172596,0.401420061223844,2024.94406876618,2024.95081967213,SRR36617765|A/ring_necked_duck/KY/24-038721-028/2024|H5N1|USA-KY|Ballard|2024-12-14|wild_avian|D1.1,Mississippi,Mississippi
882,302,0.208419561571983,-87.7561927044478,32.1242434932455,-97.0545088104966,32.4652541335004,0.413635448047075,0.205215886475093,2024.74786459143,2024.95628415301,SRR36617384|A/snow_goose/NC/24-038497-002/2024|H5N1|USA-NC|Hyde|2024-12-16|wild_avian|D1.1,Mississippi,Atlantic
798,30,0.0980391184711173,-86.8778919259486,33.2813658064946,-83.7768610113766,44.3914257398394,0.413635448047075,0.315596329575958,2024.85824503453,2024.95628415301,SRR36617414|A/snow_goose/ID/24-038179-001/2024|H5N1|USA-ID|Owyhee|2024-12-16|wild_avian|D1.1,Central,Pacific
842,546,0.239172879339665,-110.876856230689,35.9214413428657,-117.091266836976,40.9348854983153,0.416367688484202,0.177194809144537,2024.7198435141,2024.95901639344,SRR36617967|A/gadwall/NV/24-039032-002/2024|H5N1|USA-NV|Elko|2024-12-17|wild_avian|D1.1,Pacific,Pacific
1216,257,0.238605945439704,-112.700311567027,39.6717996969309,-111.400216408364,32.0591717707729,0.416367688484202,0.177761743044498,2024.720410448,2024.95901639344,SRR36617969|A/mallard_duck/NV/24-039032-001/2024|H5N1|USA-NV|Elko|2024-12-17|wild_avian|D1.1,Pacific,Pacific
908,592,0.228834471242735,-113.399571244958,33.4705977904375,-96.766410768767,29.4909531681034,0.416367688484202,0.187533217241467,2024.7301819222,2024.95901639344,SRR36618001|A/Muscovy_duck/TX/24-038475-001/2024|H5N1|USA-TX|Harris|2024-12-17|wild_avian|D1.1,Central,Central
1344,130,0.0807135428148351,-103.141832657488,39.1840428537409,-103.368748713054,36.9388916248474,0.416367688484202,0.335654145669366,2024.87830285063,2024.95901639344,SRR36617307|A/canada_goose/WI/25-001449-006/2024|H5N1|USA-WI|St_Croix|2024-12-17|wild_avian|D1.1,Mississippi,Mississippi
1322,224,0.20016654047649,-106.826045822834,45.7211797000114,-106.854321472456,45.7613468509438,0.419099928921328,0.218933388444838,2024.7615820934,2024.96174863388,SRR36617388|A/trumpeter_swan/IL/24-038496-001/2024|H5N1|USA-IL|Pike|2024-12-18|wild_avian|D1.1,Mississippi,Mississippi
1193,632,0.11170965825807,-101.192814729942,36.5953574015199,-100.057493312507,41.9524107451608,0.419099928921328,0.307390270663258,2024.85003897562,2024.96174863388,SRR36617748|A/canada_goose/MO/24-038745-013/2024|H5N1|USA-MO|St_Charles|2024-12-18|wild_avian|D1.1,Central,Mississippi
1173,670,0.0176798676974836,-121.52990356549,45.9363012014174,-116.942334819967,45.1370762454533,0.419099928921328,0.401420061223844,2024.94406876618,2024.96174863388,SRR36617758|A/mallard_duck/MO/24-038745-003/2024|H5N1|USA-MO|Nodaway|2024-12-18|wild_avian|D1.1,Mississippi,Mississippi
1221,248,0.247403065866085,-118.046954886831,37.2953324242611,-79.8318219209005,35.1869611560495,0.421832169358454,0.174429103492369,2024.71707780845,2024.96448087432,SRR36617986|A/green_winged_teal/VA/24-038857-002/2024|H5N1|USA-VA|Virginia_Beach|2024-12-19|wild_avian|D1.1,Pacific,Atlantic
781,24,0.242677368085613,-106.694073329506,40.2168643577052,-82.0098678411869,33.5020567943516,0.421832169358454,0.179154801272841,2024.72180350623,2024.96448087432,SRR36617586|A/canada_goose/WY/24-038662-001/2024|H5N1|USA-WY|Big_Horn|2024-12-19|wild_avian|D1.1,Mississippi,Central
1217,255,0.241211438833572,-114.984149483973,38.5804387743213,-108.229964270514,40.8924997122981,0.421832169358454,0.180620730524882,2024.72326943548,2024.96448087432,SRR36628748|A/mallard_duck/AZ/25-000743-025/2024|H5N1|USA-AZ|La_Paz|2024-12-19|wild_avian|D1.1,Pacific,Pacific
858,331,0.16178622151228,-89.9644455637053,39.9673459640415,-90.5133594409786,41.8886072589643,0.421832169358454,0.260045947846174,2024.8026946528,2024.96448087432,SRR36617982|A/wood_duck/VA/24-038859-013/2024|H5N1|USA-VA|Henrico|2024-12-19|wild_avian|D1.1,Atlantic,Atlantic
689,40,0.143302027873508,-103.132164094611,32.2305280601831,-97.8078334120117,28.1884648313289,0.421832169358454,0.278530141484946,2024.82117884644,2024.96448087432,SRR36617304|A/bald_eagle/GA/25-001590-001/2024|H5N1|USA-GA|Fulton|2024-12-19|wild_avian|D1.1,Mississippi,Atlantic
1223,246,0.247022336747075,-107.914477248358,40.1367600235653,-115.531435461337,36.0406628634733,0.42456440979558,0.177542073048505,2024.72019077801,2024.96721311475,SRR36617580|A/mallard_duck/WA/25-000523-001/2024|H5N1|USA-WA|Grant|2024-12-20|wild_avian|D1.1,Pacific,Pacific
783,23,0.123283633646129,-103.992831830868,38.7197260005434,-102.418766175375,44.9680941780377,0.42456440979558,0.301280776149451,2024.84392948111,2024.96721311475,SRR36617991|A/Peregrine_falcon/NY/24-038845-001/2024|H5N1|USA-NY|Cortland|2024-12-20|wild_avian|D1.1,Atlantic,Atlantic
1138,562,0.248151670036375,-108.057431642916,37.2106420244498,-102.11382148386,31.5525364636023,0.427296650232706,0.179144980196331,2024.72179368515,2024.96994535519,SRR36628199|A/wild_goose/NE/24-038832-001/2024|H5N1|USA-NE|Douglas|2024-12-21|wild_avian|D1.1,Central,Central
1195,673,0.196504841522775,-111.258233456409,41.7248237166113,-102.263577864363,46.75600934952,0.432761131107186,0.236256289584411,2024.77890499454,2024.97540983607,SRR36617878|A/western_gull/CA/25-004506-003/2024|H5N1|USA-CA|Monterey|2024-12-23|wild_avian|D1.1,Pacific,Pacific
1182,637,0.0592488220818728,-109.296893425337,48.2967534418951,-110.07603562683,47.3795976879223,0.435493371544312,0.376244549462439,2024.91889325442,2024.9781420765,SRR36617972|A/canada_goose/SD/24-038946-001/2024|H5N1|USA-SD|Union|2024-12-24|wild_avian|D1.1,Central,Central
1272,164,0.242930080334374,-101.780509359629,45.2298170676223,-105.412764629532,47.2205861126274,0.446422333292817,0.203492252958442,2024.74614095792,2024.98907103825,SRR36617711|A/american_wigeon/SC/25-000504-002/2024|H5N1|USA-SC|Colleton|2024-12-28|wild_avian|D1.1,Atlantic,Atlantic
931,559,0.145476203778196,-123.51654659027,41.0885504537197,-122.422495070561,40.5324144542728,0.446422333292817,0.300946129514621,2024.84359483447,2024.98907103825,SRR36617718|A/snow_goose/CO/25-000365-002/2024|H5N1|USA-CO|Pueblo|2024-12-28|wild_avian|D1.1,Central,Central
886,300,0.0774147731326043,-77.4439356749447,35.4277553800421,-78.4637098221842,35.4323968652871,0.446422333292817,0.369007560160213,2024.91165626512,2024.98907103825,SRR36617328|A/snow_goose/NC/25-001068-002/2024|H5N1|USA-NC|Hyde|2024-12-28|wild_avian|D1.1,Atlantic,Atlantic
1243,236,0.37219347017819,-116.970146443642,39.7678029449452,-97.5870755284959,29.6533856133478,0.451886814167296,0.0796933439891065,2024.62234204895,2024.99453551913,SRR36617726|A/canada_goose/OH/25-000228-002/2024|H5N1|USA-OH|Stark|2024-12-30|wild_avian|D1.1,Central,Mississippi
705,54,0.159040506073088,-71.5883876035848,41.5934842000302,-74.3360798086693,42.3388428588886,0.451886814167296,0.292846308094208,2024.83549501305,2024.99453551913,SRR36628766|A/lesser_snow_goose/PA/25-000167-005/2024|H5N1|USA-PA|Northampton|2024-12-30|wild_avian|D1.1,Atlantic,Atlantic
1193,633,0.144496543504039,-101.192814729942,36.5953574015199,-108.49187740323,31.5445502394743,0.451886814167296,0.307390270663258,2024.85003897562,2024.99453551913,SRR36617313|A/snow_goose/TN/25-001379-007/2024|H5N1|USA-TN|Humphreys|2024-12-30|wild_avian|D1.1,Central,Mississippi
739,74,0.0761279023326971,-76.9499246399621,39.7852444114348,-76.9969748888252,39.7796757774835,0.451886814167296,0.375758911834599,2024.91840761679,2024.99453551913,SRR36617737|A/lesser_snow_goose/PA/25-000169-003/2024|H5N1|USA-PA|Lehigh|2024-12-30|wild_avian|D1.1,Atlantic,Atlantic
1063,1064,0.0658193594922865,-115.646021720709,34.2816992139204,-116.46163014171,36.9963329686546,0.45361967675007,0.387800317257783,2024.93044902222,2024.99626838171,NA,Central,Central
1256,161,0.160744095593946,-99.076704293595,44.9173557108194,-100.379396476336,44.4333193021455,0.454619054604423,0.293874959010477,2024.83652366397,2024.99726775956,SRR32006892|A/chicken/WV/25-000049-006-original/2024|H5N1|USA-WV|Unknown|2024-12-31|domestic_avian|D1.1,Atlantic,Atlantic
776,121,0.0627485152687772,-76.6435514968111,42.5319307797203,-76.8389223711677,42.280922251912,0.454619054604423,0.391870539335645,2024.93451924429,2024.99726775956,SRR36617325|A/snow_goose/MA/25-001222-002/2024|H5N1|USA-MA|Dorchester|2024-12-31|wild_avian|D1.1,Atlantic,Atlantic
710,52,0.061941277666843,-77.3384193273485,38.7530721150977,-77.3538115467329,38.7515618918342,0.454619054604423,0.39267777693758,2024.9353264819,2024.99726775956,SRR36617326|A/snow_goose/MA/25-001222-001/2024|H5N1|USA-MA|Dorchester|2024-12-31|wild_avian|D1.1,Atlantic,Atlantic
1229,268,0.280684043819504,-105.393156004286,44.1682819724991,-93.8027135527111,40.9400515674038,0.460091021068906,0.179406977249402,2024.72205568221,2025.00273972603,SRR32416368|A/Canada_Goose/TN/25-003129-001-original/2025|H5N1|USA-TN|Unknown|2025-01-02|wild_avian|D1.1,Central,Mississippi
1286,147,0.243339633934869,-104.138217220949,40.3937766585734,-108.84438603392,44.6950969746396,0.460091021068906,0.216751387134037,2024.75940009209,2025.00273972603,SRR32226683|A/Canada_Goose/IL/25-000616-010/2025|H5N1|USA-IL|Cook|2025-01-02|wild_avian|D1.1,Mississippi,Mississippi
1287,145,0.219584252702259,-104.305860992162,40.7198542487069,-108.617375457708,41.9222609641702,0.460091021068906,0.240506768366647,2024.78315547332,2025.00273972603,SRR32254443|A/snow_goose/AL/25-001388-002/2025|H5N1|USA-AL|Limestone|2025-01-02|wild_avian|D1.1,Mississippi,Mississippi
861,327,0.202926295513951,-90.5583564837774,39.3480478632592,-85.3400605987863,39.0904608685155,0.460091021068906,0.257164725554955,2024.79981343051,2025.00273972603,SRR32254425|A/bald_eagle/SC/25-000782-001/2025|H5N1|USA-SC|Charleston|2025-01-02|wild_avian|D1.1,Atlantic,Atlantic
820,539,0.150022379494985,-105.573828186345,38.0564423695434,-103.775471277685,36.8438872247924,0.460091021068906,0.310068641573922,2024.85271734653,2025.00273972603,SRR32226691|A/Canada_Goose/IL/25-000616-002/2025|H5N1|USA-IL|Cook|2025-01-02|wild_avian|D1.1,Mississippi,Mississippi
1180,643,0.120352038190258,-120.139759812585,39.131154537808,-121.672178251908,42.9690172238937,0.460091021068906,0.339738982878648,2024.88238768784,2025.00273972603,SRR36617578|A/red_tailed_hawk/IA/25-000527-002/2024|H5N1|USA-IA|Polk|2025-01-02|wild_avian|D1.1,Central,Mississippi
860,324,0.11598834111179,-90.0217376908227,38.3937595052589,-89.9063213842806,36.9302571229582,0.460091021068906,0.344102679957117,2024.88675138492,2025.00273972603,SRR32868825|A/Canada_Goose/WV/25-001893-003-original/2025|H5N1|USA-WV|Unknown|2025-01-02|wild_avian|D1.1,Atlantic,Atlantic
773,120,0.0780252366731935,-75.0668269579731,39.9242624821958,-75.1437576295398,39.9729858351604,0.460091021068906,0.382065784395713,2024.92471448935,2025.00273972603,SRR32006864|A/chicken/DE/25-000201-001-original/2025|H5N1|USA-DE|Unknown|2025-01-02|domestic_avian|D1.1,Atlantic,Atlantic
710,51,0.0674132441313265,-77.3384193273485,38.7530721150977,-79.5409802407764,38.8380225259782,0.460091021068906,0.39267777693758,2024.9353264819,2025.00273972603,SRR32254446|A/red_tailed_hawk/PA/25-001322-001/2025|H5N1|USA-PA|Northampton|2025-01-02|wild_avian|D1.1,Atlantic,Atlantic
928,567,0.220179035293511,-110.738892557112,39.182080720863,-115.403914144186,39.0803728144681,0.462830747096264,0.242651711802753,2024.78530041676,2025.00547945205,SRR32254439|A/snow_goose/NM/25-001448-001/2025|H5N1|USA-NM|Socorro|2025-01-03|wild_avian|D1.1,Pacific,Central
1192,631,0.306815343793955,-112.85965074532,38.6471467814275,-99.2276304099417,42.7754582499785,0.468310199151206,0.161494855357251,2024.70414356032,2025.01095890411,SRR32226692|A/Great_Horned_Owl/IA/25-000440-001/2025|H5N1|USA-IA|Polk|2025-01-05|wild_avian|D1.1,Pacific,Mississippi
905,598,0.15778743215382,-101.550611151245,40.5877483721591,-100.855624815663,33.3970999513694,0.468310199151206,0.310522766997386,2024.85317147196,2025.01095890411,SRR32125546|A/chicken/OR/25-000540-001-original/2025|H5N1|USA-OR|Unknown|2025-01-05|domestic_avian|D1.1,Pacific,Pacific
709,50,0.0859000950526869,-76.3785496620403,40.2058243967937,-77.4584787242931,41.5409407199116,0.468310199151206,0.382410104098519,2024.92505880906,2025.01095890411,SRR32254496|A/snow_goose/NJ/25-000810-002/2025|H5N1|USA-NJ|Warren|2025-01-05|wild_avian|D1.1,Atlantic,Atlantic
714,99,0.27776469352395,-72.6837954968944,41.9332142221317,-74.2121986044601,40.4171476048895,0.471049925178563,0.193285231654613,2024.73593393661,2025.01369863014,SRR32254487|A/canada_goose/NY/25-000858-002/2025|H5N1|USA-NY|Saratoga|2025-01-06|wild_avian|D1.1,Atlantic,Atlantic
1275,163,0.153685275335363,-99.5161546481515,46.1303734126095,-98.7274711415666,45.7813130303309,0.471049925178563,0.3173646498432,2024.8600133548,2025.01369863014,SRR32125549|A/chicken/GA/25-000538-001-original/2025|H5N1|USA-GA|Unknown|2025-01-06|domestic_avian|D1.1,Atlantic,Atlantic
797,27,0.143292139802432,-87.0750321897815,41.4264783884983,-83.0217496218496,37.5661841273629,0.471049925178563,0.327757785376131,2024.87040649033,2025.01369863014,SRR32125547|A/chicken/ID/25-000539-001-original/2025|H5N1|USA-ID|Unknown|2025-01-06|domestic_avian|D1.1,Pacific,Pacific
1348,135,0.092914501614038,-102.107435307044,44.5764256678498,-102.301902238841,44.4948532281835,0.471049925178563,0.378135423564525,2024.92078412852,2025.01369863014,SRR32254451|A/red_tailed_hawk/WI/25-001295-001/2025|H5N1|USA-WI|Columbia|2025-01-06|wild_avian|D1.1,Mississippi,Mississippi
1200,628,0.0851291017908652,-114.586265776802,33.6179011506107,-115.483784482577,33.3859035953214,0.471049925178563,0.385920823387698,2024.92856952835,2025.01369863014,SRR32254472|A/red_tailed_hawk/ID/25-001246-001/2025|H5N1|USA-ID|Unknown|2025-01-06|wild_avian|D1.1,Pacific,Pacific
1166,663,0.240274201490145,-123.355293366905,38.9612946524315,-121.446247619908,45.5447885533716,0.473789651205921,0.233515449715775,2024.77616415467,2025.01643835616,SRR32416436|A/mallard/LA/25-001905-003/2025|H5N1|USA-LA|Richland|2025-01-07|wild_avian|D1.1,Central,Mississippi
947,337,0.0968157170625616,-89.6080719987936,35.799359895243,-93.2820021874216,39.1570959337502,0.473789651205921,0.376973934143359,2024.9196226391,2025.01643835616,SRR32254489|A/cackling_goose/CO/25-000848-001/2025|H5N1|USA-CO|Weld|2025-01-07|wild_avian|D1.1,Central,Central
807,281,0.31962526182225,-112.863377289716,46.7687088028556,-106.330949537074,39.5338113967534,0.476529377233278,0.156904115411028,2024.69955282037,2025.01917808219,SRR33508711|A/barn_owl/AZ/25-000514-002/2025|H5N1|USA-AZ|Maricopa|2025-01-08|wild_avian|D1.1,Pacific,Pacific
834,529,0.235681416699681,-117.033567441236,39.6101113448635,-104.722491017483,43.1156294764693,0.476529377233278,0.240847960533597,2024.78349666549,2025.01917808219,SRR32512601|A/american_wigeon/AZ/25-004049-003/2025|H5N1|USA-AZ|Mohave|2025-01-08|wild_avian|D1.1,Central,Pacific
896,897,0.299240566894927,-107.562576659458,37.6348453159825,-111.973619650812,36.740080104243,0.476861035288666,0.177620468393739,2024.72026917335,2025.01950974025,NA,Pacific,Pacific
1211,258,0.127571476868006,-111.936186319166,32.6021425931322,-102.411347825494,43.1816484439978,0.479269103260635,0.351697626392629,2024.89434633135,2025.02191780822,SRR32254417|A/bald_eagle/AL/25-001791-001/2025|H5N1|USA-AL|Baldwin|2025-01-09|wild_avian|D1.1,Central,Mississippi
1198,626,0.305533661929623,-112.451123354833,38.8809415406696,-123.555541570884,46.8526039486315,0.487488281342935,0.181954619413311,2024.72460332437,2025.0301369863,SRR33029793|A/Trumpeter_Swan/MN/25-002569-001-original/2025|H5N1|USA-MN|Unknown|2025-01-12|wild_avian|D1.1,Pacific,Mississippi
1178,1179,0.118245267929044,-120.823780569693,37.9178365053241,-118.91356036725,39.6174255483055,0.488766702860888,0.370521434931844,2024.91317013989,2025.03141540782,NA,Central,Central
1355,239,0.328924429290393,-123.00646014576,47.7426556518881,-106.178871339709,47.4125020147858,0.490228007370292,0.161303578079899,2024.70395228304,2025.03287671233,SRR32416354|A/American_Woodcock/AR/25-003125-001-original/2025|H5N1|USA-AR|Unknown|2025-01-13|wild_avian|D1.1,Central,Mississippi
748,59,0.146964755028419,-74.0591731118461,43.4770450156101,-72.8088976552279,42.7557247947467,0.490228007370292,0.343263252341873,2024.8859119573,2025.03287671233,SRR32254424|A/mallard/VT/25-001682-021/2025|H5N1|USA-VT|Grand_Isle|2025-01-13|wild_avian|D1.1,Atlantic,Atlantic
774,123,0.112912198006851,-75.6989659441422,40.8084873353798,-73.6212028671257,44.4709015981003,0.490228007370292,0.377315809363441,2024.91996451432,2025.03287671233,SRR32254429|A/snow_goose/NY/25-001673-001/2025|H5N1|USA-NY|Ontario|2025-01-13|wild_avian|D1.1,Atlantic,Atlantic
1258,157,0.251735902408363,-100.962588678699,46.3852507723003,-112.024496248073,40.5975480930483,0.49296773339765,0.241231830989287,2024.78388053595,2025.03561643836,SRR33508814|A/lesser_scaup/FL/25-003912-002/2025|H5N1|USA-FL|Indian_River|2025-01-14|wild_avian|D1.1,Mississippi,Atlantic
1170,664,0.258262658742799,-120.631223787829,37.5721989372331,-110.013519543685,32.3520440053211,0.495707459425007,0.237444800682208,2024.78009350564,2025.03835616438,SRR32416380|A/Wood_Duck/MS/25-002206-001-original/2025|H5N1|USA-MS|Unknown|2025-01-15|wild_avian|D1.1,Mississippi,Mississippi
840,841,0.104578642633875,-118.169001466194,47.4652583751665,-118.658780372323,47.6019238678715,0.496241230265829,0.391662587631953,2024.93431129259,2025.03888993522,NA,Central,Central
911,289,0.319040160300304,-111.388940010441,40.3118321364644,-117.726204763832,36.6672412099573,0.498447185452592,0.179407025152288,2024.72205573011,2025.04109589041,SRR32653596|A/Weasel/WA/25-002912-001-original-repeat2/2025|H5N1|USA-WA|Unknown|2025-01-16|other_mammal|D1.1,Pacific,Pacific
1172,667,0.203481355176952,-120.726923906951,40.1911624615121,-119.489353697244,48.5868527143145,0.498447185452592,0.29496583027564,2024.83761453523,2025.04109589041,SRR32513187|A/great_horned_owl/WY/25-002742-001/2025|H5N1|USA-WY|Goshen|2025-01-16|wild_avian|D1.1,Central,Central
769,114,0.119190238329705,-76.8430888800873,42.9312290227214,-76.7477543638287,42.9192621344313,0.498447185452592,0.379256947122887,2024.92190565208,2025.04109589041,SRR32513297|A/red_tailed_hawk/PA/25-003148-002/2025|H5N1|USA-PA|Lehigh|2025-01-16|wild_avian|D1.1,Atlantic,Atlantic
1179,639,0.00968048259170384,-118.91356036725,39.6174255483055,-118.811969580516,39.1320180884083,0.498447185452592,0.488766702860888,2025.03141540782,2025.04109589041,SRR32254412|A/cat/SD/25-002248-001/2025|H5N1|USA-SD|Faulk|2025-01-16|feline|D1.1,Central,Central
1179,640,0.00968048259170384,-118.91356036725,39.6174255483055,-118.395016586823,39.8636706208754,0.498447185452592,0.488766702860888,2025.03141540782,2025.04109589041,SRR32254411|A/cat/SD/25-002248-002/2025|H5N1|USA-SD|Faulk|2025-01-16|feline|D1.1,Central,Central
1300,1301,0.193473636473497,-99.2664736665493,48.0662709863814,-98.9466353057856,46.3935930560197,0.500958474676356,0.307484838202859,2024.85013354316,2025.04360717963,NA,Mississippi,Mississippi
1331,228,0.117572017880576,-102.742378696155,48.9266934643977,-96.9752103572722,48.8849663323154,0.501186911479949,0.383614893599373,2024.92626359856,2025.04383561644,SRR32254410|A/African_crowned_crane/VA/25-002296-001/2025|H5N1|USA-VA|Powhatan|2025-01-17|wild_avian|D1.1,Mississippi,Atlantic
766,103,0.116724393268156,-72.9819179534888,43.3502023108902,-72.9766356826518,43.4239969487973,0.501186911479949,0.384462518211793,2024.92711122317,2025.04383561644,SRR32513176|A/mallard/NH/25-003045-054/2025|H5N1|USA-NH|Merrimack|2025-01-17|wild_avian|D1.1,Atlantic,Atlantic
766,104,0.116724393268156,-72.9819179534888,43.3502023108902,-73.1361855021642,43.3444676572621,0.501186911479949,0.384462518211793,2024.92711122317,2025.04383561644,SRR32416416|A/mallard/NH/25-003045-041/2025|H5N1|USA-NH|Merrimack|2025-01-17|wild_avian|D1.1,Atlantic,Atlantic
726,727,0.12127216929466,-72.7802518045471,42.2881211836916,-72.5942379948677,43.7542214480481,0.502696671327602,0.381424502032943,2024.92407320699,2025.04534537629,NA,Atlantic,Atlantic
1212,260,0.250677608925365,-111.942550364108,32.0584074250971,-106.889399048264,36.8877465377167,0.503926637507307,0.253249028581942,2024.79589773354,2025.04657534247,SRR32513271|A/great_horned_owl/NM/25-002820-001/2025|H5N1|USA-NM|Chaves|2025-01-18|wild_avian|D1.1,Central,Central
761,110,0.103055525551717,-73.4011075937565,42.3858328730434,-76.1995834028553,41.230538311753,0.506666363534664,0.403610837982947,2024.94625954294,2025.04931506849,SRR33319045|A/hooded_merganser/RI/25-007119-005/2025|H5N1|USA-RI|Washington|2025-01-19|wild_avian|D1.1,Atlantic,Atlantic
748,749,0.166542832636581,-74.0591731118461,43.4770450156101,-75.1744546039149,39.663488350224,0.509806084978454,0.343263252341873,2024.8859119573,2025.05245478994,NA,Atlantic,Atlantic
897,898,0.0341374352307108,-111.973619650812,36.740080104243,-108.490765990373,38.8115900888979,0.510998470519377,0.476861035288666,2025.01950974025,2025.05364717548,NA,Pacific,Pacific
953,954,0.128659672735426,-119.534801721841,42.4121577609226,-111.33554739465,43.6475353834039,0.51133364225678,0.382673969521354,2024.92532267448,2025.05398234722,NA,Central,Pacific
905,597,0.20162304859222,-101.550611151245,40.5877483721591,-96.1756632427458,40.4196834181283,0.512145815589606,0.310522766997386,2024.85317147196,2025.05479452055,SRR32254304|A/cattle/NV/25-002645-003-original/2025|H5N1|USA-NV|Unknown|2025-01-21|cattle|D1.1,Pacific,Pacific
1234,277,0.159950146997891,-107.575684858313,45.9158884330656,-118.550585154284,45.8920843539538,0.512145815589606,0.352195668591716,2024.89484437355,2025.05479452055,SRR33125070|A/Great_Horned_Owl/MT/25-006102-001-original/2025|H5N1|USA-MT|Unknown|2025-01-21|wild_avian|D1.1,Central,Central
691,32,0.150571556652623,-106.604051316596,32.4000663147982,-106.045479663429,32.678731109994,0.512145815589606,0.361574258936983,2024.9042229639,2025.05479452055,SRR34980358|A/bald_eagle/WI/25-021326-002/2025|H5N1|USA-WI|Door|2025-01-21|wild_avian|D1.1,Mississippi,Mississippi
692,693,0.139168481788063,-105.108749034178,32.7421990785681,-103.520539244148,33.8130449789732,0.514482701339489,0.375314219551426,2024.91796292451,2025.0571314063,NA,Mississippi,Mississippi
1207,253,0.330006643928442,-104.37308372359,43.3736184628802,-103.191983633956,41.3025244776864,0.514885541616964,0.184878897688522,2024.72752760265,2025.05753424658,GenBank|A/chicken/WA/W250220054-7/2025|H5N1|USA-WA|Unknown|2025-01-22|domestic_avian|D1.1,Pacific,Pacific
1298,214,0.232089073225638,-103.260544660196,43.4577000438291,-94.446473238904,45.640267701257,0.514885541616964,0.282796468391325,2024.82544517335,2025.05753424658,SRR32416465|A/bald_eagle/OK/25-003111-001/2025|H5N1|USA-OK|Le_Flore|2025-01-22|wild_avian|D1.1,Mississippi,Central
865,303,0.135482442074005,-83.5864871662806,34.2330246113583,-84.0659175028008,33.5341806345146,0.514885541616964,0.379403099542959,2024.9220518045,2025.05753424658,SRR32513231|A/snow_goose/VA/25-004135-011/2025|H5N1|USA-VA|Northampton|2025-01-22|wild_avian|D1.1,Atlantic,Atlantic
726,89,0.133461039584021,-72.7802518045471,42.2881211836916,-70.7314575839997,42.1691073235949,0.514885541616964,0.381424502032943,2024.92407320699,2025.05753424658,SRR32512553|A/canada_goose/MA/25-003297-004/2025|H5N1|USA-MA|Plymouth|2025-01-22|wild_avian|D1.1,Atlantic,Atlantic
827,531,0.13029250333047,-104.065407272032,40.3425219961764,-104.237446713537,40.8252147319319,0.514885541616964,0.384593038286493,2024.92724174324,2025.05753424658,SRR32512591|A/canada_goose/KY/25-004132-002/2025|H5N1|USA-KY|Kenton|2025-01-22|wild_avian|D1.1,Mississippi,Mississippi
1301,209,0.0139270669406073,-98.9466353057856,46.3935930560197,-99.6366568608876,45.0501857746863,0.514885541616964,0.500958474676356,2025.04360717963,2025.05753424658,SRR33029806|A/raccoon/KY/25-006499-002/2025|H5N1|USA-KY|Boone|2025-01-22|other_mammal|D1.1,Mississippi,Mississippi
1069,1070,0.138089210322284,-116.711920571764,35.9022005536674,-118.082333725832,38.207501100751,0.515346059849836,0.377256849527552,2024.91990555449,2025.05799476481,NA,Central,Central
1323,1324,0.283559619332505,-105.937016809002,48.0633312662074,-106.209861769796,48.2909838539991,0.515786777828091,0.232227158495587,2024.77487586345,2025.05843548279,NA,Mississippi,Mississippi
958,959,0.109134482591226,-112.513025006938,39.0492668294348,-107.431208622211,43.1408912863752,0.516061398326605,0.406926915735379,2024.94957562069,2025.05871010328,NA,Central,Pacific
1149,284,0.321024510662727,-110.196535251158,33.2655155019046,-104.485348170475,39.7450623616942,0.517625267644321,0.196600756981594,2024.73924946194,2025.0602739726,SRR32415199|A/chicken/OR/25-003575-001-original/2025|H5N1|USA-OR|Unknown|2025-01-23|domestic_avian|D1.1,Pacific,Pacific
1242,234,0.285509760850819,-104.546121008858,32.0559016999143,-105.288814908165,32.1882653574566,0.517625267644321,0.232115506793501,2024.77476421175,2025.0602739726,SRR32654188|A/Turkey/NE/25-002670-003-original/2025|H5N1|USA-NE|Unknown|2025-01-23|domestic_avian|D1.1,Central,Central
704,48,0.281302258239456,-72.1287266282412,42.208100262917,-71.3008749699744,41.6830375344672,0.517625267644321,0.236323009404865,2024.77897171436,2025.0602739726,SRR32512673|A/american_black_duck/CT/25-003143-002/2025|H5N1|USA-CT|New_Haven|2025-01-23|wild_avian|D1.1,Atlantic,Atlantic
723,96,0.0431500351076388,-70.4860525651035,43.4637744054956,-70.811622349632,43.5439536274922,0.517625267644321,0.474475232536682,2025.0171239375,2025.0602739726,SRR32512597|A/canada_goose/ME/25-003295-004/2025|H5N1|USA-ME|York|2025-01-23|wild_avian|D1.1,Atlantic,Atlantic
693,694,0.00695498897329916,-103.520539244148,33.8130449789732,-103.608641704461,33.4684788695136,0.521437690312788,0.514482701339489,2025.0571314063,2025.06408639527,NA,Mississippi,Mississippi
932,933,0.318223249780116,-110.234545194469,45.1354291388669,-117.013973352312,48.0071131990187,0.521963737603922,0.203740487823806,2024.74638919278,2025.06461244256,NA,Central,Pacific
883,322,0.2999984971624,-92.4819780232409,34.8516314696515,-94.0363408950327,38.1592249550925,0.523104719699036,0.223106222536635,2024.76575492749,2025.06575342466,SRR32513217|A/wood_duck/NC/25-003923-002/2025|H5N1|USA-NC|Hyde|2025-01-25|wild_avian|D1.1,Atlantic,Atlantic
1153,645,0.204764485889928,-117.924486744529,41.7753373464378,-104.134130549592,42.3259597158059,0.523104719699036,0.318340233809107,2024.86098893877,2025.06575342466,SRR32654185|A/chicken/IN/25-002875-001-original/2025|H5N1|USA-IN|Unknown|2025-01-25|domestic_avian|D1.1,Central,Mississippi
864,321,0.175185614802212,-81.2473552251587,34.6368505208547,-83.867660086963,35.8725820451818,0.523104719699036,0.347919104896824,2024.89056780986,2025.06575342466,SRR32654186|A/chicken/DE/25-002825-001-original/2025|H5N1|USA-DE|Unknown|2025-01-25|domestic_avian|D1.1,Atlantic,Atlantic
694,696,0.00213373254909255,-103.608641704461,33.4684788695136,-102.699283775554,32.358521939833,0.523571422861881,0.521437690312788,2025.06408639527,2025.06622012782,NA,Mississippi,Mississippi
1280,1283,0.31411926231623,-100.446575859103,48.958393832502,-98.5191241330326,38.1553648935423,0.524924875891291,0.210805613575062,2024.75345431853,2025.06757358085,NA,Atlantic,Mississippi
933,938,0.00345857917602466,-117.013973352312,48.0071131990187,-117.036375364913,48.4918351479526,0.525422316779947,0.521963737603922,2025.06461244256,2025.06807102174,NA,Pacific,Pacific
693,697,0.0139037896178166,-103.520539244148,33.8130449789732,-104.925222062958,32.7072731440638,0.528386490957305,0.514482701339489,2025.0571314063,2025.07103519592,NA,Mississippi,Mississippi
922,614,0.295966420909305,-106.883954557877,39.3315613223665,-87.0480848014136,36.7760668056194,0.528584171753978,0.232617750844673,2024.7752664558,2025.07123287671,SRR32416454|A/bald_eagle/FL/25-003208-001/2025|H5N1|USA-FL|Lee|2025-01-27|wild_avian|D1.1,Central,Atlantic
1256,160,0.234709212743501,-99.076704293595,44.9173557108194,-105.189920927713,36.1322702496547,0.528584171753978,0.293874959010477,2024.83652366397,2025.07123287671,SRR32513218|A/vulture/LA/25-003600-001/2025|H5N1|USA-LA|Orleans|2025-01-27|wild_avian|D1.1,Atlantic,Mississippi
1175,634,0.232440631092199,-120.06731925194,37.6185807013157,-122.534752419105,46.9708270596929,0.528584171753978,0.296143540661779,2024.83879224562,2025.07123287671,SRR32512607|A/canada_goose/CO/25-003832-001/2025|H5N1|USA-CO|Chaffee|2025-01-27|wild_avian|D1.1,Central,Central
1058,511,0.21573142081761,-116.085955651505,36.7614708380687,-112.09927365848,38.7100095299548,0.528584171753978,0.312852750936368,2024.85550145589,2025.07123287671,SRR32416347|A/canada_goose/ND/25-003472-002/2025|H5N1|USA-ND|Oliver|2025-01-27|wild_avian|D1.1,Central,Central
1182,636,0.152339622291539,-109.296893425337,48.2967534418951,-104.445353572901,43.5842163388423,0.528584171753978,0.376244549462439,2024.91889325442,2025.07123287671,SRR32654124|A/Guineafowl/NE/25-003247-003-original/2025|H5N1|USA-NE|Unknown|2025-01-27|domestic_avian|D1.1,Central,Central
1326,223,0.200557897202958,-104.325226304885,47.4755826544689,-104.957156130606,42.2854988815034,0.531323897781335,0.330766000578377,2024.87341470554,2025.07397260274,SRR33125126|A/Red-tailed_Hawk/MO/25-004415-009-original/2025|H5N1|USA-MO|Unknown|2025-01-28|wild_avian|D1.1,Mississippi,Mississippi
826,538,0.150266737945737,-102.90942587599,39.4405736797991,-104.440241980107,38.2213552336337,0.531323897781335,0.381057159835599,2024.92370586479,2025.07397260274,SRR32653672|A/Canada_Goose/WV/25-005199-001-original/2025|H5N1|USA-WV|Unknown|2025-01-28|wild_avian|D1.1,Mississippi,Atlantic
1277,1278,0.351683058109914,-101.381145619297,45.9337361108035,-102.72013540533,48.6764578593988,0.532948792887281,0.181265734777367,2024.72391443974,2025.07559749785,NA,Mississippi,Mississippi
1149,283,0.337462866827098,-110.196535251158,33.2655155019046,-106.929344884959,34.6984008627752,0.534063623808693,0.196600756981594,2024.73924946194,2025.07671232877,SRR32513288|A/red_tailed_hawk/UT/25-003824-002/2025|H5N1|USA-UT|Unknown|2025-01-29|wild_avian|D1.1,Pacific,Pacific
854,332,0.337101648847523,-90.0632802365928,39.8470546021922,-85.3570516406626,34.5941329136911,0.534063623808693,0.19696197496117,2024.73961067992,2025.07671232877,SRR32512666|A/canada_goose/MI/25-004311-003/2025|H5N1|USA-MI|Shiawassee|2025-01-29|wild_avian|D1.1,Atlantic,Mississippi
1186,656,0.301810668405781,-120.752751078224,37.0657935528691,-113.91030823622,46.8308630873015,0.534063623808693,0.232252955402912,2024.77490166036,2025.07671232877,SRR32513289|A/red_tailed_hawk/TX/25-003592-003/2025|H5N1|USA-TX|Lubbock|2025-01-29|wild_avian|D1.1,Mississippi,Central
946,338,0.200999764052944,-105.431343220831,46.8335238950999,-88.6615047625633,36.9172119096219,0.534063623808693,0.333063859755749,2024.87571256471,2025.07671232877,SRR32512557|A/cackling_goose/TX/25-003592-001/2025|H5N1|USA-TX|Lubbock|2025-01-29|wild_avian|D1.1,Pacific,Central
755,118,0.164470749911499,-74.1471148409998,44.2085050141328,-74.2897803154988,44.237134290561,0.534063623808693,0.369592873897194,2024.91224157886,2025.07671232877,SRR32512614|A/american_black_duck/CT/25-004298-002/2025|H5N1|USA-CT|New_Haven|2025-01-29|wild_avian|D1.1,Atlantic,Atlantic
1267,171,0.155759201946418,-92.7720919031419,43.7845166905568,-89.0133898960813,37.9988415248795,0.534063623808693,0.378304421862275,2024.92095312682,2025.07671232877,SRR32804602|A/bald_eagle/OH/25-006046-002/2025|H5N1|USA-OH|Lorain|2025-01-29|wild_avian|D1.1,Mississippi,Mississippi
952,516,0.154314453322111,-119.520797512887,40.7812759892163,-117.264664518456,36.9168098755413,0.534063623808693,0.379749170486582,2024.92239787545,2025.07671232877,SRR32512609|A/canada_goose/ND/25-003829-001/2025|H5N1|USA-ND|Mercer|2025-01-29|wild_avian|D1.1,Central,Central
1331,227,0.15044873020932,-102.742378696155,48.9266934643977,-100.946492861487,48.269652959496,0.534063623808693,0.383614893599373,2024.92626359856,2025.07671232877,SRR32804603|A/bald_eagle/OH/25-006046-001/2025|H5N1|USA-OH|Mahoning|2025-01-29|wild_avian|D1.1,Mississippi,Mississippi
1304,206,0.148311787067246,-106.035941972344,39.6375612617594,-106.529152561188,40.1306486001405,0.534063623808693,0.385751836741446,2024.9284005417,2025.07671232877,SRR32512665|A/canada_goose/MI/25-004311-004/2025|H5N1|USA-MI|Washtenaw|2025-01-29|wild_avian|D1.1,Mississippi,Mississippi
749,750,0.0258797354904867,-75.1744546039149,39.663488350224,-78.081079977535,42.8599509293618,0.535685820468941,0.509806084978454,2025.05245478994,2025.07833452543,NA,Atlantic,Atlantic
1144,553,0.366067403542048,-116.062279676785,37.7329784705557,-115.64958277419,37.6850791832375,0.53680334983605,0.170735946294002,2024.71338465125,2025.07945205479,SRR32513192|A/hawk/WY/25-004351-001/2025|H5N1|USA-WY|Fremont|2025-01-30|wild_avian|D1.1,Central,Central
1212,261,0.283554321254108,-111.942550364108,32.0584074250971,-93.1401003760125,42.4622980052297,0.53680334983605,0.253249028581942,2024.79589773354,2025.07945205479,SRR33508816|A/canada_goose/CA/25-003254-006/2025|H5N1|USA-CA|San_Luis_Obispo|2025-01-30|wild_avian|D1.1,Central,Pacific
1327,230,0.24087591686557,-102.66085884784,46.993029084009,-101.7364147555,33.0927150745188,0.53680334983605,0.29592743297048,2024.83857613793,2025.07945205479,SRR32654208|A/chicken/MO/25-003398-001-original/2025|H5N1|USA-MO|Unknown|2025-01-30|domestic_avian|D1.1,Mississippi,Mississippi
1176,641,0.231921117628701,-119.796811058315,39.3589816153535,-117.026696584371,40.6482545519704,0.53680334983605,0.304882232207349,2024.84753093717,2025.07945205479,SRR33682350|A/Bobcat/KS/25-014574-001-original/2025|H5N1|USA-KS|Unknown|2025-01-30|feline|D1.1,Central,Central
1300,211,0.229318511633191,-99.2664736665493,48.0662709863814,-106.931140731292,42.7769072648615,0.53680334983605,0.307484838202859,2024.85013354316,2025.07945205479,SRR33125054|A/Mallard/MD/25-005882-005-original/2025|H5N1|USA-MD|Unknown|2025-01-30|wild_avian|D1.1,Mississippi,Atlantic
862,329,0.202521076367448,-88.0345672983296,39.6820563631622,-89.8329983300504,36.4999450302412,0.53680334983605,0.334282273468602,2024.87693097843,2025.07945205479,SRR32513174|A/great_horned_owl/SC/25-004165-001/2025|H5N1|USA-SC|Charleston|2025-01-30|wild_avian|D1.1,Atlantic,Atlantic
822,823,0.263716382225563,-119.091478636702,40.7631832560883,-106.898154540303,47.0914787274587,0.538580514569439,0.274864132343876,2024.8175128373,2025.08122921953,NA,Central,Mississippi
792,20,0.161919406089034,-97.9264483968359,41.799764099534,-97.896749349962,39.7489473380801,0.539543075863407,0.377623669774374,2024.92027237473,2025.08219178082,SRR32415153|A/chicken/MD/25-003830-002-original/2025|H5N1|USA-MD|Unknown|2025-01-31|domestic_avian|D1.1,Atlantic,Atlantic
1251,1252,0.328698049617613,-102.998225628241,46.7884543896865,-107.377558553273,44.818067810881,0.542959404527456,0.214261354909842,2024.75691005987,2025.08560810949,NA,Mississippi,Mississippi
750,751,0.00768529219022285,-78.081079977535,42.8599509293618,-77.5179628423992,42.1981835137476,0.543371112659164,0.535685820468941,2025.07833452543,2025.08601981762,NA,Atlantic,Atlantic
694,695,0.0254569429771586,-103.608641704461,33.4684788695136,-103.71690352781,33.4067530943554,0.546894633289947,0.521437690312788,2025.06408639527,2025.08954333825,NA,Mississippi,Mississippi
1221,247,0.373333150453338,-118.046954886831,37.2953324242611,-111.780340704983,38.1506991372065,0.547762253945707,0.174429103492369,2024.71707780845,2025.0904109589,SRR32512878|A/Duck/WA/25-004661-001-original/2025|H5N1|USA-WA|Unknown|2025-02-03|domestic_avian|D1.1,Pacific,Pacific
901,604,0.36871678094406,-106.866009802922,37.5071974713414,-75.8859147496869,43.4078891819532,0.547762253945707,0.179045473001647,2024.72169417796,2025.0904109589,SRR32653680|A/Canada_Goose/FL/25-004847-003-original/2025|H5N1|USA-FL|Unknown|2025-02-03|wild_avian|D1.1,Pacific,Atlantic
1139,565,0.33722098106998,-108.163579178018,39.3483062390523,-108.656474961692,38.4612612749326,0.547762253945707,0.210541272875727,2024.75318997783,2025.0904109589,SRR32512655|A/canada_goose/CO/25-004662-001/2025|H5N1|USA-CO|Larimer|2025-02-03|wild_avian|D1.1,Central,Central
1325,221,0.252366314460682,-105.146339895339,46.201498219854,-100.780480969863,35.5086530337466,0.547762253945707,0.295395939485025,2024.83804464444,2025.0904109589,SRR32415110|A/chicken/LA/25-004414-001-original/2025|H5N1|USA-LA|Unknown|2025-02-03|domestic_avian|D1.1,Mississippi,Mississippi
738,73,0.178625115011899,-77.1499073502314,41.1946082890039,-77.3743236356331,42.5215720356474,0.547762253945707,0.369137138933808,2024.91178584389,2025.0904109589,SRR32513235|A/snow_goose/NY/25-004092-002/2025|H5N1|USA-NY|Tompkins|2025-02-03|wild_avian|D1.1,Atlantic,Atlantic
696,39,0.0241908310838264,-102.699283775554,32.358521939833,-102.769270723532,32.900815109153,0.547762253945707,0.523571422861881,2025.06622012782,2025.0904109589,SRR33508795|A/red_breasted_merganser/WI/25-005001-001/2025|H5N1|USA-WI|Milwaukee|2025-02-03|wild_avian|D1.1,Mississippi,Mississippi
938,579,0.0223399371657603,-117.036375364913,48.4918351479526,-116.50328146674,46.8604473000245,0.547762253945707,0.525422316779947,2025.06807102174,2025.0904109589,SRR32415933|A/cattle/AZ/25-004003-001-original/2025|H5N1|USA-AZ|Unknown|2025-02-03|cattle|D1.1,Pacific,Pacific
938,578,0.0223399371657603,-117.036375364913,48.4918351479526,-118.545674777237,47.6886527238354,0.547762253945707,0.525422316779947,2025.06807102174,2025.0904109589,SRR32415932|A/cattle/AZ/25-004003-002-original/2025|H5N1|USA-AZ|Unknown|2025-02-03|cattle|D1.1,Pacific,Pacific
1132,1133,0.0235803750684285,-121.074517329981,36.999520677957,-121.27047480476,37.9140268881235,0.548410184667506,0.524829809599078,2025.06747851456,2025.09105888963,NA,Pacific,Pacific
1237,273,0.186279145676368,-108.355760213544,35.0249038472335,-97.141133244972,46.7462998649311,0.550501979973064,0.364222834296696,2024.90687153926,2025.09315068493,SRR32512649|A/Common_goldeneye/WY/25-004669-001/2025|H5N1|USA-WY|Natrona|2025-02-04|wild_avian|D1.1,Central,Central
756,117,0.178456997591869,-74.1423561429764,44.0768767581578,-74.0786007528464,44.0535773490574,0.550501979973064,0.372044982381196,2024.91469368734,2025.09315068493,SRR33125072|A/Great_Horned_Owl/CT/25-005886-001-original/2025|H5N1|USA-CT|Unknown|2025-02-04|wild_avian|D1.1,Atlantic,Atlantic
800,8,0.444239955969088,-111.578858627941,40.7295152382277,-93.2640167237676,41.0498671626305,0.553241706000422,0.109001750031334,2024.65165045499,2025.09589041096,SRR32653594|A/Red-tailed_Hawk/NV/25-005369-001-original/2025|H5N1|USA-NV|Unknown|2025-02-05|wild_avian|D1.1,Central,Pacific
1342,127,0.264659810778462,-99.2305849860681,38.6202758028684,-96.8478052403146,39.4321701450865,0.553241706000422,0.28858189522196,2024.83123060018,2025.09589041096,SRR32512646|A/cougar/WI/25-004744-001/2025|H5N1|USA-WI|Redacted|2025-02-05|feline|D1.1,Mississippi,Mississippi
1262,180,0.179773157981017,-103.348344444322,41.7895099456678,-110.878449351815,32.122476986087,0.553241706000422,0.373468548019404,2024.91611725298,2025.09589041096,SRR33508810|A/bufflehead/MI/25-004779-004/2025|H5N1|USA-MI|St_Clair|2025-02-05|wild_avian|D1.1,Mississippi,Mississippi
1269,173,0.168439311021604,-93.6267674741208,44.5455496980655,-96.8251775301917,48.4631335318801,0.553241706000422,0.384802394978818,2024.92745109994,2025.09589041096,SRR33508812|A/bald_eagle/MI/25-004779-002/2025|H5N1|USA-MI|Tuscola|2025-02-05|wild_avian|D1.1,Mississippi,Mississippi
954,514,0.0419080637436413,-111.33554739465,43.6475353834039,-109.140699972498,42.8057156683555,0.553241706000422,0.51133364225678,2025.05398234722,2025.09589041096,SRR32513282|A/red_tailed_hawk/CO/25-004838-001/2025|H5N1|USA-CO|Weld|2025-02-05|wild_avian|D1.1,Pacific,Central
825,828,0.185106973734124,-105.304588612541,43.8767600358135,-97.588884199625,39.5441432839688,0.555627316998721,0.370520343264597,2024.91316904822,2025.09827602196,NA,Mississippi,Atlantic
777,45,0.366464042295048,-106.18056759935,39.2264874821021,-103.478469359233,43.0884479473225,0.555981432027779,0.189517389732731,2024.73216609469,2025.09863013699,SRR32512905|A/chicken/SD/25-004736-001-original/2025|H5N1|USA-SD|Unknown|2025-02-06|domestic_avian|D1.1,Mississippi,Central
718,94,0.23645091987053,-71.2777897167159,43.360999320303,-71.2566646153842,43.3609440856234,0.555981432027779,0.319530512157249,2024.86217921712,2025.09863013699,SRR32653687|A/american_black_duck/NH/25-005332-016/2025|H5N1|USA-NH|Belknap|2025-02-06|wild_avian|D1.1,Atlantic,Atlantic
1329,225,0.181681743449261,-100.277868824308,44.2895104526017,-101.823225211026,48.0667488824859,0.555981432027779,0.374299688578518,2024.91694839354,2025.09863013699,SRR32512588|A/bald_eagle/OH/25-004768-001/2025|H5N1|USA-OH|Unknown|2025-02-06|wild_avian|D1.1,Mississippi,Mississippi
696,38,0.0324100091658985,-102.699283775554,32.358521939833,-102.890741717511,30.9864507149294,0.555981432027779,0.523571422861881,2025.06622012782,2025.09863013699,SRR32653607|A/red_breasted_merganser/IL/25-005366-003/2025|H5N1|USA-IL|Cook|2025-02-06|wild_avian|D1.1,Mississippi,Mississippi
858,330,0.298675210208963,-89.9644455637053,39.9673459640415,-88.8425788665004,40.4812681871585,0.558721158055137,0.260045947846174,2024.8026946528,2025.10136986301,SRR32974090|A/Canada_Goose/WV/25-005755-001-original-repeat2/2025|H5N1|USA-WV|Unknown|2025-02-07|wild_avian|D1.1,Atlantic,Atlantic
1230,267,0.173179702671731,-110.931212949802,42.6992602653872,-107.340782687364,42.8109908127775,0.558721158055137,0.385541455383406,2024.92819016034,2025.10136986301,SRR32653665|A/cat/KS/25-005576-002-original/2025|H5N1|USA-KS|Unknown|2025-02-07|feline|D1.1,Mississippi,Central
1296,188,0.370106546531452,-100.630361320793,47.7436326850715,-100.925940293375,48.2429179782261,0.561460884082721,0.191354337551269,2024.73400304251,2025.10410958904,SRR33125079|A/Black_Vulture/TN/25-006120-003-original/2025|H5N1|USA-TN|Unknown|2025-02-08|wild_avian|D1.1,Mississippi,Mississippi
1348,134,0.183325460518196,-102.107435307044,44.5764256678498,-97.0738565826165,43.8274413471816,0.561460884082721,0.378135423564525,2024.92078412852,2025.10410958904,SRR32512844|A/chicken/MN/25-004931-004-original/2025|H5N1|USA-MN|Unknown|2025-02-08|domestic_avian|D1.1,Mississippi,Mississippi
940,586,0.330732183812892,-106.934288736897,46.5926221731094,-111.348965367044,38.3560622638446,0.566940336137436,0.236208152324544,2024.77885685728,2025.1095890411,SRR32653667|A/cat/NM/25-005387-001-original/2025|H5N1|USA-NM|Unknown|2025-02-10|feline|D1.1,Central,Pacific
1282,216,0.198415292199759,-103.595696753816,46.9242265940104,-109.285707627868,40.9427134159181,0.566940336137436,0.368525043937677,2024.9111737489,2025.1095890411,SRR33125081|A/Black_Vulture/GA/25-005756-004-original/2025|H5N1|USA-GA|Unknown|2025-02-10|wild_avian|D1.1,Atlantic,Atlantic
839,525,0.370205588985409,-116.975033371866,44.7316403999802,-102.188056019085,31.7109887826503,0.569680062164793,0.199474473179384,2024.74212317814,2025.11232876712,SRR32804547|A/red_shouldered_hawk/PA/25-006939-001/2025|H5N1|USA-PA|Lancaster|2025-02-11|wild_avian|D1.1,Central,Atlantic
1180,642,0.229941079286145,-120.139759812585,39.131154537808,-117.698847793165,37.3498111559498,0.569680062164793,0.339738982878648,2024.88238768784,2025.11232876712,SRR32973810|A/chicken/NE/25-005224-001-original-repeat2/2025|H5N1|USA-NE|Unknown|2025-02-11|domestic_avian|D1.1,Central,Central
1282,217,0.201155018227116,-103.595696753816,46.9242265940104,-110.621520841305,47.4845495457893,0.569680062164793,0.368525043937677,2024.9111737489,2025.11232876712,SRR33125061|A/herring_gull/PA/25-005864-001/2025|H5N1|USA-PA|Erie|2025-02-11|wild_avian|D1.1,Atlantic,Atlantic
770,112,0.167172371567023,-76.8385455908226,43.1815168575415,-75.9844066504457,42.8785397425847,0.569680062164793,0.402507690597771,2024.94515639556,2025.11232876712,SRR33125172|A/bald_eagle/NJ/25-006329-001/2025|H5N1|USA-NJ|Sussex|2025-02-11|wild_avian|D1.1,Atlantic,Atlantic
1262,179,0.198951240172746,-103.348344444322,41.7895099456678,-103.580456945434,35.7209927860651,0.572419788192151,0.373468548019404,2024.91611725298,2025.11506849315,SRR33125038|A/Canada_Goose/AL/25-006220-001-original/2025|H5N1|USA-AL|Unknown|2025-02-12|wild_avian|D1.1,Mississippi,Mississippi
1301,210,0.0714613135157947,-98.9466353057856,46.3935930560197,-96.68214559725,46.0859875885208,0.572419788192151,0.500958474676356,2025.04360717963,2025.11506849315,SRR33319056|A/Great_Horned_Owl/KY/25-006499-001-original-repeat/2025|H5N1|USA-KY|Unknown|2025-02-12|wild_avian|D1.1,Mississippi,Mississippi
1064,1068,0.12144024764806,-116.46163014171,36.9963329686546,-112.263151327734,36.6925764625019,0.575059924398129,0.45361967675007,2024.99626838171,2025.11770862936,NA,Central,Central
713,100,0.385241451828878,-72.4228798563375,42.0546568184731,-72.3065340386857,40.9747095270351,0.575159514219736,0.189918062390857,2024.73256676735,2025.11780821918,SRR32868681|A/canada_goose/RI/25-007119-019/2025|H5N1|USA-RI|Kent|2025-02-13|wild_avian|D1.1,Atlantic,Atlantic
840,522,0.183496926587782,-118.169001466194,47.4652583751665,-118.402626193137,47.9236677448541,0.575159514219736,0.391662587631953,2024.93431129259,2025.11780821918,SRR32804622|A/black_vulture/TX/25-006660-004/2025|H5N1|USA-TX|Bexar|2025-02-13|wild_avian|D1.1,Central,Central
841,523,0.0789182839539071,-118.658780372323,47.6019238678715,-118.660480444199,47.6279393578067,0.575159514219736,0.496241230265829,2025.03888993522,2025.11780821918,SRR32804616|A/black_vulture/TX/25-006661-005/2025|H5N1|USA-TX|Bexar|2025-02-13|wild_avian|D1.1,Central,Central
1185,657,0.352141836728949,-119.533491904976,41.8243104915707,-101.127248923241,43.463660792968,0.577899240247093,0.225757403518144,2024.76840610848,2025.12054794521,SRR32974108|A/Bald_Eagle/MT/25-009371-001-original/2025|H5N1|USA-MT|Unknown|2025-02-14|wild_avian|D1.1,Mississippi,Pacific
947,336,0.200925306103734,-89.6080719987936,35.799359895243,-92.0263673944897,39.4142781744092,0.577899240247093,0.376973934143359,2024.9196226391,2025.12054794521,SRR32804591|A/snow_goose/OK/25-006647-001/2025|H5N1|USA-OK|Texas|2025-02-14|wild_avian|D1.1,Central,Central
793,21,0.192617497147326,-97.8308158996148,41.8166880269877,-100.017273329628,39.7870519986382,0.577899240247093,0.385281743099767,2024.92793044806,2025.12054794521,SRR32868736|A/Peregrine_Falcon/VA/25-007709-003-original/2025|H5N1|USA-VA|Unknown|2025-02-14|wild_avian|D1.1,Atlantic,Atlantic
841,524,0.0816580099812645,-118.658780372323,47.6019238678715,-122.435864675907,40.3702468204639,0.577899240247093,0.496241230265829,2025.03888993522,2025.12054794521,SRR32804590|A/snow_goose/OK/25-006648-001/2025|H5N1|USA-OK|Texas|2025-02-14|wild_avian|D1.1,Central,Central
697,34,0.0495127492897875,-104.925222062958,32.7072731440638,-105.516695824156,31.6214499797755,0.577899240247093,0.528386490957305,2025.07103519592,2025.12054794521,SRR32868800|A/herring_gull/IL/25-007474-006/2025|H5N1|USA-IL|Cook|2025-02-14|wild_avian|D1.1,Mississippi,Mississippi
1268,170,0.208723553795144,-92.9420497880676,43.6315511658789,-92.286979975654,48.0463516087549,0.588858144356523,0.380134590561378,2024.92278329552,2025.13150684931,SRR33125097|A/Snowy_Owl/IA/25-005856-001-original/2025|H5N1|USA-IA|Unknown|2025-02-18|wild_avian|D1.1,Mississippi,Mississippi
1225,3,0.463527888557195,-117.53366343415,34.4562764792289,-118.544108008833,35.6753261409706,0.597077322438822,0.133549433881627,2024.67619813884,2025.1397260274,SRR32804615|A/cat/ID/25-007150-001-original/2025|H5N1|USA-ID|Unknown|2025-02-21|feline|D1.1,Pacific,Pacific
859,325,0.268837962398441,-89.7879245322721,39.9721474310627,-90.1005773481686,41.7729917651879,0.597077322438822,0.328239360040381,2024.870888065,2025.1397260274,SRR32868875|A/Bald_Eagle/NC/25-007708-003-original/2025|H5N1|USA-NC|Unknown|2025-02-21|wild_avian|D1.1,Atlantic,Atlantic
1279,218,0.426605512604982,-101.946783769836,47.8474112539306,-80.0790255578382,37.467247260455,0.605296500520894,0.178690987915913,2024.72133969287,2025.14794520548,SRR32804608|A/Skunk/NM/25-006932-001-original/2025|H5N1|USA-NM|Unknown|2025-02-24|other_mammal|D1.1,Atlantic,Central
799,9,0.41295169589474,-114.484327854207,41.7630287406885,-114.675486046803,42.2570048373778,0.605296500520894,0.192344804626154,2024.73499350958,2025.14794520548,SRR32804645|A/Cooper_s_Hawk/MO/25-007115-002-original/2025|H5N1|USA-MO|Unknown|2025-02-24|wild_avian|D1.1,Mississippi,Mississippi
923,613,0.297105069385288,-104.393489771148,40.4339686070755,-118.800169383521,37.0749771164187,0.608036226548479,0.310931157163191,2024.85357986212,2025.15068493151,SRR33124756|A/chicken/FL/25-006816-001-original/2025|H5N1|USA-FL|Unknown|2025-02-25|domestic_avian|D1.1,Central,Atlantic
862,328,0.276493679107235,-88.0345672983296,39.6820563631622,-87.9127520650507,36.3469962596478,0.610775952575837,0.334282273468602,2024.87693097843,2025.15342465753,SRR32973981|A/Brown_Pelican/VA/25-008328-003-original/2025|H5N1|USA-VA|Unknown|2025-02-26|wild_avian|D1.1,Atlantic,Atlantic
954,513,0.099442310319056,-111.33554739465,43.6475353834039,-111.408478677712,46.176899976827,0.610775952575837,0.51133364225678,2025.05398234722,2025.15342465753,SRR32868818|A/canada_goose/WY/25-008078-001/2025|H5N1|USA-WY|Platte|2025-02-26|wild_avian|D1.1,Pacific,Central
1064,1065,0.159284261751889,-116.46163014171,36.9963329686546,-110.754498971663,32.5515960100614,0.612903938501959,0.45361967675007,2024.99626838171,2025.15555264346,NA,Central,Central
1299,213,0.315906364651635,-106.987421814148,42.011133298344,-98.2425389071588,47.5439814713821,0.613515678603194,0.297609313951559,2024.84025801891,2025.15616438356,SRR32804611|A/cat/KS/25-007581-001-original/2025|H5N1|USA-KS|Unknown|2025-02-27|feline|D1.1,Mississippi,Central
860,323,0.269412998646077,-90.0217376908227,38.3937595052589,-90.6641778087708,39.1143223907636,0.613515678603194,0.344102679957117,2024.88675138492,2025.15616438356,SRR32868711|A/Red-tailed_Hawk/WV/25-007392-001-original/2025|H5N1|USA-WV|Unknown|2025-02-27|wild_avian|D1.1,Atlantic,Atlantic
768,105,0.257603766987418,-75.087257646675,44.1949911055348,-75.8567099085176,43.318178014714,0.613515678603194,0.355911911615776,2024.89856061657,2025.15616438356,SRR32868891|A/dark_eyed_junco/NJ/25-007152-004/2025|H5N1|USA-NJ|Somerset|2025-02-27|wild_avian|D1.1,Atlantic,Atlantic
1130,619,0.230669499825493,-120.523036537964,43.2522593457888,-121.495174344442,43.2947594280581,0.613515678603194,0.3828461787777,2024.92549488374,2025.15616438356,SRR33476791|A/Peregrine_falcon/CA/25-012990-002/2025|H5N1|USA-CA|Solano|2025-02-27|wild_avian|D1.1,Pacific,Pacific
1133,620,0.0651054939356879,-121.27047480476,37.9140268881235,-121.447911067623,37.9305516474291,0.613515678603194,0.548410184667506,2025.09105888963,2025.15616438356,SRR33476783|A/Sanderling/CA/25-012990-001/2025|H5N1|USA-CA|Alameda|2025-02-27|wild_avian|D1.1,Pacific,Pacific
754,116,0.280881680105457,-77.5494784715794,41.4065172260035,-83.1581086426044,41.6098988193642,0.618995130657909,0.338113450552451,2024.88076215551,2025.16164383562,SRR34710268|A/red_tailed_hawk/MA/25-019390-004/2025|H5N1|USA-MA|Middlesex|2025-03-01|wild_avian|D1.1,Atlantic,Atlantic
695,37,0.072100497367962,-103.71690352781,33.4067530943554,-103.558661246772,33.6806864706117,0.618995130657909,0.546894633289947,2025.08954333825,2025.16164383562,SRR32974035|A/Peregrine_Falcon/WI/25-008493-001-original/2025|H5N1|USA-WI|Unknown|2025-03-01|wild_avian|D1.1,Mississippi,Mississippi
1136,609,0.450675281390879,-111.20091857863,34.4239864518071,-102.155121607963,40.1705253332232,0.624474582712851,0.173799301321972,2024.71644800628,2025.16712328767,SRR33476782|A/Bald_Eagle/WA/25-013105-001-original/2025|H5N1|USA-WA|Unknown|2025-03-03|wild_avian|D1.1,Central,Pacific
1257,175,0.383784309802997,-101.012251739576,46.295529627475,-113.637773490168,41.9840712676295,0.624474582712851,0.240690272909854,2024.78333897787,2025.16712328767,SRR32868755|A/red_tailed_hawk/NY/25-007854-001/2025|H5N1|USA-NY|Steuben|2025-03-03|wild_avian|D1.1,Mississippi,Atlantic
1275,167,0.307109932869651,-99.5161546481515,46.1303734126095,-99.6523515550684,46.1772589587816,0.624474582712851,0.3173646498432,2024.8600133548,2025.16712328767,SRR32868886|A/bald_eagle/GA/25-007707-001/2025|H5N1|USA-GA|Walton|2025-03-03|wild_avian|D1.1,Atlantic,Atlantic
1211,259,0.272776956320222,-111.936186319166,32.6021425931322,-108.714728031462,39.7977327941492,0.624474582712851,0.351697626392629,2024.89434633135,2025.16712328767,SRR33029790|A/turkey_vulture/MO/25-007994-001/2025|H5N1|USA-MO|Howell|2025-03-03|wild_avian|D1.1,Central,Mississippi
1234,276,0.272278914121135,-107.575684858313,45.9158884330656,-107.925641098518,45.1070620098095,0.624474582712851,0.352195668591716,2024.89484437355,2025.16712328767,SRR32974025|A/Red-tailed_Hawk/SD/25-008825-001-original/2025|H5N1|USA-SD|Unknown|2025-03-03|wild_avian|D1.1,Central,Central
1069,397,0.247217733185299,-116.711920571764,35.9022005536674,-119.152891339085,39.2576771426381,0.624474582712851,0.377256849527552,2024.91990555449,2025.16712328767,SRR32974002|A/Skunk/KS/25-008665-001-original/2025|H5N1|USA-KS|Unknown|2025-03-03|other_mammal|D1.1,Central,Central
956,408,0.237225427260648,-120.221268537397,41.9133146052493,-111.847142979847,36.6060678234729,0.624474582712851,0.387249155452203,2024.92989786041,2025.16712328767,SRR32868817|A/Canada_Goose/WY/25-008079-001-original/2025|H5N1|USA-WY|Unknown|2025-03-03|wild_avian|D1.1,Central,Central
695,36,0.0775799494229041,-103.71690352781,33.4067530943554,-106.492710495426,36.0173334630684,0.624474582712851,0.546894633289947,2025.08954333825,2025.16712328767,SRR32868795|A/Bald_Eagle/IN/25-007837-001-original/2025|H5N1|USA-IN|Unknown|2025-03-03|wild_avian|D1.1,Mississippi,Mississippi
725,88,0.247517703273306,-72.5700654524418,41.9729718606975,-73.608909864825,41.3213871930871,0.627214308740208,0.379696605466902,2024.92234531043,2025.1698630137,SRR34710265|A/Peregrine_Falcon/RI/25-019394-007-original/2025|H5N1|USA-RI|Unknown|2025-03-04|wild_avian|D1.1,Atlantic,Atlantic
897,599,0.1530929994789,-111.973619650812,36.740080104243,-108.543783475758,31.6119432054122,0.629954034767566,0.476861035288666,2025.01950974025,2025.17260273973,SRR32974026|A/Red-tailed_Hawk/OR/25-008819-001-original/2025|H5N1|USA-OR|Unknown|2025-03-05|wild_avian|D1.1,Pacific,Pacific
785,786,0.247482216943039,-107.803285800145,40.1044247574107,-105.057602302955,43.8406290616269,0.632130538050104,0.384648321107064,2024.92729702607,2025.17477924301,NA,Mississippi,Atlantic
1321,231,0.356102179398736,-103.348164774359,42.4475254440049,-102.807912449897,42.0294183269529,0.632693760794923,0.276591581396187,2024.81924028635,2025.17534246575,SRR32868618|A/chicken/IN/25-008062-001-original/2025|H5N1|USA-IN|Unknown|2025-03-06|domestic_avian|D1.1,Mississippi,Mississippi
1059,339,0.316202901912573,-116.073058890887,36.7756031075361,-116.001286044592,36.2462655255337,0.632693760794923,0.31649085888235,2024.85913956384,2025.17534246575,SRR32868560|A/chicken/NE/25-008023-001-original/2025|H5N1|USA-NE|Unknown|2025-03-06|domestic_avian|D1.1,Central,Central
1132,622,0.107863951195845,-121.074517329981,36.999520677957,-120.219438339025,38.0657328168178,0.632693760794923,0.524829809599078,2025.06747851456,2025.17534246575,SRR33029846|A/barn_owl/CA/25-010283-002/2025|H5N1|USA-CA|San_Mateo|2025-03-06|wild_avian|D1.1,Pacific,Pacific
823,543,0.0941132462254841,-106.898154540303,47.0914787274587,-106.375677486674,47.4442148280237,0.632693760794923,0.538580514569439,2025.08122921953,2025.17534246575,SRR32974113|A/turkey_vulture/KY/25-009319-001/2025|H5N1|USA-KY|Oldham|2025-03-06|wild_avian|D1.1,Mississippi,Mississippi
886,301,0.266425926662068,-77.4439356749447,35.4277553800421,-77.2994882995528,34.8332325779256,0.63543348682228,0.369007560160213,2024.91165626512,2025.17808219178,SRR32974111|A/Brown_Pelican/NC/25-009321-002-original/2025|H5N1|USA-NC|Unknown|2025-03-07|wild_avian|D1.1,Atlantic,Atlantic
793,19,0.250151743722514,-97.8308158996148,41.8166880269877,-97.0371359708577,47.5953786026737,0.63543348682228,0.385281743099767,2024.92793044806,2025.17808219178,SRR34980370|A/American_Crow/ME/25-021406-005-original/2025|H5N1|USA-ME|Unknown|2025-03-07|wild_avian|D1.1,Atlantic,Atlantic
956,407,0.250924057397662,-120.221268537397,41.9133146052493,-117.786299062104,39.9788359714051,0.638173212849865,0.387249155452203,2024.92989786041,2025.18082191781,SRR32868567|A/Guineafowl/OK/25-008449-003-original/2025|H5N1|USA-OK|Unknown|2025-03-08|domestic_avian|D1.1,Central,Central
1252,1253,0.0968863935722591,-107.377558553273,44.818067810881,-105.216122709487,45.327286691244,0.639845798099715,0.542959404527456,2025.08560810949,2025.18249450306,NA,Mississippi,Atlantic
846,551,0.412223838345756,-118.045500801389,38.1781741506675,-111.416282715961,47.802562050984,0.64365266490458,0.231428826558824,2024.77407753152,2025.18630136986,SRR33682322|A/Owl/OR/25-014765-001-original/2025|H5N1|USA-OR|Unknown|2025-03-10|wild_avian|D1.1,Pacific,Pacific
1271,158,0.284765408536009,-100.318167605344,40.5037423851792,-97.5051438434994,29.0144150772644,0.64365266490458,0.358887256368571,2024.90153596133,2025.18630136986,SRR32974019|A/bald_eagle/NY/25-009027-001/2025|H5N1|USA-NY|Erie|2025-03-10|wild_avian|D1.1,Mississippi,Atlantic
749,64,0.133846579926126,-75.1744546039149,39.663488350224,-78.0217103650742,41.1449496146674,0.64365266490458,0.509806084978454,2025.05245478994,2025.18630136986,SRR32868593|A/chicken/MD/25-008577-002-original/2025|H5N1|USA-MD|Unknown|2025-03-10|domestic_avian|D1.1,Atlantic,Atlantic
913,575,0.378063914454327,-111.358914163199,41.9954567857058,-93.4791423439622,30.1676276281715,0.649132116959295,0.271068202504967,2024.81371690746,2025.19178082192,SRR32973826|A/chicken/IL/25-009367-001-original/2025|H5N1|USA-IL|Unknown|2025-03-12|domestic_avian|D1.1,Pacific,Mississippi
776,124,0.257261577623649,-76.6435514968111,42.5319307797203,-75.2683813165259,39.8978240015196,0.649132116959295,0.391870539335645,2024.93451924429,2025.19178082192,SRR32974073|A/bald_eagle/NJ/25-009512-004/2025|H5N1|USA-NJ|Bergen|2025-03-12|wild_avian|D1.1,Atlantic,Atlantic
1070,396,0.133786057109458,-118.082333725832,38.207501100751,-122.254644006549,41.274796750324,0.649132116959295,0.515346059849836,2025.05799476481,2025.19178082192,SRR32868813|A/Canada_Goose/OK/25-009017-002-original/2025|H5N1|USA-OK|Unknown|2025-03-12|wild_avian|D1.1,Central,Central
1133,621,0.100721932291789,-121.27047480476,37.9140268881235,-121.604876591321,37.8075247573104,0.649132116959295,0.548410184667506,2025.09105888963,2025.19178082192,SRR33682329|A/great_blue_heron/CA/25-014655-001/2025|H5N1|USA-CA|Alameda|2025-03-12|wild_avian|D1.1,Pacific,Pacific
953,515,0.269197873465298,-119.534801721841,42.4121577609226,-107.653176948158,45.6502496459208,0.651871842986652,0.382673969521354,2024.92532267448,2025.19452054795,SRR33508799|A/Skunk/TX/25-010819-006-original/2025|H5N1|USA-TX|Unknown|2025-03-13|other_mammal|D1.1,Central,Central
1324,219,0.136085065158561,-106.209861769796,48.2909838539991,-105.140002106436,47.1870692587155,0.651871842986652,0.515786777828091,2025.05843548279,2025.19452054795,SRR32974022|A/Peregrine_Falcon/IA/25-009016-001-original/2025|H5N1|USA-IA|Unknown|2025-03-13|wild_avian|D1.1,Mississippi,Mississippi
1253,184,0.0175054969418793,-105.216122709487,45.327286691244,-107.42616762676,43.9704489338579,0.657351295041594,0.639845798099715,2025.18249450306,2025.2,SRR33476771|A/black_vulture/OH/25-012888-001/2025|H5N1|USA-OH|Licking|2025-03-15|wild_avian|D1.1,Atlantic,Mississippi
1346,132,0.365495586448553,-100.979449645582,44.753907012686,-114.806257183024,47.481896842671,0.662830747096309,0.297335160647756,2024.83998386561,2025.20547945205,SRR32974069|A/bald_eagle/NJ/25-009514-002/2025|H5N1|USA-NJ|Camden|2025-03-17|wild_avian|D1.1,Mississippi,Atlantic
931,560,0.361884617581688,-123.51654659027,41.0885504537197,-119.96935467547,43.0482888197014,0.662830747096309,0.300946129514621,2024.84359483447,2025.20547945205,SRR32973825|A/chicken/NM/25-009470-001-original/2025|H5N1|USA-NM|Unknown|2025-03-17|domestic_avian|D1.1,Central,Central
739,75,0.28707183526171,-76.9499246399621,39.7852444114348,-75.8971402857889,39.5839389365454,0.662830747096309,0.375758911834599,2024.91840761679,2025.20547945205,SRR33370215|A/black_vulture/PA/25-011842-001/2025|H5N1|USA-PA|Dauphin|2025-03-17|wild_avian|D1.1,Atlantic,Atlantic
1202,678,0.438200691328765,-118.365879713954,36.8822965411682,-106.297272452558,41.0980930833937,0.665570473123666,0.227369781794902,2024.77001848675,2025.20821917808,SRR33508800|A/Skunk/TX/25-010819-005-original/2025|H5N1|USA-TX|Unknown|2025-03-18|other_mammal|D1.1,Pacific,Central
843,547,0.416967689779871,-102.560270439728,31.4018129851764,-94.6693862649896,34.815932011759,0.665570473123666,0.248602783343796,2024.7912514883,2025.20821917808,SRR33508852|A/Turkey/IL/25-009630-001-original/2025|H5N1|USA-IL|Unknown|2025-03-18|domestic_avian|D1.1,Central,Mississippi
1153,646,0.347230239314559,-117.924486744529,41.7753373464378,-107.732685704579,39.4256827175618,0.665570473123666,0.318340233809107,2024.86098893877,2025.20821917808,SRR32973819|A/Duck/MT/25-009376-001-original/2025|H5N1|USA-MT|Unknown|2025-03-18|domestic_avian|D1.1,Central,Central
821,541,0.313725661969163,-104.821529125615,38.2775040129041,-113.515381139339,40.0176637531008,0.665570473123666,0.351844811154504,2024.89449351611,2025.20821917808,SRR33029751|A/chicken/KS/25-009496-002-original/2025|H5N1|USA-KS|Unknown|2025-03-18|domestic_avian|D1.1,Mississippi,Central
756,115,0.293525490742471,-74.1423561429764,44.0768767581578,-74.8025921244113,43.7842957994038,0.665570473123666,0.372044982381196,2024.91469368734,2025.20821917808,SRR33029808|A/Mallard/CT/25-010197-001-original/2025|H5N1|USA-CT|Unknown|2025-03-18|wild_avian|D1.1,Atlantic,Atlantic
1252,182,0.122611068596211,-107.377558553273,44.818067810881,-107.835608347318,43.8481783679048,0.665570473123666,0.542959404527456,2025.08560810949,2025.20821917808,SRR33029849|A/black_vulture/OH/25-009864-005/2025|H5N1|USA-OH|Highland|2025-03-18|wild_avian|D1.1,Mississippi,Mississippi
723,98,0.193834966614569,-70.4860525651035,43.4637744054956,-71.0141018458365,42.4904618180707,0.668310199151251,0.474475232536682,2025.0171239375,2025.21095890411,SRR34980328|A/Gull/NH/25-021405-005-original/2025|H5N1|USA-NH|Unknown|2025-03-19|wild_avian|D1.1,Atlantic,Atlantic
1283,208,0.14338532325996,-98.5191241330326,38.1553648935423,-100.877200358064,32.0774518132135,0.668310199151251,0.524924875891291,2025.06757358085,2025.21095890411,SRR33029853|A/Black_Vulture/AL/25-010338-002-original/2025|H5N1|USA-AL|Unknown|2025-03-19|wild_avian|D1.1,Mississippi,Mississippi
727,729,0.165833009887424,-72.5942379948677,43.7542214480481,-71.4457211011418,44.8092006447107,0.668529681215027,0.502696671327602,2025.04534537629,2025.21117838617,NA,Atlantic,Atlantic
1187,658,0.488311544130251,-116.155251171858,38.6404808361879,-117.739578955571,40.36751047554,0.671049925178609,0.182738381048357,2024.72538708601,2025.21369863014,SRR33319026|A/turkey_vulture/MO/25-011519-002/2025|H5N1|USA-MO|Cape_Girardeau|2025-03-20|wild_avian|D1.1,Mississippi,Mississippi
1349,138,0.472176625001087,-101.759557233761,37.6168296852966,-119.153617933789,43.3957651534713,0.671049925178609,0.198873300177521,2024.74152200514,2025.21369863014,SRR33029789|A/Bald_Eagle/FL/25-009986-004-original/2025|H5N1|USA-FL|Unknown|2025-03-20|wild_avian|D1.1,Mississippi,Atlantic
1220,264,0.439102185384121,-122.128614211156,37.399599509558,-117.421932604823,38.9640443347749,0.671049925178609,0.231947739794487,2024.77459644475,2025.21369863014,SRR33319031|A/Skunk/NV/25-011566-001-original/2025|H5N1|USA-NV|Unknown|2025-03-20|other_mammal|D1.1,Pacific,Pacific
1264,178,0.316097038560167,-95.3377745682903,44.7010579869079,-77.5995836310669,35.934889035138,0.671049925178609,0.354952886618442,2024.89760159158,2025.21369863014,SRR33370194|A/Great_Horned_Owl/FL/25-012397-001-original/2025|H5N1|USA-FL|Unknown|2025-03-20|wild_avian|D1.1,Mississippi,Atlantic
865,866,0.293462625905099,-83.5864871662806,34.2330246113583,-84.0520965115647,36.8311612771416,0.672865725448058,0.379403099542959,2024.9220518045,2025.21551443041,NA,Atlantic,Atlantic
1065,402,0.0608857127040071,-110.754498971663,32.5515960100614,-110.678931141211,32.3248896575611,0.673789651205966,0.612903938501959,2025.15555264346,2025.21643835616,SRR33319040|A/Ross_s_Goose/ND/25-011280-001-original/2025|H5N1|USA-ND|Unknown|2025-03-21|wild_avian|D1.1,Central,Central
786,787,0.0420068790026892,-105.057602302955,43.8406290616269,-107.20034828183,46.7346119683786,0.674137417052793,0.632130538050104,2025.17477924301,2025.21678612201,NA,Atlantic,Atlantic
1285,1288,0.46656013385127,-103.654890152208,41.0439669568322,-111.809829389595,33.673803505085,0.674897012144786,0.208336878293516,2024.75098558325,2025.2175457171,NA,Mississippi,Atlantic
866,867,0.002826890106159,-84.0520965115647,36.8311612771416,-84.1514923161558,36.8133430602519,0.675692615554217,0.672865725448058,2025.21551443041,2025.21834132051,NA,Atlantic,Atlantic
867,868,0.00204970061948473,-84.1514923161558,36.8133430602519,-84.4986790979944,36.6552661076205,0.677742316173702,0.675692615554217,2025.21834132051,2025.22039102113,NA,Atlantic,Atlantic
1154,1155,0.455934348469093,-119.080500204722,36.737036051328,-100.07959682872,38.7308069870628,0.678524503042628,0.222590154573535,2024.76523885953,2025.221173208,NA,Central,Atlantic
1288,1289,0.00479215491643703,-111.809829389595,33.673803505085,-111.014929023346,33.3367479966715,0.679689167061223,0.674897012144786,2025.2175457171,2025.22233787202,NA,Atlantic,Atlantic
868,870,0.00394918418165202,-84.4986790979944,36.6552661076205,-83.6787922986333,36.5283624504716,0.681691500355354,0.677742316173702,2025.22039102113,2025.22434020531,NA,Atlantic,Atlantic
1326,222,0.351242828709661,-104.325226304885,47.4755826544689,-105.672956678461,46.0685032364172,0.682008829288038,0.330766000578377,2024.87341470554,2025.22465753425,SRR33029828|A/cat/IA/25-010114-001-original/2025|H5N1|USA-IA|Unknown|2025-03-24|feline|D1.1,Mississippi,Mississippi
1063,400,0.294208512030255,-115.646021720709,34.2816992139204,-115.090300438213,35.7566508132595,0.682008829288038,0.387800317257783,2024.93044902222,2025.22465753425,SRR33508770|A/Duck/NE/25-010532-002-original/2025|H5N1|USA-NE|Unknown|2025-03-24|domestic_avian|D1.1,Central,Central
751,60,0.138637716628874,-77.5179628423992,42.1981835137476,-77.8148743250514,42.5925004747579,0.682008829288038,0.543371112659164,2025.08601981762,2025.22465753425,SRR34710271|A/Turkey_Vulture/MD/25-019391-002-original/2025|H5N1|USA-MD|Unknown|2025-03-24|wild_avian|D1.1,Atlantic,Atlantic
867,307,0.0063162137338213,-84.1514923161558,36.8133430602519,-83.9219262785043,36.6518815010089,0.682008829288038,0.675692615554217,2025.21834132051,2025.22465753425,SRR33508772|A/black_vulture/MA/25-010531-001/2025|H5N1|USA-MA|Harford|2025-03-24|wild_avian|D1.1,Atlantic,Atlantic
868,869,0.00471882713860194,-84.4986790979944,36.6552661076205,-84.9453845227181,36.5090897857705,0.682461143312304,0.677742316173702,2025.22039102113,2025.22510984827,NA,Atlantic,Atlantic
729,730,0.0150884870636413,-71.4457211011418,44.8092006447107,-70.6427504742239,44.9789720185606,0.683618168278668,0.668529681215027,2025.21117838617,2025.22626687324,NA,Atlantic,Atlantic
933,934,0.161674676285844,-117.013973352312,48.0071131990187,-119.443648058799,48.1891881537979,0.683638413889766,0.521963737603922,2025.06461244256,2025.22628711885,NA,Pacific,Pacific
934,580,0.00111014142585708,-119.443648058799,48.1891881537979,-119.939521118644,48.1035214332902,0.684748555315623,0.683638413889766,2025.22628711885,2025.22739726027,SRR33319085|A/cattle/AZ/25-010942-001-original/2025|H5N1|USA-AZ|Unknown|2025-03-25|cattle|D1.1,Pacific,Pacific
1070,1071,0.170056436710107,-118.082333725832,38.207501100751,-120.134782310187,37.9098191879485,0.685402496559943,0.515346059849836,2025.05799476481,2025.22805120152,NA,Central,Central
727,728,0.182725359483281,-72.5942379948677,43.7542214480481,-75.7168965343307,43.3225117510332,0.685422030810883,0.502696671327602,2025.04534537629,2025.22807073577,NA,Atlantic,Atlantic
786,789,0.053526703703147,-105.057602302955,43.8406290616269,-105.615078500172,48.5871788212305,0.685657241753251,0.632130538050104,2025.17477924301,2025.22830594671,NA,Atlantic,Atlantic
1289,1295,0.00609086176927787,-111.014929023346,33.3367479966715,-110.806983561723,34.7948802381822,0.685780028830501,0.679689167061223,2025.22233787202,2025.22842873379,NA,Atlantic,Mississippi
870,871,0.00438382259269321,-83.6787922986333,36.5283624504716,-83.5252925817133,36.5526294401273,0.686075322948047,0.681691500355354,2025.22434020531,2025.22872402791,NA,Atlantic,Atlantic
949,512,0.362650171348128,-115.807274514862,36.766673594135,-113.990375336162,41.1304200210475,0.68748828134298,0.324838109994853,2024.86748681495,2025.2301369863,SRR33508736|A/Red-tailed_Hawk/CO/25-010882-001-original/2025|H5N1|USA-CO|Unknown|2025-03-26|wild_avian|D1.1,Central,Central
823,544,0.148907766773541,-106.898154540303,47.0914787274587,-109.580512574325,43.6449856915223,0.68748828134298,0.538580514569439,2025.08122921953,2025.2301369863,SRR33508738|A/Great_Horned_Owl/MI/25-010812-002-original/2025|H5N1|USA-MI|Unknown|2025-03-26|wild_avian|D1.1,Mississippi,Mississippi
1278,187,0.157279214483057,-102.72013540533,48.6764578593988,-112.444864752145,38.0562129788823,0.690228007370338,0.532948792887281,2025.07559749785,2025.23287671233,SRR33370162|A/Mallard/MN/25-012246-005-original/2025|H5N1|USA-MN|Unknown|2025-03-27|wild_avian|D1.1,Mississippi,Mississippi
869,319,0.00776686405803417,-84.9453845227181,36.5090897857705,-84.914589750804,36.5404554572818,0.690228007370338,0.682461143312304,2025.22510984827,2025.23287671233,SRR33508749|A/black_vulture/PA/25-010745-004/2025|H5N1|USA-PA|Lancaster|2025-03-27|wild_avian|D1.1,Atlantic,Atlantic
1274,1276,0.387240233538848,-97.6771667997375,47.9302932639075,-92.4158723189666,44.1090475708714,0.690484288110281,0.303244054571433,2024.84589275953,2025.23313299307,NA,Mississippi,Mississippi
1155,1156,0.012339835690786,-100.07959682872,38.7308069870628,-101.726993371665,36.5232272392004,0.690864338733414,0.678524503042628,2025.221173208,2025.23351304369,NA,Atlantic,Atlantic
934,935,0.00778995666080351,-119.443648058799,48.1891881537979,-119.933148301839,48.2152266118124,0.691428370550569,0.683638413889766,2025.22628711885,2025.23407707551,NA,Pacific,Pacific
898,899,0.184291230102918,-108.490765990373,38.8115900888979,-107.847277487994,35.3435553654394,0.695289700622295,0.510998470519377,2025.05364717548,2025.23793840558,NA,Pacific,Pacific
807,282,0.544282796068966,-112.863377289716,46.7687088028556,-111.206499192214,40.2292002249149,0.701186911479995,0.156904115411028,2024.69955282037,2025.24383561644,SRR33319032|A/Skunk/UT/25-011119-002-original/2025|H5N1|USA-UT|Unknown|2025-03-31|other_mammal|D1.1,Pacific,Pacific
837,530,0.495614235822731,-119.487793575254,41.0810977183766,-108.49312174285,35.6596181331102,0.703926637507352,0.208312401684621,2024.75096110664,2025.24657534247,SRR33319029|A/Snow_Goose/ND/25-011281-001-original/2025|H5N1|USA-ND|Unknown|2025-04-01|wild_avian|D1.1,Central,Central
951,517,0.334713180869824,-118.982932658661,40.7627678280602,-117.299498553145,37.1777038152412,0.703926637507352,0.369213456637528,2024.9118621616,2025.24657534247,SRR33319054|A/Great_Horned_Owl/ND/25-011283-001-original/2025|H5N1|USA-ND|Unknown|2025-04-01|wild_avian|D1.1,Central,Central
785,17,0.319278316400288,-107.803285800145,40.1044247574107,-113.830334353801,39.1228138146259,0.703926637507352,0.384648321107064,2024.92729702607,2025.24657534247,SRR33319022|A/Black_Vulture/VA/25-011541-002-original/2025|H5N1|USA-VA|Unknown|2025-04-01|wild_avian|D1.1,Mississippi,Atlantic
898,603,0.192928166987975,-108.490765990373,38.8115900888979,-108.117311435542,41.82755018877,0.703926637507352,0.510998470519377,2025.05364717548,2025.24657534247,SRR33682347|A/Canada_Goose/WA/25-014080-001-original/2025|H5N1|USA-WA|Unknown|2025-04-01|wild_avian|D1.1,Pacific,Pacific
871,872,0.0186396181911699,-83.5252925817133,36.5526294401273,-83.7735170026576,33.4680275436491,0.704714941139217,0.686075322948047,2025.22872402791,2025.2473636461,NA,Atlantic,Atlantic
787,788,0.0308601585779855,-107.20034828183,46.7346119683786,-106.654094113361,48.3206614495298,0.704997575630778,0.674137417052793,2025.21678612201,2025.24764628059,NA,Atlantic,Atlantic
1264,1265,0.35070120145246,-95.3377745682903,44.7010579869079,-103.551328464957,41.5914836071566,0.705654088070901,0.354952886618442,2024.89760159158,2025.24830279303,NA,Mississippi,Mississippi
697,35,0.178279872577404,-104.925222062958,32.7072731440638,-103.406340640486,32.5731370468886,0.706666363534709,0.528386490957305,2025.07103519592,2025.24931506849,SRR33370139|A/red_breasted_merganser/MI/25-011271-008/2025|H5N1|USA-MI|Allegan|2025-04-02|wild_avian|D1.1,Mississippi,Mississippi
866,320,0.036540364114009,-84.0520965115647,36.8311612771416,-84.17724471898,37.1323248382072,0.709406089562067,0.672865725448058,2025.21551443041,2025.25205479452,SRR33319024|A/black_vulture/PA/25-011728-001/2025|H5N1|USA-PA|York|2025-04-03|wild_avian|D1.1,Atlantic,Atlantic
899,900,0.0167744323829763,-107.847277487994,35.3435553654394,-107.600449780092,35.1496544360678,0.712064133005272,0.695289700622295,2025.23793840558,2025.25471283796,NA,Pacific,Pacific
887,888,0.046948589060842,-81.1452447970871,35.9481721056981,-81.9432308643495,37.0436924659537,0.718711569577479,0.671762980516637,2025.21441168548,2025.26136027454,NA,Atlantic,Atlantic
1253,183,0.0805191955720088,-105.216122709487,45.327286691244,-108.171206633846,48.8098484260617,0.720364993671724,0.639845798099715,2025.18249450306,2025.26301369863,SRR33370172|A/vulture/OH/25-012105-001/2025|H5N1|USA-OH|Unknown|2025-04-07|wild_avian|D1.1,Atlantic,Mississippi
1288,149,0.0454679815269377,-111.809829389595,33.673803505085,-110.50363640617,31.7142736492171,0.720364993671724,0.674897012144786,2025.2175457171,2025.26301369863,SRR33370169|A/vulture/OH/25-012105-004/2025|H5N1|USA-OH|Unknown|2025-04-07|wild_avian|D1.1,Atlantic,Mississippi
687,43,0.521243606068609,-104.794586527794,39.2578577086938,-114.920417685524,38.0824182324412,0.723104719699081,0.201861113630472,2024.74450981859,2025.26575342466,SRR33370196|A/Great_Horned_Owl/MT/25-012288-002-original/2025|H5N1|USA-MT|Unknown|2025-04-08|wild_avian|D1.1,Central,Pacific
1341,131,0.450275430591333,-100.841197083225,39.7319098220806,-105.139999633477,34.5713484941181,0.723104719699081,0.272829289107749,2024.81547799407,2025.26575342466,SRR33370177|A/Snowy_Owl/WI/25-012050-001-original/2025|H5N1|USA-WI|Unknown|2025-04-08|wild_avian|D1.1,Mississippi,Mississippi
1278,186,0.1901559268118,-102.72013540533,48.6764578593988,-106.336161144197,40.3327462350379,0.723104719699081,0.532948792887281,2025.07559749785,2025.26575342466,SRR33370176|A/Trumpeter_Swan/IA/25-011816-001-original/2025|H5N1|USA-IA|Unknown|2025-04-08|wild_avian|D1.1,Mississippi,Mississippi
828,829,0.168220916947192,-97.588884199625,39.5441432839688,-98.3174320749338,37.3776475575129,0.723848233945913,0.555627316998721,2025.09827602196,2025.2664969389,NA,Atlantic,Atlantic
903,595,0.519419278302831,-101.077018917598,41.65966668753,-108.111510694673,37.2123233214835,0.728584171753796,0.209164893450965,2024.75181359841,2025.27123287671,SRR34710266|A/Red-tailed_Hawk/CO/25-019366-002-original/2025|H5N1|USA-CO|Unknown|2025-04-10|wild_avian|D1.1,Pacific,Pacific
1140,564,0.517284539634479,-108.166696669466,37.9138013532988,-105.66017673611,48.1186470837192,0.728584171753796,0.211299632119317,2024.75394833708,2025.27123287671,SRR33476799|A/Cooper_s_Hawk/MO/25-012813-008-original/2025|H5N1|USA-MO|Unknown|2025-04-10|wild_avian|D1.1,Central,Mississippi
1321,232,0.451992590357609,-103.348164774359,42.4475254440049,-98.33330494692,47.1728130911128,0.728584171753796,0.276591581396187,2024.81924028635,2025.27123287671,SRR33476774|A/Turkey_Vulture/MO/25-012813-002-original/2025|H5N1|USA-MO|Unknown|2025-04-10|wild_avian|D1.1,Mississippi,Mississippi
1068,406,0.153524247355667,-112.263151327734,36.6925764625019,-110.957908674413,34.0306676585705,0.728584171753796,0.575059924398129,2025.11770862936,2025.27123287671,SRR33476801|A/Canada_Goose/SD/25-013305-001-original/2025|H5N1|USA-SD|Unknown|2025-04-10|wild_avian|D1.1,Central,Central
1295,148,0.0428041429232949,-110.806983561723,34.7948802381822,-110.167332320522,34.5907867217664,0.728584171753796,0.685780028830501,2025.22842873379,2025.27123287671,SRR33476805|A/black_vulture/KY/25-013218-001/2025|H5N1|USA-KY|Mason|2025-04-10|wild_avian|D1.1,Mississippi,Mississippi
1295,150,0.0428041429232949,-110.806983561723,34.7948802381822,-111.089976853534,34.119866605472,0.728584171753796,0.685780028830501,2025.22842873379,2025.27123287671,SRR33476809|A/canada_goose/KY/25-013218-002/2025|H5N1|USA-KY|Mason|2025-04-10|wild_avian|D1.1,Mississippi,Mississippi
1156,654,0.0377198330203822,-101.726993371665,36.5232272392004,-104.94696927674,36.813092281577,0.728584171753796,0.690864338733414,2025.23351304369,2025.27123287671,SRR33370209|A/Black_Vulture/VA/25-012471-002-original/2025|H5N1|USA-VA|Unknown|2025-04-10|wild_avian|D1.1,Atlantic,Atlantic
888,889,0.0121887307848764,-81.9432308643495,37.0436924659537,-82.2528175657535,35.6652951341971,0.730900300362355,0.718711569577479,2025.26136027454,2025.27354900532,NA,Atlantic,Atlantic
1324,220,0.215537119953289,-106.209861769796,48.2909838539991,-99.6722571836444,47.8177426969342,0.731323897781381,0.515786777828091,2025.05843548279,2025.27397260274,SRR33682307|A/Turkey_Vulture/IN/25-014056-001-original/2025|H5N1|USA-IN|Unknown|2025-04-11|wild_avian|D1.1,Mississippi,Mississippi
943,334,0.540846582481475,-114.809794887162,37.0631390504076,-118.105446226519,46.914912215521,0.736803349836096,0.195956767354621,2024.73860547231,2025.27945205479,SRR33682331|A/Cougar/CA/25-014656-002-original/2025|H5N1|USA-CA|Unknown|2025-04-13|feline|D1.1,Pacific,Pacific
784,18,0.443696530520644,-104.753518726812,39.4568713129073,-109.952092319454,42.8235399712717,0.747762253945752,0.304065723425109,2024.84671442838,2025.2904109589,SRR34425893|A/red_fox/NJ/25-018509-001/2025|H5N1|USA-NJ|Mercer|2025-04-17|other_mammal|D1.1,Mississippi,Atlantic
770,113,0.345254563347982,-76.8385455908226,43.1815168575415,-77.2133488477576,42.50155384936,0.747762253945752,0.402507690597771,2024.94515639556,2025.2904109589,SRR34425892|A/red_fox/NJ/25-018509-002/2025|H5N1|USA-NJ|Mercer|2025-04-17|other_mammal|D1.1,Atlantic,Atlantic
829,537,0.0266537460271967,-98.3174320749338,37.3776475575129,-98.7149706809655,37.1259013145103,0.75050197997311,0.723848233945913,2025.2664969389,2025.29315068493,SRR34270262|A/black_vulture/GA/25-017626-002/2025|H5N1|USA-GA|Monroe|2025-04-18|wild_avian|D1.1,Atlantic,Atlantic
712,57,0.139379611392227,-73.8311101784022,43.5625375647914,-78.4219460860935,41.2918470746323,0.753241706000467,0.613862094608241,2025.15651079957,2025.29589041096,SRR34710269|A/Snowy_Owl/ME/25-019392-006-original/2025|H5N1|USA-ME|Unknown|2025-04-19|wild_avian|D1.1,Atlantic,Atlantic
728,79,0.0705594012169416,-75.7168965343307,43.3225117510332,-75.9282915762405,43.9855912576627,0.755981432027825,0.685422030810883,2025.22807073577,2025.29863013699,SRR35319688|A/Common_Eider/MA/25-021407-030-original/2025|H5N1|USA-MA|Unknown|2025-04-20|wild_avian|D1.1,Atlantic,Atlantic
684,25,0.643595589331692,-108.466354345773,41.5718868473922,-86.5850319553434,41.0676927339751,0.758721158055182,0.11512556872349,2024.65777427368,2025.30136986301,SRR33565201|A/canada_goose/NY/25-013428-001/2025|H5N1|USA-NY|Niagara|2025-04-21|wild_avian|D1.1,Central,Atlantic
919,616,0.58299033587659,-115.422924394549,37.340690665427,-115.097388142765,35.8709922851135,0.758721158055182,0.175730822178592,2024.71837952714,2025.30136986301,SRR33476770|A/Turkey_Vulture/WY/25-013045-001-original/2025|H5N1|USA-WY|Unknown|2025-04-21|wild_avian|D1.1,Pacific,Pacific
773,125,0.376655373659469,-75.0668269579731,39.9242624821958,-72.3077173786657,43.4831715814784,0.758721158055182,0.382065784395713,2024.92471448935,2025.30136986301,SRR33830326|A/red_tailed_hawk/NY/25-013427-001/2025|H5N1|USA-NY|Jefferson|2025-04-21|wild_avian|D1.1,Atlantic,Atlantic
1068,405,0.183661233657053,-112.263151327734,36.6925764625019,-114.383452776871,38.1199070684311,0.758721158055182,0.575059924398129,2025.11770862936,2025.30136986301,SRR33476668|A/chicken/MN/25-013149-001-original/2025|H5N1|USA-MN|Unknown|2025-04-21|domestic_avian|D1.1,Central,Mississippi
887,292,0.086958177538545,-81.1452447970871,35.9481721056981,-80.7990582013611,35.5081446345378,0.758721158055182,0.671762980516637,2025.21441168548,2025.30136986301,SRR33682355|A/black_vulture/NC/25-013413-001/2025|H5N1|USA-NC|Mecklenburg|2025-04-21|wild_avian|D1.1,Atlantic,Atlantic
789,790,0.0766449044923574,-105.615078500172,48.5871788212305,-97.5156300134295,46.0575854885782,0.762302146245608,0.685657241753251,2025.22830594671,2025.3049508512,NA,Atlantic,Mississippi
730,731,0.0788148490672693,-70.6427504742239,44.9789720185606,-69.1855101478717,46.3959884163793,0.762433017345937,0.683618168278668,2025.22626687324,2025.3050817223,NA,Atlantic,Atlantic
935,936,0.0725754820457227,-119.933148301839,48.2152266118124,-116.891249191563,48.4286472365518,0.764003852596292,0.691428370550569,2025.23407707551,2025.30665255755,NA,Pacific,Pacific
935,581,0.0727722395595548,-119.933148301839,48.2152266118124,-118.646427360635,46.3930583626002,0.764200610110124,0.691428370550569,2025.23407707551,2025.30684931507,SRR33764593|A/cattle/AZ/25-013772-001-original-repeat2/2025|H5N1|USA-AZ|Unknown|2025-04-23|cattle|D1.1,Pacific,Pacific
788,13,0.0592030344793458,-106.654094113361,48.3206614495298,-108.806215180324,47.8989375364077,0.764200610110124,0.704997575630778,2025.24764628059,2025.30684931507,SRR33764586|A/Great_Horned_Owl/CT/25-013382-001-original-repeat2/2025|H5N1|USA-CT|Unknown|2025-04-23|wild_avian|D1.1,Atlantic,Atlantic
872,873,0.060260624066871,-83.7735170026576,33.4680275436491,-84.8919490918788,33.5560731706769,0.764975565206088,0.704714941139217,2025.2473636461,2025.30762427016,NA,Atlantic,Atlantic
1156,1157,0.0759933386459585,-101.726993371665,36.5232272392004,-101.513537994811,37.0675222203823,0.766857677379372,0.690864338733414,2025.23351304369,2025.30950638234,NA,Atlantic,Atlantic
690,41,0.475362551726906,-106.069118531208,33.3886481007592,-104.881212833137,33.2592601452521,0.766940336137482,0.291577784410576,2024.83422648937,2025.3095890411,SRR33764590|A/bald_eagle/MI/25-013929-001/2025|H5N1|USA-MI|Manistee|2025-04-24|wild_avian|D1.1,Mississippi,Mississippi
899,601,0.0716506355151862,-107.847277487994,35.3435553654394,-107.798585327921,36.8415974465914,0.766940336137482,0.695289700622295,2025.23793840558,2025.3095890411,SRR33682312|A/Sand_Crane/WA/25-014081-001-original/2025|H5N1|USA-WA|Unknown|2025-04-24|wild_avian|D1.1,Pacific,Pacific
888,891,0.0499995985955649,-81.9432308643495,37.0436924659537,-82.6988921544711,36.4045935713135,0.768711168173044,0.718711569577479,2025.26136027454,2025.31135987313,NA,Atlantic,Atlantic
797,28,0.441922276788708,-87.0750321897815,41.4264783884983,-89.3608100460201,40.3218503434412,0.769680062164839,0.327757785376131,2024.87040649033,2025.31232876712,SRR33682328|A/Great_Horned_Owl/ID/25-014531-001-original/2025|H5N1|USA-ID|Unknown|2025-04-25|wild_avian|D1.1,Pacific,Pacific
1200,627,0.383759238777141,-114.586265776802,33.6179011506107,-111.611382299786,32.995950293549,0.769680062164839,0.385920823387698,2024.92856952835,2025.31232876712,SRR33682316|A/Red-tailed_Hawk/ID/25-014530-001-original/2025|H5N1|USA-ID|Unknown|2025-04-25|wild_avian|D1.1,Pacific,Pacific
1071,1072,0.088181333915916,-120.134782310187,37.9098191879485,-116.758323335017,40.529824631881,0.773583830475859,0.685402496559943,2025.22805120152,2025.31623253543,NA,Central,Central
873,304,0.0129236750410507,-84.8919490918788,33.5560731706769,-84.362117355456,33.8266845396094,0.777899240247139,0.764975565206088,2025.30762427016,2025.32054794521,SRR33830330|A/black_vulture/PA/25-015563-001/2025|H5N1|USA-PA|Chester|2025-04-28|wild_avian|D1.1,Atlantic,Atlantic
940,585,0.547170539977309,-106.934288736897,46.5926221731094,-96.4724943614305,43.0505233233186,0.783378692301853,0.236208152324544,2024.77885685728,2025.32602739726,SRR33682297|A/Turkey_Vulture/UT/25-014690-001-original/2025|H5N1|USA-UT|Unknown|2025-04-30|wild_avian|D1.1,Central,Pacific
789,14,0.0977214505486026,-105.615078500172,48.5871788212305,-113.125591503644,44.6378033254117,0.783378692301853,0.685657241753251,2025.22830594671,2025.32602739726,SRR33564631|A/chicken/IN/25-014151-001-original/2025|H5N1|USA-IN|Unknown|2025-04-30|domestic_avian|D1.1,Atlantic,Mississippi
790,16,0.0210765460562452,-97.5156300134295,46.0575854885782,-100.59654384541,47.2206320814342,0.783378692301853,0.762302146245608,2025.3049508512,2025.32602739726,SRR33564627|A/Guineafowl/IL/25-014146-002-original/2025|H5N1|USA-IL|Unknown|2025-04-30|domestic_avian|D1.1,Mississippi,Mississippi
959,412,0.272796746029963,-107.431208622211,43.1408912863752,-106.454417375901,44.3974255915174,0.788858144356568,0.516061398326605,2025.05871010328,2025.33150684932,SRR33830328|A/Great_Horned_Owl/MT/25-015870-001-original/2025|H5N1|USA-MT|Unknown|2025-05-02|wild_avian|D1.1,Pacific,Central
731,733,0.0283412518066085,-69.1855101478717,46.3959884163793,-71.6732779037636,44.5997185587965,0.790774269152546,0.762433017345937,2025.3050817223,2025.33342297411,NA,Atlantic,Atlantic
750,752,0.261885227120396,-78.081079977535,42.8599509293618,-78.1511559229106,41.2035429466084,0.797571047589337,0.535685820468941,2025.07833452543,2025.34021975255,NA,Atlantic,Atlantic
1057,409,0.418966536050611,-112.597954067554,38.0441471528174,-108.209070055809,38.1578969599032,0.799817048466225,0.380850512415614,2024.92349921737,2025.34246575342,SRR33764588|A/cat/SD/25-015467-001-original/2025|H5N1|USA-SD|Unknown|2025-05-06|feline|D1.1,Central,Central
752,62,0.0022460008768882,-78.1511559229106,41.2035429466084,-77.7308194133805,42.1828235979527,0.799817048466225,0.797571047589337,2025.34021975255,2025.34246575342,SRR33764507|A/chicken/MD/25-014921-001-original/2025|H5N1|USA-MD|Unknown|2025-05-06|domestic_avian|D1.1,Atlantic,Atlantic
1242,235,0.570441267700081,-104.546121008858,32.0559016999143,-105.86507530571,35.0655008895726,0.802556774493582,0.232115506793501,2024.77476421175,2025.34520547945,SRR33764582|A/Turkey_Vulture/IA/25-014877-001-original/2025|H5N1|USA-IA|Unknown|2025-05-07|wild_avian|D1.1,Central,Mississippi
1230,266,0.417015319110177,-110.931212949802,42.6992602653872,-111.347855584849,42.7505528919618,0.802556774493582,0.385541455383406,2024.92819016034,2025.34520547945,SRR33764581|A/Turkey_Vulture/IA/25-014877-002-original/2025|H5N1|USA-IA|Unknown|2025-05-07|wild_avian|D1.1,Mississippi,Mississippi
788,12,0.103038650917519,-106.654094113361,48.3206614495298,-106.29295187167,47.6957208757997,0.808036226548297,0.704997575630778,2025.24764628059,2025.35068493151,SRR33682397|A/Duck/NJ/25-015044-006-original/2025|H5N1|USA-NJ|Unknown|2025-05-09|domestic_avian|D1.1,Atlantic,Atlantic
828,533,0.255148635577161,-97.588884199625,39.5441432839688,-97.3429191537422,41.4090579581754,0.810775952575882,0.555627316998721,2025.09827602196,2025.35342465753,SRR33943918|A/Muscovy_Duck/GA/25-016493-001-original/2025|H5N1|USA-GA|Unknown|2025-05-10|wild_avian|D1.1,Atlantic,Atlantic
733,734,0.0242160626908959,-71.6732779037636,44.5997185587965,-73.4313725678531,44.8504239641711,0.814990331843442,0.790774269152546,2025.33342297411,2025.3576390368,NA,Atlantic,Atlantic
872,306,0.119759641573452,-83.7735170026576,33.4680275436491,-87.6942441606059,34.941218067674,0.824474582712669,0.704714941139217,2025.2473636461,2025.36712328767,SRR33993064|A/Black_Vulture/PA/25-017251-001-original/2025|H5N1|USA-PA|Unknown|2025-05-15|wild_avian|D1.1,Atlantic,Atlantic
729,87,0.158684627525227,-71.4457211011418,44.8092006447107,-71.8344320666175,44.8190718673892,0.827214308740254,0.668529681215027,2025.21117838617,2025.3698630137,SRR34710290|A/Great_Black-Backed_Gull/MA/25-019390-021-original/2025|H5N1|USA-MA|Unknown|2025-05-16|wild_avian|D1.1,Atlantic,Atlantic
936,937,0.0633757627985887,-116.891249191563,48.4286472365518,-116.276259587335,48.8014840924437,0.827379615394881,0.764003852596292,2025.30665255755,2025.37002832035,NA,Pacific,Pacific
1306,1307,0.0464789289211035,-74.8477807756394,43.1762272860756,-74.8461643897188,43.074428003754,0.827985393186547,0.781506464265443,2025.32415516922,2025.37063409815,NA,Atlantic,Atlantic
1237,1238,0.470392560947314,-108.355760213544,35.0249038472335,-105.903581002322,36.6723752468337,0.83461539524401,0.364222834296696,2024.90687153926,2025.3772641002,NA,Central,Mississippi
958,960,0.430201614093983,-112.513025006938,39.0492668294348,-114.481096010619,37.4986714993957,0.837128529829361,0.406926915735379,2024.94957562069,2025.37977723479,NA,Central,Central
889,299,0.107272912487328,-82.2528175657535,35.6652951341971,-80.2953743319017,35.0197769434987,0.838173212849683,0.730900300362355,2025.27354900532,2025.38082191781,SRR33943915|A/black_vulture/SC/25-016638-003/2025|H5N1|USA-SC|Chester|2025-05-20|wild_avian|D1.1,Atlantic,Atlantic
891,293,0.0694620446766393,-82.6988921544711,36.4045935713135,-83.4967567205366,36.40377531802,0.838173212849683,0.768711168173044,2025.31135987313,2025.38082191781,SRR33943914|A/black_vulture/SC/25-016638-004/2025|H5N1|USA-SC|Chester|2025-05-20|wild_avian|D1.1,Atlantic,Atlantic
1307,1308,0.0124361621007025,-74.8461643897188,43.074428003754,-73.3954655659219,42.8526109952931,0.840421555287249,0.827985393186547,2025.37063409815,2025.38307026025,NA,Atlantic,Atlantic
1308,1309,0.00263449940277927,-73.3954655659219,42.8526109952931,-72.3414191328771,43.3960633572076,0.843056054690028,0.840421555287249,2025.38307026025,2025.38570475965,NA,Atlantic,Atlantic
936,582,0.0796488123083333,-116.891249191563,48.4286472365518,-116.429209035525,48.2188947249419,0.843652664904625,0.764003852596292,2025.30665255755,2025.38630136986,SRR33830342|A/chicken/AZ/25-016339-007-original/2025|H5N1|USA-AZ|Unknown|2025-05-22|domestic_avian|D1.1,Pacific,Pacific
1157,651,0.0795347135526105,-101.513537994811,37.0675222203823,-101.465790062796,38.2110723586246,0.846392390931983,0.766857677379372,2025.30950638234,2025.38904109589,SRR34710267|A/Black_Vulture/VA/25-019364-001-original/2025|H5N1|USA-VA|Unknown|2025-05-23|wild_avian|D1.1,Atlantic,Atlantic
960,961,0.0173400730297196,-114.481096010619,37.4986714993957,-116.246380213657,36.0598437326441,0.854468602859081,0.837128529829361,2025.37977723479,2025.39711730782,NA,Central,Central
1270,169,0.486617288400559,-92.1123415937834,44.4640910797374,-106.520091914719,38.0842261343127,0.85735129504164,0.37073400664108,2024.9133827116,2025.4,SRR33993059|A/Turkey_Vulture/NY/25-016857-001-original/2025|H5N1|USA-NY|Unknown|2025-05-27|wild_avian|D1.1,Mississippi,Atlantic
1126,518,0.649902677070098,-115.703795547531,36.542055397582,-113.673795758209,46.076869478672,0.862830747096355,0.212928070026256,2024.75557677498,2025.40547945205,SRR33993061|A/Red_Fox/CO/25-017245-001-original/2025|H5N1|USA-CO|Unknown|2025-05-29|other_mammal|D1.1,Pacific,Central
692,33,0.487516527544928,-105.108749034178,32.7421990785681,-104.564637936738,33.1398527612515,0.862830747096355,0.375314219551426,2024.91796292451,2025.40547945205,SRR33993066|A/bald_eagle/MI/25-017061-001/2025|H5N1|USA-MI|Osceola|2025-05-29|wild_avian|D1.1,Mississippi,Mississippi
1265,176,0.157176659025453,-103.551328464957,41.5914836071566,-101.198701197524,44.349000013793,0.862830747096355,0.705654088070901,2025.24830279303,2025.40547945205,SRR33993065|A/bald_eagle/MI/25-017061-002/2025|H5N1|USA-MI|Mason|2025-05-29|wild_avian|D1.1,Mississippi,Mississippi
733,85,0.0830153820534658,-71.6732779037636,44.5997185587965,-68.7513397437355,45.4230038023617,0.873789651206011,0.790774269152546,2025.33342297411,2025.41643835616,SRR34710258|A/Common_Eider/MA/25-019390-025-original/2025|H5N1|USA-MA|Unknown|2025-06-02|wild_avian|D1.1,Atlantic,Atlantic
871,308,0.190454054285322,-83.5252925817133,36.5526294401273,-81.8506366195187,36.5886427997874,0.876529377233369,0.686075322948047,2025.22872402791,2025.41917808219,SRR34270259|A/black_vulture/PA/25-017748-001/2025|H5N1|USA-PA|Lehigh|2025-06-03|wild_avian|D1.1,Atlantic,Atlantic
873,305,0.111553812027281,-84.8919490918788,33.5560731706769,-84.567463226966,33.4348410265813,0.876529377233369,0.764975565206088,2025.30762427016,2025.41917808219,SRR34270258|A/black_vulture/PA/25-017748-002/2025|H5N1|USA-PA|Lehigh|2025-06-03|wild_avian|D1.1,Atlantic,Atlantic
1265,177,0.176354741217182,-103.551328464957,41.5914836071566,-101.289804786091,37.1463252029104,0.882008829288084,0.705654088070901,2025.24830279303,2025.42465753425,SRR34425901|A/caspian_tern/WI/25-018001-001/2025|H5N1|USA-WI|Door|2025-06-05|wild_avian|D1.1,Mississippi,Mississippi
937,583,0.0546292138932029,-116.276259587335,48.8014840924437,-117.74837474509,48.2818460116809,0.882008829288084,0.827379615394881,2025.37002832035,2025.42465753425,SRR34270136|A/chicken/AZ/25-017630-002-original/2025|H5N1|USA-AZ|Unknown|2025-06-05|domestic_avian|D1.1,Pacific,Pacific
827,532,0.500155517028948,-104.065407272032,40.3425219961764,-100.495224412775,44.9668851167264,0.884748555315441,0.384593038286493,2024.92724174324,2025.42739726027,SRR34270261|A/turkey_vulture/NC/25-017667-001/2025|H5N1|USA-NC|Durham|2025-06-06|wild_avian|D1.1,Mississippi,Atlantic
1289,1290,0.215151449092718,-111.014929023346,33.3367479966715,-110.481618966875,36.5108400531797,0.894840616153941,0.679689167061223,2025.22233787202,2025.43748932111,NA,Atlantic,Mississippi
829,830,0.171695102592501,-98.3174320749338,37.3776475575129,-99.0491581965472,39.9439407621218,0.895543336538414,0.723848233945913,2025.2664969389,2025.4381920415,NA,Atlantic,Atlantic
790,15,0.136145039206847,-97.5156300134295,46.0575854885782,-98.1904811063446,44.0711911040326,0.898447185452455,0.762302146245608,2025.3049508512,2025.44109589041,SRR34425894|A/Peregrine_falcon/IL/25-018249-001/2025|H5N1|USA-IL|DuPage|2025-06-11|wild_avian|D1.1,Mississippi,Mississippi
961,964,0.0462835117852115,-116.246380213657,36.0598437326441,-113.525079256135,40.5419272769611,0.900752114644293,0.854468602859081,2025.39711730782,2025.4434008196,NA,Central,Pacific
1072,1073,0.127209293892207,-116.758323335017,40.529824631881,-109.419683606058,37.9681768410354,0.900793124368066,0.773583830475859,2025.31623253543,2025.44344182933,NA,Central,Mississippi
964,969,0.00262013321008447,-113.525079256135,40.5419272769611,-113.561204277122,40.509511109182,0.903372247854377,0.900752114644293,2025.4434008196,2025.44602095281,NA,Pacific,Pacific
1307,1310,0.0789927788163799,-74.8461643897188,43.074428003754,-73.5365872783127,42.6593910685082,0.906978172002926,0.827985393186547,2025.37063409815,2025.44962687696,NA,Atlantic,Atlantic
969,1006,0.00404763403869179,-113.561204277122,40.509511109182,-113.086128338105,40.1235131330632,0.907419881893069,0.903372247854377,2025.44602095281,2025.45006858685,NA,Pacific,Central
1310,1311,0.00347334395044552,-73.5365872783127,42.6593910685082,-73.7196833234202,43.0062166077979,0.910451515953372,0.906978172002926,2025.44962687696,2025.45310022091,NA,Atlantic,Atlantic
1155,1161,0.237890242626346,-100.07959682872,38.7308069870628,-99.416086490402,38.0919600251896,0.916414745668974,0.678524503042628,2025.221173208,2025.45906345063,NA,Atlantic,Atlantic
961,962,0.0669257502628242,-116.246380213657,36.0598437326441,-100.076038004612,29.0490698176106,0.921394353121905,0.854468602859081,2025.39711730782,2025.46404305808,NA,Central,Mississippi
1310,1314,0.0161674065393244,-73.5365872783127,42.6593910685082,-74.998640074974,40.0547963711073,0.923145578542251,0.906978172002926,2025.44962687696,2025.4657942835,NA,Atlantic,Atlantic
1073,1074,0.0254148775468863,-109.419683606058,37.9681768410354,-109.516374311992,37.5474517125871,0.926208001914952,0.900793124368066,2025.44344182933,2025.46885670687,NA,Mississippi,Central
1311,1312,0.0163678617301353,-73.7196833234202,43.0062166077979,-71.853878201715,42.9162946652715,0.926819377683507,0.910451515953372,2025.45310022091,2025.46946808264,NA,Atlantic,Atlantic
1073,1099,0.0268169995209593,-109.419683606058,37.9681768410354,-109.344189704837,36.3668617089579,0.927610123889025,0.900793124368066,2025.44344182933,2025.47025882885,NA,Mississippi,Mississippi
731,732,0.167309659082539,-69.1855101478717,46.3959884163793,-67.8126889844177,45.7800435174945,0.929742676428476,0.762433017345937,2025.3050817223,2025.47239138139,NA,Atlantic,Atlantic
1309,203,0.0882678430911705,-72.3414191328771,43.3960633572076,-74.2811643867016,41.6272771370145,0.931323897781199,0.843056054690028,2025.38570475965,2025.47397260274,SRR34542593|A/Caspian_Tern/NY/25-019019-002-original/2025|H5N1|USA-NY|Unknown|2025-06-23|wild_avian|D1.1,Atlantic,Atlantic
969,970,0.0284598796726862,-113.561204277122,40.509511109182,-120.579325201339,48.6827109017946,0.931832127527063,0.903372247854377,2025.44602095281,2025.47448083249,NA,Pacific,Central
1099,1111,0.00649329299337953,-109.344189704837,36.3668617089579,-109.34416497877,36.3677932658323,0.934103416882405,0.927610123889025,2025.47025882885,2025.47675212184,NA,Mississippi,Mississippi
1111,1112,0.000130421062705,-109.34416497877,36.3677932658323,-109.275145293169,36.4402497435912,0.93423383794511,0.934103416882405,2025.47675212184,2025.4768825429,NA,Mississippi,Mississippi
1074,1093,0.00960927302866699,-109.516374311992,37.5474517125871,-112.097677726746,37.57443314627,0.935817274943619,0.926208001914952,2025.46885670687,2025.4784659799,NA,Central,Mississippi
787,11,0.262665932783348,-107.20034828183,46.7346119683786,-107.610677056303,45.8607541739134,0.936803349836141,0.674137417052793,2025.21678612201,2025.47945205479,SRR34542590|A/Domestic_Cat/NJ/25-019482-001-original/2025|H5N1|USA-NJ|Unknown|2025-06-25|feline|D1.1,Atlantic,Atlantic
970,971,0.00599122595993884,-120.579325201339,48.6827109017946,-120.410561080045,48.7769836524559,0.937823353487002,0.931832127527063,2025.47448083249,2025.48047205845,NA,Central,Central
1006,1007,0.0308499585497919,-113.086128338105,40.1235131330632,-116.659519964373,35.0086156501129,0.938269840442861,0.907419881893069,2025.45006858685,2025.4809185454,NA,Central,Central
732,82,0.00980039943502242,-67.8126889844177,45.7800435174945,-69.8586367415528,46.7321624884502,0.939543075863498,0.929742676428476,2025.47239138139,2025.48219178082,SRR34980327|A/Herring_Gull/NH/25-021405-002-original/2025|H5N1|USA-NH|Unknown|2025-06-26|wild_avian|D1.1,Atlantic,Atlantic
970,997,0.00775356972195518,-120.579325201339,48.6827109017946,-122.165966863162,46.82434117878,0.939585697249018,0.931832127527063,2025.47448083249,2025.48223440221,NA,Central,Central
1099,1100,0.0146756126281986,-109.344189704837,36.3668617089579,-109.316453601523,36.3221449228794,0.942285736517224,0.927610123889025,2025.47025882885,2025.48493444148,NA,Mississippi,Mississippi
1311,1313,0.0321694061355664,-73.7196833234202,43.0062166077979,-73.5138134654803,44.3432683018626,0.942620922088938,0.910451515953372,2025.45310022091,2025.48526962705,NA,Atlantic,Atlantic
1100,1101,0.00134003566699503,-109.316453601523,36.3221449228794,-109.346325278349,36.3715755307208,0.943625772184219,0.942285736517224,2025.48493444148,2025.48627447714,NA,Mississippi,Mississippi
997,998,0.00483785523900926,-122.165966863162,46.82434117878,-123.551342244986,47.229180094168,0.944423552488028,0.939585697249018,2025.48223440221,2025.48707225745,NA,Central,Central
732,81,0.0180195775170946,-67.8126889844177,45.7800435174945,-70.6555529810341,45.3521747717939,0.947762253945571,0.929742676428476,2025.47239138139,2025.4904109589,SRR34980362|A/Common_Eider/ME/25-021406-018-original/2025|H5N1|USA-ME|Unknown|2025-06-29|wild_avian|D1.1,Atlantic,Atlantic
960,1050,0.112807336291237,-114.481096010619,37.4986714993957,-107.927681045311,43.4385474813088,0.949935866120598,0.837128529829361,2025.37977723479,2025.49258457108,NA,Central,Pacific
1050,1052,0.00132990339876549,-107.927681045311,43.4385474813088,-108.498885963864,43.4052746566796,0.951265769519364,0.949935866120598,2025.49258457108,2025.49391447448,NA,Pacific,Pacific
1074,1075,0.0258134726606731,-109.516374311992,37.5474517125871,-111.578410297458,35.1806024267316,0.952021474575625,0.926208001914952,2025.46885670687,2025.49467017953,NA,Central,Mississippi
971,978,0.0148100967013947,-120.410561080045,48.7769836524559,-120.568573803244,48.8682143282603,0.952633450188397,0.937823353487002,2025.48047205845,2025.49528215515,NA,Central,Central
869,309,0.270780562688209,-84.9453845227181,36.5090897857705,-88.8765822799927,38.0774622403406,0.953241706000513,0.682461143312304,2025.22510984827,2025.49589041096,SRR34542496|A/Mallard_Duck/PA/25-019408-006-original/2025|H5N1|USA-PA|Unknown|2025-07-01|wild_avian|D1.1,Atlantic,Atlantic
1075,1078,0.00202990339018871,-111.578410297458,35.1806024267316,-111.532118211373,35.0871580082612,0.954051377965814,0.952021474575625,2025.49467017953,2025.49670008292,NA,Mississippi,Mississippi
889,890,0.223801786504464,-82.2528175657535,35.6652951341971,-80.9484259600786,35.752893369069,0.95470208686682,0.730900300362355,2025.27354900532,2025.49735079183,NA,Atlantic,Atlantic
1093,1095,0.0196785759607925,-112.097677726746,37.57443314627,-117.217658284672,36.5428134217696,0.955495850904412,0.935817274943619,2025.4784659799,2025.49814455586,NA,Mississippi,Mississippi
1290,1291,0.0607531947461282,-110.481618966875,36.5108400531797,-110.060819886412,37.0526228134596,0.955593810900069,0.894840616153941,2025.43748932111,2025.49824251586,NA,Mississippi,Mississippi
1308,192,0.115559876740621,-73.3954655659219,42.8526109952931,-73.759463607821,41.6062713588578,0.95598143202787,0.840421555287249,2025.38307026025,2025.49863013699,SRR34784272|A/caspian_tern/NY/25-019811-002/2025|H5N1|USA-NY|Jefferson|2025-07-02|wild_avian|D1.1,Atlantic,Atlantic
1309,191,0.112925377337842,-72.3414191328771,43.3960633572076,-72.3539372516729,43.5094271728755,0.95598143202787,0.843056054690028,2025.38570475965,2025.49863013699,SRR34784273|A/caspian_tern/NY/25-019811-001/2025|H5N1|USA-NY|Jefferson|2025-07-02|wild_avian|D1.1,Atlantic,Atlantic
1052,1053,0.00480166607004295,-108.498885963864,43.4052746566796,-108.415937292271,43.0922497117927,0.956067435589407,0.951265769519364,2025.49391447448,2025.49871614055,NA,Pacific,Pacific
1007,1015,0.0179094855064115,-116.659519964373,35.0086156501129,-116.242304687358,34.5379215983439,0.956179325949272,0.938269840442861,2025.4809185454,2025.49882803091,NA,Central,Central
891,892,0.187503894062027,-82.6988921544711,36.4045935713135,-81.3808978217378,31.4677946189036,0.956215062235071,0.768711168173044,2025.31135987313,2025.49886376719,NA,Atlantic,Mississippi
971,972,0.0186559419261401,-120.410561080045,48.7769836524559,-120.407265564899,48.7745250821159,0.956479295413142,0.937823353487002,2025.48047205845,2025.49912800037,NA,Central,Central
1078,1079,0.00278430769524496,-111.532118211373,35.0871580082612,-111.423180855522,35.0503554724842,0.956835685661059,0.954051377965814,2025.49670008292,2025.49948439062,NA,Mississippi,Mississippi
998,1003,0.0127543371758388,-123.551342244986,47.229180094168,-123.176313261699,47.1607807718637,0.957177889663866,0.944423552488028,2025.48707225745,2025.49982659462,NA,Central,Central
962,963,0.0358109799522991,-100.076038004612,29.0490698176106,-98.5517940534977,34.4140368013386,0.957205333074204,0.921394353121905,2025.46404305808,2025.49985403803,NA,Mississippi,Mississippi
978,990,0.00511524593954915,-120.568573803244,48.8682143282603,-121.12312624132,47.7177536758647,0.957748696127946,0.952633450188397,2025.49528215515,2025.50039740109,NA,Central,Central
734,83,0.143730826211786,-73.4313725678531,44.8504239641711,-74.9242119935451,43.8298775216232,0.958721158055228,0.814990331843442,2025.3576390368,2025.50136986301,SRR34980293|A/Common_Eider/ME/25-021406-010-original/2025|H5N1|USA-ME|Unknown|2025-07-03|wild_avian|D1.1,Atlantic,Atlantic
978,979,0.00793837937574937,-120.568573803244,48.8682143282603,-118.755399316613,48.4609162310083,0.960571829564146,0.952633450188397,2025.49528215515,2025.50322053452,NA,Central,Central
734,84,0.146470552239143,-73.4313725678531,44.8504239641711,-74.8756381739018,43.7118099116339,0.961460884082585,0.814990331843442,2025.3576390368,2025.50410958904,SRR35089324|A/Great_black-backed_gull/MA/25-021407-023-original/2025|H5N1|USA-MA|Unknown|2025-07-04|wild_avian|D1.1,Atlantic,Atlantic
979,980,0.00195900563470108,-118.755399316613,48.4609162310083,-118.980651466175,48.6658664644209,0.962530835198847,0.960571829564146,2025.50322053452,2025.50517954016,NA,Central,Central
1101,1102,0.0189814577645071,-109.346325278349,36.3715755307208,-109.678622986472,34.4977373198531,0.962607229948726,0.943625772184219,2025.48627447714,2025.50525593491,NA,Mississippi,Mississippi
980,981,0.00135466645520399,-118.980651466175,48.6658664644209,-121.274634823564,48.3593037334322,0.963885501654051,0.962530835198847,2025.50517954016,2025.50653420661,NA,Central,Central
1050,1051,0.0146068779449795,-107.927681045311,43.4385474813088,-108.170427304237,43.5035240941755,0.964542744065578,0.949935866120598,2025.49258457108,2025.50719144902,NA,Pacific,Pacific
1007,1008,0.0268900521606372,-116.659519964373,35.0086156501129,-111.612794780073,39.3169873714865,0.965159892603498,0.938269840442861,2025.4809185454,2025.50780859756,NA,Central,Pacific
1095,1096,0.00971878462704712,-117.217658284672,36.5428134217696,-116.5256493924,35.4894609968825,0.965214635531459,0.955495850904412,2025.49814455586,2025.50786334049,NA,Mississippi,Mississippi
1102,1103,0.0026242103108558,-109.678622986472,34.4977373198531,-109.207023937937,34.3510412342675,0.965231440259582,0.962607229948726,2025.50525593491,2025.50788014522,NA,Mississippi,Mississippi
1003,1004,0.00969916820351402,-123.176313261699,47.1607807718637,-123.732906310079,45.8951727687982,0.96687705786738,0.957177889663866,2025.49982659462,2025.50952576283,NA,Central,Central
1290,1293,0.0722342547244237,-110.481618966875,36.5108400531797,-108.014636113067,35.772949421908,0.967074870878365,0.894840616153941,2025.43748932111,2025.50972357584,NA,Mississippi,Mississippi
990,991,0.00996235461983119,-121.12312624132,47.7177536758647,-120.504291268003,45.8358010495431,0.967711050747777,0.957748696127946,2025.50039740109,2025.51035975571,NA,Central,Central
877,878,0.0544056307799679,-73.9080852239468,41.577011152807,-74.3188535933638,41.7368603332939,0.968355628895255,0.913949998115287,2025.45659870307,2025.51100433385,NA,Atlantic,Atlantic
997,1005,0.0288510351289412,-122.165966863162,46.82434117878,-122.298849851047,47.1754939972349,0.968436732377959,0.939585697249018,2025.48223440221,2025.51108543734,NA,Central,Central
1079,1080,0.0127348248141768,-111.423180855522,35.0503554724842,-110.182426224239,34.1004695083197,0.969570510475236,0.956835685661059,2025.49948439062,2025.51221921543,NA,Mississippi,Mississippi
1111,1113,0.0359208302492625,-109.34416497877,36.3677932658323,-102.16316504539,35.2092955895726,0.970024247131667,0.934103416882405,2025.47675212184,2025.51267295209,NA,Mississippi,Mississippi
1015,1029,0.0154897288355742,-116.242304687358,34.5379215983439,-119.179897386804,35.6524731456871,0.971669054784846,0.956179325949272,2025.49882803091,2025.51431775974,NA,Central,Central
1029,1031,0.000709378763430468,-119.179897386804,35.6524731456871,-119.24658169831,35.4507557521346,0.972378433548277,0.971669054784846,2025.51431775974,2025.51502713851,NA,Central,Central
964,965,0.0733889044520892,-113.525079256135,40.5419272769611,-115.343923528517,41.271138727121,0.974141019096382,0.900752114644293,2025.4434008196,2025.51678972405,NA,Pacific,Pacific
1031,1032,0.00238538919915254,-119.24658169831,35.4507557521346,-119.330664819804,36.0562266301754,0.974763822747429,0.972378433548277,2025.51502713851,2025.51741252771,NA,Central,Central
730,86,0.291541345940931,-70.6427504742239,44.9789720185606,-69.6161527136119,45.5987459986918,0.975159514219599,0.683618168278668,2025.22626687324,2025.51780821918,SRR34980314|A/Common_Eider/NH/25-021405-003-original/2025|H5N1|USA-NH|Unknown|2025-07-09|wild_avian|D1.1,Atlantic,Atlantic
963,423,0.0179541811453949,-98.5517940534977,34.4140368013386,-98.2232915911932,34.5953531398427,0.975159514219599,0.957205333074204,2025.49985403803,2025.51780821918,SRR36209098|A/Blue-winged_Teal/OH/25G02925-001-original/2025|H5N1|USA-OH|Unknown|2025-07-09|wild_avian|D1.1,Mississippi,Mississippi
972,973,0.0196224813649395,-120.407265564899,48.7745250821159,-104.853299314611,43.8706882862991,0.976101776778082,0.956479295413142,2025.49912800037,2025.51875048174,NA,Central,Mississippi
1031,1039,0.00411444509441816,-119.24658169831,35.4507557521346,-118.485130990425,34.4875036049897,0.976492878642695,0.972378433548277,2025.51502713851,2025.5191415836,NA,Central,Central
1095,1098,0.021575848247039,-117.217658284672,36.5428134217696,-113.346305140301,33.1874978213962,0.977071699151451,0.955495850904412,2025.49814455586,2025.51972040411,NA,Mississippi,Atlantic
1281,215,0.613431682390724,-103.965717177343,47.0476072923732,-82.116840306464,31.2082573863856,0.977899240246957,0.364467557856232,2024.90711626281,2025.52054794521,SRR35151399|A/snow_goose/ND/25-020340-001/2025|H5N1|USA-ND|Ward|2025-07-10|wild_avian|D1.1,Atlantic,Central
1015,1016,0.0225683482493531,-116.242304687358,34.5379215983439,-115.436557970748,39.3117817948571,0.978747674198625,0.956179325949272,2025.49882803091,2025.52139637916,NA,Central,Central
728,80,0.297956661491016,-75.7168965343307,43.3225117510332,-75.5290622161796,43.3952094248134,0.983378692301899,0.685422030810883,2025.22807073577,2025.52602739726,SRR34980303|A/Common_Eider/NH/25-021405-004-original/2025|H5N1|USA-NH|Unknown|2025-07-12|wild_avian|D1.1,Atlantic,Atlantic
712,56,0.372256323721015,-73.8311101784022,43.5625375647914,-76.3188076533112,42.8938032678038,0.986118418329256,0.613862094608241,2025.15651079957,2025.52876712329,SRR35089323|A/Great_black-backed_gull/MA/25-021407-024-original/2025|H5N1|USA-MA|Unknown|2025-07-13|wild_avian|D1.1,Atlantic,Atlantic
1053,1054,0.0373312706782405,-108.415937292271,43.0922497117927,-107.248398846447,42.248519393215,0.993398706267647,0.956067435589407,2025.49871614055,2025.53604741123,NA,Pacific,Pacific
752,63,0.196766548821992,-78.1511559229106,41.2035429466084,-67.8841441305918,45.1916334068456,0.994337596411328,0.797571047589337,2025.34021975255,2025.53698630137,SRR35151393|A/Common_Tern/ME/25-021406-008-original-repeat2/2025|H5N1|USA-ME|Unknown|2025-07-16|wild_avian|D1.1,Atlantic,Atlantic
892,893,0.0411658204226795,-81.3808978217378,31.4677946189036,-86.0809468559901,36.7439952756878,0.997380882657751,0.956215062235071,2025.49886376719,2025.54002958762,NA,Mississippi,Atlantic
1039,1045,0.0254561279114434,-118.485130990425,34.4875036049897,-119.504238971683,36.006124727396,1.00194900655414,0.976492878642695,2025.5191415836,2025.54459771151,NA,Central,Central
1102,1106,0.0412423055633087,-109.678622986472,34.4977373198531,-107.822709597151,33.505537929529,1.00384953551203,0.962607229948726,2025.50525593491,2025.54649824047,NA,Mississippi,Mississippi
834,835,0.765159136071688,-117.033567441236,39.6101113448635,-118.62673120504,45.3381366612094,1.00600709660528,0.240847960533597,2024.78349666549,2025.54865580156,NA,Central,Central
1029,1030,0.0357388735886062,-119.179897386804,35.6524731456871,-114.083058429101,32.820301467671,1.00740792837345,0.971669054784846,2025.51431775974,2025.55005663333,NA,Central,Pacific
1039,1040,0.0335834201789518,-118.485130990425,34.4875036049897,-118.50465201507,35.0942642739002,1.01007629882165,0.976492878642695,2025.5191415836,2025.55272500378,NA,Central,Central
937,584,0.183396337180819,-116.276259587335,48.8014840924437,-116.851443943521,48.5495744519714,1.0107759525757,0.827379615394881,2025.37002832035,2025.55342465753,SRR35150577|A/cattle/AZ/25-021143-001-original-repeat2/2025|H5N1|USA-AZ|Unknown|2025-07-22|cattle|D1.1,Pacific,Pacific
1040,1041,0.00144119602464943,-118.50465201507,35.0942642739002,-118.189335349616,34.7967102362213,1.0115174948463,1.01007629882165,2025.55272500378,2025.5541661998,NA,Central,Central
1080,1082,0.0429012209544608,-110.182426224239,34.1004695083197,-113.952190242293,37.5887867985833,1.0124717314297,0.969570510475236,2025.51221921543,2025.55512043639,NA,Mississippi,Mississippi
1082,1083,0.006546350322018,-113.952190242293,37.5887867985833,-110.634000346346,36.1798886222753,1.01901808175171,1.0124717314297,2025.55512043639,2025.56166678671,NA,Mississippi,Mississippi
1040,1042,0.0120415695865084,-118.50465201507,35.0942642739002,-118.43554870257,35.0172531431762,1.02211786840816,1.01007629882165,2025.55272500378,2025.56476657337,NA,Central,Central
1083,1084,0.0051199092848726,-110.634000346346,36.1798886222753,-114.405870537651,35.9721898067896,1.02413799103659,1.01901808175171,2025.56166678671,2025.566786696,NA,Mississippi,Mississippi
990,992,0.0688129546063907,-121.12312624132,47.7177536758647,-123.299195963159,41.9012053945306,1.02656165073434,0.957748696127946,2025.50039740109,2025.56921035569,NA,Central,Central
1113,1114,0.0567958992011994,-102.16316504539,35.2092955895726,-102.746420366401,34.462784257309,1.02682014633287,0.970024247131667,2025.51267295209,2025.56946885129,NA,Mississippi,Mississippi
1008,1009,0.0620104177427823,-111.612794780073,39.3169873714865,-111.589822921696,39.2267662731473,1.02717031034628,0.965159892603498,2025.50780859756,2025.5698190153,NA,Pacific,Pacific
1075,1076,0.0766671045535805,-111.578410297458,35.1806024267316,-105.086143299684,37.6975686283198,1.02868857912921,0.952021474575625,2025.49467017953,2025.57133728409,NA,Mississippi,Central
1009,1011,0.00211331705105056,-111.589822921696,39.2267662731473,-111.919130290269,39.6446395613696,1.02928362739733,1.02717031034628,2025.5698190153,2025.57193233236,NA,Pacific,Pacific
1314,1315,0.110238323300951,-74.998640074974,40.0547963711073,-78.3774973598421,40.9548924121463,1.0333839018432,0.923145578542251,2025.4657942835,2025.5760326068,NA,Atlantic,Atlantic
1006,1048,0.128403814990782,-113.086128338105,40.1235131330632,-113.142653861401,40.1280789972769,1.03582369688385,0.907419881893069,2025.45006858685,2025.57847240184,NA,Central,Central
1016,1028,0.057288832008088,-115.436557970748,39.3117817948571,-119.265696346389,40.5031032225546,1.03603650620671,0.978747674198625,2025.52139637916,2025.57868521117,NA,Central,Mississippi
992,993,0.0107959087656,-123.299195963159,41.9012053945306,-122.88453460768,41.7162337221709,1.03735755949994,1.02656165073434,2025.56921035569,2025.58000626446,NA,Central,Central
1016,1017,0.0589019412211589,-115.436557970748,39.3117817948571,-116.232424001675,37.7558768787315,1.03764961541978,0.978747674198625,2025.52139637916,2025.58029832038,NA,Central,Central
1114,1115,0.0110877584029343,-102.746420366401,34.462784257309,-102.731729640293,34.4217624101399,1.0379079047358,1.02682014633287,2025.56946885129,2025.58055660969,NA,Mississippi,Mississippi
1032,1033,0.0637913271495101,-119.330664819804,36.0562266301754,-114.89606198938,42.1392424107744,1.03855514989694,0.974763822747429,2025.51741252771,2025.58120385486,NA,Central,Pacific
1076,1077,0.0100529166235703,-105.086143299684,37.6975686283198,-105.407910398987,36.8564443599604,1.03874149575278,1.02868857912921,2025.57133728409,2025.58139020071,NA,Central,Central
980,985,0.0766084984949083,-118.980651466175,48.6658664644209,-119.000094944181,40.224412715841,1.03913933369376,0.962530835198847,2025.50517954016,2025.58178803865,NA,Central,Mississippi
1114,1116,0.0128313190938139,-102.746420366401,34.462784257309,-102.660318240934,34.3679183771236,1.03965146542668,1.02682014633287,2025.56946885129,2025.58230017039,NA,Mississippi,Mississippi
979,987,0.0794498718267626,-118.755399316613,48.4609162310083,-119.036055514103,47.6623736582875,1.04002170139091,0.960571829564146,2025.50322053452,2025.58267040635,NA,Central,Central
878,879,0.0719663672682096,-74.3188535933638,41.7368603332939,-72.3930016249613,42.3721587619183,1.04032199616346,0.968355628895255,2025.51100433385,2025.58297070112,NA,Atlantic,Atlantic
875,876,0.0807618096563474,-78.8165834403299,40.8539685452045,-79.5940047958158,39.2220910164612,1.0409218213548,0.960160011698452,2025.50280871666,2025.58357052631,NA,Atlantic,Atlantic
1017,1018,0.00383794451303943,-116.232424001675,37.7558768787315,-117.005060994165,37.6810388404817,1.04148755993282,1.03764961541978,2025.58029832038,2025.58413626489,NA,Central,Central
1116,1117,0.00221895360393631,-102.660318240934,34.3679183771236,-102.724636635501,33.8724805591143,1.04187041903062,1.03965146542668,2025.58230017039,2025.58451912399,NA,Mississippi,Mississippi
1084,1085,0.0187866124295069,-114.405870537651,35.9721898067896,-114.703093836166,36.3951762379765,1.04292460346609,1.02413799103659,2025.566786696,2025.58557330842,NA,Mississippi,Mississippi
1085,1088,0.000165856614660065,-114.703093836166,36.3951762379765,-114.819319350466,36.4554551275281,1.04309046008075,1.04292460346609,2025.58557330842,2025.58573916504,NA,Mississippi,Mississippi
1315,1317,0.0103575535430058,-78.3774973598421,40.9548924121463,-78.469540567404,40.3256512962061,1.04374145538621,1.0333839018432,2025.5760326068,2025.58639016034,NA,Atlantic,Atlantic
1018,1022,0.00239888104998442,-117.005060994165,37.6810388404817,-116.722772256835,39.2938293150661,1.04388644098281,1.04148755993282,2025.58413626489,2025.58653514594,NA,Central,Central
973,974,0.0686931526352603,-104.853299314611,43.8706882862991,-98.0674920651223,48.2460605408152,1.04479492941334,0.976101776778082,2025.51875048174,2025.58744363437,NA,Mississippi,Atlantic
1018,1019,0.00351748980053634,-117.005060994165,37.6810388404817,-116.790446618355,38.0110542643037,1.04500504973336,1.04148755993282,2025.58413626489,2025.58765375469,NA,Central,Central
985,986,0.00753896377461283,-119.000094944181,40.224412715841,-118.629070363729,37.692855310786,1.04667829746837,1.03913933369376,2025.58178803865,2025.58932700243,NA,Mississippi,Mississippi
1317,1318,0.00310936076637347,-78.469540567404,40.3256512962061,-78.9418472883613,37.1200739291586,1.04685081615258,1.04374145538621,2025.58639016034,2025.58949952111,NA,Atlantic,Atlantic
1116,1120,0.00762223756977676,-102.660318240934,34.3679183771236,-99.2811991707977,33.8260227364825,1.04727370299646,1.03965146542668,2025.58230017039,2025.58992240795,NA,Mississippi,Mississippi
1019,1020,0.00236987461984639,-116.790446618355,38.0110542643037,-115.595706569906,38.8269025011218,1.04737492435321,1.04500504973336,2025.58765375469,2025.59002362931,NA,Central,Central
1011,1013,0.0190279232676509,-111.919130290269,39.6446395613696,-111.620509620994,41.3383237981165,1.04831155066498,1.02928362739733,2025.57193233236,2025.59096025562,NA,Pacific,Pacific
1120,1121,0.00129569039205224,-99.2811991707977,33.8260227364825,-99.0275430125515,33.9735403192699,1.04856939338851,1.04727370299646,2025.58992240795,2025.59121809835,NA,Mississippi,Mississippi
1103,1104,0.0836924725447994,-109.207023937937,34.3510412342675,-105.65525764575,36.448107080935,1.04892391280438,0.965231440259582,2025.50788014522,2025.59157261776,NA,Mississippi,Central
1022,1026,0.00547689571038057,-116.722772256835,39.2938293150661,-116.243036465796,39.5856060212545,1.04936333669319,1.04388644098281,2025.58653514594,2025.59201204165,NA,Central,Central
1106,1107,0.0455557834817069,-107.822709597151,33.505537929529,-109.671885382659,32.9642826603959,1.04940531899374,1.00384953551203,2025.54649824047,2025.59205402395,NA,Mississippi,Mississippi
1104,1105,0.000521922939449304,-105.65525764575,36.448107080935,-105.448645054479,36.537645659912,1.04944583574383,1.04892391280438,2025.59157261776,2025.5920945407,NA,Central,Central
1088,1090,0.00672602102373876,-114.819319350466,36.4554551275281,-115.707171853959,36.2135412703247,1.04981648110449,1.04309046008075,2025.58573916504,2025.59246518606,NA,Mississippi,Mississippi
1022,1023,0.00698572725308155,-116.722772256835,39.2938293150661,-116.878617041882,39.2167253550633,1.05087216823589,1.04388644098281,2025.58653514594,2025.59352087319,NA,Central,Central
1048,1049,0.0153627647299601,-113.142653861401,40.1280789972769,-117.468752146291,43.8031728964772,1.05118646161381,1.03582369688385,2025.57847240184,2025.59383516657,NA,Central,Central
1011,1012,0.0223909813415912,-111.919130290269,39.6446395613696,-109.4833151275,40.1356518266443,1.05167460873892,1.02928362739733,2025.57193233236,2025.5943233137,NA,Pacific,Central
1054,1056,0.0585396419017661,-107.248398846447,42.248519393215,-106.743995965758,41.7347171929666,1.05193834816941,0.993398706267647,2025.53604741123,2025.59458705313,NA,Pacific,Pacific
981,982,0.0884179461013213,-121.274634823564,48.3593037334322,-119.402974667974,46.8486321763426,1.05230344775537,0.963885501654051,2025.50653420661,2025.59495215271,NA,Central,Central
1121,1122,0.00400273122387684,-99.0275430125515,33.9735403192699,-98.9521812257022,33.8622635559246,1.05257212461239,1.04856939338851,2025.59121809835,2025.59522082957,NA,Mississippi,Mississippi
965,966,0.0788530666627811,-115.343923528517,41.271138727121,-115.68025871691,41.9522160783142,1.05299408575916,0.974141019096382,2025.51678972405,2025.59564279072,NA,Pacific,Pacific
1090,1091,0.00329639998058906,-115.707171853959,36.2135412703247,-116.248384044917,34.7722199808796,1.05311288108508,1.04981648110449,2025.59246518606,2025.59576158604,NA,Mississippi,Mississippi
1013,1014,0.00502305934009462,-111.620509620994,41.3383237981165,-111.833389931724,41.4376903857032,1.05333461000508,1.04831155066498,2025.59096025562,2025.59598331496,NA,Pacific,Pacific
830,831,0.158187982974877,-99.0491581965472,39.9439407621218,-99.0033170674678,42.6770181581073,1.05373131951329,0.895543336538414,2025.4381920415,2025.59638002447,NA,Atlantic,Mississippi
1009,1010,0.027541722061091,-111.589822921696,39.2267662731473,-103.8719583663,44.3409117378843,1.05471203240737,1.02717031034628,2025.5698190153,2025.59736073737,NA,Pacific,Pacific
1088,1089,0.0117016733055202,-114.819319350466,36.4554551275281,-112.30944138257,41.6768924193974,1.05479213338627,1.04309046008075,2025.58573916504,2025.59744083834,NA,Mississippi,Mississippi
1106,1108,0.0510862372671883,-107.822709597151,33.505537929529,-108.510511243086,34.4223877037105,1.05493577277922,1.00384953551203,2025.54649824047,2025.59758447774,NA,Mississippi,Mississippi
987,988,0.0153306806423483,-119.036055514103,47.6623736582875,-118.510364397802,45.041638119075,1.05535238203326,1.04002170139091,2025.58267040635,2025.59800108699,NA,Central,Central
1045,1046,0.0555358387719911,-119.504238971683,36.006124727396,-116.33616922853,37.9507100034978,1.05748484532613,1.00194900655414,2025.54459771151,2025.60013355028,NA,Central,Central
1020,1021,0.0104553395454203,-115.595706569906,38.8269025011218,-115.509935085385,39.4575573815245,1.05783026389863,1.04737492435321,2025.59002362931,2025.60047896886,NA,Central,Central
1023,1025,0.00703613278566517,-116.878617041882,39.2167253550633,-120.189382250454,35.1177632395632,1.05790830102155,1.05087216823589,2025.59352087319,2025.60055700598,NA,Central,Mississippi
1293,1294,0.0913617652749856,-108.014636113067,35.772949421908,-108.80502935941,34.2587343875943,1.05843663615335,0.967074870878365,2025.50972357584,2025.60108534111,NA,Mississippi,Mississippi
1085,1086,0.015830711832705,-114.703093836166,36.3951762379765,-115.240593572846,36.6939871581511,1.0587553152988,1.04292460346609,2025.58557330842,2025.60140402026,NA,Mississippi,Mississippi
879,880,0.0201477830896544,-72.3930016249613,42.3721587619183,-72.5062614047642,43.3434772279128,1.06046977925312,1.04032199616346,2025.58297070112,2025.60311848421,NA,Atlantic,Atlantic
1108,1109,0.0151207144802514,-108.510511243086,34.4223877037105,-111.719976306502,35.3934865067842,1.07005648725947,1.05493577277922,2025.59758447774,2025.61270519222,NA,Mississippi,Mississippi
1084,1092,0.0467155358213582,-114.405870537651,35.9721898067896,-114.301881158631,35.7868486351993,1.07085352685795,1.02413799103659,2025.566786696,2025.61350223182,NA,Mississippi,Mississippi
982,983,0.018707226476814,-119.402974667974,46.8486321763426,-122.166928125468,42.2960454502376,1.07101067423219,1.05230344775537,2025.59495215271,2025.61365937919,NA,Central,Mississippi
876,310,0.0301281038236725,-79.5940047958158,39.2220910164612,-79.0165083644438,41.8518815676499,1.07104992517847,1.0409218213548,2025.58357052631,2025.61369863014,SRR35319489|A/Black_Vulture/PA/25-023113-001-original/2025|H5N1|USA-PA|Unknown|2025-08-13|wild_avian|D1.1,Atlantic,Atlantic
802,6,0.842350040787948,-123.927191645746,40.5376466535204,-123.169726578394,40.5017448912402,1.07378965120583,0.231439610417882,2024.77408831538,2025.61643835616,SRR35949988|A/duck_mallard/ID/25-023507-024/2025|H5N1|USA-ID|Cassia|2025-08-14|wild_avian|D1.1,Pacific,Pacific
893,294,0.076408768548079,-86.0809468559901,36.7439952756878,-86.1523632409779,36.6508131823868,1.07378965120583,0.997380882657751,2025.54002958762,2025.61643835616,SRR35949967|A/Black_Vulture/NC/25-023724-001-original/2025|H5N1|USA-NC|Unknown|2025-08-14|wild_avian|D1.1,Atlantic,Atlantic
1120,1124,0.0265864624401062,-99.2811991707977,33.8260227364825,-99.0813076496416,35.1376807285555,1.07386016543656,1.04727370299646,2025.58992240795,2025.61650887039,NA,Mississippi,Mississippi
1046,1047,0.0208040297035315,-116.33616922853,37.9507100034978,-115.502967091985,38.25113907682,1.07828887502966,1.05748484532613,2025.60013355028,2025.62093757999,NA,Central,Central
1117,1118,0.0399385504647105,-102.724636635501,33.8724805591143,-104.617293407124,39.2772356567348,1.08180896949533,1.04187041903062,2025.58451912399,2025.62445767445,NA,Mississippi,Mississippi
1315,1316,0.0507407689895136,-78.3774973598421,40.9548924121463,-78.1914407290909,37.9393260248712,1.08412467083272,1.0333839018432,2025.5760326068,2025.62677337579,NA,Atlantic,Atlantic
974,975,0.0398817416189021,-98.0674920651223,48.2460605408152,-99.557286078909,47.6064187191575,1.08467667103224,1.04479492941334,2025.58744363437,2025.62732537599,NA,Atlantic,Atlantic
1306,190,0.303242091050044,-74.8477807756394,43.1762272860756,-73.2362151684876,43.9226502793243,1.08474855531549,0.781506464265443,2025.32415516922,2025.62739726027,SRR35950029|A/Bald_Eagle/NY/25-023581-001-original/2025|H5N1|USA-NY|Unknown|2025-08-18|wild_avian|D1.1,Atlantic,Atlantic
879,314,0.0471662851793797,-72.3930016249613,42.3721587619183,-72.2131660588475,41.0322751094052,1.08748828134284,1.04032199616346,2025.58297070112,2025.6301369863,SRR35949975|A/Black_Vulture/NJ/25-023587-003-original/2025|H5N1|USA-NJ|Unknown|2025-08-19|wild_avian|D1.1,Atlantic,Atlantic
880,313,0.0270185020897253,-72.5062614047642,43.3434772279128,-72.4500384802686,43.3237509485716,1.08748828134284,1.06046977925312,2025.60311848421,2025.6301369863,SRR35950028|A/Black_Vulture/NJ/25-023587-001-original/2025|H5N1|USA-NJ|Unknown|2025-08-19|wild_avian|D1.1,Atlantic,Atlantic
1122,1123,0.0359435892362532,-98.9521812257022,33.8622635559246,-98.5458598013281,34.6565062503143,1.08851571384864,1.05257212461239,2025.59522082957,2025.63116441881,NA,Mississippi,Mississippi
1026,1027,0.0423701821580813,-116.243036465796,39.5856060212545,-119.906592235612,40.3546697364378,1.09173351885127,1.04936333669319,2025.59201204165,2025.63438222381,NA,Central,Mississippi
1086,1087,0.0337745581292503,-115.240593572846,36.6939871581511,-115.818108946757,36.3925739540471,1.09252987342805,1.0587553152988,2025.60140402026,2025.63517857839,NA,Mississippi,Mississippi
1318,194,0.0461169172452056,-78.9418472883613,37.1200739291586,-79.0993581478522,37.4093845172112,1.09296773339779,1.04685081615258,2025.58949952111,2025.63561643836,SRR35318191|A/chicken/NY/25-023583-002-original/2025|H5N1|USA-NY|Unknown|2025-08-21|domestic_avian|D1.1,Atlantic,Atlantic
1291,1292,0.141055106655722,-110.060819886412,37.0526228134596,-109.364090308267,38.0497538264833,1.09664891755579,0.955593810900069,2025.49824251586,2025.63929762251,NA,Mississippi,Mississippi
880,881,0.0371665461408976,-72.5062614047642,43.3434772279128,-72.8777322583287,44.1938881006672,1.09763632539402,1.06046977925312,2025.60311848421,2025.64028503035,NA,Atlantic,Atlantic
1054,1055,0.104580399372115,-107.248398846447,42.248519393215,-109.039223392475,43.0652700586556,1.09797910563976,0.993398706267647,2025.53604741123,2025.6406278106,NA,Pacific,Pacific
988,989,0.0505583773889484,-118.510364397802,45.041638119075,-117.825484245071,47.9591624193245,1.10591075942221,1.05535238203326,2025.59800108699,2025.64855946438,NA,Central,Central
1091,356,0.0535534824497186,-116.248384044917,34.7722199808796,-116.395665159755,45.6551968134499,1.1066663635348,1.05311288108508,2025.59576158604,2025.64931506849,SRR35318189|A/Turkey/SD/25-023747-001-original/2025|H5N1|USA-SD|Unknown|2025-08-26|domestic_avian|D1.1,Mississippi,Central
1124,1125,0.0347783376077304,-99.0813076496416,35.1376807285555,-96.8126880520004,36.3587413025145,1.10863850304429,1.07386016543656,2025.61650887039,2025.651287208,NA,Mississippi,Mississippi
831,535,0.0611542221035819,-99.0033170674678,42.6770181581073,-102.642756360489,40.0382018396279,1.11488554161687,1.05373131951329,2025.59638002447,2025.65753424658,SRR35949432|A/chicken/GA/25-024057-002-original/2025|H5N1|USA-GA|Unknown|2025-08-29|domestic_avian|D1.1,Mississippi,Atlantic
1101,379,0.173999495460011,-109.346325278349,36.3715755307208,-117.380642742546,33.8167745884732,1.11762526764423,0.943625772184219,2025.48627447714,2025.6602739726,SRR35949426|A/Domestic_Grower/Meat-type_Turkey/ND/25-024186-001-original/2025|H5N1|USA-ND|Unknown|2025-08-30|domestic_avian|D1.1,Mississippi,Central
1107,373,0.0709596746778463,-109.671885382659,32.9642826603959,-108.064506783137,31.9951098574251,1.12036499367159,1.04940531899374,2025.59205402395,2025.66301369863,SRR35949424|A/Domestic_Grower/Meat-type_Turkey/SD/25-024189-001-original/2025|H5N1|USA-SD|Unknown|2025-08-31|domestic_avian|D1.1,Mississippi,Central
983,984,0.0503420486799031,-122.166928125468,42.2960454502376,-121.22483327126,43.4604843920555,1.12135272291209,1.07101067423219,2025.61365937919,2025.66400142787,NA,Mississippi,Mississippi
1093,1094,0.186171461263831,-112.097677726746,37.57443314627,-99.8235845455479,43.0436435271456,1.12198873620745,0.935817274943619,2025.4784659799,2025.66463744117,NA,Mississippi,Central
1096,1097,0.159652118147036,-116.5256493924,35.4894609968825,-116.756473497319,37.6906228936567,1.12486675367849,0.965214635531459,2025.50786334049,2025.66751545864,NA,Mississippi,Atlantic
1112,369,0.19161060778142,-109.275145293169,36.4402497435912,-96.7431938940244,46.9650168238498,1.12584444572653,0.93423383794511,2025.4768825429,2025.66849315068,SRR36211907|A/Canada_Goose/UT/25-024323-001-original/2025|H5N1|USA-UT|Unknown|2025-09-02|wild_avian|D1.1,Mississippi,Pacific
966,967,0.0752465939170937,-115.68025871691,41.9522160783142,-115.536351862419,40.0429348943228,1.12824067967626,1.05299408575916,2025.59564279072,2025.67088938463,NA,Pacific,Pacific
1052,419,0.180058128261881,-108.498885963864,43.4052746566796,-107.032917467412,45.3670193778337,1.13132389778124,0.951265769519364,2025.49391447448,2025.67397260274,SRR35705730|A/Mallard_Duck/ID/25-024960-007-original/2025|H5N1|USA-ID|Unknown|2025-09-04|wild_avian|D1.1,Pacific,Pacific
1080,1081,0.164079542042029,-110.182426224239,34.1004695083197,-113.335792390061,35.2610919165807,1.13365005251726,0.969570510475236,2025.51221921543,2025.67629875748,NA,Mississippi,Mississippi
1103,367,0.16883218354902,-109.207023937937,34.3510412342675,-114.297411647635,35.5885954827337,1.1340636238086,0.965231440259582,2025.50788014522,2025.67671232877,SRR35705007|A/Turkey/SD/25-024863-004-original/2025|H5N1|USA-SD|Unknown|2025-09-05|domestic_avian|D1.1,Mississippi,Central
890,298,0.182101262969139,-80.9484259600786,35.752893369069,-80.5625995347607,35.6265842771037,1.13680334983596,0.95470208686682,2025.49735079183,2025.67945205479,SRR35705677|A/Black_Vulture/NC/25-025013-001-original/2025|H5N1|USA-NC|Unknown|2025-09-06|wild_avian|D1.1,Atlantic,Atlantic
1105,371,0.0873575140921288,-105.448645054479,36.537645659912,-99.8231827744185,31.4090372249292,1.13680334983596,1.04944583574383,2025.5920945407,2025.67945205479,SRR35705728|A/blue-winged_Teal/IL/25-025061-004-original/2025|H5N1|USA-IL|Unknown|2025-09-06|wild_avian|D1.1,Central,Mississippi
1118,1119,0.0553937522361017,-104.617293407124,39.2772356567348,-104.41777726349,38.4475963789673,1.13720272173143,1.08180896949533,2025.62445767445,2025.67985142669,NA,Mississippi,Mississippi
975,976,0.052572357643919,-99.557286078909,47.6064187191575,-100.089564837734,45.5329808811173,1.13724902867616,1.08467667103224,2025.62732537599,2025.67989773363,NA,Atlantic,Atlantic
1023,1024,0.0880333540709641,-116.878617041882,39.2167253550633,-118.071555541226,35.9570072568525,1.13890552230685,1.05087216823589,2025.59352087319,2025.68155422727,NA,Central,Central
1115,382,0.101635171127743,-102.731729640293,34.4217624101399,-92.40870220223,36.4548898388271,1.13954307586354,1.0379079047358,2025.58055660969,2025.68219178082,SRR35586405|A/Turkey/SD/25-024550-002-original/2025|H5N1|USA-SD|Unknown|2025-09-07|domestic_avian|D1.1,Mississippi,Central
877,318,0.228332803775614,-73.9080852239468,41.577011152807,-75.5658446164644,44.0239967322582,1.1422828018909,0.913949998115287,2025.45659870307,2025.68493150685,SRR36212204|A/Black_Vulture/PA/25-025223-001-original/2025|H5N1|USA-PA|Unknown|2025-09-08|wild_avian|D1.1,Atlantic,Atlantic
1094,350,0.0230337917108088,-99.8235845455479,43.0436435271456,-99.2191291856549,43.076479857043,1.14502252791826,1.12198873620745,2025.66463744117,2025.68767123288,SRR36212521|A/Mallard_Duck/CO/25-025267-001-original/2025|H5N1|USA-CO|Unknown|2025-09-09|wild_avian|D1.1,Central,Central
751,61,0.604391141286452,-77.5179628423992,42.1981835137476,-78.0062291811526,41.0041216114328,1.14776225394562,0.543371112659164,2025.08601981762,2025.6904109589,SRR35705785|A/Vulture/MD/25-024862-001-original/2025|H5N1|USA-MD|Unknown|2025-09-10|wild_avian|D1.1,Atlantic,Atlantic
1112,368,0.213528416000506,-109.275145293169,36.4402497435912,-101.018418412326,30.9482641868185,1.14776225394562,0.93423383794511,2025.4768825429,2025.6904109589,SRR35705788|A/Swainson_s_Hawk/ND/25-024871-001-original/2025|H5N1|USA-ND|Unknown|2025-09-10|other|D1.1,Mississippi,Central
981,442,0.186616478318922,-121.274634823564,48.3593037334322,-107.244997266953,42.1749413506983,1.15050197997297,0.963885501654051,2025.50653420661,2025.69315068493,SRR36212532|A/Mallard_Duck/WY/25-025186-001-original/2025|H5N1|USA-WY|Unknown|2025-09-11|wild_avian|D1.1,Central,Central
881,316,0.052865654578957,-72.8777322583287,44.1938881006672,-72.8739948301685,44.1840516878781,1.15050197997297,1.09763632539402,2025.64028503035,2025.69315068493,SRR36212060|A/Black_Vulture/NJ/25-025220-002-original/2025|H5N1|USA-NJ|Unknown|2025-09-11|wild_avian|D1.1,Atlantic,Atlantic
881,315,0.052865654578957,-72.8777322583287,44.1938881006672,-72.9676989054607,43.7709627465511,1.15050197997297,1.09763632539402,2025.64028503035,2025.69315068493,SRR36212431|A/Black_Vulture/NJ/25-025220-003-original/2025|H5N1|USA-NJ|Unknown|2025-09-11|wild_avian|D1.1,Atlantic,Atlantic
1124,385,0.0793815405639946,-99.0813076496416,35.1376807285555,-105.814657973366,45.8605179199669,1.15324170600056,1.07386016543656,2025.61650887039,2025.69589041096,SRR36211905|A/Canada_Goose/ND/25-025249-001-original/2025|H5N1|USA-ND|Unknown|2025-09-12|wild_avian|D1.1,Mississippi,Central
1076,351,0.12729285289871,-105.086143299684,37.6975686283198,-104.100280555182,38.1445435947577,1.15598143202792,1.02868857912921,2025.57133728409,2025.69863013699,SRR36211787|A/blue_winged_teal/KS/25-025843-026/2025|H5N1|USA-KS|Barton|2025-09-13|wild_avian|D1.1,Central,Central
1077,352,0.117239936275139,-105.407910398987,36.8564443599604,-107.423040867892,36.8471017909039,1.15598143202792,1.03874149575278,2025.58139020071,2025.69863013699,SRR36211782|A/blue_winged_teal/KS/25-025843-038/2025|H5N1|USA-KS|Barton|2025-09-13|wild_avian|D1.1,Central,Central
1090,357,0.111644402978138,-115.707171853959,36.2135412703247,-114.975250771766,35.0025699307614,1.16146088408263,1.04981648110449,2025.59246518606,2025.70410958904,SRR36212111|A/mallard_duck/MN/25-025867-005/2025|H5N1|USA-MN|Scott|2025-09-15|wild_avian|D1.1,Mississippi,Mississippi
993,994,0.124223330435043,-122.88453460768,41.7162337221709,-116.747080418477,32.8992619251676,1.16158088993498,1.03735755949994,2025.58000626446,2025.70422959489,NA,Central,Mississippi
1049,461,0.113014148496177,-117.468752146291,43.8031728964772,-104.041053679577,41.4975485172808,1.16420061010999,1.05118646161381,2025.59383516657,2025.70684931507,SRR36211763|A/Gadwell/NV/25G01828-004-original/2025|H5N1|USA-NV|Unknown|2025-09-16|wild_avian|D1.1,Central,Pacific
1091,355,0.111087729024906,-116.248384044917,34.7722199808796,-117.230932149804,33.1939488842456,1.16420061010999,1.05311288108508,2025.59576158604,2025.70684931507,SRR36211924|A/Red-tailed_Hawk/IA/25-025278-001-original/2025|H5N1|USA-IA|Unknown|2025-09-16|wild_avian|D1.1,Mississippi,Mississippi
1316,197,0.080075939277273,-78.1914407290909,37.9393260248712,-78.1427562022794,37.7698676028915,1.16420061010999,1.08412467083272,2025.62677337579,2025.70684931507,SRR36212518|A/Mallard_Duck/NH/25-025612-017-original-repeat2/2025|H5N1|USA-NH|Unknown|2025-09-16|wild_avian|D1.1,Atlantic,Atlantic
1030,474,0.159532407763892,-114.083058429101,32.820301467671,-114.800564197996,35.7614767692594,1.16694033613734,1.00740792837345,2025.55005663333,2025.7095890411,SRR36212466|A/Great_horned_Owl/MT/25-025599-001-original/2025|H5N1|USA-MT|Unknown|2025-09-17|wild_avian|D1.1,Pacific,Pacific
1086,362,0.110924746866131,-115.240593572846,36.6939871581511,-102.025583614402,41.7450811252931,1.16968006216493,1.0587553152988,2025.60140402026,2025.71232876712,SRR36211892|A/Mallard_Duck/OH/25-025982-002-original/2025|H5N1|USA-OH|Unknown|2025-09-18|wild_avian|D1.1,Mississippi,Mississippi
1119,383,0.0324773404335008,-104.41777726349,38.4475963789673,-103.766220275642,38.8125904251795,1.16968006216493,1.13720272173143,2025.67985142669,2025.71232876712,SRR36212068|A/wood_duck/MI/25-025965-014/2025|H5N1|USA-MI|Saginaw|2025-09-18|wild_avian|D1.1,Mississippi,Mississippi
1109,1110,0.102783188126851,-111.719976306502,35.3934865067842,-108.170167185278,32.1002275361033,1.17283967538633,1.07005648725947,2025.61270519222,2025.71548838034,NA,Mississippi,Mississippi
1291,151,0.22504515537429,-110.060819886412,37.0526228134596,-110.127757838953,36.7822304770678,1.18063896627436,0.955593810900069,2025.49824251586,2025.72328767123,SRR36211881|A/Black_Vulture/OH/25-026070-003-original/2025|H5N1|USA-OH|Unknown|2025-09-22|wild_avian|D1.1,Mississippi,Mississippi
1098,366,0.203567267122909,-113.346305140301,33.1874978213962,-112.087905562253,43.0345395709452,1.18063896627436,0.977071699151451,2025.51972040411,2025.72328767123,SRR36211605|A/American_blue-winged_Teal/LA/25G01386-003-original/2025|H5N1|USA-LA|Unknown|2025-09-22|wild_avian|D1.1,Atlantic,Mississippi
987,438,0.140617264883451,-119.036055514103,47.6623736582875,-93.6786615580234,40.9230174917247,1.18063896627436,1.04002170139091,2025.58267040635,2025.72328767123,SRR36212227|A/Great_horned_Owl/WA/25G01455-001-original/2025|H5N1|USA-WA|Unknown|2025-09-22|wild_avian|D1.1,Central,Pacific
1312,199,0.25655931461821,-71.853878201715,42.9162946652715,-71.8547008187049,42.9161723333044,1.18337869230172,0.926819377683507,2025.46946808264,2025.72602739726,SRR36211866|A/wood_duck/NY/25-026198-009/2025|H5N1|USA-NY|Monroe|2025-09-23|wild_avian|D1.1,Atlantic,Atlantic
1119,384,0.0461759705702878,-104.41777726349,38.4475963789673,-103.448797540496,38.3667402831903,1.18337869230172,1.13720272173143,2025.67985142669,2025.72602739726,SRR36211854|A/wood_duck/MI/25G01274-008/2025|H5N1|USA-MI|Saginaw|2025-09-23|wild_avian|D1.1,Mississippi,Mississippi
1098,341,0.209046719177851,-113.346305140301,33.1874978213962,-114.110890883378,38.5148812163981,1.1861184183293,0.977071699151451,2025.51972040411,2025.72876712329,SRR36212429|A/blue-winged_Teal/FL/25-026196-001-original/2025|H5N1|USA-FL|Unknown|2025-09-24|wild_avian|D1.1,Atlantic,Atlantic
985,432,0.146979084635546,-119.000094944181,40.224412715841,-101.302836984939,31.1792944357075,1.1861184183293,1.03913933369376,2025.58178803865,2025.72876712329,SRR36406419|A/american_green_winged_teal/NY/25G02842-011/2025|H5N1|USA-NY|Jefferson|2025-09-24|wild_avian|D1.1,Mississippi,Atlantic
1056,416,0.134180070159888,-106.743995965758,41.7347171929666,-105.365210541156,43.5700532494843,1.1861184183293,1.05193834816941,2025.59458705313,2025.72876712329,SRR36212382|A/wild_goose/WA/25G01700-001-original/2025|H5N1|USA-WA|Unknown|2025-09-24|wild_avian|D1.1,Pacific,Pacific
1092,361,0.115264891471356,-114.301881158631,35.7868486351993,-114.68825204162,41.688147277451,1.1861184183293,1.07085352685795,2025.61350223182,2025.72876712329,SRR36212149|A/Mallard_Duck/WI/25G02258-001-original/2025|H5N1|USA-WI|Unknown|2025-09-24|wild_avian|D1.1,Mississippi,Mississippi
1292,153,0.0894695007735107,-109.364090308267,38.0497538264833,-109.303959176496,38.0856723479941,1.1861184183293,1.09664891755579,2025.63929762251,2025.72876712329,SRR36212441|A/Black_Vulture/IN/25G01314-001-original/2025|H5N1|USA-IN|Unknown|2025-09-24|wild_avian|D1.1,Mississippi,Mississippi
1042,1043,0.164991373179866,-118.43554870257,35.0172531431762,-112.616477355031,33.6103785808054,1.18710924158802,1.02211786840816,2025.56476657337,2025.72975794655,NA,Central,Pacific
1089,360,0.134066010970385,-112.30944138257,41.6768924193974,-113.704162479525,39.8809777016621,1.18885814435666,1.05479213338627,2025.59744083834,2025.73150684932,SRR36212424|A/Canada_Goose/IL/25-026184-001-original/2025|H5N1|USA-IL|Unknown|2025-09-25|wild_avian|D1.1,Mississippi,Mississippi
1294,156,0.130421508203308,-108.80502935941,34.2587343875943,-108.627045348597,35.0877545267618,1.18885814435666,1.05843663615335,2025.60108534111,2025.73150684932,SRR36212433|A/Black_Vulture/KY/25G01831-001-original/2025|H5N1|USA-KY|Unknown|2025-09-25|wild_avian|D1.1,Mississippi,Mississippi
875,312,0.231437858685564,-78.8165834403299,40.8539685452045,-80.2628955918102,38.634417028414,1.19159787038402,0.960160011698452,2025.50280871666,2025.73424657534,SRR36203399|A/Black_Vulture/MD/25-026167-001-original/2025|H5N1|USA-MD|Unknown|2025-09-26|wild_avian|D1.1,Atlantic,Atlantic
1160,649,0.0659493263931141,-80.7737929459618,39.5205485945496,-80.658830514264,39.2187900410724,1.19159787038402,1.1256485439909,2025.66829724895,2025.73424657534,SRR36212435|A/Black_Vulture/WV/25G01830-002-original/2025|H5N1|USA-WV|Unknown|2025-09-26|wild_avian|D1.1,Atlantic,Atlantic
976,977,0.0558076191323154,-100.089564837734,45.5329808811173,-98.781932533955,46.0087294137236,1.19305664780848,1.13724902867616,2025.67989773363,2025.73570535277,NA,Atlantic,Atlantic
1010,462,0.139625564004003,-103.8719583663,44.3409117378843,-102.506218352594,48.0295150668865,1.19433759641137,1.05471203240737,2025.59736073737,2025.73698630137,SRR36211600|A/American_blue-winged_Teal/OR/25G01565-017-original/2025|H5N1|USA-OR|Unknown|2025-09-27|wild_avian|D1.1,Pacific,Pacific
1078,348,0.245765670500502,-111.532118211373,35.0871580082612,-99.0698758996725,28.704156923261,1.19981704846632,0.954051377965814,2025.49670008292,2025.74246575342,SRR36211769|A/Canada_Goose/WY/25G01869-001-original/2025|H5N1|USA-WY|Unknown|2025-09-29|wild_avian|D1.1,Mississippi,Central
1055,413,0.101837942826554,-109.039223392475,43.0652700586556,-115.137087261985,46.6963158974215,1.19981704846632,1.09797910563976,2025.6406278106,2025.74246575342,SRR36163011|A/chicken/MT/25-026086-002-original/2025|H5N1|USA-MT|Unknown|2025-09-29|domestic_avian|D1.1,Pacific,Central
1125,387,0.091178545422022,-96.8126880520004,36.3587413025145,-95.9157254713407,29.5026958196661,1.19981704846632,1.10863850304429,2025.651287208,2025.74246575342,SRR36212318|A/canada_goose/MN/25G01920-001/2025|H5N1|USA-MN|Otter_Tail|2025-09-29|wild_avian|D1.1,Mississippi,Mississippi
991,446,0.234845723745896,-120.504291268003,45.8358010495431,-116.049485442762,35.4646674737761,1.20255677449367,0.967711050747777,2025.51035975571,2025.74520547945,SRR36212241|A/Canada_Goose/AZ/25G01642-001-original/2025|H5N1|USA-AZ|Unknown|2025-09-30|wild_avian|D1.1,Central,Pacific
1108,375,0.147621001714451,-108.510511243086,34.4223877037105,-116.653938641128,34.5255898688299,1.20255677449367,1.05493577277922,2025.59758447774,2025.74520547945,SRR36212386|A/wild_duck/TX/25G01488-001-original/2025|H5N1|USA-TX|Unknown|2025-09-30|wild_avian|D1.1,Mississippi,Central
1081,343,0.0689067219764088,-113.335792390061,35.2610919165807,-119.01671689428,39.038872277437,1.20255677449367,1.13365005251726,2025.67629875748,2025.74520547945,SRR36163013|A/chicken/WI/25-026290-001-original/2025|H5N1|USA-WI|Unknown|2025-09-30|domestic_avian|D1.1,Mississippi,Mississippi
1012,464,0.153621891782109,-109.4833151275,40.1356518266443,-113.972041433243,41.2435669289076,1.20529650052103,1.05167460873892,2025.5943233137,2025.74794520548,SRR36212238|A/Canada_Goose/MT/25G01677-001-original/2025|H5N1|USA-MT|Unknown|2025-10-01|wild_avian|D1.1,Central,Pacific
1294,155,0.14685986436768,-108.80502935941,34.2587343875943,-108.489435016937,35.1808197145458,1.20529650052103,1.05843663615335,2025.60108534111,2025.74794520548,SRR36209119|A/black_vulture/IN/25G01855-003/2025|H5N1|USA-IN|Franklin|2025-10-01|wild_avian|D1.1,Mississippi,Mississippi
892,296,0.254560890340674,-81.3808978217378,31.4677946189036,-83.1239792025926,38.5394863295121,1.21077595257575,0.956215062235071,2025.49886376719,2025.75342465753,SRR36162690|A/chicken/NC/25G01772-001-original/2025|H5N1|USA-NC|Unknown|2025-10-03|domestic_avian|D1.1,Mississippi,Atlantic
1082,354,0.198304221146049,-113.952190242293,37.5887867985833,-111.93898219887,33.4902239327023,1.21077595257575,1.0124717314297,2025.55512043639,2025.75342465753,SRR36212006|A/mallard_duck/MI/25G01983-007/2025|H5N1|USA-MI|Washtenaw|2025-10-03|wild_avian|D1.1,Mississippi,Mississippi
1110,376,0.0379362771894205,-108.170167185278,32.1002275361033,-106.991003830969,32.2659163610097,1.21077595257575,1.17283967538633,2025.71548838034,2025.75342465753,SRR36162674|A/Domestic_Duck/IL/25G03338-009-original/2025|H5N1|USA-IL|Unknown|2025-10-03|domestic_avian|D1.1,Mississippi,Mississippi
1110,377,0.0379362771894205,-108.170167185278,32.1002275361033,-109.05245849795,32.8064957518686,1.21077595257575,1.17283967538633,2025.71548838034,2025.75342465753,SRR36162678|A/chicken/IL/25G03338-005-original/2025|H5N1|USA-IL|Unknown|2025-10-03|domestic_avian|D1.1,Mississippi,Mississippi
1079,342,0.256679992942044,-111.423180855522,35.0503554724842,-113.150409384844,32.4646676551542,1.2135156786031,0.956835685661059,2025.49948439062,2025.75616438356,SRR36212242|A/Canada_Goose/AR/25G01638-001-original/2025|H5N1|USA-AR|Unknown|2025-10-04|wild_avian|D1.1,Mississippi,Mississippi
1010,463,0.158803646195732,-103.8719583663,44.3409117378843,-112.242741752336,35.395610844424,1.2135156786031,1.05471203240737,2025.59736073737,2025.75616438356,SRR36211975|A/mallard_duck/CO/25G02242-003/2025|H5N1|USA-CO|Jackson|2025-10-04|wild_avian|D1.1,Pacific,Central
1028,503,0.180218898423975,-119.265696346389,40.5031032225546,-97.1405248562905,46.5798653764264,1.21625540463069,1.03603650620671,2025.57868521117,2025.75890410959,SRR36162760|A/chicken/OR/25G01792-001-original/2025|H5N1|USA-OR|Unknown|2025-10-05|domestic_avian|D1.1,Mississippi,Pacific
1161,653,0.302580384989071,-99.416086490402,38.0919600251896,-100.848774751092,36.2497940512537,1.21899513065805,0.916414745668974,2025.45906345063,2025.76164383562,SRR36212366|A/Black_Vulture/WV/25G02062-001-original/2025|H5N1|USA-WV|Unknown|2025-10-06|wild_avian|D1.1,Atlantic,Atlantic
1104,372,0.170071217853664,-105.65525764575,36.448107080935,-106.36030288837,41.5677844014873,1.21899513065805,1.04892391280438,2025.59157261776,2025.76164383562,SRR36212344|A/sandhill_crane/MN/25G02201-001/2025|H5N1|USA-MN|Hennepin|2025-10-06|wild_avian|D1.1,Central,Mississippi
1051,418,0.257192112619825,-108.170427304237,43.5035240941755,-108.334208128528,44.1118058904918,1.2217348566854,0.964542744065578,2025.50719144902,2025.76438356164,SRR36162812|A/Guinea_Fowl/ID/25G01895-002-original/2025|H5N1|USA-ID|Unknown|2025-10-07|domestic_avian|D1.1,Pacific,Pacific
1013,466,0.173423306020421,-111.620509620994,41.3383237981165,-111.104330530554,41.3545743820165,1.2217348566854,1.04831155066498,2025.59096025562,2025.76438356164,SRR36162806|A/Peafowl/ID/25G01896-003-original/2025|H5N1|USA-ID|Unknown|2025-10-07|wild_avian|D1.1,Pacific,Pacific
1125,386,0.113096353641108,-96.8126880520004,36.3587413025145,-96.4424155952234,37.0104712336764,1.2217348566854,1.10863850304429,2025.651287208,2025.76438356164,SRR36211964|A/Trumpeter_Swan/WI/25G01871-001-original/2025|H5N1|USA-WI|Unknown|2025-10-07|wild_avian|D1.1,Mississippi,Mississippi
994,996,0.0606503300073911,-116.747080418477,32.8992619251676,-116.558773596842,33.2241107158482,1.22223121994237,1.16158088993498,2025.70422959489,2025.7648799249,NA,Mississippi,Mississippi
1317,193,0.180733127326553,-78.469540567404,40.3256512962061,-75.8142615270904,38.7066996791873,1.22447458271276,1.04374145538621,2025.58639016034,2025.76712328767,SRR36212136|A/Peregrine_Falcon/DE/25G02350-001-original/2025|H5N1|USA-DE|Unknown|2025-10-08|wild_avian|D1.1,Atlantic,Atlantic
1081,344,0.0935642562228527,-113.335792390061,35.2610919165807,-115.827223038145,42.7058052618375,1.22721430874012,1.13365005251726,2025.67629875748,2025.7698630137,SRR36211770|A/canada_goose/MI/25G01985-002/2025|H5N1|USA-MI|Isabella|2025-10-09|wild_avian|D1.1,Mississippi,Mississippi
1048,459,0.194130337883624,-113.142653861401,40.1280789972769,-113.220655251817,39.4196151284911,1.22995403476747,1.03582369688385,2025.57847240184,2025.77260273973,SRR36211962|A/Turkey_Vulture/WY/25G02109-001-original/2025|H5N1|USA-WY|Unknown|2025-10-10|wild_avian|D1.1,Central,Pacific
982,435,0.177650587012102,-119.402974667974,46.8486321763426,-117.794845292637,47.4445436733371,1.22995403476747,1.05230344775537,2025.59495215271,2025.77260273973,SRR36406423|A/canada_goose/KS/25G02613-001/2025|H5N1|USA-KS|Butler|2025-10-10|wild_avian|D1.1,Central,Central
835,528,0.226686664189774,-118.62673120504,45.3381366612094,-119.228568332687,47.869442837133,1.23269376079506,1.00600709660528,2025.54865580156,2025.77534246575,SRR36211847|A/american_blue_winged_teal/KS/25G02173-002/2025|H5N1|USA-KS|McPherson|2025-10-11|wild_avian|D1.1,Central,Central
993,429,0.195336201295123,-122.88453460768,41.7162337221709,-111.07087406569,48.093792425274,1.23269376079506,1.03735755949994,2025.58000626446,2025.77534246575,SRR36538389|A/american_blue_winged_teal/NV/25G04892-001/2025|H5N1|USA-NV|Churchill|2025-10-11|wild_avian|D1.1,Central,Pacific
1121,390,0.18412436740655,-99.0275430125515,33.9735403192699,-98.6588368890901,40.6050364803465,1.23269376079506,1.04856939338851,2025.59121809835,2025.77534246575,SRR36209116|A/Mallard_Duck/PA/25G02313-006-original-repeat2/2025|H5N1|USA-PA|Unknown|2025-10-11|wild_avian|D1.1,Mississippi,Atlantic
1012,465,0.181019152056137,-109.4833151275,40.1356518266443,-97.515337913976,39.2852892755022,1.23269376079506,1.05167460873892,2025.5943233137,2025.77534246575,SRR36538296|A/american_green_winged_teal/NV/25G04893-003/2025|H5N1|USA-NV|Lyon|2025-10-11|wild_avian|D1.1,Central,Pacific
1025,491,0.174785459773505,-120.189382250454,35.1177632395632,-109.891951971782,44.9434670537327,1.23269376079506,1.05790830102155,2025.60055700598,2025.77534246575,SRR36203306|A/mallard_duck/NY/25G02284-011/2025|H5N1|USA-NY|Genesee|2025-10-11|wild_avian|D1.1,Mississippi,Atlantic
1118,389,0.150884791299732,-104.617293407124,39.2772356567348,-100.114165647875,38.1900286643327,1.23269376079506,1.08180896949533,2025.62445767445,2025.77534246575,SRR36212325|A/american_green_winged_teal/NY/25G02284-024/2025|H5N1|USA-NY|Genesee|2025-10-11|wild_avian|D1.1,Mississippi,Atlantic
893,295,0.238052604164666,-86.0809468559901,36.7439952756878,-87.0473734037115,37.2651325293048,1.23543348682242,0.997380882657751,2025.54002958762,2025.77808219178,SRR36211960|A/Vulture/NC/25G02114-001-original/2025|H5N1|USA-NC|Unknown|2025-10-12|wild_avian|D1.1,Atlantic,Atlantic
994,995,0.0743782076286637,-116.747080418477,32.8992619251676,-116.590215740797,34.0595630827949,1.23595909756364,1.16158088993498,2025.70422959489,2025.77860780252,NA,Mississippi,Central
1100,394,0.295887476332551,-109.316453601523,36.3221449228794,-105.213038708315,31.640601034911,1.23817321284977,0.942285736517224,2025.48493444148,2025.78082191781,SRR36212343|A/Swan/OK/25G02155-001-original/2025|H5N1|USA-OK|Unknown|2025-10-13|wild_avian|D1.1,Mississippi,Central
1077,353,0.202171443124355,-105.407910398987,36.8564443599604,-99.8728553979448,32.7791139611194,1.24091293887713,1.03874149575278,2025.58139020071,2025.78356164384,SRR36212302|A/canada_goose/CO/25G02439-001/2025|H5N1|USA-CO|Weld|2025-10-14|wild_avian|D1.1,Central,Central
1105,370,0.196946555188016,-105.448645054479,36.537645659912,-108.062178853279,40.706045313169,1.24639239093185,1.04944583574383,2025.5920945407,2025.78904109589,SRR36212274|A/Pintail_Duck/ND/25G02720-001-original/2025|H5N1|USA-ND|Unknown|2025-10-16|wild_avian|D1.1,Central,Central
986,433,0.202453819491063,-118.629070363729,37.692855310786,-117.77621931674,34.8306246294533,1.24913211695943,1.04667829746837,2025.58932700243,2025.79178082192,SRR36211957|A/Wild_Goose/OK/25G02530-001-original/2025|H5N1|USA-OK|Unknown|2025-10-17|wild_avian|D1.1,Mississippi,Central
1089,359,0.194339983573157,-112.30944138257,41.6768924193974,-112.300491794978,44.1528858033389,1.24913211695943,1.05479213338627,2025.59744083834,2025.79178082192,SRR36209083|A/Green-winged_Teal/IA/25G03115-001-original/2025|H5N1|USA-IA|Unknown|2025-10-17|wild_avian|D1.1,Mississippi,Mississippi
1160,650,0.123483572968529,-80.7737929459618,39.5205485945496,-81.7634390215943,39.0645810645421,1.24913211695943,1.1256485439909,2025.66829724895,2025.79178082192,SRR36211659|A/Black_Vulture/WV/25G03060-003-original/2025|H5N1|USA-WV|Unknown|2025-10-17|wild_avian|D1.1,Atlantic,Atlantic
1122,388,0.199299718374402,-98.9521812257022,33.8622635559246,-100.336275887947,31.657373839593,1.25187184298679,1.05257212461239,2025.59522082957,2025.79452054795,SRR36406418|A/northern_shoveler/OH/25G03080-047/2025|H5N1|USA-OH|Ottawa|2025-10-18|wild_avian|D1.1,Mississippi,Mississippi
1003,444,0.29743367935028,-123.176313261699,47.1607807718637,-118.00308164372,48.3531213961545,1.25461156901415,0.957177889663866,2025.49982659462,2025.79726027397,SRR36162647|A/Turkey/SD/25G02403-003-original/2025|H5N1|USA-SD|Unknown|2025-10-19|domestic_avian|D1.1,Central,Central
1283,207,0.732426419150212,-98.5191241330326,38.1553648935423,-97.2368594252837,37.7191418542638,1.2573512950415,0.524924875891291,2025.06757358085,2025.8,SRR36211724|A/Black_Vulture/MS/25G02635-003-original/2025|H5N1|USA-MS|Unknown|2025-10-20|wild_avian|D1.1,Mississippi,Mississippi
1238,271,0.42547562582485,-105.903581002322,36.6723752468337,-105.905519071535,36.6663291020935,1.26009102106886,0.83461539524401,2025.3772641002,2025.80273972603,SRR36211667|A/Black_Vulture/AR/25G03056-001-original/2025|H5N1|USA-AR|Unknown|2025-10-21|wild_avian|D1.1,Mississippi,Mississippi
1314,198,0.33694544252661,-74.998640074974,40.0547963711073,-77.5348471853252,38.7481283514124,1.26009102106886,0.923145578542251,2025.4657942835,2025.80273972603,SRR36538387|A/american_crow/NJ/25G04652-002/2025|H5N1|USA-NJ|Salem|2025-10-21|wild_avian|D1.1,Atlantic,Atlantic
1087,364,0.167561147640811,-115.818108946757,36.3925739540471,-114.881711238097,46.9449641078142,1.26009102106886,1.09252987342805,2025.63517857839,2025.80273972603,SRR36211652|A/canada_goose/IN/25G02680-001/2025|H5N1|USA-IN|Johnson|2025-10-21|wild_avian|D1.1,Mississippi,Mississippi
976,506,0.122841992392698,-100.089564837734,45.5329808811173,-98.4435821701109,44.1061119334292,1.26009102106886,1.13724902867616,2025.67989773363,2025.80273972603,SRR36538388|A/american_crow/NJ/25G04652-001/2025|H5N1|USA-NJ|Salem|2025-10-21|wild_avian|D1.1,Atlantic,Atlantic
1161,652,0.346416001427471,-99.416086490402,38.0919600251896,-99.3510385420153,38.5691201677596,1.26283074709645,0.916414745668974,2025.45906345063,2025.80547945205,SRR36211670|A/Black_Vulture/VA/25G03055-006-original/2025|H5N1|USA-VA|Unknown|2025-10-22|wild_avian|D1.1,Atlantic,Atlantic
1041,483,0.251313252250149,-118.189335349616,34.7967102362213,-104.32966743008,37.6314615965297,1.26283074709645,1.0115174948463,2025.5541661998,2025.80547945205,SRR36209114|A/Red-tailed_Hawk/MO/25G02853-005-original/2025|H5N1|USA-MO|Unknown|2025-10-22|wild_avian|D1.1,Central,Mississippi
1109,378,0.192774259836971,-111.719976306502,35.3934865067842,-112.601063690881,32.7184596581778,1.26283074709645,1.07005648725947,2025.61270519222,2025.80547945205,SRR36212529|A/Canada_Goose/MO/25G02853-004-original/2025|H5N1|USA-MO|Unknown|2025-10-22|wild_avian|D1.1,Mississippi,Mississippi
989,440,0.15691998767424,-117.825484245071,47.9591624193245,-108.90421588169,37.6479584015202,1.26283074709645,1.10591075942221,2025.64855946438,2025.80547945205,SRR36203374|A/Canada_Goose/UT/25G03448-005-original/2025|H5N1|USA-UT|Unknown|2025-10-22|wild_avian|D1.1,Central,Pacific
830,536,0.370027136585389,-99.0491581965472,39.9439407621218,-98.3569079505323,43.8800039698203,1.2655704731238,0.895543336538414,2025.4381920415,2025.80821917808,SRR36162703|A/chicken/GA/25G02650-001-original/2025|H5N1|USA-GA|Unknown|2025-10-23|domestic_avian|D1.1,Atlantic,Atlantic
1004,443,0.298693415256422,-123.732906310079,45.8951727687982,-123.827162613562,45.1617697606146,1.2655704731238,0.96687705786738,2025.50952576283,2025.80821917808,SRR36212527|A/Canada_Goose/WY/25G02891-001-original/2025|H5N1|USA-WY|Unknown|2025-10-23|wild_avian|D1.1,Central,Central
1117,391,0.223700054093186,-102.724636635501,33.8724805591143,-109.204102300843,34.1269236986175,1.2655704731238,1.04187041903062,2025.58451912399,2025.80821917808,SRR36406301|A/american_wigeon/OH/25G04131-008/2025|H5N1|USA-OH|Ottawa|2025-10-23|wild_avian|D1.1,Mississippi,Mississippi
1004,445,0.309652319365852,-123.732906310079,45.8951727687982,-102.956876148444,47.6764209181631,1.27652937723323,0.96687705786738,2025.50952576283,2025.81917808219,SRR36203333|A/Canada_Goose/AL/25G03828-001-original/2025|H5N1|USA-AL|Unknown|2025-10-27|wild_avian|D1.1,Central,Mississippi
1293,154,0.309454506354867,-108.014636113067,35.772949421908,-106.554945443173,37.0794018182536,1.27652937723323,0.967074870878365,2025.50972357584,2025.81917808219,SRR36538272|A/black_vulture/KY/25G04374-002/2025|H5N1|USA-KY|Grant|2025-10-27|wild_avian|D1.1,Mississippi,Mississippi
986,431,0.229851079764864,-118.629070363729,37.692855310786,-120.568501783735,46.4206238724266,1.27652937723323,1.04667829746837,2025.58932700243,2025.81917808219,SRR36212524|A/Domestic_Goose/AL/25G03044-002-original/2025|H5N1|USA-AL|Unknown|2025-10-27|domestic_avian|D1.1,Mississippi,Mississippi
1292,152,0.179880459677441,-109.364090308267,38.0497538264833,-108.548432656336,39.6511297219732,1.27652937723323,1.09664891755579,2025.63929762251,2025.81917808219,SRR36538273|A/black_vulture/KY/25G04374-001/2025|H5N1|USA-KY|Grant|2025-10-27|wild_avian|D1.1,Mississippi,Mississippi
890,297,0.324567016393997,-80.9484259600786,35.752893369069,-81.4279033982796,36.0810446771948,1.27926910326082,0.95470208686682,2025.49735079183,2025.82191780822,SRR36209096|A/Black_Vulture/SC/25G03063-001-original/2025|H5N1|USA-SC|Unknown|2025-10-28|wild_avian|D1.1,Atlantic,Atlantic
1043,471,0.0921598616727957,-112.616477355031,33.6103785808054,-110.177776775245,43.190063509078,1.27926910326082,1.18710924158802,2025.72975794655,2025.82191780822,SRR36406354|A/cackling_goose/WA/25G03972-002/2025|H5N1|USA-WA|Whatcom|2025-10-28|wild_avian|D1.1,Pacific,Pacific
967,455,0.153768149611918,-115.536351862419,40.0429348943228,-120.467248503936,46.9292217949376,1.28200882928817,1.12824067967626,2025.67088938463,2025.82465753425,SRR36406399|A/american_green_winged_teal/CA/25G03928-006/2025|H5N1|USA-CA|Yolo|2025-10-29|wild_avian|D1.1,Pacific,Pacific
996,428,0.0597776093458036,-116.558773596842,33.2241107158482,-89.4297563562057,40.4675034056921,1.28200882928817,1.22223121994237,2025.7648799249,2025.82465753425,SRR36406410|A/american_wigeon/CA/25G03928-001/2025|H5N1|USA-CA|Yolo|2025-10-29|wild_avian|D1.1,Mississippi,Pacific
1096,345,0.319533919784073,-116.5256493924,35.4894609968825,-120.431896145201,43.3110845329266,1.28474855531553,0.965214635531459,2025.50786334049,2025.82739726027,SRR36209076|A/Black_Swan/PA/25G03182-002-original/2025|H5N1|USA-PA|Unknown|2025-10-30|wild_avian|D1.1,Mississippi,Atlantic
1017,497,0.247098939895748,-116.232424001675,37.7558768787315,-101.415915595159,47.6591782132292,1.28474855531553,1.03764961541978,2025.58029832038,2025.82739726027,SRR36209051|A/Muscovy_Duck/FL/25G03354-001-original/2025|H5N1|USA-FL|Unknown|2025-10-30|wild_avian|D1.1,Central,Atlantic
1014,468,0.231413945310456,-111.833389931724,41.4376903857032,-104.63980627171,31.2427026094144,1.28474855531553,1.05333461000508,2025.59598331496,2025.82739726027,SRR36406351|A/cackling_goose/WA/25G03973-001/2025|H5N1|USA-WA|Whatcom|2025-10-30|wild_avian|D1.1,Pacific,Pacific
1087,363,0.19495840791484,-115.818108946757,36.3925739540471,-113.220467487592,36.4072423607112,1.28748828134289,1.09252987342805,2025.63517857839,2025.8301369863,SRR36406409|A/wood_duck/MN/25G04157-001/2025|H5N1|USA-MN|Anoka|2025-10-31|wild_avian|D1.1,Mississippi,Mississippi
1030,475,0.282820078996794,-114.083058429101,32.820301467671,-120.082992224781,42.2487887367286,1.29022800737025,1.00740792837345,2025.55005663333,2025.83287671233,SRR36406349|A/red_tailed_hawk/WA/25G03976-001/2025|H5N1|USA-WA|Whatcom|2025-11-01|wild_avian|D1.1,Pacific,Pacific
1123,392,0.201712293521608,-98.5458598013281,34.6565062503143,-98.700640718141,37.918863348625,1.29022800737025,1.08851571384864,2025.63116441881,2025.83287671233,SRR36406415|A/american_green_winged_teal/OH/25G04131-027/2025|H5N1|USA-OH|Ottawa|2025-11-01|wild_avian|D1.1,Mississippi,Mississippi
1097,346,0.170840705746695,-116.756473497319,37.6906228936567,-115.425997548383,34.4134193176199,1.29570745942519,1.12486675367849,2025.66751545864,2025.83835616438,SRR36162625|A/Red-breasted_Goose/TN/25G03365-002-original/2025|H5N1|USA-TN|Unknown|2025-11-03|wild_avian|D1.1,Atlantic,Mississippi
1033,489,0.259892035555607,-114.89606198938,42.1392424107744,-120.238477971187,41.8105750587652,1.29844718545255,1.03855514989694,2025.58120385486,2025.84109589041,SRR36203296|A/Swan/UT/25G03453-001-original/2025|H5N1|USA-UT|Unknown|2025-11-04|wild_avian|D1.1,Pacific,Pacific
1002,451,0.24453360170423,-81.2122541279877,37.3675699170544,-105.270025130557,35.9135327530769,1.29844718545255,1.05391358374832,2025.59656228871,2025.84109589041,SRR36202277|A/Domestic_Cat/ND/25G03436-001-original/2025|H5N1|USA-ND|Unknown|2025-11-04|feline|D1.1,Atlantic,Central
984,434,0.177094462540457,-121.22483327126,43.4604843920555,-104.571641589981,35.1001000694905,1.29844718545255,1.12135272291209,2025.66400142787,2025.84109589041,SRR36203396|A/wild_goose/NM/25G03506-001-original/2025|H5N1|USA-NM|Unknown|2025-11-04|wild_avian|D1.1,Mississippi,Central
1312,200,0.377107259823754,-71.853878201715,42.9162946652715,-73.9471843431638,44.8196977494733,1.30392663750726,0.926819377683507,2025.46946808264,2025.84657534247,SRR36406342|A/Striped_skunk/NY/25G03988-001/2025|H5N1|USA-NY|St_Lawrence|2025-11-06|other_mammal|D1.1,Atlantic,Atlantic
1313,201,0.361305715418323,-73.5138134654803,44.3432683018626,-73.1618048836479,40.8643398929727,1.30392663750726,0.942620922088938,2025.48526962705,2025.84657534247,SRR36202283|A/chicken/NH/25G03769-001-original/2025|H5N1|USA-NH|Unknown|2025-11-06|domestic_avian|D1.1,Atlantic,Atlantic
974,505,0.259131708093919,-98.0674920651223,48.2460605408152,-97.6935477497511,48.2984922799455,1.30392663750726,1.04479492941334,2025.58744363437,2025.84657534247,SRR36202234|A/chicken/DE/25G03562-002-original/2025|H5N1|USA-DE|Unknown|2025-11-06|domestic_avian|D1.1,Atlantic,Atlantic
977,507,0.11360971572614,-98.781932533955,46.0087294137236,-95.4541977498523,44.3596768401731,1.30666636353462,1.19305664780848,2025.73570535277,2025.84931506849,SRR36538326|A/canada_goose/NC/25G04376-001/2025|H5N1|USA-NC|New_Hanover|2025-11-07|wild_avian|D1.1,Atlantic,Atlantic
962,421,0.388011736440298,-100.076038004612,29.0490698176106,-102.881708173606,29.9783651801622,1.3094060895622,0.921394353121905,2025.46404305808,2025.85205479452,SRR36203391|A/wood_duck/IN/25G03805-006/2025|H5N1|USA-IN|Newton|2025-11-08|wild_avian|D1.1,Mississippi,Mississippi
991,447,0.341695038814426,-120.504291268003,45.8358010495431,-123.727162520935,41.4219592683529,1.3094060895622,0.967711050747777,2025.51035975571,2025.85205479452,SRR36538295|A/american_green_winged_teal/OK/25G04973-021/2025|H5N1|USA-OK|Sequoyah|2025-11-08|wild_avian|D1.1,Central,Central
1107,374,0.260000770568462,-109.671885382659,32.9642826603959,-100.431801711932,36.4226493505009,1.3094060895622,1.04940531899374,2025.59205402395,2025.85205479452,SRR36538290|A/bald_eagle/IN/25G04807-001/2025|H5N1|USA-IN|Hamilton|2025-11-08|wild_avian|D1.1,Mississippi,Mississippi
996,427,0.0871748696198322,-116.558773596842,33.2241107158482,-115.049978481228,33.9195211575888,1.3094060895622,1.22223121994237,2025.7648799249,2025.85205479452,SRR36406324|A/gadwall/KS/25G04225-001/2025|H5N1|USA-KS|Neosho|2025-11-08|wild_avian|D1.1,Mississippi,Central
995,425,0.0734469919985596,-116.590215740797,34.0595630827949,-116.110319797297,34.0592221697319,1.3094060895622,1.23595909756364,2025.77860780252,2025.85205479452,SRR36538311|A/gadwall/KS/25G04225-031/2025|H5N1|USA-KS|Neosho|2025-11-08|wild_avian|D1.1,Central,Central
1042,1044,0.28846006319042,-118.43554870257,35.0172531431762,-110.464109459456,38.4777238469524,1.31057793159857,1.02211786840816,2025.56476657337,2025.85322663656,NA,Central,Pacific
878,317,0.346529912721663,-74.3188535933638,41.7368603332939,-76.1196618208559,41.6995475050261,1.31488554161692,0.968355628895255,2025.51100433385,2025.85753424658,SRR36203383|A/Black_Vulture/CT/25G03770-001-original/2025|H5N1|USA-CT|Unknown|2025-11-10|wild_avian|D1.1,Atlantic,Atlantic
1041,482,0.303368046770622,-118.189335349616,34.7967102362213,-111.598518814256,37.6698101332756,1.31488554161692,1.0115174948463,2025.5541661998,2025.85753424658,SRR36538310|A/gadwall/SD/25G04284-006/2025|H5N1|USA-SD|Day|2025-11-10|wild_avian|D1.1,Central,Central
1025,492,0.256977240595363,-120.189382250454,35.1177632395632,-110.381350489874,33.5426353777436,1.31488554161692,1.05790830102155,2025.60055700598,2025.85753424658,SRR36538325|A/canada_goose/WV/25G04377-001/2025|H5N1|USA-WV|Mason|2025-11-10|wild_avian|D1.1,Mississippi,Atlantic
1092,365,0.244032014758973,-114.301881158631,35.7868486351993,-114.799911131211,35.4900137933155,1.31488554161692,1.07085352685795,2025.61350223182,2025.85753424658,SRR36406411|A/great_horned_owl/MN/25G04156-001/2025|H5N1|USA-MN|Kandiyohi|2025-11-10|wild_avian|D1.1,Mississippi,Mississippi
1044,473,0.00430761001834346,-110.464109459456,38.4777238469524,-110.165742242842,39.0876167389383,1.31488554161692,1.31057793159857,2025.85322663656,2025.85753424658,SRR36406343|A/trumpeter_swan/ID/25G03984-001/2025|H5N1|USA-ID|Bannock|2025-11-10|wild_avian|D1.1,Pacific,Pacific
1053,417,0.364297558082226,-108.415937292271,43.0922497117927,-82.7877186395634,36.973185262282,1.32036499367163,0.956067435589407,2025.49871614055,2025.86301369863,SRR36538417|A/ross_s_goose/LA/25G04375-002/2025|H5N1|USA-LA|Vernon|2025-11-12|wild_avian|D1.1,Pacific,Mississippi
876,311,0.279443172316833,-79.5940047958158,39.2220910164612,-79.638220870964,38.9895053178437,1.32036499367163,1.0409218213548,2025.58357052631,2025.86301369863,SRR36406338|A/black_vulture/PA/25G03999-001/2025|H5N1|USA-PA|Adams|2025-11-12|wild_avian|D1.1,Atlantic,Atlantic
1021,496,0.262534729773006,-115.509935085385,39.4575573815245,-117.76252833877,43.4264282820939,1.32036499367163,1.05783026389863,2025.60047896886,2025.86301369863,SRR36406276|A/snow_goose/CO/25G04393-001/2025|H5N1|USA-CO|Sedgwick|2025-11-12|wild_avian|D1.1,Central,Central
1047,486,0.242076118641972,-115.502967091985,38.25113907682,-108.26706751044,45.9451240025587,1.32036499367163,1.07828887502966,2025.62093757999,2025.86301369863,SRR36538334|A/wild_goose/TX/25G04762-002/2025|H5N1|USA-TX|Randall|2025-11-12|wild_avian|D1.1,Central,Central
1044,472,0.00978706207305824,-110.464109459456,38.4777238469524,-113.192216084451,40.7772307033294,1.32036499367163,1.31057793159857,2025.85322663656,2025.86301369863,SRR36406329|A/trumpeter_swan/ID/25G04021-001/2025|H5N1|USA-ID|Ada|2025-11-12|wild_avian|D1.1,Pacific,Pacific
973,510,0.347002942920909,-104.853299314611,43.8706882862991,-67.1128993108319,45.0428555055288,1.32310471969899,0.976101776778082,2025.51875048174,2025.86575342466,SRR36406291|A/red_tailed_hawk/OR/25G04260-001/2025|H5N1|USA-OR|Klamath|2025-11-13|wild_avian|D1.1,Mississippi,Pacific
1115,381,0.285196814963189,-102.731729640293,34.4217624101399,-102.673596587168,34.2646733947501,1.32310471969899,1.0379079047358,2025.58055660969,2025.86575342466,SRR36582225|A/mallard_duck/WI/25G04982-005/2025|H5N1|USA-WI|Oconto|2025-11-13|wild_avian|D1.1,Mississippi,Mississippi
1033,488,0.284549569802051,-114.89606198938,42.1392424107744,-100.331779091598,38.2973980526546,1.32310471969899,1.03855514989694,2025.58120385486,2025.86575342466,SRR36406292|A/red_tailed_hawk/OR/25G04259-001/2025|H5N1|USA-OR|Klamath|2025-11-13|wild_avian|D1.1,Pacific,Pacific
1049,460,0.271918258085179,-117.468752146291,43.8031728964772,-119.072004453463,45.648241159597,1.32310471969899,1.05118646161381,2025.59383516657,2025.86575342466,SRR36406289|A/canada_goose/NE/25G04294-001/2025|H5N1|USA-NE|Box_Butte|2025-11-13|wild_avian|D1.1,Central,Central
831,534,0.2693734001857,-99.0033170674678,42.6770181581073,-97.4055535184994,38.4186782760626,1.32310471969899,1.05373131951329,2025.59638002447,2025.86575342466,SRR36538281|A/black_vulture/GA/25G04368-001/2025|H5N1|USA-GA|Houston|2025-11-13|wild_avian|D1.1,Mississippi,Atlantic
992,424,0.302022521019596,-123.299195963159,41.9012053945306,-116.72283722029,42.1198038405515,1.32858417175393,1.02656165073434,2025.56921035569,2025.87123287671,SRR36406281|A/trumpeter_swan/WY/25G04344-003/2025|H5N1|USA-WY|Lincoln|2025-11-15|wild_avian|D1.1,Central,Pacific
1014,467,0.275249561748856,-111.833389931724,41.4376903857032,-112.625325885781,41.0246959110706,1.32858417175393,1.05333461000508,2025.59598331496,2025.87123287671,SRR36406282|A/trumpeter_swan/WY/25G04344-002/2025|H5N1|USA-WY|Lincoln|2025-11-15|wild_avian|D1.1,Pacific,Pacific
963,422,0.374118564707085,-98.5517940534977,34.4140368013386,-99.5831632914897,33.9483861163816,1.33132389778129,0.957205333074204,2025.49985403803,2025.87397260274,SRR36538390|A/american_black_duck/OH/25G04930-025/2025|H5N1|USA-OH|Ottawa|2025-11-16|wild_avian|D1.1,Mississippi,Mississippi
984,437,0.209971174869201,-121.22483327126,43.4604843920555,-118.840300113774,44.5834624280197,1.33132389778129,1.12135272291209,2025.66400142787,2025.87397260274,SRR36406371|A/canvasback_duck/IL/25G04631-002/2025|H5N1|USA-IL|Jefferson|2025-11-16|wild_avian|D1.1,Mississippi,Mississippi
1094,349,0.214814613628555,-99.8235845455479,43.0436435271456,-99.6692963501616,42.568698824996,1.336803349836,1.12198873620745,2025.66463744117,2025.87945205479,SRR36538318|A/canada_goose/CO/25G04853-001/2025|H5N1|USA-CO|Larimer|2025-11-18|wild_avian|D1.1,Central,Central
1097,347,0.21193659615751,-116.756473497319,37.6906228936567,-99.3036368175541,39.9442002128456,1.336803349836,1.12486675367849,2025.66751545864,2025.87945205479,SRR36538338|A/wild_goose/TX/25G04760-001/2025|H5N1|USA-TX|Potter|2025-11-18|wild_avian|D1.1,Atlantic,Central
791,22,0.989963634946002,-103.952702358223,38.6472120431204,-103.714165060562,32.0518324235061,1.34228280189095,0.352319166944945,2024.8949678719,2025.88493150685,SRR36582238|A/Black_vulture/SC/25G05160-001/2025|H5N1|USA-SC|Charleston|2025-11-20|wild_avian|D1.1,Mississippi,Atlantic
1238,272,0.507667406646936,-105.903581002322,36.6723752468337,-105.718379094952,36.6994033319515,1.34228280189095,0.83461539524401,2025.3772641002,2025.88493150685,SRR36538271|A/black_vulture/AR/25G04946-001/2025|H5N1|USA-AR|Washington|2025-11-20|wild_avian|D1.1,Mississippi,Central
1005,430,0.373846069512987,-122.298849851047,47.1754939972349,-102.222377566099,48.5966014011413,1.34228280189095,0.968436732377959,2025.51108543734,2025.88493150685,SRR36538343|A/western_gull/CA/25G04840-001/2025|H5N1|USA-CA|Contra_Costa|2025-11-20|wild_avian|D1.1,Central,Pacific
1056,415,0.290344453721533,-106.743995965758,41.7347171929666,-85.3211437316888,34.8997046009113,1.34228280189095,1.05193834816941,2025.59458705313,2025.88493150685,SRR36538357|A/snow_goose/OK/25G05185-001/2025|H5N1|USA-OK|Cleveland|2025-11-20|wild_avian|D1.1,Pacific,Central
1047,485,0.263993926861286,-115.502967091985,38.25113907682,-116.981405581935,42.5860402249934,1.34228280189095,1.07828887502966,2025.62093757999,2025.88493150685,SRR36538363|A/ross_s_goose/SD/25G04635-003/2025|H5N1|USA-SD|McPherson|2025-11-20|wild_avian|D1.1,Central,Central
967,454,0.21404212221469,-115.536351862419,40.0429348943228,-108.839710459365,35.5829851589952,1.34228280189095,1.12824067967626,2025.67088938463,2025.88493150685,SRR36538375|A/red_tailed_hawk/CA/25G04838-002/2025|H5N1|USA-CA|Sacramento|2025-11-20|wild_avian|D1.1,Pacific,Pacific
1027,499,0.253289009067034,-119.906592235612,40.3546697364378,-115.061813666953,40.6501525277776,1.3450225279183,1.09173351885127,2025.63438222381,2025.88767123288,SRR36582215|A/ring_necked_duck/WI/25G05226-008/2025|H5N1|USA-WI|Burnet|2025-11-21|wild_avian|D1.1,Mississippi,Mississippi
1051,420,0.383219509880084,-108.170427304237,43.5035240941755,-68.7232282447904,45.5862756740323,1.34776225394566,0.964542744065578,2025.50719144902,2025.8904109589,SRR36582245|A/american_green_winged_teal/VA/25G05021-005/2025|H5N1|USA-VA|Surry|2025-11-22|wild_avian|D1.1,Pacific,Atlantic
1045,484,0.345813247391523,-119.504238971683,36.006124727396,-87.9557962626278,34.0041361267638,1.34776225394566,1.00194900655414,2025.54459771151,2025.8904109589,SRR36538305|A/greater_scaup/VA/25G04885-001/2025|H5N1|USA-VA|Suffolk|2025-11-22|wild_avian|D1.1,Central,Atlantic
1024,494,0.208856731638808,-118.071555541226,35.9570072568525,-102.341883134734,32.1439656077337,1.34776225394566,1.13890552230685,2025.68155422727,2025.8904109589,SRR36538366|A/ring_necked_duck/FL/25G04963-061/2025|H5N1|USA-FL|Lake|2025-11-22|wild_avian|D1.1,Central,Atlantic
1083,358,0.334223624248662,-110.634000346346,36.1798886222753,-116.984228284636,37.001196138703,1.35324170600038,1.01901808175171,2025.56166678671,2025.89589041096,SRR36538286|A/bald_eagle/MI/25G04925-005/2025|H5N1|USA-MI|Newaygo|2025-11-24|wild_avian|D1.1,Mississippi,Mississippi
1028,502,0.317205199793663,-119.265696346389,40.5031032225546,-115.853876005236,36.5992985075681,1.35324170600038,1.03603650620671,2025.57868521117,2025.89589041096,SRR36538359|A/snow_goose/MO/25G04856-004/2025|H5N1|USA-MO|Clay|2025-11-24|wild_avian|D1.1,Mississippi,Mississippi
1123,393,0.264725992151737,-98.5458598013281,34.6565062503143,-99.963165692766,35.050466858244,1.35324170600038,1.08851571384864,2025.63116441881,2025.89589041096,SRR36538288|A/bald_eagle/MI/25G04925-001/2025|H5N1|USA-MI|Saginaw|2025-11-24|wild_avian|D1.1,Mississippi,Mississippi
995,426,0.117282608436733,-116.590215740797,34.0595630827949,-113.925059538314,37.8812424162479,1.35324170600038,1.23595909756364,2025.77860780252,2025.89589041096,SRR36538302|A/mallard_duck/MO/25G04856-003/2025|H5N1|USA-MO|St_Louis|2025-11-24|wild_avian|D1.1,Central,Mississippi
1313,202,0.413360509939023,-73.5138134654803,44.3432683018626,-78.7869599713095,40.890222211879,1.35598143202796,0.942620922088938,2025.48526962705,2025.89863013699,SRR36538185|A/Domestic_goose/ME/25G04880-003/2025|H5N1|USA-ME|Penobscot|2025-11-25|domestic_avian|D1.1,Atlantic,Atlantic
1318,195,0.309130615875381,-78.9418472883613,37.1200739291586,-78.5883072345883,36.8536650432671,1.35598143202796,1.04685081615258,2025.58949952111,2025.89863013699,SRR36538317|A/canada_goose/NY/25G04881-001/2025|H5N1|USA-NY|Chemung|2025-11-25|wild_avian|D1.1,Atlantic,Atlantic
1020,501,0.308606507674755,-115.595706569906,38.8269025011218,-86.569976392888,46.1717836607097,1.35598143202796,1.04737492435321,2025.59002362931,2025.89863013699,SRR36538193|A/Domestic_chicken/ME/25G05080-001/2025|H5N1|USA-ME|Penobscot|2025-11-25|domestic_avian|D1.1,Central,Atlantic
1046,487,0.298496586701832,-116.33616922853,37.9507100034978,-112.946473577453,40.3679920554585,1.35598143202796,1.05748484532613,2025.60013355028,2025.89863013699,SRR36582231|A/canada_goose/MT/25G05375-001/2025|H5N1|USA-MT|Roosevelt|2025-11-25|wild_avian|D1.1,Central,Central
983,436,0.284970757795775,-122.166928125468,42.2960454502376,-112.765950663435,47.1413713397791,1.35598143202796,1.07101067423219,2025.61365937919,2025.89863013699,SRR36582221|A/Mute_swan/SC/25G05056-001/2025|H5N1|USA-SC|Sumter|2025-11-25|wild_avian|D1.1,Mississippi,Atlantic
1002,450,0.30754730033436,-81.2122541279877,37.3675699170544,-77.9049227368039,39.1476255903988,1.36146088408268,1.05391358374832,2025.59656228871,2025.90410958904,SRR36538195|A/Domestic_turkey/NC/25G05083-001/2025|H5N1|USA-NC|Wayne|2025-11-27|domestic_avian|D1.1,Atlantic,Atlantic
975,509,0.279523939077789,-99.557286078909,47.6064187191575,-98.7301581546701,45.4682162404384,1.36420061011003,1.08467667103224,2025.62732537599,2025.90684931507,SRR36582240|A/Bald_eagle/NJ/25G05298-001/2025|H5N1|USA-NJ|Burlington|2025-11-28|wild_avian|D1.1,Atlantic,Atlantic
977,508,0.173883688328912,-98.781932533955,46.0087294137236,-89.1675836852266,43.7238595021439,1.36694033613739,1.19305664780848,2025.73570535277,2025.9095890411,SRR36582196|A/Wood_duck/AL/25G05286-007/2025|H5N1|USA-AL|Barbour|2025-11-29|wild_avian|D1.1,Atlantic,Mississippi
989,439,0.263769302742543,-117.825484245071,47.9591624193245,-117.706166727996,47.0387259208224,1.36968006216475,1.10591075942221,2025.64855946438,2025.91232876712,SRR36582209|A/snow_goose/NE/25G05292-001/2025|H5N1|USA-NE|York|2025-11-30|wild_avian|D1.1,Central,Central
1113,380,0.402395541060665,-102.16316504539,35.2092955895726,-102.491465220932,43.1329549322773,1.37241978819233,0.970024247131667,2025.51267295209,2025.91506849315,SRR36582207|A/snow_goose/NE/25G05294-001/2025|H5N1|USA-NE|Sarpy|2025-12-01|wild_avian|D1.1,Mississippi,Central
1026,498,0.323056451499144,-116.243036465796,39.5856060212545,-109.847320227,45.3765309240322,1.37241978819233,1.04936333669319,2025.59201204165,2025.91506849315,SRR36582197|A/wild_goose/TX/25G05380-001/2025|H5N1|USA-TX|Lubbock|2025-12-01|wild_avian|D1.1,Central,Central
1024,493,0.233514265885479,-118.071555541226,35.9570072568525,-116.201363458919,39.7126506768806,1.37241978819233,1.13890552230685,2025.68155422727,2025.91506849315,SRR36582206|A/snow_goose/NE/25G05295-001/2025|H5N1|USA-NE|Adams|2025-12-01|wild_avian|D1.1,Central,Central
1008,469,0.409999621616192,-111.612794780073,39.3169873714865,-92.2691332468986,40.7007446612815,1.37515951421969,0.965159892603498,2025.50780859756,2025.91780821918,SRR36582198|A/Wild_duck/TX/25G05240-001/2025|H5N1|USA-TX|Galveston|2025-12-02|wild_avian|D1.1,Pacific,Central
1019,490,0.33015446448633,-116.790446618355,38.0110542643037,-108.778305891736,45.0097813612864,1.37515951421969,1.04500504973336,2025.58765375469,2025.91780821918,SRR36538194|A/peafowl/WI/25G05091-001/2025|H5N1|USA-WI|Marquette|2025-12-02|wild_avian|D1.1,Central,Mississippi
1021,495,0.317329250321064,-115.509935085385,39.4575573815245,-115.078828592638,40.9565355666752,1.37515951421969,1.05783026389863,2025.60047896886,2025.91780821918,SRR36582213|A/snow_goose/KS/25G05234-001/2025|H5N1|USA-KS|Riley|2025-12-02|wild_avian|D1.1,Central,Central
1005,458,0.409462507869088,-122.298849851047,47.1754939972349,-122.162331908408,37.9307783359062,1.37789924024705,0.968436732377959,2025.51108543734,2025.92054794521,SRR36538358|A/snow_goose/IA/25G05071-001/2025|H5N1|USA-IA|Story|2025-12-03|wild_avian|D1.1,Central,Mississippi
