# BEAST v10.5.0-beta5 Prerelease #fb0d1ded5
# Generated Sun Mar 01 14:15:55 CET 2026 [seed=1772370950270]
# -overwrite C21_RRW_pols.xml
state	joint	prior	likelihood	Current Tree	location.precision.col11	location.precision.col12	location.precision.col21	location.precision.col22	correlation	location.varCovar.location.precision.col11	location.varCovar.location.precision.col12	location.varCovar.location.precision.col21	location.varCovar.location.precision.col22	location.diffusionRate	location.traitLikelihood
0	-36505.91418271004	-464.99633022029917	-36040.91785248974	410.0	0.05	0.002	0.002	0.05	-0.04	20.03205128205128	-0.8012820512820512	-0.8012820512820512	20.03205128205128	3039.1919432134073	-36040.91785248974
10000	-1094.9782790502518	-341.2318825570218	-753.74639649323	267.0	4.392975553404023E-4	-2.650742470101869E-4	-2.650742470101869E-4	8.462715464919315E-4	0.43474367631675365	2806.864609108448	879.1829594214747	879.1829594214747	1457.0367703655168	2971.270626739787	-753.74639649323
20000	-970.7682396772803	-218.9919492207007	-751.7762904565797	535.0	5.917214231808811E-4	-1.9619115940433258E-4	-1.9619115940433258E-4	4.913727170618477E-4	0.3638440419170076	1947.8450097649422	777.7191478818457	777.719147881846	2345.636176558042	2948.1240131974982	-751.7762904565797
30000	-997.0169118312236	-248.49717371278302	-748.5197381184406	416.0	6.374757549753122E-4	-2.6269030480712815E-4	-2.6269030480712815E-4	6.9675050805455E-4	0.3941609186259652	1857.2319164472951	700.2173842561014	700.2173842561014	1699.2313667732442	2966.3087312884786	-748.5197381184406
40000	-954.2376525220878	-213.94765323733122	-740.2899992847566	948.0	3.5724314022714124E-4	-1.6060368019398414E-4	-1.6060368019398414E-4	5.772374930929781E-4	0.35366841634349466	3199.399163823005	890.1626908645112	890.1626908645113	1980.0574595387868	3042.8833756706726	-740.2899992847566
50000	-986.8214573342977	-232.47575159575618	-754.3457057385416	697.0	4.5927913106517476E-4	-1.940837774935406E-4	-1.940837774935406E-4	6.887815344129344E-4	0.3450723269592395	2471.6348420287186	696.4533785512238	696.4533785512238	1648.0846913599303	3177.9753467898395	-754.3457057385416
60000	-961.1934755810737	-224.84138094047245	-736.3520946406013	429.0	4.4487737273961694E-4	-1.5035151773295355E-4	-1.5035151773295355E-4	6.092367811048556E-4	0.28879827867600777	2452.3470825873733	605.2065753586421	605.2065753586422	1790.7548608089774	2957.1685352425193	-736.3520946406013
70000	-1002.1208310730894	-218.50624620921593	-783.6145848638736	561.0	4.283054220974074E-4	-2.713988236459204E-4	-2.713988236459204E-4	5.38849024957748E-4	0.5649338841775988	3429.2186189564386	1727.173765012272	1727.1737650122716	2725.7225308547104	3294.485417389916	-783.6145848638736
80000	-976.3339526896327	-221.16088417674706	-755.1730685128856	438.0	3.577274701328708E-4	-1.5584805091053633E-4	-1.5584805091053633E-4	4.290443079785026E-4	0.3978085904915386	3320.973787959899	1206.325972292036	1206.325972292036	2768.9530648755203	3122.0977708918945	-755.1730685128856
90000	-978.7902679958067	-231.91515059595386	-746.8751173998529	465.0	5.446465724569594E-4	-1.604622984221376E-4	-1.604622984221376E-4	3.390297587220306E-4	0.37341925735869436	2133.560927652479	1009.8113261953549	1009.8113261953549	3427.5358327077233	3064.8531306303616	-746.8751173998529
100000	-1005.9801391241622	-276.2989429863304	-729.6811961378318	470.0	5.022386717823865E-4	-9.055380547933732E-5	-9.055380547933732E-5	5.25940478444804E-4	0.17619084263224372	2054.8751545374603	353.79814380998755	353.79814380998755	1962.2710374855276	3011.327246027504	-729.6811961378318
110000	-924.0983084011941	-225.32049524324188	-698.7778131579522	880.0	4.6163574810536965E-4	-1.798008467558979E-4	-1.798008467558979E-4	6.608623289664742E-4	0.3255266270266888	2422.9659014060903	659.216453470422	659.2164534704222	1692.5275167048374	2896.3823597167825	-698.7778131579522
120000	-960.0753058293437	-227.06460834341814	-733.0106974859256	396.0	4.892411827152645E-4	-1.3531781341130945E-4	-1.3531781341130945E-4	5.104704844174794E-4	0.2707747413810626	2205.701382941062	584.6972494765962	584.6972494765963	2113.971299512472	2657.454228977819	-733.0106974859256
130000	-987.5993354388615	-267.18727068165236	-720.4120647572092	540.0	4.6327905035185846E-4	-1.14690961001693E-4	-1.14690961001693E-4	6.930864639234873E-4	0.2024016983470455	2250.730710333982	372.4477126027447	372.4477126027447	1504.4535427493229	2736.1832435989436	-720.4120647572092
140000	-1041.0613012854888	-251.4593616193745	-789.6019396661142	371.0	3.300193480892867E-4	-1.1307475262311858E-4	-1.1307475262311858E-4	4.5562633872774913E-4	0.29160269566108205	3311.728726960306	821.8859945664186	821.8859945664187	2398.7519215237157	3081.9717624131968	-789.6019396661142
150000	-923.0769250674088	-190.74640182632356	-732.3305232410852	535.0	4.936827327022076E-4	-1.492560743692508E-4	-1.492560743692508E-4	4.2218547013848744E-4	0.3269312273759567	2268.00603694772	801.8127142308753	801.8127142308751	2652.0936822818007	2956.217108917234	-732.3305232410852
160000	-1034.7998302993526	-273.4157679574513	-761.3840623419013	319.0	4.948289930298765E-4	-2.045888135602604E-4	-2.045888135602604E-4	5.900341938523848E-4	0.3786306129293863	2359.1040222964148	817.9971568014081	817.9971568014081	1978.449859293605	3078.1930447298287	-761.3840623419013
170000	-1018.0804633587105	-246.68751284718164	-771.3929505115289	165.0	5.768082609098364E-4	-2.4404496053277898E-4	-2.4404496053277898E-4	4.3294689510036316E-4	0.4883562986731173	2276.6380320473727	1283.3029754137128	1283.3029754137126	3033.128632743799	2765.822981657558	-771.3929505115289
180000	-958.7304331436444	-238.28719894959914	-720.4432341940452	470.0	5.838076185087716E-4	-2.7482573632261825E-4	-2.7482573632261825E-4	5.823119569622301E-4	0.4713512544605926	2202.148855730075	1039.3177978436804	1039.3177978436804	2207.8050496719925	2751.422347730511	-720.4432341940452
190000	-1000.1731198555715	-242.7999360226307	-757.3731838329408	786.0	4.552214719857075E-4	-2.914554690002821E-4	-2.914554690002821E-4	6.81790733173911E-4	0.5231609173362073	3024.542070260007	1292.9470652893972	1292.9470652893972	2019.4414888816868	2961.6838453257265	-757.3731838329408
200000	-977.2057687088432	-256.1648410552984	-721.0409276535448	821.0	5.734055959743665E-4	-2.270476715343577E-4	-2.270476715343577E-4	5.519641862713727E-4	0.4035809320604334	2083.286951509927	856.9495326743655	856.9495326743655	2164.213595243772	2825.405293035226	-721.0409276535448
210000	-913.8196484159134	-214.52393644613437	-699.2957119697791	353.0	4.407464620535981E-4	-2.823937476469826E-4	-2.823937476469826E-4	8.213318868106048E-4	0.46935485828795626	2909.9148409151408	1000.499031458022	1000.499031458022	1561.5303528406096	2735.4425404718345	-699.2957119697791
220000	-977.2634331972615	-205.8636247147419	-771.3998084825196	68.0	3.4934045772646086E-4	-1.8969790014773427E-4	-1.8969790014773427E-4	4.333965605141791E-4	0.4875232711015542	3755.028150516738	1643.5777762139187	1643.5777762139187	3026.750492253495	3144.189946653226	-771.3998084825196
230000	-927.7016513799783	-213.32496421566628	-714.376687164312	184.0	4.361579725682065E-4	-2.534547041588207E-4	-2.534547041588207E-4	7.956788844569185E-4	0.4302387588282475	2813.550658800298	896.2254293687938	896.2254293687938	1542.2711033708765	3145.7588507879136	-714.376687164312
240000	-978.5733870953595	-220.2805414600727	-758.2928456352868	626.0	3.89815383533005E-4	-2.0001386205655212E-4	-2.0001386205655212E-4	5.939956549248586E-4	0.4156607095646537	3101.107050805705	1044.22379648706	1044.2237964870599	2035.1314430736948	2940.678410653056	-758.2928456352868
250000	-1005.6023216679685	-241.99503048427374	-763.6072911836948	476.0	3.848681651016873E-4	-2.441522679109023E-4	-2.441522679109023E-4	6.03644878450625E-4	0.5065403055181477	3495.06751896463	1413.626938154736	1413.6269381547363	2228.3635146263387	2952.8817697619293	-763.6072911836948
260000	-1037.3302650150938	-300.7311995331241	-736.5990654819698	73.0	4.213514409857469E-4	-2.0081594768779631E-4	-2.0081594768779631E-4	7.595607616404E-4	0.3549724897586431	2715.481204855486	717.9306240145423	717.9306240145423	1506.3599601492558	3076.288784832411	-736.5990654819698
270000	-1003.9495822946101	-237.30730718398928	-766.6422751106209	454.0	5.257801462813971E-4	-2.420249475378618E-4	-2.420249475378618E-4	4.8569263102787104E-4	0.47893578308345947	2468.057368270044	1229.854885407379	1229.8548854073788	2671.7629241639434	3315.983797114146	-766.6422751106209
280000	-1027.765907234881	-271.3007229707468	-756.4651842641342	542.0	4.0594626124836655E-4	-1.9718562458151357E-4	-1.9718562458151357E-4	7.572302059148269E-4	0.3556534391150258	2820.0918863208635	734.3626490832117	734.3626490832119	1511.833189810148	3161.6658953308543	-756.4651842641342
290000	-1012.6571023213293	-254.57880457227603	-758.0782977490533	708.0	5.549885812055715E-4	-3.2623491803994344E-4	-3.2623491803994344E-4	6.785052151784169E-4	0.5316328693794353	2511.7410600670228	1207.680678847922	1207.6806788479219	2054.4979995707445	3126.2796194706143	-758.0782977490533
300000	-1055.9864181618193	-281.37017927879907	-774.6162388830202	877.0	5.547228580375597E-4	-2.524487808498404E-4	-2.524487808498404E-4	5.04687315799742E-4	0.47711607805116596	2334.0170527508294	1167.4946863207567	1167.4946863207567	2565.4153961818347	3124.7392952794394	-774.6162388830202
310000	-970.7226233258864	-253.85985475128456	-716.8627685746018	999.0	5.645692861253376E-4	-2.202965006366316E-4	-2.202965006366316E-4	8.498191917304076E-4	0.318042901803284	1970.5894412391538	510.8309653639794	510.8309653639793	1309.1423268768115	2818.4682946549183	-716.8627685746018
320000	-994.8116358304858	-251.7384030180355	-743.0732328124502	571.0	5.254718550072171E-4	-2.1810480707252857E-4	-2.1810480707252857E-4	6.298088882446136E-4	0.3791282228577133	2222.511289470665	769.6626787176209	769.6626787176209	1854.3198609147612	2709.124770129384	-743.0732328124502
330000	-1007.8738696790214	-210.64714922020065	-797.2267204588208	566.0	5.906875074665581E-4	-1.4580988396183827E-4	-1.4580988396183827E-4	2.9719769481429423E-4	0.348004895275883	1926.222314430992	945.0350963434792	945.0350963434792	3828.4127958955596	2889.522499880245	-797.2267204588208
340000	-980.9434773779038	-231.55163498906725	-749.3918423888366	176.0	7.13258873578879E-4	-2.0113135337196443E-4	-2.0113135337196443E-4	5.839817140450631E-4	0.31164241415512545	1552.8276727877098	534.815258542718	534.815258542718	1896.5801327628697	2506.5738937793813	-749.3918423888366
350000	-974.1241466203377	-255.65483170971268	-718.469314910625	137.0	6.326172536722638E-4	-3.338500006122618E-4	-3.338500006122618E-4	8.13213191756143E-4	0.4654560263923651	2017.9143959117819	828.4183399138169	828.4183399138167	1569.7820402183527	2965.216802462089	-718.469314910625
360000	-996.3341351885279	-223.04328993208946	-773.2908452564384	778.0	4.121851088786738E-4	-1.4605541138774296E-4	-1.4605541138774296E-4	5.713524129422413E-4	0.30096740968416014	2667.742213511147	681.957715841847	681.957715841847	1924.5628264240597	2840.5361377958384	-773.2908452564384
370000	-966.8442014913782	-213.28089215183147	-753.5633093395467	422.0	4.8785983563948945E-4	-2.9930650577404016E-4	-2.9930650577404016E-4	6.837265083293668E-4	0.5182358051336652	2802.406849587562	1226.7750214289342	1226.7750214289345	1999.6032454195336	3099.3413843907415	-753.5633093395467
380000	-944.1582513935754	-207.13144279566862	-737.0268085979068	623.0	4.3915279269365654E-4	-2.3398673570294149E-4	-2.3398673570294149E-4	6.215338956296706E-4	0.44786900223489023	2848.4785327921904	1072.3569515588804	1072.3569515588804	2012.6292570678327	3108.249044754191	-737.0268085979068
390000	-1031.3429864425775	-285.51184864947	-745.8311377931075	344.0	4.3799989127035413E-4	-1.8969088731463145E-4	-1.8969088731463145E-4	6.019335784967196E-4	0.3694325700806296	2643.9534813271184	833.2046920261373	833.2046920261373	1923.8855892327717	3193.7309766111343	-745.8311377931075
400000	-1035.540849672736	-238.01082149452236	-797.5300281782135	179.0	3.707976910681134E-4	-1.157972320230278E-4	-1.157972320230278E-4	4.214550462316952E-4	0.29292338126363715	2950.0115277853806	810.5328727414828	810.5328727414828	2595.430931264227	2974.3857975926016	-797.5300281782135
410000	-978.6379807091017	-257.28823577160017	-721.3497449375016	826.0	5.401899995917745E-4	-3.698699783379482E-4	-3.698699783379482E-4	9.10278777322951E-4	0.5274588737882403	2564.7457697839664	1042.1230132401354	1042.1230132401354	1522.006280764989	3276.4291222367765	-721.3497449375016
420000	-1017.3261709302927	-237.59155508061554	-779.7346158496772	12.0	5.210845196012504E-4	-3.2730717248982336E-4	-3.2730717248982336E-4	7.03162460111982E-4	0.5407214502801193	2712.0115653625767	1262.3837129717656	1262.3837129717656	2009.7592289908887	3111.751287050028	-779.7346158496772
430000	-877.7867689254309	-145.76643609794974	-732.0203328274812	665.0	3.9309420027053933E-4	-2.055379282602346E-4	-2.055379282602346E-4	6.715727232767243E-4	0.4000342096055825	3028.5742678984993	926.9091180012324	926.9091180012324	1772.7268224813504	2740.7482000336663	-732.0203328274812
440000	-935.8250622659804	-235.64482564760775	-700.1802366183726	373.0	5.326607816703802E-4	-2.1874265275948472E-4	-2.1874265275948472E-4	9.055098617324137E-4	0.31496443807946356	2084.1172711229633	503.4570685680874	503.4570685680874	1225.969568796535	2884.7997680186236	-700.1802366183726
450000	-913.5674771496006	-211.3698430029972	-702.1976341466034	453.0	5.670354707986577E-4	-2.02869130988529E-4	-2.02869130988529E-4	6.023174816377686E-4	0.34713477417341354	2005.1884258129776	675.3761028267442	675.3761028267442	1887.7303045882309	2977.0616322691276	-702.1976341466034
460000	-964.7390476285523	-218.5454253484535	-746.1936222800988	71.0	5.015941892965267E-4	-2.7106172589504374E-4	-2.7106172589504374E-4	6.082586339612572E-4	0.4907358769003273	2626.0543959368383	1170.2634325487359	1170.263432548736	2165.5485877779056	3046.5917966236316	-746.1936222800988
470000	-996.2114531343412	-226.67314202181592	-769.5383111125253	836.0	5.043620741908241E-4	-1.2041592473265223E-4	-1.2041592473265223E-4	4.508436868354664E-4	0.2525222892689348	2117.7459895685	565.6291728796497	565.6291728796497	2369.1376658843424	3013.3964807696257	-769.5383111125253
480000	-954.0977415402873	-211.8791813630249	-742.2185601772624	880.0	5.15583821492998E-4	-3.371098648257261E-4	-3.371098648257261E-4	6.46464563935288E-4	0.5839147674568242	2942.9752419491865	1534.6641430113407	1534.6641430113407	2347.151733370695	3070.7746802675306	-742.2185601772624
490000	-1034.042819201916	-301.1068931896539	-732.9359260122621	753.0	5.581069169348686E-4	-3.880050876586587E-4	-3.880050876586587E-4	8.704237341287564E-4	0.5566899172708547	2596.4076103191355	1157.3895827276046	1157.3895827276046	1664.7903655245345	2915.5105227883914	-732.9359260122621
500000	-1023.4101648589296	-250.99696588235025	-772.4131989765793	990.0	4.765877038489614E-4	-1.830917125812715E-4	-1.830917125812715E-4	4.803786895879044E-4	0.38265324780345883	2458.1858871455797	936.9138841414768	936.9138841414768	2438.786717607409	2825.7919145840315	-772.4131989765793
510000	-956.1090337985232	-227.3398405580942	-728.769193240429	733.0	5.701864398913403E-4	-2.940866486100203E-4	-2.940866486100203E-4	6.672810104038211E-4	0.47677391107617834	2269.758824816838	1000.3368229217929	1000.3368229217928	1939.491284115905	2922.3670661613505	-728.769193240429
520000	-1061.3254539325792	-299.89471365109364	-761.4307402814856	42.0	4.217431521512438E-4	-1.8351788509075016E-4	-1.8351788509075016E-4	6.396604559194128E-4	0.3533292765527379	2709.3510719091464	777.3098588226075	777.3098588226073	1786.3387532826798	2992.6732594987047	-761.4307402814856
530000	-977.1116938655293	-226.4381594308184	-750.673534434711	943.0	4.080154600061642E-4	-2.5024225878762986E-4	-2.5024225878762986E-4	5.196124084947775E-4	0.5434787716347506	3478.257601719737	1675.1082627549285	1675.1082627549283	2731.2336121778344	3233.1855736800567	-750.673534434711
540000	-1006.7775245973157	-261.99346607805666	-744.7840585192591	819.0	5.203362194410089E-4	-1.9747795433622687E-4	-1.9747795433622687E-4	6.719938832050666E-4	0.3339595992005535	2163.0805524209904	635.6616231672153	635.6616231672155	1674.9098245134462	3160.6692708092223	-744.7840585192591
550000	-947.830435183442	-207.07323221900998	-740.7572029644319	47.0	6.16846382550711E-4	-2.3929577409938132E-4	-2.3929577409938132E-4	5.684086611197774E-4	0.40412542526135115	1937.5914946197217	815.7114560499278	815.7114560499277	2102.7060037449787	2931.8838305490863	-740.7572029644319
560000	-881.2959703316579	-184.25439319516397	-697.041577136494	750.0	5.463159037557755E-4	-2.6160112757786237E-4	-2.6160112757786237E-4	7.236983376598497E-4	0.4160436543366247	2213.599929486804	800.1679808088794	800.1679808088793	1671.0344394900449	2806.2532895784752	-697.041577136494
570000	-1043.1197405247292	-279.9545417745816	-763.1651987501476	395.0	6.318011438438871E-4	-2.8260470628233193E-4	-2.8260470628233193E-4	7.115573697526708E-4	0.4214870401511086	1924.7024323897783	764.4218002765779	764.4218002765779	1708.9685948522347	3150.7633478913626	-763.1651987501476
580000	-978.9238566383428	-241.5045542126913	-737.4193024256515	991.0	5.259610840061397E-4	-2.462853973557163E-4	-2.462853973557163E-4	7.017128745323294E-4	0.40539849711283554	2275.2069247772956	798.5463312308618	798.5463312308618	1705.3560564806328	3210.7176468409184	-737.4193024256515
590000	-945.8354183364099	-207.1888730823103	-738.6465452540997	282.0	3.8695484735023556E-4	-2.20824231249836E-4	-2.20824231249836E-4	7.450712405647566E-4	0.41126114607283676	3110.352604437861	921.8463757509915	921.8463757509913	1615.3703857142157	2869.40542709545	-738.6465452540997
600000	-952.2283497323797	-221.68671596337896	-730.5416337690007	232.0	3.4030293561523997E-4	-1.5911625455588955E-4	-1.5911625455588955E-4	8.576341292703758E-4	0.29453076942720346	3217.687403854573	596.9752725076032	596.9752725076031	1276.7547746210175	3201.681112913166	-730.5416337690007
610000	-994.3426084267335	-251.25376622807224	-743.0888421986613	325.0	4.7359227015095835E-4	-1.6640804902182325E-4	-1.6640804902182325E-4	6.26495082610118E-4	0.3055013916996125	2328.8776645868957	618.5906311663466	618.5906311663466	1760.4902108416923	3117.258388585424	-743.0888421986613
620000	-982.6272500038361	-217.88098293179766	-764.7462670720384	706.0	3.4221925347530633E-4	-1.2541650969857747E-4	-1.2541650969857747E-4	5.535307954080243E-4	0.28815860745190797	3186.7132243066994	722.0311016449231	722.0311016449231	1970.1787682079087	3097.834491456765	-764.7462670720384
630000	-994.2743338036698	-269.5222047784445	-724.7521290252253	689.0	6.060115201260475E-4	-3.4834751206610625E-4	-3.4834751206610625E-4	8.516499341529005E-4	0.4848883105478239	2157.366477415846	882.4203641489474	882.4203641489474	1535.1248042403206	3023.944455886523	-724.7521290252253
640000	-1035.2853255687367	-298.30717451827695	-736.9781510504597	627.0	6.474460000664447E-4	-2.729774218282305E-4	-2.729774218282305E-4	7.651152501960243E-4	0.38784796978951513	1818.00577837906	648.6271579655411	648.6271579655412	1538.4094997552854	2912.31455154937	-736.9781510504597
650000	-968.8033609569608	-228.09201668522334	-740.7113442717374	937.0	4.281327791866048E-4	-1.6599377214064796E-4	-1.6599377214064796E-4	5.389806059854084E-4	0.3455540480975956	2652.4462200909306	816.8931285906356	816.8931285906355	2106.938838317456	2750.714767964745	-740.7113442717374
660000	-959.6774895032087	-214.7880526538079	-744.8894368494008	119.0	5.260528310984178E-4	-2.3367905993330366E-4	-2.3367905993330366E-4	4.975455050118694E-4	0.4567606814540905	2402.100816581484	1128.1795434377232	1128.1795434377234	2539.731386210324	3014.3175107797188	-744.8894368494008
670000	-987.5813437114455	-224.1152481815531	-763.4660955298924	51.0	3.624759269280244E-4	-2.3204683773615022E-4	-2.3204683773615022E-4	6.182584889316491E-4	0.4901748512871244	3631.301812966088	1362.912305531621	1362.9123055316209	2128.979244401149	3096.3030359845957	-763.4660955298924
680000	-971.3828050481611	-222.93347167489537	-748.4493333732657	454.0	4.880099575397048E-4	-1.909834942228087E-4	-1.909834942228087E-4	5.016902078331534E-4	0.3859790038172645	2407.8611704886994	916.6249066919993	916.6249066919992	2342.202835982963	2910.4459909573984	-748.4493333732657
690000	-1032.85096304077	-260.9736428215959	-771.8773202191741	290.0	4.964238702671199E-4	-2.0862248141742626E-4	-2.0862248141742626E-4	4.857355435311096E-4	0.4248492311656316	2458.0840388815723	1055.7423654775207	1055.7423654775207	2512.1727414729967	2839.1876212370075	-771.8773202191741
700000	-983.4489398871651	-253.40816578039957	-730.0407741067655	55.0	5.865699969224022E-4	-2.0257621154568038E-4	-2.0257621154568038E-4	6.483055576507041E-4	0.32850247815018974	1911.0558169494013	597.1481238766835	597.1481238766835	1729.07356945798	2812.0294139707185	-730.0407741067655
710000	-907.39542393371	-185.8501964405325	-721.5452274931775	477.0	4.3773964364725976E-4	-2.8982851596716835E-4	-2.8982851596716835E-4	7.103434806605008E-4	0.5197553562517172	3130.0257289029246	1277.087404396915	1277.087404396915	1928.8363791312943	2999.808920682433	-721.5452274931775
720000	-987.6151239667136	-258.5702900793414	-729.0448338873721	148.0	5.106258357486706E-4	-2.2356453085215083E-4	-2.2356453085215083E-4	6.783273923430778E-4	0.37986723244398035	2288.6281413303423	754.2907488140587	754.2907488140586	1722.8150751041364	3023.755615311482	-729.0448338873721
730000	-957.1738130726883	-240.25583167889744	-716.9179813937908	463.0	5.88519461618853E-4	-2.587429457966258E-4	-2.587429457966258E-4	7.615695763109622E-4	0.38648559414750516	1997.5563743392129	678.6689447272706	678.6689447272706	1543.6551544955664	2903.5712305677976	-716.9179813937908
740000	-966.8311600710695	-225.96738286641016	-740.8637772046593	484.0	5.318735798522432E-4	-3.3782518097619577E-4	-3.3782518097619577E-4	7.490997132074498E-4	0.5352023279253607	2634.8871389604346	1188.2680087539343	1188.2680087539345	1870.814833321691	2903.121685247694	-740.8637772046593
750000	-938.2942712669369	-195.79511420791115	-742.4991570590257	199.0	4.395317024764859E-4	-2.9366539901040114E-4	-2.9366539901040114E-4	6.821817050666111E-4	0.536299808957589	3193.717833424514	1374.8308037484887	1374.8308037484887	2057.7219033124366	2939.303956182304	-742.4991570590257
760000	-968.4373544865052	-235.21303621999382	-733.2243182665114	237.0	4.447537262997359E-4	-1.9940674083361592E-4	-1.9940674083361592E-4	7.928564925162333E-4	0.33580158689374556	2534.198420220894	637.3615558071504	637.3615558071505	1421.5614064017645	3003.275679762643	-733.2243182665114
770000	-991.1075549776425	-254.96683552351809	-736.1407194541245	669.0	6.093860352592055E-4	-1.652339525141025E-4	-1.652339525141025E-4	4.824370928587622E-4	0.3047422690555305	1808.9932376320496	619.5773649036859	619.5773649036857	2285.013389743725	2691.510577495369	-736.1407194541245
780000	-958.4614265288407	-199.6866747705335	-758.7747517583072	651.0	4.7206724208113455E-4	-2.5275159424014934E-4	-2.5275159424014934E-4	5.173079631473185E-4	0.5114667305791339	2868.8206498766017	1401.6776166248176	1401.6776166248178	2617.9304180302865	3013.855096404315	-758.7747517583072
790000	-924.1003491736383	-207.95176578283815	-716.1485833908001	564.0	5.448752510132935E-4	-2.2266911630694353E-4	-2.2266911630694353E-4	6.39347014182591E-4	0.3772620530733049	2139.8385419081815	745.2540585888411	745.2540585888411	1823.6498126777178	2806.856648331173	-716.1485833908001
800000	-971.2426516120779	-229.6428214163338	-741.5998301957441	40.0	4.972144346960461E-4	-2.578222730856093E-4	-2.578222730856093E-4	6.506581529849763E-4	0.4532858174371765	2531.307443512387	1003.0266061692695	1003.0266061692697	1934.3530758723414	3018.836463172575	-741.5998301957441
810000	-907.90240566583	-201.35986610294648	-706.5425395628835	308.0	5.605443479478596E-4	-2.444425172530231E-4	-2.444425172530231E-4	8.068794348507289E-4	0.36346904940703606	2055.5365931406586	622.7207156741576	622.7207156741575	1427.9945299363756	2724.3001710127533	-706.5425395628835
820000	-993.1140594125708	-240.4500861362167	-752.6639732763541	357.0	5.595419591633905E-4	-1.3062559874913343E-4	-1.3062559874913343E-4	4.813222654693821E-4	0.25170624365074673	1908.0633985780878	517.827538369766	517.8275383697661	2218.1428303699686	2931.860396819058	-752.6639732763541
830000	-1018.5133499772701	-270.5487415518915	-747.9646084253786	420.0	5.938614901767172E-4	-2.914232826929468E-4	-2.914232826929468E-4	6.597244228621375E-4	0.4655865042588291	2149.93812971003	949.702641943513	949.702641943513	1935.3011913038547	2998.1970490532635	-747.9646084253786
840000	-1016.3529832642906	-261.40882982325854	-754.9441534410321	795.0	5.088854071605975E-4	-2.54892702469586E-4	-2.54892702469586E-4	8.401046343175398E-4	0.38983489667372956	2317.2315079873824	703.0617106384487	703.0617106384486	1403.6409885840628	2919.0987260377437	-754.9441534410321
850000	-1073.2776847512023	-314.86367847887715	-758.4140062723252	75.0	6.68470387205871E-4	-1.8932962856638304E-4	-1.8932962856638304E-4	5.507007232825917E-4	0.31204675660387804	1657.332292213962	569.7869896112785	569.7869896112785	2011.7597676307287	2920.3689929718	-758.4140062723252
860000	-966.0492782068749	-213.6883005651374	-752.3609776417375	217.0	5.458875874436145E-4	-1.6853855127431838E-4	-1.6853855127431838E-4	5.411214940292928E-4	0.31009892045759835	2026.776534060142	631.2630057692535	631.2630057692535	2044.6279895980786	2938.675301838955	-752.3609776417375
870000	-987.0480585909924	-238.59209835061185	-748.4559602403805	255.0	5.103520482183314E-4	-1.9036071074887568E-4	-1.9036071074887568E-4	6.273514212332292E-4	0.336423979348571	2209.506047794636	670.442637772808	670.4426377728079	1797.4390411455965	2838.9550759780855	-748.4559602403805
880000	-959.0085476212637	-216.3455910536889	-742.6629565675747	155.0	5.503117965239169E-4	-2.207459308665958E-4	-2.207459308665958E-4	4.5317244797387485E-4	0.44203488683026654	2258.4389994703183	1100.1137016878822	1100.113701687882	2742.5445405936007	2956.884804811082	-742.6629565675747
890000	-931.7577109642509	-206.02750596192334	-725.7302050023276	859.0	5.282540718527256E-4	-2.795931159071315E-4	-2.795931159071315E-4	6.380508894342598E-4	0.4815899199341919	2464.6524964810556	1080.0076961422822	1080.0076961422822	2040.5311528090083	2988.5395933141017	-725.7302050023276
900000	-953.0047822756551	-206.7802732087765	-746.2245090668786	545.0	5.573157500385137E-4	-2.448271852038428E-4	-2.448271852038428E-4	5.52871770168216E-4	0.4410590863953791	2227.670710508612	986.475307735331	986.4753077353308	2245.5767139063614	3055.783295163166	-746.2245090668786
910000	-1029.874934512716	-216.290303454018	-813.584631058698	611.0	3.309111126240977E-4	-1.453646503959753E-4	-1.453646503959753E-4	3.355035449914587E-4	0.4362692221604735	3732.3386967692736	1617.121839440021	1617.1218394400207	3681.249778953417	3222.6104206660307	-813.584631058698
920000	-946.8663221143759	-209.23132110679717	-737.6350010075787	634.0	5.88155284145992E-4	-4.4900606539715384E-4	-4.4900606539715384E-4	8.008191077881846E-4	0.6542428613527631	2972.607520013023	1666.6920076588256	1666.6920076588258	2183.2081722133553	2951.0612321250046	-737.6350010075787
930000	-929.3537537034728	-197.77902508664943	-731.5747286168233	68.0	4.970900927474351E-4	-2.80655702772663E-4	-2.80655702772663E-4	6.135343786246725E-4	0.5082025806569633	2712.18286226918	1240.663300668575	1240.6633006685752	2197.430620881551	3044.51090421653	-731.5747286168233
940000	-967.8818262418529	-260.29511810280434	-707.5867081390485	649.0	6.192057580093349E-4	-3.9482268704589324E-4	-3.9482268704589324E-4	8.311852868973068E-4	0.5503458339265704	2316.6360255743434	1100.429079945429	1100.429079945429	1725.8178036357904	2786.010206329576	-707.5867081390485
950000	-939.3107817803501	-201.621510851269	-737.6892709290811	158.0	3.197845507229449E-4	-1.8969218356262263E-4	-1.8969218356262263E-4	5.917689859019875E-4	0.43605833912999714	3861.3241319028643	1237.751594749877	1237.751594749877	2086.6112150742833	3401.3365641270634	-737.6892709290811
960000	-922.753912901087	-230.37084839437685	-692.3830645067102	848.0	5.748831605788393E-4	-2.1764985791569396E-4	-2.1764985791569396E-4	7.626688002741595E-4	0.32870068114138123	1950.1905529666715	556.5439370394367	556.5439370394369	1470.0112400264134	2994.54647142182	-692.3830645067102
970000	-1045.1538627391712	-267.8668330152478	-777.2870297239235	419.0	5.43110949245073E-4	-2.2595958444593498E-4	-2.2595958444593498E-4	4.938485450745463E-4	0.4363044061620573	2274.156293826115	1040.5364483568303	1040.5364483568305	2501.008043437928	3077.954565722669	-777.2870297239235
980000	-999.7271650560552	-261.1714191569188	-738.5557458991365	464.0	7.727817813393112E-4	-1.579951171573734E-4	-1.579951171573734E-4	6.966557079504254E-4	0.21533078713921247	1356.944272886805	307.74250023949253	307.74250023949253	1505.2224512230114	2749.589956203299	-738.5557458991365
990000	-997.024916230455	-270.5215026072857	-726.5034136231693	727.0	4.850121549913993E-4	-1.7322586009384185E-4	-1.7322586009384185E-4	6.928922219599128E-4	0.2988158100945647	2263.9545066131586	565.9977904097226	565.9977904097226	1584.727637653386	2838.1713506599244	-726.5034136231693
1000000	-935.2766260533979	-242.33809267226894	-692.938533381129	367.0	5.105058645061963E-4	-2.5203300997457567E-4	-2.5203300997457567E-4	8.341343597175104E-4	0.3862238181318438	2302.26799748551	695.6283797863449	695.6283797863448	1409.0311718837795	2728.0885519647736	-692.938533381129
1010000	-1008.8105929192161	-259.3107381218186	-749.4998547973976	457.0	5.495541207713377E-4	-1.995914836619001E-4	-1.995914836619001E-4	4.664032030119423E-4	0.3942357551563552	2154.5157820030554	921.9983883600344	921.9983883600343	2538.625418137068	2814.100645232821	-749.4998547973976
1020000	-896.3401456216834	-172.06524407553286	-724.2749015461505	870.0	5.39490501201618E-4	-2.9327661545112477E-4	-2.9327661545112477E-4	6.217106210005648E-4	0.5063973112464015	2492.8672320122905	1175.9484877336754	1175.9484877336756	2163.189990647078	2718.10794566482	-724.2749015461505
1030000	-893.2672933180313	-209.4437279745767	-683.8235653434547	452.0	7.881508355306706E-4	-4.994604597260529E-4	-4.994604597260529E-4	9.603838329768765E-4	0.574082121757762	1892.5066015825887	984.223374867857	984.223374867857	1553.1088800830955	2694.7038842861666	-683.8235653434547
1040000	-1013.812420564694	-263.4350710346098	-750.3773495300842	333.0	5.585546436835262E-4	-3.161131053406624E-4	-3.161131053406624E-4	7.16612251250783E-4	0.49965191170005835	2386.006502746738	1052.5188812078113	1052.5188812078113	1859.743549795786	3062.045188519481	-750.3773495300842
1050000	-925.3500053518377	-228.9728747044927	-696.377130647345	928.0	5.941054844390227E-4	-2.876148955162606E-4	-2.876148955162606E-4	8.75881986982819E-4	0.3987096950111255	2001.3574021386635	657.1892203077098	657.1892203077099	1357.5086902164344	2645.444783874219	-696.377130647345
1060000	-964.7666965638865	-229.70944172914085	-735.0572548347457	382.0	3.6708879724157794E-4	-1.666274215297618E-4	-1.666274215297618E-4	7.121756833722207E-4	0.3258872263192165	3047.822885791768	713.0977378140138	713.0977378140141	1570.9910678962342	2979.3353243189927	-735.0572548347457
1070000	-924.1450295907547	-208.0808703787349	-716.0641592120198	157.0	5.30352796563926E-4	-3.861068910724972E-4	-3.861068910724972E-4	8.767347397650794E-4	0.5662275724086464	2775.353634549711	1222.2433021758377	1222.2433021758377	1678.861912021069	2659.8643759196716	-716.0641592120198
1080000	-976.6176575388793	-222.39610654551024	-754.2215509933691	606.0	4.228629433857487E-4	-1.5032805525570932E-4	-1.5032805525570932E-4	5.347681022162197E-4	0.3161240066311583	2627.4000391675263	738.5854478417116	738.5854478417115	2077.592342194328	2822.798848814114	-754.2215509933691
1090000	-1016.4751278904687	-272.7712145471484	-743.7039133433203	907.0	4.5428369620020766E-4	-3.193472449789359E-4	-3.193472449789359E-4	7.474782164204887E-4	0.5480249462867836	3146.1572766444046	1344.141724127016	1344.141724127016	1912.0931219983352	2989.6004479349117	-743.7039133433203
1100000	-982.7997669848006	-255.76467931956506	-727.0350876652356	148.0	4.8777685926496884E-4	-2.2955340583432788E-4	-2.2955340583432788E-4	7.065739130067534E-4	0.39101583431387943	2420.1413538696856	786.261253287988	786.261253287988	1670.722520089051	2938.5987496246757	-727.0350876652356
1110000	-979.3375944349008	-226.87500230581657	-752.4625921290842	108.0	4.414089128507378E-4	-1.687740621272027E-4	-1.687740621272027E-4	4.767493580370821E-4	0.36790873219089865	2620.1248690069337	927.5505251722009	927.550525172201	2425.9004243306713	2953.1445855791444	-752.4625921290842
1120000	-971.0082111149859	-254.7327211348194	-716.2754899801665	896.0	6.162051118604743E-4	-2.669228731670908E-4	-2.669228731670908E-4	8.548291295808952E-4	0.3677760855846661	1876.673742719122	585.9968151172152	585.9968151172152	1352.8036347156515	2875.5065576284155	-716.2754899801665
1130000	-1019.6339539780374	-268.98619482851126	-750.6477591495261	206.0	5.998854171725811E-4	-2.6026342140046937E-4	-2.6026342140046937E-4	4.3390644819294116E-4	0.5101300772750222	2253.3910372834725	1351.6168371292945	1351.6168371292945	3115.363756596374	2890.9214339942073	-750.6477591495261
1140000	-984.6702761966243	-223.21813111558927	-761.452145081035	395.0	5.221164681716358E-4	-1.5277565825029006E-4	-1.5277565825029006E-4	3.927660640927165E-4	0.33736769154353224	2161.2707402497	840.6774163686274	840.6774163686274	2873.0461942238762	3046.1992995029786	-761.452145081035
1150000	-931.5879044099884	-198.59595717783594	-732.9919472321525	19.0	5.70909078046986E-4	-1.8775736783460027E-4	-1.8775736783460027E-4	4.960521754481997E-4	0.3528172695015481	2000.630993561607	757.2453623856227	757.2453623856227	2302.5368148309926	2814.3381705653255	-732.9919472321525
1160000	-998.2434082173654	-264.48980599759665	-733.7536022197688	582.0	6.819190757292095E-4	-3.426478431438365E-4	-3.426478431438365E-4	7.407732014118054E-4	0.4821020202216314	1910.4903326215046	883.7055532952448	883.7055532952447	1758.702662741984	3111.145560829271	-733.7536022197688
1170000	-952.4576590657471	-189.53112172127186	-762.9265373444752	752.0	3.8486635709423665E-4	-1.8120997763322177E-4	-1.8120997763322177E-4	3.753705198395442E-4	0.4767569703558669	3362.6182821097123	1623.3027142105666	1623.3027142105666	3447.6832359857285	2956.678280133796	-762.9265373444752
1180000	-977.8552174207925	-268.3331554132106	-709.522062007582	215.0	7.733309239766558E-4	-4.937085960515997E-4	-4.937085960515997E-4	9.342419614881605E-4	0.5808424056449452	1951.5006779805153	1031.2881455086679	1031.2881455086679	1615.3800457001498	3074.5050834962203	-709.522062007582
1190000	-1008.2800784435158	-236.9590197631969	-771.3210586803189	258.0	4.329207109982005E-4	-1.0566652136775324E-4	-1.0566652136775324E-4	5.052394804029393E-4	0.22593555946404933	2434.1474233018853	509.0811401188627	509.0811401188627	2085.7293898130597	3116.268519979707	-771.3210586803189
1200000	-1042.3318550235522	-298.65076491019016	-743.681090113362	641.0	5.100353414750957E-4	-2.3296663868215372E-4	-2.3296663868215372E-4	8.280486320007904E-4	0.35848061535031756	2249.76160151332	632.957265896717	632.957265896717	1385.7373616967814	3088.77665543933	-743.681090113362
1210000	-989.2987437579612	-253.00485644473522	-736.293887313226	720.0	8.201102522525937E-4	-3.3460411500271103E-4	-3.3460411500271103E-4	5.510027109605888E-4	0.4977580464869665	1620.9630302528046	984.3525075299438	984.3525075299438	2412.6349529482463	2890.6643942302894	-736.293887313226
1220000	-909.7300823243031	-196.7674699508021	-712.962612373501	403.0	4.714936146429795E-4	-2.319879358869097E-4	-2.319879358869097E-4	8.396894216619863E-4	0.36869576743110355	2454.5877312936573	678.1492377372974	678.1492377372974	1378.2744095969242	2920.2598583194413	-712.962612373501
1230000	-900.0132176995414	-200.01660254769607	-699.9966151518454	200.0	4.4087226876001146E-4	-2.0059409964339993E-4	-2.0059409964339993E-4	5.678681230288266E-4	0.4009018109260023	2702.598393579019	954.6675882529905	954.6675882529904	2098.199629465485	2847.9738263631875	-699.9966151518454
1240000	-985.224940035828	-237.02856074976782	-748.1963792860602	699.0	5.544249215317336E-4	-2.9238974578140993E-4	-2.9238974578140993E-4	6.608545965647872E-4	0.48304524160114615	2352.6120619247904	1040.894088176372	1040.8940881763717	1973.7272988754794	2837.072351610219	-748.1963792860602
1250000	-984.5866736743654	-247.99383712882442	-736.592836545541	400.0	4.282866595676891E-4	-8.568069974825772E-5	-8.568069974825772E-5	6.644292586638602E-4	0.16061694338399746	2396.714746919718	309.0655535338775	309.0655535338775	1544.9063079477808	2692.091228822192	-736.592836545541
1260000	-963.8790249421481	-268.3419476332465	-695.5370773089016	406.0	6.754363712410857E-4	-2.804078616982528E-4	-2.804078616982528E-4	8.466318314762176E-4	0.3708093425190228	1716.5491216855103	568.5279608168959	568.5279608168959	1369.4497025781893	2629.8938131646532	-695.5370773089016
1270000	-969.3972962687611	-227.96950788485194	-741.4277883839092	331.0	4.8229783795255686E-4	-1.6564905945535877E-4	-1.6564905945535877E-4	5.034576577710197E-4	0.3361629461712631	2337.565403298949	769.1123662438538	769.1123662438538	2239.3198766211635	3073.357628124987	-741.4277883839092
1280000	-1014.7804867465766	-245.10272069718684	-769.6777660493897	38.0	3.9473580540233777E-4	-1.3509109018878957E-4	-1.3509109018878957E-4	4.401241628453946E-4	0.32410508100772867	2830.686960872996	868.8470659172899	868.8470659172897	2538.768810415449	3310.980767158582	-769.6777660493897
1290000	-996.5900113720006	-269.1110558360585	-727.4789555359422	436.0	5.381399781979861E-4	-2.446475555877824E-4	-2.446475555877824E-4	7.225476874699314E-4	0.39233765748773686	2196.331298074215	743.6562218008046	743.6562218008046	1635.786394943515	2806.549238860325	-727.4789555359422
1300000	-949.9590657510245	-216.17253951483977	-733.7865262361847	895.0	3.6998981241711756E-4	-2.4768474512000576E-4	-2.4768474512000576E-4	7.209246552883419E-4	0.4795782040777538	3510.078521489803	1205.9414219904645	1205.9414219904643	1801.4272146316573	3188.8133949624353	-733.7865262361847
1310000	-1009.4711794911622	-276.4957176218111	-732.9754618693511	285.0	5.981709046347402E-4	-1.7558526347309354E-4	-1.7558526347309354E-4	7.744285417672289E-4	0.25797923219204305	1790.9571002912633	406.06157619920015	406.06157619920015	1383.340580912161	3052.076479766717	-732.9754618693511
1320000	-1011.0494444272476	-275.5190872254235	-735.5303572018241	896.0	4.961609201013114E-4	-1.8622832396788906E-4	-1.8622832396788906E-4	5.783884643890414E-4	0.3476359216157342	2292.5289460329222	738.1437382548033	738.1437382548033	1966.607809898318	2990.394169626418	-735.5303572018241
1330000	-928.6194682167975	-210.2575880958714	-718.3618801209261	21.0	4.947434799106265E-4	-2.2289802375985814E-4	-2.2289802375985814E-4	6.628102288922519E-4	0.38924368661825154	2382.174238461637	801.1070240906943	801.1070240906943	1778.1336514067998	2811.208642066866	-718.3618801209261
1340000	-966.9423636129613	-231.17134813632688	-735.7710154766345	888.0	3.8277341563192204E-4	-1.5179805089712858E-4	-1.5179805089712858E-4	5.376520400427756E-4	0.334614427513323	2941.9076611558226	830.6038397013326	830.6038397013324	2094.4476353976856	2951.1398485049754	-735.7710154766345
1350000	-987.4885277308217	-266.5838929107933	-720.9046348200284	697.0	4.822913064574268E-4	-2.74039496227714E-4	-2.74039496227714E-4	9.454156208533512E-4	0.4058327181008948	2482.2652437451625	719.5128807851628	719.5128807851628	1266.2948664832966	3191.3364579034505	-720.9046348200284
1360000	-952.8723046721113	-194.1089700153778	-758.7633346567336	415.0	4.8242239715698187E-4	-2.503185933852894E-4	-2.503185933852894E-4	6.329399897391382E-4	0.45299990475885876	2608.0718393570046	1031.454616328946	1031.454616328946	1987.8539657745123	3082.9983438257354	-758.7633346567336
1370000	-953.4333003268889	-220.75564716072762	-732.6776531661613	322.0	6.039666691401605E-4	-2.6599803387545716E-4	-2.6599803387545716E-4	5.943009463772627E-4	0.44398544149047936	2062.234509898887	923.0177545014387	923.0177545014386	2095.7747342015246	2803.4282042418517	-732.6776531661613
1380000	-966.9705571110694	-215.7251799681889	-751.2453771428806	243.0	3.3835761387114257E-4	-1.7608635304607566E-4	-1.7608635304607566E-4	5.328121911194209E-4	0.41471586090613666	3569.341230565355	1179.613174290854	1179.613174290854	2266.6782066840747	3064.6481077909775	-751.2453771428806
1390000	-981.2917161633281	-243.714740740743	-737.5769754225852	230.0	8.271672036401903E-4	-5.03742513519451E-4	-5.03742513519451E-4	8.766273132123021E-4	0.5915676990594144	1859.7796688643543	1068.6982607844154	1068.6982607844152	1754.8492100300882	2801.9908135396463	-737.5769754225852
1400000	-946.3388546155096	-218.2668834823559	-728.0719711331537	195.0	6.028262783260784E-4	-3.3868525124662835E-4	-3.3868525124662835E-4	6.237479625365871E-4	0.5523261772585977	2387.0589419446146	1296.13514760876	1296.1351476087602	2306.9924786055753	3129.938886832031	-728.0719711331537
1410000	-1000.2695702779571	-230.63134167522836	-769.6382286027288	190.0	6.424562974210046E-4	-2.1625482411172383E-4	-2.1625482411172383E-4	4.332752563140632E-4	0.409885037559269	1870.8375647010928	933.7658742339514	933.7658742339514	2774.059578474436	2913.588009856092	-769.6382286027288
1420000	-1001.6498044625039	-251.5796273824174	-750.0701770800865	292.0	4.5958475135146257E-4	-2.0392149912551024E-4	-2.0392149912551024E-4	6.07888124770261E-4	0.3858054693549895	2556.384487281977	857.5620015356527	857.5620015356526	1932.7163684769196	2990.5758956183086	-750.0701770800865
1430000	-961.2064541693445	-207.77468419303912	-753.4317699763054	423.0	3.7480619383251356E-4	-2.1885674924481926E-4	-2.1885674924481926E-4	7.698749405088678E-4	0.40742387295937077	3199.073190740812	909.4188189305289	909.4188189305289	1557.4379465068293	2799.3953537017433	-753.4317699763054
1440000	-1007.2536530547916	-224.0397444922633	-783.2139085625283	106.0	4.664790577361954E-4	-2.0994861164296794E-4	-2.0994861164296794E-4	4.6711916310733005E-4	0.4497623416653035	2687.328290052781	1207.8306524021066	1207.8306524021064	2683.645775165098	3366.454208838121	-783.2139085625283
1450000	-1039.343808756331	-261.54216674926886	-777.8016420070622	175.0	4.92636059197264E-4	-2.4112892240764537E-4	-2.4112892240764537E-4	5.498739780802777E-4	0.46329180974734874	2584.6672382582956	1133.4197485020454	1133.4197485020454	2315.622003130961	3164.4864647510603	-777.8016420070622
1460000	-1023.0322181371364	-279.0514230802166	-743.9807950569199	734.0	4.038114872651718E-4	-1.9787293748200024E-4	-1.9787293748200024E-4	7.482415261083498E-4	0.35997816838607893	2845.0808059003675	752.3833906481711	752.3833906481711	1535.4351122365495	3260.3385339184088	-743.9807950569199
1470000	-1006.6243690034121	-270.9487624336694	-735.6756065697426	297.0	5.206297885750828E-4	-1.5287743034840962E-4	-1.5287743034840962E-4	6.8289353705645E-4	0.2563907580097735	2055.897577857129	460.24793281406653	460.24793281406653	1567.3914940028237	3146.146221202878	-735.6756065697426
1480000	-1029.9657475023478	-301.2929999534455	-728.6727475489022	884.0	5.678624737814807E-4	-2.2755495807519677E-4	-2.2755495807519677E-4	6.829693725603691E-4	0.3653962646437447	2032.3359313901203	677.1432750028865	677.1432750028864	1689.8082929072652	2927.437606289739	-728.6727475489022
1490000	-991.2734554252606	-245.33005097924092	-745.9434044460197	622.0	4.8193769541014157E-4	-2.7767548126576857E-4	-2.7767548126576857E-4	5.862739100881396E-4	0.5223863268163158	2853.694494542688	1351.5883591655759	1351.5883591655759	2345.836859596482	2843.429645353849	-745.9434044460197
1500000	-996.1273443975085	-281.17044107348335	-714.9569033240251	463.0	5.316633399731697E-4	-3.2987830596536933E-4	-3.2987830596536933E-4	8.113330200263817E-4	0.5022683615215808	2515.4779581031216	1022.7632637031116	1022.7632637031116	1648.3828216316251	2935.9906075418025	-714.9569033240251
1510000	-1023.6199934447784	-296.6862175949421	-726.9337758498363	406.0	6.270194670166685E-4	-2.7577905373936347E-4	-2.7577905373936347E-4	7.215725318796178E-4	0.409997084598868	1917.108104409798	732.7028615862048	732.7028615862048	1665.8950399748746	2703.830747574542	-726.9337758498363
1520000	-1045.5791771168883	-303.34503911705457	-742.2341379998338	17.0	5.943722956496093E-4	-1.9301548835244485E-4	-1.9301548835244485E-4	7.521994895594098E-4	0.28866648477566476	1835.3869380717983	470.96297070758226	470.96297070758226	1450.2843500013848	2627.249410342739	-742.2341379998338
1530000	-903.9304320239703	-173.4751084966975	-730.4553235272729	757.0	3.655327126701722E-4	-8.074380813993597E-5	-8.074380813993597E-5	4.972452781868891E-4	0.18939162471382656	2837.5125299053993	460.76167509273876	460.76167509273876	2085.8994500136646	2779.2321618225856	-730.4553235272729
1540000	-983.4534126314934	-263.73293145768173	-719.7204811738117	340.0	4.4712007137178697E-4	-2.1102434757720834E-4	-2.1102434757720834E-4	9.48425378683875E-4	0.32405512921486357	2498.9553079644347	556.0167677288267	556.0167677288266	1178.0927638213152	3081.1963392004823	-719.7204811738117
1550000	-943.731805440902	-257.89204926183993	-685.8397561790621	70.0	5.98859039292928E-4	-4.397887085664892E-4	-4.397887085664892E-4	0.0011483067501259375	0.5303380791328628	2323.285895638815	889.7926477935233	889.7926477935233	1211.6281292542096	2980.1554601118423	-685.8397561790621
1560000	-989.1274221306941	-243.27236424431598	-745.8550578863781	851.0	4.0122555878829977E-4	-1.4028750559961974E-4	-1.4028750559961974E-4	5.057942865683837E-4	0.31141371707157484	2760.026935490054	765.5232659796227	765.5232659796228	2189.414508764	3233.408228476246	-745.8550578863781
1570000	-951.4562519066915	-237.7227807467432	-713.7334711599483	343.0	6.691145475942714E-4	-2.494642960661469E-4	-2.494642960661469E-4	7.46125541050791E-4	0.35306300039515676	1707.3380507349807	570.842119107347	570.842119107347	1531.1159644784964	2819.758228576423	-713.7334711599483
1580000	-998.7941593254736	-259.84610708757833	-738.9480522378952	156.0	4.533843568704726E-4	-1.1557496010476094E-4	-1.1557496010476094E-4	6.217385796060896E-4	0.21768403455829316	2315.3500675649548	430.4003329774297	430.4003329774297	1688.4001343105015	2888.0507712000804	-738.9480522378952
1590000	-987.2175630728619	-230.29992853487553	-756.9176345379864	800.0	4.300612105224054E-4	-1.955868593655957E-4	-1.955868593655957E-4	5.129104884328957E-4	0.41644125495519274	2813.1091147390134	1072.715784162637	1072.715784162637	2358.7139247485916	2728.4547805566954	-756.9176345379864
1600000	-960.4445181192606	-218.5475379908913	-741.8969801283693	502.0	4.521586117447639E-4	-2.0334959275081061E-4	-2.0334959275081061E-4	5.641919935639889E-4	0.4026098948109078	2639.4550476637824	951.3288298119513	951.3288298119513	2115.3301424491196	2746.6118920311137	-741.8969801283693
1610000	-959.0564124206256	-223.51025249908432	-735.5461599215413	197.0	4.2239156904598437E-4	-1.8061101813017538E-4	-1.8061101813017538E-4	5.495250245580673E-4	0.37488052814686595	2754.5887578353136	905.3438111989024	905.3438111989022	2117.3104326489874	2830.5089944620636	-735.5461599215413
1620000	-1066.0909267486027	-306.67248089821715	-759.4184458503856	150.0	4.7705034306442715E-4	-2.2559240778291542E-4	-2.2559240778291542E-4	7.76743564845727E-4	0.3705984011668007	2429.95216774781	705.7396869820477	705.7396869820477	1492.3966772540662	3298.3765021282443	-759.4184458503856
1630000	-995.7893780685806	-240.5671537866555	-755.2222242819252	149.0	5.495143031034279E-4	-2.8797472695146244E-4	-2.8797472695146244E-4	6.472548547550139E-4	0.4828666558181284	2373.1017407111926	1055.8334492029578	1055.8334492029578	2014.7447943577447	2866.443086394282	-755.2222242819252
1640000	-985.3567377306936	-239.63000838844056	-745.7267293422531	711.0	4.6708477139289746E-4	-1.5747138553158562E-4	-1.5747138553158562E-4	5.777013316105132E-4	0.30314618727514586	2357.5964763042234	642.6399998300677	642.6399998300678	1906.1708030018654	3124.5178800365843	-745.7267293422531
1650000	-1016.3767898111818	-228.70490304830716	-787.6718867628746	51.0	4.979531927883611E-4	-2.2167754166882168E-4	-2.2167754166882168E-4	4.040626401890931E-4	0.49420039402742516	2657.199398015135	1457.797310833312	1457.7973108333122	3274.6430689502386	3150.834566133936	-787.6718867628746
1660000	-976.0696529248831	-235.54281722518928	-740.5268356996938	912.0	4.925214294586747E-4	-1.410849676158129E-4	-1.410849676158129E-4	5.628541911710632E-4	0.26796015789443095	2187.4319076177367	548.3014334599668	548.3014334599669	1914.0962382138	3054.8956734628923	-740.5268356996938
1670000	-983.2919542102627	-188.32208714630997	-794.9698670639527	59.0	3.539146644191369E-4	-2.3974409242616258E-4	-2.3974409242616258E-4	3.6691557984144167E-4	0.6652969906043786	5069.324911021623	3312.3169654758503	3312.316965475851	4889.703581110107	3460.790572547142	-794.9698670639527
1680000	-969.8738952991375	-235.82247165457582	-734.0514236445617	506.0	4.03930585966971E-4	-2.768695211408247E-4	-2.768695211408247E-4	8.91699383978934E-4	0.4613309019183737	3145.0143419096466	976.5158869349639	976.5158869349639	1424.658925223731	3319.3036255897064	-734.0514236445617
1690000	-980.8772283403207	-267.4195413597549	-713.4576869805659	273.0	6.548270663113569E-4	-2.9866425262253533E-4	-2.9866425262253533E-4	6.809446419626936E-4	0.44726408923957334	1909.0087130274994	837.2966396841151	837.2966396841151	1835.788841089234	2923.5064606876467	-713.4576869805659
1700000	-960.0367975037975	-246.06582265446104	-713.9709748493365	805.0	6.0490853748414E-4	-2.3157871807354602E-4	-2.3157871807354602E-4	7.770141332387255E-4	0.3377841983951844	1866.0560508880833	556.153163285227	556.1531632852272	1452.7319238083103	2834.697780030713	-713.9709748493365
1710000	-941.4514564152382	-259.29423549951656	-682.1572209157216	484.0	7.416583925283953E-4	-3.775944071205575E-4	-3.775944071205575E-4	9.162410628531476E-4	0.4580561510183126	1706.3477481863977	703.2072589189434	703.2072589189434	1381.216340679555	2804.1874626342465	-682.1572209157216
1720000	-1021.7685770321301	-279.70999402496955	-742.0585830071606	495.0	4.701999917772999E-4	-2.2320119131111167E-4	-2.2320119131111167E-4	8.226157652399089E-4	0.3588861392101261	2441.176314833282	662.3669089448464	662.3669089448463	1395.3550754364526	3023.5710235181614	-742.0585830071606
1730000	-1011.7138527722259	-228.17108386416962	-783.5427689080562	953.0	3.3033902721212033E-4	-1.695969927960545E-4	-1.695969927960545E-4	4.8124144783038886E-4	0.425360043956705	3695.8957609622908	1302.4913161008674	1302.4913161008674	2536.9772613267965	3399.745648317769	-783.5427689080562
1740000	-995.96005991642	-254.4606344215736	-741.4994254948465	865.0	4.193966894864224E-4	-2.0896307605071827E-4	-2.0896307605071827E-4	6.671952508592024E-4	0.39503045639709594	2825.2559712621614	884.8596833165814	884.8596833165813	1775.9463961609436	3095.305422817973	-741.4994254948465
1750000	-1006.3883487418914	-233.69133509064878	-772.6970136512426	390.0	4.3258785822224366E-4	-1.9911053928759072E-4	-1.9911053928759072E-4	5.709054337003906E-4	0.40065908750565565	2753.717004186725	960.3938680267851	960.3938680267851	2086.553167431332	2885.8964582952317	-772.6970136512426
1760000	-949.8432522109974	-190.77699779119934	-759.0662544197982	963.0	3.5264625412464057E-4	-1.1070602597086758E-4	-1.1070602597086758E-4	4.3021376718635956E-4	0.28422316519502056	3084.9106260906838	793.8337216016197	793.8337216016197	2528.7014493167803	2865.8871543544	-759.0662544197982
1770000	-957.1282380528069	-161.87611348797597	-795.2521245648309	983.0	3.1525760370970863E-4	-8.156298234985314E-5	-8.156298234985314E-5	3.307154237942292E-4	0.25259984944492286	3388.1988732952336	835.6175279938476	835.6175279938477	3229.832601794815	2905.8436412694973	-795.2521245648309
1780000	-932.60010400039	-201.7192813636311	-730.8808226367589	729.0	5.010183978451332E-4	-1.9710413670357777E-4	-1.9710413670357777E-4	7.530690930946315E-4	0.3208865324221778	2225.043320327543	582.3705245676733	582.3705245676732	1480.3258422218046	3117.100883534596	-730.8808226367589
1790000	-894.1129269531793	-204.6054355808286	-689.5074913723507	143.0	6.417530859624401E-4	-2.5088848361973085E-4	-2.5088848361973085E-4	6.02669082388008E-4	0.4034198723630066	1861.125372045821	774.7782922074028	774.7782922074028	1981.8221736890712	2924.4141771489826	-689.5074913723507
1800000	-1050.5340151466173	-277.28398093952086	-773.2500342070965	545.0	4.898381225018247E-4	-2.1299246634892729E-4	-2.1299246634892729E-4	4.982163018716932E-4	0.43115058996712996	2507.63759493663	1072.0402243931294	1072.0402243931294	2465.468285168811	2906.0173296923813	-773.2500342070965
1810000	-928.7928974625902	-219.85484402702198	-708.9380534355682	200.0	4.3060502024211465E-4	-2.2691142508771253E-4	-2.2691142508771253E-4	8.22372908000932E-4	0.3813137110461491	2717.4283194818527	749.8003965697715	749.8003965697715	1422.8803808255473	2909.375655110205	-708.9380534355682
1820000	-948.6538243327245	-209.66930295275807	-738.9845213799664	577.0	4.941443896837568E-4	-2.2246543614117797E-4	-2.2246543614117797E-4	6.943092392245357E-4	0.37980365401706223	2364.8284264398712	757.7208505457697	757.7208505457697	1683.06373222843	2876.450926996186	-738.9845213799664
1830000	-967.5922924051639	-216.0786898031091	-751.5136026020548	379.0	4.7991074308207195E-4	-1.7243661470073962E-4	-1.7243661470073962E-4	5.762643726081234E-4	0.32789769746389574	2334.745392049244	698.6300224860498	698.6300224860499	1944.3669420940375	2966.5128009315404	-751.5136026020548
1840000	-993.8935482840309	-255.57308156682728	-738.3204667172037	62.0	5.66506491948691E-4	-2.756871355772641E-4	-2.756871355772641E-4	7.282704604339106E-4	0.4292079011083508	2163.823074245505	819.1162729287545	819.1162729287545	1683.193106937356	3132.757071292317	-738.3204667172037
1850000	-989.2721707856579	-246.1520827869879	-743.12008799867	477.0	4.1450884225928815E-4	-1.8293860519567423E-4	-1.8293860519567423E-4	6.895708911005404E-4	0.34217557340527116	2732.416342261195	724.8920175115804	724.8920175115803	1642.4862899787204	3105.674985252023	-743.12008799867
1860000	-971.7373337793698	-211.6863354361385	-760.0509983432313	460.0	4.4361838921471233E-4	-2.274393194733209E-4	-2.274393194733209E-4	4.6071065367506603E-4	0.503091117257966	3018.0636237759295	1489.929375939526	1489.929375939526	2906.094123604279	2802.743072966988	-760.0509983432313
1870000	-1008.176931702263	-235.4487560057252	-772.7281756965378	196.0	4.25994487533938E-4	-1.9417221624869205E-4	-1.9417221624869205E-4	5.593829158736035E-4	0.3977686018095192	2788.6714197508727	967.9997271936085	967.9997271936087	2123.69491210157	2873.343174932545	-772.7281756965378
1880000	-988.103060653413	-175.39966618870406	-812.7033944647089	591.0	3.995395966562682E-4	-1.8770140899985105E-4	-1.8770140899985105E-4	5.142882099577941E-4	0.4140800767627382	3020.841256697014	1102.5260724787827	1102.5260724787827	2346.827467350242	2965.6808456266226	-812.7033944647089
1890000	-979.8613211853017	-186.75945698653572	-793.101864198766	6.0	4.712038920734245E-4	-1.7188924810908871E-4	-1.7188924810908871E-4	3.0780128776570603E-4	0.451345442117563	2665.1480927001985	1488.3313357100571	1488.331335710057	4079.9964267476225	3128.6964855483484	-793.101864198766
1900000	-995.8821746228745	-250.4293336668496	-745.4528409560248	990.0	5.367928731982212E-4	-2.914371209436415E-4	-2.914371209436415E-4	6.575806778212132E-4	0.4905315838834611	2453.2104733712144	1087.2530497656762	1087.2530497656762	2002.5921426464718	2703.017968692474	-745.4528409560248
1910000	-1005.121921167239	-258.62750319326125	-746.4944179739776	438.0	4.714572551146004E-4	-1.9475448937990005E-4	-1.9475448937990005E-4	8.36271257703522E-4	0.31016495827531987	2346.8560152303176	546.546040754119	546.546040754119	1323.0662717358805	2869.294610722117	-746.4944179739776
1920000	-985.1807286589412	-232.93089575538198	-752.2498329035592	19.0	5.290807780361631E-4	-2.806477242078101E-4	-2.806477242078101E-4	6.404592189367612E-4	0.4821196053564494	2462.4379408202067	1079.0345172038099	1079.0345172038099	2034.2100528395445	2929.8152972347034	-752.2498329035592
1930000	-965.435052442652	-243.77008381574905	-721.664968626903	519.0	5.607578199636954E-4	-3.2841945936745677E-4	-3.2841945936745677E-4	7.20817776601232E-4	0.5165691524834488	2432.361295502215	1108.234019174436	1108.234019174436	1892.2474746130736	2836.8778310256466	-721.664968626903
1940000	-950.088999954567	-216.07522746785023	-734.0137724867168	841.0	4.62178583407175E-4	-1.504855237313676E-4	-1.504855237313676E-4	6.380257126819796E-4	0.2771218214564692	2343.6499334090845	552.7761352900915	552.7761352900914	1697.7134066777624	2887.8557160605596	-734.0137724867168
1950000	-1010.3959029964961	-229.75945963354434	-780.6364433629518	174.0	3.615767867303895E-4	-2.71079127384939E-4	-2.71079127384939E-4	6.459593070947559E-4	0.5609100590589458	4035.2281230188096	1693.3978756445795	1693.3978756445797	2258.725592185352	3030.30198460985	-780.6364433629518
1960000	-959.0439333242284	-229.40205717988505	-729.6418761443434	455.0	6.744651729253392E-4	-3.039695182606942E-4	-3.039695182606942E-4	7.973413872147981E-4	0.41450341881805325	1790.243501482461	682.4924222431764	682.4924222431763	1514.3537161962875	2571.056679110826	-729.6418761443434
1970000	-1003.5208976756506	-284.1743839357704	-719.3465137398803	441.0	5.595488475617683E-4	-1.7709778432225596E-4	-1.7709778432225596E-4	8.295105404761477E-4	0.25994601885735064	1916.6669603862179	409.2021202928075	409.2021202928075	1292.8935034728038	2875.4635256840706	-719.3465137398803
1980000	-1025.152889088486	-229.17884140002676	-795.9740476884592	38.0	4.950875335610499E-4	-1.7949835345979683E-4	-1.7949835345979683E-4	3.760353837157954E-4	0.4160112904683132	2442.5690070600003	1165.946434739153	1165.9464347391527	3215.88211542339	3375.0475799690726	-795.9740476884592
1990000	-1015.6366768825674	-264.71744518522667	-750.9192316973407	39.0	4.818841076666139E-4	-1.9487876148713322E-4	-1.9487876148713322E-4	7.192226921842845E-4	0.3310255519420952	2330.566360936459	631.4843662726084	631.4843662726084	1561.4953524157352	2926.705292169032	-750.9192316973407
2000000	-974.1880066778988	-219.49451261666087	-754.6934940612379	72.0	4.1025524738065144E-4	-1.4685364859412484E-4	-1.4685364859412484E-4	5.607136126864157E-4	0.30618726176264194	2689.6646935694134	704.4363910714743	704.4363910714744	1967.936981134856	2949.9960732593727	-754.6934940612379
2010000	-901.3507904907907	-169.46288540805628	-731.8879050827344	90.0	4.4674804800549103E-4	-2.615941344197795E-4	-2.615941344197795E-4	5.808068467686297E-4	0.5135477210898837	3040.1917460816667	1369.295718036199	1369.295718036199	2338.470587392098	3085.0300259140713	-731.8879050827344
2020000	-1026.0026383186748	-288.14556533605673	-737.8570729826181	106.0	5.836087575835778E-4	-3.092603091968046E-4	-3.092603091968046E-4	7.163951660083257E-4	0.47828522196643053	2221.707216396199	959.0877957982698	959.0877957982697	1809.9058310234132	3179.6834203661188	-737.8570729826181
2030000	-1031.1690504858498	-285.2993305066984	-745.8697199791513	985.0	5.845126591052136E-4	-1.9900497252496631E-4	-1.9900497252496631E-4	7.730155160922075E-4	0.296055314785197	1875.1845104716863	482.7471560624502	482.74715606245013	1417.9134334451978	2791.7858387137876	-745.8697199791513
2040000	-987.3711670467466	-223.25181480921992	-764.1193522375266	387.0	3.821856180154301E-4	-1.1872056345285809E-4	-1.1872056345285809E-4	4.936176784029632E-4	0.27333385497872215	2827.7984144244024	680.1170942210493	680.1170942210495	2189.4351274785217	3244.931452463552	-764.1193522375266
2050000	-1009.7027502793021	-272.1700192427	-737.5327310366021	990.0	6.034305987973951E-4	-1.7802505105122407E-4	-1.7802505105122407E-4	5.84386141051006E-4	0.2997902475231718	1820.837721896212	554.6927033785954	554.6927033785953	1880.176683965569	2726.7182388423453	-737.5327310366021
2060000	-1021.7572471490162	-249.99344361008676	-771.7638035389294	388.0	5.378495323723984E-4	-2.899133087675241E-4	-2.899133087675241E-4	4.705482438666727E-4	0.5762828249140889	2783.7420702149648	1715.1139863993405	1715.1139863993408	3181.893440738724	2792.638803551616	-771.7638035389294
2070000	-1004.7447959214259	-264.58124589085537	-740.1635500305705	981.0	5.439721735102449E-4	-3.669739788330435E-4	-3.669739788330435E-4	0.001081501234879337	0.4784465405188906	2384.0692155179263	808.9601173036087	808.9601173036086	1199.136229473508	2852.081587392378	-740.1635500305705
2080000	-1074.6873959817021	-282.7484287029274	-791.9389672787747	249.0	7.726172361141651E-4	-3.1283117059325265E-4	-3.1283117059325265E-4	4.747867784948215E-4	0.5165097396376895	1765.2355852034132	1163.092022576345	1163.092022576345	2872.5556411952766	2936.5017304157022	-791.9389672787747
2090000	-1010.8587394041883	-269.47001088676427	-741.388728517424	959.0	5.987915773383565E-4	-1.0990675494776923E-4	-1.0990675494776923E-4	6.363434043452571E-4	0.17804950488251095	1724.7061604917278	297.8845322253478	297.88453222534775	1622.927990192061	2920.388663090172	-741.388728517424
2100000	-920.1007694499093	-193.40518315024772	-726.6955862996616	877.0	4.4054175279703616E-4	-1.338127159231019E-4	-1.338127159231019E-4	5.414466507338495E-4	0.27398451106968436	2454.160097332732	606.5192710844237	606.5192710844238	1996.7987417747565	2842.55303814226	-726.6955862996616
2110000	-991.8157953039703	-234.79228084649694	-757.0235144574733	752.0	5.006998292183477E-4	-9.607340511158755E-5	-9.607340511158755E-5	5.14656769344215E-4	0.1892585974082007	2071.3996812170544	386.67794261242676	386.67794261242676	2015.2255413833834	2964.852830850705	-757.0235144574733
2120000	-1011.6619869262472	-249.75091788238666	-761.9110690438606	179.0	4.927271799866024E-4	-2.0203397493085077E-4	-2.0203397493085077E-4	5.691246370465581E-4	0.3815201283096859	2375.2574742604156	843.194403776597	843.1944037765969	2056.4105660720006	2937.5094418153694	-761.9110690438606
2130000	-1013.141910287126	-228.43264679159634	-784.7092634955297	224.0	4.570098498378086E-4	-1.4415812979488962E-4	-1.4415812979488962E-4	4.310917743942314E-4	0.3247816554430983	2446.1658622389064	818.0037681395924	818.0037681395924	2593.234108795223	2953.4269302953576	-784.7092634955297
2140000	-976.669063506125	-245.13504972838354	-731.5340137777414	179.0	5.448070340959664E-4	-2.8927768440801713E-4	-2.8927768440801713E-4	7.156855402500527E-4	0.46326816569682117	2337.093108559947	944.6451614125735	944.6451614125735	1779.0840994716789	2773.3156622882443	-731.5340137777414
2150000	-969.0274789388603	-216.18207779087177	-752.8454011479886	300.0	4.2296316203595637E-4	-1.73932992828102E-4	-1.73932992828102E-4	4.3250614169437426E-4	0.4066629046043684	2832.7348129328934	1139.188548795076	1139.188548795076	2770.2322769189345	2944.622487322375	-752.8454011479886
2160000	-954.0265860366618	-236.97627397700782	-717.050312059654	750.0	5.435582788652479E-4	-2.538044559945332E-4	-2.538044559945332E-4	6.802204674440574E-4	0.41739893585304205	2227.873405455155	831.2660743962939	831.266074396294	1780.274325395032	2802.846645920999	-717.050312059654
2170000	-943.1028074065639	-241.88810751266178	-701.2146998939021	176.0	6.325721892178134E-4	-1.309004264671695E-4	-1.309004264671695E-4	7.537080100818499E-4	0.18957647725213114	1639.7796774764254	284.7891441017747	284.78914410177464	1376.2345716658867	2777.1218153586656	-701.2146998939021
2180000	-953.0450310831764	-220.87405443650445	-732.1709766466719	85.0	4.199263028585615E-4	-1.932664201911536E-4	-1.932664201911536E-4	5.228270944182783E-4	0.41246853135523065	2869.571220620671	1060.7555790695596	1060.7555790695596	2304.793394086273	2900.098360051082	-732.1709766466719
2190000	-986.7639040777773	-232.12749233064028	-754.636411747137	985.0	5.235776034839574E-4	-2.685949894137003E-4	-2.685949894137003E-4	7.023012544387891E-4	0.4429407678653928	2376.1237708946983	908.7481120891669	908.748112089167	1771.4409331939212	2847.6886263594793	-754.636411747137
2200000	-972.3333993228648	-221.83241342473957	-750.5009858981252	332.0	5.261226204388681E-4	-1.8123311210813196E-4	-1.8123311210813196E-4	5.972865252601311E-4	0.32329776500183366	2122.549541056166	644.0397408291799	644.0397408291799	1869.657658969338	3025.9509435907494	-750.5009858981252
2210000	-944.7426298492758	-188.00557048181776	-756.737059367458	517.0	4.923696686359756E-4	-2.599860453737894E-4	-2.599860453737894E-4	6.634985853122656E-4	0.454866959468832	2560.8428151928006	1003.4435808668937	1003.4435808668939	1900.3527004535863	2792.59244151419	-756.737059367458
2220000	-941.5502722146377	-212.98954797356913	-728.5607242410686	649.0	4.1848637567097954E-4	-1.5707812269952865E-4	-1.5707812269952865E-4	6.284265200584272E-4	0.3063005582065505	2636.9641101482957	659.1214069221917	659.1214069221916	1756.0263897325822	2707.323496974079	-728.5607242410686
2230000	-994.4700616914165	-258.43041386262877	-736.0396478287878	303.0	3.6404280769780254E-4	-1.7183699063194155E-4	-1.7183699063194155E-4	6.033906349385484E-4	0.3666411007021966	3173.534251340639	903.7769959311773	903.7769959311773	1914.683875232585	2898.893495507165	-736.0396478287878
2240000	-983.1944208755006	-254.8672361617711	-728.3271847137295	124.0	4.5980520002737225E-4	-3.729145016216973E-4	-3.729145016216973E-4	8.886109547376014E-4	0.5834001030836004	3296.979862119444	1383.6106741471608	1383.6106741471608	1705.997970096712	2986.057319027973	-728.3271847137295
2250000	-885.5530614428865	-197.71663944492312	-687.8364219979634	445.0	6.109169315651541E-4	-3.186823358998249E-4	-3.186823358998249E-4	7.771619865067904E-4	0.46249935998135494	2082.2993704195815	853.8657820755994	853.8657820755994	1636.868457365893	2977.498891046844	-687.8364219979634
2260000	-921.8989802661292	-227.24346042178857	-694.6555198443407	842.0	5.754528171687748E-4	-1.4713582028435816E-4	-1.4713582028435816E-4	7.311206881191254E-4	0.22683967584113837	1832.031376673319	368.69075622380745	368.6907562238074	1441.9611344337668	2786.1762841293626	-694.6555198443407
2270000	-896.1109498058513	-176.85064313126423	-719.260306674587	788.0	3.399627757941499E-4	-1.0403836899121471E-4	-1.0403836899121471E-4	4.334899350982048E-4	0.27101188859483916	3174.66990375983	761.9265226950296	761.9265226950297	2489.722379523843	2737.6160498736535	-719.260306674587
2280000	-1004.5988971425355	-254.43337877183805	-750.1655183706974	437.0	5.248007763167017E-4	-2.9864377182787263E-4	-2.9864377182787263E-4	8.730078336321442E-4	0.44121183895943766	2366.0859352607517	809.4049113342719	809.404911334272	1422.35119528159	2854.731453050339	-750.1655183706974
2290000	-967.9429538109207	-236.7853915294465	-731.1575622814742	447.0	5.787155491482823E-4	-2.551594321083227E-4	-2.551594321083227E-4	5.959784641295456E-4	0.4344739756015097	2130.048930466089	911.9491863761849	911.949186376185	2068.350637984544	2685.1060552429008	-731.1575622814742
2300000	-962.5804419931588	-207.64944294970505	-754.9309990434538	839.0	6.355654102977055E-4	-2.6798609134986816E-4	-2.6798609134986816E-4	6.817379455421959E-4	0.40712089633154097	1886.0021801564253	741.3733617768344	741.3733617768345	1758.267611904982	2722.563490074887	-754.9309990434538
2310000	-999.5757460175921	-268.7584878137017	-730.8172582038904	946.0	5.56590870721873E-4	-2.742600213321283E-4	-2.742600213321283E-4	8.939671993811303E-4	0.3888066406895919	2116.6229946321587	649.3583523665716	649.3583523665716	1317.8257953846785	2776.5326502391013	-730.8172582038904
2320000	-1028.9665823324392	-276.8982369716461	-752.068345360793	764.0	4.2197590696902565E-4	-1.7134371512302605E-4	-1.7134371512302605E-4	6.149222436378768E-4	0.33636767237909493	2672.137794831514	744.5722151445036	744.5722151445036	1833.6916271714229	3251.0594520005834	-752.068345360793
2330000	-966.9468320112259	-229.814785096662	-737.1320469145638	957.0	5.086736695107282E-4	-2.1911903260378001E-4	-2.1911903260378001E-4	4.8545935717753797E-4	0.4409446064029902	2440.386504608794	1101.503395007464	1101.503395007464	2557.0840070754584	2838.6785813966444	-737.1320469145638
2340000	-986.1442153308054	-241.70461146236872	-744.4396038684367	441.0	4.561218770691789E-4	-1.2669179984374607E-4	-1.2669179984374607E-4	6.016932271542657E-4	0.24183574502498437	2328.5825343964816	490.3035285317662	490.3035285317662	1765.2142131011838	3105.8119715353832	-744.4396038684367
2350000	-965.3622417341045	-225.3236761498508	-740.0385655842537	600.0	4.4018174846667497E-4	-3.5180147355463913E-4	-3.5180147355463913E-4	9.283242917927654E-4	0.550340889146126	3258.797466935603	1234.9668763596228	1234.9668763596226	1545.2177429551823	3035.960280292505	-740.0385655842537
2360000	-985.6817645158997	-238.31468564961554	-747.3670788662841	84.0	4.717570222391668E-4	-2.9578748677112053E-4	-2.9578748677112053E-4	7.48164958559824E-4	0.4978768450216941	2818.352237676115	1114.2373291883112	1114.237329188311	1777.1180594003479	3058.687289894961	-747.3670788662841
2370000	-1103.4445265531779	-275.32587354039117	-828.1186530127867	473.0	5.198775660919774E-4	-1.2695191672968504E-4	-1.2695191672968504E-4	6.593593237763063E-4	0.21683413301970264	2018.4304453250759	388.62514653164	388.62514653164	1591.4489556798069	2867.8688025427273	-828.1186530127867
2380000	-1022.2509919464101	-273.29545070944926	-748.9555412369608	855.0	6.914137062983939E-4	-3.7112246799863327E-4	-3.7112246799863327E-4	6.548073191960991E-4	0.5515583868744127	2078.681668383774	1178.1259132857574	1178.1259132857576	2194.8884113210997	2709.7948112734935	-748.9555412369608
2390000	-979.8685040303219	-266.7669930924686	-713.1015109378533	918.0	6.741066458813556E-4	-3.275758826715734E-4	-3.275758826715734E-4	7.889609231972995E-4	0.4491794394659021	1858.3995199774158	771.6058491794184	771.6058491794186	1587.8599690877377	2946.504314808381	-713.1015109378533
2400000	-978.3724335586687	-240.2370630738855	-738.1353704847833	423.0	5.144647109672475E-4	-3.160361657146648E-4	-3.160361657146648E-4	6.668067942885799E-4	0.5395838975362282	2742.1458184941575	1299.6526995979305	1299.6526995979305	2115.6611900554594	2930.6726224675017	-738.1353704847833
2410000	-1012.8716979822608	-256.60382986983063	-756.2678681124302	999.0	4.2024108034963847E-4	-2.4766023735836476E-4	-2.4766023735836476E-4	5.753700700115733E-4	0.5036552894451659	3188.3780551242285	1372.39405919113	1372.39405919113	2328.740246119395	3062.770122588811	-756.2678681124302
2420000	-986.9941961081889	-248.88172897730814	-738.1124671308808	597.0	3.83038091255848E-4	-1.5039861831148564E-4	-1.5039861831148564E-4	6.446326526674996E-4	0.30266814436651557	2873.9865893061556	670.5270207594269	670.5270207594269	1707.7111016753745	2915.061576910415	-738.1124671308808
2430000	-962.5403453823524	-249.56123236536226	-712.9791130169901	493.0	5.455862680165168E-4	-2.3087813931148187E-4	-2.3087813931148187E-4	8.685177471428993E-4	0.3353989893745887	2065.2114703654324	548.9953235051737	548.9953235051737	1297.3264190492039	2892.4225016888295	-712.9791130169901
2440000	-949.158248767138	-224.0798989507329	-725.0783498164052	362.0	4.851824732071751E-4	-2.427301717462631E-4	-2.427301717462631E-4	6.879334757090919E-4	0.4201438294580418	2502.8929893261375	883.1197588334222	883.1197588334222	1765.2285484180659	3042.010413063538	-725.0783498164052
2450000	-980.598229797823	-255.38476311374407	-725.213466684079	267.0	5.747735476816687E-4	-1.3382210823360987E-4	-1.3382210823360987E-4	6.989905238729667E-4	0.2111270293548308	1820.9853616973223	348.6286177595817	348.62861775958174	1497.379693818816	2719.7652251963077	-725.213466684079
2460000	-959.0710243903808	-189.94029804899296	-769.1307263413878	414.0	3.72450033362894E-4	-1.2575732058923102E-4	-1.2575732058923102E-4	4.0016449979923477E-4	0.32574667233456767	3003.6431745022596	943.9371004200674	943.9371004200673	2795.6178049648543	3057.612642365432	-769.1307263413878
2470000	-957.5162346897974	-211.74191742647585	-745.7743172633216	819.0	5.256289523473267E-4	-1.933671661176596E-4	-1.933671661176596E-4	5.627092822576403E-4	0.355550303371889	2177.7903002472954	748.3671445187517	748.3671445187517	2034.2824795042975	3004.6823662604816	-745.7743172633216
2480000	-952.6279115670445	-213.45291322346372	-739.1749983435808	260.0	6.327102679950072E-4	-3.036110702434795E-4	-3.036110702434795E-4	6.459895658316223E-4	0.4749002627409305	2040.7540334164453	959.1416780728044	959.1416780728044	1998.8032310282936	2983.7286440016196	-739.1749983435808
2490000	-931.7416840714827	-208.71805281200872	-723.023631259474	624.0	5.380938248266506E-4	-1.2831019228835586E-4	-1.2831019228835586E-4	6.315180979678739E-4	0.220109735165042	1953.0330846672834	396.81214433212966	396.81214433212966	1664.1091457604937	2868.5100010382316	-723.023631259474
2500000	-928.4650102912074	-207.61786663070205	-720.8471436605054	248.0	4.567488811292818E-4	-2.627223095091964E-4	-2.627223095091964E-4	6.778573601701643E-4	0.4721598445069389	2817.5077169142005	1092.0027987331464	1092.0027987331466	1898.4724115861575	3089.1066880834023	-720.8471436605054
2510000	-977.7536959604055	-229.17832345237773	-748.5753725080277	514.0	4.957726680194335E-4	-2.1776948531238323E-4	-2.1776948531238323E-4	7.01924126912441E-4	0.3691566100719195	2335.300301069027	724.5186838791961	724.5186838791963	1649.4347700802152	3127.6280690469453	-748.5753725080277
2520000	-933.315675574458	-205.54994406072646	-727.7657315137316	523.0	5.655722283540772E-4	-2.4189659938141908E-4	-2.4189659938141908E-4	7.603256044460567E-4	0.368880686246393	2046.6088948074535	651.1259505437466	651.1259505437465	1522.3808674033	2886.3827532241808	-727.7657315137316
2530000	-931.7017997841516	-208.16300969663348	-723.5387900875181	439.0	5.477011658084881E-4	-2.481705737708134E-4	-2.481705737708134E-4	7.066201588502108E-4	0.39891966033561715	2171.356023124182	762.5973634778069	762.5973634778069	1683.0176868793449	2656.5294998440236	-723.5387900875181
2540000	-996.6606736160627	-257.98169852980857	-738.6789750862541	856.0	6.973990416153503E-4	-3.532522483674091E-4	-3.532522483674091E-4	6.257636838446454E-4	0.5347355824627482	2008.0996094358313	1133.5999839757933	1133.5999839757935	2237.9802140074153	2917.5580137707125	-738.6789750862541
2550000	-1066.8912141545045	-280.1338161313664	-786.7573980231381	953.0	4.786191883681586E-4	-2.575682007835091E-4	-2.575682007835091E-4	5.082719404841201E-4	0.5222147373947876	2872.7724157178195	1455.7853059371307	1455.7853059371307	2705.173928483379	3135.6847377295608	-786.7573980231381
2560000	-960.4160455759285	-256.6192138405421	-703.7968317353864	700.0	7.927980551878214E-4	-5.261942353046241E-4	-5.261942353046241E-4	0.0011185261614968089	0.5587811210505214	1833.995221594398	862.7761659931027	862.7761659931027	1299.9140252187515	2714.0060128163673	-703.7968317353864
2570000	-958.363386584332	-234.14995118765987	-724.2134353966721	362.0	4.6973438663211155E-4	-2.0678679808291888E-4	-2.0678679808291888E-4	6.621853003346796E-4	0.3707719439025617	2468.165972740531	770.7572765240644	770.7572765240643	1750.8428965812905	3126.2997225405247	-724.2134353966721
2580000	-880.3755605638502	-182.2969739963886	-698.0785865674616	513.0	4.4010850559918777E-4	-1.844798525623759E-4	-1.844798525623759E-4	5.540549157878494E-4	0.3735877745009396	2640.727549242517	879.2648798159935	879.2648798159935	2097.6380179555067	2727.787283243468	-698.0785865674616
2590000	-953.5312716414397	-223.0531216924147	-730.478149949025	57.0	5.526423819856621E-4	-3.227966397011321E-4	-3.227966397011321E-4	7.096076847379422E-4	0.5154633075731625	2464.2440474679547	1120.9710873127478	1120.971087312748	1919.15297632326	2847.945286834838	-730.478149949025
2600000	-987.0658880548265	-209.8216462260852	-777.2442418287412	728.0	2.9873308484276256E-4	-1.2100879511291071E-4	-1.2100879511291071E-4	3.903130827156528E-4	0.35437960576081684	3828.238884225816	1186.869196290924	1186.869196290924	2930.010963104032	2958.8163966001453	-777.2442418287412
2610000	-1011.5844243807064	-255.34399026340466	-756.2404341173018	685.0	4.2592171238240746E-4	-2.001589544512803E-4	-2.001589544512803E-4	6.754095717561946E-4	0.3731870186196348	2727.7373399236917	808.3703234426887	808.3703234426886	1720.1452382867808	2924.6278570472264	-756.2404341173018
2620000	-978.6723592114594	-232.77097537626642	-745.901383835193	566.0	6.177541767811383E-4	-3.5334682878630563E-4	-3.5334682878630563E-4	7.629410474127274E-4	0.5146925264038786	2202.129463346993	1019.8893677162615	1019.8893677162614	1783.0665664256635	3033.902622243296	-745.901383835193
2630000	-909.823075215024	-181.86444076761862	-727.9586344474054	931.0	4.4683609748772204E-4	-2.1469288534201782E-4	-2.1469288534201782E-4	4.950105044955812E-4	0.45649531007794286	2827.0882351958685	1226.1471722689314	1226.1471722689314	2551.9560954683734	3264.6073835806424	-727.9586344474054
2640000	-1012.9051268893079	-239.0354880992963	-773.8696387900117	398.0	3.81233372202644E-4	-1.5499595114482913E-4	-1.5499595114482913E-4	5.509113081267825E-4	0.33820813903543395	2961.856413234585	833.3024665706416	833.3024665706416	2049.619406500897	3236.559751737378	-773.8696387900117
2650000	-1060.5966814396315	-310.9853894908947	-749.611291948737	42.0	4.950126036617533E-4	-2.5234930672809016E-4	-2.5234930672809016E-4	8.40691938519046E-4	0.3911790125673491	2385.124814951882	715.9395325871034	715.9395325871035	1404.398913099415	3043.737750555517	-749.611291948737
2660000	-1008.2900399290509	-263.96115668234285	-744.3288832467081	697.0	5.251931040764438E-4	-1.5123044219313552E-4	-1.5123044219313552E-4	5.000927796241944E-4	0.29508995243361885	2085.678431359671	630.7191071309528	630.7191071309528	2190.361417123886	2940.359983678532	-744.3288832467081
2670000	-1011.3327083430321	-267.1712364579314	-744.1614718851007	628.0	6.778352100319736E-4	-3.3745021480858237E-4	-3.3745021480858237E-4	7.172014525930053E-4	0.4839796113472303	1926.553527143214	906.4620536172212	906.4620536172213	1820.8075429680134	2908.564135018377	-744.1614718851007
2680000	-973.3505616030582	-204.0804809706613	-769.2700806323969	484.0	4.5321474494731007E-4	-2.0124483043374878E-4	-2.0124483043374878E-4	5.092660934412344E-4	0.41889033164047296	2676.0180507157365	1057.472322995095	1057.472322995095	2381.487505155259	2836.422384457305	-769.2700806323969
2690000	-969.0315233102964	-224.52291639971327	-744.5086069105831	223.0	6.110021504383835E-4	-1.8172815962199664E-4	-1.8172815962199664E-4	5.331345789044248E-4	0.3184068727179589	1821.3046663649511	620.8232559396462	620.8232559396462	2087.3173712334715	2533.9454375548057	-744.5086069105831
2700000	-990.2216590341536	-248.4683346171112	-741.7533244170424	756.0	4.6783476874178814E-4	-2.4404868203411722E-4	-2.4404868203411722E-4	8.945150950714255E-4	0.3772561969386436	2492.2026618553023	679.9424384662171	679.9424384662173	1303.4313924838193	2804.7880816575835	-741.7533244170424
2710000	-957.671714484423	-251.88461802054118	-705.7870964638818	619.0	5.90820906045018E-4	-3.0827388567490583E-4	-3.0827388567490583E-4	9.600053154028438E-4	0.4093285062196201	2033.2271359622043	652.9034991850131	652.9034991850132	1251.3192160404035	2795.864918015341	-705.7870964638818
2720000	-995.8049416616564	-251.5692384841248	-744.2357031775316	832.0	4.154371417687787E-4	-2.1839427263878474E-4	-2.1839427263878474E-4	7.747647134137673E-4	0.38494941834882473	2825.8553838932767	796.565228724057	796.5652287240569	1515.2539389201313	3095.6365306717903	-744.2357031775316
2730000	-949.9551002335265	-231.55435319345867	-718.4007470400678	682.0	4.607939770142552E-4	-2.0969689323055272E-4	-2.0969689323055272E-4	6.033763301386535E-4	0.39768981134822506	2577.87703187217	895.9131767561569	895.9131767561568	1968.7053509326647	2846.059623747238	-718.4007470400678
2740000	-1075.4067674900086	-296.2867119435651	-779.1200555464435	837.0	4.427512834867971E-4	-3.414683577752363E-4	-3.414683577752363E-4	9.385857408621993E-4	0.5297043939444142	3139.509024875918	1142.189726811871	1142.1897268118712	1480.9746086759212	3251.4370047885864	-779.1200555464435
2750000	-1012.6400131887531	-261.68405075816537	-750.9559624305876	367.0	5.344823571172428E-4	-2.2154289158107487E-4	-2.2154289158107487E-4	6.207311838557206E-4	0.3846266310749737	2195.812474471656	783.6993816590943	783.6993816590943	1890.7105969012293	2882.1745383481034	-750.9559624305876
2760000	-970.5044629607881	-259.8738083980554	-710.6306545627327	544.0	5.774689893501998E-4	-3.23932283270584E-4	-3.23932283270584E-4	8.695271186691122E-4	0.4571390621683116	2189.1813494152025	815.5542222706702	815.5542222706704	1453.8756919807734	2836.4972349054624	-710.6306545627327
2770000	-964.3672578878137	-233.70850222294771	-730.658755664866	976.0	4.4785873180735515E-4	-1.7375021173862576E-4	-1.7375021173862576E-4	5.885046952354731E-4	0.33843857164067515	2521.6820905736536	744.5017868538202	744.5017868538204	1919.0286029132815	3061.1778956142552	-730.658755664866
2780000	-1006.9559006673597	-272.26810180670043	-734.6877988606593	533.0	4.715700688760976E-4	-1.8545487822806768E-4	-1.8545487822806768E-4	6.06294072183844E-4	0.34683545335567334	2410.5526659702555	737.3463994454178	737.3463994454178	1874.906153422466	3204.180975983021	-734.6877988606593
2790000	-949.2264016468706	-216.62790002033373	-732.5985016265369	858.0	4.4146581890120915E-4	-2.404755417388022E-4	-2.404755417388022E-4	6.923032508495113E-4	0.4349849034500924	2793.8014129063836	970.4430933335807	970.4430933335807	1781.5427373519208	3088.0523361614833	-732.5985016265369
2800000	-1024.557562955848	-237.45965319064882	-787.0979097651991	487.0	5.321353905806226E-4	-1.2894850816841724E-4	-1.2894850816841724E-4	3.883773067723777E-4	0.2836470867903267	2043.6437231222978	678.527825207919	678.527825207919	2800.0996243806976	3159.7003236910477	-787.0979097651991
2810000	-1023.5858899605823	-272.7048885750757	-750.8810013855066	607.0	5.007891981190427E-4	-1.5532398659853742E-4	-1.5532398659853742E-4	5.377150077533843E-4	0.2993194740750072	2193.355622966519	633.5711938018418	633.5711938018418	2042.7341394180814	2910.5060285221875	-750.8810013855066
2820000	-976.1962608834772	-250.50947356484718	-725.68678731863	859.0	5.012047408712397E-4	-1.9862109893970255E-4	-1.9862109893970255E-4	6.863684336606943E-4	0.3386406930836498	2253.633746636189	652.1558821945463	652.1558821945463	1645.6641398515353	2971.0270753817354	-725.68678731863
2830000	-999.7360297178795	-226.17556955297886	-773.5604601649007	993.0	4.755144833936529E-4	-1.0946575208435178E-4	-1.0946575208435178E-4	4.221694295441087E-4	0.24431661336994281	2236.482356915348	579.9051425573282	579.9051425573282	2519.082809278846	3169.5364641054994	-773.5604601649007
2840000	-980.2327514013618	-241.12265335539786	-739.1100980459639	154.0	4.8102352175816366E-4	-2.4284087706793645E-4	-2.4284087706793645E-4	6.933571150669558E-4	0.4204943334561699	2525.436737255713	884.5070728026527	884.5070728026527	1752.0473172253803	2852.5564778631833	-739.1100980459639
2850000	-1001.0810470643981	-260.16791097018404	-740.9131360942141	116.0	6.26328786616138E-4	-1.1951104194961365E-4	-1.1951104194961365E-4	6.03952522072736E-4	0.1943146062202436	1659.2559864067794	328.33609356585544	328.3360935658554	1720.7309360760682	2881.898261253387	-740.9131360942141
2860000	-1083.2867953627058	-281.06093440181013	-802.2258609608957	59.0	4.681451181169666E-4	-2.7456242411918785E-4	-2.7456242411918785E-4	4.8418219212531196E-4	0.5766953438177381	3200.5061825367707	1814.8927205036819	1814.8927205036819	3094.4990733363875	3297.9225970614107	-802.2258609608957
2870000	-988.8189872679307	-256.1243411488966	-732.6946461190341	224.0	5.717088030749908E-4	-2.1383826500776952E-4	-2.1383826500776952E-4	8.220263967839064E-4	0.3119285313724634	1937.6770416173433	504.0586267617926	504.05862676179265	1347.6295001511426	2835.77355121723	-732.6946461190341
2880000	-960.533279601068	-203.19222488539828	-757.3410547156698	787.0	4.192305339461881E-4	-2.291253431674916E-4	-2.291253431674916E-4	4.487016484963254E-4	0.5282844686103092	3308.740584313322	1689.5777503237882	1689.577750323788	3091.4196248210487	3122.3293869504837	-757.3410547156698
2890000	-1034.0611534988384	-269.77931578884994	-764.2818377099884	825.0	5.398713096634749E-4	-1.7339176195362713E-4	-1.7339176195362713E-4	6.985329899022271E-4	0.28235135406742884	2012.754689220549	499.6114528438015	499.61145284380143	1555.586530355413	2851.2827896445997	-764.2818377099884
2900000	-984.8840848615198	-261.1609281023961	-723.7231567591238	889.0	5.663727215149742E-4	-1.5054579751950305E-4	-1.5054579751950305E-4	6.341104330081014E-4	0.2512089008778423	1884.547869345307	447.4153825358127	447.4153825358126	1683.2344178962767	2929.27690049858	-723.7231567591238
2910000	-966.233940211458	-219.18235680255373	-747.0515834089043	204.0	3.8406675318817694E-4	-2.112959690208466E-4	-2.112959690208466E-4	5.534334284265873E-4	0.45830559696591283	3296.024225313924	1258.3927837244348	1258.3927837244348	2287.345248090332	2833.513629569961	-747.0515834089043
2920000	-971.4683539859659	-240.75049689530672	-730.7178570906592	726.0	5.037616785636968E-4	-2.666553067050942E-4	-2.666553067050942E-4	6.803111025929092E-4	0.4554952872919801	2504.738700544155	981.7594683727896	981.7594683727897	1854.7270026028355	2840.881414359363	-730.7178570906592
2930000	-942.2468726501435	-226.36041509621091	-715.8864575539326	524.0	4.577202125653645E-4	-2.3612085769746422E-4	-2.3612085769746422E-4	6.939347705588915E-4	0.41896233576968656	2649.8711436490626	901.6551321131374	901.6551321131374	1747.858205988167	3100.57021526892	-715.8864575539326
2940000	-995.6192100349389	-225.5989943641539	-770.020215670785	246.0	4.253655655110068E-4	-1.8263071144179066E-4	-1.8263071144179066E-4	4.6793661711710586E-4	0.4093540868074734	2824.1668293807097	1102.242437144059	1102.242437144059	2567.2351265819284	2931.8820688282403	-770.020215670785
2950000	-1020.3652621850265	-246.62819712442325	-773.7370650606033	951.0	5.646479533044278E-4	-2.7236534215694644E-4	-2.7236534215694644E-4	4.6354952930423635E-4	0.5323716159379256	2471.481014889158	1452.155011925132	1452.1550119251322	3010.5018093374206	3291.769157384708	-773.7370650606033
2960000	-964.7372695334175	-225.7213795059297	-739.0158900274878	647.0	5.973328206565799E-4	-2.3429132428204812E-4	-2.3429132428204812E-4	4.714748570798428E-4	0.4414878432852913	2079.4094220618326	1033.3267615518494	1033.3267615518494	2634.4978459152853	2661.708973321685	-739.0158900274878
2970000	-989.9536117157344	-226.50388589335853	-763.4497258223759	882.0	5.605915987713241E-4	-2.5828662408579654E-4	-2.5828662408579654E-4	6.405303720391069E-4	0.4310312517559774	2190.8663460950597	883.4420615444736	883.4420615444736	1917.4442325690893	2977.131242634737	-763.4497258223759
2980000	-931.5984254726758	-162.46123082962458	-769.1371946430512	873.0	3.862669038468734E-4	-1.6932469673190846E-4	-1.6932469673190846E-4	3.5468035506311987E-4	0.45746512377077286	3274.0602626949294	1563.0390946353725	1563.0390946353727	3565.63622040524	3008.026395459756	-769.1371946430512
2990000	-930.2192724912694	-202.27452390264204	-727.9447485886274	529.0	4.1916033230404953E-4	-1.5587987961233218E-4	-1.5587987961233218E-4	4.8680635224442623E-4	0.34508164162983446	2708.220456575658	867.1971447954794	867.1971447954794	2331.889428511201	2882.2271792732413	-727.9447485886274
3000000	-1000.7119507068658	-260.7883902393144	-739.9235604675514	540.0	4.2986661366101685E-4	-9.103488658924117E-5	-9.103488658924117E-5	6.025612597743058E-4	0.17887118916133848	2403.1929397216813	363.0741159854387	363.0741159854387	1714.4354938436657	2902.6269061530484	-739.9235604675514
3010000	-1028.8122552708548	-265.1203186030654	-763.6919366677894	431.0	6.001072901035227E-4	-1.7276349989181312E-4	-1.7276349989181312E-4	4.881333337411085E-4	0.3192039885072511	1855.419595516608	656.6828383396389	656.682838339639	2281.038291191536	2770.736114880591	-763.6919366677894
3020000	-922.3523364451985	-233.68730733301436	-688.6650291121841	920.0	5.280251966440288E-4	-2.760548205089491E-4	-2.760548205089491E-4	7.650102269394171E-4	0.43434456475946404	2334.209845078397	842.3023080243969	842.302308024397	1611.1178243811303	2813.800758443872	-688.6650291121841
3030000	-1043.2464566384292	-267.8904456925505	-775.3560109458788	675.0	5.450495926294015E-4	-2.2042452724344938E-4	-2.2042452724344938E-4	5.974290946448953E-4	0.38627688800971927	2156.4605584201304	795.6371783189378	795.6371783189378	1967.3932177456047	2954.3505369345185	-775.3560109458788
3040000	-973.0602620999521	-230.91766316676265	-742.1425989331894	122.0	5.091215438310795E-4	-1.0369329772331174E-4	-1.0369329772331174E-4	5.350588797941314E-4	0.19867314237442596	2044.8810556904384	396.2936942529635	396.29369425296346	1945.7540830358957	3070.129568073623	-742.1425989331894
3050000	-991.3973451920077	-229.6349639244892	-761.7623812675185	223.0	3.571458739637203E-4	-2.078537101875018E-4	-2.078537101875018E-4	6.286254461922128E-4	0.43867105995457917	3467.1722807983842	1146.4133798408973	1146.4133798408975	1969.83160944124	2972.764188831942	-761.7623812675185
3060000	-1023.6834531944378	-269.1535087521872	-754.5299444422506	368.0	6.954652391586624E-4	-4.2944974434785564E-4	-4.2944974434785564E-4	8.115808024709232E-4	0.5716217587853467	2135.7437088986185	1130.1334223118388	1130.1334223118388	1830.1757567066186	2829.5855828546437	-754.5299444422506
3070000	-986.6033233730116	-254.6085729591896	-731.994750413822	266.0	4.248729817658257E-4	-2.204657671128524E-4	-2.204657671128524E-4	6.590632772371754E-4	0.4166276122881559	2847.995597365059	952.6938547376515	952.6938547376513	1835.9942410703973	3150.7129940186037	-731.994750413822
3080000	-1003.4648833137373	-238.12360747874874	-765.3412758349887	883.0	4.046891375885311E-4	-2.782353411016897E-4	-2.782353411016897E-4	7.672986528602401E-4	0.49930889290560687	3291.6788553013193	1193.6178770651404	1193.6178770651404	1736.0993300387445	3007.622737172521	-765.3412758349887
3090000	-995.6785438583306	-259.4445050791694	-736.2340387791612	329.0	5.785192072515353E-4	-2.00137565502233E-4	-2.00137565502233E-4	6.90384122310594E-4	0.31668268909858266	1921.2269439063036	556.9503569169822	556.9503569169822	1609.925044074133	3061.9473148632746	-736.2340387791612
3100000	-953.1164875692116	-226.0281074510611	-727.0883801181506	297.0	6.696006340215019E-4	-3.48543224889343E-4	-3.48543224889343E-4	5.938813173761836E-4	0.5527119895067558	2150.3342890387617	1262.0104821666832	1262.0104821666835	2424.4999146630394	2982.5625069861826	-727.0883801181506
3110000	-1006.1524896863148	-244.2668719447974	-761.8856177415174	481.0	4.3275271747802703E-4	-1.3919549128085757E-4	-1.3919549128085757E-4	6.039399037630462E-4	0.2722753992709175	2495.8128135015554	575.2325497218874	575.2325497218874	1788.3729335146566	2973.52858559076	-761.8856177415174
3120000	-963.4836309808327	-245.55648193829643	-717.9271490425363	68.0	5.206024393844905E-4	-3.428658629572732E-4	-3.428658629572732E-4	9.061489710888213E-4	0.49919628770691865	2558.395977684955	968.0380077255383	968.0380077255381	1469.8545486332641	3083.9338769689825	-717.9271490425363
3130000	-1043.173824377006	-252.042531562797	-791.131292814209	43.0	4.145863697281352E-4	-2.9418190040416835E-4	-2.9418190040416835E-4	4.98176781901968E-4	0.6473165306653625	4151.669938244515	2451.6320243201662	2451.632024320166	3455.05015596036	3322.5751544680434	-791.131292814209
3140000	-950.3234965763987	-210.33822728043637	-739.9852692959623	244.0	4.3591607550359996E-4	-2.0463321774297447E-4	-2.0463321774297447E-4	6.385675075002485E-4	0.3878566862604043	2700.2214491889695	865.3039769110417	865.3039769110418	1843.2975735468985	2955.7044921978477	-739.9852692959623
3150000	-995.2782750440088	-248.26453377640573	-747.013741267603	565.0	4.0186128080063957E-4	-2.8746737606278954E-4	-2.8746737606278954E-4	7.383250163141475E-4	0.5277481152450259	3449.0411781341954	1342.8866630585426	1342.8866630585424	1877.27095080497	2752.660580488913	-747.013741267603
3160000	-1007.4595093836558	-256.15550738896314	-751.3040019946927	819.0	5.18262053701949E-4	-2.635420096257475E-4	-2.635420096257475E-4	6.932349314276478E-4	0.43967819518747747	2391.925440561176	909.3206486035753	909.3206486035753	1788.2021446528256	3081.538599960524	-751.3040019946927
3170000	-999.4086451119442	-257.7983243862589	-741.6103207256854	967.0	5.431218642804704E-4	-2.518265096778468E-4	-2.518265096778468E-4	8.073632872397925E-4	0.3802929763140717	2152.509203875794	671.3940160874403	671.3940160874404	1448.01581910755	2880.321766791873	-741.6103207256854
3180000	-973.9822407115051	-222.78501309314504	-751.1972276183601	591.0	5.480544247051965E-4	-2.441785516733967E-4	-2.441785516733967E-4	5.146607728622722E-4	0.4597641828931197	2313.7169811694657	1097.732897539662	1097.732897539662	2463.842002166377	3022.7524620573367	-751.1972276183601
3190000	-1009.868081117754	-265.2766992284609	-744.591381889293	184.0	5.65465129200389E-4	-2.5293186695393894E-4	-2.5293186695393894E-4	6.491511870791564E-4	0.41747234147448115	2141.7216543516843	834.4892026898427	834.4892026898428	1865.6191902512385	3135.3786301634277	-744.591381889293
3200000	-1058.0753407163513	-283.018596721183	-775.0567439951684	213.0	5.32221959732474E-4	-2.0312190729036478E-4	-2.0312190729036478E-4	6.141202613562958E-4	0.35529055133244264	2150.3579778296335	711.2366116192941	711.2366116192941	1863.5889565982884	2824.402831410973	-775.0567439951684
3210000	-1033.64591582222	-275.9898328639605	-757.6560829582596	929.0	5.248181129648523E-4	-1.5939951675589866E-4	-1.5939951675589866E-4	4.621238828511215E-4	0.3236706991297846	2128.398902486912	734.1446073443842	734.1446073443842	2417.1490310088675	3097.62624661924	-757.6560829582596
3220000	-959.1464821746465	-225.682987835412	-733.4634943392344	791.0	4.422843767540905E-4	-1.7827372689477783E-4	-1.7827372689477783E-4	5.188619604585592E-4	0.37214366317312475	2624.451402232359	901.7248674709051	901.724867470905	2237.114957766201	2964.3718629802074	-733.4634943392344
3230000	-972.5884281280423	-235.93108668641747	-736.6573414416248	852.0	5.305966187125887E-4	-2.9777772639376604E-4	-2.9777772639376604E-4	6.11369168749035E-4	0.5228272364170362	2593.637277099338	1263.2750405864788	1263.2750405864788	2250.972472510712	3031.7385867728503	-736.6573414416248
3240000	-950.3057449172861	-208.53847310902768	-741.7672718082584	26.0	3.7639450724733577E-4	-2.3637896052831786E-4	-2.3637896052831786E-4	5.647248860014288E-4	0.5127063741159963	3604.220524242285	1508.63176416324	1508.6317641632402	2402.2472567810246	3032.812701440291	-741.7672718082584
3250000	-975.7165710134624	-217.69397046115398	-758.0226005523084	304.0	4.748172067572039E-4	-2.649619329747473E-4	-2.649619329747473E-4	5.487876390056308E-4	0.5190606409318287	2882.7575592719077	1391.8334906125904	1391.8334906125904	2494.1941012590073	3141.6661381214703	-758.0226005523084
3260000	-1079.7700418944169	-318.6990993162264	-761.0709425781905	988.0	6.397070721496484E-4	-3.782634436616851E-4	-3.782634436616851E-4	8.464124058941932E-4	0.5140587855693939	2124.6743536329845	949.5213350704876	949.5213350704875	1605.8001992516968	2821.9135696904514	-761.0709425781905
3270000	-966.2173397374587	-197.30885680581196	-768.9084829316467	672.0	3.0513280998874026E-4	-1.705931228706513E-4	-1.705931228706513E-4	5.778186632586285E-4	0.406276107243	3925.1473711170934	1158.8465211389018	1158.8465211389018	2072.780481361495	3091.0942010874282	-768.9084829316467
3280000	-980.12360355342	-234.00907246396756	-746.1145310894525	183.0	5.095451774182302E-4	-2.2342377685907787E-4	-2.2342377685907787E-4	5.71443126899918E-4	0.41404880399129407	2368.598558118652	926.078573363468	926.0785733634677	2112.0351540084393	2920.3040500533366	-746.1145310894525
3290000	-947.629129047518	-207.97295903624686	-739.6561700112711	728.0	4.957919412455227E-4	-4.927728559017625E-5	-4.927728559017625E-5	3.79289990800882E-4	0.11363480060642894	2043.3607468640137	265.4730510403432	265.4730510403432	2670.9953226381176	2805.1824506874323	-739.6561700112711
3300000	-1143.1424781987769	-275.82400604241326	-867.3184721563636	0.0	4.102736125946835E-4	-6.77855404436525E-5	-6.77855404436525E-5	1.1708332143676692E-4	0.3092806526707066	2695.2064866951578	1560.3932828856214	1560.3932828856216	9444.31784489681	3271.3815683013636	-867.3184721563636
3310000	-1030.222360018347	-266.39786035702286	-763.8244996613242	940.0	4.361008923286352E-4	-1.0116676823159863E-4	-1.0116676823159863E-4	4.786256667693153E-4	0.22143506645463246	2411.280873716185	509.6707306549549	509.67073065495487	2197.0441906731753	3087.316152449065	-763.8244996613242
3320000	-955.180203145552	-226.17686700230018	-729.0033361432519	911.0	4.105942070547006E-4	-1.2051675436739575E-4	-1.2051675436739575E-4	7.770037982718077E-4	0.21336807911480754	2551.661441655622	395.7740694147689	395.7740694147689	1348.3813189059133	2965.52603493668	-729.0033361432519
3330000	-1028.9352643306127	-264.5694790971747	-764.365785233438	229.0	4.5133450747308033E-4	-5.243685679542372E-5	-5.243685679542372E-5	5.590916153282068E-4	0.10438687386432378	2240.06063593232	210.09390153435692	210.09390153435695	1808.3202038986863	3044.357144454407	-764.365785233438
3340000	-1036.5953647343445	-275.3242378471502	-761.2711268871942	477.0	4.601713876593534E-4	-2.4768308538080996E-4	-2.4768308538080996E-4	7.298110580098467E-4	0.4273968562997172	2658.777067399444	902.3350635286633	902.3350635286633	1676.4518969039254	3051.654719447475	-761.2711268871942
3350000	-936.147128642933	-205.8718243006394	-730.2753043422937	607.0	5.81792283481358E-4	-1.9737507854320304E-4	-1.9737507854320304E-4	5.817278350454854E-4	0.3392723094395516	1942.408838694711	659.0420365056171	659.0420365056171	1942.6240341932541	2789.004814687286	-730.2753043422937
3360000	-988.7166441618908	-195.37456809711	-793.3420760647808	584.0	3.523043059016383E-4	-2.062490559656363E-4	-2.062490559656363E-4	4.897597862384832E-4	0.49652535711690354	3767.214650101575	1586.4603159252047	1586.4603159252047	2709.9120421460043	3093.4994439006314	-793.3420760647808
3370000	-965.6123824561275	-238.58477158813764	-727.0276108679899	198.0	5.513004660273031E-4	-2.456285206541615E-4	-2.456285206541615E-4	7.091736992830954E-4	0.3928333064460654	2144.8876909842966	742.900633566053	742.9006335660531	1667.40191410262	2822.5893503213433	-727.0276108679899
3380000	-977.4893484405129	-257.96452898939225	-719.5248194511206	949.0	5.658149111445953E-4	-5.123272680983594E-4	-5.123272680983594E-4	0.0010990704019168082	0.6496770432368789	3058.145068318629	1425.5420813513524	1425.5420813513524	1574.370556317613	2946.363701112635	-719.5248194511206
3390000	-965.6115976963814	-225.07896149004054	-740.5326362063408	957.0	3.459733591117893E-4	-1.6905997866690158E-4	-1.6905997866690158E-4	6.309313727262782E-4	0.36184986857279416	3325.8698146281026	891.1769238551616	891.1769238551616	1823.7519981980504	3027.5024481610094	-740.5326362063408
3400000	-990.2677628595187	-285.9128585375646	-704.3549043219541	817.0	7.334572038416936E-4	-3.428280241730762E-4	-3.428280241730762E-4	0.0010123757511948826	0.39784880632248937	1619.7928216217827	548.5220007995138	548.5220007995138	1173.5254547013149	2884.5812585453687	-704.3549043219541
3410000	-969.1912530142256	-192.4879443189966	-776.703308695229	682.0	3.4145831630602477E-4	-9.67838785360133E-5	-9.67838785360133E-5	3.2625377294811457E-4	0.28997222666757666	3197.470958720461	948.5365888487253	948.5365888487253	3346.4840579046213	2909.6829377162367	-776.703308695229
3420000	-919.6014947651536	-210.1381517851534	-709.4633429800002	869.0	4.8509991762340414E-4	-1.9704883813530293E-4	-1.9704883813530293E-4	6.517926716957991E-4	0.350431825807063	2350.019122926171	710.453734564948	710.453734564948	1749.0133480312606	2738.0539701455295	-709.4633429800002
3430000	-973.7802687874841	-247.96247969742254	-725.8177890900616	62.0	6.213472025278904E-4	-1.882574323474826E-4	-1.882574323474826E-4	7.532382566573225E-4	0.2751812078556713	1741.2627282267122	435.19516880760995	435.1951688076099	1436.369854408446	3003.8755835966604	-725.8177890900616
3440000	-928.231360171415	-198.11864991418582	-730.1127102572292	204.0	4.905308558411174E-4	-2.157112006373243E-4	-2.157112006373243E-4	4.893781715666342E-4	0.44026811437877383	2528.7755008614836	1114.649633200503	1114.649633200503	2534.731793812209	2909.3126249080015	-730.1127102572292
3450000	-957.7866739278855	-220.4903765711143	-737.2962973567712	207.0	5.12987149466344E-4	-2.5581531774881023E-4	-2.5581531774881023E-4	6.502509482809996E-4	0.44292766363237523	2425.143054503891	954.0758728830615	954.0758728830615	1913.2109316670192	3198.5716041964843	-737.2962973567712
3460000	-1053.4370977382127	-266.02645468062326	-787.4106430575895	542.0	5.143186472932337E-4	-1.8165112974733878E-4	-1.8165112974733878E-4	4.448036337108113E-4	0.37978499729831633	2272.029906339186	927.862922033998	927.8629220339981	2627.108367549607	3039.1117121527986	-787.4106430575895
3470000	-1040.5074421165066	-285.2007689976083	-755.3066731188983	202.0	5.305889314241516E-4	-3.6831136685656825E-4	-3.6831136685656825E-4	9.246940775877198E-4	0.5258198673397992	2604.9248260669606	1037.5576598805633	1037.5576598805633	1494.7043713189537	2929.0705982303953	-755.3066731188983
3480000	-901.9858681117688	-184.2456421697275	-717.7402259420413	243.0	3.6907937763215116E-4	-2.0498551106505806E-4	-2.0498551106505806E-4	6.668188156831287E-4	0.4131990861041084	3267.2780184896737	1004.3877567036106	1004.3877567036106	1808.4146836498562	2717.6117219906873	-717.7402259420413
3490000	-995.6617983519639	-254.3697561556179	-741.292042196346	437.0	5.127828118445648E-4	-1.6671511398010254E-4	-1.6671511398010254E-4	6.355865715747496E-4	0.2920255747923282	2131.9541507907625	559.2141104693457	559.2141104693458	1720.0323182687112	3110.3623728932716	-741.292042196346
3500000	-953.7036877828521	-230.49560024110426	-723.2080875417478	728.0	4.4981352770705007E-4	-2.645821746483014E-4	-2.645821746483014E-4	6.355326453432422E-4	0.4948520726616398	2944.087371528735	1225.6695935626922	1225.6695935626922	2083.748704600196	2949.398957072434	-723.2080875417478
3510000	-989.8823692347323	-278.2453182519851	-711.6370509827473	575.0	6.172906762168009E-4	-3.44160209503151E-4	-3.44160209503151E-4	7.454124744905745E-4	0.507361455502729	2181.5465703776804	1007.2296217140334	1007.2296217140334	1806.5814615554964	2815.5913798591755	-711.6370509827473
3520000	-969.2515964451851	-234.5150924537614	-734.7365039914237	202.0	3.6669733277813077E-4	-1.4506395182998147E-4	-1.4506395182998147E-4	7.60566227514005E-4	0.2746863701076759	2949.599617040463	562.5816152298329	562.5816152298329	1422.111938716365	3013.730990425844	-734.7365039914237
3530000	-966.8721623701225	-270.1199368631861	-696.7522255069364	218.0	6.104232122141201E-4	-2.8694016604928284E-4	-2.8694016604928284E-4	9.278925352012231E-4	0.3812650402706873	1916.8462734842453	592.7628115741235	592.7628115741235	1261.016136235187	2895.6566375451157	-696.7522255069364
3540000	-959.457115791911	-243.9735207438716	-715.4835950480393	151.0	4.755387967041042E-4	-1.7789152375760302E-4	-1.7789152375760302E-4	6.617076651340604E-4	0.31712406162679546	2338.00562408616	628.5424892853098	628.5424892853098	1680.2168687891956	2872.087447775398	-715.4835950480393
3550000	-902.9474133731946	-219.36678467987988	-683.5806286933148	889.0	5.025922567894914E-4	-2.226958709434735E-4	-2.226958709434735E-4	6.472900261127922E-4	0.3904404552692229	2347.554456525274	807.6606516288738	807.6606516288738	1822.7728601454935	2836.534820581869	-683.5806286933148
3560000	-931.6599409172884	-196.7052949605737	-734.9546459567147	659.0	3.5671495703044263E-4	-2.645462730131872E-4	-2.645462730131872E-4	6.055629072924004E-4	0.5691953650488016	4146.87836083607	1811.6057007245045	1811.6057007245045	2442.774348432545	3147.1052383484684	-734.9546459567147
3570000	-974.5036569430673	-239.68509200195103	-734.8185649411163	390.0	4.8659996590422595E-4	-1.7648079997408078E-4	-1.7648079997408078E-4	6.26209548772115E-4	0.3197065866708113	2289.044709995342	645.1074442868742	645.1074442868742	1778.7162141188062	2828.005591147217	-734.8185649411163
3580000	-958.0520460203757	-213.7863259602313	-744.2657200601443	425.0	3.8348396832051974E-4	-2.7537188215515627E-4	-2.7537188215515627E-4	7.226747574470523E-4	0.5230877431460614	3589.958100477073	1367.9369713684102	1367.9369713684102	1904.9944173208628	2945.5929993173518	-744.2657200601443
3590000	-1003.213424236356	-185.87673883368498	-817.336685402671	916.0	2.7973919555907955E-4	-1.1570568899005291E-4	-1.1570568899005291E-4	3.445300575716272E-4	0.3727043774194822	4151.426973688004	1394.1997446263397	1394.1997446263395	3370.727216740184	3149.804122662624	-817.336685402671
3600000	-985.4025464387853	-221.04180953683706	-764.3607369019483	4.0	3.435164673911722E-4	-8.596363677548674E-5	-8.596363677548674E-5	4.568086003655538E-4	0.21700706043453358	3054.9316315013507	574.8863592633224	574.8863592633224	2297.284511139049	3001.855605811068	-764.3607369019483
3610000	-996.7711298794134	-252.3044574475718	-744.4666724318415	522.0	4.4477302084450785E-4	-2.233783689830582E-4	-2.233783689830582E-4	8.183563550257301E-4	0.37025477489887443	2605.5256733065144	711.203709328309	711.203709328309	1416.0915565542623	2898.5464519394523	-744.4666724318415
3620000	-967.8182347085349	-235.56338482350068	-732.2548498850342	361.0	4.97214488580447E-4	-1.6389193156817814E-4	-1.6389193156817814E-4	6.890435275474292E-4	0.28000278904082904	2182.3002110296347	519.069380305108	519.0693803051079	1574.7499830936476	2751.7176423744777	-732.2548498850342
3630000	-984.9111373771598	-246.14800346396038	-738.7631339131995	152.0	4.3887032303518823E-4	-2.3152664876080782E-4	-2.3152664876080782E-4	5.746039372482578E-4	0.4610505874416841	2893.68017973119	1165.9580298164165	1165.9580298164165	2210.1316627255665	3099.00152124021	-738.7631339131995
3640000	-913.5623739858868	-218.72761767712694	-694.8347563087598	520.0	4.4991551733902096E-4	-1.2864666510652422E-4	-1.2864666510652422E-4	8.079369244090739E-4	0.2133753852024212	2328.6612448021597	370.78946914787247	370.78946914787247	1296.7606715447273	2803.604591584243	-694.8347563087598
3650000	-1012.6166478588798	-271.0585945320614	-741.5580533268184	683.0	5.623412815594701E-4	-2.5589908595624665E-4	-2.5589908595624665E-4	5.774159397705731E-4	0.44908067546990116	2227.508974709328	987.1870021702906	987.1870021702906	2169.355165395976	3085.661323543967	-741.5580533268184
3660000	-1099.9171704760863	-282.0782588242692	-817.8389116518172	976.0	6.492804186160993E-4	-2.623781353075739E-4	-2.623781353075739E-4	5.674389557228667E-4	0.43226683354258005	1894.0851247010219	875.8061428824121	875.806142882412	2167.268162077029	3095.6072813128103	-817.8389116518172
3670000	-994.6198165875344	-274.79916193727576	-719.8206546502586	295.0	4.78426425735137E-4	-3.510068436896046E-4	-3.510068436896046E-4	0.0011733327457514188	0.46848685373381255	2677.939533186282	801.1155459002866	801.1155459002866	1091.9298415869555	2921.9004338903756	-719.8206546502586
3680000	-943.2667844280924	-217.23332752971217	-726.0334568983802	973.0	4.929448889461593E-4	-2.2296631228779405E-4	-2.2296631228779405E-4	7.312860819267805E-4	0.3713611029890802	2353.144275880553	717.4646344858928	717.4646344858928	1586.206099659327	3033.538694378912	-726.0334568983802
3690000	-923.0944277870842	-230.17183661385252	-692.9225911732317	117.0	5.73971017663385E-4	-4.1037340376680727E-4	-4.1037340376680727E-4	9.241045337825646E-4	0.5634737310970468	2552.754581374397	1133.6191396572144	1133.6191396572144	1585.5426430156265	2957.684004549514	-692.9225911732317
3700000	-983.1721258032144	-239.5931159333284	-743.579009869886	358.0	3.4225065623822847E-4	-1.2498514692752422E-4	-1.2498514692752422E-4	5.982256114451007E-4	0.276219133904604	3163.1760302922958	660.8711050479435	660.8711050479435	1809.6835900245019	3095.5140507589826	-743.579009869886
3710000	-973.2205164271585	-244.51976340456142	-728.700753022597	929.0	4.3325203566779827E-4	-2.4934586955748417E-4	-2.4934586955748417E-4	7.938256458981403E-4	0.4251765560310685	2817.450184659074	884.9796801838963	884.9796801838964	1537.700418478024	3065.6944166377243	-728.700753022597
3720000	-1003.6824514022247	-249.43018935521403	-754.2522620470107	549.0	4.3773732934483005E-4	-1.7091419798769445E-4	-1.7091419798769445E-4	7.115334817793916E-4	0.3062482946303246	2520.9057908228165	605.5352312635126	605.5352312635126	1550.8680851463162	2907.349966030401	-754.2522620470107
3730000	-993.0485012590135	-256.6722905663926	-736.3762106926209	198.0	5.130410889942429E-4	-1.7148072364526012E-4	-1.7148072364526012E-4	5.26021821055591E-4	0.33009378913471976	2187.517728772812	713.1208404321205	713.1208404321205	2133.5359729215693	2888.743745060427	-736.3762106926209
3740000	-941.0143570823828	-195.47934195119112	-745.5350151311917	354.0	3.955432253419845E-4	-1.3826704859840673E-4	-1.3826704859840673E-4	3.95883452645383E-4	0.349412182380164	2879.754702090657	1005.7889024781467	1005.7889024781468	2877.2798040614657	3242.7846637799917	-745.5350151311917
3750000	-981.5365073841795	-225.52772129860642	-756.008786085573	84.0	5.91116717630394E-4	-1.815409279583758E-4	-1.815409279583758E-4	4.199753600578571E-4	0.36435608294526056	1950.675957466208	843.2102383714199	843.2102383714199	2745.5829050997168	2945.2709044551298	-756.008786085573
3760000	-927.1261555817689	-192.53160686614459	-734.5945487156243	399.0	4.291302202275624E-4	-1.72483941677717E-4	-1.72483941677717E-4	6.65677295904314E-4	0.32271729907590124	2601.200830284515	673.9983097866019	673.998309786602	1676.8693960632916	3235.5779674980117	-734.5945487156243
3770000	-905.5615515877139	-174.2711807623647	-731.2903708253492	572.0	3.716858924345459E-4	-2.030866067313358E-4	-2.030866067313358E-4	5.113938087318077E-4	0.46581719038298564	3436.0082974763304	1364.5203636032597	1364.5203636032597	2497.3235667969484	2757.0638098775507	-731.2903708253492
3780000	-986.0394306600209	-246.70513331790403	-739.3342973421169	383.0	5.685671343500585E-4	-3.2182914220665643E-4	-3.2182914220665643E-4	8.004030799046525E-4	0.47706781272912796	2277.049331187716	915.5647340908283	915.5647340908283	1617.5042869167141	2863.5577999723037	-739.3342973421169
3790000	-987.0757687869423	-241.40792193219596	-745.6678468547464	579.0	4.244335217692312E-4	-1.5775447277681793E-4	-1.5775447277681793E-4	6.538491072391663E-4	0.29945948641097375	2588.179079675077	624.4511488134281	624.4511488134278	1680.0664703731488	2925.4022685069594	-745.6678468547464
3800000	-923.8050424602441	-209.82813665133108	-713.976905808913	170.0	5.144779070615381E-4	-2.1141820647635313E-4	-2.1141820647635313E-4	6.590775524390191E-4	0.3630703293970952	2238.8424112497205	718.1735220961035	718.1735220961035	1747.6470769150292	2814.200287629497	-713.976905808913
3810000	-979.0400404277348	-234.761555390444	-744.2784850372908	960.0	4.290743552254965E-4	-1.481116499025219E-4	-1.481116499025219E-4	5.97933147959172E-4	0.29241296563727687	2548.5095701437585	631.2812034500768	631.2812034500768	1828.7999324468071	2861.364305734764	-744.2784850372908
3820000	-977.6173876665353	-240.46490107134392	-737.1524865951914	837.0	5.491924334805681E-4	-2.9366707057525046E-4	-2.9366707057525046E-4	6.546921263796855E-4	0.4897499716244447	2395.405440158731	1074.4771016895802	1074.4771016895802	2009.400281210079	3004.986642786978	-737.1524865951914
3830000	-1006.2394631785669	-249.6294524923841	-756.6100106861828	291.0	4.490337694423954E-4	-1.982556166834288E-4	-1.982556166834288E-4	7.546545492069258E-4	0.340574322332143	2519.2092711075356	661.822536050316	661.8225360503161	1498.9772952517762	2670.347326951929	-756.6100106861828
3840000	-1021.8446832039917	-276.3061386609014	-745.5385445430903	51.0	5.181669616129233E-4	-1.2872145228303285E-4	-1.2872145228303285E-4	4.979396849569492E-4	0.2534123063199134	2062.3173703929137	533.125788133261	533.125788133261	2146.092705566219	2987.020560898502	-745.5385445430903
3850000	-1000.6360186944869	-234.45188530428103	-766.1841333902058	712.0	4.2442828455749684E-4	-1.9209564185012156E-4	-1.9209564185012156E-4	4.704384200765013E-4	0.42989655160157353	2890.263211322231	1180.1905265400121	1180.1905265400123	2607.587740180006	3030.4940218760676	-766.1841333902058
3860000	-1015.710848497641	-228.2227221974654	-787.4881263001756	635.0	3.4263842753246194E-4	-1.625758313265365E-4	-1.625758313265365E-4	3.768970138977085E-4	0.4524041717093113	3669.5796028787495	1582.88586154421	1582.88586154421	3336.0279823729734	2876.2992323765484	-787.4881263001756
3870000	-940.2419983343607	-210.07954827534095	-730.1624500590198	840.0	4.798465476685695E-4	-2.9106246696445744E-5	-2.9106246696445744E-5	5.187743707465764E-4	0.05833722445174529	2091.1161248720027	117.32372536802276	117.32372536802276	1934.202824726822	3043.718594717659	-730.1624500590198
3880000	-991.9635800488356	-246.71756952843862	-745.246010520397	949.0	4.8083702015035005E-4	-2.50637553910973E-4	-2.50637553910973E-4	6.786289504586953E-4	0.4387640165605658	2575.532458189947	951.2195948945647	951.2195948945647	1824.8725635113267	2967.7221678362757	-745.246010520397
3890000	-909.7781252555259	-197.7377027645738	-712.0404224909521	85.0	3.5510994844121125E-4	-1.604975622442217E-4	-1.604975622442217E-4	8.37724403704207E-4	0.29426352780752285	3082.988363773081	590.6621731740728	590.6621731740729	1306.8735183831138	3026.7998592998265	-712.0404224909521
3900000	-1014.9013934242286	-271.952665409686	-742.9487280145426	637.0	4.946824033959688E-4	-2.774323636434016E-4	-2.774323636434016E-4	7.691547596787934E-4	0.44976641740243545	2534.1271922717615	914.0538856166892	914.0538856166892	1629.8256159886269	2844.9538312831646	-742.9487280145426
3910000	-937.7892999854872	-219.11462815495608	-718.6746718305311	827.0	5.173028029690836E-4	-2.0857542695473216E-4	-2.0857542695473216E-4	6.242501597252662E-4	0.36703830816773053	2234.071442455732	746.451398847305	746.4513988473051	1851.3273904874222	2814.243484209511	-718.6746718305311
3920000	-976.6634536991434	-214.95678638766995	-761.7066673114734	584.0	4.383633683489458E-4	-1.7563432678832088E-4	-1.7563432678832088E-4	6.839015334755193E-4	0.3207712850295075	2542.857881911717	653.037184955993	653.037184955993	1629.9067801218598	3196.7554386354814	-761.7066673114734
3930000	-1006.5890178804896	-255.15050518094756	-751.438512699542	254.0	5.30251399145914E-4	-3.0427586194297295E-4	-3.0427586194297295E-4	7.7057191812508E-4	0.47601430128158406	2438.4181236862178	962.8585715493934	962.8585715493932	1677.941528070965	2970.4991578411195	-751.438512699542
3940000	-1058.4349637205253	-306.8640176140174	-751.5709461065079	403.0	6.288052206068905E-4	-2.2872163253317266E-4	-2.2872163253317266E-4	5.670324208425541E-4	0.3830409689596103	1863.7707443156514	751.7818587410314	751.7818587410316	2066.8108752911726	3034.456115764274	-751.5709461065079
3950000	-1011.4983206698042	-252.6800664654213	-758.8182542043829	112.0	4.141620128436636E-4	-1.5046402457261608E-4	-1.5046402457261608E-4	7.126747483551738E-4	0.27695031100122397	2615.095753377436	552.11417635332	552.11417635332	1519.7301763496007	3251.669778917175	-758.8182542043829
3960000	-979.4068414309115	-227.71915946182318	-751.6876819690883	812.0	5.028837615887714E-4	-1.765163028915771E-4	-1.765163028915771E-4	5.400385715180864E-4	0.3387182731867798	2246.2426772150375	734.2039507746483	734.2039507746484	2091.7005312856604	3153.67107769587	-751.6876819690883
3970000	-983.1426285372149	-243.47212134194643	-739.6705071952684	566.0	5.209661055336117E-4	-1.998610742093695E-4	-1.998610742093695E-4	6.024635683813909E-4	0.35674515866915674	2199.42515219851	729.6366064797853	729.6366064797854	1901.9008220396843	2918.917067131853	-739.6705071952684
3980000	-1025.9570669251852	-260.20216817557395	-765.7548987496114	449.0	3.742775776906145E-4	-1.5297754954105749E-4	-1.5297754954105749E-4	5.101164645482842E-4	0.3501032355108304	3045.052866668063	913.1732812787126	913.1732812787126	2234.1858969119953	3008.3513921583244	-765.7548987496114
3990000	-1046.1830218169914	-240.2010017198242	-805.9820200971673	518.0	3.50212850783092E-4	-5.5159260094564496E-5	-5.5159260094564496E-5	2.6933056146677756E-4	0.1796013408394358	2950.5822293505616	604.2831965774643	604.2831965774643	3836.667507702258	2766.0301203492336	-805.9820200971673
4000000	-1007.2681938293551	-289.4000544917871	-717.868139337568	158.0	5.594667088730818E-4	-2.1798918739852864E-4	-2.1798918739852864E-4	6.679415101573042E-4	0.35659776012628186	2047.8214464134098	668.3263822543506	668.3263822543507	1715.2518709532037	2971.2700415985187	-717.868139337568
4010000	-1039.5468196881093	-280.8768948890552	-758.6699247990541	566.0	5.854706634065221E-4	-1.8341957527813986E-4	-1.8341957527813986E-4	7.070254084468436E-4	0.2850858116403408	1859.1259660644546	482.3024618495606	482.3024618495605	1539.4973075990688	2875.09241495171	-758.6699247990541
4020000	-961.7730593472104	-210.5790223388962	-751.1940370083142	464.0	3.6514958052291804E-4	-1.7995537318000657E-4	-1.7995537318000657E-4	5.30545112427408E-4	0.40885400515676135	3288.2774293869093	1115.349436011776	1115.349436011776	2263.1687595612275	3001.6849336248783	-751.1940370083142
4030000	-1019.8789496027991	-241.99128085908623	-777.8876687437129	816.0	5.389187585838038E-4	-2.8735167585823774E-4	-2.8735167585823774E-4	7.417841011154731E-4	0.4544784798192633	2338.6084347653346	905.9280886385818	905.9280886385819	1699.0387803973078	2811.5006045601563	-777.8876687437129
4040000	-988.9169350106662	-233.79876418715676	-755.1181708235094	308.0	5.951613198643838E-4	-3.011831210701865E-4	-3.011831210701865E-4	7.000351550584729E-4	0.46660926203165304	2147.8572213277093	924.0940785017909	924.0940785017909	1826.081918155769	2960.4701701615545	-755.1181708235094
4050000	-1000.0124214299171	-251.00186634984846	-749.0105550800687	377.0	5.092567719966791E-4	-1.8803095029314162E-4	-1.8803095029314162E-4	6.141490012083869E-4	0.3362203992729789	2213.9162501568526	677.8237456502385	677.8237456502384	1835.7952887776744	2984.758213393323	-749.0105550800687
4060000	-945.3498177229578	-242.60846826002242	-702.7413494629354	568.0	5.489797780032384E-4	-2.555886735146004E-4	-2.555886735146004E-4	8.918216468013781E-4	0.3652787648350389	2102.0318351238425	602.4248574271475	602.4248574271475	1293.9503928177623	2535.613031906015	-702.7413494629354
4070000	-1032.5682575730348	-257.00830648428325	-775.5599510887514	438.0	5.876743707177799E-4	-2.1042660657613252E-4	-2.1042660657613252E-4	6.919077135466002E-4	0.3299956309941651	1909.5691949422574	580.748209402573	580.748209402573	1621.899645008319	2958.7985545214588	-775.5599510887514
4080000	-919.4299259079363	-194.84562283648563	-724.5843030714507	76.0	5.937688767826863E-4	-3.408614677102239E-4	-3.408614677102239E-4	5.964675405223036E-4	0.572764097802468	2506.404967515744	1432.3275247392385	1432.3275247392382	2495.0649636712624	2973.6854550535922	-724.5843030714507
4090000	-1018.4442651525635	-294.3484882977711	-724.0957768547925	282.0	5.713699784432574E-4	-2.629207159301016E-4	-2.629207159301016E-4	9.345263748032968E-4	0.35980758641004645	2010.4561232930716	565.6240182558048	565.6240182558047	1229.1940632161006	2821.0680967679173	-724.0957768547925
4100000	-956.8499281558741	-229.9449243254121	-726.905003830462	221.0	3.6714748774445747E-4	-9.810465782269323E-5	-9.810465782269323E-5	4.2907982484235893E-4	0.24717258501233114	2900.931390068185	663.2679163936626	663.2679163936626	2482.2180170644715	2881.2673929537646	-726.905003830462
4110000	-959.5056429167322	-224.2151074227897	-735.2905354939425	649.0	4.3021212303717216E-4	-1.966811982521696E-4	-1.966811982521696E-4	6.633325753219157E-4	0.3681763268721538	2688.9293405357002	797.2800739588596	797.2800739588595	1743.9366666523292	2831.004369798475	-735.2905354939425
4120000	-951.1468820551455	-233.56948468183816	-717.5773973733073	309.0	5.194346576328984E-4	-2.49528735549211E-4	-2.49528735549211E-4	8.085006502098939E-4	0.38504804042281476	2260.2842035599438	697.5948122611247	697.5948122611247	1452.1570899471865	2918.578750955254	-717.5773973733073
4130000	-957.9260148740293	-230.58372111904387	-727.3422937549855	625.0	4.855968245670277E-4	-2.8469099849618226E-4	-2.8469099849618226E-4	7.127997403880569E-4	0.48389602004813415	2688.954686686414	1073.963907796859	1073.963907796859	1831.8579304598013	3151.6359534850676	-727.3422937549855
4140000	-991.347908649226	-253.8241669200719	-737.5237417291542	551.0	6.358521845069358E-4	-2.168003397333605E-4	-2.168003397333605E-4	5.914601064177002E-4	0.3535241982722716	1797.3205272506252	658.8097771762363	658.8097771762363	1932.2185403733374	2985.0020075789635	-737.5237417291542
4150000	-962.4664092192136	-235.09241528363407	-727.3739939355795	879.0	6.38359714791609E-4	-3.1631525051551074E-4	-3.1631525051551074E-4	7.687671270402678E-4	0.4515335166654232	1967.6931173057444	809.6227315734471	809.622731573447	1633.909636584803	2843.5306418600962	-727.3739939355795
4160000	-1016.7582123441291	-256.84588369152243	-759.9123286526067	872.0	3.8080703575345005E-4	-1.912438440555469E-4	-1.912438440555469E-4	5.531997442924325E-4	0.41667169308208074	3177.699080020438	1098.546037999672	1098.5460379996723	2187.438045053344	3083.859593151483	-759.9123286526067
4170000	-997.6615498182439	-228.05491354804172	-769.6066362702022	320.0	4.245163466061322E-4	-1.776847969422155E-4	-1.776847969422155E-4	5.317394240898603E-4	0.3739845240046049	2738.663484289724	915.1453570176599	915.1453570176598	2186.4232070515454	3010.5551798716942	-769.6066362702022
4180000	-943.2023657801217	-231.97968990829588	-711.2226758718258	851.0	4.941841842760015E-4	-2.731383548899594E-4	-2.731383548899594E-4	6.453778160621693E-4	0.4836500663219671	2641.408383093339	1117.9032225693409	1117.9032225693406	2022.601667815973	3030.9193702838566	-711.2226758718258
4190000	-1026.6354624630603	-235.05701723821252	-791.5784452248478	647.0	4.2214337999404083E-4	-2.249856878648912E-4	-2.249856878648912E-4	4.7583616249989585E-4	0.5019912858733087	3166.9095653838253	1497.3837281102808	1497.3837281102806	2809.5592841094317	3070.3696948668407	-791.5784452248478
4200000	-920.481652113027	-221.67918608799437	-698.8024660250327	514.0	7.562766667911021E-4	-3.327143730130017E-4	-3.327143730130017E-4	7.279058252248286E-4	0.44842892105636073	1655.086225937422	756.5140391274359	756.5140391274359	1719.5948305774364	2779.2279975286606	-698.8024660250327
4210000	-972.5295721307309	-259.9757700487807	-712.5538020819503	229.0	4.892504130090343E-4	-1.578917692709491E-4	-1.578917692709491E-4	7.871960218355972E-4	0.25442070134551853	2185.4040595956817	438.33721712270125	438.33721712270113	1358.251069734328	2777.186021534143	-712.5538020819503
4220000	-957.3778779724049	-226.7859332750469	-730.591944697358	875.0	5.747910158492715E-4	-2.0710605247141337E-4	-2.0710605247141337E-4	6.837264882423158E-4	0.33036695664183524	1952.9076345445856	591.5508584018361	591.5508584018361	1641.7584844568087	2852.7795586046673	-730.591944697358
4230000	-994.1096261602333	-242.06594107398638	-752.0436850862469	938.0	3.6780402599034877E-4	-2.197564386063518E-4	-2.197564386063518E-4	6.675430991829574E-4	0.4435000912739814	3384.555251378381	1114.2019282645408	1114.2019282645408	1864.827977650266	3013.4501528316287	-752.0436850862469
4240000	-975.2941195639721	-239.9586564874591	-735.335463076513	63.0	5.95466381347582E-4	-2.5249846417502587E-4	-2.5249846417502587E-4	7.19159282677139E-4	0.3858491714039845	1973.1120284501103	692.7641328278444	692.7641328278444	1633.7436057292005	2972.6707121920326	-735.335463076513
4250000	-1009.2071488622075	-271.98278794948055	-737.224360912727	581.0	6.056173247414625E-4	-2.2729108887951978E-4	-2.2729108887951978E-4	7.010241281576035E-4	0.3488323719342961	1879.970035050363	609.5374169937282	609.5374169937282	1624.1130333324968	3236.967647344649	-737.224360912727
4260000	-961.0850380192903	-175.89011930931366	-785.1949187099766	964.0	5.592186412974739E-4	-3.87361663953834E-4	-3.87361663953834E-4	6.70166686587761E-4	0.6327532723748279	2982.2212638519513	1723.7475603659686	1723.7475603659686	2488.505854731605	3214.5635891021907	-785.1949187099766
4270000	-960.0091026153053	-219.43712337808495	-740.5719792372204	365.0	4.582252077766525E-4	-1.7285872587306474E-4	-1.7285872587306474E-4	6.805891665104346E-4	0.309534672272814	2413.5824903526004	613.0112182229286	613.0112182229285	1625.0102007918963	2845.146527363249	-740.5719792372204
4280000	-961.8985382099104	-212.17878754746084	-749.7197506624495	463.0	5.031330126157411E-4	-2.843071526215311E-4	-2.843071526215311E-4	6.808944287593178E-4	0.48574293033092203	2601.3167816769205	1086.1786145214505	1086.1786145214505	1922.1898342123607	3111.118771243792	-749.7197506624495
4290000	-959.082283098252	-218.8875232720624	-740.1947598261896	555.0	3.9917875903271535E-4	-1.7967185790198088E-4	-1.7967185790198088E-4	5.538409046510004E-4	0.3821235755601277	2933.4863830794634	951.6540655482572	951.6540655482572	2114.299330734552	2880.9754624982875	-740.1947598261896
4300000	-997.8300801616865	-252.46289693141478	-745.3671832302717	712.0	5.431124795506516E-4	-2.1032866099911275E-4	-2.1032866099911275E-4	6.351399443231962E-4	0.3581119823683007	2112.1043372495333	699.4302296913319	699.4302296913319	1806.0747618316434	2987.2642586989264	-745.3671832302717
4310000	-898.6404230705969	-180.82343605522397	-717.8169870153729	538.0	4.1964241568446934E-4	-1.0463989437921976E-4	-1.0463989437921976E-4	5.049988056980646E-4	0.22730679991638653	2512.814276406913	520.6757273699878	520.6757273699878	2088.0909840176682	2985.2474017426703	-717.8169870153729
4320000	-937.1531007990354	-206.73682654155866	-730.4162742574767	935.0	5.104349264232188E-4	-1.4442363520625315E-4	-1.4442363520625315E-4	5.257121521725156E-4	0.2788008365148136	2124.2297689124493	583.5683728669075	583.5683728669075	2062.4995281543797	3048.451916654821	-730.4162742574767
4330000	-979.5991601173698	-233.82453046523898	-745.7746296521309	900.0	4.954436322135556E-4	-2.667187460058744E-4	-2.667187460058744E-4	6.206637164348232E-4	0.48098134933134035	2625.8698428627013	1128.418970076091	1128.418970076091	2096.09561219542	2887.926997446205	-745.7746296521309
4340000	-1018.365202556421	-276.7656943516673	-741.5995082047536	988.0	5.782500155603608E-4	-1.9552243585618372E-4	-1.9552243585618372E-4	5.477607874953672E-4	0.34741079012663517	1966.7286178666743	702.0209894754651	702.0209894754651	2076.1998300107048	2728.825295807175	-741.5995082047536
4350000	-960.8378795635065	-247.5166580404201	-713.3212215230864	247.0	5.068023453008146E-4	-2.1920800214843072E-4	-2.1920800214843072E-4	6.692853682100672E-4	0.3763842402781444	2298.8181152231423	752.9214745697562	752.9214745697561	1740.7319322262788	2722.1188283322913	-713.3212215230864
4360000	-923.9428292094049	-214.56827364307907	-709.3745555663259	410.0	5.287015160918573E-4	-1.9513530890043554E-4	-1.9513530890043554E-4	5.882576135781193E-4	0.34990230542361883	2155.3037237493822	714.9518309672386	714.9518309672386	1937.0974894035933	2655.7280244211256	-709.3745555663259
4370000	-940.9311585522315	-245.0539135559911	-695.8772449962404	977.0	5.118261506646633E-4	-2.7407562271967474E-4	-2.7407562271967474E-4	8.302472287463528E-4	0.42044138346681537	2373.3229825825433	783.4653966245882	783.465396624588	1463.0928287389809	2654.9114651276304	-695.8772449962404
4380000	-975.3218435370197	-223.97598332399073	-751.345860213029	582.0	5.28572267015561E-4	-2.2369081735478777E-4	-2.2369081735478777E-4	6.261778318220788E-4	0.38881868370221556	2228.8457168095533	796.215220043929	796.2152200439291	1881.4240515890604	2818.62324478228	-751.345860213029
4390000	-965.32829255376	-220.5910495949164	-744.7372429588436	267.0	5.985506562338951E-4	-1.6080928857119608E-4	-1.6080928857119608E-4	4.203626780778819E-4	0.320588987466488	1862.0821430754477	712.3375130691614	712.3375130691614	2651.402103049526	2704.6328004947745	-744.7372429588436
4400000	-998.7448959016436	-249.87749974174594	-748.8673961598977	427.0	5.613901479681736E-4	-2.2296938592308247E-4	-2.2296938592308247E-4	6.018922035264765E-4	0.3835778190111098	2088.5908186283996	773.7129830652096	773.7129830652096	1948.0470121477304	2786.0582190433615	-748.8673961598977
4410000	-929.8278636300631	-217.648528067992	-712.1793355620712	992.0	4.7362295048393156E-4	-1.585789011873675E-4	-1.585789011873675E-4	6.433510145889773E-4	0.2872797668605354	2301.3105576924545	567.2475697623778	567.2475697623778	1694.1816700335348	2779.7553525798	-712.1793355620712
4420000	-1041.524651538694	-257.329399844796	-784.195251693898	695.0	3.737983918859004E-4	-7.2305915853573E-5	-7.2305915853573E-5	4.2791010777160906E-4	0.18079184820029173	2765.635618443598	467.32202085667774	467.3220208566778	2415.9049481213833	2941.9719331751326	-784.195251693898
4430000	-964.0709468231946	-243.74292374672316	-720.3280230764715	582.0	5.959699866861578E-4	-2.3229619271138144E-4	-2.3229619271138144E-4	6.848221440993316E-4	0.363614337901194	1933.5867687910747	655.8853981832087	655.8853981832087	1682.7138123118302	3024.847471196536	-720.3280230764715
4440000	-897.7714018330947	-149.96761264478437	-747.8037891883104	567.0	4.1846508937247657E-4	-8.954917842333849E-5	-8.954917842333849E-5	3.2123356081471263E-4	0.244242666958078	2541.2846176801727	708.4252002685037	708.4252002685038	3310.4850313937923	2830.33094347461	-747.8037891883104
4450000	-931.8964227313307	-213.23631688418186	-718.6601058471489	951.0	3.9798953949294805E-4	-1.1678045661208381E-4	-1.1678045661208381E-4	5.619000475200424E-4	0.24694759777829256	2675.807960043817	556.1168338734115	556.1168338734115	1895.2544718398833	2749.142489915686	-718.6601058471489
4460000	-998.8100654493724	-242.9102052362844	-755.8998602130879	334.0	5.100656120278915E-4	-1.7773642005300454E-4	-1.7773642005300454E-4	5.585194495377775E-4	0.3330000166958525	2205.047641702543	701.7074771646273	701.7074771646273	2013.7507759961936	2889.5248913563573	-755.8998602130879
4470000	-918.3969782773909	-211.2795152182206	-707.1174630591703	273.0	4.703530542785577E-4	-2.2728496896910552E-4	-2.2728496896910552E-4	6.120683102164916E-4	0.42360276280065773	2590.9875064311395	962.1352799497942	962.1352799497942	1991.0831306009254	2771.5210815488385	-707.1174630591703
4480000	-1000.7697944910639	-257.01508192802	-743.7547125630439	150.0	5.543394520629776E-4	-2.6125382516218427E-4	-2.6125382516218427E-4	6.257503595302386E-4	0.443582301503186	2245.8550724536194	937.6554395891628	937.6554395891627	1989.5570994340544	3250.8086932751353	-743.7547125630439
4490000	-967.9499649820164	-238.20139343046418	-729.7485715515521	867.0	4.8067953851311666E-4	-2.2764776254500775E-4	-2.2764776254500775E-4	6.259992356230831E-4	0.41500054488971516	2513.230350776912	913.9488254248472	913.9488254248473	1929.8081154782458	3174.3969743607586	-729.7485715515521
4500000	-966.5142951493561	-223.71610219067995	-742.7981929586762	663.0	4.3536111400704284E-4	-2.4245996965561203E-4	-2.4245996965561203E-4	6.5308039588929E-4	0.4547072773815358	2895.643225923671	1075.0247184114644	1075.0247184114646	1930.3143510968007	3022.7403242252717	-742.7981929586762
4510000	-951.5218231638408	-236.60773943448817	-714.9140837293527	423.0	5.144002526645341E-4	-2.5860723959890593E-4	-2.5860723959890593E-4	7.169642394185326E-4	0.4258349910148592	2374.612974329055	856.5170654885402	856.5170654885401	1703.7133050959426	2838.5404901449556	-714.9140837293527
4520000	-979.3674906461504	-259.4997599657166	-719.8677306804339	454.0	5.52155482606474E-4	-2.6475191575657005E-4	-2.6475191575657005E-4	7.089405957561453E-4	0.42315891412265855	2206.1194728849086	823.8692498786714	823.8692498786716	1718.2271258413086	2929.0603039234065	-719.8677306804339
4530000	-1091.2880566710592	-285.83354590294726	-805.454510768112	293.0	5.823651721946771E-4	-1.1530962119095323E-4	-1.1530962119095323E-4	6.833628499934954E-4	0.18278567863426684	1776.489231363009	299.7621253777932	299.76212537779327	1513.9328354395561	3157.170565302705	-805.454510768112
4540000	-985.6219968941624	-211.87164479283754	-773.7503521013249	618.0	4.2908247561532497E-4	-1.3976100872539258E-4	-1.3976100872539258E-4	3.9863015242190764E-4	0.3379329696999563	2631.012461752078	922.4413993509545	922.4413993509546	2832.00187844423	2846.462213029774	-773.7503521013249
4550000	-974.7540676820007	-231.5750212021974	-743.1790464798033	126.0	3.473817832110034E-4	-1.744630789195112E-4	-1.744630789195112E-4	6.264413301166321E-4	0.37398984595972373	3346.7868888541807	932.0757061291632	932.0757061291632	1855.9005314367007	2986.2061650623646	-743.1790464798033
4560000	-1013.8110474644901	-257.1712545992116	-756.6397928652785	33.0	4.8481560229557896E-4	-1.313511752856661E-4	-1.313511752856661E-4	6.473764826090481E-4	0.234459162770951	2182.6209617693507	442.8486919637883	442.84869196378827	1634.5491759270374	3399.637613319106	-756.6397928652785
4570000	-1013.0544359170624	-272.02965933009483	-741.0247765869675	878.0	4.1167360870744685E-4	-1.9955159788135433E-4	-1.9955159788135433E-4	6.887821925453412E-4	0.37474663445092815	2825.974705827545	818.7316313103646	818.7316313103647	1689.0378669123447	2921.3190508780112	-741.0247765869675
4580000	-1018.3263577635665	-257.2430089639254	-761.0833487996412	27.0	3.545969138996158E-4	-1.8626267165111632E-4	-1.8626267165111632E-4	6.326095420118177E-4	0.3932696964758127	3336.062439335457	982.2550269625153	982.2550269625152	1869.9645942784068	3010.3523901086073	-761.0833487996412
4590000	-993.7121597205632	-286.3450811763233	-707.36707854424	217.0	5.909941407147935E-4	-3.1534237163836584E-4	-3.1534237163836584E-4	7.924306260430165E-4	0.4607975019123605	2148.2009866668864	854.8619546345503	854.8619546345502	1602.1266145876475	2883.811183237097	-707.36707854424
4600000	-963.2111354795487	-246.21677364220682	-716.9943618373419	301.0	4.910712025193097E-4	-1.807128958435799E-4	-1.807128958435799E-4	7.03524527278504E-4	0.3074519772423119	2248.9504825051304	577.6832769064656	577.6832769064656	1569.802864048519	2896.8206393162886	-716.9943618373419
4610000	-985.8409732945347	-235.86522980727167	-749.975743487263	143.0	5.610550854419234E-4	-2.2909582623422347E-4	-2.2909582623422347E-4	5.445216797318117E-4	0.41448310979136604	2152.0745086969305	905.4392249916698	905.4392249916699	2217.4183183101677	3099.586095097805	-749.975743487263
4620000	-992.6859834271489	-247.5861845032755	-745.0997989238734	326.0	4.6035786484062104E-4	-1.728472494013293E-4	-1.728472494013293E-4	6.795082560435466E-4	0.3090418680823271	2401.591641087751	610.8954610268042	610.8954610268044	1627.0466035947438	2994.2666397054045	-745.0997989238734
4630000	-948.7183296769291	-202.69050713282834	-746.0278225441008	211.0	4.794271744085326E-4	-1.8930804151735115E-4	-1.8930804151735115E-4	5.618506246368347E-4	0.36475168362506116	2405.9145130175207	810.6406659455349	810.6406659455349	2052.967009852551	2832.3892974389996	-746.0278225441008
4640000	-895.3156735030097	-171.20449811844168	-724.1111753845681	498.0	4.0514919801162304E-4	-9.450341875434436E-5	-9.450341875434436E-5	5.193207961710348E-4	0.20602606648414282	2577.638900528876	469.0659226632272	469.0659226632271	2010.9503432419706	2998.2496637888353	-724.1111753845681
4650000	-1019.7041254105999	-232.59527052067884	-787.1088548899211	423.0	4.7629131131764316E-4	-8.68319758612823E-5	-8.68319758612823E-5	7.919358334746087E-4	0.14138337897563288	2142.380001786918	234.90171897471038	234.9017189747104	1288.4844166159355	2718.4123156284013	-787.1088548899211
4660000	-939.5292526710058	-216.27101429703558	-723.2582383739702	589.0	4.4443925104337346E-4	-2.2914090897697203E-4	-2.2914090897697203E-4	5.294529456587517E-4	0.47237047380165703	2896.2857165974633	1253.4778533197748	1253.477853319775	2431.232209107116	3079.560388588973	-723.2582383739702
4670000	-1014.7049564972276	-282.25917024979015	-732.4457862474375	304.0	6.26202148787878E-4	-3.4638146850313363E-4	-3.4638146850313363E-4	8.747014970669005E-4	0.4680232600737624	2044.8425142023616	809.7568774057794	809.7568774057794	1463.910580489597	3092.7714899532566	-732.4457862474375
4680000	-998.8328578985576	-235.79945575222573	-763.0334021463318	521.0	4.444589700537426E-4	-2.311893017562687E-4	-2.311893017562687E-4	7.07881970778706E-4	0.4121653417100773	2710.3637972123934	885.1858638152668	885.1858638152669	1701.7603943985184	3392.320365977663	-763.0334021463318
4690000	-973.4956409507306	-212.60705015389567	-760.8885907968349	992.0	3.391918794411252E-4	-1.0769349867439644E-4	-1.0769349867439644E-4	4.1038950556161454E-4	0.28864805793472703	3216.14565086605	843.9737680772828	843.9737680772827	2658.1831969138243	3166.520567067188	-760.8885907968349
4700000	-951.9769568580778	-236.11754907161225	-715.8594077864656	207.0	4.516327987839214E-4	-1.75216541935842E-4	-1.75216541935842E-4	7.970700698145379E-4	0.29203447072593247	2420.6294513156827	532.1167333083729	532.1167333083728	1371.5678148231857	2978.246332027855	-715.8594077864656
4710000	-963.0068249123361	-227.35483139368287	-735.6519935186533	20.0	3.7547762552151835E-4	-1.7547182981996498E-4	-1.7547182981996498E-4	7.571870591035915E-4	0.3290893152981765	2986.737551015217	692.1516908768776	692.1516908768776	1481.0780377556894	3099.3196043865464	-735.6519935186533
4720000	-982.2210946096137	-239.2818595323024	-742.9392350773113	529.0	4.213491227566404E-4	-1.7544497917391794E-4	-1.7544497917391794E-4	6.077625772556335E-4	0.3466992639781567	2697.57877402141	778.7196341789937	778.7196341789937	1870.1751186019062	3157.7793018253333	-742.9392350773113
4730000	-1057.9025397848382	-296.2616608253851	-761.6408789594531	857.0	5.810126101838112E-4	-3.343740511868214E-4	-3.343740511868214E-4	8.137295964482515E-4	0.4862949188437365	2254.216307000288	926.2922746241982	926.2922746241982	1609.5372543481524	2751.3084823299228	-761.6408789594531
4740000	-1000.4068355454265	-253.48473545362924	-746.9221000917972	686.0	4.350113008650562E-4	-2.108484568912081E-4	-2.108484568912081E-4	7.711228670032918E-4	0.3640477626269685	2649.997007536553	724.5898205259892	724.5898205259892	1494.93510679675	2897.669930487453	-746.9221000917972
4750000	-990.393822256449	-271.99990072575224	-718.3939215306967	908.0	5.94783266234872E-4	-4.093353590926433E-4	-4.093353590926433E-4	9.341302240094493E-4	0.5491565634780894	2407.2444585270564	1054.8532201704897	1054.8532201704895	1532.7506645947421	2637.489764764907	-718.3939215306967
4760000	-1019.5193471823939	-269.2453723573938	-750.2739748250001	619.0	4.7397999334381727E-4	-1.0482691058587502E-4	-1.0482691058587502E-4	7.249200283389073E-4	0.17883302879000532	2179.4967262492237	315.16567278221584	315.1656727822159	1425.0369743095623	2788.267100066794	-750.2739748250001
4770000	-1008.0371553816781	-277.76375145982365	-730.2734039218544	210.0	5.764573653858047E-4	-2.6435376362247157E-4	-2.6435376362247157E-4	0.0010109052498793617	0.3462953625002874	1971.1101383256528	515.4492803781361	515.4492803781361	1124.003419074194	3096.6240879163424	-730.2734039218544
4780000	-992.8156808979286	-269.3374350930573	-723.4782458048712	278.0	5.208151070219373E-4	-1.9430729214948216E-4	-1.9430729214948216E-4	8.146056165368348E-4	0.2983139845070521	2107.627568603365	502.73088891279303	502.730888912793	1347.503939846592	2739.178528157142	-723.4782458048712
4790000	-1019.5146714319361	-256.7076057552165	-762.8070656767196	382.0	5.494206199814063E-4	-2.0153903870268083E-4	-2.0153903870268083E-4	4.3185490862794157E-4	0.41374977942901414	2196.036104975075	1024.8511634595327	1024.8511634595327	2793.8724191657666	2999.98517665472	-762.8070656767196
4800000	-1001.0907852690925	-259.48040788011434	-741.6103773889782	408.0	5.344557821380148E-4	-2.048106648083604E-4	-2.048106648083604E-4	5.075258240444002E-4	0.39324897996382935	2213.344272833546	893.1890565812032	893.1890565812033	2330.787101730731	3122.681420771056	-741.6103773889782
4810000	-946.7915826621429	-187.37794567507495	-759.413636987068	264.0	4.2444386153786616E-4	-2.105881804934325E-4	-2.105881804934325E-4	4.4468725745469106E-4	0.4847262299367121	3079.6072017479764	1458.3932109110542	1458.3932109110542	2939.4149502089467	3143.828128219802	-759.413636987068
4820000	-1046.5789608446585	-266.96765385240496	-779.6113069922536	575.0	4.453563021744308E-4	-1.2207020678172056E-4	-1.2207020678172056E-4	6.236981072767975E-4	0.2316160580970563	2372.6778437108605	464.38055788367535	464.3805578836754	1694.2283749104163	2947.0470505595285	-779.6113069922536
4830000	-951.8084491343241	-227.00688084361113	-724.8015682907129	270.0	6.562879672648345E-4	-2.3979397519116098E-4	-2.3979397519116098E-4	6.425449052832935E-4	0.3692659848373085	1764.2961473361968	658.4249335813647	658.4249335813647	1802.031768780343	2829.4130266759457	-724.8015682907129
4840000	-978.3130290122984	-222.1830267734316	-756.1300022388668	37.0	4.6905917479507796E-4	-1.978485564115434E-4	-1.978485564115434E-4	5.631248026265476E-4	0.3849610056362766	2502.8346998866136	879.3472246287815	879.3472246287813	2084.7555879293395	2936.623692339836	-756.1300022388668
4850000	-997.7530025573585	-250.62395949615512	-747.1290430612033	408.0	5.20541549176315E-4	-1.870732546286487E-4	-1.870732546286487E-4	4.8575586315786814E-4	0.3720274421117787	2229.6728018126523	858.686800156052	858.686800156052	2389.342923967243	2946.84702431436	-747.1290430612033
4860000	-1006.9903503921523	-266.35899502443107	-740.6313553677212	40.0	5.487756465632854E-4	-2.4884577829574673E-4	-2.4884577829574673E-4	5.906010039547384E-4	0.4371049973944418	2252.626958617186	949.1292852086546	949.1292852086544	2093.0997533078535	2963.6652277788507	-740.6313553677212
4870000	-931.1418291683751	-212.35313936084304	-718.788689807532	203.0	4.085316798186211E-4	-1.9972138102155123E-4	-1.9972138102155123E-4	6.717626870952689E-4	0.38124464463729874	2864.0769507835134	851.5170832662719	851.517083266272	1741.78499388348	2744.7969158430974	-718.788689807532
4880000	-962.1116479099683	-210.85784540529875	-751.2538025046696	421.0	3.6562010001577424E-4	-1.2432960026087744E-4	-1.2432960026087744E-4	6.367903499013242E-4	0.25766846430462503	2929.583325226563	571.9840506577898	571.9840506577898	1682.0521048094688	3122.401328632619	-751.2538025046696
4890000	-1017.7886181939526	-216.632138990566	-801.1564792033867	473.0	5.182237750550581E-4	-2.65525197517282E-4	-2.65525197517282E-4	4.6130022092123854E-4	0.5430692873201973	2736.8241207867663	1575.3206529810925	1575.3206529810927	3074.542918499954	3069.4827467441714	-801.1564792033867
4900000	-969.5850762804615	-242.80305704272516	-726.7820192377363	186.0	5.227322785551952E-4	-2.534789507335984E-4	-2.534789507335984E-4	6.639978330432722E-4	0.4302480497865174	2347.5967351524937	896.1871975466152	896.1871975466152	1848.1454749190827	3078.468038991734	-726.7820192377363
4910000	-937.7838919762457	-233.25916899947524	-704.5247229767705	124.0	4.610451750860059E-4	-7.789124707596618E-5	-7.789124707596618E-5	6.545309802861342E-4	0.14179202755151454	2213.4869591595125	263.41191605621395	263.41191605621395	1559.1584101796977	2923.0849958523054	-704.5247229767705
4920000	-1002.7835763037828	-226.06210236092886	-776.7214739428539	336.0	4.253436021736968E-4	-2.5523198027076226E-4	-2.5523198027076226E-4	4.992958631974374E-4	0.5538423403362178	3391.2889172730565	1733.5721159051934	1733.5721159051932	2888.9945829858843	3131.178635280916	-776.7214739428539
4930000	-998.4767819565257	-275.2454128717399	-723.2313690847857	335.0	6.895072497436767E-4	-3.048752511435093E-4	-3.048752511435093E-4	7.176545910399638E-4	0.43340609935815405	1785.7473731698956	758.6242541625661	758.6242541625661	1715.7080514556392	2858.3864931409275	-723.2313690847857
4940000	-953.0261642176243	-259.3236294624621	-693.7025347551622	49.0	8.013593881001063E-4	-3.9143508780357516E-4	-3.9143508780357516E-4	0.0010522556796688756	0.4262706673361531	1524.9783073062247	567.2860970508628	567.2860970508628	1161.3676284393248	2664.4126277791424	-693.7025347551622
4950000	-1005.884782477268	-223.18053494436765	-782.7042475329004	475.0	4.3951287053238595E-4	-2.413797783831214E-4	-2.413797783831214E-4	4.7125601222060113E-4	0.5303793828133393	3165.790280854192	1621.534233163931	1621.534233163931	2952.5471033999647	3050.147058986408	-782.7042475329004
4960000	-912.7420903487347	-210.028318717509	-702.7137716312257	790.0	6.80296638235933E-4	-2.8875974550173096E-4	-2.8875974550173096E-4	6.814661881365174E-4	0.42409712823333456	1792.3087306657542	759.4604427004881	759.4604427004881	1789.2327240578566	2810.2425043705834	-702.7137716312257
4970000	-987.8900679858803	-230.63831038696966	-757.2517575989106	793.0	3.8363772600812557E-4	-2.091506632943509E-4	-2.091506632943509E-4	5.305047208654574E-4	0.46361124967273193	3320.2691650534744	1309.0109679963293	1309.010967996329	2401.072906831039	2787.3638739126736	-757.2517575989106
4980000	-1008.8433526014403	-248.31807858330023	-760.5252740181401	548.0	3.986463199237482E-4	-1.524505432468404E-4	-1.524505432468404E-4	4.5802024822516076E-4	0.35677363871644974	2874.3589973368407	956.7210015899316	956.7210015899316	2501.7510489290644	2979.1809814137323	-760.5252740181401
4990000	-899.6553739224508	-191.94526414927705	-707.7101097731738	999.0	4.5397949168906855E-4	-1.5320483323280932E-4	-1.5320483323280932E-4	7.783084241225344E-4	0.25773801756322995	2359.4803239231323	464.4479981702312	464.44799817023124	1376.261190173554	2775.269637084812	-707.7101097731738
5000000	-900.7657988622103	-201.0005575348666	-699.7652413273437	552.0	4.7446088001567443E-4	-2.3902895745205502E-4	-2.3902895745205502E-4	7.249261009854725E-4	0.4075711584773405	2527.5108999855042	833.3929410886914	833.3929410886911	1654.2445419279557	2953.1191674025295	-699.7652413273437
5010000	-922.8394753945404	-184.20945374417016	-738.6300216503702	313.0	4.994679473752627E-4	-1.7218926967535749E-4	-1.7218926967535749E-4	5.7851393662979E-4	0.3203283373304572	2231.060097899145	664.0541991038065	664.0541991038064	1926.216357137898	3022.972393200382	-738.6300216503702
5020000	-977.5266074309513	-238.607798613393	-738.9188088175583	402.0	4.725931814177875E-4	-9.31364244496377E-5	-9.31364244496377E-5	5.635719672739542E-4	0.180468390100982	2187.2200436766097	361.46200695180386	361.4620069518039	1834.1318215343613	2831.9934111789894	-738.9188088175583
5030000	-970.7289657890831	-241.4099425815954	-729.3190232074877	915.0	5.02068725121375E-4	-2.2331439281633007E-4	-2.2331439281633007E-4	7.670676913793E-4	0.3598473300252704	2288.0373876882963	666.1102868951605	666.1102868951605	1497.5888401727361	2821.9914924789055	-729.3190232074877
5040000	-981.960117267309	-242.6785744234739	-739.2815428438352	899.0	4.432551574910351E-4	-2.729657199287172E-4	-2.729657199287172E-4	7.812799047195164E-4	0.4638503454390632	2874.5078064260474	1004.3034360438264	1004.3034360438264	1630.837300114625	3001.515968231624	-739.2815428438352
5050000	-936.8650577831934	-197.99543853308893	-738.8696192501044	358.0	4.887583678703962E-4	-2.293235806917258E-4	-2.293235806917258E-4	5.165016957681273E-4	0.45642112330667084	2584.379295963532	1147.4485347710852	1147.4485347710852	2445.562167563993	2977.3139402697802	-738.8696192501044
5060000	-995.7031461295495	-238.92961383196837	-756.7735322975811	27.0	3.679717523059783E-4	-2.0892573766678746E-4	-2.0892573766678746E-4	5.530926068287157E-4	0.46311172560735564	3459.5858260841374	1306.8273048893413	1306.8273048893413	2301.6577024529697	3044.3590542344564	-756.7735322975811
5070000	-999.6066603010531	-273.1773343892162	-726.4293259118369	24.0	6.349505971069405E-4	-4.002009211043679E-4	-4.002009211043679E-4	9.679619458981853E-4	0.5104802848245819	2129.9765173590836	880.6323097617313	880.6323097617314	1397.1932132786208	2912.762922323348	-726.4293259118369
5080000	-997.2013939699739	-253.682065578491	-743.5193283914829	84.0	6.539472385177636E-4	-3.289850733314369E-4	-3.289850733314369E-4	7.443940277418465E-4	0.47152356113456595	1966.366377995754	869.0359714784679	869.0359714784679	1727.4451632898463	2917.0384368880987	-743.5193283914829
5090000	-956.4673081641406	-228.49511258107935	-727.9721955830613	870.0	4.3927630093234713E-4	-2.9284750321005533E-4	-2.9284750321005533E-4	7.564668688793922E-4	0.5080163418499755	3068.354267622846	1187.837727207232	1187.8377272072316	1781.7770586939491	3001.2197341997035	-727.9721955830613
5100000	-956.7024604767564	-235.5758930855996	-721.1265673911568	590.0	5.186766487208401E-4	-2.365782647347978E-4	-2.365782647347978E-4	7.672023879404112E-4	0.3750347590530306	2243.5397242658646	691.8288357460511	691.828835746051	1516.7727365633264	2863.9447150871956	-721.1265673911568
5110000	-967.1628848601504	-243.67651167897398	-723.4863731811764	729.0	5.009103721303051E-4	-2.0619891765845884E-4	-2.0619891765845884E-4	5.994885773864591E-4	0.3762841393023448	2325.6538907425916	799.9273601007527	799.9273601007528	1943.2299459930903	3083.22538994719	-723.4863731811764
5120000	-955.7586238578601	-219.55722579941283	-736.2013980584472	520.0	4.5861541039239856E-4	-1.9583585864419207E-4	-1.9583585864419207E-4	7.129768043266196E-4	0.3424760407601171	2470.2063290440574	678.5003025919609	678.5003025919608	1588.936249361435	2823.294967059352	-736.2013980584472
5130000	-976.5213192100086	-228.0619625458218	-748.4593566641868	250.0	4.934568173246349E-4	-1.8861299511869288E-4	-1.8861299511869288E-4	6.227981983004983E-4	0.3402305922646489	2291.8128251929766	694.0702179143326	694.0702179143327	1815.8541012314313	2953.7518337657525	-748.4593566641868
5140000	-945.0016407923089	-211.30822982216003	-733.6934109701489	735.0	6.054873543636311E-4	-2.3296819852269477E-4	-2.3296819852269477E-4	7.349997280929745E-4	0.3492211302165935	1880.9547387184732	596.1942844780725	596.1942844780725	1549.5166391140733	3015.308575501524	-733.6934109701489
5150000	-1020.9581516262817	-251.11237261801946	-769.8457790082623	892.0	6.158414009352941E-4	-1.2154784014139126E-4	-1.2154784014139126E-4	4.593972949921326E-4	0.22851703912920607	1713.2612621184198	453.2965437072811	453.29654370728105	2296.698799345884	3088.537128139423	-769.8457790082623
5160000	-990.8754314708578	-245.1987586223733	-745.6766728484845	885.0	4.4656715857381747E-4	-2.580552540723539E-4	-2.580552540723539E-4	6.825431431785109E-4	0.46741673911502685	2865.3141050464674	1083.3151966504802	1083.3151966504804	1874.6876166001268	3113.0174875414396	-745.6766728484845
5170000	-990.0918310745634	-220.4887924752421	-769.6030385993213	81.0	3.886704350923553E-4	-1.507534145464272E-4	-1.507534145464272E-4	4.7162615182651284E-4	0.352109274897425	2937.0067103496795	938.802457022896	938.8024570228961	2420.4079259809296	3077.1373249558546	-769.6030385993213
5180000	-1017.8763261958659	-266.3757290601961	-751.5005971356699	317.0	6.566919192562563E-4	-3.540953940061819E-4	-3.540953940061819E-4	7.353747764180082E-4	0.5095479712498611	2056.813307987859	990.390399622747	990.3903996227469	1836.7405601719795	2892.4385251547887	-751.5005971356699
5190000	-926.6174823376525	-200.83584078412846	-725.7816415535241	380.0	4.592957704258561E-4	-1.5890159971252362E-4	-1.5890159971252362E-4	4.5309036419419993E-4	0.3483290002196257	2477.8971924979073	869.0139074383983	869.0139074383984	2511.8338194819667	2934.9147731040507	-725.7816415535241
5200000	-860.6071294544796	-150.8577257338451	-709.7494037206345	474.0	5.196402980832621E-4	-2.4888821102940153E-4	-2.4888821102940153E-4	6.110168453590236E-4	0.4416989050256597	2390.8599030142714	973.879605125297	973.8796051252968	2033.3108033177853	2777.452702768108	-709.7494037206345
5210000	-960.6256477454478	-264.54742207441404	-696.0782256710338	449.0	7.269970407688641E-4	-4.2048532178616386E-4	-4.2048532178616386E-4	9.739431791246288E-4	0.49970961791428836	1833.3189454120752	791.5078859026769	791.5078859026767	1368.4755709239603	2518.8303033540965	-696.0782256710338
5220000	-1008.7997948126808	-250.49300503153066	-758.3067897811502	946.0	3.8613212968901725E-4	-2.730595093161119E-4	-2.730595093161119E-4	7.201793874931925E-4	0.5178082811940162	3538.5667643260067	1341.6647589879744	1341.6647589879744	1897.241637964668	3113.7862679973064	-758.3067897811502
5230000	-1029.2736855434352	-248.64295284287647	-780.6307327005587	809.0	4.6406639457766596E-4	-2.223246139195435E-4	-2.223246139195435E-4	5.374194431213838E-4	0.44518528356804177	2687.4994080794136	1111.7894522757415	1111.7894522757417	2320.679269609775	2778.0377330683596	-780.6307327005587
5240000	-1042.7789220297218	-263.4243093141552	-779.3546127155665	222.0	3.8136589785686366E-4	-9.961705129752798E-5	-9.961705129752798E-5	4.195367411187111E-4	0.24904495841221466	2795.542741040336	663.7886443415168	663.7886443415168	2541.1949966318143	2974.139043991778	-779.3546127155665
5250000	-1004.7451462146444	-251.35169617572848	-753.3934500389158	250.0	4.812244574422487E-4	-2.9372833579668635E-4	-2.9372833579668635E-4	6.916207005800769E-4	0.509140924915695	2805.2119951383397	1191.3614647418815	1191.3614647418813	1951.8453094864208	2948.545177908149	-753.3934500389158
5260000	-1028.4809412683248	-258.0977425314609	-770.383198736864	421.0	3.628131368143999E-4	-6.452105243244647E-5	-6.452105243244647E-5	5.93592266855486E-4	0.1390323372499911	2810.568033139574	305.49725385035214	305.49725385035214	1717.8643679701145	3099.6542549691753	-770.383198736864
5270000	-934.8517167871757	-215.28534771132834	-719.5663690758474	354.0	4.588490019118909E-4	-2.5229628586477597E-4	-2.5229628586477597E-4	8.172775268153994E-4	0.41199427669607946	2624.9178670299557	810.320860200691	810.3208602006908	1473.7233116889984	2974.8890506584976	-719.5663690758474
5280000	-953.0508357049937	-196.84257592879842	-756.2082597761953	225.0	4.863939266572189E-4	-2.8003480026543115E-4	-2.8003480026543115E-4	5.545227851668331E-4	0.539210369294322	2898.7527830392223	1463.8743047736596	1463.8743047736596	2542.6110274743655	3102.4242636703657	-756.2082597761953
5290000	-919.4722401987816	-188.05438823315467	-731.4178519656269	898.0	3.382572062418123E-4	-1.3311508229649698E-4	-1.3311508229649698E-4	6.359538961803532E-4	0.28700596302093206	3221.710300225053	674.3542799654583	674.3542799654584	1713.5939130492327	3057.802420513076	-731.4178519656269
5300000	-986.928935646298	-213.87928671511932	-773.0496489311787	879.0	4.2056283489877823E-4	-2.0471829030574654E-4	-2.0471829030574654E-4	6.453411840665645E-4	0.3929583389726125	2811.981656830272	892.0305899739944	892.0305899739946	1832.5422373135266	3112.3967451045874	-773.0496489311787
5310000	-965.9029294748887	-236.4758571159773	-729.4270723589113	692.0	4.733941573881481E-4	-2.6725399742968535E-4	-2.6725399742968535E-4	6.580910056225758E-4	0.47881724718725804	2740.769823429496	1113.040119205449	1113.040119205449	1971.5577482020522	2914.47611674485	-729.4270723589113
5320000	-1015.3957085950366	-281.7590384663961	-733.6366701286405	201.0	4.906846447968289E-4	-2.1318887334858104E-4	-2.1318887334858104E-4	8.527850491027859E-4	0.32956684296551253	2286.292920963988	571.5534207335774	571.5534207335774	1315.5118408853612	2981.5018681919023	-733.6366701286405
5330000	-940.5963444617962	-228.742887453806	-711.8534570079902	353.0	5.026173807604295E-4	-2.6955862490362265E-4	-2.6955862490362265E-4	9.464188246943935E-4	0.3908344125715624	2348.289889410189	668.8389716560131	668.8389716560132	1247.1130990686643	2824.268127681261	-711.8534570079902
5340000	-948.4710122157788	-199.76090564082804	-748.7101065749508	716.0	4.1240253119712413E-4	-1.9389037016532144E-4	-1.9389037016532144E-4	4.777299891792885E-4	0.436821822362258	2996.6080664647943	1216.196304203957	1216.1963042039572	2586.835198976825	2876.484200088618	-748.7101065749508
5350000	-941.9237580125256	-218.74666845578486	-723.1770895567407	731.0	5.53155384191822E-4	-1.604795568459197E-4	-1.604795568459197E-4	5.476526380027082E-4	0.29157048040943073	1975.7777759138276	578.9654242532837	578.9654242532837	1995.6301474217903	2630.6619364483017	-723.1770895567407
5360000	-1045.1650312498423	-294.95175921528516	-750.213272034557	371.0	5.283438370542251E-4	-1.5640368565592513E-4	-1.5640368565592513E-4	5.933092053368747E-4	0.27934964048195043	2052.90803746897	541.1720911872787	541.1720911872787	1828.1214919292665	3041.3798852920154	-750.213272034557
5370000	-999.9512669489845	-284.90419090593895	-715.0470760430456	885.0	5.500312472230257E-4	-3.0052616399237406E-4	-3.0052616399237406E-4	9.304851761345974E-4	0.420081810850721	2207.6617960177923	713.0260083302721	713.0260083302721	1304.9998025273665	2922.960504379594	-715.0470760430456
5380000	-1002.736233230562	-283.9209486989077	-718.8152845316542	515.0	5.550726456214706E-4	-2.624626126834955E-4	-2.624626126834955E-4	8.05078129191559E-4	0.39262099612486584	2129.891404530693	694.3634940457238	694.3634940457238	1468.4841308339405	2916.128966355188	-718.8152845316542
5390000	-949.6128363049783	-225.46374268565697	-724.1490936193213	577.0	3.936883879133319E-4	-1.8963161089375477E-4	-1.8963161089375477E-4	6.053104859259852E-4	0.3884591298949733	2991.4986240029466	937.176401608702	937.1764016087019	1945.6432659134161	2836.2744072654236	-724.1490936193213
5400000	-1024.1652896328433	-280.7976151612889	-743.3676744715543	101.0	5.296245686524128E-4	-2.5428968422120513E-4	-2.5428968422120513E-4	6.93810240813052E-4	0.41949262298482126	2291.3476876603254	839.8061107505802	839.8061107505803	1749.1151893170124	3211.868768458232	-743.3676744715543
5410000	-1004.4130815677099	-265.84125167528975	-738.5718298924202	960.0	6.401214930537996E-4	-2.780559641260053E-4	-2.780559641260053E-4	5.870323814576742E-4	0.45359679889844084	1966.8914730679533	931.6452075728656	931.6452075728657	2144.7701118099644	2949.7491341903524	-738.5718298924202
5420000	-1046.5479600765975	-312.73778660391616	-733.8101734726814	302.0	6.991780097087525E-4	-2.583753652518578E-4	-2.583753652518578E-4	6.419413525658754E-4	0.38566439560581445	1680.1516989689424	676.2452787384219	676.2452787384219	1829.9570766058962	2878.679592390417	-733.8101734726814
5430000	-936.4998422654857	-203.80088264664334	-732.6989596188423	504.0	4.373008626942322E-4	-2.39638039225161E-4	-2.39638039225161E-4	6.111062662795411E-4	0.46356135311543223	2912.6525082756993	1142.1619684523973	1142.1619684523973	2084.2618131734976	3045.0757178048457	-732.6989596188423
5440000	-963.2230359806638	-251.4690982776194	-711.7539377030444	280.0	6.085613081058576E-4	-2.7573572742774536E-4	-2.7573572742774536E-4	6.787757838037536E-4	0.42902016295513723	2013.8936583912043	818.0940541909049	818.0940541909049	1805.570835583874	2956.552621846204	-711.7539377030444
5450000	-966.3181514533044	-218.3462779356914	-747.971873517613	407.0	3.413744232558006E-4	-9.481757400196729E-5	-9.481757400196729E-5	4.929999487182267E-4	0.23112659036551952	3094.649495961722	595.1869941495859	595.1869941495859	2142.868756091068	3245.9188458552862	-747.971873517613
5460000	-917.1881411887989	-194.62543271192996	-722.5627084768689	438.0	3.700490199097567E-4	-1.879440826589979E-4	-1.879440826589979E-4	5.779708190323403E-4	0.40639286223231713	3236.9424170704415	1052.5863126011254	1052.5863126011254	2072.4703211602996	3106.627135451137	-722.5627084768689
5470000	-996.8176884840253	-233.70537780734685	-763.1123106766785	939.0	3.6047230433603134E-4	-1.653577306690194E-4	-1.653577306690194E-4	5.670373152576074E-4	0.36574865041877463	3202.549987099039	933.9180755330189	933.9180755330189	2035.8987716292627	3203.3705043065183	-763.1123106766785
5480000	-972.9514186068143	-227.54636543283567	-745.4050531739786	785.0	3.748729068996979E-4	-1.6219529161790863E-4	-1.6219529161790863E-4	5.38273243724149E-4	0.3610728381106083	3067.4905098530494	924.3121845301214	924.3121845301216	2136.311060828342	2984.432820185914	-745.4050531739786
5490000	-1014.5738273317908	-253.1421407262485	-761.4316866055423	684.0	5.250212316029497E-4	-1.346080914975049E-4	-1.346080914975049E-4	4.975371636654417E-4	0.26337222367762	2046.6506527032511	553.7189147698696	553.7189147698696	2159.708107886771	3129.6403913496974	-761.4316866055423
5500000	-1086.2216407999567	-299.31164891004715	-786.9099918899095	599.0	3.9592612911627383E-4	-1.0967848026903526E-4	-1.0967848026903526E-4	6.055302549121551E-4	0.22399917486329993	2659.1481131479777	481.64616300246297	481.646163002463	1738.6847488541373	3156.3739859867514	-786.9099918899095
5510000	-1020.880778116371	-287.7236493677021	-733.1571287486688	245.0	5.788925390963086E-4	-2.3285373077897286E-4	-2.3285373077897286E-4	6.878870496929417E-4	0.3689993980760567	1999.719202486058	676.9164749025057	676.9164749025058	1682.867161292741	2959.9065973383513	-733.1571287486688
5520000	-991.477617054025	-262.2508724322689	-729.2267446217561	114.0	5.149774633476468E-4	-2.738980213610307E-4	-2.738980213610307E-4	6.431577433546965E-4	0.4759222747592077	2510.4558479927814	1069.1139095875585	1069.1139095875587	2010.1261281598277	2767.3324287988457	-729.2267446217561
5530000	-950.7668275479841	-232.02888576001254	-718.7379417879716	912.0	5.376175021332787E-4	-2.5432517803557984E-4	-2.5432517803557984E-4	6.661762142883204E-4	0.42496982761073476	2270.0232192891167	866.6236455280274	866.6236455280273	1831.9540487384754	2970.1624348558407	-718.7379417879716
5540000	-947.7509660707515	-214.93043876314155	-732.82052730761	422.0	6.378157377542251E-4	-3.856513279401064E-4	-3.856513279401064E-4	7.963058241742872E-4	0.5411370497260871	2217.07566271442	1073.7309052788871	1073.7309052788871	1775.8073676497877	2974.8730764061343	-732.82052730761
5550000	-993.0970811372077	-234.8371004826632	-758.2599806545445	736.0	4.018651065692514E-4	-2.2689889187287542E-4	-2.2689889187287542E-4	5.906199750624802E-4	0.4657342318629558	3177.657766798901	1220.7630227230852	1220.7630227230854	2162.117488424194	2874.6898628510285	-758.2599806545445
5560000	-962.7017416114168	-249.52216738230823	-713.1795742291085	284.0	6.363256949802722E-4	-2.8684950955862125E-4	-2.8684950955862125E-4	7.105368744568428E-4	0.42660021579595825	1921.14758391541	775.582889568017	775.582889568017	1720.4956075349974	3024.4461573000813	-713.1795742291085
5570000	-974.1143445817681	-211.60065366239695	-762.5136909193711	813.0	5.930299975533888E-4	-2.0040221828837224E-4	-2.0040221828837224E-4	4.4769985329761125E-4	0.38892934967301507	1986.7890496878363	889.3389843570311	889.338984357031	2631.7308272429664	3056.752408652201	-762.5136909193711
5580000	-1010.8944878231144	-223.49119681568553	-787.403291007429	756.0	4.12845448082712E-4	-1.9392836036188652E-4	-1.9392836036188652E-4	5.033728321984136E-4	0.4254050970360864	2957.416031910649	1139.3678905386828	1139.367890538683	2425.549550476904	3185.2217250809135	-787.403291007429
5590000	-998.6075303288112	-247.02990223279022	-751.577628096021	927.0	6.05022659550073E-4	-4.206779838234867E-4	-4.206779838234867E-4	7.416933327240908E-4	0.6279886233603187	2729.108314763757	1547.9116945464223	1547.911694546422	2226.2197837671815	3349.331243287108	-751.577628096021
5600000	-956.1977338812328	-200.4754677507462	-755.7222661304866	705.0	4.347602048685957E-4	-2.047569545545929E-4	-2.047569545545929E-4	5.472801753066614E-4	0.4197675966719562	2792.100051904091	1044.6238128747432	1044.6238128747434	2218.048534097274	2981.8987886449167	-755.7222661304866
5610000	-918.5684101629274	-192.51905798569086	-726.0493521772365	135.0	4.316839213271028E-4	-2.0929984296583212E-4	-2.0929984296583212E-4	5.002534261541018E-4	0.45039227198467124	2906.0013999432454	1215.8350245446338	1215.8350245446336	2507.6771374737427	2960.040438418928	-726.0493521772365
5620000	-1018.1402399518149	-237.24718313762602	-780.8930568141889	845.0	4.0840177941253454E-4	-2.856320315183648E-4	-2.856320315183648E-4	7.170308723509238E-4	0.5278301192047948	3394.2124847457917	1352.0977196480515	1352.0977196480515	1933.2534649860886	2884.181712131693	-780.8930568141889
5630000	-934.9558731076505	-195.11622529815565	-739.8396478094949	804.0	5.426853592792013E-4	-2.3919473047631523E-4	-2.3919473047631523E-4	6.346318795230415E-4	0.4075835175435527	2209.787888441105	832.8759323952387	832.8759323952386	1889.6301507430796	2822.2450406616217	-739.8396478094949
5640000	-972.6588954632481	-254.12690526604743	-718.5319901972007	265.0	6.564066682741096E-4	-3.0818768458443864E-4	-3.0818768458443864E-4	0.001008147621214188	0.3788495039911699	1778.743442888516	543.7565011296082	543.7565011296082	1158.1429470166943	2769.0282004538	-718.5319901972007
5650000	-948.5152581281568	-204.69082200655004	-743.8244361216067	112.0	3.9301627745888274E-4	-2.0164504484177938E-4	-2.0164504484177938E-4	6.321266363561974E-4	0.4045574842092038	3042.356501275745	970.4955903467709	970.495590346771	1891.5444438896582	2964.8694135932174	-743.8244361216067
5660000	-895.0371938475487	-167.8106191071217	-727.2265747404269	662.0	4.2305316474394765E-4	-1.231985400620614E-4	-1.231985400620614E-4	6.316404034371816E-4	0.2383269395608163	2506.1158049681253	488.8062997845211	488.8062997845211	1678.5186899653945	2635.7203358151437	-727.2265747404269
5670000	-967.276816160256	-231.56018743280816	-735.7166287274478	684.0	5.371360899186912E-4	-3.643474968023854E-4	-3.643474968023854E-4	7.181852186884047E-4	0.5866180098409735	2838.518539650024	1440.0284183478232	1440.0284183478234	2122.9492196090832	2918.9936225501547	-735.7166287274478
5680000	-1115.6877001133687	-338.3590795316469	-777.3286205817218	840.0	6.770947716559358E-4	-3.557634253948011E-4	-3.557634253948011E-4	7.66866410562115E-4	0.49371544093078445	1952.935891306866	906.0028613829909	906.0028613829909	1724.3194683854235	3080.33569918045	-777.3286205817218
5690000	-1037.3393503812217	-293.9080931025942	-743.4312572786275	880.0	5.796617878497778E-4	-2.9085569679833774E-4	-2.9085569679833774E-4	8.353554491395197E-4	0.4179791163568217	2090.339972049238	727.8186665832759	727.818666583276	1450.5085310211955	3004.784343456781	-743.4312572786275
5700000	-950.3998144400762	-230.18237194531233	-720.2174424947639	381.0	4.591167546669916E-4	-2.8777669161615476E-4	-2.8777669161615476E-4	9.108463507980109E-4	0.445011755150413	2715.9495193519638	858.0887068283579	858.0887068283579	1368.9882251510169	2981.913072697744	-720.2174424947639
5710000	-938.2347001439978	-192.6287147253551	-745.6059854186427	388.0	4.257513639770648E-4	-1.3670577706588463E-4	-1.3670577706588463E-4	3.9371220694472834E-4	0.33390229475882777	2643.516313567381	917.8886137084004	917.8886137084005	2858.6380009165837	2744.402499063801	-745.6059854186427
5720000	-972.7753411724428	-228.67764051870142	-744.0977006537414	289.0	4.195105876948688E-4	-1.2175651708004086E-4	-1.2175651708004086E-4	6.037417701874378E-4	0.24193301705559525	2531.9278111053086	510.61352220596854	510.61352220596854	1759.3126341217194	3161.4939474082566	-744.0977006537414
5730000	-956.4796367538727	-208.78583890233068	-747.693797851542	291.0	4.4964741569167034E-4	-3.060941406475006E-4	-3.060941406475006E-4	7.787813764363559E-4	0.5172627289842904	3036.381087295495	1193.4266633942714	1193.4266633942714	1753.1247539649653	2673.1480270364573	-747.693797851542
5740000	-920.1074821058064	-221.34310420194092	-698.7643779038655	447.0	4.333447766896183E-4	-2.3624224767271549E-4	-2.3624224767271549E-4	8.391814687670244E-4	0.3917534595597584	2725.99137154299	767.4077094385071	767.4077094385073	1407.6742231864953	2627.07132513916	-698.7643779038655
5750000	-942.5553875717916	-239.20926113403985	-703.3461264377518	36.0	6.388728016609355E-4	-3.6757877021859157E-4	-3.6757877021859157E-4	7.896327610885354E-4	0.517524174642868	2137.8361888644977	995.1755245670521	995.1755245670521	1729.6716432955366	2903.610621364058	-703.3461264377518
5760000	-844.5683012546161	-161.50731743263063	-683.0609838219855	52.0	6.195958756999463E-4	-2.3252453571836936E-4	-2.3252453571836936E-4	4.8803715425288144E-4	0.42285170271920786	1965.3704640099845	936.3976711119831	936.397671111983	2495.1695236959235	2927.086505018499	-683.0609838219855
5770000	-901.3303195465139	-183.3851553856502	-717.9451641608638	929.0	5.434591611614226E-4	-2.872712351575499E-4	-2.872712351575499E-4	7.415831380656432E-4	0.4525106046973324	2313.8652435186327	896.3350059813313	896.3350059813313	1695.684812310143	3085.579999299339	-717.9451641608638
5780000	-909.5143317273312	-170.35050410053287	-739.1638276267984	348.0	5.006713205520316E-4	-3.57172898847863E-4	-3.57172898847863E-4	6.859207453465733E-4	0.609488017871912	3177.7898486143386	1654.7398804586473	1654.7398804586471	2319.5511299759373	2655.6826982548764	-739.1638276267984
5790000	-923.6641331406065	-201.98894534386682	-721.6751877967397	712.0	4.095215476134209E-4	-1.2165244318409201E-4	-1.2165244318409201E-4	6.152254682896783E-4	0.2423624331055659	2594.259590531392	512.979442023533	512.9794420235329	1726.8550428818442	2782.1981883346507	-721.6751877967397
5800000	-980.9711051037897	-230.70952166121265	-750.261583442577	352.0	5.331885035339284E-4	-2.548880375445409E-4	-2.548880375445409E-4	6.745006228977107E-4	0.42502833882667723	2289.018392418488	865.0005443143802	865.0005443143801	1809.4546539808605	2929.9962332980267	-750.261583442577
5810000	-979.1268739928483	-247.30514586557194	-731.8217281272764	592.0	6.432023799842497E-4	-3.3706356112696485E-4	-3.3706356112696485E-4	7.532002939814185E-4	0.4842646223242612	2031.0195211104972	908.8985731606414	908.8985731606415	1734.4079658643507	2876.9001279247877	-731.8217281272764
5820000	-955.651208666803	-217.34796242087	-738.303246245933	78.0	5.495476743711831E-4	-1.8332140279096518E-4	-1.8332140279096518E-4	4.67998867978676E-4	0.361483171045525	2093.1965006391792	819.9330064016267	819.9330064016267	2457.936007188318	2768.7610996910958	-738.303246245933
5830000	-974.2941962019661	-223.28181537011375	-751.0123808318523	664.0	4.3091463661045415E-4	-1.4434833249400415E-4	-1.4434833249400415E-4	5.576712376092248E-4	0.29446048661167806	2540.964601565044	657.7065095460799	657.7065095460799	1963.4127853132738	2921.284262542226	-751.0123808318523
5840000	-937.3314989259636	-228.85742173201783	-708.4740771939457	272.0	6.04775206515985E-4	-1.1782893538253086E-4	-1.1782893538253086E-4	7.004220488901722E-4	0.18104021638233686	1709.5380034736338	287.58809529832604	287.58809529832604	1476.0903097438147	2720.5416296587864	-708.4740771939457
5850000	-965.4783759458658	-218.9321446306171	-746.5462313152486	186.0	5.72850930232144E-4	-1.2689498738979325E-4	-1.2689498738979325E-4	5.786669999822555E-4	0.22039883646461475	1834.7804915074155	402.3461634066079	402.3461634066079	1816.3394687515329	2753.0460198660808	-746.5462313152486
5860000	-995.916356047948	-266.4067982081269	-729.5095578398211	826.0	5.884295872607322E-4	-9.361689150421514E-5	-9.361689150421514E-5	5.571702456292162E-4	0.1634982120447199	1746.1152466416113	293.385877801318	293.385877801318	1844.0788644962017	3015.683784161253	-729.5095578398211
5870000	-992.9633714588463	-227.79695889365422	-765.1664125651921	417.0	6.482836167275663E-4	-3.0060637086040833E-4	-3.0060637086040833E-4	5.17336934439802E-4	0.5190735682120562	2111.4339479359214	1226.8803059417698	1226.8803059417698	2645.8734049821437	3039.7968459665353	-765.1664125651921
5880000	-962.5750549355624	-248.62712264700244	-713.94793228856	765.0	6.622357972930015E-4	-2.8436046776131443E-4	-2.8436046776131443E-4	7.739053980743613E-4	0.39720888595492176	1792.9127947046509	658.7801586938567	658.7801586938567	1534.206941872206	2674.312882351461	-713.94793228856
5890000	-998.9313764929115	-246.44667592573515	-752.4847005671763	10.0	4.489569133320099E-4	-2.1281532757643442E-4	-2.1281532757643442E-4	6.752938988201575E-4	0.3865041480014208	2618.560018782389	825.2254450238102	825.2254450238102	1740.9021841618019	2999.323047862751	-752.4847005671763
5900000	-932.73807973418	-205.99763896415038	-726.7404407700296	430.0	4.1334662276308853E-4	-2.8760181494625513E-4	-2.8760181494625513E-4	8.751223436521868E-4	0.478189504039366	3136.4811493637158	1030.7789278206792	1030.7789278206792	1481.4544501732566	2684.1857663505702	-726.7404407700296
5910000	-948.3137535497679	-230.1320263214017	-718.1817272283662	244.0	5.03186539272757E-4	-1.5674812065823512E-4	-1.5674812065823512E-4	7.135645792372E-4	0.2615900333276962	2133.3159768674946	468.62369556184103	468.62369556184103	1504.3570194063711	2825.0124909627007	-718.1817272283662
5920000	-967.2683986997449	-233.36744245450603	-733.900956245239	448.0	5.035023971095041E-4	-1.5876594269936066E-4	-1.5876594269936066E-4	5.548749229102633E-4	0.30037170955327097	2183.0494956665275	624.6343037472477	624.6343037472477	1980.9340964838539	3039.2381210472713	-733.900956245239
5930000	-917.3507973818204	-220.65172880491647	-696.6990685769039	136.0	4.504260860784884E-4	-1.9181311105423874E-4	-1.9181311105423874E-4	6.489565241350209E-4	0.3547796661130412	2539.8013537111174	750.6931219536322	750.6931219536322	1762.8188339638725	2835.434902801106	-696.6990685769039
5940000	-920.2380255302361	-195.7426934292031	-724.495332101033	300.0	4.141621485585026E-4	-1.8062470329400612E-4	-1.8062470329400612E-4	6.929707209208683E-4	0.3371588016067794	2724.1882402911156	710.0670746459896	710.0670746459896	1628.1433264272252	2855.440674979193	-724.495332101033
5950000	-921.3876360334704	-205.34477890723699	-716.0428571262333	734.0	4.519182133612399E-4	-1.4337321506482486E-4	-1.4337321506482486E-4	6.023394661137139E-4	0.27480045150110444	2393.5385225384525	569.727425586061	569.727425586061	1795.8040499917554	2941.6674488636327	-716.0428571262333
5960000	-994.2550503208231	-240.8798399156958	-753.3752104051273	731.0	3.9655334267242517E-4	-1.8337246615794165E-4	-1.8337246615794165E-4	4.6840500227430105E-4	0.4254735394038967	3079.1382550211997	1205.4294312037428	1205.4294312037425	2606.8094099134846	2852.242981719432	-753.3752104051273
5970000	-945.0049492294155	-224.8867743139031	-720.1181749155124	148.0	5.023895230438427E-4	-1.272509131524184E-4	-1.272509131524184E-4	8.477996879109054E-4	0.1949817636555083	2069.1521647061113	310.57041676786514	310.5704167678652	1226.1391269125832	2886.8688280856204	-720.1181749155124
5980000	-966.5857251020552	-247.11742581704067	-719.4682992850146	105.0	5.35904477008654E-4	-3.367495593876041E-4	-3.367495593876041E-4	7.168997101182433E-4	0.5432930396707486	2647.4428076666213	1243.5842648598239	1243.5842648598239	1979.044534721453	3088.497214953203	-719.4682992850146
5990000	-1024.7581362543986	-263.4412697983072	-761.3168664560914	98.0	6.073109642215557E-4	-3.540490618699781E-4	-3.540490618699781E-4	6.057910331202941E-4	0.5837091036777876	2497.563571893894	1459.6783234559268	1459.6783234559268	2503.829964664263	3213.840476212189	-761.3168664560914
6000000	-925.4576752726665	-215.04309259860975	-710.4145826740568	622.0	5.578885804468448E-4	-2.345479166456341E-4	-2.345479166456341E-4	8.50404454380401E-4	0.34052192562702777	2027.581151288453	559.2220647658253	559.2220647658253	1330.1486891402199	2632.947893056362	-710.4145826740568
6010000	-958.9821557416658	-219.29604227278725	-739.6861134688786	18.0	4.688649055852547E-4	-2.2216571948659042E-4	-2.2216571948659042E-4	5.937199417495467E-4	0.4210778199741179	2592.4728862095344	970.0846535775952	970.0846535775952	2047.2944726146964	2927.3794974785346	-739.6861134688786
6020000	-961.5136542594437	-233.23584220383364	-728.2778120556101	392.0	6.035940981066915E-4	-2.1422141944081016E-4	-2.1422141944081016E-4	7.135833551785095E-4	0.326413449216353	1854.3114986440257	556.6739168482533	556.6739168482533	1568.4943721156685	3039.4244062575713	-728.2778120556101
6030000	-1035.5454878034905	-245.45728783683805	-790.0881999666524	642.0	4.5028334211789965E-4	-1.8624746990763264E-4	-1.8624746990763264E-4	3.9906872525879945E-4	0.43936311480529194	2752.086516717666	1284.4132307616178	1284.4132307616178	3105.276450169318	2923.4753350861074	-790.0881999666524
6040000	-980.3188505652317	-244.7840486260608	-735.534801939171	731.0	4.1126848619043997E-4	-1.485663897439161E-4	-1.485663897439161E-4	5.609925031148142E-4	0.3092995760934824	2688.721485304296	712.0480966869638	712.048096686964	1971.1251200490572	2862.522247317604	-735.534801939171
6050000	-979.7185410634587	-188.6427865435586	-791.0757545199001	530.0	3.5111755846224023E-4	-1.5941049099016616E-4	-1.5941049099016616E-4	3.6335972065356466E-4	0.44629521852648196	3556.4133171059834	1560.2433644106463	1560.2433644106463	3436.592142185751	2951.2436583184062	-791.0757545199001
6060000	-975.6224877762213	-234.68927319480707	-740.9332145814142	518.0	5.157723755024963E-4	-1.4201083108338167E-4	-1.4201083108338167E-4	4.8814929665542343E-4	0.28301932846940103	2107.663502542496	613.1547206785176	613.1547206785176	2226.930611012645	2759.2634134991094	-740.9332145814142
6070000	-1066.3477649253116	-279.94904664448296	-786.3987182808287	393.0	6.891096568073666E-4	-3.249399280074536E-4	-3.249399280074536E-4	5.400298294485848E-4	0.5326599417044142	2025.9692484131135	1219.0406266943985	1219.0406266943985	2585.2552902527405	2935.553228580203	-786.3987182808287
6080000	-972.8933425653136	-263.59146893607993	-709.3018736292337	82.0	7.200873443197457E-4	-4.444437535292243E-4	-4.444437535292243E-4	0.001031064512920878	0.5157999525619716	1892.117511135476	815.6034838064076	815.6034838064076	1321.4399842689443	2828.849939023016	-709.3018736292337
6090000	-978.7655418274139	-284.74146965077864	-694.0240721766353	39.0	7.687226609526982E-4	-4.1130246654715567E-4	-4.1130246654715567E-4	0.001021408678349235	0.46416960713496414	1658.103305372931	667.6876687518198	667.6876687518198	1247.9055759549083	2830.9172937104395	-694.0240721766353
6100000	-1080.6716820769714	-262.17646518374363	-818.4952168932277	391.0	4.5507164195342746E-4	-1.454137521307261E-4	-1.454137521307261E-4	2.978352191592349E-4	0.39498223982130987	2603.654927949128	1271.1969840085267	1271.196984008527	3978.204882843199	3002.907291977294	-818.4952168932277
6110000	-983.6806831279551	-247.5226082890075	-736.1580748389476	375.0	4.859639613364552E-4	-2.807812876623819E-4	-2.807812876623819E-4	8.401823830328889E-4	0.439419518739139	2550.1784817765256	852.246384049785	852.2463840497849	1475.0307339764768	2715.805817328691	-736.1580748389476
6120000	-983.0819358195439	-255.90870846367682	-727.1732273558671	646.0	4.0796952238137914E-4	-3.2260362032618964E-4	-3.2260362032618964E-4	9.727570966900805E-4	0.5120981098579067	3322.4603655230067	1101.8554847402813	1101.8554847402813	1393.423469297323	3061.0212865408344	-727.1732273558671
6130000	-996.5908935748485	-302.99060900997955	-693.600284564869	725.0	7.301229043334467E-4	-3.639803225242245E-4	-3.639803225242245E-4	8.849793880638045E-4	0.45280721815444464	1722.8825744894318	708.5988256811444	708.5988256811444	1421.4071492261892	2767.726350679849	-693.600284564869
6140000	-945.9794923653685	-242.6109182802369	-703.3685740851316	683.0	6.564288542573306E-4	-3.7105123581172085E-4	-3.7105123581172085E-4	9.625889484849061E-4	0.4667879274533826	1947.8030277480702	750.8238295290028	750.8238295290026	1328.2867124499032	2820.715410352025	-703.3685740851316
6150000	-970.5363684032814	-245.6727172565714	-724.86365114671	782.0	6.512190276387852E-4	-2.6701506280699263E-4	-2.6701506280699263E-4	5.537257275083748E-4	0.4446567295709367	1914.0211833959522	922.9704547016103	922.9704547016102	2251.018784227065	2854.8168732318477	-724.86365114671
6160000	-963.2992456000035	-225.0694989547006	-738.2297466453028	573.0	4.4831132627351625E-4	-2.2280673438446322E-4	-2.2280673438446322E-4	4.5415548221131496E-4	0.49378304927079913	2949.823821115888	1447.1709322811193	1447.1709322811193	2911.864947833779	2889.8043638921563	-738.2297466453028
6170000	-947.7452137947516	-218.44434311197298	-729.3008706827786	65.0	5.078829253697893E-4	-3.4657846153798145E-4	-3.4657846153798145E-4	7.066588026589605E-4	0.5785153366341569	2959.414553990453	1451.4350338746424	1451.4350338746426	2126.96157665778	2913.3079623300027	-729.3008706827786
6180000	-979.8912653211474	-246.33825848562037	-733.5530068355271	499.0	6.703941842114235E-4	-2.1206491741351103E-4	-2.1206491741351103E-4	4.686535421577169E-4	0.37833607741148856	1740.8404675442473	787.7273012387279	787.727301238728	2490.2176556873424	3058.340860039561	-733.5530068355271
6190000	-984.0826940601985	-271.64077718877905	-712.4419168714194	628.0	7.241194806398446E-4	-3.218095725660608E-4	-3.218095725660608E-4	9.074619700313628E-4	0.3969900537796738	1639.3511101279048	581.3564617123573	581.3564617123573	1308.1386478500517	2742.035180715096	-712.4419168714194
6200000	-1015.2601657523687	-258.8309144276548	-756.429251324714	540.0	3.9620202529826713E-4	-2.3291748934324398E-4	-2.3291748934324398E-4	6.774913885087381E-4	0.4495643500395829	3163.2917970963504	1087.520809764887	1087.5208097648867	1849.9166747752756	2962.4286420654894	-756.429251324714
6210000	-1102.516252210004	-202.90837891125832	-899.6078732987456	894.0	5.466987953031166E-4	-3.4163579231796836E-4	-3.4163579231796836E-4	6.718517338619914E-4	0.5637059056824815	2681.12753173292	1363.350100094032	1363.3501000940325	2181.685508537361	3155.1235348221185	-899.6078732987456
6220000	-971.2831427278519	-200.2231273132835	-771.0600154145684	976.0	3.6258303214949426E-4	-2.0545434938211736E-4	-2.0545434938211736E-4	5.081203051286325E-4	0.47866131123467864	3577.699484374622	1446.613946397681	1446.6139463976808	2552.9645520382	3107.4975001745293	-771.0600154145684
6230000	-1001.902786054022	-267.8657243103273	-734.0370617436947	698.0	4.600044530013826E-4	-2.827387681032157E-4	-2.827387681032157E-4	8.625646451475649E-4	0.44885753166764525	2722.377862250984	892.3641461708961	892.3641461708963	1451.840098516438	2867.358882395978	-734.0370617436947
6240000	-938.0515568121185	-201.13230118925583	-736.9192556228627	117.0	5.845275793339684E-4	-4.33725851077887E-4	-4.33725851077887E-4	7.870675059094296E-4	0.6394503257529444	2894.2205519309828	1594.905472108041	1594.9054721080413	2149.436637361973	3051.067325670907	-736.9192556228627
6250000	-1036.7585053323533	-269.44594144208014	-767.3125638902732	772.0	5.58792672774684E-4	-1.6532263589929565E-4	-1.6532263589929565E-4	4.5574194030994423E-4	0.3276026990540513	2004.726859366412	727.2245526123245	727.2245526123244	2458.0285043915505	2997.307105690234	-767.3125638902732
6260000	-1079.7990222520043	-303.47349114196516	-776.325531110039	44.0	5.761080806889224E-4	-3.1976794851176375E-4	-3.1976794851176375E-4	5.898535177547983E-4	0.5485432311677491	2482.884572846663	1346.0069023115118	1346.0069023115116	2425.0255746197763	3164.362228842668	-776.325531110039
6270000	-1044.5141018134855	-276.89809385107463	-767.6160079624109	255.0	4.273130492243649E-4	-2.067514757106651E-4	-2.067514757106651E-4	6.348845526764355E-4	0.39694301139279203	2777.901232879033	904.6293170231249	904.6293170231249	1869.6839311361	3104.1671155247204	-767.6160079624109
6280000	-973.4727120682898	-213.98844132803507	-759.4842707402547	43.0	4.033698671585248E-4	-1.8375647547945852E-4	-1.8375647547945852E-4	5.336662266914021E-4	0.3960555164316162	2940.335179709853	1012.4411145548845	1012.4411145548845	2222.4427020504363	3124.767882602147	-759.4842707402547
6290000	-992.2827887652722	-202.4145175204429	-789.8682712448293	331.0	4.691534807360098E-4	-1.26109503087789E-4	-1.26109503087789E-4	2.7081835587047776E-4	0.35379467698893996	2436.4736780790763	1134.570379623684	1134.570379623684	4220.836889428422	3007.5769607661978	-789.8682712448293
6300000	-968.9094358844509	-258.8982748734421	-710.0111610110088	321.0	7.155800421054187E-4	-3.2729902602347187E-4	-3.2729902602347187E-4	9.060633846178835E-4	0.4064773149570324	1674.0627234216965	604.7249101774457	604.7249101774457	1322.121492215927	3140.2106911789097	-710.0111610110088
6310000	-1007.370827016509	-304.89087338849004	-702.479953628019	343.0	7.548536229640524E-4	-3.718335943787218E-4	-3.718335943787218E-4	0.0011110285963374165	0.4060267382334214	1586.2687962257037	530.884650580391	530.884650580391	1077.740709620899	2737.8382707285687	-702.479953628019
6320000	-934.3077236750374	-203.28589445376315	-731.0218292212743	309.0	5.191553664032258E-4	-2.484151350849358E-4	-2.484151350849358E-4	5.894349464160075E-4	0.44906730651142435	2412.7679163482912	1016.8519384753985	1016.8519384753986	2125.088475452713	3048.1538315037974	-731.0218292212743
6330000	-905.6032760075781	-161.77009611060814	-743.8331798969699	513.0	3.888637031559511E-4	-2.004246663271328E-4	-2.004246663271328E-4	5.641042559602503E-4	0.42793004288268405	3148.085510237609	1118.5059876646537	1118.5059876646535	2170.1240088655704	2897.8393714398217	-743.8331798969699
6340000	-1054.0003991070987	-280.3254468377071	-773.6749522693916	184.0	4.593000326061088E-4	-2.0822031555131095E-4	-2.0822031555131095E-4	4.7878765194153856E-4	0.44402087827086734	2711.886868194591	1179.3744829156165	1179.3744829156162	2601.507624381971	3464.5399832791977	-773.6749522693916
6350000	-1039.434613400633	-252.1622827544946	-787.2723306461384	642.0	3.363809570243979E-4	-1.3247025038449597E-4	-1.3247025038449597E-4	5.206522070116567E-4	0.31654014679567694	3303.858829696369	840.6053033308417	840.6053033308417	2134.5442889515884	3102.9585417023245	-787.2723306461384
6360000	-897.8886045787608	-182.07027715904553	-715.8183274197153	96.0	5.066799181253125E-4	-3.0399858275668317E-4	-3.0399858275668317E-4	7.903265764324332E-4	0.4803982536099191	2565.766568954561	986.9203743186373	986.9203743186373	1644.9179792927068	2942.192430087712	-715.8183274197153
6370000	-875.2393809034263	-165.14521264558627	-710.09416825784	373.0	3.875825472187123E-4	-2.28659432829222E-4	-2.28659432829222E-4	6.491554792809122E-4	0.4558612237676242	3256.9128142291675	1147.2195192757492	1147.2195192757492	1944.5612105231182	2863.560160452602	-710.09416825784
6380000	-1100.6052793302722	-190.67660969141062	-909.9286696388616	556.0	3.8507226961178296E-4	-2.3308192290168628E-4	-2.3308192290168628E-4	5.818142054584495E-4	0.4924309142479087	3428.2174088214733	1373.3860367735736	1373.386036773573	2268.957075905887	2987.5534611835137	-909.9286696388616
6390000	-1014.4579229742709	-216.70039495498432	-797.7575280192866	998.0	3.4291767850072754E-4	-2.0760703765268534E-4	-2.0760703765268534E-4	4.940610361565808E-4	0.5043788087907541	3911.137197565961	1643.4803556995275	1643.4803556995275	2714.640479485413	3083.721852016644	-797.7575280192866
6400000	-960.5640893002771	-219.64096204503232	-740.9231272552448	364.0	3.7789507984636774E-4	-1.9847664195816916E-4	-1.9847664195816916E-4	6.527023890553456E-4	0.39963745403846945	3149.195456972093	957.6213442000176	957.6213442000176	1823.2895859116834	3008.6918994788884	-740.9231272552448
6410000	-1012.6984871086199	-272.9398990179336	-739.7585880906863	708.0	4.762908380778336E-4	-1.7552920170283044E-4	-1.7552920170283044E-4	7.031685990463375E-4	0.30330776558482364	2312.2767894892195	577.204527513721	577.204527513721	1566.2193269542859	3006.2744486414776	-739.7585880906863
6420000	-965.8829609206621	-237.6286624027228	-728.2542985179393	138.0	4.508447943778011E-4	-2.50365767323372E-4	-2.50365767323372E-4	7.464901338617676E-4	0.4315681454309365	2725.7279458022263	914.1835072021229	914.1835072021228	1646.2109805761886	3091.31783827373	-728.2542985179393
6430000	-940.5713511178227	-246.86655251124049	-693.7047986065822	105.0	6.059140288556971E-4	-1.3917828935525718E-4	-1.3917828935525718E-4	7.269871337390549E-4	0.20970202676112676	1726.3136941455552	330.4946892333503	330.49468923335036	1438.8118261580485	2864.799245147946	-693.7047986065822
6440000	-976.7570338837525	-254.64525716977073	-722.1117767139817	38.0	5.482600251682685E-4	-2.9864779982077057E-4	-2.9864779982077057E-4	7.313357999919045E-4	0.4716367218322121	2345.7416334580485	957.905489910355	957.905489910355	1758.5305778989639	3153.901563676713	-722.1117767139817
6450000	-956.4857723557742	-227.8095599958814	-728.6762123598928	834.0	5.757432773624082E-4	-2.2054342982471265E-4	-2.2054342982471265E-4	5.259161902356189E-4	0.4007941889455561	2069.2872242516273	867.7574682088665	867.7574682088665	2265.338528104708	3098.588253666762	-728.6762123598928
6460000	-1002.9756960964082	-255.07641612603672	-747.8992799703715	290.0	5.613780331927473E-4	-3.374522270398732E-4	-3.374522270398732E-4	6.362709926108872E-4	0.5646294536202574	2615.014125098014	1386.897014798708	1386.897014798708	2307.2110835901976	2973.732862057825	-747.8992799703715
6470000	-948.0714453655485	-210.09517168848726	-737.9762736770613	923.0	7.515305208030179E-4	-3.5310357891427005E-4	-3.5310357891427005E-4	6.122755559303452E-4	0.5205414858935922	1825.1731381756401	1052.5900650218446	1052.5900650218446	2240.2875728144604	2766.8994455862203	-737.9762736770613
6480000	-952.5299082771746	-231.20420695656583	-721.3257013206088	903.0	4.3936943280333934E-4	-1.8988735205068504E-4	-1.8988735205068504E-4	7.25665060722354E-4	0.3362892711896733	2566.202010665215	671.5071883815041	671.5071883815042	1553.7618977581726	2907.896624158792	-721.3257013206088
6490000	-970.6753290434633	-227.53901396203312	-743.1363150814302	496.0	5.094232296508588E-4	-1.9515818644710793E-4	-1.9515818644710793E-4	6.301822423330836E-4	0.34444058696683405	2227.2428972294088	689.744418997372	689.7444189973721	1800.4462736413354	2834.076345823734	-743.1363150814302
6500000	-1003.9457028055853	-276.7715269149047	-727.1741758906805	249.0	6.482715794386823E-4	-3.120889374471963E-4	-3.120889374471963E-4	8.950016440379588E-4	0.409720757416121	1853.7553258894739	646.4083432671215	646.4083432671215	1342.7203190213027	2888.717841679477	-727.1741758906805
6510000	-964.7734538784349	-217.95310434360215	-746.8203495348328	504.0	5.425383491183076E-4	-3.783114195185494E-4	-3.783114195185494E-4	7.245883456603316E-4	0.6033767311294367	2898.383123451605	1513.2612059090316	1513.2612059090316	2170.1756650208913	3001.3969804280405	-746.8203495348328
6520000	-994.257694086529	-260.40839456672273	-733.8492995198062	208.0	7.023609086563007E-4	-6.383719912739101E-5	-6.383719912739101E-5	5.90651940404531E-4	0.09911236526109195	1437.8942538946237	155.40648481936023	155.40648481936026	1709.8406788021687	2882.696769202879	-733.8492995198062
6530000	-993.9235193278787	-261.5827802839598	-732.3407390439189	96.0	4.7982366243146406E-4	-1.49591421102498E-4	-1.49591421102498E-4	5.496658569595051E-4	0.2912838972950249	2277.3212726217416	619.7723965662528	619.7723965662528	1987.9579925280839	2952.266303438081	-732.3407390439189
6540000	-962.7593312811323	-222.30142193167984	-740.4579093494525	269.0	5.029494411850936E-4	-2.9806954201435113E-4	-2.9806954201435113E-4	7.412654999545592E-4	0.48816713899096115	2610.332282050772	1049.638149709984	1049.638149709984	1771.1132686538451	3175.667418711538	-740.4579093494525
6550000	-959.3411029954616	-199.89208962195596	-759.4490133735056	888.0	3.8593503412805304E-4	-1.1010263211446575E-4	-1.1010263211446575E-4	4.910798496631058E-4	0.2529091500304707	2768.1702523025565	620.6380309201561	620.6380309201561	2175.478960351468	2999.4205116365047	-759.4490133735056
6560000	-920.6815483152126	-215.6337285423689	-705.0478197728437	125.0	5.151002010246919E-4	-2.631929279437138E-4	-2.631929279437138E-4	6.883279610359465E-4	0.4420085294046119	2412.753148407925	922.5537846511121	922.5537846511122	1805.548665925802	2743.381913633819	-705.0478197728437
6570000	-929.3983828316581	-197.96963200961338	-731.4287508220447	56.0	3.5016779260103675E-4	-2.530141209086141E-4	-2.530141209086141E-4	6.745193226368235E-4	0.5206063527375844	3917.551607977005	1469.4847767024041	1469.4847767024041	2033.7451469934515	3035.5546751439865	-731.4287508220447
6580000	-937.2235527385069	-198.76381695227008	-738.4597357862368	77.0	5.393727198217515E-4	-2.9958686649800644E-4	-2.9958686649800644E-4	8.298547525746567E-4	0.4477929370090378	2319.0099504302966	837.188583028098	837.188583028098	1507.2646151348836	2891.85749745871	-738.4597357862368
6590000	-938.12348635328	-204.13151337195183	-733.9919729813282	868.0	6.147060627170614E-4	-2.4862098668507464E-4	-2.4862098668507464E-4	5.516450356189606E-4	0.4269472104234735	1989.4359690451583	896.619205529173	896.619205529173	2216.8573495586766	2981.882051832098	-733.9919729813282
6600000	-932.5352339981084	-215.13253197341677	-717.4027020246916	935.0	4.893585763586638E-4	-3.4342198556317307E-4	-3.4342198556317307E-4	8.849184598492914E-4	0.5218706411149091	2808.3397373578796	1089.869465378376	1089.869465378376	1553.0076477769119	3151.949449468349	-717.4027020246916
6610000	-1001.5982797314214	-239.65866650554662	-761.9396132258747	192.0	4.1227569354584454E-4	-1.6427262166397768E-4	-1.6427262166397768E-4	4.86199995555841E-4	0.36691363199347293	2802.904057443309	947.0185150092831	947.0185150092833	2376.736373483127	2972.2755348048418	-761.9396132258747
6620000	-975.2944516379182	-235.585567203908	-739.7088844340102	384.0	4.490819012173962E-4	-1.4092046463810547E-4	-1.4092046463810547E-4	5.841396752852685E-4	0.2751394961890662	2409.1415231757414	581.1920627700607	581.1920627700608	1852.1286967901674	2798.569537833846	-739.7088844340102
6630000	-1073.6138916192922	-308.5066245992859	-765.1072670200064	22.0	5.543346411140366E-4	-3.435679014759713E-4	-3.435679014759713E-4	7.941270572245031E-4	0.5178232855723733	2464.9069897105273	1066.4073388307784	1066.4073388307784	1720.6104729590936	3188.4044774457034	-765.1072670200064
6640000	-987.446677081925	-274.08144892349526	-713.3652281584298	423.0	6.270983278903253E-4	-2.888613278583465E-4	-2.888613278583465E-4	7.109413896259618E-4	0.43261809694938375	1961.8167793053371	797.1022761567885	797.1022761567885	1730.45491496397	2754.811488159933	-713.3652281584298
6650000	-999.5290893191851	-234.60582645007253	-764.9232628691126	928.0	3.827436955503342E-4	-2.670448576182771E-4	-2.670448576182771E-4	7.151584097124655E-4	0.5104216315819066	3533.2269690039925	1319.3302072055349	1319.3302072055349	1890.9381879161626	3107.9439923848477	-764.9232628691126
6660000	-992.1633120892432	-216.96271615425022	-775.200595934993	128.0	3.869582782820422E-4	-2.2837014342344484E-4	-2.2837014342344484E-4	4.709434524833654E-4	0.5349619237926533	3620.343159787753	1755.5786841988634	1755.5786841988634	2974.713309027521	2902.8349186461282	-775.200595934993
6670000	-1010.3015902052755	-269.4033862359185	-740.8982039693569	250.0	5.877720198742832E-4	-2.7699239811315794E-4	-2.7699239811315794E-4	6.728727483293158E-4	0.44045031652051897	2110.8343554504913	868.9385498039495	868.9385498039494	1843.8692543332882	2841.352871336302	-740.8982039693569
6680000	-1007.7041128920871	-274.8835725685078	-732.8205403235793	73.0	6.601810708651662E-4	-3.7255747417586126E-4	-3.7255747417586126E-4	7.683741501807452E-4	0.5230887426966635	2085.3269218692685	1011.101337362516	1011.101337362516	1791.6966103815098	2937.088434626754	-732.8205403235793
6690000	-950.1491073858153	-217.6776662468023	-732.471441139013	236.0	4.949355119140301E-4	-1.7808303462626553E-4	-1.7808303462626553E-4	5.616488852717518E-4	0.3377658898541071	2280.6556616759167	723.1316429521772	723.1316429521771	2009.7564635333438	2858.740386075701	-732.471441139013
6700000	-989.2586532655117	-240.0991945332895	-749.1594587322222	417.0	5.010257762697752E-4	-2.1798005233648754E-4	-2.1798005233648754E-4	6.385162009913814E-4	0.3853902801516548	2344.0580890057704	800.2270014886305	800.2270014886305	1839.316718733366	3004.684171558138	-749.1594587322222
6710000	-984.8215208357134	-255.2541094730444	-729.567411362669	3.0	5.94578840933485E-4	-2.808737468015662E-4	-2.808737468015662E-4	8.251006560434142E-4	0.4010079258516622	2004.1438108920333	682.2335883160372	682.2335883160373	1444.213497366924	2896.661427425409	-729.567411362669
6720000	-993.4290185309039	-254.89069549785623	-738.5383230330477	948.0	6.049268087428675E-4	-2.0493089669414497E-4	-2.0493089669414497E-4	6.623206227001947E-4	0.3237590265229822	1846.659194087059	571.3811582521887	571.3811582521887	1686.6357694865596	3187.890164826706	-738.5383230330477
6730000	-966.7844920112288	-212.7063334507215	-754.0781585605074	118.0	3.75991226272913E-4	-2.383575858078914E-4	-2.383575858078914E-4	5.618068504946185E-4	0.5186168313213364	3638.171595731316	1543.5657246790142	1543.565724679014	2434.8592375937956	3157.7334658835366	-754.0781585605074
6740000	-940.663850055588	-221.90577502222914	-718.7580750333589	340.0	5.324342319189185E-4	-3.0637299439372325E-4	-3.0637299439372325E-4	8.506033881729489E-4	0.4552541801250254	2369.1975142127285	853.3449864320718	853.3449864320717	1482.9965131617632	3087.9194949900834	-718.7580750333589
6750000	-930.8370204260067	-198.26496698885464	-732.572053437152	876.0	5.843098024381837E-4	-2.4186290186274363E-4	-2.4186290186274363E-4	6.278958435582488E-4	0.3993041915360404	2036.0577466068266	784.2810873914669	784.281087391467	1894.722686697006	2775.856763984578	-732.572053437152
6760000	-1007.9556863571904	-275.6966430325331	-732.2590433246573	218.0	8.100089560381874E-4	-4.542167120490579E-4	-4.542167120490579E-4	8.924808104118136E-4	0.5342182930891393	1727.5896536786477	879.2346940230626	879.2346940230627	1567.94754073526	2898.8240390694064	-732.2590433246573
6770000	-1041.629176730059	-261.5686439377416	-780.0605327923174	288.0	3.339980016220369E-4	-2.1000919601402634E-4	-2.1000919601402634E-4	6.012566111812385E-4	0.468636861418388	3836.633227888949	1340.0738463510781	1340.073846351078	2131.2494652725727	3426.2959529103637	-780.0605327923174
6780000	-967.5744557782917	-226.80692011259305	-740.7675356656987	139.0	4.195836627880086E-4	-2.3489012411736027E-4	-2.3489012411736027E-4	6.393229539854691E-4	0.45351883016649824	3000.4442778786006	1102.3767009218734	1102.3767009218734	1969.1728448909078	3015.9491998986996	-740.7675356656987
6790000	-970.1530549154521	-248.7177207335466	-721.4353341819055	913.0	4.96859030279666E-4	-2.0369858437213243E-4	-2.0369858437213243E-4	6.775224594231068E-4	0.3510828126132616	2295.596564713686	690.176043639743	690.176043639743	1683.4687429080307	2937.9364125025645	-721.4353341819055
6800000	-951.4797069392494	-195.7378770345104	-755.741829904739	895.0	4.404364529107869E-4	-1.9447744244064258E-4	-1.9447744244064258E-4	6.225943204604634E-4	0.3713855730766168	2633.7395366205806	822.6912972125323	822.6912972125322	1863.163317233844	2935.1417802710957	-755.741829904739
6810000	-1017.9047337909345	-256.3792651966929	-761.5254685942416	271.0	4.8284859646438805E-4	-2.37629759881599E-4	-2.37629759881599E-4	6.76505657200891E-4	0.4157762004542976	2503.889588601112	879.5176734680739	879.5176734680738	1787.1241144681571	3131.248813016316	-761.5254685942416
6820000	-995.2411735284124	-235.7612279336228	-759.4799455947897	453.0	4.3652773152817184E-4	-1.373833437035288E-4	-1.373833437035288E-4	4.7330598679010886E-4	0.30224363519979974	2521.111835489054	731.7861668283156	731.7861668283155	2325.2087680921372	3227.3144896599683	-759.4799455947897
6830000	-973.9703759488002	-211.1059278396375	-762.8644481091627	88.0	4.2519838985351894E-4	-2.605405544040341E-4	-2.605405544040341E-4	6.324280520732035E-4	0.5024281507295888	3146.0011337574488	1296.053957217587	1296.0539572175871	2115.1411803538667	3056.966785187389	-762.8644481091627
6840000	-1013.9159196765136	-268.77090269710476	-745.1450169794089	36.0	6.383754125477669E-4	-2.4758687681620075E-4	-2.4758687681620075E-4	6.052293531156588E-4	0.39831765301436095	1861.8759335860873	761.6551395644806	761.6551395644806	1963.8436422442346	2965.2445872418903	-745.1450169794089
6850000	-962.4057485937684	-232.9614913828817	-729.4442572108867	369.0	5.950099863267202E-4	-1.9914622106983465E-4	-1.9914622106983465E-4	5.429823007130686E-4	0.3503620878890659	1915.8175482863073	702.6524151882192	702.6524151882192	2099.388086339681	2862.343948327284	-729.4442572108867
6860000	-997.1527749303312	-215.28670905184822	-781.866065878483	564.0	4.197744954493178E-4	-1.810587794270826E-4	-1.810587794270826E-4	4.2281465870579415E-4	0.429770445312898	2921.917256666624	1251.2309145059892	1251.2309145059894	2900.907801816187	2926.0171248281586	-781.866065878483
6870000	-909.6435158000281	-202.28670509881363	-707.3568107012145	15.0	6.141295667358823E-4	-2.978655509870174E-4	-2.978655509870174E-4	7.509293689269922E-4	0.4386223227680197	2016.2206538601374	799.7592061575674	799.7592061575674	1648.9176849859596	2718.6068869966075	-707.3568107012145
6880000	-917.3619801441812	-224.9441206415419	-692.4178595026393	520.0	6.379789632213013E-4	-1.9642386028673832E-4	-1.9642386028673832E-4	8.795941239832069E-4	0.2622103939067222	1683.1753284409192	375.87312890925597	375.87312890925597	1220.8249483245893	2762.934547342349	-692.4178595026393
6890000	-1009.8926287175884	-251.844196940849	-758.0484317767394	351.0	4.966420568612144E-4	-2.137217792596036E-4	-2.137217792596036E-4	5.666881231428295E-4	0.40286077031429135	2403.6228933396214	906.5066664617292	906.5066664617292	2106.5206220424343	3173.638299384022	-758.0484317767394
6900000	-1005.7183557646983	-257.4852495216617	-748.2331062430367	451.0	4.877900952156714E-4	-1.849974803468744E-4	-1.849974803468744E-4	5.89914978897092E-4	0.34486936131414125	2326.799769692503	729.6849716709619	729.684971670962	1923.9889167216793	3180.6127465122263	-748.2331062430367
6910000	-958.2650487716871	-200.65587493178037	-757.6091738399068	687.0	3.9381294769120064E-4	-1.5313060089854692E-4	-1.5313060089854692E-4	4.0408235146354024E-4	0.3838681237732297	2978.1161067969924	1128.5835853205099	1128.5835853205099	2902.4298594990432	2877.562918003548	-757.6091738399068
6920000	-966.1508201642774	-235.39888511378516	-730.7519350504923	498.0	3.8463746894544564E-4	-1.6629641015671309E-4	-1.6629641015671309E-4	6.348941742190097E-4	0.3365165354830354	2931.865019009025	767.9368428998353	767.9368428998353	1776.209620427727	3007.916476326565	-730.7519350504923
6930000	-1003.9700244530231	-247.7681544579934	-756.2018699950297	660.0	4.6363881059426786E-4	-1.965643169309172E-4	-1.965643169309172E-4	5.788444671065223E-4	0.3794319054454252	2519.5936602031343	855.6049766476518	855.6049766476518	2018.1265852584602	3273.252101114334	-756.2018699950297
6940000	-986.1679655125085	-250.11981593528057	-736.048149577228	362.0	5.09215906404605E-4	-2.977134126738617E-4	-2.977134126738617E-4	8.110479111161275E-4	0.4632593200163156	2500.415760786738	917.8339516624982	917.8339516624982	1569.884418129118	2949.06305637855	-736.048149577228
6950000	-975.2434761741941	-254.50302376298907	-720.7404524112051	597.0	5.697124459024846E-4	-4.1539542538940305E-4	-4.1539542538940305E-4	9.516236585463882E-4	0.5641586360258737	2574.7499061988133	1123.909985792609	1123.909985792609	1541.4361060425595	2802.2035922126233	-720.7404524112051
6960000	-979.2964474505012	-255.0609209277395	-724.2355265227617	556.0	6.238313228598378E-4	-2.2103047387778265E-4	-2.2103047387778265E-4	6.373586921900752E-4	0.3505311436042217	1827.552614127168	633.7794169701896	633.7794169701897	1788.764441180487	2989.120502913164	-724.2355265227617
6970000	-1027.8741001651936	-298.8116992410071	-729.0624009241865	361.0	7.093598572359112E-4	-4.3007133762110796E-4	-4.3007133762110796E-4	9.939999403113112E-4	0.512169858622593	1911.0153889074422	826.8339978617531	826.8339978617532	1363.780367055608	2901.7010278861785	-729.0624009241865
6980000	-1055.909937313459	-287.70050280629664	-768.2094345071625	890.0	5.003613428634479E-4	-1.9759201545161296E-4	-1.9759201545161296E-4	5.191747982534857E-4	0.38767760604066753	2352.055297737462	895.1654592961908	895.1654592961906	2266.8233343067545	3094.674173112857	-768.2094345071625
6990000	-1015.9823832512868	-258.16094906094054	-757.8214341903463	652.0	5.945374433528167E-4	-2.8154186438205243E-4	-2.8154186438205243E-4	6.138590003514745E-4	0.46603556715463273	2148.641463052976	985.4584245733176	985.4584245733175	2081.0117655584577	2876.5588658282704	-757.8214341903463
7000000	-950.6839037120561	-248.31711784391908	-702.3667858681371	548.0	6.966815149084333E-4	-4.179648487886956E-4	-4.179648487886956E-4	9.650270939241895E-4	0.509744867490481	1939.277691586845	839.9245080543421	839.9245080543423	1400.021749139604	2794.8237677181028	-702.3667858681371
7010000	-930.4392359442604	-193.23748891935247	-737.201747024908	429.0	4.5250101681164687E-4	-2.0336547789939885E-4	-2.0336547789939885E-4	4.5838649357710115E-4	0.4465309288920416	2760.3195411640622	1224.629674978542	1224.629674978542	2724.8782776181547	3054.031644051193	-737.201747024908
7020000	-950.5565058942675	-194.18674643115514	-756.3697594631124	410.0	3.398218832070315E-4	-9.678338216263357E-5	-9.678338216263357E-5	3.80054193528924E-4	0.2693099251199786	3172.8370881519872	807.9845181843024	807.9845181843025	2836.9624457856858	2950.1869638364847	-756.3697594631124
7030000	-993.8828981270347	-195.44648215326012	-798.4364159737745	445.0	3.7239220481806326E-4	-1.0203322355437914E-4	-1.0203322355437914E-4	2.693948906802378E-4	0.32214147254292147	2996.2802142360115	1134.8401157822436	1134.8401157822439	4141.843196857405	3119.304798904409	-798.4364159737745
7040000	-985.7343736577907	-277.71508678016943	-708.0192868776212	853.0	4.7521442614318216E-4	-3.024794198622074E-4	-3.024794198622074E-4	0.0010290653980682735	0.4325432465579148	2588.6293640059043	760.8914941000011	760.8914941000011	1195.4089798594528	2990.0898291665253	-708.0192868776212
7050000	-922.2489005727722	-210.1589200177266	-712.0899805550456	105.0	5.49882170947206E-4	-3.125461108403795E-4	-3.125461108403795E-4	6.917075292211651E-4	0.5067783210177931	2447.027449334285	1105.6825032253569	1105.6825032253569	1945.2972670724084	2856.3931682622806	-712.0899805550456
7060000	-996.0361518657883	-250.10911527123594	-745.9270365945523	354.0	4.698677434292782E-4	-1.8022121740177857E-4	-1.8022121740177857E-4	6.017718926141157E-4	0.3389238676621596	2404.4569595086373	720.0970430014745	720.0970430014745	1877.4169741118374	3258.4628863412986	-745.9270365945523
7070000	-1006.6759523430028	-256.0105533935839	-750.6653989494189	380.0	5.444011549011418E-4	-2.52467556325583E-4	-2.52467556325583E-4	5.00724731691872E-4	0.4835557326197308	2397.4725038916445	1208.8159144249544	1208.8159144249541	2606.5954352850063	3296.58546395691	-750.6653989494189
7080000	-965.8304614797812	-217.64123978805137	-748.1892216917298	247.0	3.239864759317168E-4	-7.21051226248384E-5	-7.21051226248384E-5	4.489524239393242E-4	0.18906124716001046	3200.9643551915806	514.0988555616286	514.0988555616286	2309.9756359968333	3038.1818090341917	-748.1892216917298
7090000	-973.9112275667238	-234.63926038257912	-739.2719671841447	663.0	5.124720072839982E-4	-2.7031499839912446E-4	-2.7031499839912446E-4	5.655069561154983E-4	0.5021299123497323	2609.1937121118635	1247.2069290841291	1247.2069290841291	2364.4956522261737	2776.566840005893	-739.2719671841447
7100000	-1021.4575333433743	-269.7676500251461	-751.6898833182282	470.0	5.986287573679957E-4	-3.2151986112345063E-4	-3.2151986112345063E-4	5.644190108594159E-4	0.5531312572120102	2406.879156170064	1371.0726200636038	1371.0726200636038	2552.7614248838495	3000.202637447231	-751.6898833182282
7110000	-982.7561504430128	-245.40373708062748	-737.3524133623853	27.0	5.837636502190076E-4	-1.8739599612160738E-4	-1.8739599612160738E-4	5.044663360713088E-4	0.3453231453473129	1944.9540700067855	722.4993608060607	722.4993608060608	2250.682367148049	2823.627727496388	-737.3524133623853
7120000	-936.2457300309925	-223.90722349891274	-712.3385065320798	575.0	5.622047218251926E-4	-7.607025535734345E-5	-7.607025535734345E-5	6.301417910438005E-4	0.12780518938265398	1808.2477118476013	218.29033900723746	218.29033900723746	1613.2962712191522	2751.6794735115486	-712.3385065320798
7130000	-1014.1546729075404	-253.09452005737114	-761.0601528501693	160.0	6.56519632017684E-4	-1.9747408695531385E-4	-1.9747408695531385E-4	4.8775594329779587E-4	0.34896749086012746	1734.395441838502	702.1916616347748	702.191661634775	2334.496735294025	3064.9626550091075	-761.0601528501693
7140000	-1030.7006602316947	-267.4744269513717	-763.226233280323	947.0	5.258392432264637E-4	-2.608587185557287E-4	-2.608587185557287E-4	4.618134912614574E-4	0.5293532104355688	2642.068699875962	1492.3917737943405	1492.3917737943405	3008.364701300039	3247.0317433826795	-763.226233280323
7150000	-972.7162705366616	-238.96459395085887	-733.7516765858027	641.0	5.04892760771486E-4	-2.2669143200607932E-4	-2.2669143200607932E-4	6.319755856224869E-4	0.4013149915063191	2360.8408151826475	846.840285143305	846.840285143305	1886.1036154513747	3179.519209955723	-733.7516765858027
7160000	-1060.0838720803727	-257.36191437811215	-802.7219577022604	771.0	5.315286190503703E-4	-1.7111464366020057E-4	-1.7111464366020057E-4	7.314020892320824E-4	0.2744389520842629	2034.606139376787	476.0047990754959	476.00479907549595	1478.6003588119254	2831.3569931095994	-802.7219577022604
7170000	-937.7445087571182	-236.5250821841216	-701.2194265729966	183.0	6.942361516521454E-4	-4.5109295905177983E-4	-4.5109295905177983E-4	0.0010184619385621685	0.5364633212727767	2022.4904182417279	895.7931100562602	895.7931100562604	1378.6337137897544	2927.46391935835	-701.2194265729966
7180000	-954.9306709601636	-241.88657001696674	-713.0441009431969	469.0	5.282584548939454E-4	-1.6391011296775426E-4	-1.6391011296775426E-4	6.156445658014452E-4	0.28742033817941326	2063.477581365443	549.3833004563882	549.3833004563883	1770.582474680629	2903.052423583076	-713.0441009431969
7190000	-972.8878679592071	-253.3488513327249	-719.5390166264822	440.0	5.448175179670304E-4	-2.021942559867841E-4	-2.021942559867841E-4	7.328291110544313E-4	0.3199940666222567	2044.8631818066524	564.196459178945	564.196459178945	1520.241576772345	2820.00038358319	-719.5390166264822
7200000	-1013.5788723306235	-289.2583624978613	-724.3205098327622	349.0	5.340403391447025E-4	-4.020523403236058E-4	-4.020523403236058E-4	9.856690251887578E-4	0.5541534079917424	2702.381135578826	1102.2956309271906	1102.2956309271904	1464.163427339507	2964.5297612239065	-724.3205098327622
7210000	-1008.769040103443	-234.91779612515006	-773.8512439782929	500.0	5.166888928401683E-4	-3.6516384364938814E-4	-3.6516384364938814E-4	6.483885891262089E-4	0.6308927334747554	3215.088125731371	1810.6949402760831	1810.6949402760831	2562.044354152508	3187.546631006831	-773.8512439782929
7220000	-1041.1286778887484	-260.2803029047483	-780.848374984	786.0	4.962468618204944E-4	-2.5730268420643266E-4	-2.5730268420643266E-4	5.815211694237957E-4	0.4789748008736758	2615.066419724923	1157.0750035463714	1157.0750035463711	2231.5928851334893	3038.54027942151	-780.848374984
7230000	-1001.8356848422771	-230.3840933128813	-771.4515915293958	761.0	4.502044469830571E-4	-2.5534547392832186E-4	-2.5534547392832186E-4	5.976561195650732E-4	0.49226344721938103	2931.6106332452077	1252.515421517072	1252.515421517072	2208.3336900662407	2815.1353545022516	-771.4515915293958
7240000	-1004.2210718196054	-240.32731915361484	-763.8937526659906	50.0	4.8312533250953064E-4	-1.487952121532514E-4	-1.487952121532514E-4	5.189943619776844E-4	0.2971513665764412	2270.323411253445	650.8996597702444	650.8996597702443	2113.415546146443	2623.843003165186	-763.8937526659906
7250000	-944.2400534039804	-204.12675906640814	-740.1132943375723	876.0	5.404912147029717E-4	-2.1464714513503829E-4	-2.1464714513503829E-4	5.205057296970947E-4	0.40468586897101766	2212.513634825227	912.4005907945577	912.4005907945576	2297.465933236678	2939.679928451504	-740.1132943375723
7260000	-983.626099769693	-274.8985594976209	-708.7275402720721	992.0	5.041536708430558E-4	-2.7006084098531055E-4	-2.7006084098531055E-4	9.064180763392728E-4	0.39949915948496995	2360.210861874209	703.2080966816842	703.2080966816843	1312.7595323155842	3044.8209054422496	-708.7275402720721
7270000	-937.055102000446	-206.2115392380089	-730.8435627624372	123.0	4.246514284911472E-4	-1.899852108919277E-4	-1.899852108919277E-4	6.382939309947823E-4	0.3649161994077848	2716.629343275922	808.5920508332298	808.5920508332298	1807.3499923540987	2973.3181713320155	-730.8435627624372
7280000	-934.2188711860474	-209.18741005210063	-725.0314611339468	950.0	4.5851163483173383E-4	-2.5681353009415807E-4	-2.5681353009415807E-4	7.991563240620355E-4	0.42425488349626844	2659.693912932942	854.7080992594772	854.7080992594771	1525.9850513004626	2785.36826641963	-725.0314611339468
7290000	-951.4433364789733	-198.95337837381877	-752.4899581051545	437.0	4.939487358219116E-4	-2.8687800325218765E-4	-2.8687800325218765E-4	6.22937110074857E-4	0.5171710527252619	2763.6960268887897	1272.7506275787393	1272.750627578739	2191.4317458366118	3079.4557985432175	-752.4899581051545
7300000	-956.0609964436678	-219.48320704415696	-736.5777893995108	397.0	4.900941056751541E-4	-2.880328485798569E-4	-2.880328485798569E-4	6.027711088424023E-4	0.5299392243756007	2837.2155319725334	1355.7572015660876	1355.7572015660876	2306.850126609651	2788.805923167496	-736.5777893995108
7310000	-924.2291113054283	-243.7926630447229	-680.4364482607054	290.0	6.512782029374298E-4	-3.179381705506493E-4	-3.179381705506493E-4	0.0011274528596075357	0.3710310052486472	1780.5613540545332	502.1127177400097	502.1127177400097	1028.5492550811766	2500.177095592115	-680.4364482607054
7320000	-1010.5361019028749	-271.85639027725506	-738.6797116256198	336.0	5.742220505944141E-4	-3.7213872520591663E-4	-3.7213872520591663E-4	0.001048563714869089	0.47958713016387866	2261.6821011485495	802.6784467241836	802.6784467241836	1238.5587213232377	2889.3571776828135	-738.6797116256198
7330000	-967.3562379838763	-231.94760971304748	-735.4086282708289	66.0	5.506337743956042E-4	-1.5503459781931542E-4	-1.5503459781931542E-4	5.541084822052562E-4	0.28067246229373677	1971.3893041852964	551.5770967867136	551.5770967867136	1959.0271006978942	2759.979771649591	-735.4086282708289
7340000	-948.2141426214913	-189.81001417636915	-758.4041284451222	445.0	3.996152248728631E-4	-2.2690401724652817E-4	-2.2690401724652817E-4	5.309579018308613E-4	0.4925962799437232	3304.166868941979	1412.0304710233822	1412.0304710233822	2486.817470456123	3090.2493569641	-758.4041284451222
7350000	-972.2193286098576	-234.31113953840887	-737.9081890714488	560.0	5.421382782314628E-4	-2.450278000358021E-4	-2.450278000358021E-4	6.379969672936422E-4	0.4166304593496164	2231.976423087353	857.2082638586592	857.2082638586593	1896.6232084123185	2921.8335844656663	-737.9081890714488
7360000	-972.0057656866891	-226.61484940986776	-745.3909162768214	858.0	5.697042565053862E-4	-2.999969064769944E-4	-2.999969064769944E-4	6.798223974326052E-4	0.4820524670678985	2286.6578595178253	1009.072791095647	1009.0727910956471	1916.263307385289	3159.687648168193	-745.3909162768214
7370000	-920.5441671166911	-225.37969450210542	-695.1644726145857	45.0	7.087640532431922E-4	-2.634149614313983E-4	-2.634149614313983E-4	5.848438332668424E-4	0.4091378318157394	1694.566662991986	763.2365886147653	763.2365886147652	2053.6216135581567	2611.1061229099323	-695.1644726145857
7380000	-946.7709787617237	-159.69898210428636	-787.0719966574374	89.0	4.252783575542089E-4	-1.3723630849411166E-4	-1.3723630849411166E-4	2.749142430155755E-4	0.401359702507486	2802.922857473199	1399.2101017901628	1399.2101017901628	4335.979162454006	2958.622293429213	-787.0719966574374
7390000	-899.7201115221179	-193.12567904041148	-706.5944324817065	530.0	6.360333060928358E-4	-2.469957016054452E-4	-2.469957016054452E-4	7.847804937117139E-4	0.3496031736248374	1791.1651778357977	563.7373804977784	563.7373804977785	1451.667974606617	2760.523532347548	-706.5944324817065
7400000	-1003.1763793284132	-215.576076725693	-787.6003026027201	262.0	2.8163511274419817E-4	-1.0687799062058444E-4	-1.0687799062058444E-4	4.998857356747309E-4	0.28484559545027405	3864.2253288380934	826.1900850079801	826.1900850079801	2177.1006021753064	2955.0046234615274	-787.6003026027201
7410000	-953.0937051365879	-225.64343806260078	-727.4502670739871	943.0	4.685717696276523E-4	-2.9029115764691096E-4	-2.9029115764691096E-4	7.00075340332172E-4	0.5068428884959514	2871.908554098596	1190.8570560845326	1190.8570560845326	1922.2149329874485	3046.829636192415	-727.4502670739871
7420000	-978.36812912249	-235.09989913936565	-743.2682299831243	577.0	5.984559408648229E-4	-3.0091620115998925E-4	-3.0091620115998925E-4	6.639047591016022E-4	0.4773935954235868	2164.197433591369	980.9269497597451	980.926949759745	1950.8473069085917	2831.1868841466307	-743.2682299831243
7430000	-900.8138903249478	-213.93097441396324	-686.8829159109846	718.0	4.5291757272589633E-4	-2.964935751674912E-4	-2.964935751674912E-4	9.601563832334184E-4	0.44960870854991036	2767.3142903301155	854.5388250078419	854.538825007842	1305.3761795814705	2945.4967266398935	-686.8829159109846
7440000	-908.4930027119977	-166.8851373903351	-741.6078653216626	161.0	3.422900149069614E-4	-1.6094817642820365E-4	-1.6094817642820365E-4	5.634910884218469E-4	0.366475899273152	3374.7425881471004	963.9170461383529	963.917046138353	2049.9715337809466	2759.245442173329	-741.6078653216626
7450000	-1006.3546055030802	-281.89396598398577	-724.4606395190945	111.0	6.98974780909008E-4	-2.430097582666284E-4	-2.430097582666284E-4	7.275299277764969E-4	0.34077484465180297	1618.6347836135988	540.6568616222418	540.6568616222418	1555.10426451568	2649.3726113500416	-724.4606395190945
7460000	-1064.9116746265195	-298.3701314290414	-766.5415431974782	401.0	4.8264654838292906E-4	-2.2688067968488498E-4	-2.2688067968488498E-4	5.428425743570554E-4	0.44324715985025964	2578.503009305309	1077.6835549672955	1077.6835549672955	2292.571799310693	3014.977741524615	-766.5415431974782
7470000	-998.0001516196156	-251.8029046351312	-746.1972469844844	140.0	4.8095556983130376E-4	-2.611887585055756E-4	-2.611887585055756E-4	6.596889278272254E-4	0.46369499079059273	2648.698962974817	1048.6918373375902	1048.6918373375902	1931.0715479868966	2900.058177610773	-746.1972469844844
7480000	-1008.5909661753799	-241.707714017052	-766.8832521583279	977.0	4.6852731968815355E-4	-6.337240965876854E-5	-6.337240965876854E-5	3.2757490421277976E-4	0.16176235087076088	2191.69753469891	424.0042574410184	424.00425744101835	3134.7644715560987	2843.5936250197847	-766.8832521583279
7490000	-994.948799307951	-289.6531587053526	-705.2956406025985	394.0	4.117521167045391E-4	-2.6917260912960166E-4	-2.6917260912960166E-4	0.0012458858257822275	0.37581475016743504	2828.0735286224094	611.0029625160154	611.0029625160154	934.6484545445762	2762.3577034841787	-705.2956406025985
7500000	-1026.8489855772818	-282.9044644014811	-743.9445211758007	96.0	5.303703636960185E-4	-2.5068490297427303E-4	-2.5068490297427303E-4	7.605010846130311E-4	0.3947195500824177	2233.455049763107	736.2165206275248	736.2165206275247	1557.6024689620417	2912.749477276247	-743.9445211758007
7510000	-1004.2829622779466	-281.24519116260143	-723.0377711153452	813.0	6.723666771550741E-4	-2.7333083166198354E-4	-2.7333083166198354E-4	7.738030930296803E-4	0.3789398696537671	1736.660153448584	613.4412854280519	613.4412854280519	1509.0045868775792	2954.6564209566563	-723.0377711153452
7520000	-992.4254045484676	-242.37197116294774	-750.0534333855198	570.0	4.3794920842608485E-4	-2.189022460915741E-4	-2.189022460915741E-4	6.275527490748951E-4	0.41755455600521857	2765.5481210051844	964.6753938291133	964.6753938291134	1929.9885344202676	3042.752250453537	-750.0534333855198
7530000	-901.3908141293089	-208.7133588465834	-692.6774552827255	956.0	5.262173674108763E-4	-1.736115320926333E-4	-1.736115320926333E-4	7.1856283356565E-4	0.28233427606237543	2064.9586855179614	498.9134204476076	498.9134204476076	1512.2089155564552	2652.2910767539593	-692.6774552827255
7540000	-992.5318305989003	-214.56397572765837	-777.9678548712419	51.0	4.248590705383939E-4	-2.0552853174447144E-4	-2.0552853174447144E-4	4.360189370819075E-4	0.4775259711318324	3048.9849067921227	1437.215996621542	1437.215996621542	2970.9464048850473	3302.7916442008886	-777.9678548712419
7550000	-962.2379995557126	-188.85325063387478	-773.3847489218377	813.0	4.055497838397073E-4	-3.1790021031981595E-4	-3.1790021031981595E-4	6.228316834323339E-4	0.6325332789256735	4110.3212710293	2097.953638680278	2097.9536386802774	2676.389058744447	3293.5390900030075	-773.3847489218377
7560000	-959.4478111329198	-223.56712868749176	-735.8806824454281	579.0	5.47398728928861E-4	-1.8594778531977782E-4	-1.8594778531977782E-4	7.381979776106913E-4	0.29251806528374813	1997.7642571341594	503.22521934761784	503.22521934761784	1481.4096600403782	2804.619228321585	-735.8806824454281
7570000	-1023.4477004127054	-270.61775949083653	-752.8299409218689	0.0	5.053575060363009E-4	-2.1838257250946563E-4	-2.1838257250946563E-4	5.809891152799001E-4	0.4030274430718005	2362.5485753287726	888.0363194245195	888.0363194245195	2054.9983201364626	2916.3718420767686	-752.8299409218689
7580000	-945.756269913019	-223.11789096850416	-722.6383789445148	688.0	5.343469296144923E-4	-2.0549720316009645E-4	-2.0549720316009645E-4	5.985159422054251E-4	0.36337612964879484	2156.145563758095	740.300887100283	740.3008871002831	1924.9775662627344	2986.4924371138436	-722.6383789445148
7590000	-1005.1176837919836	-232.10216982573687	-773.0155139662468	6.0	4.0888115332509664E-4	-2.0805737935048415E-4	-2.0805737935048415E-4	5.83436861692741E-4	0.4259784659092109	2987.870393106434	1065.4940142537791	1065.4940142537791	2093.943616751887	3111.200449660451	-773.0155139662468
7600000	-1026.2561956115444	-268.5829225824358	-757.6732730291086	469.0	4.2975738752606854E-4	-2.279772800854351E-4	-2.279772800854351E-4	5.577934329989237E-4	0.4656324020274791	2971.0603599532615	1214.3102083331723	1214.3102083331723	2289.082414633301	3040.020895761383	-757.6732730291086
7610000	-964.5397135330111	-230.43716518794204	-734.1025483450691	866.0	6.616672700854355E-4	-2.9215587997002827E-4	-2.9215587997002827E-4	7.457875677966458E-4	0.4158983864663188	1827.4262320861521	715.8785450028039	715.8785450028039	1621.303677452366	3220.1349994786146	-734.1025483450691
7620000	-929.6803814638628	-201.47337888682156	-728.2070025770412	657.0	3.992599328106255E-4	-1.8486530050224176E-4	-1.8486530050224176E-4	5.751487661606316E-4	0.38577798484403414	2942.5593729481006	945.8024683892183	945.8024683892183	2042.6820444685013	2809.0912795004124	-728.2070025770412
7630000	-940.0503390125152	-187.36631465599226	-752.684024356523	240.0	5.392559589263527E-4	-2.032817458768816E-4	-2.032817458768816E-4	4.453558971288295E-4	0.4148081702536524	2239.799967382546	1022.351900401124	1022.3519004011242	2712.045550537971	2583.8316402790247	-752.684024356523
7640000	-950.5369702628677	-244.90860139287912	-705.6283688699885	356.0	4.736288463084361E-4	-2.66499038679218E-4	-2.66499038679218E-4	7.544588225551943E-4	0.4458192361557474	2635.0958031301284	930.8002999864798	930.8002999864797	1654.2418854906027	2906.1883565058993	-705.6283688699885
7650000	-854.9393138281115	-150.54306256690032	-704.3962512612112	733.0	4.3771936634840044E-4	-2.673283538695301E-4	-2.673283538695301E-4	7.239634883892401E-4	0.4748853928739706	2949.7951992290823	1089.231580748145	1089.2315807481448	1783.4911651924378	2762.130760762608	-704.3962512612112
7660000	-987.7196885467615	-222.72354454082955	-764.9961440059319	781.0	6.108430386774063E-4	-3.027533368489331E-4	-3.027533368489331E-4	4.695493232329557E-4	0.5653058953577611	2405.9544441762223	1551.2975958853374	1551.2975958853372	3129.938540814117	2821.101762559142	-764.9961440059319
7670000	-892.5774073752827	-158.20099347090814	-734.3764139043747	133.0	3.805544374103766E-4	-1.500030009743074E-4	-1.500030009743074E-4	3.882622621362472E-4	0.3902374654041008	3099.7986507199807	1197.5902511507488	1197.5902511507486	3038.2611102086257	2745.9244265617476	-734.3764139043747
7680000	-954.7143985359744	-230.79667237062398	-723.9177261653505	736.0	6.434814396484068E-4	-3.6544997975174263E-4	-3.6544997975174263E-4	7.099922961231669E-4	0.5406710443918581	2195.9893573964023	1130.3281325412274	1130.3281325412277	1990.272853474569	2670.317738175444	-723.9177261653505
7690000	-952.7796135036398	-256.002867197359	-696.7767463062808	852.0	5.792413286068708E-4	-4.2275042047207236E-4	-4.2275042047207236E-4	8.68966857683584E-4	0.5958715786281317	2676.844382100154	1302.2787670956338	1302.278767095634	1784.347564756178	3009.5060931047697	-696.7767463062808
7700000	-962.6385547447024	-239.21628305823575	-723.4222716864667	692.0	5.931508308081457E-4	-2.588197417698094E-4	-2.588197417698094E-4	7.718008450196354E-4	0.38252709573461346	1974.8917724116732	662.2705609319545	662.2705609319545	1517.7603174719943	2716.385134023338	-723.4222716864667
7710000	-940.332808947663	-196.78605696371855	-743.5467519839444	705.0	4.767336581423753E-4	-2.1900551109656338E-4	-2.1900551109656338E-4	5.680651811346875E-4	0.42084100682061604	2549.0649294236196	982.7380487775091	982.738048777509	2139.235230399431	2938.9987457290204	-743.5467519839444
7720000	-931.0816690509284	-188.30182707118522	-742.7798419797432	43.0	4.7169446967211645E-4	-1.360535716674007E-4	-1.360535716674007E-4	4.101075079963343E-4	0.3093361635591406	2344.3439837766787	777.7384368506878	777.7384368506879	2696.4005061971247	2961.6343041711284	-742.7798419797432
7730000	-962.1887306528288	-227.3879565283861	-734.8007741244427	932.0	5.843320357844206E-4	-2.682755985565096E-4	-2.682755985565096E-4	7.650142353736336E-4	0.4012514046353248	2039.7631163566512	715.3052134863998	715.3052134863997	1558.0088306677474	2894.393653701406	-734.8007741244427
7740000	-961.4738363480342	-267.654335032799	-693.8195013152352	48.0	7.832202408020434E-4	-3.5475743265390373E-4	-3.5475743265390373E-4	0.0011198427097273815	0.3788009317187202	1490.677628124323	472.23504129141094	472.23504129141094	1042.5829276881025	2623.240382133752	-693.8195013152352
7750000	-990.4166102172139	-247.5478767188393	-742.8687334983746	684.0	5.752589980722604E-4	-3.248502726845817E-4	-3.248502726845817E-4	7.182759216862254E-4	0.5053658268816281	2334.5888611262476	1055.8502731970286	1055.8502731970286	1869.7456069658194	2816.843777384242	-742.8687334983746
7760000	-958.8512714065384	-191.031175390641	-767.8200960158974	37.0	3.671479405625415E-4	-2.440083339253752E-4	-2.440083339253752E-4	4.813338556431451E-4	0.5804447754325923	4107.621750228376	2082.3258699091966	2082.3258699091966	3133.1784550894768	2947.4672646843887	-767.8200960158974
7770000	-901.2871748573036	-200.52745034789865	-700.7597245094049	70.0	5.389503656785298E-4	-1.5863945461985744E-4	-1.5863945461985744E-4	5.941937526993895E-4	0.2803320687762557	2013.707811817525	537.6251560694117	537.6251560694116	1826.4893506846227	2807.0108540294555	-700.7597245094049
7780000	-1001.0766672401525	-245.28037661189254	-755.79629062826	547.0	6.013341895447756E-4	-3.625026325365191E-4	-3.625026325365191E-4	6.785116191272626E-4	0.567511376351144	2453.006582430055	1310.5469658781499	1310.5469658781496	2173.988895121499	2767.2171583336153	-755.79629062826
7790000	-934.8345304534564	-224.03506064521645	-710.79946980824	216.0	7.196696250959776E-4	-2.8801336995672215E-4	-2.8801336995672215E-4	8.706934468741137E-4	0.3638424977108963	1601.5406074583177	529.767519363559	529.7675193635589	1323.749630462251	2699.2290320469056	-710.79946980824
7800000	-908.0967926330615	-205.11834024155135	-702.9784523915101	924.0	5.337351994680316E-4	-4.024520851762852E-4	-4.024520851762852E-4	7.603368582710469E-4	0.631754344692159	3118.0404541870153	1650.40254040169	1650.4025404016904	2188.7771527335813	3025.8683479127308	-702.9784523915101
7810000	-922.5261971432726	-244.00356019943962	-678.5226369438329	851.0	5.930902542927379E-4	-4.019863292749489E-4	-4.019863292749489E-4	0.0011009276629978	0.4974752716336053	2240.5885656869214	818.115488608363	818.1154886083629	1207.0468268279972	3038.0745445264297	-678.5226369438329
7820000	-995.8840305926334	-260.0851589363608	-735.7988716562726	778.0	6.00166067819652E-4	-3.4481074990450815E-4	-3.4481074990450815E-4	8.081194001702564E-4	0.49511639985514094	2207.3047258095735	941.8192381148295	941.8192381148294	1639.2990905672675	2846.424556195743	-735.7988716562726
7830000	-997.7815895751997	-250.36322756462917	-747.4183620105706	507.0	6.962060288228102E-4	-2.691355093307513E-4	-2.691355093307513E-4	7.025406043703467E-4	0.384827763535666	1686.0472121922467	645.9059766598834	645.9059766598834	1670.8446838602117	2740.5966598671444	-747.4183620105706
7840000	-971.1081885041533	-253.1403022484711	-717.9678862556822	893.0	4.504155536089012E-4	-1.3785300803653168E-4	-1.3785300803653168E-4	8.200329720277357E-4	0.2268265567208914	2340.5963526235773	393.46984671926293	393.4698467192629	1285.608064435568	2763.493528537999	-717.9678862556822
7850000	-928.0275107757992	-186.30706311625443	-741.7204476595448	480.0	4.3553787499700525E-4	-2.8686973630422336E-4	-2.8686973630422336E-4	4.7316179070856367E-4	0.6319270367864066	3822.428909151129	2317.471940343594	2317.471940343594	3518.48479127136	3145.955069381126	-741.7204476595448
7860000	-985.9602280073948	-205.31909655506473	-780.6411314523301	287.0	5.695139214162606E-4	-2.626946476249356E-4	-2.626946476249356E-4	3.746813090820354E-4	0.5686801082405881	2595.1458958478247	1819.4954488529856	1819.4954488529854	3944.6102059711006	3062.93071971987	-780.6411314523301
7870000	-934.5888784825199	-223.40132186305516	-711.1875566194648	400.0	5.087700646573823E-4	-2.4356990259711007E-4	-2.4356990259711007E-4	5.788659573118294E-4	0.4488216960081857	2461.338783158917	1035.6595341286543	1035.6595341286545	2163.290958872033	2790.9721726317225	-711.1875566194648
7880000	-983.1400646242988	-247.12709102735698	-736.0129735969418	22.0	5.60674676958724E-4	-2.2746631641757108E-4	-2.2746631641757108E-4	5.53354566717812E-4	0.4083756838641467	2140.5458010356947	879.9097319693549	879.9097319693549	2168.862240768437	2886.2891741632707	-736.0129735969418
7890000	-1076.1771822142305	-263.3540135291289	-812.8231686851016	311.0	6.258312979327594E-4	-3.136932464417554E-4	-3.136932464417554E-4	6.590181228763223E-4	0.4884587015475908	2098.578555496218	998.9253665945132	998.9253665945132	1992.8983674497986	3056.581888185456	-812.8231686851016
7900000	-976.8340447389439	-230.32966121696515	-746.5043835219788	75.0	5.225531065953811E-4	-2.1149767531779008E-4	-2.1149767531779008E-4	3.88732171375915E-4	0.46926173185464787	2454.087231764236	1335.1962681866287	1335.1962681866285	3298.906036707603	3019.4491669956014	-746.5043835219788
7910000	-974.0311990237855	-235.25942436823098	-738.7717746555545	308.0	6.488990626949709E-4	-2.6863954748213747E-4	-2.6863954748213747E-4	5.938123372502878E-4	0.43276961948808784	1896.2125022656658	857.842851324782	857.8428513247821	2072.1201601981024	2907.4576914263816	-738.7717746555545
7920000	-1045.7245986977525	-279.44156025255023	-766.2830384452022	5.0	4.729026157855583E-4	-8.361191653442043E-5	-8.361191653442043E-5	4.4971619408871246E-4	0.18130636753622553	2186.474044468906	406.5125688463602	406.51256884636024	2299.204050394073	2931.285015058165	-766.2830384452022
7930000	-1007.2259295622495	-286.7816206135502	-720.4443089486992	951.0	4.385561278850302E-4	-3.412951942011435E-4	-3.412951942011435E-4	8.616789742701789E-4	0.5551940883899565	3296.246403973337	1305.5825779336699	1305.5825779336699	1677.6422573219684	3021.7163719638165	-720.4443089486992
7940000	-903.8657433281126	-171.79158133520474	-732.0741619929078	155.0	4.152041815530599E-4	-1.4247628009489711E-4	-1.4247628009489711E-4	5.416211673180803E-4	0.3004442480019138	2647.428326783082	696.4198642487577	696.4198642487577	2029.5058206187323	2841.3058470842025	-732.0741619929078
7950000	-931.1399436715624	-210.96318342865325	-720.1767602429092	152.0	5.878016048593384E-4	-1.733705363076966E-4	-1.733705363076966E-4	4.886475481845387E-4	0.32349088412805316	1900.0919812225616	674.1463597687043	674.1463597687043	2285.649687781081	2951.741309496595	-720.1767602429092
7960000	-946.4369768680195	-218.6114982161359	-727.8254786518836	459.0	4.610028800018721E-4	-1.7421762798951234E-4	-1.7421762798951234E-4	7.764212135981587E-4	0.29120014088805396	2370.168238949154	531.8312808741892	531.8312808741892	1407.2958918534068	2789.1458504795305	-727.8254786518836
7970000	-933.9951749239854	-190.2980066793608	-743.6971682446245	677.0	3.6053804255689267E-4	-1.9300000498431627E-4	-1.9300000498431627E-4	5.10830532356068E-4	0.44972118711093423	3476.815345188745	1313.5968514960366	1313.5968514960366	2453.8944316906336	3208.145610344095	-743.6971682446245
7980000	-906.1321394729241	-190.85845708356635	-715.2736823893578	504.0	5.286340980208651E-4	-3.2672685417884094E-4	-3.2672685417884094E-4	7.610427286379859E-4	0.5151132539956338	2574.8943651623053	1105.4400812394972	1105.4400812394972	1788.5683799418712	2733.6149507835275	-715.2736823893578
7990000	-1014.9289291760201	-241.43791280941173	-773.4910163666084	402.0	5.063286355065708E-4	-3.4572403606157235E-4	-3.4572403606157235E-4	7.769760662323815E-4	0.5512003808988936	2836.920254137837	1262.318831777265	1262.318831777265	1848.7235627267776	2996.105578047437	-773.4910163666084
8000000	-969.8228312420588	-198.8872735419185	-770.9355577001403	71.0	4.557449908043381E-4	-2.0061511571217686E-4	-2.0061511571217686E-4	4.939674433847865E-4	0.4228180681152873	2671.874142494157	1085.1288833772305	1085.1288833772305	2465.12856830688	2911.658954317275	-770.9355577001403
8010000	-965.1142361077717	-229.79271403991012	-735.3215220678616	423.0	5.41722454956123E-4	-2.9978640695338735E-4	-2.9978640695338735E-4	6.22893686340292E-4	0.5160794351969309	2516.0955340687524	1210.9469982616902	1210.9469982616902	2188.215227590587	3031.184643490463	-735.3215220678616
8020000	-967.8740655836355	-234.32771274111556	-733.5463528425199	804.0	4.1063148161693915E-4	-2.609337923206484E-4	-2.609337923206484E-4	7.474485187262472E-4	0.47099203455796035	3129.50194278205	1092.5070951997347	1092.5070951997347	1719.2783011699828	2949.8349184915683	-733.5463528425199
8030000	-929.9561957004197	-234.4866762077928	-695.4695194926269	425.0	6.238436973736865E-4	-2.9912557481846303E-4	-2.9912557481846303E-4	8.717850831943056E-4	0.4056121292187679	1918.6191440916257	658.3136892309053	658.3136892309054	1372.9512970288865	2856.450631190784	-695.4695194926269
8040000	-931.5363748173518	-229.35457074232957	-702.1818040750222	759.0	6.042884177694337E-4	-3.2008896351838113E-4	-3.2008896351838113E-4	9.260213222426657E-4	0.42789584725796237	2025.74184353507	700.2188734516376	700.2188734516375	1321.9267246185038	3055.9631674427314	-702.1818040750222
8050000	-975.6028971808977	-226.65453907665344	-748.9483581042442	291.0	4.6814269682137415E-4	-1.9305184632311892E-4	-1.9305184632311892E-4	5.848677771741037E-4	0.36894020584863957	2472.6734004645973	816.1744995085553	816.1744995085553	1979.189210328799	2677.189564430683	-748.9483581042442
8060000	-1032.3654561115727	-289.6779648214431	-742.6874912901297	804.0	6.834981386077127E-4	-4.5720469612183916E-4	-4.5720469612183916E-4	7.738408765910157E-4	0.6286605108319447	2419.1397730940466	1429.2887572780355	1429.2887572780355	2136.715159356396	2876.5187272929593	-742.6874912901297
8070000	-1024.7733721291638	-258.96921113582965	-765.8041609933342	449.0	5.957033506514802E-4	-3.2840904870990063E-4	-3.2840904870990063E-4	6.332695182728381E-4	0.5346946038806782	2350.768713133541	1219.0918630076378	1219.091863007638	2211.3188123117384	2963.6927272723583	-765.8041609933342
8080000	-1014.8681600024223	-244.4894992505722	-770.3786607518501	8.0	4.7031557703409776E-4	-1.652548983447376E-4	-1.652548983447376E-4	4.509673949921608E-4	0.35882863093752443	2440.4607479895635	894.2954575027495	894.2954575027495	2545.1656098989806	2901.8050413899073	-770.3786607518501
8090000	-929.4077429349309	-228.66059271536085	-700.74715021957	441.0	5.129998638772036E-4	-1.2501918009934896E-4	-1.2501918009934896E-4	7.31292790776053E-4	0.20411380344629806	2034.0622626885581	347.73595413471605	347.73595413471605	1426.8890341030785	2879.763552378796	-700.74715021957
8100000	-965.0192566001374	-232.185841017107	-732.8334155830304	947.0	5.066330738020372E-4	-2.1517246450809274E-4	-2.1517246450809274E-4	7.388366465359497E-4	0.35169460883242254	2252.4141524009547	655.9738293130783	655.9738293130783	1544.5193614263706	2937.755278143433	-732.8334155830304
8110000	-928.6334894539566	-208.1780477341249	-720.4554417198317	355.0	4.605704927625744E-4	-9.525375623911306E-5	-9.525375623911306E-5	5.726361032136008E-4	0.18547897724456341	2248.576847279729	374.0340325971425	374.0340325971426	1808.527511196474	2924.3271736191537	-720.4554417198317
8120000	-942.798471150932	-204.44582755323157	-738.3526435977004	146.0	5.127375472170139E-4	-2.7585702952707714E-4	-2.7585702952707714E-4	6.598181525385484E-4	0.4742685920153321	2516.3111493926544	1052.0203428273658	1052.0203428273658	1955.3981681324492	2914.210074732493	-738.3526435977004
8130000	-995.9729852101806	-266.69933724700195	-729.2736479631786	930.0	3.97992289571217E-4	-2.4249909065397009E-4	-2.4249909065397009E-4	9.075171235820964E-4	0.4035017020557822	3001.2570216727386	801.970651200217	801.9706512002172	1316.2034330905597	2962.3079086560538	-729.2736479631786
8140000	-982.700618079348	-208.20980601905734	-774.4908120602906	776.0	2.9903720120030814E-4	-1.6901762400270748E-4	-1.6901762400270748E-4	5.471225628584861E-4	0.41785641126567175	4051.467976219266	1251.583351792338	1251.583351792338	2214.3843566448786	3133.6933653294514	-774.4908120602906
8150000	-965.5209087393782	-196.15152379921238	-769.3693849401658	257.0	4.031062596589011E-4	-1.6869655819320338E-4	-1.6869655819320338E-4	4.530305259855628E-4	0.3947596158738534	2938.686076961315	1094.2887915006847	1094.2887915006847	2614.840909933112	3123.16305241582	-769.3693849401658
8160000	-1011.254929908671	-267.6764046867229	-743.5785252219481	546.0	4.715651652306215E-4	-1.6059069202439667E-4	-1.6059069202439667E-4	7.974718793782297E-4	0.26187366278248997	2276.730922440016	458.47609657791565	458.47609657791565	1346.288215784077	2918.048612700795	-743.5785252219481
8170000	-953.679224015492	-237.54459709585308	-716.1346269196389	833.0	5.689767547544265E-4	-2.2012825335396266E-4	-2.2012825335396266E-4	9.859780817088382E-4	0.2938968256532036	1923.7014166313877	429.48321131408284	429.48321131408284	1110.1072219114915	2887.6951361816596	-716.1346269196389
8180000	-993.9658207786704	-242.4135422385878	-751.5522785400825	805.0	5.015189213108838E-4	-1.0080908292939117E-4	-1.0080908292939117E-4	5.369988488456281E-4	0.19425371142681402	2072.133652257382	388.9950483883561	388.9950483883561	1935.2261859146904	2880.027367804071	-751.5522785400825
8190000	-962.8738271936935	-228.29036880362096	-734.5834583900726	476.0	3.581778947506262E-4	-2.081011108741602E-4	-2.081011108741602E-4	6.891668391987115E-4	0.4188541499056369	3385.932724810622	1022.4176807426112	1022.4176807426113	1759.7571243416082	2921.1891532718746	-734.5834583900726
8200000	-1012.4085916824424	-272.73638409827055	-739.6722075841718	744.0	5.80818420259483E-4	-2.50002721140243E-4	-2.50002721140243E-4	6.487483429610495E-4	0.4072737452249418	2064.081629890866	795.4178684650395	795.4178684650395	1847.9532850719133	2972.476392509154	-739.6722075841718
8210000	-1033.2069239103373	-237.43181401190347	-795.7751098984339	408.0	4.166600970168855E-4	-2.0927807356820562E-4	-2.0927807356820562E-4	5.867144411035064E-4	0.4232718483498242	2923.876865569236	1042.932089120034	1042.9320891200339	2076.415259495177	3178.291080471057	-795.7751098984339
8220000	-999.696384238892	-236.84368850768857	-762.8526957312035	968.0	6.566566728718053E-4	-2.9162071989193396E-4	-2.9162071989193396E-4	7.958308664753039E-4	0.40340270600614553	1818.8548788503467	666.4930847662142	666.4930847662142	1500.7751565006463	2931.9121134588495	-762.8526957312035
8230000	-958.5377678815235	-208.14104176633268	-750.3967261151907	40.0	4.4351473833682695E-4	-1.7710789858559967E-4	-1.7710789858559967E-4	7.757807907723702E-4	0.3019356480496564	2480.8868932766645	566.3773446353755	566.3773446353756	1418.3257879063888	3030.451067125527	-750.3967261151907
8240000	-999.2612252035544	-257.4144078361597	-741.8468173673948	855.0	5.896427896222579E-4	-2.2847473685164854E-4	-2.2847473685164854E-4	4.918230633380674E-4	0.42426699152172953	2068.228264668994	960.7884293026311	960.7884293026311	2479.5825459627977	2783.256323777778	-741.8468173673948
8250000	-980.6545554631612	-240.2426945951433	-740.4118608680178	943.0	5.02818958663303E-4	-2.8789357201496995E-4	-2.8789357201496995E-4	7.221148435626041E-4	0.47777454757954785	2577.045809796518	1027.4195718900353	1027.4195718900353	1794.4340876814763	2979.38298100015	-740.4118608680178
8260000	-965.9481509601169	-266.1742128370886	-699.7739381230283	92.0	6.981120899864615E-4	-3.0152468491876917E-4	-3.0152468491876917E-4	0.001025981638011824	0.3562792246853248	1640.6963266002892	482.1825504442731	482.18255044427303	1116.3844450623958	2720.095627678099	-699.7739381230283
8270000	-937.9284325587919	-233.73917145466731	-704.1892611041246	43.0	5.711956732345463E-4	-3.5966214715112534E-4	-3.5966214715112534E-4	8.774160847088842E-4	0.5080418424336272	2359.79095891971	967.3033101444375	967.3033101444378	1536.2180030243653	2668.8579882503755	-704.1892611041246
8280000	-1024.927956899491	-284.15268343715655	-740.7752734623343	411.0	7.123869293179497E-4	-2.5990305743253694E-4	-2.5990305743253694E-4	5.486108500947593E-4	0.4157394344267404	1697.0481063972063	803.9724175826041	803.9724175826041	2203.665657017774	2954.8138040634963	-740.7752734623343
8290000	-940.7038685159254	-253.20259287057365	-687.5012756453517	318.0	6.428241489995803E-4	-2.3835979093951446E-4	-2.3835979093951446E-4	9.558012576495221E-4	0.3040906768380224	1714.1442710658946	427.47701660929846	427.4770166092984	1152.8477531199142	2778.4431048802453	-687.5012756453517
8300000	-961.6946914844596	-239.7139506026747	-721.9807408817849	76.0	4.961539205169362E-4	-2.59392182078088E-4	-2.59392182078088E-4	7.080136926530441E-4	0.4376509146637826	2493.0106540492343	913.3544735195482	913.3544735195482	1747.0241363017808	3031.03295916694	-721.9807408817849
8310000	-1002.1719403774382	-259.7606452007769	-742.4112951766613	698.0	5.016006839367025E-4	-2.3065604391737967E-4	-2.3065604391737967E-4	8.453781921488359E-4	0.354209543968119	2279.630124515832	621.9825292383839	621.9825292383839	1352.6064904434336	2936.5265858490175	-742.4112951766613
8320000	-1011.2836144503822	-288.6898997803093	-722.5937146700729	850.0	5.602547643715123E-4	-2.1300120080155436E-4	-2.1300120080155436E-4	5.941999283626085E-4	0.3691670873062609	2066.539195702663	740.7865756583029	740.7865756583028	1948.4829514256583	3071.4310461957734	-722.5937146700729
8330000	-1040.80281119752	-298.94010828925553	-741.8627029082644	324.0	6.67870474570557E-4	-3.8650913642932183E-4	-3.8650913642932183E-4	7.561423729012765E-4	0.5438909772061444	2126.2898342639173	1086.8726275535578	1086.8726275535578	1878.0672153520522	3022.45956611576	-741.8627029082644
8340000	-986.2941200648569	-262.83735178441714	-723.4567682804397	746.0	7.424823444335044E-4	-4.218656017739272E-4	-4.218656017739272E-4	7.070988151376684E-4	0.5822251948855544	2037.526791135802	1215.6185917319797	1215.61859173198	2139.485509439082	2863.3159054351872	-723.4567682804397
8350000	-889.7696722918005	-205.827383406463	-683.9422888853375	640.0	5.44514844984932E-4	-3.4333233204873927E-4	-3.4333233204873927E-4	0.0010671432709027683	0.4504000978209512	2303.8585359491713	741.2211138141482	741.2211138141482	1175.5545930663295	2800.4938420865997	-683.9422888853375
8360000	-1086.0639008160565	-274.84802247789554	-811.215878338161	190.0	4.3723956542722226E-4	-1.9373391502393344E-4	-1.9373391502393344E-4	4.435196986213918E-4	0.4399359689691363	2835.9572755400277	1238.7749800939232	1238.7749800939232	2795.8007966311416	3122.031864623799	-811.215878338161
8370000	-1019.4056311188656	-258.90417901394267	-760.5014521049229	675.0	4.3103727720662587E-4	-3.3195048183004425E-4	-3.3195048183004425E-4	6.630538041576712E-4	0.6209283691678298	3775.722451567044	1890.2732767613452	1890.2732767613452	2454.5174385642745	2919.070807924354	-760.5014521049229
8380000	-997.772911984418	-265.74130498272814	-732.0316070016898	942.0	6.066167031844082E-4	-1.8789841441560132E-4	-1.8789841441560132E-4	8.2429148011768E-4	0.26572078550308836	1773.725823110176	404.3233222825846	404.3233222825847	1305.3291670739272	2517.38434241239	-732.0316070016898
8390000	-1009.3578556892096	-276.8561286162993	-732.5017270729103	801.0	7.251439566341454E-4	-3.8828758792380216E-4	-3.8828758792380216E-4	8.065300749971111E-4	0.5077279934508659	1858.0082149265993	894.5004662337519	894.5004662337518	1670.5185215014405	2813.8947685481326	-732.5017270729103
8400000	-972.6739669052098	-227.41021423652214	-745.2637526686876	347.0	6.110493672113386E-4	-2.50837609096245E-4	-2.50837609096245E-4	5.941967350309201E-4	0.4162836680498707	1979.5734001940002	835.668440199942	835.6684401999421	2035.7181421974615	3191.3921094868706	-745.2637526686876
8410000	-963.8328716783699	-241.51826782481436	-722.3146038535555	92.0	6.427646961398503E-4	-3.300977367145606E-4	-3.300977367145606E-4	7.392319528803773E-4	0.47887942023252233	2018.724226877712	901.4441214921577	901.4441214921577	1755.2875781726104	2876.3969322410744	-722.3146038535555
8420000	-932.7700426658448	-202.56144101921637	-730.2086016466285	335.0	5.286697313169961E-4	-1.437283111620807E-4	-1.437283111620807E-4	4.5598053803281804E-4	0.2927365473558693	2068.8276422464505	652.1091983187026	652.1091983187025	2398.62551697083	2721.1381130118198	-730.2086016466285
8430000	-978.1041316512451	-231.4339671383226	-746.6701645129225	491.0	4.303522625120037E-4	-1.5615120217954607E-4	-1.5615120217954607E-4	5.867693783345386E-4	0.3107417206627934	2572.0345299509413	684.4704218190498	684.4704218190498	1886.3985069655637	2873.826061896216	-746.6701645129225
8440000	-1064.9606354942694	-265.7722554058694	-799.1883800884	15.0	4.5320699072065926E-4	-2.4354636475085268E-4	-2.4354636475085268E-4	3.5174579570798896E-4	0.6099846324729502	3513.9853738996158	2433.059254847206	2433.059254847206	4527.595656220901	3318.9199022190073	-799.1883800884
8450000	-1004.8175237748962	-270.53844667624077	-734.2790770986555	706.0	6.199311951712755E-4	-3.985344872826201E-4	-3.985344872826201E-4	8.651161597282292E-4	0.5441980127896193	2291.803116773319	1055.7687194086081	1055.7687194086081	1642.2768541566268	3129.292574684767	-734.2790770986555
8460000	-931.0062888845256	-226.7674022226947	-704.2388866618309	132.0	6.391703832157432E-4	-4.252013386536935E-4	-4.252013386536935E-4	9.923473189811167E-4	0.5338932759130066	2188.279767930052	937.6349075321659	937.6349075321658	1409.469840949633	2954.6478455863735	-704.2388866618309
8470000	-1019.4662682231971	-267.17052300441094	-752.2957452187861	313.0	5.177302132102942E-4	-1.760200529761193E-4	-1.760200529761193E-4	7.85132617005437E-4	0.2760825022858112	2090.8778527785726	468.757025808457	468.757025808457	1378.761515022164	2856.932616400965	-752.2957452187861
8480000	-1092.686851863532	-311.7136947762221	-780.9731570873099	72.0	3.95647891851446E-4	-2.9182928591839124E-4	-2.9182928591839124E-4	0.0010179775478180737	0.45983851583454793	3205.255930278959	918.868546093085	918.868546093085	1245.7570939333245	3419.5965398050216	-780.9731570873099
8490000	-1084.2590593761686	-309.18308862796766	-775.0759707482009	36.0	3.675489403260005E-4	-2.3261999863599602E-4	-2.3261999863599602E-4	8.109582917163018E-4	0.42607907085041863	3324.2153943161393	953.5373007346892	953.5373007346894	1506.6272311125247	3009.6271981512746	-775.0759707482009
8500000	-1011.7384932153136	-252.85341793331276	-758.8850752820009	888.0	4.5197121027909786E-4	-2.3147110282638843E-4	-2.3147110282638843E-4	5.333705652993947E-4	0.47144048227782	2844.805836717768	1234.5832094847244	1234.5832094847246	2410.651094532439	2862.385390010505	-758.8850752820009
8510000	-1010.0739728228676	-203.2523025810115	-806.8216702418562	432.0	4.62961651987659E-4	-1.390760386569894E-4	-1.390760386569894E-4	2.688900567725227E-4	0.3941780449112091	2557.3592074340977	1322.7242102663622	1322.724210266362	4403.13508655009	3124.603390966817	-806.8216702418562
8520000	-959.0132900239839	-239.87395560468204	-719.1393344193019	189.0	4.3506013539629663E-4	-1.648440973805311E-4	-1.648440973805311E-4	6.52751637179355E-4	0.30933194380343415	2541.7426462607805	641.8846747087296	641.8846747087294	1694.0760265315357	2664.2970415107566	-719.1393344193019
8530000	-978.596290801069	-250.23011468629255	-728.3661761147765	681.0	6.870065333560674E-4	-1.815568747391482E-4	-1.815568747391482E-4	6.233619216754313E-4	0.2774355627945003	1576.970421485399	459.29950374806594	459.2995037480659	1737.9774811362854	2624.2185494180917	-728.3661761147765
8540000	-942.4736624767374	-189.12828753411884	-753.3453749426186	666.0	3.9987614363153436E-4	-1.4809231146151714E-4	-1.4809231146151714E-4	5.388645527359775E-4	0.3190288483612005	2784.142736224343	765.1461413686118	765.1461413686117	2066.0335793633426	2998.68339877084	-753.3453749426186
8550000	-978.4086213171543	-185.73620858181243	-792.6724127353418	9.0	2.823699826068112E-4	-6.631741950129443E-5	-6.631741950129443E-5	3.0455711007548443E-4	0.2261434346635405	3732.3273252875856	812.7156082020007	812.7156082020007	3460.42553944373	3210.6306511720645	-792.6724127353418
8560000	-1033.3481496699455	-258.79142991127947	-774.5567197586662	959.0	6.348698306368802E-4	-2.9956836696550985E-4	-2.9956836696550985E-4	5.775244604748294E-4	0.49473019274036917	2085.591056329642	1081.819298855089	1081.8192988550888	2292.6801050489876	2935.9219356065414	-774.5567197586662
8570000	-977.6038973352817	-202.91484779923212	-774.6890495360495	366.0	4.955651523237462E-4	-3.784717531087693E-4	-3.784717531087693E-4	7.420249185567706E-4	0.624128259425435	3305.5158373609165	1685.9870101506208	1685.987010150621	2207.605726552148	2908.2734218199676	-774.6890495360495
8580000	-995.140321826019	-249.07224925828487	-746.0680725677341	192.0	3.604598764239321E-4	-1.4841533326962313E-4	-1.4841533326962313E-4	6.15184804898535E-4	0.3151719124327319	3080.2004577286357	743.1083697628725	743.1083697628725	1804.8051049260353	2825.329468004327	-746.0680725677341
8590000	-1044.7252503292189	-293.1083730096103	-751.6168773196084	97.0	4.489739817877843E-4	-1.7271561750849777E-4	-1.7271561750849777E-4	6.093455938373683E-4	0.3302092121509182	2499.883123067971	708.5779591523456	708.5779591523456	1841.9473138382411	2950.8796411243675	-751.6168773196084
8600000	-902.5631520008244	-192.80858828134453	-709.7545637194798	980.0	6.557273838190477E-4	-2.8955993276274036E-4	-2.8955993276274036E-4	7.011068882980442E-4	0.42705586415117813	1865.1914935622317	770.3315036264802	770.3315036264801	1744.4660133979116	2818.628596217734	-709.7545637194798
8610000	-1004.6619519964365	-258.9879391773505	-745.674012819086	619.0	6.474227169463052E-4	-2.839428649779934E-4	-2.839428649779934E-4	6.944329409509211E-4	0.42346920752500244	1882.0947410702388	769.5593648073607	769.5593648073607	1754.6847491789201	2859.882052563324	-745.674012819086
8620000	-981.4843196016805	-255.72290960247807	-725.7614099992024	684.0	5.789204580843432E-4	-2.5684746392181404E-4	-2.5684746392181404E-4	8.279100912413011E-4	0.37100028675723273	2003.0560861706686	621.4199842095431	621.4199842095431	1400.6474365301306	2731.715483470559	-725.7614099992024
8630000	-981.0485933444442	-283.3581090717446	-697.6904842726996	882.0	8.171380378754641E-4	-2.2280867675797763E-4	-2.2280867675797763E-4	8.722262497907358E-4	0.2639184848930891	1315.4053245133478	336.0179997168552	336.0179997168553	1232.326734195006	2726.8104107029994	-697.6904842726996
8640000	-924.7542897625292	-232.24391940680414	-692.5103703557251	801.0	4.6468750337586365E-4	-2.0413389237590058E-4	-2.0413389237590058E-4	5.968820952607756E-4	0.3876058688806201	2532.455709377502	866.1007681909844	866.1007681909845	1971.5795302696147	2801.823854275267	-692.5103703557251
8650000	-957.3965997747853	-189.01708143669777	-768.3795183380875	404.0	3.230677174407733E-4	-1.1836441609662903E-4	-1.1836441609662903E-4	4.149032022649009E-4	0.32329648661650306	3456.6136925658884	986.1096736750488	986.1096736750488	2691.520069345713	3214.729327472461	-768.3795183380875
8660000	-958.7917685149137	-233.65107473961655	-725.1406937752971	438.0	4.8715878997309195E-4	-1.8185055542406514E-4	-1.8185055542406514E-4	5.70644046821458E-4	0.34490279585441624	2329.876036597041	742.4755479083346	742.4755479083346	1989.0150385307368	2851.0360220506795	-725.1406937752971
8670000	-994.4372409578195	-244.44896092525076	-749.9882800325688	660.0	6.32756281102876E-4	-3.3190043603963446E-4	-3.3190043603963446E-4	7.553600466485901E-4	0.48007886340799766	2053.7198705345677	902.3915463333924	902.3915463333925	1720.3771280626	3057.661447213262	-749.9882800325688
8680000	-990.5016152805183	-275.32360086136083	-715.1780144191575	746.0	5.027715811652175E-4	-2.302580301475689E-5	-2.302580301475689E-5	9.489849313219285E-4	0.03333494677193223	1991.1874345338585	48.31340110866555	48.31340110866555	1054.9297694984043	2726.5559131780733	-715.1780144191575
8690000	-989.7090879430173	-246.95355904239173	-742.7555289006256	648.0	5.064878898013037E-4	-2.60228010798684E-4	-2.60228010798684E-4	6.692555692456145E-4	0.44696499535984696	2467.290509716406	959.3616114837863	959.3616114837863	1867.228038463177	3098.4556665844507	-742.7555289006256
8700000	-921.4238431274364	-207.23528722153816	-714.1885559058983	568.0	5.761556149709754E-4	-2.912042759991299E-4	-2.912042759991299E-4	6.125257896128247E-4	0.49019136770809824	2284.6042119911867	1086.1363338153997	1086.1363338153997	2148.950406736479	2625.0573856787514	-714.1885559058983
8710000	-959.6973853175941	-213.8236842773967	-745.8737010401975	168.0	3.9133982290565935E-4	-2.1747400698321053E-4	-2.1747400698321053E-4	7.44553942497811E-4	0.4028860689896404	3050.4671298139037	890.9996603679975	890.9996603679975	1603.3348266964792	2945.4793250883376	-745.8737010401975
8720000	-911.3080952834936	-225.46065719268026	-685.8474380908133	200.0	7.440390905112738E-4	-3.566808180769339E-4	-3.566808180769339E-4	6.976741876897998E-4	0.4950573921654963	1780.3457963039828	910.1887475416756	910.1887475416758	1898.6611378928494	2741.141108642844	-685.8474380908133
8730000	-948.8333051864963	-218.62406334638445	-730.2092418401119	256.0	5.109274570387775E-4	-2.0695561722702555E-4	-2.0695561722702555E-4	7.047244096230744E-4	0.34489582744802755	2221.476616148184	652.3785155905832	652.3785155905834	1610.5776710171965	2800.0305923839146	-730.2092418401119
8740000	-950.4659683391902	-188.8538656498183	-761.6121026893719	852.0	3.753383781401588E-4	-1.8434478384314008E-4	-1.8434478384314008E-4	5.313163253406094E-4	0.4128029448261849	3211.5269186632254	1114.2669769235272	1114.2669769235272	2268.7225058100157	3235.3524022876063	-761.6121026893719
8750000	-958.0360423536143	-201.19621682736317	-756.8398255262512	830.0	4.647069009350491E-4	-1.5974142585835696E-4	-1.5974142585835696E-4	5.294302609883056E-4	0.3220502311934006	2400.9073699617657	724.409605744092	724.4096057440919	2107.394128254592	3052.617928071827	-756.8398255262512
8760000	-994.8915312059876	-240.50179211800057	-754.389739087987	768.0	4.0195395993120254E-4	-2.0894046437875918E-4	-2.0894046437875918E-4	5.758205943414648E-4	0.4343009737538369	3066.1822415376228	1112.5853220818756	1112.5853220818753	2140.3612617681406	2956.2644960919793	-754.389739087987
8770000	-974.2916913607826	-249.31545927433814	-724.9762320864445	264.0	6.401787417640556E-4	-3.6094585743024453E-4	-3.6094585743024453E-4	7.839267777604655E-4	0.5095111444996003	2109.7611151213496	971.4039069388048	971.4039069388048	1722.8958806071162	2923.447949766372	-724.9762320864445
8780000	-1042.622983695845	-257.37471468108856	-785.2482690147566	456.0	4.300123954441355E-4	-1.3481403207568223E-4	-1.3481403207568223E-4	4.6545565141165246E-4	0.3013390791326828	2557.773606405481	740.8305645671861	740.8305645671862	2363.0056959421668	3028.0190023656955	-785.2482690147566
8790000	-964.4726424440399	-239.0001139963667	-725.4725284476732	781.0	6.106000467543284E-4	-2.315411826368595E-4	-2.315411826368595E-4	6.020728081152618E-4	0.38187860195000284	1917.3416066595037	737.3585671715113	737.3585671715114	1944.4971752422766	2771.8539812982535	-725.4725284476732
8800000	-928.374717875873	-206.7438226060473	-721.6308952698257	325.0	4.908647288337967E-4	-7.28993783687198E-5	-7.28993783687198E-5	5.956020849760558E-4	0.13482325464792805	2074.937924865556	253.96433070321004	253.96433070321004	1710.0575493738204	2896.5351039417224	-721.6308952698257
8810000	-945.803541188966	-204.3398417327907	-741.4636994561754	157.0	5.310681366950832E-4	-2.2688961675552063E-4	-2.2688961675552063E-4	5.822188984925484E-4	0.40803399720344197	2259.122850162571	880.3759531065539	880.3759531065538	2060.647920751884	2659.1577165293534	-741.4636994561754
8820000	-1006.9598399870832	-241.11303982165157	-765.8468001654317	870.0	4.3681597094686415E-4	-1.4982236151320338E-4	-1.4982236151320338E-4	5.539549418308497E-4	0.30457213193078725	2523.3721412076343	682.4698989467563	682.4698989467563	1989.7814220753942	2942.7499561675945	-765.8468001654317
8830000	-1021.1619539403605	-268.620655349928	-752.5412985904326	285.0	5.07262004105992E-4	-2.2022671826939466E-4	-2.2022671826939466E-4	5.942336126953045E-4	0.40112084693388783	2349.3778848321417	870.6942362356252	870.6942362356251	2005.524609852932	3163.1041109553585	-752.5412985904326
8840000	-1029.6179226812803	-266.198981026579	-763.4189416547014	749.0	3.795102646516156E-4	-2.1447210950279583E-4	-2.1447210950279583E-4	6.351438738220063E-4	0.436840608387502	3256.391020230436	1099.6013348473311	1099.6013348473314	1945.7541335636488	3199.6963211865946	-763.4189416547014
8850000	-1017.9120083433165	-253.92823551488175	-763.9837728284348	414.0	4.594857733769999E-4	-2.2061776551878415E-4	-2.2061776551878415E-4	5.376265753078858E-4	0.4438784725792954	2710.363764192506	1112.2113840016139	1112.211384001614	2316.428628197546	2871.6883173247325	-763.9837728284348
8860000	-914.1390572194593	-226.55929607779268	-687.5797611416666	908.0	7.880209095663557E-4	-4.762760563909646E-4	-4.762760563909646E-4	0.001146494202181432	0.5010763980653781	1694.4369492491142	703.9021623101019	703.902162310102	1164.638899533506	2579.7721591403733	-687.5797611416666
8870000	-883.3641095535111	-189.29246035982595	-694.0716491936852	624.0	3.364788363030144E-4	-1.3194236235663435E-4	-1.3194236235663435E-4	5.122408449201902E-4	0.31781052545787136	3305.8584972479257	851.5189369789598	851.5189369789598	2171.5398745871667	3008.761472164576	-694.0716491936852
8880000	-962.3808477017587	-256.47041919969257	-705.9104285020661	714.0	6.478945691172374E-4	-2.7193037245325073E-4	-2.7193037245325073E-4	7.166264879035684E-4	0.39907922439763843	1835.8455187778595	696.6281097818863	696.6281097818863	1659.768877416162	2757.146842967565	-705.9104285020661
8890000	-962.278732909137	-242.29363706895595	-719.9850958401811	672.0	4.804433572488222E-4	-4.137928029604406E-4	-4.137928029604406E-4	0.0010001239970236133	0.5969458156181086	3233.7332480872046	1337.9296454585335	1337.9296454585335	1553.433037085174	2982.613788278814	-719.9850958401811
8900000	-1022.1943918407869	-266.786589308642	-755.4078025321448	808.0	5.198396451562068E-4	-2.4958234093940977E-4	-2.4958234093940977E-4	6.940745723972971E-4	0.41550484089412454	2325.082272412552	836.0765535915301	836.0765535915301	1741.4122221409802	3173.6345039529747	-755.4078025321448
8910000	-963.0104127518478	-266.6591264357933	-696.3512863160544	761.0	7.87722853972661E-4	-5.07769826510279E-4	-5.07769826510279E-4	0.0012527816984519008	0.5111430581349614	1718.4590485882613	696.515325890341	696.5153258903409	1080.531003814837	2435.882719839008	-696.3512863160544
8920000	-917.2691330872655	-218.46434465145057	-698.8047884358149	648.0	5.301623459980355E-4	-1.667797011266212E-4	-1.667797011266212E-4	7.545250881308603E-4	0.26369500855998484	2027.174366591772	448.08521321571595	448.0852132157159	1424.3814219640374	2818.901314494292	-698.8047884358149
8930000	-925.4438018845177	-243.97423933428385	-681.4695625502338	779.0	4.995272775848503E-4	-2.1452902247155175E-4	-2.1452902247155175E-4	9.959328061949163E-4	0.30415252789711295	2205.96364057823	475.17585571773367	475.1758557177337	1106.4391141399408	2726.977463473744	-681.4695625502338
8940000	-1007.0318679806239	-266.07697444088177	-740.9548935397421	817.0	4.966240754136051E-4	-2.734640800752752E-4	-2.734640800752752E-4	6.554629118631413E-4	0.4793054231845101	2614.1549533047955	1090.6452013397582	1090.6452013397584	1980.6647533765597	2825.2515640459164	-740.9548935397421
8950000	-922.486029935667	-208.29471394688582	-714.1913159887812	947.0	4.292903368765664E-4	-1.9649630276447538E-4	-1.9649630276447538E-4	8.109181976813611E-4	0.33303532657702595	2620.018734911519	634.8655093149907	634.8655093149906	1387.0063941702729	2896.7617877208227	-714.1913159887812
8960000	-1005.5606816563055	-233.97163898527984	-771.5890426710257	158.0	5.118992853490828E-4	-2.2639384295217147E-4	-2.2639384295217147E-4	5.559257248112711E-4	0.42438884930724813	2382.6360752829396	970.298932690887	970.2989326908869	2193.9436326648506	2975.8087573031885	-771.5890426710257
8970000	-886.9921028734102	-189.0458700256556	-697.9462328477546	885.0	4.4638282558535577E-4	-3.12335209029769E-4	-3.12335209029769E-4	0.0010312365144107725	0.4603499122250328	2842.649682345423	860.9660056898479	860.9660056898479	1230.474270085067	2883.3725088445253	-697.9462328477546
8980000	-1029.8983897651535	-240.4758098378603	-789.4225799272932	753.0	4.052437482700681E-4	-2.0875723496876613E-4	-2.0875723496876613E-4	7.791865737030317E-4	0.37150327256165505	2862.752531861299	766.9797236251765	766.9797236251763	1488.8764841875336	2974.3995026355547	-789.4225799272932
8990000	-923.7951724465273	-190.97102457016038	-732.824147876367	253.0	5.229869237052534E-4	-2.2929054673729573E-4	-2.2929054673729573E-4	4.851658823038853E-4	0.4551930350456776	2411.825658949467	1139.8345270065445	1139.8345270065442	2599.8392052995277	2828.362416525609	-732.824147876367
9000000	-939.6367336311257	-202.93892840584812	-736.6978052252776	389.0	4.44239356006293E-4	-1.8880808869371754E-4	-1.8880808869371754E-4	4.673193059780925E-4	0.4143861379217751	2717.7132357723244	1098.0206362110919	1098.020636211092	2583.4909070199506	2869.9935151653603	-736.6978052252776
9010000	-967.5998609213545	-220.6193334037189	-746.9805275176357	339.0	4.930327297236167E-4	-2.296555724540734E-4	-2.296555724540734E-4	4.631697586077772E-4	0.4805836755948539	2637.3981546736454	1307.713147813279	1307.7131478132787	2807.4449754132606	3058.482398662128	-746.9805275176357
9020000	-914.0961692851142	-212.11375269256718	-701.9824165925471	517.0	5.191312183154584E-4	-2.5015292335650607E-4	-2.5015292335650607E-4	7.771040767761782E-4	0.39384688575158516	2279.9506350720094	733.9252662755675	733.9252662755677	1523.082411038405	2733.8443618038814	-701.9824165925471
9030000	-935.0138967101759	-220.7835618203934	-714.2303348897825	303.0	3.7381849431665634E-4	-9.872177593943139E-5	-9.872177593943139E-5	4.979222966881038E-4	0.2288241092241293	2822.9036080248566	559.6898539062762	559.6898539062762	2119.3137631551263	2873.9713951349013	-714.2303348897825
9040000	-1007.1871628939773	-278.98487515525653	-728.2022877387208	145.0	7.237868963566388E-4	-3.3327691698728013E-4	-3.3327691698728013E-4	9.251585911403998E-4	0.4072787808033492	1656.3750088368665	596.6885695126781	596.6885695126781	1295.8454240488152	2703.0087296234683	-728.2022877387208
9050000	-990.6452808059721	-258.4010260891364	-732.2442547168357	295.0	5.526747022440524E-4	-3.008734998794352E-4	-3.008734998794352E-4	7.294320705393391E-4	0.473867275520021	2333.3329978584516	962.4447481871244	962.4447481871244	1767.9153027562058	2868.0089501472708	-732.2442547168357
9060000	-979.4102770507078	-266.69023377774033	-712.7200432729675	769.0	7.2672959861686E-4	-2.7450677105253176E-4	-2.7450677105253176E-4	8.16345223236359E-4	0.35639344615358864	1576.2351597810914	530.029712693868	530.029712693868	1403.2013814599557	2824.851785897923	-712.7200432729675
9070000	-938.7092316840354	-204.07130665749523	-734.6379250265402	971.0	4.326110275927068E-4	-2.695500321065517E-4	-2.695500321065517E-4	5.692724113268071E-4	0.543163435391651	3278.911031817074	1552.5617548211562	1552.5617548211562	2491.765001492616	2992.316936300284	-734.6379250265402
9080000	-926.7188611614907	-217.95336468747254	-708.7654964740182	814.0	5.693184466791704E-4	-2.2413081654075196E-4	-2.2413081654075196E-4	5.590529933022855E-4	0.3972806903525332	2085.671858933262	836.1699917167208	836.1699917167208	2123.969421926156	2690.6326179479424	-708.7654964740182
9090000	-890.98617272644	-185.81035264633374	-705.1758200801063	952.0	5.619392359433491E-4	-2.4779449971428294E-4	-2.4779449971428294E-4	5.946698142779674E-4	0.42865612806522313	2180.144910373563	908.4502095109503	908.4502095109505	2060.1499113732502	2824.587653226185	-705.1758200801063
9100000	-947.766989944646	-219.89752873724413	-727.8694612074019	870.0	4.314310924203216E-4	-1.5134252181195815E-4	-1.5134252181195815E-4	6.706765972097319E-4	0.2813511339601721	2517.1184740803883	568.0041008612462	568.0041008612463	1619.2054077060272	2779.616570718288	-727.8694612074019
9110000	-954.0303461908459	-238.38260866123105	-715.6477375296148	523.0	4.311675669408568E-4	-2.011059481007904E-4	-2.011059481007904E-4	7.035146831682165E-4	0.36514494294146915	2676.0890860700188	764.9839381214535	764.9839381214534	1640.1119234094188	2823.4260606222538	-715.6477375296148
9120000	-953.6384575529032	-224.70628877361867	-728.9321687792846	176.0	4.398817093224595E-4	-2.3098917303483724E-4	-2.3098917303483724E-4	6.340671531673805E-4	0.43737710345251485	2811.0979031318343	1024.0763564564854	1024.0763564564854	1950.1886267494276	2867.1296710705747	-728.9321687792846
9130000	-996.4161853121043	-234.98749701467165	-761.4286882974327	637.0	3.9142434660880863E-4	-2.7367481196929097E-4	-2.7367481196929097E-4	6.520912007244438E-4	0.5416973871192848	3615.7691506436754	1517.4947021634873	1517.4947021634873	2170.402047607226	3002.2691360959498	-761.4286882974327
9140000	-944.7604094830222	-217.10061165009193	-727.6597978329302	866.0	5.719994219974828E-4	-3.4539981040393144E-4	-3.4539981040393144E-4	8.430423027194182E-4	0.49739293946350516	2322.9509727905865	951.7278349987313	951.7278349987312	1576.1090629480943	3206.3332832450983	-727.6597978329302
9150000	-975.5973472223577	-224.45549182569033	-751.1418553966674	461.0	5.262272978999982E-4	-3.1129565813781774E-4	-3.1129565813781774E-4	5.410087599763342E-4	0.583423916147936	2880.9458377059464	1657.692068881306	1657.6920688813059	2802.2325251047023	3163.6825735288876	-751.1418553966674
9160000	-984.6279591233078	-274.5115643665931	-710.1163947567147	588.0	5.492090343653155E-4	-3.474340285986032E-4	-3.474340285986032E-4	9.285862093433856E-4	0.48651070528180346	2385.409213440747	892.509844043429	892.509844043429	1410.841855605737	2815.6887560755745	-710.1163947567147
9170000	-1022.6852263990909	-239.2228201526696	-783.4624062464213	153.0	4.9912755771266E-4	-1.639528943391068E-4	-1.639528943391068E-4	3.309853407521766E-4	0.40337495858765826	2392.8377463412007	1185.2871589568288	1185.287158956829	3608.411350242239	3020.857921525223	-783.4624062464213
9180000	-1007.2816387262221	-270.97097971842845	-736.3106590077937	127.0	6.572768744395397E-4	-2.1041182911990828E-4	-2.1041182911990828E-4	5.120644184265867E-4	0.36268840860157	1751.8756184984206	719.8612909123087	719.8612909123087	2248.676708433629	2844.38120288275	-736.3106590077937
9190000	-993.4206494998077	-244.01581627149284	-749.4048332283149	529.0	4.36677014027739E-4	-1.376740671234168E-4	-1.376740671234168E-4	4.4315582769805146E-4	0.31296353888462786	2538.6756440974686	788.6837522718989	788.6837522718988	2501.560919570649	3078.045661378415	-749.4048332283149
9200000	-972.7133239489904	-228.6139736594944	-744.099350289496	637.0	4.475279749721534E-4	-2.2753562067329895E-4	-2.2753562067329895E-4	4.906852198940545E-4	0.48555430905047764	2923.8274860615093	1355.8079086349871	1355.8079086349871	2666.6680408420507	2820.244883334323	-744.099350289496
9210000	-987.1087579668122	-237.74952366545932	-749.3592343013528	899.0	4.100768674762507E-4	-1.2985449188689492E-4	-1.2985449188689492E-4	6.134662787828089E-4	0.2588981778870808	2613.763221452458	553.2641430720377	553.2641430720377	1747.1927492160207	3028.7205031109747	-749.3592343013528
9220000	-1005.6873368680972	-231.03012207326637	-774.6572147948308	652.0	3.922094091953663E-4	-2.1834478863624063E-4	-2.1834478863624063E-4	4.8406581796620307E-4	0.5011083258453239	3404.581240007555	1535.684908237543	1535.684908237543	2758.5273471927335	3283.5053746806043	-774.6572147948308
9230000	-987.6066836021114	-238.83223464086436	-748.774448961247	410.0	4.7049253380434966E-4	-2.000452957403256E-4	-2.000452957403256E-4	6.240717120303657E-4	0.36917707648763026	2460.8218699664785	788.8129348791128	788.8129348791128	1855.2328114262468	2892.43287670988	-748.774448961247
9240000	-1007.6353383207759	-275.71319234607955	-731.9221459746964	450.0	4.167121718715763E-4	-2.992868665856858E-4	-2.992868665856858E-4	9.931901460703244E-4	0.4652146315259991	3062.5490311961385	922.8652810725935	922.8652810725935	1284.9517922649338	2948.7141337109465	-731.9221459746964
9250000	-935.8928467312313	-223.93421443806483	-711.9586322931665	207.0	6.085513172671469E-4	-4.3000154284051733E-4	-4.3000154284051733E-4	9.264024588678697E-4	0.5726925860392796	2445.2233011954327	1134.981650835174	1134.981650835174	1606.2606988039502	2979.8697704796214	-711.9586322931665
9260000	-994.9107958950377	-267.14844488728875	-727.762351007749	662.0	5.823005000302249E-4	-3.361683753219042E-4	-3.361683753219042E-4	7.281473403274617E-4	0.5162661373310077	2341.3746433294887	1080.9571995607444	1080.9571995607441	1872.4007492161013	2733.494447692345	-727.762351007749
9270000	-984.3291868479535	-237.91230591666712	-746.4168809312863	850.0	5.599266375779103E-4	-1.8556134845982916E-4	-1.8556134845982916E-4	4.08790872965497E-4	0.38785675537746456	2102.1861301260356	954.2397318950444	954.2397318950444	2879.3940600130227	2906.1601924949396	-746.4168809312863
9280000	-1054.9410797587161	-293.94612079860366	-760.9949589601124	296.0	5.152535763655033E-4	-1.3763921724224842E-4	-1.3763921724224842E-4	4.8401820937514934E-4	0.2756137221988303	2100.339924970409	597.2691473504145	597.2691473504146	2235.8821155124488	3015.6081247056845	-760.9949589601124
9290000	-990.56620248648	-268.7541600352473	-721.8120424512327	320.0	8.186863723480585E-4	-4.664283960370643E-4	-4.664283960370643E-4	9.726113241569048E-4	0.5227048632041676	1680.6593448002802	805.982022838792	805.9820228387919	1414.6790891419193	2771.863551771455	-721.8120424512327
9300000	-1025.1644933111706	-298.5664499865876	-726.598043324583	526.0	7.67821074488286E-4	-5.781551642169573E-4	-5.781551642169573E-4	0.0011732860002469105	0.6091334525342706	2070.710595315233	1020.375274253959	1020.375274253959	1355.1131044899785	3000.1202092909657	-726.598043324583
9310000	-1046.786285885862	-309.2531650021215	-737.5331208837405	451.0	6.246866915821005E-4	-3.665279584671361E-4	-3.665279584671361E-4	8.956572298038039E-4	0.4900101353460985	2106.6237615131126	862.0892913853871	862.089291385387	1469.289572168289	2861.9042060988922	-737.5331208837405
9320000	-1023.2455462750531	-308.5128237402202	-714.7327225348329	996.0	7.328193619955499E-4	-3.0113615980251017E-4	-3.0113615980251017E-4	7.197868231487328E-4	0.4146316922049831	1647.8985644516051	689.4289107324836	689.4289107324836	1677.7355958699918	2894.111577812075	-714.7327225348329
9330000	-920.8561166186277	-230.17803321906308	-690.6780833995646	188.0	6.765458273332285E-4	-1.678148327432787E-4	-1.678148327432787E-4	8.683479053718235E-4	0.21894491038503627	1552.519397630892	300.0361737874676	300.03617378746765	1209.5964230734464	2448.1320965544382	-690.6780833995646
9340000	-952.3665482030369	-211.59209045277743	-740.7744577502596	302.0	4.4874903501989076E-4	-1.6588163587938934E-4	-1.6588163587938934E-4	4.950725878644776E-4	0.35193471316703145	2543.442907502788	852.2194130810725	852.2194130810724	2305.45495417836	2852.6488801754986	-740.7744577502596
9350000	-970.0880376393924	-226.31942872012044	-743.768608919272	698.0	5.009135375011572E-4	-2.546712950737254E-4	-2.546712950737254E-4	6.0570142471412E-4	0.462348352838248	2539.1327678928765	1067.5956898543143	1067.5956898543143	2099.856340193739	2818.492772000367	-743.768608919272
9360000	-893.9307359543421	-182.9314463442577	-710.9992896100845	387.0	5.475342955151448E-4	-1.9067861480963607E-4	-1.9067861480963607E-4	6.657489636120755E-4	0.31582105162634255	2028.7201161106648	581.0501596241751	581.0501596241751	1668.4875235033828	2971.021429125296	-710.9992896100845
9370000	-964.9369296998914	-248.3786862006993	-716.5582434991921	544.0	5.897226719478254E-4	-3.79369369129781E-4	-3.79369369129781E-4	0.0010130399172903328	0.49082318676690323	2233.8675428323586	836.5523470295075	836.5523470295075	1300.4051604010701	2904.161048629336	-716.5582434991921
9380000	-979.508724176587	-213.9521241591801	-765.5566000174068	611.0	4.221067359051106E-4	-2.0204303175391761E-4	-2.0204303175391761E-4	6.88271688205517E-4	0.3748459152992656	2756.364301025289	809.1342554702417	809.1342554702418	1690.437014930277	2995.799081903963	-765.5566000174068
9390000	-995.7339127694956	-265.86577619266467	-729.868136576831	650.0	5.070968340159208E-4	-2.421483511647164E-4	-2.421483511647164E-4	7.260025319765441E-4	0.3990864650228351	2345.5924742495804	782.3407290296528	782.340729029653	1638.344861339907	2787.7197167079003	-729.868136576831
9400000	-1053.639325459982	-282.27358604801924	-771.3657394119627	204.0	4.990256241707047E-4	-1.6965602395956967E-4	-1.6965602395956967E-4	4.690814442470606E-4	0.35065798641876605	2284.852973435268	826.379034087441	826.3790340874411	2430.708345406843	2953.8064450086435	-771.3657394119627
9410000	-936.765662305179	-225.19795116140085	-711.5677111437782	614.0	3.688103321463883E-4	-1.1514927341785469E-4	-1.1514927341785469E-4	7.930995698486725E-4	0.21290987509678885	2840.16731502229	412.36083733137997	412.36083733137997	1320.7459575404282	2746.22667031259	-711.5677111437782
9420000	-950.6528685660584	-227.5624285373418	-723.0904400287166	417.0	3.695290466953063E-4	-1.376266341917796E-4	-1.376266341917796E-4	7.55031920226476E-4	0.2605526783060867	2903.241603115011	529.2006329512719	529.2006329512719	1420.9095975749487	2912.7576241773772	-723.0904400287166
9430000	-923.1137698247562	-196.6567163530986	-726.4570534716576	522.0	3.554423641685601E-4	-9.355146374057612E-5	-9.355146374057612E-5	5.995896986582115E-4	0.20264640851855542	2933.8769675309877	457.7605074962168	457.76050749621686	1739.2296229447877	3064.495729601351	-726.4570534716576
9440000	-952.4241443314083	-208.23066224961312	-744.1934820817952	176.0	3.848906673609247E-4	-1.738619856729757E-4	-1.738619856729757E-4	5.836900719996094E-4	0.36681306164552374	3002.0750938467736	894.2189733799931	894.2189733799933	1979.5962648120367	2933.662167345898	-744.1934820817952
9450000	-1009.0598149033145	-254.24336178178328	-754.8164531215313	493.0	4.6903102352834736E-4	-1.5003708274984577E-4	-1.5003708274984577E-4	6.250607761155627E-4	0.27710011315054045	2309.379627300176	554.3342271375928	554.334227137593	1732.9045937572248	3222.0742188781965	-754.8164531215313
9460000	-979.7131381412551	-229.60353883501327	-750.1095993062418	269.0	6.044308634144183E-4	-3.936960805751193E-4	-3.936960805751193E-4	8.693914162153063E-4	0.5431003731211246	2346.596335749655	1062.6350373900905	1062.6350373900907	1631.434613740212	3261.664293078626	-750.1095993062418
9470000	-1013.5109809959549	-283.6353702680636	-729.8756107278913	85.0	5.286360699244874E-4	-2.3025169939985975E-4	-2.3025169939985975E-4	6.896910680052774E-4	0.3813266403492006	2213.529958225162	738.9816371377805	738.9816371377806	1696.631770454233	3117.7514179042405	-729.8756107278913
9480000	-1015.7693741498717	-244.89716276877058	-770.8722113811011	308.0	4.434896224021234E-4	-3.544565965771817E-4	-3.544565965771817E-4	7.884193114355085E-4	0.5994358398979186	3519.472903664766	1582.2803539746476	1582.2803539746474	1979.7202915525831	3149.715038283595	-770.8722113811011
9490000	-961.3072670701324	-205.95971491294955	-755.3475521571829	566.0	4.89930060034341E-4	-1.2082501720135674E-4	-1.2082501720135674E-4	5.747796834189766E-4	0.22768746291263212	2152.707418784986	452.52279857391505	452.52279857391505	1834.922328235652	2982.7654277179877	-755.3475521571829
9500000	-937.7143644434801	-234.7894972471679	-702.9248671963122	954.0	6.341645042573478E-4	-2.4174150232399763E-4	-2.4174150232399763E-4	8.722306806821288E-4	0.3250383258005132	1763.1550959595206	488.664032540262	488.664032540262	1281.9204851674683	2872.1521158087016	-702.9248671963122
9510000	-968.4986287313303	-256.6850673303122	-711.8135614010181	293.0	6.253843806595037E-4	-2.085134509231694E-4	-2.085134509231694E-4	9.349920400191188E-4	0.27268208373009095	1727.462997697325	385.243141732615	385.243141732615	1155.4412558475476	2884.2372225880845	-711.8135614010181
9520000	-943.7458162880757	-207.04429627743875	-736.701520010637	495.0	4.6159121201446644E-4	-3.004752248946173E-4	-3.004752248946173E-4	6.687916260731511E-4	0.5407972687849183	3061.9105957818706	1375.6575875161125	1375.6575875161125	2113.29054953254	2941.1462079512853	-736.701520010637
9530000	-1000.6620185182692	-256.7304790742505	-743.9315394440187	576.0	5.480975117381785E-4	-4.262416942386606E-4	-4.262416942386606E-4	9.083289261959172E-4	0.6040952790998635	2872.9054183409094	1348.1372634795227	1348.1372634795227	1733.5485701708803	2943.084485369185	-743.9315394440187
9540000	-951.9935229936859	-223.48285818791777	-728.5106648057682	868.0	6.457092142441778E-4	-2.7799429741228766E-4	-2.7799429741228766E-4	7.224601634277033E-4	0.40701502614614715	1856.1821508237872	714.237378071192	714.237378071192	1658.98962846058	2751.051088420677	-728.5106648057682
9550000	-967.5049214534858	-211.19855408122694	-756.3063673722589	613.0	4.2740995291847597E-4	-2.1698925671231648E-4	-2.1698925671231648E-4	5.562037560319699E-4	0.4450399087758639	2917.5195469483256	1138.1987105811334	1138.1987105811336	2241.9425950950294	3045.155452050163	-756.3063673722589
9560000	-926.3638453041038	-231.40773402034537	-694.9561112837584	629.0	5.177904974867658E-4	-3.1038824121927723E-4	-3.1038824121927723E-4	8.939911223265133E-4	0.45620665779101227	2438.872100370857	846.7614530923676	846.7614530923676	1412.569729855099	2698.416285295052	-694.9561112837584
9570000	-963.0344981730908	-215.0664673161106	-747.9680308569802	985.0	6.338928351926835E-4	-2.3807217208745603E-4	-2.3807217208745603E-4	5.565515961313666E-4	0.40081871972776445	1879.5071561062005	803.9835914916753	803.9835914916754	2140.6930251043277	2801.750711862286	-747.9680308569802
9580000	-1010.7949001593074	-261.33260142650335	-749.4622987328041	754.0	3.8722268399748577E-4	-2.3195294667579223E-4	-2.3195294667579223E-4	7.586665762255316E-4	0.42795097778948904	3161.496193984064	966.5884607006986	966.5884607006985	1613.6245882518251	3229.22898427012	-749.4622987328041
9590000	-929.5511012956217	-239.17266217303845	-690.3784391225832	929.0	8.06051814453453E-4	-3.7851460741357456E-4	-3.7851460741357456E-4	7.843279830857818E-4	0.4760497147432427	1604.1536867865227	774.16032078334	774.16032078334	1648.5845434320738	2711.285985892567	-690.3784391225832
9600000	-986.367432585641	-233.49322412176193	-752.8742084638791	58.0	5.931632060337621E-4	-2.4185656751754477E-4	-2.4185656751754477E-4	5.232381476094244E-4	0.43413128457422445	2077.4051415842605	960.239766887017	960.239766887017	2355.027628705997	2968.843055832873	-752.8742084638791
9610000	-1001.5401323973564	-265.28219727498345	-736.2579351223729	90.0	5.194528626297902E-4	-9.775032107642656E-5	-9.775032107642656E-5	5.269713953979955E-4	0.18683214489600933	1994.7310736444238	370.0117399400862	370.0117399400862	1966.2713677250422	2996.8499490928025	-736.2579351223729
9620000	-883.0661715213724	-178.90016916320135	-704.1660023581711	551.0	5.004819573663884E-4	-2.9110123383140204E-4	-2.9110123383140204E-4	5.57703221119051E-4	0.5509957601223221	2869.1319509144378	1497.584771449619	1497.584771449619	2574.7543144090523	3064.9088545629716	-704.1660023581711
9630000	-979.9541075166627	-230.08071061391277	-749.87339690275	124.0	5.125702843456559E-4	-2.2690027274332569E-4	-2.2690027274332569E-4	4.956813970684133E-4	0.45014973148559617	2446.748254370218	1120.009444643804	1120.0094446438038	2530.1140125129336	3111.9291228548914	-749.87339690275
9640000	-974.8822000682364	-257.9486063765022	-716.9335936917342	371.0	7.421750517619288E-4	-4.2359396932088733E-4	-4.2359396932088733E-4	8.716208142970326E-4	0.5266629851591931	1864.5756358176072	906.154352580479	906.154352580479	1587.6646086555888	2846.2630960412794	-716.9335936917342
9650000	-1029.7445789451738	-278.90140469097315	-750.8431742542007	305.0	5.682322286434324E-4	-3.6156079546353134E-4	-3.6156079546353134E-4	7.854405553119341E-4	0.5412049264781161	2488.8286841261715	1145.6791640300978	1145.6791640300978	1800.5597754384605	2963.4213728993022	-750.8431742542007
9660000	-970.561554423683	-248.95806065387342	-721.6034937698096	237.0	4.906526454902211E-4	-2.2946554324973568E-4	-2.2946554324973568E-4	6.705634939451952E-4	0.40004648158407147	2426.418989121539	830.3159305832324	830.3159305832324	1775.415612138129	3018.364592013618	-721.6034937698096
9670000	-958.1272708451784	-232.27725914539064	-725.8500116997877	444.0	5.89487126674433E-4	-1.8491983514307654E-4	-1.8491983514307654E-4	4.700090847557308E-4	0.3513121813332736	1935.2373634407481	761.3975682963048	761.3975682963049	2427.181835007674	3068.8244584091444	-725.8500116997877
9680000	-914.0930320214318	-226.27295478326894	-687.8200772381629	820.0	4.638479978363935E-4	-1.1283112752069133E-4	-1.1283112752069133E-4	9.950512279165368E-4	0.1660803934051975	2217.0303361229076	251.39412479907728	251.39412479907728	1033.4795372358606	2720.7816066941778	-687.8200772381629
9690000	-920.8813488500349	-196.59600072734483	-724.28534812269	640.0	4.441798750144594E-4	-2.1567289269516977E-4	-2.1567289269516977E-4	5.860074322767544E-4	0.4227314530731538	2741.197294362249	1008.8642521586168	1008.8642521586168	2077.763189571234	3074.4831573121933	-724.28534812269
9700000	-908.6038575272561	-181.7142256839098	-726.8896318433463	723.0	4.392563018012176E-4	-2.0679347197220287E-4	-2.0679347197220287E-4	5.594503369537084E-4	0.4171546169513269	2756.204278602994	1018.794725087663	1018.7947250876629	2164.0528541285357	2947.095114416661	-726.8896318433463
9710000	-974.845872710318	-227.98884436330576	-746.8570283470121	830.0	4.5417336199882484E-4	-2.2119624191144335E-4	-2.2119624191144335E-4	5.563080486582717E-4	0.4400573135335747	2730.5805204132507	1085.7188760952572	1085.718876095257	2229.262974274149	3193.7383026396333	-746.8570283470121
9720000	-923.1414453702073	-214.97115523230704	-708.1702901379002	261.0	4.355740361041453E-4	-1.521590492857626E-4	-1.521590492857626E-4	6.860742556256182E-4	0.2783435951590813	2488.6277842682266	551.9333141790719	551.933314179072	1579.977151840751	2976.9070516701318	-708.1702901379002
9730000	-972.8786228277689	-252.07260294528479	-720.8060198824842	214.0	6.594591010958607E-4	-3.7159585323435807E-4	-3.7159585323435807E-4	8.722620816082793E-4	0.48995188063901596	1995.3943604724554	850.0659211869497	850.0659211869497	1508.5844025945619	2896.575519410417	-720.8060198824842
9740000	-1014.1727090865477	-257.14796928678174	-757.0247397997659	400.0	3.6390842069944633E-4	-1.900860554015581E-4	-1.900860554015581E-4	5.614168131107308E-4	0.4205440556110392	3338.3569041401206	1130.310102247317	1130.310102247317	2163.9113050166393	2726.8245532269457	-757.0247397997659
9750000	-955.9495663514556	-250.63474737101825	-705.3148189804373	591.0	7.540329022842805E-4	-2.870252424175272E-4	-2.870252424175272E-4	8.638524070656159E-4	0.35563555230454763	1518.2216588903623	504.44721357759295	504.44721357759295	1325.213745311703	2658.7212112117377	-705.3148189804373
9760000	-908.6671418821966	-214.89795847968628	-693.7691834025103	270.0	6.96402982568414E-4	-2.8495940912400555E-4	-2.8495940912400555E-4	8.320046415630194E-4	0.37436032514191886	1669.9923679659275	571.9680091245314	571.9680091245314	1397.8139157170444	2658.3898718957616	-693.7691834025103
9770000	-972.1084972444527	-248.4298279317787	-723.678669312674	187.0	5.671340389523397E-4	-4.0211716232744496E-4	-4.0211716232744496E-4	7.492767853967154E-4	0.6168628463943645	2846.3403921303006	1527.5560965036684	1527.5560965036684	2154.4195072950943	2727.2787938505853	-723.678669312674
9780000	-1000.8632548985423	-271.96041364953714	-728.9028412490052	753.0	5.424106269216396E-4	-1.9633768273746947E-4	-1.9633768273746947E-4	8.000578363013188E-4	0.29804296448757284	2023.3555805654562	496.5402849857618	496.54028498576184	1371.7627890673757	2875.2331341995236	-728.9028412490052
9790000	-1014.5488143894422	-284.71156374396475	-729.8372506454774	25.0	6.279726265711754E-4	-1.0240453531327575E-4	-1.0240453531327575E-4	6.835433848317507E-4	0.1563024524267796	1632.3040318494623	244.54239420761084	244.54239420761087	1499.600863660663	3015.636319245593	-729.8372506454774
9800000	-1009.619076751017	-278.1329845776675	-731.4860921733496	55.0	6.148484998862403E-4	-2.022569067529009E-4	-2.022569067529009E-4	8.41421319044864E-4	0.28119820647461263	1766.063879188111	424.51814477209683	424.5181447720968	1290.5089308346692	2809.5076203197746	-731.4860921733496
9810000	-931.4014682932602	-230.0211286655913	-701.380339627669	302.0	5.179584898194203E-4	-1.6442105096352674E-4	-1.6442105096352674E-4	6.121816799539879E-4	0.2919912097689859	2110.604382020951	566.8705909105163	566.8705909105163	1785.7533051299229	2686.898911548225	-701.380339627669
9820000	-964.57200402972	-207.0212763027872	-757.5507277269328	131.0	3.3579441104161203E-4	-3.6720501813435776E-5	-3.6720501813435776E-5	4.4579770251109726E-4	0.09490803086492884	3005.081008770546	247.52950051224937	247.5295005122494	2263.559012952337	3132.571001967571	-757.5507277269328
9830000	-1007.083899162508	-264.8757350720817	-742.2081640904263	888.0	3.738038913923998E-4	-2.0601149532316676E-4	-2.0601149532316676E-4	6.993940140447153E-4	0.4029105041217864	3193.6460643471546	940.7112272010947	940.7112272010947	1706.9024078130933	2953.830431463456	-742.2081640904263
9840000	-942.2556047771302	-260.28972218206343	-681.9658825950668	945.0	7.601484247106209E-4	-3.9459355395782915E-4	-3.9459355395782915E-4	9.308818619296685E-4	0.4690871134279267	1686.672577558482	714.9673379201563	714.9673379201564	1377.3192445450738	2934.66656547595	-681.9658825950668
9850000	-945.3495123567095	-222.85432354656052	-722.495188810149	130.0	6.050423077191941E-4	-2.467788929118697E-4	-2.467788929118697E-4	8.249888417841073E-4	0.3492939812911909	1882.44739746168	563.0964458934975	563.0964458934975	1380.5766330816173	2885.310144263181	-722.495188810149
9860000	-978.0380782285953	-236.9271451913029	-741.1109330372924	386.0	4.4832242458299595E-4	-2.2383962342613264E-4	-2.2383962342613264E-4	7.176818348967595E-4	0.39461697067227297	2641.948513128005	824.004080268904	824.0040802689039	1650.3758426592667	3089.977923785899	-741.1109330372924
9870000	-924.588731854218	-195.6830371085498	-728.9056947456683	14.0	5.759532450222672E-4	-3.3962571846998915E-4	-3.3962571846998915E-4	7.15051600676901E-4	0.529222455887197	2411.7171109910305	1145.4853828609223	1145.4853828609225	1942.5679137506793	3089.7104946669497	-728.9056947456683
9880000	-944.8360180510468	-257.56288596806564	-687.2731320829812	894.0	7.295758446004586E-4	-4.5501191177236254E-4	-4.5501191177236254E-4	0.0010213432493512344	0.5271105171664975	1898.0140806416005	845.5717663500254	845.5717663500254	1355.8078802863386	3123.710770517625	-687.2731320829812
9890000	-970.3478753534083	-226.13894384196877	-744.2089315114396	923.0	4.027724366882958E-4	-2.2058530153408056E-4	-2.2058530153408056E-4	5.016915813566397E-4	0.49071382361697974	3270.2736162702176	1437.8839879936263	1437.8839879936265	2625.469754746101	2967.023371048639	-744.2089315114396
9900000	-905.7310286665185	-202.38821137854282	-703.3428172879757	293.0	5.313849065462688E-4	-2.714944148230066E-4	-2.714944148230066E-4	6.474813597618659E-4	0.4628525464392806	2394.951440537686	1004.2234113387228	1004.2234113387228	1965.5253826627977	2918.2426200285877	-703.3428172879757
9910000	-984.9366086608211	-232.08458344549325	-752.8520252153278	441.0	5.039242230413501E-4	-3.4813442348976647E-4	-3.4813442348976647E-4	6.528194971690891E-4	0.6069707916098183	3141.969431302606	1675.5438851509762	1675.543885150976	2425.348065360766	3158.734145489017	-752.8520252153278
9920000	-966.287853625704	-203.9201785199735	-762.3676751057304	921.0	4.823187768817367E-4	-3.18107694401849E-4	-3.18107694401849E-4	6.057853266474134E-4	0.5885016900613308	3171.8313943594444	1665.5800784662224	1665.580078466222	2525.372885918304	3049.925403585727	-762.3676751057304
9930000	-935.4274507522748	-198.1106234992606	-737.3168272530141	280.0	4.7085201559520683E-4	-2.2979942437898425E-4	-2.2979942437898425E-4	6.037408779058488E-4	0.4310041269145393	2608.3481795350453	992.8049137838877	992.8049137838877	2034.2270047510174	3110.730608430284	-737.3168272530141
9940000	-1016.0812400354595	-220.62026096391017	-795.4609790715493	463.0	4.477143904878039E-4	-1.1240145688658977E-4	-1.1240145688658977E-4	3.361909324570236E-4	0.28971995936692796	2438.225755313927	815.1919063156922	815.1919063156922	3247.0499722701084	3300.7720885515864	-795.4609790715493
9950000	-1004.5249505215114	-267.9557500233162	-736.5692004981952	739.0	5.175986475484725E-4	-1.9632291156124662E-4	-1.9632291156124662E-4	8.327203352345729E-4	0.29903693629059475	2121.730567752354	500.2211486672782	500.2211486672782	1318.815964811899	2992.9729023324517	-736.5692004981952
9960000	-973.2807940426339	-215.5919971274624	-757.6887969151716	870.0	5.342309236869326E-4	-2.120669083852923E-4	-2.120669083852923E-4	5.225130668035465E-4	0.40138377725943275	2231.3382423116036	905.6098931719238	905.6098931719238	2281.3781434030425	3014.8133086428456	-757.6887969151716
9970000	-1005.5776733330123	-263.48325883364714	-742.0944144993651	819.0	5.198000195346139E-4	-2.5393231235360534E-4	-2.5393231235360534E-4	6.324096744961384E-4	0.44289478764024737	2393.270690252718	960.9732187417583	960.9732187417583	1967.114359115608	3145.6723744716733	-742.0944144993651
9980000	-912.7998441560842	-208.64469447397212	-704.1551496821121	703.0	6.01835682112073E-4	-3.1399088781519245E-4	-3.1399088781519245E-4	7.570023098551937E-4	0.4651890420516558	2120.450349863226	879.524513008356	879.5245130083558	1685.810817326085	2960.646897266185	-704.1551496821121
9990000	-975.291143152865	-227.03745560235302	-748.2536875505119	878.0	4.750533331069253E-4	-2.599021866295976E-4	-2.599021866295976E-4	5.725007350762867E-4	0.4983686604921349	2800.620660114165	1271.4174653185487	1271.4174653185485	2323.916980085741	3195.9387442549723	-748.2536875505119
10000000	-1017.3395458445448	-271.59691550104844	-745.7426303434963	885.0	4.144757767459129E-4	-1.4230087653680046E-4	-1.4230087653680046E-4	5.814964347984236E-4	0.28985745185519335	2633.986802964854	644.5759740181292	644.5759740181293	1877.438382706145	3045.8434642501743	-745.7426303434963
10010000	-958.7534269925175	-229.97822814962655	-728.775198842891	44.0	4.822062992286701E-4	-1.2236693674937514E-4	-1.2236693674937514E-4	5.516258107303743E-4	0.23726045518366176	2197.5042560593815	487.47150527939294	487.4715052793929	1920.958690186428	2910.6434583400833	-728.775198842891
10020000	-1022.7138065324505	-226.51633382519972	-796.1974727072508	252.0	4.0174136303554103E-4	-1.0083698512621472E-4	-1.0083698512621472E-4	4.233997943184413E-4	0.2444957175879776	2647.421639605137	630.5105011338327	630.5105011338327	2511.9964447238985	3074.9272553152073	-796.1974727072508
10030000	-965.9774162304536	-217.75404344114074	-748.2233727893129	800.0	5.207273857323426E-4	-2.2307558167891759E-4	-2.2307558167891759E-4	5.406711685593313E-4	0.4204169519700578	2332.695547257163	962.4471330157666	962.4471330157667	2246.649210590193	2793.2364929195724	-748.2233727893129
10040000	-918.6873710736862	-186.68308502271614	-732.0042860509701	239.0	5.309096073586959E-4	-2.236750694208637E-4	-2.236750694208637E-4	4.978823361592751E-4	0.43505476456617315	2323.2962442028966	1043.747510136756	1043.7475101367563	2477.4132504935915	2758.9518175770954	-732.0042860509701
10050000	-1011.3789090994238	-303.1743062655354	-708.2046028338884	135.0	7.368492969654789E-4	-4.0550132361106026E-4	-4.0550132361106026E-4	0.0011780158444804239	0.4352385687581471	1674.295846314419	576.3328099346967	576.3328099346966	1047.2726008308819	2825.8560887199956	-708.2046028338884
10060000	-970.9439952129187	-257.8530743868649	-713.0909208260539	460.0	6.397428363634712E-4	-2.2003565742044313E-4	-2.2003565742044313E-4	8.07693415985876E-4	0.30610264205078563	1724.7336102700106	469.8600809413214	469.86008094132137	1366.0950429548145	2651.66157385528	-713.0909208260539
10070000	-974.6805641796683	-255.43795605107456	-719.2426081285937	305.0	6.799461651985485E-4	-4.665045216732631E-4	-4.665045216732631E-4	0.0010605371670569766	0.5493582445263505	2106.4065362904134	926.5570356091087	926.5570356091087	1350.488310253513	2657.4311122253084	-719.2426081285937
10080000	-1033.4229878260128	-240.83217848724885	-792.5908093387638	973.0	3.876346612937599E-4	-3.763661585714355E-4	-3.763661585714355E-4	8.063845086530084E-4	0.6731753062284339	4717.599699415975	2201.8588619873594	2201.85886198736	2267.783100964253	3404.1880354174787	-792.5908093387638
10090000	-1004.2775931666895	-253.87247003991203	-750.4051231267774	597.0	5.03560559782453E-4	-2.0324618732514056E-4	-2.0324618732514056E-4	5.172325264677232E-4	0.3982480332052278	2360.1877765188974	927.4342629316478	927.4342629316477	2297.8011186806616	3124.2827188006827	-750.4051231267774
10100000	-992.9562607860917	-228.80386344243962	-764.1523973436521	421.0	3.543670997127658E-4	-1.4830695244447888E-4	-1.4830695244447888E-4	5.438423331329333E-4	0.3378300740680548	3185.489654619625	868.689754250106	868.689754250106	2075.661752128906	3197.918316155714	-764.1523973436521
10110000	-996.1827324512094	-238.44286919726375	-757.7398632539456	357.0	4.669912434698955E-4	-1.9023622852923935E-4	-1.9023622852923935E-4	7.273152517872397E-4	0.3264205644047576	2396.7415048201774	626.8905588272495	626.8905588272495	1538.8888007800197	3042.907260067899	-757.7398632539456
10120000	-1002.0556196924992	-237.95493546430637	-764.1006842281929	774.0	3.5754199618034303E-4	-2.3659997126137454E-4	-2.3659997126137454E-4	6.902601653893885E-4	0.47626070630576484	3617.3848969963547	1239.928371337862	1239.928371337862	1873.738456709419	3222.8746028591454	-764.1006842281929
10130000	-1041.60058375116	-249.8245203199115	-791.7760634312485	960.0	3.962145100196101E-4	-1.6278877718812438E-4	-1.6278877718812438E-4	4.13103232401255E-4	0.4023740610697065	3011.4545613241226	1186.7033882692615	1186.7033882692613	2888.338555294568	3409.7371969418487	-791.7760634312485
10140000	-1011.8495102302446	-228.5605614475451	-783.2889487826995	487.0	4.710003189687172E-4	-1.6878728912708983E-4	-1.6878728912708983E-4	4.6994211406394914E-4	0.35876242783992374	2436.7799256937574	875.20880880489	875.20880880489	2442.2670110007334	3005.793268698647	-783.2889487826995
10150000	-997.2907395364471	-231.63604844552958	-765.6546910909175	809.0	4.582245819418914E-4	-2.1597637880114837E-4	-2.1597637880114837E-4	4.951616776520951E-4	0.4534125643749702	2747.091099017931	1198.2082107323786	1198.2082107323786	2542.1690070454433	2901.221565611471	-765.6546910909175
10160000	-941.2936525159844	-214.98768804807915	-726.3059644679053	742.0	4.555839434121527E-4	-1.7157981492793976E-4	-1.7157981492793976E-4	6.841902029357405E-4	0.30732193909222794	2423.916241165859	607.8647403536801	607.86474035368	1614.0209475563345	2899.80648126875	-726.3059644679053
10170000	-984.9441527195277	-194.16488391987653	-790.7792687996512	772.0	4.631364176960962E-4	-2.666005912237463E-4	-2.666005912237463E-4	4.3267768326851454E-4	0.5955584545976401	3345.974194141793	2061.670229069826	2061.670229069826	3581.5170550793637	3086.644887547239	-790.7792687996512
10180000	-1005.3049566166694	-215.90375900940325	-789.4011976072662	113.0	2.792838676536702E-4	-1.1223108097659586E-4	-1.1223108097659586E-4	2.9610883876456855E-4	0.3902694310511468	4223.934812383252	1600.9544731805934	1600.9544731805936	3983.929882138091	2986.9260158461084	-789.4011976072662
10190000	-1007.892986091899	-278.84738179462323	-729.0456042972759	165.0	5.546462916646842E-4	-2.852726994585559E-4	-2.852726994585559E-4	7.684620955389135E-4	0.43695924212305015	2228.4331084729133	827.2511189651744	827.2511189651744	1608.3970400264434	2664.7865453490863	-729.0456042972759
10200000	-969.630237540919	-208.48315719372854	-761.1470803471905	69.0	4.749553512562062E-4	-2.856353734255387E-4	-2.856353734255387E-4	5.26691809665726E-4	0.5710936285389858	3124.5152569742454	1694.4863501220084	1694.4863501220086	2817.596959260535	3124.971111221364	-761.1470803471905
10210000	-921.2218282677824	-200.1278081541321	-721.0940201136502	301.0	5.597555374038183E-4	-1.5781441000326627E-4	-1.5781441000326627E-4	5.63826679056826E-4	0.28091481629529125	1939.5501428520122	542.8777545219557	542.8777545219557	1925.5455140042413	3158.043897981172	-721.0940201136502
10220000	-944.6768406533909	-184.80027679881897	-759.8765638545718	10.0	4.281842553160168E-4	-1.9575792349297452E-4	-1.9575792349297452E-4	4.7146186801451395E-4	0.43569313429473333	2882.6528748802943	1196.9200039742082	1196.9200039742084	2618.0411573119964	3101.072521656571	-759.8765638545718
10230000	-953.9836454468631	-239.70642708952042	-714.2772183573427	991.0	5.868702502686624E-4	-2.935526844848177E-4	-2.935526844848177E-4	8.34106582871483E-4	0.4195698132954988	2068.0029727210226	727.8060581598058	727.8060581598057	1455.0291858134399	2930.535489495444	-714.2772183573427
10240000	-1002.3019843471665	-243.07709967882002	-759.2248846683465	330.0	3.9933885464879906E-4	-1.7187751566151397E-4	-1.7187751566151397E-4	5.894240695022768E-4	0.3542699780655911	2863.533066656297	835.0133205912106	835.0133205912106	1940.0633164728122	2899.970455526341	-759.2248846683465
10250000	-983.3660061520422	-221.70995124587992	-761.6560549061624	177.0	4.5022220836472723E-4	-2.4516614873529497E-4	-2.4516614873529497E-4	6.194687532788087E-4	0.4642344285425797	2831.3116093554136	1120.5436262299731	1120.5436262299731	2057.762168932131	3028.5199896297568	-761.6560549061624
10260000	-1018.5127870082785	-255.1276408667694	-763.385146141509	185.0	5.782417545450974E-4	-3.381796289933559E-4	-3.381796289933559E-4	7.470950091072379E-4	0.514523009779967	2352.0471563396572	1064.676413320343	1064.676413320343	1820.4537011696577	3133.585779710964	-763.385146141509
10270000	-983.6856240059944	-270.8765367489129	-712.8090872570815	862.0	5.823180805958318E-4	-3.938527741770919E-4	-3.938527741770919E-4	9.992072291742302E-4	0.5163283692710392	2341.509098865485	922.9415354722876	922.9415354722876	1364.5848872369131	2810.863921689023	-712.8090872570815
10280000	-982.236897560449	-274.10098828970695	-708.1359092707421	321.0	6.490227940112511E-4	-2.532636686751444E-4	-2.532636686751444E-4	7.343613752278677E-4	0.3668495625281654	1780.3788272611619	614.0100618497263	614.0100618497262	1573.4847717296784	3153.680270638338	-708.1359092707421
10290000	-971.5356497906835	-248.80404340520025	-722.7316063854832	89.0	5.908729218258656E-4	-1.9254062771331546E-4	-1.9254062771331546E-4	6.641033843784799E-4	0.3073671800501532	1868.9826396929534	541.8660694954164	541.8660694954164	1662.8905365249936	2904.0402106093943	-722.7316063854832
10300000	-960.4127572754477	-239.127130127132	-721.2856271483157	386.0	5.973185227508434E-4	-2.524570700899252E-4	-2.524570700899252E-4	8.378683025662158E-4	0.3568590097577147	1918.461573982775	578.0493026939895	578.0493026939895	1367.6763159745944	2953.466639842671	-721.2856271483157
10310000	-1011.0615039809392	-231.98032799914145	-779.0811759817977	942.0	3.6607904043157454E-4	-2.3162045825101982E-4	-2.3162045825101982E-4	5.446345692321471E-4	0.5187246454574235	3737.252769195701	1589.3669772401727	1589.3669772401727	2512.0144494798865	3016.6180354549188	-779.0811759817977
10320000	-903.8156985202681	-193.79473957214253	-710.0209589481256	278.0	4.2830506478059866E-4	-2.0705821840940106E-4	-2.0705821840940106E-4	5.342744146028955E-4	0.432846269918646	2873.0712732253096	1113.459680900913	1113.4596809009129	2303.218990399647	2927.0126572891336	-710.0209589481256
10330000	-995.1191443736268	-258.43515575517085	-736.6839886184559	500.0	5.621257775416805E-4	-4.03446861794752E-4	-4.03446861794752E-4	8.581711401294335E-4	0.5808749369482685	2684.882923498564	1262.2279392994274	1262.2279392994276	1758.6724027475216	3055.0923243021202	-736.6839886184559
10340000	-991.4332393437969	-247.96724137657253	-743.4659979672244	641.0	3.904150753929121E-4	-1.627230504845374E-4	-1.627230504845374E-4	6.462271142568169E-4	0.3239613496236101	2861.7163706948436	720.5937466683632	720.5937466683632	1728.892502294401	3104.7654838414965	-743.4659979672244
10350000	-934.3773383805865	-208.61750289845003	-725.7598354821364	276.0	5.092428937167646E-4	-1.5719857947511128E-4	-1.5719857947511128E-4	6.377963860751132E-4	0.2758322877817043	2125.407831606846	523.852281430965	523.852281430965	1697.0131191183573	2857.7495529604266	-725.7598354821364
10360000	-946.7641336434426	-219.28960856320828	-727.4745250802343	56.0	6.691808941104055E-4	-2.5547706728596705E-4	-2.5547706728596705E-4	5.464626277493952E-4	0.4224739376753874	1819.0329310471238	850.4171647281149	850.4171647281149	2227.5303404144515	2939.215977840996	-727.4745250802343
10370000	-993.1187260563235	-230.08859096224975	-763.0301350940737	523.0	3.7987029958712825E-4	-2.0962492438498156E-4	-2.0962492438498156E-4	5.785297516041082E-4	0.44715943663388324	3290.3975941460712	1192.2452474689592	1192.2452474689592	2160.5186533334345	3023.8308951899057	-763.0301350940737
10380000	-933.1723032130604	-248.5910337548688	-684.5812694581916	395.0	5.474718739074912E-4	-2.4410153221671123E-4	-2.4410153221671123E-4	9.993061115425809E-4	0.3300200513472147	2049.8316474388353	500.7144859283733	500.7144859283732	1123.0044130180427	2863.747250778284	-684.5812694581916
10390000	-973.7817768666235	-253.94566164080103	-719.8361152258225	184.0	4.708628654480808E-4	-2.741388988184428E-4	-2.741388988184428E-4	7.205559690890741E-4	0.4706408104288838	2728.025895702783	1037.8902501378182	1037.8902501378184	1782.6874599221987	3016.6164399954255	-719.8361152258225
10400000	-1011.742305649779	-248.47092476248602	-763.271380887293	269.0	4.7194084173847765E-4	-2.704553582640716E-4	-2.704553582640716E-4	6.301888472032561E-4	0.49592551413031233	2810.009265483288	1205.9592390350963	1205.9592390350963	2104.38211328322	3113.726997121991	-763.271380887293
10410000	-913.7647787339101	-208.9415416400107	-704.8232370938994	502.0	4.4820960783752514E-4	-2.1301599428015684E-4	-2.1301599428015684E-4	5.844207711766205E-4	0.41620645473835194	2698.56559945388	983.6023335388459	983.6023335388459	2069.6099261152444	2801.0268497639713	-704.8232370938994
10420000	-992.8788628026432	-187.3100354088512	-805.5688273937919	246.0	3.1422476374585285E-4	-1.6988086163356608E-4	-1.6988086163356608E-4	3.1178594928997114E-4	0.5427451871845252	4511.356068309636	2458.0743864999745	2458.0743864999745	4546.644253746083	3245.8763873303114	-805.5688273937919
10430000	-939.0593986849037	-224.8562854353798	-714.2031132495239	304.0	5.516969192385022E-4	-3.561905893881509E-4	-3.561905893881509E-4	8.359916680635579E-4	0.5244827236849995	2500.4065849259264	1065.347095214193	1065.3470952141931	1650.0961223006127	3074.0260094334794	-714.2031132495239
10440000	-991.064280151166	-225.5303733097557	-765.5339068414103	741.0	4.4432041793957596E-4	-2.535709837819867E-4	-2.535709837819867E-4	5.602920020037792E-4	0.5082111727812254	3034.330744311024	1373.245074359788	1373.2450743597883	2406.2722645647996	3314.5178151554323	-765.5339068414103
10450000	-984.5493409148937	-231.29070706698616	-753.2586338479076	701.0	4.558079890084541E-4	-2.480536173741195E-4	-2.480536173741195E-4	5.230258657089653E-4	0.5080342767329553	2957.140838840354	1402.4726696160303	1402.4726696160303	2577.0970564515433	3102.9723958433933	-753.2586338479076
10460000	-932.8712671190398	-185.25935171647527	-747.6119154025645	932.0	3.296622173164621E-4	-2.3232783704795615E-4	-2.3232783704795615E-4	6.145096605998671E-4	0.5161813440746692	4135.20520157992	1563.3981722837184	1563.3981722837184	2218.388095771621	3327.2828308957687	-747.6119154025645
10470000	-1067.5349935112285	-272.09019756665293	-795.4447959445757	552.0	4.882110943615288E-4	-1.83863133121953E-4	-1.83863133121953E-4	4.132638342673613E-4	0.4093333538912565	2460.5725668415016	1094.720960074911	1094.720960074911	2906.808498603044	3120.485749511299	-795.4447959445757
10480000	-1015.1240259129825	-264.8837541473671	-750.2402717656154	947.0	6.761174704707809E-4	-3.1928219634511367E-4	-3.1928219634511367E-4	5.553872744355011E-4	0.5210335164852808	2030.1771435899254	1167.112476665718	1167.112476665718	2471.497454324594	2855.993622519231	-750.2402717656154
10490000	-1025.0913241999904	-277.94894210800106	-747.1423820919894	837.0	5.275642892638685E-4	-2.639227243424776E-4	-2.639227243424776E-4	9.094723533709301E-4	0.38101698792482397	2217.414374585658	643.4786506348396	643.4786506348395	1286.2717972633648	3147.61260950028	-747.1423820919894
10500000	-1011.4856398401812	-255.97811410018107	-755.5075257400001	500.0	3.2035227315739583E-4	-1.246615439535922E-4	-1.246615439535922E-4	5.53163632720871E-4	0.2961363957817764	3421.6294487700784	771.1020477298686	771.1020477298686	1981.559717554485	2985.9944163504765	-755.5075257400001
10510000	-968.0393944343443	-263.2265173687247	-704.8128770656197	696.0	5.479680359989636E-4	-2.4991266993465346E-4	-2.4991266993465346E-4	8.878560142533564E-4	0.35829388064285267	2093.701909295927	589.3327586899869	589.3327586899869	1292.1934466693651	2921.8934235845195	-704.8128770656197
10520000	-1043.5287008396126	-296.5724721676102	-746.9562286720025	406.0	5.298686770145557E-4	-2.1501319931093788E-4	-2.1501319931093788E-4	6.66452054668433E-4	0.3618233099221419	2171.5510932444363	700.5937557772927	700.5937557772928	1726.5111522829588	2845.2629799561832	-746.9562286720025
10530000	-950.1727183629101	-252.68075084452525	-697.4919675183849	424.0	5.5909671230702E-4	-1.6245095677608297E-4	-1.6245095677608297E-4	7.594187208615433E-4	0.24930911371172046	1907.1375186467856	407.9650739400466	407.9650739400466	1404.066409349406	2760.9165786909884	-697.4919675183849
10540000	-1006.3005961462075	-278.38424641620816	-727.9163497299993	67.0	6.869023048486869E-4	-3.4317212614186056E-4	-3.4317212614186056E-4	8.187090997831342E-4	0.45761442915747885	1841.4258697666248	771.8566106420789	771.8566106420789	1544.9683831360167	2835.9736309046666	-727.9163497299993
10550000	-1023.5879484676348	-277.78398566025027	-745.8039628073846	71.0	5.252895923272234E-4	-3.315117305083997E-4	-3.315117305083997E-4	8.185634488813042E-4	0.5055607253436565	2557.348800887138	1035.7060624369633	1035.7060624369635	1641.1051713736008	2912.508066674502	-745.8039628073846
10560000	-1010.2955671968227	-261.26373401674925	-749.0318331800735	172.0	4.8072878938505004E-4	-8.117919963930008E-5	-8.117919963930008E-5	7.351288848792415E-4	0.1365566819377065	2119.70261685317	234.07563686976735	234.07563686976732	1386.1543109186046	2859.8922104300705	-749.0318331800735
10570000	-914.3174359954365	-246.04500799635002	-668.2724279990865	195.0	6.01562707755601E-4	-4.3447811279522306E-4	-4.3447811279522306E-4	0.0010938414728175645	0.5356119498607206	2331.076765689459	925.9128119623491	925.912811962349	1281.9854485332714	2855.99491278534	-668.2724279990865
10580000	-952.6814458514627	-227.65630354203296	-725.0251423094297	830.0	5.488159069957042E-4	-2.350801301090725E-4	-2.350801301090725E-4	7.09504484459123E-4	0.3767254885308749	2123.472247972811	703.5700876746367	703.5700876746367	1642.5482477955325	2780.671648653493	-725.0251423094297
10590000	-891.4188817980117	-137.76631052276943	-753.6525712752423	573.0	4.513966455876243E-4	-2.540361414379447E-4	-2.540361414379447E-4	5.037855641952546E-4	0.5327132322378655	3093.123656977685	1559.72154554332	1559.7215455433202	2771.46814513786	2746.334127167149	-753.6525712752423
10600000	-965.3392877361151	-170.54905726310176	-794.7902304730134	707.0	3.659790009468881E-4	-1.0025213091394989E-4	-1.0025213091394989E-4	3.114028921391538E-4	0.2969642760323065	2996.666584148635	964.7380235803366	964.7380235803367	3521.8588854581385	3349.7943522903543	-794.7902304730134
10610000	-1005.1873072104793	-209.50613289602705	-795.6811743144522	367.0	3.7670306911499567E-4	-1.6831487344698043E-4	-1.6831487344698043E-4	3.0314313841304033E-4	0.49807993235603726	3530.4599985525665	1960.225558713949	1960.225558713949	4387.152299750899	3078.354963744618	-795.6811743144522
10620000	-980.59536821595	-236.9656718299926	-743.6296963859573	787.0	3.7885600553605643E-4	-1.4537860163150348E-4	-1.4537860163150348E-4	6.034778692919837E-4	0.30404140096362886	2908.3792610750525	700.6323371646016	700.6323371646015	1825.8448329307082	3026.4245463639986	-743.6296963859573
10630000	-931.7711623537232	-210.11396270851813	-721.6571996452051	621.0	4.6063110123749915E-4	-1.9983691503791128E-4	-1.9983691503791128E-4	6.456103468084149E-4	0.36644925821713	2507.67834369676	776.2061227628514	776.2061227628515	1789.1823492556994	2899.9208662686983	-721.6571996452051
10640000	-1077.2769724443895	-339.74989473855	-737.5270777058395	680.0	8.382693380689644E-4	-3.74678468692627E-4	-3.74678468692627E-4	9.306518978837188E-4	0.4242025867192223	1454.7050258704462	585.6611400374628	585.6611400374627	1310.3015444281382	2644.2740096650737	-737.5270777058395
10650000	-1002.5570451765595	-200.8872208362895	-801.66982434027	824.0	3.4609699921490044E-4	-1.6154210131951065E-4	-1.6154210131951065E-4	3.1238555783563786E-4	0.491293860769644	3808.6578294412025	1969.5487628741705	1969.5487628741705	4219.673453980516	3131.4071456697616	-801.66982434027
10660000	-938.0239147180082	-206.62774275558544	-731.3961719624227	285.0	5.403437792434624E-4	-2.1469533865113856E-4	-2.1469533865113856E-4	6.378493724324644E-4	0.3657029562665049	2136.391823904665	719.0935445708227	719.0935445708227	1809.8097794957177	2941.8141891590994	-731.3961719624227
10670000	-897.3204814816133	-180.2006168008523	-717.119864680761	658.0	4.470426215016657E-4	-3.101479129464817E-4	-3.101479129464817E-4	7.361710324813724E-4	0.5406360921251957	3160.7790001355424	1331.6321437870631	1331.6321437870633	1919.3949067043202	2899.857645699181	-717.119864680761
10680000	-954.777648367136	-208.84596996123412	-745.9316784059018	754.0	4.308630792046349E-4	-1.4954789568268978E-4	-1.4954789568268978E-4	4.966584403664088E-4	0.323282172336012	2591.79495246774	780.4105390751402	780.4105390751403	2248.444128047902	2869.538877887627	-745.9316784059018
10690000	-1025.5112781046425	-291.7914588360762	-733.7198192685663	295.0	6.326488265218232E-4	-2.201348355504893E-4	-2.201348355504893E-4	8.51410435653922E-4	0.29994245074050285	1736.9184310316407	449.08570199294905	449.08570199294905	1290.634177289969	2963.846261999277	-733.7198192685663
10700000	-963.678531186569	-226.5017902390375	-737.1767409475315	383.0	4.0970680707578947E-4	-2.8156476453568177E-4	-2.8156476453568177E-4	6.956845483740977E-4	0.5273944279073856	3381.246093994612	1368.493468078058	1368.4934680780582	1991.3041684563543	3114.070115438336	-737.1767409475315
10710000	-987.550476910851	-251.7443217810411	-735.8061551298099	118.0	5.396602087245747E-4	-2.2178443470402624E-4	-2.2178443470402624E-4	7.174178926918843E-4	0.3564386275007707	2122.7042284829727	656.2183103511379	656.2183103511379	1596.752769442904	2968.3740267198796	-735.8061551298099
10720000	-1078.6401995376086	-321.75505417247825	-756.8851453651303	185.0	5.157450536450848E-4	-3.3707169244280653E-4	-3.3707169244280653E-4	0.001060288027860454	0.4558194125573258	2447.4530941547846	778.0594847287211	778.0594847287211	1190.4895596018332	3041.0485924879827	-756.8851453651303
10730000	-959.7760673732441	-220.28035189400447	-739.4957154792397	116.0	4.6023717733462057E-4	-2.0380041022311133E-4	-2.0380041022311133E-4	6.524184289420418E-4	0.3719213375646012	2521.5933605687187	787.6873774597678	787.6873774597678	1778.8139622845697	2983.9050781786277	-739.4957154792397
10740000	-1030.0261774846542	-276.35717507783335	-753.6690024068209	390.0	6.840981718022932E-4	-1.9890938942055737E-4	-1.9890938942055737E-4	6.897076493584174E-4	0.28957665560978346	1595.5748550582896	460.1584751012525	460.1584751012525	1582.5978475582401	2639.104406449448	-753.6690024068209
10750000	-963.9856630700469	-237.14886725554115	-726.8367958145058	632.0	5.90097613333476E-4	-1.5393477751565957E-4	-1.5393477751565957E-4	5.772210350804816E-4	0.2637568482845611	1821.3413674655742	485.7199601913136	485.71996019131353	1861.97163424079	2846.3039247483352	-726.8367958145058
10760000	-1058.476571612311	-275.04636476836566	-783.4302068439454	592.0	4.65763566898065E-4	-1.9265563731256691E-4	-1.9265563731256691E-4	4.888328585732483E-4	0.4037557953315348	2565.1853615330665	1010.9742256145169	1010.9742256145166	2444.127604738983	2981.8920362671324	-783.4302068439454
10770000	-956.8439571442307	-207.04777983803135	-749.7961773061993	764.0	4.572730390554816E-4	-1.735574008177275E-4	-1.735574008177275E-4	5.10908027935839E-4	0.3590740136054943	2510.576243622821	852.8523013395094	852.8523013395093	2247.0166173354264	3006.4614173325804	-749.7961773061993
10780000	-1025.1198531608597	-255.16423332389314	-769.9556198369665	865.0	4.900020957914472E-4	-2.630919700816716E-4	-2.630919700816716E-4	6.135271093938077E-4	0.4798348040396631	2651.230790514616	1136.8976547863654	1136.8976547863656	2117.4429359161563	2945.5383023030904	-769.9556198369665
10790000	-1004.0748907950936	-266.76485488261693	-737.3100359124766	279.0	7.192323646561204E-4	-5.037064147183116E-4	-5.037064147183116E-4	0.0011048157402949368	0.565064396483521	2042.554277829951	931.2391692379564	931.2391692379564	1329.6978759462036	2825.8656934949054	-737.3100359124766
10800000	-1017.0197562140347	-291.49168590015546	-725.5280703138793	124.0	6.512403839161049E-4	-3.0450729257863025E-4	-3.0450729257863025E-4	7.377494033554172E-4	0.4393115308914508	1902.752262296557	785.3641591637539	785.3641591637539	1679.6341795186465	2853.1224907227443	-725.5280703138793
10810000	-992.5673627310052	-232.07488307604268	-760.4924796549625	942.0	4.558692126906136E-4	-3.2918625788318066E-4	-3.2918625788318066E-4	7.06521164043669E-4	0.5800413806583306	3305.862428408668	1540.2857511812497	1540.28575118125	2133.0442443886814	2727.769366206374	-760.4924796549625
10820000	-964.4529535552248	-244.8797112854737	-719.5732422697511	4.0	5.857368491761013E-4	-1.9801052123229833E-4	-1.9801052123229833E-4	7.177754343307791E-4	0.3053814819582705	1882.8410081726975	519.4136098756629	519.413609875663	1536.4824524189462	2656.40291074125	-719.5732422697511
10830000	-980.8532812407029	-240.58372656966364	-740.2695546710393	931.0	4.7073101871684253E-4	-1.8677493425510187E-4	-1.8677493425510187E-4	5.832433002268698E-4	0.3564571285958227	2433.568788906256	779.3139679040136	779.3139679040137	1964.1139721172217	3044.4708029122694	-740.2695546710393
10840000	-1010.2769478854443	-266.4564271652656	-743.8205207201787	633.0	7.12030053929661E-4	-2.627282605836687E-4	-2.627282605836687E-4	6.507448820938772E-4	0.38596884243774554	1650.2806171983368	666.2754759382251	666.2754759382252	1805.6990215303638	3270.3195097308394	-743.8205207201787
10850000	-960.86594482587	-254.28189513117198	-706.584049694698	172.0	6.844223587987141E-4	-3.552668774463744E-4	-3.552668774463744E-4	9.677953271840926E-4	0.43651670073332716	1805.0285816827861	662.6058732704757	662.6058732704759	1276.511556600473	2927.623115274242	-706.584049694698
10860000	-970.9426438637429	-215.99569783342548	-754.9469460303173	967.0	5.629772277424535E-4	-3.9354254490313605E-4	-3.9354254490313605E-4	7.145428762461881E-4	0.6204862025655167	2888.259860543056	1590.7416806546814	1590.741680654681	2275.6150587219704	3148.2150741745354	-754.9469460303173
10870000	-1009.4500861836087	-224.79157398058882	-784.6585122030199	974.0	4.797440253982581E-4	-1.5698190862753069E-4	-1.5698190862753069E-4	4.099009486039417E-4	0.3540017067785018	2383.086699570406	912.6631684985754	912.6631684985755	2789.1411571960484	2856.1359587392253	-784.6585122030199
10880000	-903.283886744984	-181.43229850576697	-721.851588239217	622.0	4.8347696892067453E-4	-2.9014319030810134E-4	-2.9014319030810134E-4	6.256338298234771E-4	0.5275509076895074	2865.982259316656	1329.1244757643233	1329.1244757643233	2214.7722032643305	2984.9749714621194	-721.851588239217
10890000	-946.1803303331252	-226.33048059319663	-719.8498497399286	836.0	5.706228186739995E-4	-2.146409873742988E-4	-2.146409873742988E-4	8.295342932673893E-4	0.311975807728676	1941.4281804052462	502.3421755321565	502.34217553215655	1335.4760973081113	3037.4393930723077	-719.8498497399286
10900000	-951.2399456806047	-221.75590818334587	-729.4840374972588	450.0	4.669408466086999E-4	-3.0489696134674963E-4	-3.0489696134674963E-4	6.73289401746628E-4	0.5437775501707534	3040.7223078811194	1376.9814132929382	1376.9814132929384	2108.8070673037005	2862.231374383426	-729.4840374972588
10910000	-986.4453944659033	-246.10865438064403	-740.3367400852593	872.0	4.6767218064602063E-4	-2.85655666579758E-4	-2.85655666579758E-4	8.119176518241345E-4	0.46357081201074557	2723.5310003220006	958.215481089372	958.215481089372	1568.7793942106855	2925.2300559771716	-740.3367400852593
10920000	-1015.9145879028295	-256.2109734756287	-759.7036144272008	88.0	4.035136400380146E-4	-1.9097063305493326E-4	-1.9097063305493326E-4	5.011522160338646E-4	0.42467104445140746	3023.5068055912925	1152.1469729880457	1152.1469729880457	2434.442466321272	3025.4247577112114	-759.7036144272008
10930000	-983.5865465633644	-263.337956604454	-720.2485899589104	736.0	5.406827636901756E-4	-3.475711568541196E-4	-3.475711568541196E-4	7.832173105060683E-4	0.5341107611141459	2587.7247489557253	1148.363899201139	1148.363899201139	1786.398423741181	2888.770158812924	-720.2485899589104
10940000	-943.9630500821993	-238.61450128608936	-705.34854879611	152.0	5.570351589076403E-4	-1.9948239313847377E-4	-1.9948239313847377E-4	6.765647071278754E-4	0.3249440553409177	2007.1511804017753	591.8004835886037	591.8004835886037	1652.5452258263317	2959.9940223243184	-705.34854879611
10950000	-956.9746917494181	-235.3915054378772	-721.5831863115409	806.0	6.057756648683237E-4	-2.045784039690457E-4	-2.045784039690457E-4	5.708329462530879E-4	0.3478959389395898	1878.0835441427741	673.0784137517345	673.0784137517345	1993.047729811535	2715.927832483695	-721.5831863115409
10960000	-931.6056322472903	-222.39208314635215	-709.2135491009382	926.0	4.976241699761918E-4	-1.1256663346002317E-4	-1.1256663346002317E-4	6.651213629321279E-4	0.19566290453151755	2089.5447659866068	353.63924973663273	353.6392497366327	1563.3357124755112	2820.3574259051393	-709.2135491009382
10970000	-948.8148815798511	-210.54762917204775	-738.2672524078033	68.0	4.5403217967831405E-4	-2.0019928619775278E-4	-2.0019928619775278E-4	4.699216699695989E-4	0.4334175282561292	2711.9240325097685	1155.3526688099125	1155.3526688099123	2620.2255786205196	2988.1006800012156	-738.2672524078033
10980000	-958.4483633117359	-220.17809687183853	-738.2702664398973	339.0	5.407677039110311E-4	-3.190148464875362E-4	-3.190148464875362E-4	6.610408024292194E-4	0.5335699814327077	2585.229848455389	1247.6184529143336	1247.6184529143336	2114.860087446984	2876.191710367165	-738.2702664398973
10990000	-902.955736548252	-184.21934521694072	-718.7363913313113	450.0	4.994610514615161E-4	-1.7567164743467997E-4	-1.7567164743467997E-4	5.035925786758199E-4	0.3502766599424006	2282.165542695734	796.1034327753686	796.1034327753686	2263.442413232654	2806.399462914982	-718.7363913313113
11000000	-998.2197253096392	-278.10219387676574	-720.1175314328734	844.0	6.411919327266952E-4	-3.54212303051655E-4	-3.54212303051655E-4	0.0011115833436886927	0.4195643714153876	1892.7915871898717	603.1487167399358	603.1487167399358	1091.81439514174	2919.8241168086247	-720.1175314328734
