node1,node2,length,startLon,startLat,endLon,endLat,endNodeL,startNodeL,startYear,endYear,tipLabel
642,644,0.013420657073524,-112.898560918989,39.8384259475749,-112.157817561671,38.7451443641846,1.05472617782366,1.04130552075014,2023.71893724636,2023.73235790343,NA
1043,1044,0.0303322425064123,-85.8320226071428,39.8266553772008,-85.4692400061571,39.1878766840141,1.05664503213924,1.02631278963282,2023.70394451524,2023.73427675775,NA
644,645,0.0063819948592545,-112.157817561671,38.7451443641846,-111.738507467103,38.8665072150095,1.06110817268292,1.05472617782366,2023.73235790343,2023.73873989829,NA
642,643,0.0213962277893116,-112.898560918989,39.8384259475749,-111.232084206899,39.061389183892,1.06270174853945,1.04130552075014,2023.71893724636,2023.74033347415,NA
718,719,0.00240385055193615,-95.2520364996295,44.0884746611788,-95.3933200506368,44.0871846580372,1.06995675105122,1.06755290049928,2023.74518462611,2023.74758847666,NA
918,940,0.0245812335718161,-120.598153685644,38.5946411844616,-121.637196401096,38.7019859138586,1.07153090261356,1.04694966904174,2023.72458139465,2023.74916262822,NA
645,646,0.0124417876436218,-111.738507467103,38.8665072150095,-111.490764589727,39.2617794978708,1.07354996032654,1.06110817268292,2023.73873989829,2023.75118168593,NA
607,611,0.04617218595852,-120.134616294731,44.1386959436163,-120.335956688598,44.4443348980171,1.07427084690027,1.02809866094175,2023.70573038655,2023.75190257251,NA
845,846,0.0100405264351233,-117.457232585854,37.8033443927976,-118.829957346505,37.7580628514403,1.07560745288545,1.06556692645033,2023.74319865206,2023.75323917849,NA
645,56,0.0174244852715957,-111.738507467103,38.8665072150095,-111.869555117675,39.1079721739119,1.07853265795451,1.06110817268292,2023.73873989829,2023.75616438356,A/turkey/Utah/23-030211-002/2023|H5N1|USA-UT|2023-10-04|avian|B3.6
646,55,0.00498269762797388,-111.490764589727,39.2617794978708,-111.30033040164,39.3541692996961,1.07853265795451,1.07354996032654,2023.75118168593,2023.75616438356,A/turkey/Utah/23-030211-003/2023|H5N1|USA-UT|2023-10-04|avian|B3.6
641,60,0.00310964030598759,-111.437881916933,39.610043142598,-111.366940648681,39.6629991772993,1.07853265795451,1.07542301764852,2023.75305474326,2023.75616438356,A/turkey/Utah/23-030214-001/2023|H5N1|USA-UT|2023-10-04|avian|B3.6
718,720,0.0118613709851805,-95.2520364996295,44.0884746611788,-93.9662826626491,43.8455465523454,1.07941427148446,1.06755290049928,2023.74518462611,2023.75704599709,NA
639,57,0.0554824408978489,-112.516915162468,39.4906573545882,-111.466215973443,39.7859036602042,1.0812723839821,1.02578994308425,2023.70342166869,2023.75890410959,A/turkey/Utah/23-030333-002/2023|H5N1|USA-UT|2023-10-05|avian|B3.6
639,58,0.0554824408978489,-112.516915162468,39.4906573545882,-111.429771952423,39.5298336593213,1.0812723839821,1.02578994308425,2023.70342166869,2023.75890410959,A/turkey/Utah/23-030333-003/2023|H5N1|USA-UT|2023-10-05|avian|B3.6
644,53,0.026546206158435,-112.157817561671,38.7451443641846,-111.950607995074,39.1491844673633,1.0812723839821,1.05472617782366,2023.73235790343,2023.75890410959,A/turkey/Utah/23-030331-005/2023|H5N1|USA-UT|2023-10-05|avian|B3.6
643,52,0.0185706354426474,-111.232084206899,39.061389183892,-111.482608178939,39.3473626567852,1.0812723839821,1.06270174853945,2023.74033347415,2023.75890410959,A/turkey/Utah/23-030331-003/2023|H5N1|USA-UT|2023-10-05|avian|B3.6
643,51,0.0185706354426474,-111.232084206899,39.061389183892,-111.523768890884,39.4842311547966,1.0812723839821,1.06270174853945,2023.74033347415,2023.75890410959,A/turkey/Utah/23-030331-002/2023|H5N1|USA-UT|2023-10-05|avian|B3.6
646,54,0.00772242365555864,-111.490764589727,39.2617794978708,-111.526808873204,39.2536008645542,1.0812723839821,1.07354996032654,2023.75118168593,2023.75890410959,A/turkey/Utah/23-030331-004/2023|H5N1|USA-UT|2023-10-05|avian|B3.6
641,59,0.00584936633357236,-111.437881916933,39.610043142598,-111.393634605145,39.4658483190173,1.0812723839821,1.07542301764852,2023.75305474326,2023.75890410959,A/turkey/Utah/23-030333-001/2023|H5N1|USA-UT|2023-10-05|avian|B3.6
744,745,0.00676704633628455,-94.2448892440549,45.1373510129437,-93.7773720370324,45.1670221548863,1.08433732610909,1.07757027977281,2023.75520200538,2023.76196905172,NA
611,613,0.0112514444620488,-120.335956688598,44.4443348980171,-120.582725931763,44.0311881313239,1.08552229136232,1.07427084690027,2023.75190257251,2023.76315401697,NA
559,560,0.0246297796938957,-121.681030543729,46.4909801199073,-120.4788481265,46.8558275316222,1.08629731798398,1.06166753829009,2023.7392992639,2023.76392904359,NA
720,721,0.00700350312822495,-93.9662826626491,43.8455465523454,-94.3815373045527,43.7231623145676,1.08641777461269,1.07941427148446,2023.75704599709,2023.76404950022,NA
652,73,0.0116231602301951,-105.713702490914,38.4017968389298,-106.257787895214,38.214220772001,1.08675183603681,1.07512867580662,2023.75276040141,2023.76438356164,A/mallard/Colorado/23-030893-003/2023|H5N1|USA-CO|2023-10-07|avian|B3.6
652,74,0.0116231602301951,-105.713702490914,38.4017968389298,-105.764256947622,38.1194975563033,1.08675183603681,1.07512867580662,2023.75276040141,2023.76438356164,A/mallard/Colorado/23-030893-0012/2023|H5N1|USA-CO|2023-10-07|avian|B3.6
706,91,0.00258595679920326,-98.0395625724932,44.3069192705764,-98.2121400268806,44.2449972357077,1.08949156206417,1.08690560526497,2023.76453733087,2023.76712328767,A/gadwall/South_Dakota/23-031573-004/2023|H5N1|USA-SD|2023-10-08|avian|B3.6
706,92,0.00258595679920326,-98.0395625724932,44.3069192705764,-97.9577444196668,44.3210042859225,1.08949156206417,1.08690560526497,2023.76453733087,2023.76712328767,A/gadwall/South_Dakota/23-031573-002/2023|H5N1|USA-SD|2023-10-08|avian|B3.6
600,601,0.0169775308579345,-95.8108041777953,47.0581445700617,-95.0808813757272,47.0876632369352,1.09750927388768,1.08053174302974,2023.75816346864,2023.77514099949,NA
671,100,0.0420018125433539,-122.02653743337,49.8766348820127,-123.647254752383,51.0653470676778,1.09771074014647,1.05570892760311,2023.73334065321,2023.77534246575,A/Canada_Goose/BC/AIVPHL-1343/2023|H5N1|Canada-BC|2023-10-11|avian|B3.6
654,76,0.0247115322467772,-103.851260584786,40.2486987331087,-104.18396286717,40.2444591970172,1.09771074014647,1.07299920789969,2023.75063093351,2023.77534246575,A/chicken/Colorado/23-030833-003/2023|H5N1|USA-CO|2023-10-11|avian|B3.6
654,77,0.0247115322467772,-103.851260584786,40.2486987331087,-104.380623423041,40.2784251534558,1.09771074014647,1.07299920789969,2023.75063093351,2023.77534246575,A/chicken/Colorado/23-030833-001/2023|H5N1|USA-CO|2023-10-11|avian|B3.6
601,602,0.000519863176812851,-95.0808813757272,47.0876632369352,-95.5128816713769,47.0448305906286,1.09802913706449,1.09750927388768,2023.77514099949,2023.77566086267,NA
1071,1072,0.0194844903919404,-116.876207047241,39.927017595983,-118.245689861869,39.7807098694762,1.10160625939547,1.08212176900353,2023.75975349461,2023.779237985,NA
560,561,0.0155009851139027,-120.4788481265,46.8558275316222,-119.434042101479,47.1400459846225,1.10179830309788,1.08629731798398,2023.76392904359,2023.7794300287,NA
560,563,0.0159116934306232,-120.4788481265,46.8558275316222,-119.69267826761,46.8916883543613,1.1022090114146,1.08629731798398,2023.76392904359,2023.77984073702,NA
721,722,0.0169361869833087,-94.3815373045527,43.7231623145676,-94.2409761853097,43.9121752481293,1.103353961596,1.08641777461269,2023.76404950022,2023.7809856872,NA
561,562,0.00302223377146804,-119.434042101479,47.1400459846225,-119.373332030433,47.0901225935929,1.10482053686935,1.10179830309788,2023.7794300287,2023.78245226248,NA
790,791,0.00719417910304232,-95.3257842863715,44.2529430906427,-95.3206757996764,44.539923994588,1.10483832499674,1.09764414589369,2023.7752758715,2023.7824700506,NA
845,848,0.0397307024005793,-117.457232585854,37.8033443927976,-117.359406373042,37.4193174942255,1.10529762885091,1.06556692645033,2023.74319865206,2023.78292935446,NA
1071,383,0.0238081492250142,-116.876207047241,39.927017595983,-118.883249721581,39.7214986781593,1.10592991822854,1.08212176900353,2023.75975349461,2023.78356164384,A/mallard/Nevada/23-034303-024-original/2023|H5N1|USA-NV|2023-10-14|avian|B3.6
1072,384,0.00432365883307373,-118.245689861869,39.7807098694762,-118.297014826045,39.7851429013335,1.10592991822854,1.10160625939547,2023.779237985,2023.78356164384,A/mallard/Nevada/23-034303-020-original/2023|H5N1|USA-NV|2023-10-14|avian|B3.6
1072,385,0.00432365883307373,-118.245689861869,39.7807098694762,-117.992262687181,39.662644738168,1.10592991822854,1.10160625939547,2023.779237985,2023.78356164384,A/mallard/Nevada/23-034303-019-original/2023|H5N1|USA-NV|2023-10-14|avian|B3.6
714,86,0.00338641542607965,-99.0477047986366,45.9233198668998,-98.8838909330012,45.8279541326492,1.10592991822854,1.10254350280246,2023.78017522841,2023.78356164384,A/turkey/South_Dakota/23-031328-002/2023|H5N1|USA-SD|2023-10-14|avian|B3.6
714,87,0.00338641542607965,-99.0477047986366,45.9233198668998,-99.0372161117384,45.8679603927946,1.10592991822854,1.10254350280246,2023.78017522841,2023.78356164384,A/turkey/South_Dakota/23-031328-001/2023|H5N1|USA-SD|2023-10-14|avian|B3.6
602,603,0.0087897688060441,-95.5128816713769,47.0448305906286,-95.6672813981304,46.8762219152286,1.10681890587053,1.09802913706449,2023.77566086267,2023.78445063148,NA
602,605,0.0097914302579134,-95.5128816713769,47.0448305906286,-96.0413861988246,46.9909020709787,1.1078205673224,1.09802913706449,2023.77566086267,2023.78545229293,NA
600,139,0.0281379012261567,-95.8108041777953,47.0581445700617,-95.8614404341442,47.0070777022215,1.1086696442559,1.08053174302974,2023.75816346864,2023.78630136986,A/turkey/Minnesota/23-031337-001/2023|H5N1|USA-MN|2023-10-15|avian|B3.6
603,135,0.00185073838536498,-95.6672813981304,46.8762219152286,-95.5933157876999,46.8987116524385,1.1086696442559,1.10681890587053,2023.78445063148,2023.78630136986,A/turkey/Minnesota/23-031337-003/2023|H5N1|USA-MN|2023-10-15|avian|B3.6
605,138,0.000849076933495674,-96.0413861988246,46.9909020709787,-96.0677733338352,47.0026130905902,1.1086696442559,1.1078205673224,2023.78545229293,2023.78630136986,A/turkey/Minnesota/23-031337-002/2023|H5N1|USA-MN|2023-10-15|avian|B3.6
745,747,0.0249938647469561,-93.7773720370324,45.1670221548863,-96.1989454833589,45.0947875710744,1.10933119085605,1.08433732610909,2023.76196905172,2023.78696291646,NA
719,176,0.0414526192320381,-95.3933200506368,44.0871846580372,-94.2698822540183,44.0887495577932,1.11140937028326,1.06995675105122,2023.74758847666,2023.78904109589,A/turkey/Minnesota/23-031477-003/2023|H5N1|USA-MN|2023-10-16|avian|B3.6
719,171,0.0414526192320381,-95.3933200506368,44.0871846580372,-94.0859023148042,44.0223035514566,1.11140937028326,1.06995675105122,2023.74758847666,2023.78904109589,A/turkey/Minnesota/23-031477-001/2023|H5N1|USA-MN|2023-10-16|avian|B3.6
720,174,0.0319950987987936,-93.9662826626491,43.8455465523454,-94.273036440332,43.8633097713635,1.11140937028326,1.07941427148446,2023.75704599709,2023.78904109589,A/turkey/Minnesota/23-031477-002/2023|H5N1|USA-MN|2023-10-16|avian|B3.6
790,247,0.013765224389561,-95.3257842863715,44.2529430906427,-95.2839269338158,44.5655305916284,1.11140937028326,1.09764414589369,2023.7752758715,2023.78904109589,A/turkey/Minnesota/23-031508-001/2023|H5N1|USA-MN|2023-10-16|avian|B3.6
791,246,0.00657104528651842,-95.3206757996764,44.539923994588,-95.3232213711749,44.6218808221307,1.11140937028326,1.10483832499674,2023.7824700506,2023.78904109589,A/turkey/Minnesota/23-031508-003/2023|H5N1|USA-MN|2023-10-16|avian|B3.6
791,245,0.00657104528651842,-95.3206757996764,44.539923994588,-95.063741599069,44.5295038832921,1.11140937028326,1.10483832499674,2023.7824700506,2023.78904109589,A/turkey/Minnesota/23-031508-002/2023|H5N1|USA-MN|2023-10-16|avian|B3.6
603,604,0.00535320452545163,-95.6672813981304,46.8762219152286,-96.2493300420813,47.1123887829305,1.11217211039598,1.10681890587053,2023.78445063148,2023.789803836,NA
605,134,0.00632852898843783,-96.0413861988246,46.9909020709787,-96.0061915318266,46.9639618101366,1.11414909631084,1.1078205673224,2023.78545229293,2023.79178082192,A/turkey/Minnesota/23-031729-001/2023|H5N1|USA-MN|2023-10-17|avian|B3.6
1010,389,0.00286271127649584,-99.8364911351391,45.0742190879526,-99.7929717579564,45.062494386122,1.11414909631084,1.11128638503434,2023.78891811064,2023.79178082192,A/mallard/South_Dakota/23-032221-011-original2/2023|H5N1|USA-SD|2023-10-17|avian|B3.6
1010,390,0.00286271127649584,-99.8364911351391,45.0742190879526,-99.6406656143825,45.0447465467397,1.11414909631084,1.11128638503434,2023.78891811064,2023.79178082192,A/mallard/South_Dakota/23-032221-008-original2/2023|H5N1|USA-SD|2023-10-17|avian|B3.6
604,137,0.00197698591485551,-96.2493300420813,47.1123887829305,-96.0923742689459,47.0818230104119,1.11414909631084,1.11217211039598,2023.789803836,2023.79178082192,A/turkey/Minnesota/23-031729-002/2023|H5N1|USA-MN|2023-10-17|avian|B3.6
601,133,0.0193795484505217,-95.0808813757272,47.0876632369352,-95.3493934699743,47.0894811918577,1.1168888223382,1.09750927388768,2023.77514099949,2023.79452054795,A/turkey/Minnesota/23-032151-002/2023|H5N1|USA-MN|2023-10-18|avian|B3.6
722,173,0.0135348607422023,-94.2409761853097,43.9121752481293,-94.1965299789947,43.8653752470871,1.1168888223382,1.103353961596,2023.7809856872,2023.79452054795,A/turkey/Minnesota/23-032149-001/2023|H5N1|USA-MN|2023-10-18|avian|B3.6
604,136,0.0047167119422129,-96.2493300420813,47.1123887829305,-95.8512426229706,47.0252596730092,1.1168888223382,1.11217211039598,2023.789803836,2023.79452054795,A/turkey/Minnesota/23-032151-001/2023|H5N1|USA-MN|2023-10-18|avian|B3.6
563,564,0.0166363169534118,-119.69267826761,46.8916883543613,-119.520864060807,46.9614066148519,1.11884532836802,1.1022090114146,2023.77984073702,2023.79647705397,NA
826,320,0.0698118149348594,-93.8234751677271,43.0297202672957,-93.7732578063215,43.0475113165324,1.11962854836556,1.0498167334307,2023.72744845904,2023.79726027397,A/blue-winged_teal/Iowa/23-032986-004/2023|H5N1|USA-IA|2023-10-19|avian|B3.6
826,321,0.0698118149348594,-93.8234751677271,43.0297202672957,-93.6975491278143,42.982434590084,1.11962854836556,1.0498167334307,2023.72744845904,2023.79726027397,A/green-winged_teal/Iowa/23-032986-006/2023|H5N1|USA-IA|2023-10-19|avian|B3.6
721,175,0.0332107737528682,-94.3815373045527,43.7231623145676,-94.0618788775576,43.8537751674603,1.11962854836556,1.08641777461269,2023.76404950022,2023.79726027397,A/turkey/Minnesota/23-032150-001/2023|H5N1|USA-MN|2023-10-19|avian|B3.6
722,172,0.0162745867695597,-94.2409761853097,43.9121752481293,-94.1934625463292,44.0658146654559,1.11962854836556,1.103353961596,2023.7809856872,2023.79726027397,A/turkey/Minnesota/23-032150-002/2023|H5N1|USA-MN|2023-10-19|avian|B3.6
747,748,0.0121412672440235,-96.1989454833589,45.0947875710744,-94.895000417572,45.069791579987,1.12147245810007,1.10933119085605,2023.78696291646,2023.79910418371,NA
898,335,0.0866334932583417,-95.3910727050989,45.4178479182467,-92.9875845257598,45.7859498794331,1.12236827439291,1.03573478113457,2023.71336650674,2023.8,A/chicken/Minnesota/23-032247-001/2023|H5N1|USA-MN|2023-10-20|avian|B3.6
898,336,0.0866334932583417,-95.3910727050989,45.4178479182467,-92.3190413172905,46.3748863592131,1.12236827439291,1.03573478113457,2023.71336650674,2023.8,A/guinea_fowl/Minnesota/23-032247-002/2023|H5N1|USA-MN|2023-10-20|avian|B3.6
564,565,0.00376331617920078,-119.520864060807,46.9614066148519,-119.390658216819,46.9058353716796,1.12260864454722,1.11884532836802,2023.79647705397,2023.80024037015,NA
745,746,0.0387284107319896,-93.7773720370324,45.1670221548863,-94.4468223642488,45.2092185877404,1.12306573684108,1.08433732610909,2023.76196905172,2023.80069746245,NA
586,144,0.0886718014272703,-119.310390857069,43.4593700891178,-121.059911744623,43.1023427547358,1.12510800042027,1.036436198993,2023.7140679246,2023.80273972603,A/American_wigeon/Oregon/23-032795-008-original/2023|H5N1|USA-OR|2023-10-21|avian|B3.6
565,566,0.00362338966630715,-119.390658216819,46.9058353716796,-119.253661641117,46.9060257077669,1.12623203421352,1.12260864454722,2023.80024037015,2023.80386375982,NA
566,567,0.000646350852170574,-119.253661641117,46.9060257077669,-119.739328759903,47.1179098458628,1.1268783850657,1.12623203421352,2023.80386375982,2023.80451011067,NA
672,98,0.0967508921154303,-118.364989476828,44.175176230252,-120.565149312171,43.4622385821596,1.12784772644785,1.03109683433242,2023.70872855994,2023.80547945205,A/pintail/Oregon/23-032793-020-original/2023|H5N1|USA-OR|2023-10-22|avian|B3.6
586,143,0.091411527454855,-119.310390857069,43.4593700891178,-120.363278771737,42.4488938410221,1.12784772644785,1.036436198993,2023.7140679246,2023.80547945205,A/American_wigeon/Oregon/23-032793-005-original/2023|H5N1|USA-OR|2023-10-22|avian|B3.6
1020,498,0.057572696669965,-94.6550594445776,42.7056028401151,-94.5391336899125,42.7474356870085,1.12784772644785,1.07027502977789,2023.74790675538,2023.80547945205,A/turkey/Iowa/23-032139-001/2023|H5N1|USA-IA|2023-10-22|avian|B3.6
1020,499,0.057572696669965,-94.6550594445776,42.7056028401151,-94.6850248796241,42.8172411059927,1.12784772644785,1.07027502977789,2023.74790675538,2023.80547945205,A/turkey/Iowa/23-032139-002/2023|H5N1|USA-IA|2023-10-22|avian|B3.6
814,235,0.0452364329366495,-95.0625303839866,43.0805356161269,-94.8477291408843,42.6325417133908,1.12784772644785,1.08261129351121,2023.76024301912,2023.80547945205,A/chicken/Iowa/23-032138-001/2023|H5N1|USA-IA|2023-10-22|avian|B3.6
814,236,0.0452364329366495,-95.0625303839866,43.0805356161269,-94.6767810600515,42.8684917573984,1.12784772644785,1.08261129351121,2023.76024301912,2023.80547945205,A/chicken/Iowa/23-032138-002/2023|H5N1|USA-IA|2023-10-22|avian|B3.6
1052,377,0.0201203753121222,-98.1049696340154,45.0368414395441,-97.6635934104854,44.951926252759,1.12784772644785,1.10772735113573,2023.78535907674,2023.80547945205,A/turkey/South_Dakota/23-032354-002/2023|H5N1|USA-SD|2023-10-22|avian|B3.6
1052,378,0.0201203753121222,-98.1049696340154,45.0368414395441,-97.6903697074505,45.1402837795678,1.12784772644785,1.10772735113573,2023.78535907674,2023.80547945205,A/turkey/South_Dakota/23-032354-001/2023|H5N1|USA-SD|2023-10-22|avian|B3.6
837,316,0.0891450482154152,-95.7654568431648,44.1344388028949,-95.0555350551037,44.2184070961874,1.13058745247521,1.0414424042598,2023.71907412987,2023.80821917808,A/chicken/Minnesota/23-032411-001/2023|H5N1|USA-MN|2023-10-23|avian|B3.6
559,34,0.068919914185126,-121.681030543729,46.4909801199073,-119.83221773459,47.2408120661174,1.13058745247521,1.06166753829009,2023.7392992639,2023.80821917808,A/wood_duck/Washington/23-033636-003/2023|H5N1|USA-WA|2023-10-23|avian|B3.6
746,205,0.00752171563413118,-94.4468223642488,45.2092185877404,-94.4577422370061,45.3210519251883,1.13058745247521,1.12306573684108,2023.80069746245,2023.80821917808,A/turkey/Minnesota/23-032410-001/2023|H5N1|USA-MN|2023-10-23|avian|B3.6
746,206,0.00752171563413118,-94.4468223642488,45.2092185877404,-94.3986245831046,45.0841174016938,1.13058745247521,1.12306573684108,2023.80069746245,2023.80821917808,A/turkey/Minnesota/23-032410-002/2023|H5N1|USA-MN|2023-10-23|avian|B3.6
567,32,0.0037090674095166,-119.739328759903,47.1179098458628,-119.805833773903,47.2187697795656,1.13058745247521,1.1268783850657,2023.80451011067,2023.80821917808,A/mallard/Washington/23-033636-012/2023|H5N1|USA-WA|2023-10-23|avian|B3.6
837,838,0.0909114847668839,-95.7654568431648,44.1344388028949,-99.0033689410731,45.3201035024094,1.13235388902668,1.0414424042598,2023.71907412987,2023.80998561463,NA
565,568,0.0106213511833431,-119.390658216819,46.9058353716796,-119.50305398763,47.1988625971968,1.13322999573056,1.12260864454722,2023.80024037015,2023.81086172134,NA
707,103,0.0138395500010593,-97.5588240293946,43.6875759114181,-97.7672892930359,43.5021455463238,1.13332717850257,1.11948762850151,2023.79711935411,2023.81095890411,A/turkey/South_Dakota/23-032362-001/2023|H5N1|USA-SD|2023-10-24|avian|B3.6
707,104,0.0138395500010593,-97.5588240293946,43.6875759114181,-97.9329695807775,43.5909483214982,1.13332717850257,1.11948762850151,2023.79711935411,2023.81095890411,A/turkey/South_Dakota/23-032362-002/2023|H5N1|USA-SD|2023-10-24|avian|B3.6
956,957,0.0191179714464873,-94.0250149227266,45.7229789924817,-94.0992247142978,44.9407485464223,1.13348554662275,1.11436757517627,2023.79199930078,2023.81111727223,NA
568,569,0.00159540630519173,-119.50305398763,47.1988625971968,-119.615019524644,47.1323446672212,1.13482540203575,1.13322999573056,2023.81086172134,2023.81245712764,NA
902,903,0.00677400671964179,-109.790378657225,46.5796230032551,-109.708371564678,46.5675622173684,1.13488803370397,1.12811402698433,2023.80574575259,2023.81251975931,NA
561,28,0.0342686014320424,-119.434042101479,47.1400459846225,-119.95139087225,47.3357800938539,1.13606690452993,1.10179830309788,2023.7794300287,2023.81369863014,A/mallard/Washington/23-033638-013/2023|H5N1|USA-WA|2023-10-25|avian|B3.6
563,30,0.0338578931153217,-119.69267826761,46.8916883543613,-119.58975930504,46.9749363725337,1.13606690452993,1.1022090114146,2023.77984073702,2023.81369863014,A/mallard/Washington/23-033638-010/2023|H5N1|USA-WA|2023-10-25|avian|B3.6
562,29,0.0312463676605743,-119.373332030433,47.0901225935929,-119.165266562319,47.1154932117499,1.13606690452993,1.10482053686935,2023.78245226248,2023.81369863014,A/mallard/Washington/23-033638-015/2023|H5N1|USA-WA|2023-10-25|avian|B3.6
562,25,0.0312463676605743,-119.373332030433,47.0901225935929,-119.111889668905,47.0336316453927,1.13606690452993,1.10482053686935,2023.78245226248,2023.81369863014,A/mallard/Washington/23-033638-012/2023|H5N1|USA-WA|2023-10-25|avian|B3.6
564,24,0.0172215761619099,-119.520864060807,46.9614066148519,-119.848328078402,47.3415254936297,1.13606690452993,1.11884532836802,2023.79647705397,2023.81369863014,A/mallard/Washington/23-033638-009/2023|H5N1|USA-WA|2023-10-25|avian|B3.6
566,33,0.00983487031640218,-119.253661641117,46.9060257077669,-119.255423616281,47.006840145369,1.13606690452993,1.12623203421352,2023.80386375982,2023.81369863014,A/mallard/Washington/23-033638-008/2023|H5N1|USA-WA|2023-10-25|avian|B3.6
567,31,0.00918851946423138,-119.739328759903,47.1179098458628,-119.183329579578,47.246177169377,1.13606690452993,1.1268783850657,2023.80451011067,2023.81369863014,A/mallard/Washington/23-033638-002/2023|H5N1|USA-WA|2023-10-25|avian|B3.6
568,26,0.00283690879936604,-119.50305398763,47.1988625971968,-119.491467825395,47.1475951174599,1.13606690452993,1.13322999573056,2023.81086172134,2023.81369863014,A/mallard/Washington/23-033638-004/2023|H5N1|USA-WA|2023-10-25|avian|B3.6
569,27,0.00124150249417432,-119.615019524644,47.1323446672212,-119.132135786201,47.0051171006816,1.13606690452993,1.13482540203575,2023.81245712764,2023.81369863014,A/mallard/Washington/23-033638-011/2023|H5N1|USA-WA|2023-10-25|avian|B3.6
569,23,0.00124150249417432,-119.615019524644,47.1323446672212,-119.930467736904,47.2418283562525,1.13606690452993,1.13482540203575,2023.81245712764,2023.81369863014,A/mallard/Washington/23-033638-003/2023|H5N1|USA-WA|2023-10-25|avian|B3.6
958,960,0.016898253227966,-95.3434230942343,44.9176588966417,-94.9246599192854,44.3880182045902,1.14083309370199,1.12393484047402,2023.80156656608,2023.81846481931,NA
748,202,0.020073898484571,-94.895000417572,45.069791579987,-94.5912830866844,45.0476717549472,1.14154635658464,1.12147245810007,2023.79910418371,2023.81917808219,A/turkey/Minnesota/23-033106-001/2023|H5N1|USA-MN|2023-10-27|avian|B3.6
748,203,0.020073898484571,-94.895000417572,45.069791579987,-94.7293116606779,45.0770942929729,1.14154635658464,1.12147245810007,2023.79910418371,2023.81917808219,A/turkey/Minnesota/23-033106-002/2023|H5N1|USA-MN|2023-10-27|avian|B3.6
744,201,0.0667158028394197,-94.2448892440549,45.1373510129437,-94.3772027490698,45.1988005154117,1.14428608261223,1.07757027977281,2023.75520200538,2023.82191780822,A/turkey/Minnesota/23-033304-002/2023|H5N1|USA-MN|2023-10-28|avian|B3.6
899,337,0.0508262810910649,-98.0018785973012,44.5584183818273,-98.4144904444899,44.4909285189549,1.14428608261223,1.09345980152116,2023.77109152713,2023.82191780822,A/turkey/South_Dakota/23-033096-001/2023|H5N1|USA-SD|2023-10-28|avian|B3.6
899,338,0.0508262810910649,-98.0018785973012,44.5584183818273,-98.1074145217827,44.2885923905435,1.14428608261223,1.09345980152116,2023.77109152713,2023.82191780822,A/turkey/South_Dakota/23-033096-002/2023|H5N1|USA-SD|2023-10-28|avian|B3.6
747,204,0.0349548917561793,-96.1989454833589,45.0947875710744,-94.5662157407131,45.0712647945273,1.14428608261223,1.10933119085605,2023.78696291646,2023.82191780822,A/turkey/Minnesota/23-033304-001/2023|H5N1|USA-MN|2023-10-28|avian|B3.6
969,516,0.0068577663859295,-89.9193764718055,38.3968903059768,-90.0671171175947,38.7554474478713,1.14428608261223,1.1374283162263,2023.81506004183,2023.82191780822,A/ring-necked_duck/Illinois/23-033983-010-original/2023|H5N1|USA-IL|2023-10-28|avian|B3.6
969,517,0.0068577663859295,-89.9193764718055,38.3968903059768,-89.9575004460078,38.7458093893827,1.14428608261223,1.1374283162263,2023.81506004183,2023.82191780822,A/wood_duck/Illinois/23-033983-015-original/2023|H5N1|USA-IL|2023-10-28|avian|B3.6
607,608,0.11640131250057,-120.134616294731,44.1386959436163,-123.296086208656,45.3749423324298,1.14449997344232,1.02809866094175,2023.70573038655,2023.82213169905,NA
960,961,0.00443898453736868,-94.9246599192854,44.3880182045902,-94.9995423151645,44.5932968636674,1.14527207823935,1.14083309370199,2023.81846481931,2023.82290380385,NA
608,609,0.00177345582032951,-123.296086208656,45.3749423324298,-122.853180809663,45.1461885101304,1.14627342926265,1.14449997344232,2023.82213169905,2023.82390515487,NA
960,962,0.00559976045644417,-94.9246599192854,44.3880182045902,-94.8833243298339,44.3384592205466,1.14643285415843,1.14083309370199,2023.81846481931,2023.82406457977,NA
660,661,0.0936688133830676,-96.8503689435801,37.1523757273838,-96.4797000644634,37.0871881355674,1.14688435628912,1.05321554290605,2023.73084726851,2023.8245160819,NA
573,574,0.105976416209894,-121.048101278764,51.5720642527798,-123.3937160391,51.529524330331,1.14745402267471,1.04147760646482,2023.71910933207,2023.82508574828,NA
741,742,0.0123781636411857,-94.4384545277033,45.5226676046749,-94.6770781952116,45.5458129316724,1.14794999328886,1.13557182964768,2023.81320355525,2023.8255817189,NA
781,263,0.0557118881263459,-95.3092065047744,43.5389441465838,-95.0156421075198,43.0068480514936,1.14976553466694,1.0940536465406,2023.77168537215,2023.82739726027,A/mallard/Iowa/23-033661-002/2023|H5N1|USA-IA|2023-10-30|avian|B3.6
594,119,0.0509488859678693,-93.9205235226375,35.8032550621862,-93.7543078869515,35.9096759737462,1.14976553466694,1.09881664869907,2023.77644837431,2023.82739726027,A/chicken/Arkansas/23-033113-001/2023|H5N1|Arkansas|2023-10-30|avian|B3.6
594,120,0.0509488859678693,-93.9205235226375,35.8032550621862,-93.7553463391744,36.1906567754539,1.14976553466694,1.09881664869907,2023.77644837431,2023.82739726027,A/chicken/Arkansas/23-033113-002/2023|H5N1|USA-AR|2023-10-30|avian|B3.6
956,526,0.0381376855180333,-94.0250149227266,45.7229789924817,-94.178998115768,45.206974191559,1.1525052606943,1.11436757517627,2023.79199930078,2023.8301369863,A/chicken/Minnesota/23-033668-001/2023|H5N1|USA-MN|2023-10-31|avian|B3.6
957,525,0.019019714071546,-94.0992247142978,44.9407485464223,-93.6818813060849,45.1955537200968,1.1525052606943,1.13348554662275,2023.81111727223,2023.8301369863,A/chicken/Minnesota/23-033671-001/2023|H5N1|USA-MN|2023-10-31|avian|B3.6
957,524,0.019019714071546,-94.0992247142978,44.9407485464223,-93.8429297851248,45.0533993399332,1.1525052606943,1.13348554662275,2023.81111727223,2023.8301369863,A/chicken/Minnesota/23-033671-002/2023|H5N1|USA-MN|2023-10-31|avian|B3.6
611,612,0.0805705111331312,-120.335956688598,44.4443348980171,-122.373441856916,44.5097108604197,1.1548413580334,1.07427084690027,2023.75190257251,2023.83247308364,NA
781,264,0.063931066208418,-95.3092065047744,43.5389441465838,-95.3725708618241,42.9661008666003,1.15798471274901,1.0940536465406,2023.77168537215,2023.83561643836,A/domestic_duck/Iowa/23-033840-003/2023|H5N1|USA-IA|2023-11-02|avian|B3.6
636,68,0.00817470990020452,-93.5832989456034,42.2639956963453,-93.8415374605196,42.2516812720553,1.15798471274901,1.14981000284881,2023.82744172846,2023.83561643836,A/chicken/Iowa/23-033841-001/2023|H5N1|USA-IA|2023-11-02|avian|B3.6
636,69,0.00817470990020452,-93.5832989456034,42.2639956963453,-93.5932027812017,42.2961818215128,1.15798471274901,1.14981000284881,2023.82744172846,2023.83561643836,A/chicken/Iowa/23-033841-002/2023|H5N1|USA-IA|2023-11-02|avian|B3.6
669,95,0.00642552623998216,-121.902608839427,49.3864251132467,-121.859880186636,49.5825946710378,1.15798471274901,1.15155918650903,2023.82919091212,2023.83561643836,A/Cooper_s_Hawk/BC/AIVPHL-1370/2023|H5N1|Canada-BC|2023-11-02|avian|B3.6
964,520,0.00342368780795255,-99.474952161161,45.6119671259764,-99.415657273382,45.8378212530974,1.15798471274901,1.15456102494106,2023.83219275055,2023.83561643836,A/turkey/South_Dakota/23-033623-001/2023|H5N1|USA-SD|2023-11-02|avian|B3.6
964,521,0.00342368780795255,-99.474952161161,45.6119671259764,-99.4294937643699,45.6830479744228,1.15798471274901,1.15456102494106,2023.83219275055,2023.83561643836,A/turkey/South_Dakota/23-033623-002/2023|H5N1|USA-SD|2023-11-02|avian|B3.6
608,610,0.0142086630300677,-123.296086208656,45.3749423324298,-122.95023429632,45.415519762257,1.15870863647239,1.14449997344232,2023.82213169905,2023.83634036208,NA
918,919,0.111899778095051,-120.598153685644,38.5946411844616,-122.582974292569,38.9905480968042,1.15884944713679,1.04694966904174,2023.72458139465,2023.83648117274,NA
676,682,0.0277400381173354,-123.358639161322,38.2528226290501,-123.909773441256,38.9610801140892,1.16449312203218,1.13675308391485,2023.81438480952,2023.84212484764,NA
672,97,0.135107056498889,-118.364989476828,44.175176230252,-119.557513028744,45.2555736534115,1.16620389083131,1.03109683433242,2023.70872855994,2023.84383561644,A/American_wigeon/Oregon/23-035568-002-original/2023|H5N1|USA-OR|2023-11-05|avian|B3.6
660,67,0.112988347925266,-96.8503689435801,37.1523757273838,-105.519523199378,37.5687007237245,1.16620389083131,1.05321554290605,2023.73084726851,2023.84383561644,A/American_wigeon/Colorado/23-034259-003-original/2023|H5N1|USA-CO|2023-11-05|avian|B3.6
741,200,0.0306320611836362,-94.4384545277033,45.5226676046749,-94.4129047492924,45.7411599831523,1.16620389083131,1.13557182964768,2023.81320355525,2023.84383561644,A/turkey/Minnesota/23-034013-002/2023|H5N1|USA-MN|2023-11-05|avian|B3.6
742,199,0.0182538975424504,-94.6770781952116,45.5458129316724,-95.0352151839763,45.58259394259,1.16620389083131,1.14794999328886,2023.8255817189,2023.84383561644,A/turkey/Minnesota/23-034013-001/2023|H5N1|USA-MN|2023-11-05|avian|B3.6
1009,408,0.0132063206808546,-99.135362708718,38.4257525259027,-99.1084326230323,38.413289900071,1.16620389083131,1.15299757015046,2023.83062929576,2023.84383561644,A/green-winged_teal/Kansas/23-035000-007-original/2023|H5N1|USA-KS|2023-11-05|avian|B3.6
1009,409,0.0132063206808546,-99.135362708718,38.4257525259027,-99.140332048829,38.4209646573115,1.16620389083131,1.15299757015046,2023.83062929576,2023.84383561644,A/green-winged_teal/Kansas/23-035000-006-original/2023|H5N1|USA-KS|2023-11-05|avian|B3.6
613,128,0.0834213254963481,-120.582725931763,44.0311881313239,-122.22945929145,44.876917474842,1.16894361685867,1.08552229136232,2023.76315401697,2023.84657534247,A/chicken/Oregon/23-034937-001/2023|H5N1|USA-OR|2023-11-06|avian|B3.6
698,107,0.056913997598343,-117.104688490121,49.2671458385988,-116.18282808877,50.4889616764596,1.16894361685867,1.11202961926033,2023.78966134487,2023.84657534247,A/American_Crow/BC/AIVPHL-1384/2023|H5N1|Canada-BC|2023-11-06|avian|B3.6
998,392,0.0497432968167302,-98.92979060409,45.8662585259065,-99.0953344806086,45.8584488490049,1.17168334288603,1.1219400460693,2023.79957177168,2023.84931506849,A/turkey/South_Dakota/23-034372-001/2023|H5N1|USA-SD|2023-11-07|avian|B3.6
998,393,0.0497432968167302,-98.92979060409,45.8662585259065,-98.8782223400403,45.8751434176894,1.17168334288603,1.1219400460693,2023.79957177168,2023.84931506849,A/turkey/South_Dakota/23-034372-002/2023|H5N1|USA-SD|2023-11-07|avian|B3.6
902,450,0.043569315901701,-109.790378657225,46.5796230032551,-109.445533325553,46.4506837313881,1.17168334288603,1.12811402698433,2023.80574575259,2023.84931506849,A/chicken/Montana/23-034346-007/2023|H5N1|USA-MT|2023-11-07|avian|B3.6
591,116,0.0390380859133803,-96.7769281273484,45.5131349385272,-96.8284149331678,45.49169053548,1.17168334288603,1.13264525697265,2023.81027698258,2023.84931506849,A/turkey/South_Dakota/23-034369-001/2023|H5N1|USA-SD|2023-11-07|avian|B3.6
591,117,0.0390380859133803,-96.7769281273484,45.5131349385272,-96.7621416013497,45.4639375770338,1.17168334288603,1.13264525697265,2023.81027698258,2023.84931506849,A/turkey/South_Dakota/23-034369-002/2023|H5N1|USA-SD|2023-11-07|avian|B3.6
903,449,0.0367953091820592,-109.708371564678,46.5675622173684,-110.002874951954,46.6252620488802,1.17168334288603,1.13488803370397,2023.81251975931,2023.84931506849,A/chicken/Montana/23-034346-005/2023|H5N1|USA-MT|2023-11-07|avian|B3.6
903,448,0.0367953091820592,-109.708371564678,46.5675622173684,-109.716397390221,46.6108739172619,1.17168334288603,1.13488803370397,2023.81251975931,2023.84931506849,A/chicken/Montana/23-034346-006/2023|H5N1|USA-MT|2023-11-07|avian|B3.6
961,529,0.0264112646466741,-94.9995423151645,44.5932968636674,-95.1742392067303,44.5654288623705,1.17168334288603,1.14527207823935,2023.82290380385,2023.84931506849,A/turkey/Minnesota/23-034438-002/2023|H5N1|USA-MN|2023-11-07|avian|B3.6
962,531,0.0252504887275986,-94.8833243298339,44.3384592205466,-94.8909824249238,44.3420750196279,1.17168334288603,1.14643285415843,2023.82406457977,2023.84931506849,A/turkey/Minnesota/23-034438-001/2023|H5N1|USA-MN|2023-11-07|avian|B3.6
1074,1075,0.0828318483752797,-94.6321159201369,45.4730053019494,-95.2891722212594,44.9461626478644,1.17264218616425,1.08981033778897,2023.7674420634,2023.85027391177,NA
709,177,0.0755105948614796,-109.645565558046,37.9880499195362,-109.040383544758,38.3432683367985,1.17442306891361,1.09891247405213,2023.77654419966,2023.85205479452,A/chicken/Colorado/23-034666-002/2023|H5N1|USA-CO|2023-11-08|avian|B3.6
709,178,0.0755105948614796,-109.645565558046,37.9880499195362,-108.876263300093,38.4937368836328,1.17442306891361,1.09891247405213,2023.77654419966,2023.85205479452,A/chicken/Colorado/23-034666-001/2023|H5N1|USA-CO|2023-11-08|avian|B3.6
1022,502,0.0624664171118952,-93.7242682734034,44.2117605946823,-93.4239963830139,41.831246267826,1.17442306891361,1.11195665180172,2023.78958837741,2023.85205479452,A/American_white_pelican/Iowa/23-034843-001/2023|H5N1|USA-IA|2023-11-08|avian|B3.6
838,317,0.0420691798869317,-99.0033689410731,45.3201035024094,-99.8504653990604,46.1488524770859,1.17442306891361,1.13235388902668,2023.80998561463,2023.85205479452,A/chicken/North_Dakota/23-034577-002/2023|H5N1|USA-ND|2023-11-08|avian|B3.6
838,318,0.0420691798869317,-99.0033689410731,45.3201035024094,-99.6267456673376,45.9886334060507,1.17442306891361,1.13235388902668,2023.80998561463,2023.85205479452,A/chicken/North_Dakota/23-034577-001/2023|H5N1|USA-ND|2023-11-08|avian|B3.6
839,309,0.0924596618483453,-94.6571725242425,40.0647659121587,-94.6493422438222,40.7517407144554,1.17716279494097,1.08470313309262,2023.7623348587,2023.85479452055,A/chicken/Iowa/23-034842-001/2023|H5N1|USA-IA|2023-11-09|avian|B3.6
839,310,0.0924596618483453,-94.6571725242425,40.0647659121587,-94.8399879354781,40.8086325587234,1.17716279494097,1.08470313309262,2023.7623348587,2023.85479452055,A/chicken/Iowa/23-034842-002/2023|H5N1|USA-IA|2023-11-09|avian|B3.6
715,82,0.0181297464872661,-111.567932319509,43.3958514452436,-111.300617483775,43.2435997103548,1.17716279494097,1.1590330484537,2023.83666477406,2023.85479452055,A/chicken/Idaho/23-034565-002/2023|H5N1|USA-ID|2023-11-09|avian|B3.6
715,83,0.0181297464872661,-111.567932319509,43.3958514452436,-111.421531464364,43.4047827314563,1.17716279494097,1.1590330484537,2023.83666477406,2023.85479452055,A/chicken/Idaho/23-034565-001/2023|H5N1|USA-ID|2023-11-09|avian|B3.6
1075,1076,0.00646179037517491,-95.2891722212594,44.9461626478644,-94.9922734879894,45.2864484681699,1.17910397653942,1.17264218616425,2023.85027391177,2023.85673570215,NA
1015,492,0.155834966398042,-98.0537635370345,43.9579213770549,-91.0588339782133,43.9224176417486,1.17990252096833,1.02406755457029,2023.70169928018,2023.85753424658,A/American_black_duck/Wisconsin/23-036678-012-original/2023|H5N1|USA-WI|2023-11-10|avian|B3.6
961,530,0.0401098947836884,-94.9995423151645,44.5932968636674,-95.1298579077164,44.4930769171839,1.18538197302304,1.14527207823935,2023.82290380385,2023.86301369863,A/turkey/Minnesota/23-034899-001/2023|H5N1|USA-MN|2023-11-12|avian|B3.6
962,532,0.0389491188646129,-94.8833243298339,44.3384592205466,-95.0053457606828,44.3804667243754,1.18538197302304,1.14643285415843,2023.82406457977,2023.86301369863,A/turkey/Minnesota/23-034899-002/2023|H5N1|USA-MN|2023-11-12|avian|B3.6
1075,381,0.0127397868587948,-95.2891722212594,44.9461626478644,-95.1906562178506,44.9452732050723,1.18538197302304,1.17264218616425,2023.85027391177,2023.86301369863,A/turkey/Minnesota/23-034904-001/2023|H5N1|USA-MN|2023-11-12|avian|B3.6
1076,380,0.00627799648361993,-94.9922734879894,45.2864484681699,-94.8654205354071,45.3317435195779,1.18538197302304,1.17910397653942,2023.85673570215,2023.86301369863,A/turkey/Minnesota/23-034904-002/2023|H5N1|USA-MN|2023-11-12|avian|B3.6
836,314,0.143634384193694,-97.3476681246312,46.2153070084618,-98.6033423619225,46.6182377588378,1.1881216990504,1.04448731485671,2023.72211904046,2023.86575342466,A/turkey/North_Dakota/23-035082-001/2023|H5N1|USA-ND|2023-11-13|avian|B3.6
836,315,0.143634384193694,-97.3476681246312,46.2153070084618,-98.531097060283,46.4124454968482,1.1881216990504,1.04448731485671,2023.72211904046,2023.86575342466,A/turkey/North_Dakota/23-035082-002/2023|H5N1|USA-ND|2023-11-13|avian|B3.6
612,126,0.0332803410169948,-122.373441856916,44.5097108604197,-122.288878767362,44.5015617873621,1.1881216990504,1.1548413580334,2023.83247308364,2023.86575342466,A/chicken/Oregon/23-035545-002/2023|H5N1|USA-OR|2023-11-13|avian|B3.6
612,127,0.0332803410169948,-122.373441856916,44.5097108604197,-122.489179405835,44.4876531955816,1.1881216990504,1.1548413580334,2023.83247308364,2023.86575342466,A/chicken/Oregon/23-035545-001/2023|H5N1|USA-OR|2023-11-13|avian|B3.6
682,683,0.0241012035232684,-123.909773441256,38.9610801140892,-123.47063671458,38.4622992977603,1.18859432555545,1.16449312203218,2023.84212484764,2023.86622605116,NA
742,743,0.0421141610513256,-94.6770781952116,45.5458129316724,-94.5107855437572,45.528875369203,1.19006415434019,1.14794999328886,2023.8255817189,2023.86769587995,NA
1002,403,0.170078768818783,-82.9029358460603,27.90960152985,-80.4898534418352,27.3301196374161,1.19086142507798,1.0207826562592,2023.69841438187,2023.86849315069,A/domestic_goose/Florida/23-035656-001/2023|H5N1|USA-FL|2023-11-14|avian|B3.6
573,19,0.149383818613166,-121.048101278764,51.5720642527798,-120.900577574624,51.193146611533,1.19086142507798,1.04147760646482,2023.71910933207,2023.86849315069,A/Canada_Goose/BC/AIVPHL-1402/2023|H5N1|Canada-BC|2023-11-14|avian|B3.6
613,129,0.105339133715662,-120.582725931763,44.0311881313239,-123.658866684037,50.2664224315438,1.19086142507798,1.08552229136232,2023.76315401697,2023.86849315069,A/Cackling_Goose/BC/AIVPHL-1412/2023|H5N1|Canada-BC|2023-11-14|avian|B3.6
609,125,0.0445879958153315,-122.853180809663,45.1461885101304,-122.204347205426,44.7931122739071,1.19086142507798,1.14627342926265,2023.82390515487,2023.86849315069,A/chicken/Oregon/23-035544-002/2023|H5N1|USA-OR|2023-11-14|avian|B3.6
609,124,0.0445879958153315,-122.853180809663,45.1461885101304,-122.504166039039,44.9157723087207,1.19086142507798,1.14627342926265,2023.82390515487,2023.86849315069,A/chicken/Oregon/23-035544-004/2023|H5N1|USA-OR|2023-11-14|avian|B3.6
574,16,0.0434074024032727,-123.3937160391,51.529524330331,-122.671579260647,52.3598998422982,1.19086142507798,1.14745402267471,2023.82508574828,2023.86849315069,A/Canada_Goose/BC/AIVPHL-1401/2023|H5N1|Canada-BC|2023-11-14|avian|B3.6
610,122,0.032152788605593,-122.95023429632,45.415519762257,-122.263094506579,44.7842366725811,1.19086142507798,1.15870863647239,2023.83634036208,2023.86849315069,A/chicken/Oregon/23-035544-005/2023|H5N1|USA-OR|2023-11-14|avian|B3.6
610,123,0.032152788605593,-122.95023429632,45.415519762257,-122.985047119863,45.24521849154,1.19086142507798,1.15870863647239,2023.83634036208,2023.86849315069,A/chicken/Oregon/23-035544-001/2023|H5N1|USA-OR|2023-11-14|avian|B3.6
554,9,0.0313929103229262,-92.0769043238151,42.2903547235413,-92.214349543735,42.2478466393951,1.19086142507798,1.15946851475506,2023.83710024036,2023.86849315069,A/chicken/Iowa/23-035546-001/2023|H5N1|USA-IA|2023-11-14|avian|B3.6
554,10,0.0313929103229262,-92.0769043238151,42.2903547235413,-92.0178819590219,42.2275898301484,1.19086142507798,1.15946851475506,2023.83710024036,2023.86849315069,A/chicken/Iowa/23-035546-002/2023|H5N1|USA-IA|2023-11-14|avian|B3.6
743,197,0.000797270737796119,-94.5107855437572,45.528875369203,-94.5078375542132,45.5310151194784,1.19086142507798,1.19006415434019,2023.86769587995,2023.86849315069,A/turkey/Minnesota/23-035616-001/2023|H5N1|USA-MN|2023-11-14|avian|B3.6
743,198,0.000797270737796119,-94.5107855437572,45.528875369203,-94.2048194360645,45.3863956112305,1.19086142507798,1.19006415434019,2023.86769587995,2023.86849315069,A/turkey/Minnesota/23-035616-002/2023|H5N1|USA-MN|2023-11-14|avian|B3.6
940,941,0.121361733189371,-121.637196401096,38.7019859138586,-120.367994470919,36.2879677299539,1.19289263580293,1.07153090261356,2023.74916262822,2023.87052436141,NA
958,959,0.0691168281588452,-95.3434230942343,44.9176588966417,-95.3202929132468,46.1223921943497,1.19305166863286,1.12393484047402,2023.80156656608,2023.87068339424,NA
880,881,0.032178309295793,-94.8614484201011,44.679853218296,-95.9846975195258,45.3463551670842,1.19309646299736,1.16091815370157,2023.83854987931,2023.8707281886,NA
846,303,0.117993698219889,-118.829957346505,37.7580628514403,-121.686688725436,38.3180684738259,1.19360115110534,1.07560745288545,2023.75323917849,2023.87123287671,A/northern_pintail/California/23-037849-010/2023|H5N1|USA-CA|2023-11-15|avian|B3.6
880,482,0.0326829974037741,-94.8614484201011,44.679853218296,-95.4134907664398,45.2936781350813,1.19360115110534,1.16091815370157,2023.83854987931,2023.87123287671,A/turkey/Minnesota/23-035802-003/2023|H5N1|USA-MN|2023-11-15|avian|B3.6
895,473,0.0215535042500445,-103.614836120539,43.129469363535,-103.466909485272,43.1801309750624,1.19360115110534,1.1720476468553,2023.84967937246,2023.87123287671,A/domestic_goose/South_Dakota/23-035811-003/2023|H5N1|USA-SD|2023-11-15|avian|B3.6
895,474,0.0215535042500445,-103.614836120539,43.129469363535,-103.639182024384,43.1418355045602,1.19360115110534,1.1720476468553,2023.84967937246,2023.87123287671,A/chicken/South_Dakota/23-035811-001/2023|H5N1|USA-SD|2023-11-15|avian|B3.6
941,417,0.000708515302412671,-120.367994470919,36.2879677299539,-120.614353527435,36.1876251901174,1.19360115110534,1.19289263580293,2023.87052436141,2023.87123287671,A/domestic_duck/California/23-036543-002/2023|H5N1|USA-CA|2023-11-15|avian|B3.6
941,418,0.000708515302412671,-120.367994470919,36.2879677299539,-120.457290964245,36.2421891879506,1.19360115110534,1.19289263580293,2023.87052436141,2023.87123287671,A/domestic_duck/California/23-036543-001/2023|H5N1|USA-CA|2023-11-15|avian|B3.6
881,483,0.000504688107981099,-95.9846975195258,45.3463551670842,-95.9426961807014,45.3357713100301,1.19360115110534,1.19309646299736,2023.8707281886,2023.87123287671,A/turkey/Minnesota/23-035802-002/2023|H5N1|USA-MN|2023-11-15|avian|B3.6
881,484,0.000504688107981099,-95.9846975195258,45.3463551670842,-95.7275228939946,45.364267947704,1.19360115110534,1.19309646299736,2023.8707281886,2023.87123287671,A/turkey/Minnesota/23-035802-001/2023|H5N1|USA-MN|2023-11-15|avian|B3.6
884,885,0.0378554950506413,-95.1473652889351,43.5139639708861,-95.0894085515828,44.294970963747,1.19373098111813,1.15587548606749,2023.83350721167,2023.87136270673,NA
683,684,0.00565611662340149,-123.47063671458,38.4622992977603,-123.179433654246,38.5344700225422,1.19425044217885,1.18859432555545,2023.86622605116,2023.87188216779,NA
682,695,0.0306815257702324,-123.909773441256,38.9610801140892,-123.958406366554,39.0433923004231,1.19517464780241,1.16449312203218,2023.84212484764,2023.87280637341,NA
754,755,0.136871682943384,-122.911625754463,52.6220772897726,-121.538678776363,53.6660897448697,1.19523109924837,1.05835941630498,2023.73599114191,2023.87286282486,NA
805,259,0.0308707680499261,-98.8045711222622,45.3432149341267,-99.4606379772786,45.3765458209318,1.1963408771327,1.16547010908277,2023.84310183469,2023.87397260274,A/turkey/South_Dakota/23-036553-002/2023|H5N1|USA-SD|2023-11-16|avian|B3.6
805,260,0.0308707680499261,-98.8045711222622,45.3432149341267,-98.8015557182925,45.3291001141138,1.1963408771327,1.16547010908277,2023.84310183469,2023.87397260274,A/turkey/South_Dakota/23-036553-001/2023|H5N1|USA-SD|2023-11-16|avian|B3.6
1044,1045,0.14060245369237,-85.4692400061571,39.1878766840141,-93.5299745586191,44.8191042537617,1.19724748583161,1.05664503213924,2023.73427675775,2023.87487921144,NA
1026,1027,0.00650864608356194,-86.0636091271183,40.1127632266072,-83.4585222247116,40.2035808711445,1.19759426502153,1.19108561893797,2023.86871734455,2023.87522599063,NA
1015,491,0.175013048589771,-98.0537635370345,43.9579213770549,-96.5335479501505,45.5062104343594,1.19908060316006,1.02406755457029,2023.70169928018,2023.87671232877,A/turkey/Minnesota/23-036744-001/2023|H5N1|USA-MN|2023-11-17|avian|B3.6
661,64,0.0521962468709414,-96.4797000644634,37.0871881355674,-95.8651613333157,36.9144552593211,1.19908060316006,1.14688435628912,2023.8245160819,2023.87671232877,A/gadwall/Oklahoma/23-038107-003-original/2023|H5N1|USA-OK|2023-11-17|avian|B3.6
1076,379,0.0199766266206343,-94.9922734879894,45.2864484681699,-94.9718616935131,45.1629305262089,1.19908060316006,1.17910397653942,2023.85673570215,2023.87671232877,A/turkey/Minnesota/23-036745-001/2023|H5N1|USA-MN|2023-11-17|avian|B3.6
1040,355,0.0147656842306527,-97.9230524774352,44.8965118691217,-97.8535354523898,44.9205965252587,1.19908060316006,1.1843149189294,2023.86194664454,2023.87671232877,A/turkey/South_Dakota/23-036675-002/2023|H5N1|USA-SD|2023-11-17|avian|B3.6
768,192,0.000506128774046211,-98.3871620018745,44.2638189299008,-98.4707327490126,44.3110542287205,1.19908060316006,1.19857447438601,2023.87620619999,2023.87671232877,A/turkey/South_Dakota/23-036674-001/2023|H5N1|USA-SD|2023-11-17|avian|B3.6
676,677,0.0630987509748908,-123.358639161322,38.2528226290501,-122.864129588322,37.9045093709979,1.19985183488974,1.13675308391485,2023.81438480952,2023.8774835605,NA
1027,1028,0.00287005008283847,-83.4585222247116,40.2035808711445,-83.5420141063279,40.2836040800579,1.20046431510437,1.19759426502153,2023.87522599063,2023.87809604071,NA
1026,1030,0.00946852785752861,-86.0636091271183,40.1127632266072,-84.6110309691555,40.246379485804,1.2005541467955,1.19108561893797,2023.86871734455,2023.8781858724,NA
885,886,0.00700949232146719,-95.0894085515828,44.294970963747,-94.2620060013481,44.1888863307939,1.20074047343959,1.19373098111813,2023.87136270673,2023.87837219905,NA
993,994,0.155993147387278,-98.7927152678987,40.881207955015,-102.802957958729,38.0464737117895,1.20152153952851,1.04552839214123,2023.72316011775,2023.87915326514,NA
1002,402,0.181037672928212,-82.9029358460603,27.90960152985,-80.7538797180376,28.3989712182271,1.20182032918741,1.0207826562592,2023.69841438187,2023.87945205479,A/blue-winged_teal/Florida/23-038112-008-original/2023|H5N1|USA-FL|2023-11-18|avian|B3.6
1004,399,0.123261577159713,-80.7301806458505,28.118998394614,-80.8605608971985,28.1296066419554,1.20182032918741,1.0785587520277,2023.75619047763,2023.87945205479,A/blue-winged_teal/Florida/23-038112-061-original/2023|H5N1|USA-FL|2023-11-18|avian|B3.6
1004,400,0.123261577159713,-80.7301806458505,28.118998394614,-80.888944153019,28.5491656832007,1.20182032918741,1.0785587520277,2023.75619047763,2023.87945205479,A/blue-winged_teal/Florida/23-038112-033-original/2023|H5N1|USA-FL|2023-11-18|avian|B3.6
1040,354,0.0175054102580101,-97.9230524774352,44.8965118691217,-97.6273020894406,44.7712672038846,1.20182032918741,1.1843149189294,2023.86194664454,2023.87945205479,A/turkey/South_Dakota/23-036675-001/2023|H5N1|USA-SD|2023-11-18|avian|B3.6
1027,508,0.004226064165882,-83.4585222247116,40.2035808711445,-83.497572936161,40.1360505893561,1.20182032918741,1.19759426502153,2023.87522599063,2023.87945205479,A/chicken/Ohio/23-036779-002/2023|H5N1|USA-OH|2023-11-18|avian|B3.6
617,113,0.00208100775858266,-98.3201845098071,44.7630351501282,-97.7059612929407,44.9712928482666,1.20182032918741,1.19973932142883,2023.87737104704,2023.87945205479,A/turkey/South_Dakota/23-036676-002/2023|H5N1|USA-SD|2023-11-18|avian|B3.6
1028,505,0.00135601408304353,-83.5420141063279,40.2836040800579,-83.4255161363491,40.1831053608179,1.20182032918741,1.20046431510437,2023.87809604071,2023.87945205479,A/chicken/Ohio/23-036779-001/2023|H5N1|USA-OH|2023-11-18|avian|B3.6
945,946,0.00782945092320975,-92.2418788453434,44.0732844905288,-91.3459179153738,44.1990776967292,1.20295737070471,1.1951279197815,2023.87275964539,2023.88058909631,NA
919,920,0.044872161761754,-122.582974292569,38.9905480968042,-121.438138156509,38.1195592689042,1.20372160889855,1.15884944713679,2023.83648117274,2023.88135333451,NA
677,679,0.0039052433882798,-122.864129588322,37.9045093709979,-122.136084395442,37.9682678192506,1.20375707827802,1.19985183488974,2023.8774835605,2023.88138880389,NA
981,982,0.00845584850559744,-95.4852957101858,46.2043747393663,-95.3117395924651,46.1375372961811,1.20441969576964,1.19596384726404,2023.87359557287,2023.88205142138,NA
884,480,0.0486845691472859,-95.1473652889351,43.5139639708861,-94.673499598655,44.3328755424514,1.20456005521477,1.15587548606749,2023.83350721167,2023.88219178082,A/turkey/Minnesota/23-036742-002/2023|H5N1|USA-MN|2023-11-19|avian|B3.6
959,528,0.011508386581907,-95.3202929132468,46.1223921943497,-95.8075521290478,46.5315184072008,1.20456005521477,1.19305166863286,2023.87068339424,2023.88219178082,A/turkey/Minnesota/23-036929-001/2023|H5N1|USA-MN|2023-11-19|avian|B3.6
768,191,0.005985580828761,-98.3871620018745,44.2638189299008,-98.4410621016609,44.2610981226741,1.20456005521477,1.19857447438601,2023.87620619999,2023.88219178082,A/turkey/South_Dakota/23-036674-002/2023|H5N1|USA-SD|2023-11-19|avian|B3.6
1023,500,0.00271326938625283,-97.3421967389805,44.3681881435036,-97.3219773482403,44.3988728792093,1.20456005521477,1.20184678582852,2023.87947851144,2023.88219178082,A/turkey/South_Dakota/23-036673-001/2023|H5N1|USA-SD|2023-11-19|avian|B3.6
1023,501,0.00271326938625283,-97.3421967389805,44.3681881435036,-97.2551698227904,44.4076468071859,1.20456005521477,1.20184678582852,2023.87947851144,2023.88219178082,A/turkey/South_Dakota/23-036673-002/2023|H5N1|USA-SD|2023-11-19|avian|B3.6
677,678,0.00526247213986997,-122.864129588322,37.9045093709979,-122.869670279918,37.9302469477846,1.20511430702961,1.19985183488974,2023.8774835605,2023.88274603264,NA
679,681,0.00318608400976772,-122.136084395442,37.9682678192506,-122.326013827573,38.1570700904116,1.20694316228778,1.20375707827802,2023.88138880389,2023.88457488789,NA
671,101,0.151590853639241,-122.02653743337,49.8766348820127,-120.286088157686,49.7677474851618,1.20729978124236,1.05570892760311,2023.73334065321,2023.88493150685,A/American_Wigeon/BC/AIVPHL-1421/2023|H5N1|Canada-BC|2023-11-20|avian|B3.6
754,217,0.148940364937375,-122.911625754463,52.6220772897726,-127.299978685571,53.0048646436848,1.20729978124236,1.05835941630498,2023.73599114191,2023.88493150685,A/American_Crow/BC/AIVPHL-1424/2023|H5N1|Canada-BC|2023-11-20|avian|B3.6
755,219,0.0120686819939908,-121.538678776363,53.6660897448697,-124.020428501632,56.0282361077214,1.20729978124236,1.19523109924837,2023.87286282486,2023.88493150685,A/American_Crow/BC/AIVPHL-1425/2023|H5N1|Canada-BC|2023-11-20|avian|B3.6
802,239,0.00761128135961564,-99.0862233067263,43.7414597874812,-99.0560507421208,43.6249810676862,1.20729978124236,1.19968849988274,2023.87732022549,2023.88493150685,A/turkey/South_Dakota/23-036898-001/2023|H5N1|USA-SD|2023-11-20|avian|B3.6
802,240,0.00761128135961564,-99.0862233067263,43.7414597874812,-99.06509453597,43.7373840444929,1.20729978124236,1.19968849988274,2023.87732022549,2023.88493150685,A/turkey/South_Dakota/23-036898-002/2023|H5N1|USA-SD|2023-11-20|avian|B3.6
617,114,0.00756045981352482,-98.3201845098071,44.7630351501282,-97.8025154047739,44.657726777349,1.20729978124236,1.19973932142883,2023.87737104704,2023.88493150685,A/turkey/South_Dakota/23-036676-001/2023|H5N1|USA-SD|2023-11-20|avian|B3.6
886,479,0.00655930780276193,-94.2620060013481,44.1888863307939,-94.432152532526,44.1292424735215,1.20729978124236,1.20074047343959,2023.87837219905,2023.88493150685,A/turkey/Minnesota/23-036742-003/2023|H5N1|USA-MN|2023-11-20|avian|B3.6
946,444,0.00434241053764683,-91.3459179153738,44.1990776967292,-91.2876059326362,44.1659151631845,1.20729978124236,1.20295737070471,2023.88058909631,2023.88493150685,A/turkey/Wisconsin/23-036896-002/2023|H5N1|USA-WI|2023-11-20|avian|B3.6
946,445,0.00434241053764683,-91.3459179153738,44.1990776967292,-91.3190794626647,44.1691708324715,1.20729978124236,1.20295737070471,2023.88058909631,2023.88493150685,A/turkey/Wisconsin/23-036896-001/2023|H5N1|USA-WI|2023-11-20|avian|B3.6
661,662,0.0609777568664864,-96.4797000644634,37.0871881355674,-95.8443976166871,36.6133352023795,1.2078621131556,1.14688435628912,2023.8245160819,2023.88549383876,NA
920,921,0.00431265119531177,-121.438138156509,38.1195592689042,-121.213769558442,37.9458078192457,1.20803426009386,1.20372160889855,2023.88135333451,2023.8856659857,NA
945,947,0.0130469410393839,-92.2418788453434,44.0732844905288,-91.3593786199945,44.6026095250777,1.20817486082088,1.1951279197815,2023.87275964539,2023.88580658643,NA
1030,1031,0.00780804325701312,-84.6110309691555,40.246379485804,-84.6097137526268,40.2293077002126,1.20836219005251,1.2005541467955,2023.8781858724,2023.88599391566,NA
1044,344,0.153394475130478,-85.4692400061571,39.1878766840141,-90.7762605381411,30.5357910932875,1.21003950726971,1.05664503213924,2023.73427675775,2023.88767123288,A/Canada_goose/Louisiana/W23-902/2023|H5N1|USA-LA|2023-11-21|avian|B3.6
1074,382,0.120229169480746,-94.6321159201369,45.4730053019494,-94.9371617219451,45.0339556571108,1.21003950726971,1.08981033778897,2023.7674420634,2023.88767123288,A/turkey/Minnesota/23-037039-001/2023|H5N1|USA-MN|2023-11-21|avian|B3.6
982,459,0.00561981150007451,-95.3117395924651,46.1375372961811,-95.8743346264951,46.1134227152294,1.21003950726971,1.20441969576964,2023.88205142138,2023.88767123288,A/turkey/Minnesota/23-037040-001/2023|H5N1|USA-MN|2023-11-21|avian|B3.6
982,458,0.00561981150007451,-95.3117395924651,46.1375372961811,-95.6086241596213,46.348957253768,1.21003950726971,1.20441969576964,2023.88205142138,2023.88767123288,A/turkey/Minnesota/23-037040-002/2023|H5N1|USA-MN|2023-11-21|avian|B3.6
662,65,0.00217739411411189,-95.8443976166871,36.6133352023795,-95.935914063167,36.5483329870203,1.21003950726971,1.2078621131556,2023.88549383876,2023.88767123288,A/gadwall/Oklahoma/23-038104-008-original/2023|H5N1|USA-OK|2023-11-21|avian|B3.6
662,66,0.00217739411411189,-95.8443976166871,36.6133352023795,-95.9153450966652,36.6187933446111,1.21003950726971,1.2078621131556,2023.88549383876,2023.88767123288,A/gadwall/Oklahoma/23-038104-007-original/2023|H5N1|USA-OK|2023-11-21|avian|B3.6
1031,1032,0.00204268395019214,-84.6097137526268,40.2293077002126,-84.447797612566,40.199842517387,1.2104048740027,1.20836219005251,2023.88599391566,2023.88803659961,NA
630,631,0.13186510144439,-103.918232118479,41.4089149659025,-103.695059880127,40.164037387072,1.21195609832094,1.08009099687655,2023.75772272248,2023.88958782393,NA
809,270,0.192522431793416,-97.4112712826358,45.154279410014,-96.9372219452517,41.6689582828175,1.21277923329707,1.02025680150365,2023.69788852711,2023.8904109589,A/chicken/Nebraska/23-037257-001/2023|H5N1|USA-NE|2023-11-22|avian|B3.6
883,475,0.00917366732116598,-91.5197176412779,44.2675479622527,-91.2168205051568,44.3189006833112,1.21277923329707,1.2036055659759,2023.88123729158,2023.8904109589,A/turkey/Wisconsin/23-037129-002/2023|H5N1|USA-WI|2023-11-22|avian|B3.6
883,476,0.00917366732116598,-91.5197176412779,44.2675479622527,-91.5062864700145,44.2701136119026,1.21277923329707,1.2036055659759,2023.88123729158,2023.8904109589,A/turkey/Wisconsin/23-037129-001/2023|H5N1|USA-WI|2023-11-22|avian|B3.6
812,266,0.00612115508996602,-93.4454206741354,43.60209815249,-93.4810505764581,43.6247280736327,1.21277923329707,1.2066580782071,2023.88428980381,2023.8904109589,A/chicken/Minnesota/23-037030-002/2023|H5N1|USA-MN|2023-11-22|avian|B3.6
812,267,0.00612115508996602,-93.4454206741354,43.60209815249,-93.2531343412056,43.6945080142532,1.21277923329707,1.2066580782071,2023.88428980381,2023.8904109589,A/chicken/Minnesota/23-037030-001/2023|H5N1|USA-MN|2023-11-22|avian|B3.6
681,150,0.00583607100928707,-122.326013827573,38.1570700904116,-123.041536029264,38.3148781917301,1.21277923329707,1.20694316228778,2023.88457488789,2023.8904109589,A/Pekin_duck/California/23-037131-001/2023|H5N1|USA-CA|2023-11-22|avian|B3.6
681,168,0.00583607100928707,-122.326013827573,38.1570700904116,-122.439653666155,38.1289959209654,1.21277923329707,1.20694316228778,2023.88457488789,2023.8904109589,A/Pekin_duck/California/23-037131-002/2023|H5N1|USA-CA|2023-11-22|avian|B3.6
630,632,0.132769371053873,-103.918232118479,41.4089149659025,-93.9720501058014,36.5797285004341,1.21286036793043,1.08009099687655,2023.75772272248,2023.89049209354,NA
985,986,0.0645752287223551,-86.923584888377,41.8795874433745,-85.938826706065,41.7849877595918,1.21393350329509,1.14935827457273,2023.82699000018,2023.8915652289,NA
632,633,0.00121591251143727,-93.9720501058014,36.5797285004341,-94.1785852542507,36.5670387672219,1.21407628044186,1.21286036793043,2023.89049209354,2023.89170800605,NA
683,685,0.0269031395830994,-123.47063671458,38.4622992977603,-123.478512835552,38.4680332947014,1.21549746513855,1.18859432555545,2023.86622605116,2023.89312919075,NA
885,478,0.0217879782063013,-95.0894085515828,44.294970963747,-94.8106924640244,44.2524459005765,1.21551895932443,1.19373098111813,2023.87136270673,2023.89315068493,A/turkey/Minnesota/23-037134-002/2023|H5N1|USA-MN|2023-11-23|avian|B3.6
886,477,0.0147784858848341,-94.2620060013481,44.1888863307939,-94.556200770062,44.3688150675623,1.21551895932443,1.20074047343959,2023.87837219905,2023.89315068493,A/turkey/Minnesota/23-037134-001/2023|H5N1|USA-MN|2023-11-23|avian|B3.6
921,922,0.00968773359796771,-121.213769558442,37.9458078192457,-121.671575464939,37.9223024029517,1.21772199369183,1.20803426009386,2023.8856659857,2023.8953537193,NA
959,527,0.0252070167189213,-95.3202929132468,46.1223921943497,-96.0209062955256,46.4217748521855,1.21825868535179,1.19305166863286,2023.87068339424,2023.89589041096,A/turkey/Minnesota/23-037473-001/2023|H5N1|USA-MN|2023-11-24|avian|B3.6
840,305,0.0222817818607868,-99.0863782708353,45.7139751423405,-98.9375707505076,45.6480431005948,1.21825868535179,1.195976903491,2023.8736086291,2023.89589041096,A/turkey/South_Dakota/23-037251-002/2023|H5N1|USA-SD|2023-11-24|avian|B3.6
840,306,0.0222817818607868,-99.0863782708353,45.7139751423405,-98.9466479990184,45.7863527423919,1.21825868535179,1.195976903491,2023.8736086291,2023.89589041096,A/turkey/South_Dakota/23-037251-001/2023|H5N1|USA-SD|2023-11-24|avian|B3.6
1054,357,0.0110866140005639,-95.2494955652482,46.1523067337508,-95.276048171569,46.0158046962476,1.21825868535179,1.20717207135122,2023.88480379696,2023.89589041096,A/turkey/Minnesota/23-037474-001/2023|H5N1|USA-MN|2023-11-24|avian|B3.6
1054,358,0.0110866140005639,-95.2494955652482,46.1523067337508,-95.368606081007,46.0056065408238,1.21825868535179,1.20717207135122,2023.88480379696,2023.89589041096,A/turkey/Minnesota/23-037474-002/2023|H5N1|USA-MN|2023-11-24|avian|B3.6
947,446,0.0100838245309023,-91.3593786199945,44.6026095250777,-91.2716527153529,44.3374757354533,1.21825868535179,1.20817486082088,2023.88580658643,2023.89589041096,A/turkey/Wisconsin/23-037410-001/2023|H5N1|USA-WI|2023-11-24|avian|B3.6
922,926,0.00156709052533066,-121.671575464939,37.9223024029517,-121.575240234502,37.9163009747457,1.21928908421716,1.21772199369183,2023.8953537193,2023.89692080982,NA
632,635,0.00660909240489094,-93.9720501058014,36.5797285004341,-93.6702716397972,36.0628611077658,1.21946946033532,1.21286036793043,2023.89049209354,2023.89710118594,NA
1043,349,0.194685621746547,-85.8320226071428,39.8266553772008,-80.6942844383035,27.9128167275598,1.22099841137937,1.02631278963282,2023.70394451524,2023.89863013699,A/ring-necked_duck/Florida/23-038109-032-original/2023|H5N1|USA-FL|2023-11-25|avian|B3.6
1022,503,0.109041759577653,-93.7242682734034,44.2117605946823,-80.833619811021,28.5763230289257,1.22099841137937,1.11195665180172,2023.78958837741,2023.89863013699,A/blue-winged_teal/Florida/23-038109-006-original/2023|H5N1|USA-FL|2023-11-25|avian|B3.6
891,487,0.0905310013177898,-81.7568985523132,33.7788826891493,-80.9066247713069,32.9798163881108,1.22099841137937,1.13046741006158,2023.80809913567,2023.89863013699,A/green-winged_teal/South_Carolina/23-037736-010-original/2023|H5N1|USA-SC|2023-11-25|avian|B3.6
891,488,0.0905310013177898,-81.7568985523132,33.7788826891493,-80.9850710627159,33.043854245715,1.22099841137937,1.13046741006158,2023.80809913567,2023.89863013699,A/green-winged_teal/South_Carolina/23-037736-011-original/2023|H5N1|USA-SC|2023-11-25|avian|B3.6
947,447,0.0128235505584871,-91.3593786199945,44.6026095250777,-91.3289223123722,44.5226807250943,1.22099841137937,1.20817486082088,2023.88580658643,2023.89863013699,A/turkey/Wisconsin/23-037243-001/2023|H5N1|USA-WI|2023-11-25|avian|B3.6
679,680,0.0174310676917266,-122.136084395442,37.9682678192506,-122.856097114778,38.4939853741083,1.22118814596974,1.20375707827802,2023.88138880389,2023.89881987158,NA
921,934,0.0140173677767661,-121.213769558442,37.9458078192457,-120.877476230497,37.3165455068811,1.22205162787063,1.20803426009386,2023.8856659857,2023.89968335348,NA
981,983,0.0267198823763008,-95.4852957101858,46.2043747393663,-96.113536496942,46.9643536735003,1.22268372964034,1.19596384726404,2023.87359557287,2023.90031545525,NA
920,936,0.0194886425952423,-121.438138156509,38.1195592689042,-121.13332087113,37.9515970935234,1.22321025149379,1.20372160889855,2023.88135333451,2023.9008419771,NA
977,978,0.028835464008746,-91.8695677251874,45.5615714370858,-92.0137768562498,45.6359022993021,1.22340198890209,1.19456652489334,2023.8721982505,2023.90103371451,NA
983,984,0.00164966380837384,-96.113536496942,46.9643536735003,-96.1073177750869,46.959515023679,1.22433339344872,1.22268372964034,2023.90031545525,2023.90196511906,NA
934,935,0.00291332861823879,-120.877476230497,37.3165455068811,-121.031659435531,37.3293368322054,1.22496495648886,1.22205162787063,2023.89968335348,2023.9025966821,NA
631,41,0.0145217651131428,-103.695059880127,40.164037387072,-103.521758002898,40.2061779605304,1.22647786343409,1.21195609832094,2023.88958782393,2023.90410958904,A/chicken/Colorado/23-037463-001/2023|H5N1|USA-CO|2023-11-27|avian|B3.6
631,42,0.0145217651131428,-103.695059880127,40.164037387072,-103.662563153518,40.2652755921774,1.22647786343409,1.21195609832094,2023.88958782393,2023.90410958904,A/chicken/Colorado/23-037463-002/2023|H5N1|USA-CO|2023-11-27|avian|B3.6
633,45,0.0124015829922224,-94.1785852542507,36.5670387672219,-93.5178979854306,36.2122999960905,1.22647786343408,1.21407628044186,2023.89170800605,2023.90410958904,A/chicken/Arkansas/23-037422-002/2023|H5N1|USA-AR|2023-11-27|avian|B3.6
635,44,0.00700840309876893,-93.6702716397972,36.0628611077658,-93.4028486556416,36.446764394624,1.22647786343409,1.21946946033532,2023.89710118594,2023.90410958904,A/chicken/Arkansas/23-037422-001/2023|H5N1|Arkansas|2023-11-27|avian|B3.6
984,455,0.00214446998536899,-96.1073177750869,46.959515023679,-95.872557464565,46.9508260033129,1.22647786343409,1.22433339344872,2023.90196511906,2023.90410958904,A/turkey/Minnesota/23-037472-001/2023|H5N1|USA-MN|2023-11-27|avian|B3.6
984,457,0.00214446998536899,-96.1073177750869,46.959515023679,-96.1041952177573,46.9675305849832,1.22647786343409,1.22433339344872,2023.90196511906,2023.90410958904,A/turkey/Minnesota/23-037472-003/2023|H5N1|USA-MN|2023-11-27|avian|B3.6
936,939,0.00402591236105243,-121.13332087113,37.9515970935234,-120.920657058875,37.7062401916317,1.22723616385484,1.22321025149379,2023.9008419771,2023.90486788946,NA
936,937,0.00568114085950988,-121.13332087113,37.9515970935234,-121.203306176006,37.4286285636656,1.2288913923533,1.22321025149379,2023.9008419771,2023.90652311796,NA
926,931,0.00967564544847432,-121.575240234502,37.9163009747457,-121.083483029076,37.4227863449297,1.22896472966563,1.21928908421716,2023.89692080982,2023.90659645527,NA
804,241,0.126459895994143,-109.400443556244,47.3463462981475,-112.755643601363,46.9278827450131,1.22921758946144,1.1027576934673,2023.78038941907,2023.90684931507,A/chicken/Montana/23-037612-002/2023|H5N1|USA-MT|2023-11-28|avian|B3.6
684,155,0.0349671472825919,-123.179433654246,38.5344700225422,-123.398311007902,38.7350758727389,1.22921758946144,1.19425044217885,2023.87188216779,2023.90684931507,A/chicken/California/23-037680-001/2023|H5N1|USA-CA|2023-11-28|avian|B3.6
684,156,0.0349671472825919,-123.179433654246,38.5344700225422,-123.095190543098,38.4638371711716,1.22921758946144,1.19425044217885,2023.87188216779,2023.90684931507,A/chicken/California/23-037680-002/2023|H5N1|USA-CA|2023-11-28|avian|B3.6
695,153,0.0340429416590293,-123.958406366554,39.0433923004231,-123.084247767034,38.751371518839,1.22921758946144,1.19517464780241,2023.87280637341,2023.90684931507,A/chicken/California/23-037848-001/2023|H5N1|USA-CA|2023-11-28|avian|B3.6
695,154,0.0340429416590293,-123.958406366554,39.0433923004231,-122.582478676309,38.4358702447236,1.22921758946144,1.19517464780241,2023.87280637341,2023.90684931507,A/chicken/California/23-037848-002/2023|H5N1|USA-CA|2023-11-28|avian|B3.6
994,396,0.0276960499329371,-102.802957958729,38.0464737117895,-103.240495703958,37.8973829959363,1.22921758946144,1.20152153952851,2023.87915326514,2023.90684931507,A/pheasant/Colorado/23-037672-002/2023|H5N1|USA-CO|2023-11-28|avian|B3.6
994,397,0.0276960499329371,-102.802957958729,38.0464737117895,-102.793561567804,37.9506844700032,1.22921758946144,1.20152153952851,2023.87915326514,2023.90684931507,A/domestic_duck/Colorado/23-037672-001/2023|H5N1|USA-CO|2023-11-28|avian|B3.6
635,43,0.00974812912612633,-93.6702716397972,36.0628611077658,-94.2547005397735,35.9835990587703,1.22921758946144,1.21946946033532,2023.89710118594,2023.90684931507,A/chicken/Arkansas/23-037636-002/2023|H5N1|Arkansas|2023-11-28|avian|B3.6
1032,1034,0.0193342036789788,-84.447797612566,40.199842517387,-84.4694817159681,40.2039945278347,1.22973907768168,1.2104048740027,2023.88803659961,2023.90737080329,NA
985,466,0.0825990409160691,-86.923584888377,41.8795874433745,-84.0093865988355,43.762074296787,1.2319573154888,1.14935827457273,2023.82699000018,2023.9095890411,A/chicken/Michigan/23-037817-001/2023|H5N1|USA-MI|2023-11-29|avian|B3.6
648,80,0.0215904548406409,-93.5561349983512,35.4139358691835,-93.4808442387868,35.4731097732486,1.2319573154888,1.21036686064816,2023.88799858626,2023.9095890411,A/chicken/Arkansas/23-037987-001/2023|H5N1|Arkansas|2023-11-29|avian|B3.6
648,81,0.0215904548406409,-93.5561349983512,35.4139358691835,-93.4150471571518,35.4821493612394,1.2319573154888,1.21036686064816,2023.88799858626,2023.9095890411,A/chicken/Arkansas/23-037987-002/2023|H5N1|Arkansas|2023-11-29|avian|B3.6
1034,513,0.00221823780711761,-84.4694817159681,40.2039945278347,-84.4807992630847,40.1713159822508,1.2319573154888,1.22973907768168,2023.90737080329,2023.9095890411,A/turkey/Ohio/23-037782-001/2023|H5N1|USA-OH|2023-11-29|avian|B3.6
1034,514,0.00221823780711761,-84.4694817159681,40.2039945278347,-84.5046207977381,40.200157787274,1.2319573154888,1.22973907768168,2023.90737080329,2023.9095890411,A/turkey/Ohio/23-037782-002/2023|H5N1|USA-OH|2023-11-29|avian|B3.6
922,923,0.0145734326396769,-121.671575464939,37.9223024029517,-121.481121102472,37.3177296259124,1.2322954263315,1.21772199369183,2023.8953537193,2023.90992715194,NA
1028,1029,0.0325937766497926,-83.5420141063279,40.2836040800579,-83.4933844278551,40.6561858652389,1.23305809175416,1.20046431510437,2023.87809604071,2023.91068981736,NA
848,850,0.128788518175887,-117.359406373042,37.4193174942255,-120.775858991586,37.9267323634565,1.2340861470268,1.10529762885091,2023.78292935446,2023.91171787263,NA
1032,1033,0.0241761289351963,-84.447797612566,40.199842517387,-84.1781717292575,40.0340239969697,1.2345810029379,1.2104048740027,2023.88803659961,2023.91221272855,NA
833,311,0.0125155165272202,-99.5053325380809,45.5624397948459,-99.66177116295,45.8083635826517,1.23469704151616,1.22218152498894,2023.8998132506,2023.91232876712,A/turkey/South_Dakota/23-037957-002/2023|H5N1|USA-SD|2023-11-30|avian|B3.6
833,312,0.0125155165272202,-99.5053325380809,45.5624397948459,-99.6117132317548,45.7994225655894,1.23469704151616,1.22218152498894,2023.8998132506,2023.91232876712,A/turkey/South_Dakota/23-037957-001/2023|H5N1|USA-SD|2023-11-30|avian|B3.6
978,462,0.0112950526140674,-92.0137768562498,45.6359022993021,-92.1037952377303,45.5056380107554,1.23469704151616,1.22340198890209,2023.90103371451,2023.91232876712,A/turkey/Wisconsin/23-037959-002/2023|H5N1|USA-WI|2023-11-30|avian|B3.6
978,461,0.0112950526140674,-92.0137768562498,45.6359022993021,-91.7346253434128,45.3174653817218,1.23469704151616,1.22340198890209,2023.90103371451,2023.91232876712,A/turkey/Wisconsin/23-037959-001/2023|H5N1|USA-WI|2023-11-30|avian|B3.6
685,686,0.0194575026822359,-123.478512835552,38.4680332947014,-122.980296415053,38.6064422392241,1.23495496782078,1.21549746513855,2023.89312919075,2023.91258669343,NA
792,793,0.0105312944654561,-99.8296281998596,45.3599740819094,-99.4395531297689,45.3568897028452,1.23614786522085,1.22561657075539,2023.90324829636,2023.91377959083,NA
993,398,0.191908375402515,-98.7927152678987,40.881207955015,-97.7651264168216,44.2152051333373,1.23743676754374,1.04552839214123,2023.72316011775,2023.91506849315,A/chicken/South_Dakota/23-038240-001/2023|H5N1|USA-SD|2023-12-01|avian|B3.6
669,96,0.0858775810347108,-121.902608839427,49.3864251132467,-122.244693065571,49.9252477152477,1.23743676754374,1.15155918650903,2023.82919091212,2023.91506849315,A/American_Crow/BC/AIVPHL-1471/2023|H5N1|Canada-BC|2023-12-01|avian|B3.6
755,218,0.0422056682953769,-121.538678776363,53.6660897448697,-116.088946065134,51.1766275650155,1.23743676754374,1.19523109924837,2023.87286282486,2023.91506849315,A/American_Crow/BC/AIVPHL-1469/2023|H5N1|Canada-BC|2023-12-01|avian|B3.6
934,434,0.0153851396731168,-120.877476230497,37.3165455068811,-121.007268006421,37.4080233168669,1.23743676754374,1.22205162787063,2023.89968335348,2023.91506849315,A/chicken/California/23-038158-001/2023|H5N1|USA-CA|2023-12-01|avian|B3.6
935,433,0.012471811054878,-121.031659435531,37.3293368322054,-121.266042593801,37.2379437257364,1.23743676754374,1.22496495648886,2023.9025966821,2023.91506849315,A/chicken/California/23-038158-003/2023|H5N1|USA-CA|2023-12-01|avian|B3.6
935,432,0.012471811054878,-121.031659435531,37.3293368322054,-121.124932836088,37.4282913789004,1.23743676754374,1.22496495648886,2023.9025966821,2023.91506849315,A/chicken/California/23-038158-005/2023|H5N1|USA-CA|2023-12-01|avian|B3.6
937,938,0.00902940882294878,-121.203306176006,37.4286285636656,-121.710775986861,37.0700461098361,1.23792080117625,1.2288913923533,2023.90652311796,2023.91555252678,NA
923,925,0.00614945468964723,-121.481121102472,37.3177296259124,-120.557447374986,37.1767590159924,1.23844488102115,1.2322954263315,2023.90992715194,2023.91607660663,NA
809,271,0.219919692067445,-97.4112712826358,45.154279410014,-96.0001832650103,46.2847214184438,1.2401764935711,1.02025680150365,2023.69788852711,2023.91780821918,A/turkey/Minnesota/23-038114-001/2023|H5N1|USA-MN|2023-12-02|avian|B3.6
983,456,0.0174927639307572,-96.113536496942,46.9643536735003,-94.8939670967563,46.5506390920524,1.2401764935711,1.22268372964034,2023.90031545525,2023.91780821918,A/turkey/Minnesota/23-038363-001/2023|H5N1|USA-MN|2023-12-02|avian|B3.6
939,435,0.0129403297162574,-120.920657058875,37.7062401916317,-121.338658270568,37.5264056621776,1.2401764935711,1.22723616385484,2023.90486788946,2023.91780821918,A/chicken/California/23-038157-003/2023|H5N1|USA-CA|2023-12-02|avian|B3.6
939,438,0.0129403297162574,-120.920657058875,37.7062401916317,-121.171665508414,37.6745520566581,1.2401764935711,1.22723616385484,2023.90486788946,2023.91780821918,A/chicken/California/23-038157-005/2023|H5N1|USA-CA|2023-12-02|avian|B3.6
937,439,0.0112851012177999,-121.203306176006,37.4286285636656,-121.089456700523,37.415435968834,1.2401764935711,1.2288913923533,2023.90652311796,2023.91780821918,A/chicken/California/23-038157-001/2023|H5N1|USA-CA|2023-12-02|avian|B3.6
685,694,0.0255132665734374,-123.478512835552,38.4680332947014,-122.799693557687,38.2804936274351,1.24101073171199,1.21549746513855,2023.89312919075,2023.91864245732,NA
633,634,0.0269525552545011,-94.1785852542507,36.5670387672219,-93.9699196408555,35.9000967514158,1.24102883569636,1.21407628044186,2023.89170800605,2023.9186605613,NA
821,323,0.0306797441700866,-98.6545360080607,45.1570421157633,-98.1567877926105,45.0253704264812,1.24291621959846,1.21223647542837,2023.88986820104,2023.92054794521,A/turkey/South_Dakota/23-038246-002/2023|H5N1|USA-SD|2023-12-03|avian|B3.6
821,324,0.0306797441700866,-98.6545360080607,45.1570421157633,-98.5190146867818,45.0983998415421,1.24291621959846,1.21223647542837,2023.88986820104,2023.92054794521,A/turkey/South_Dakota/23-038246-001/2023|H5N1|USA-SD|2023-12-03|avian|B3.6
694,157,0.00190548788647082,-122.799693557687,38.2804936274351,-122.782952553849,38.2899197575608,1.24291621959846,1.24101073171199,2023.91864245732,2023.92054794521,A/chicken/California/23-038356-001/2023|H5N1|USA-CA|2023-12-03|avian|B3.6
694,167,0.00190548788647082,-122.799693557687,38.2804936274351,-122.525297355347,38.4227472738813,1.24291621959846,1.24101073171199,2023.91864245732,2023.92054794521,A/chicken/California/23-038356-002/2023|H5N1|USA-CA|2023-12-03|avian|B3.6
977,979,0.0498381958974834,-91.8695677251874,45.5615714370858,-91.9911092284139,45.2966812211655,1.24440472079083,1.19456652489334,2023.8721982505,2023.9220364464,NA
698,106,0.133626326365487,-117.104688490121,49.2671458385988,-119.255181355749,52.371347281045,1.24565594562581,1.11202961926033,2023.78966134487,2023.92328767123,A/Canada_Goose/BC/AIVPHL-1483/2023|H5N1|Canada-BC|2023-12-04|avian|B3.6
572,14,0.119382706764717,-114.502453194242,41.3794320061415,-96.2501295786957,39.4980629833456,1.24565594562581,1.1262732388611,2023.80390496447,2023.92328767123,A/snow_goose/Kansas/W23-930E/2023|H5N1|USA-KS|2023-12-04|avian|B3.6
680,149,0.0244677996560716,-122.856097114778,38.4939853741083,-122.887093170384,38.4987901049755,1.24565594562581,1.22118814596974,2023.89881987158,2023.92328767123,A/domestic_duck/California/23-038546-001-original/2023|H5N1|USA-CA|2023-12-04|avian|B3.6
680,148,0.0244677996560716,-122.856097114778,38.4939853741083,-122.901788978967,38.5048853750111,1.24565594562581,1.22118814596974,2023.89881987158,2023.92328767123,A/domestic_duck/California/23-038546-002-original/2023|H5N1|USA-CA|2023-12-04|avian|B3.6
773,183,0.0219554359062868,-95.6252348890072,39.1061072468356,-95.6132181814232,39.1083985126787,1.24565594562581,1.22370050971953,2023.90133223533,2023.92328767123,A/chicken/Kansas/23-038155-001/2023|H5N1|USA-KS|2023-12-04|avian|B3.6
773,184,0.0219554359062868,-95.6252348890072,39.1061072468356,-95.8054484252092,38.9418492782249,1.24565594562581,1.22370050971953,2023.90133223533,2023.92328767123,A/chicken/Kansas/23-038155-002/2023|H5N1|USA-KS|2023-12-04|avian|B3.6
811,272,0.0201282210689615,-97.4364668541444,44.6829142923569,-97.0972186629018,44.6128986935836,1.24565594562581,1.22552772455685,2023.90315945016,2023.92328767123,A/turkey/South_Dakota/23-038305-002/2023|H5N1|USA-SD|2023-12-04|avian|B3.6
811,273,0.0201282210689615,-97.4364668541444,44.6829142923569,-97.4897725314202,44.6910856597618,1.24565594562581,1.22552772455685,2023.90315945016,2023.92328767123,A/turkey/South_Dakota/23-038305-001/2023|H5N1|USA-SD|2023-12-04|avian|B3.6
931,933,0.0182299381423099,-121.083483029076,37.4227863449297,-121.337603174254,37.5915739624765,1.24719466780794,1.22896472966563,2023.90659645527,2023.92482639342,NA
1030,512,0.0478415248576731,-84.6110309691555,40.246379485804,-84.504717969502,40.2801584155666,1.24839567165317,1.2005541467955,2023.8781858724,2023.92602739726,A/turkey/Ohio/23-038540-002/2023|H5N1|USA-OH|2023-12-05|avian|B3.6
1031,511,0.0400334816006602,-84.6097137526268,40.2293077002126,-84.6364975145957,40.2877443213971,1.24839567165317,1.20836219005251,2023.88599391566,2023.92602739726,A/turkey/Ohio/23-038540-001/2023|H5N1|USA-OH|2023-12-05|avian|B3.6
1029,506,0.0153375798990087,-83.4933844278551,40.6561858652389,-83.5478641170152,40.6277229147748,1.24839567165317,1.23305809175416,2023.91068981736,2023.92602739726,A/chicken/Ohio/23-038542-001-original/2023|H5N1|USA-OH|2023-12-05|avian|B3.6
634,47,0.00736683595680754,-93.9699196408555,35.9000967514158,-93.6820577670306,35.848176278315,1.24839567165317,1.24102883569636,2023.9186605613,2023.92602739726,A/turkey/Arkansas/23-038491-003/2023|H5N1|USA-AR|2023-12-05|avian|B3.6
634,46,0.00736683595680754,-93.9699196408555,35.9000967514158,-93.8572143987555,35.903417253721,1.24839567165317,1.24102883569636,2023.9186605613,2023.92602739726,A/turkey/Arkansas/23-038491-001/2023|H5N1|Arkansas|2023-12-05|avian|B3.6
767,188,0.0188205816224656,-98.3919375828441,43.2809374276551,-98.4640948082879,43.2141991908214,1.25113539768053,1.23231481605806,2023.90994654167,2023.92876712329,A/turkey/South_Dakota/23-038677-002-original/2023|H5N1|USA-SD|2023-12-06|avian|B3.6
767,189,0.0188205816224656,-98.3919375828441,43.2809374276551,-98.7499238712458,43.2007452658679,1.25113539768053,1.23231481605806,2023.90994654167,2023.92876712329,A/turkey/South_Dakota/23-038677-001-original/2023|H5N1|USA-SD|2023-12-06|avian|B3.6
938,437,0.0132145965042805,-121.710775986861,37.0700461098361,-121.299526070317,37.301570161172,1.25113539768053,1.23792080117625,2023.91555252678,2023.92876712329,A/chicken/California/23-038717-005-original/2023|H5N1|USA-CA|2023-12-06|avian|B3.6
938,436,0.0132145965042805,-121.710775986861,37.0700461098361,-121.232989995728,37.2130449484593,1.25113539768053,1.23792080117625,2023.91555252678,2023.92876712329,A/chicken/California/23-038717-004-original/2023|H5N1|USA-CA|2023-12-06|avian|B3.6
979,463,0.00673067688970153,-91.9911092284139,45.2966812211655,-91.8112065658576,45.2620735264269,1.25113539768053,1.24440472079083,2023.9220364464,2023.92876712329,A/turkey/Wisconsin/23-038683-002-original/2023|H5N1|USA-WI|2023-12-06|avian|B3.6
979,464,0.00673067688970153,-91.9911092284139,45.2966812211655,-91.9933174889372,45.2964830491497,1.25113539768053,1.24440472079083,2023.9220364464,2023.92876712329,A/turkey/Wisconsin/23-038683-001-original/2023|H5N1|USA-WI|2023-12-06|avian|B3.6
574,575,0.103844080781873,-123.3937160391,51.529524330331,-119.202834022892,51.1437095192581,1.25129810345658,1.14745402267471,2023.82508574828,2023.92892982906,NA
784,261,0.020202351746802,-98.673693164293,38.5519644360693,-99.002665666035,38.5328893549791,1.25387512370811,1.23367277196131,2023.91130449757,2023.93150684932,A/chicken/Kansas/23-038719-002-original/2023|H5N1|USA-KS|2023-12-07|avian|B3.6
784,262,0.020202351746802,-98.673693164293,38.5519644360693,-98.6512045009346,38.5821110463123,1.25387512370811,1.23367277196131,2023.91130449757,2023.93150684932,A/chicken/Kansas/23-038719-001-original/2023|H5N1|USA-KS|2023-12-07|avian|B3.6
850,299,0.0225287027086754,-120.775858991586,37.9267323634565,-121.014984180049,37.9522385938973,1.25661484973547,1.2340861470268,2023.91171787263,2023.93424657534,A/Muscovy_duck/California/23-039033-001-original/2023|H5N1|USA-CA|2023-12-08|avian|B3.6
850,300,0.0225287027086754,-120.775858991586,37.9267323634565,-121.551588738985,38.0000069179845,1.25661484973547,1.2340861470268,2023.91171787263,2023.93424657534,A/Muscovy_duck/California/23-039033-002-original/2023|H5N1|USA-CA|2023-12-08|avian|B3.6
792,794,0.0317026856743441,-99.8296281998596,45.3599740819094,-99.8429297372971,45.2512078746019,1.25731925642973,1.22561657075539,2023.90324829636,2023.93495098204,NA
926,927,0.0383548755024123,-121.575240234502,37.9163009747457,-122.242084887633,38.1629731298881,1.25764395971957,1.21928908421716,2023.89692080982,2023.93527568533,NA
822,823,0.0046888864118293,-98.3992470134365,38.2922752751387,-99.067268135113,37.7836028196149,1.25800916035079,1.25332027393896,2023.93095199955,2023.93564088596,NA
872,873,0.000514822959761574,-97.7636603627675,38.5460995453862,-97.54031418728,38.4621141986329,1.26133597603578,1.26082115307602,2023.93845287868,2023.93896770164,NA
823,824,0.00547505828040729,-99.067268135113,37.7836028196149,-98.1964649524842,38.5006252245276,1.2634842186312,1.25800916035079,2023.93564088596,2023.94111594424,NA
940,416,0.193303125203985,-121.637196401096,38.7019859138586,-120.268067066455,37.3671024389695,1.26483402781754,1.07153090261356,2023.74916262822,2023.94246575342,A/chicken/California/23-039242-001-original/2023|H5N1|USA-CA|2023-12-11|avian|B3.6
933,430,0.0176393600096021,-121.337603174254,37.5915739624765,-120.514195019207,37.3763663016257,1.26483402781754,1.24719466780794,2023.92482639342,2023.94246575342,A/chicken/California/23-039245-001-original/2023|H5N1|USA-CA|2023-12-11|avian|B3.6
822,325,0.011513753878581,-98.3992470134365,38.2922752751387,-98.3722992832471,38.2668317923897,1.26483402781754,1.25332027393896,2023.93095199955,2023.94246575342,A/chicken/Kansas/23-039047-001-original/2023|H5N1|USA-KS|2023-12-11|avian|B3.6
873,331,0.00349805178176643,-97.54031418728,38.4621141986329,-97.4714612149152,38.3251545071406,1.26483402781754,1.26133597603578,2023.93896770164,2023.94246575342,A/chicken/Kansas/23-039162-002-original/2023|H5N1|USA-KS|2023-12-11|avian|B3.6
873,332,0.00349805178176643,-97.54031418728,38.4621141986329,-97.7866400323496,38.2835499737572,1.26483402781754,1.26133597603578,2023.93896770164,2023.94246575342,A/chicken/Kansas/23-039162-001-original/2023|H5N1|USA-KS|2023-12-11|avian|B3.6
824,328,0.00134980918634442,-98.1964649524842,38.5006252245276,-98.1105041337842,38.395697900041,1.26483402781754,1.2634842186312,2023.94111594424,2023.94246575342,A/chicken/Kansas/23-039047-002-original/2023|H5N1|USA-KS|2023-12-11|avian|B3.6
686,687,0.0312859815099444,-122.980296415053,38.6064422392241,-122.704594832358,38.5281818388856,1.26624094933073,1.23495496782078,2023.91258669343,2023.94387267494,NA
687,691,0.0000933070783404322,-122.704594832358,38.5281818388856,-122.641303057908,38.4321470340089,1.26633425640907,1.26624094933073,2023.94387267494,2023.94396598202,NA
815,193,0.0350455960896245,-94.5900142245521,34.9493415811872,-94.2621419916618,34.7685333777528,1.2675737538449,1.23252815775528,2023.91015988336,2023.94520547945,A/chicken/Arkansas/23-039417-006-original/2023|H5N1|Arkansas|2023-12-12|avian|B3.6
815,194,0.0350455960896245,-94.5900142245521,34.9493415811872,-94.2343152747594,34.7580712878351,1.2675737538449,1.23252815775528,2023.91015988336,2023.94520547945,A/chicken/Arkansas/23-039417-007-original/2023|H5N1|USA-AR|2023-12-12|avian|B3.6
1033,509,0.0329927509070009,-84.1781717292575,40.0340239969697,-84.4869768555761,40.0673665740919,1.2675737538449,1.2345810029379,2023.91221272855,2023.94520547945,A/chicken/Ohio/23-039418-001-original/2023|H5N1|USA-OH|2023-12-12|avian|B3.6
1033,510,0.0329927509070009,-84.1781717292575,40.0340239969697,-84.5333167073488,40.1408549496392,1.2675737538449,1.2345810029379,2023.91221272855,2023.94520547945,A/chicken/Ohio/23-039418-002-original/2023|H5N1|USA-OH|2023-12-12|avian|B3.6
655,71,0.0142111211570848,-116.828513215963,47.0388414958526,-116.590203828412,46.8805377101222,1.27031347987249,1.2561023587154,2023.93373408432,2023.94794520548,A/chicken/Idaho/23-039649-002-original/2023|H5N1|USA-ID|2023-12-13|avian|B3.6
655,72,0.0142111211570848,-116.828513215963,47.0388414958526,-116.848463834162,46.9909589312837,1.27031347987249,1.2561023587154,2023.93373408432,2023.94794520548,A/chicken/Idaho/23-039649-001-original/2023|H5N1|USA-ID|2023-12-13|avian|B3.6
824,327,0.00682926124128658,-98.1964649524842,38.5006252245276,-98.1814040311484,38.5066631788967,1.27031347987249,1.2634842186312,2023.94111594424,2023.94794520548,A/chicken/Kansas/23-039580-008-original/2023|H5N1|USA-KS|2023-12-13|avian|B3.6
823,825,0.012344579188948,-99.067268135113,37.7836028196149,-98.1733132172004,38.2750089321766,1.27035373953974,1.25800916035079,2023.93564088596,2023.94798546515,NA
1038,1039,0.00920516763890178,-86.8920787891354,43.4597222849813,-86.6056274479212,43.3312847333902,1.27200477812045,1.26279961048155,2023.94043133609,2023.94963650373,NA
686,158,0.0380982380790584,-122.980296415053,38.6064422392241,-123.271282868831,38.7158809043452,1.27305320589984,1.23495496782078,2023.91258669343,2023.95068493151,A/chicken/California/23-039772-003-original/2023|H5N1|USA-CA|2023-12-14|avian|B3.6
793,250,0.0369053406789974,-99.4395531297689,45.3568897028452,-99.5685354633755,45.3792118011962,1.27305320589984,1.23614786522085,2023.91377959083,2023.95068493151,A/pheasant/South_Dakota/23-039759-001-original/2023|H5N1|USA-SD|2023-12-14|avian|B3.6
872,874,0.0128601186604358,-97.7636603627675,38.5460995453862,-97.6639541709653,38.520398421033,1.27368127173645,1.26082115307602,2023.93845287868,2023.95131299734,NA
691,692,0.00761925968094523,-122.641303057908,38.4321470340089,-122.903472619363,38.7577213460867,1.27395351609001,1.26633425640907,2023.94396598202,2023.9515852417,NA
687,688,0.00795066059704297,-122.704594832358,38.5281818388856,-123.175631525831,38.1195128141982,1.27419160992777,1.26624094933073,2023.94387267494,2023.95182333553,NA
691,166,0.00945867551813096,-122.641303057908,38.4321470340089,-122.640475480341,38.4735542095485,1.2757929319272,1.26633425640907,2023.94396598202,2023.95342465753,A/chicken/California/23-039773-001-original/2023|H5N1|USA-CA|2023-12-15|avian|B3.6
692,159,0.00183941583718572,-122.903472619363,38.7577213460867,-122.707883826786,38.648828114975,1.2757929319272,1.27395351609001,2023.9515852417,2023.95342465753,A/chicken/California/23-039773-002-original/2023|H5N1|USA-CA|2023-12-15|avian|B3.6
931,932,0.0480263614522685,-121.083483029076,37.4227863449297,-120.82032538808,36.9275159735217,1.2769910911179,1.22896472966563,2023.90659645527,2023.95462281672,NA
1045,1047,0.0806411847578161,-93.5299745586191,44.8191042537617,-93.8195699955153,45.4055120821634,1.27788867058942,1.19724748583161,2023.87487921144,2023.9555203962,NA
874,333,0.00485138621810655,-97.6639541709653,38.520398421033,-97.7046736256254,38.4705046744306,1.27853265795456,1.27368127173645,2023.95131299734,2023.95616438356,A/chicken/Kansas/23-039958-001-original/2023|H5N1|USA-KS|2023-12-16|avian|B3.6
874,334,0.00485138621810655,-97.6639541709653,38.520398421033,-97.8596275198176,38.3759739102942,1.27853265795456,1.27368127173645,2023.95131299734,2023.95616438356,A/chicken/Kansas/23-039958-002-original/2023|H5N1|USA-KS|2023-12-16|avian|B3.6
923,924,0.0467885254173936,-121.481121102472,37.3177296259124,-120.807966490051,37.7210224360981,1.2790839517489,1.2322954263315,2023.90992715194,2023.95671567736,NA
825,329,0.0109186444421756,-98.1733132172004,38.2750089321766,-98.1131729391674,38.2449829787515,1.28127238398192,1.27035373953974,2023.94798546515,2023.95890410959,A/chicken/Kansas/23-039959-001-original/2023|H5N1|USA-KS|2023-12-17|avian|B3.6
1039,351,0.00926760586146336,-86.6056274479212,43.3312847333902,-86.2139539574458,43.1469884945376,1.28127238398192,1.27200477812045,2023.94963650373,2023.95890410959,A/turkey/Michigan/23-039966-001-original/2023|H5N1|USA-MI|2023-12-17|avian|B3.6
1039,352,0.00926760586146336,-86.6056274479212,43.3312847333902,-86.2958682650078,43.2765237505095,1.28127238398192,1.27200477812045,2023.94963650373,2023.95890410959,A/turkey/Michigan/23-039966-002-original/2023|H5N1|USA-MI|2023-12-17|avian|B3.6
794,795,0.0252961731473293,-99.8429297372971,45.2512078746019,-99.2256344032881,45.3383917305819,1.28261542957706,1.25731925642973,2023.93495098204,2023.96024715518,NA
795,796,0.00139652975877369,-99.2256344032881,45.3383917305819,-99.2048455845024,45.3206190105168,1.28401195933584,1.28261542957706,2023.96024715518,2023.96164368494,NA
793,253,0.0478642447886544,-99.4395531297689,45.3568897028452,-99.5876471856143,45.4038780243853,1.2840121100095,1.23614786522085,2023.91377959083,2023.96164383562,A/pheasant/South_Dakota/23-040343-001-original/2023|H5N1|USA-SD|2023-12-18|avian|B3.6
795,254,0.00139668043243701,-99.2256344032881,45.3383917305819,-99.2117951213005,45.3445445803911,1.2840121100095,1.28261542957706,2023.96024715518,2023.96164383562,A/pheasant/South_Dakota/23-040343-003-original/2023|H5N1|USA-SD|2023-12-18|avian|B3.6
925,419,0.0510466810430636,-120.557447374986,37.1767590159924,-120.659470892306,37.0527881037168,1.28949156206421,1.23844488102115,2023.91607660663,2023.96712328767,A/chicken/California/23-040664-007-original/2023|H5N1|USA-CA|2023-12-20|avian|B3.6
933,431,0.0422968942562734,-121.337603174254,37.5915739624765,-120.785785717744,37.2824969127087,1.28949156206422,1.24719466780794,2023.92482639342,2023.96712328767,A/chicken/California/23-040664-002-original/2023|H5N1|USA-CA|2023-12-20|avian|B3.6
932,428,0.0125004709463148,-120.82032538808,36.9275159735217,-121.107599522902,36.9872761793252,1.28949156206422,1.2769910911179,2023.95462281672,2023.96712328767,A/chicken/California/23-040664-010/2023|H5N1|USA-CA|2023-12-20|avian|B3.6
688,689,0.0185127989129468,-123.175631525831,38.1195128141982,-123.121299546731,38.7409354248765,1.29270440884072,1.27419160992777,2023.95182333553,2023.97033613445,NA
689,164,0.00226660527821099,-123.121299546731,38.7409354248765,-122.899673353888,38.669524344523,1.29497101411893,1.29270440884072,2023.97033613445,2023.97260273973,A/chicken/California/23-040997-001-original/2023|H5N1|USA-CA|2023-12-22|avian|B3.6
689,165,0.00226660527821099,-123.121299546731,38.7409354248765,-123.122166660172,38.7401873476749,1.29497101411893,1.29270440884072,2023.97033613445,2023.97260273973,A/chicken/California/23-040997-002-original/2023|H5N1|USA-CA|2023-12-22|avian|B3.6
692,693,0.0231602806296862,-122.903472619363,38.7577213460867,-122.573538691845,38.3305982307417,1.2971137967197,1.27395351609001,2023.9515852417,2023.97474552233,NA
927,928,0.0400410471373887,-122.242084887633,38.1629731298881,-120.561479514698,37.1013447086328,1.29768500685696,1.25764395971957,2023.93527568533,2023.97531673246,NA
678,151,0.0925964331166806,-122.869670279918,37.9302469477846,-122.971181581589,38.0662407034718,1.29771074014629,1.20511430702961,2023.88274603264,2023.97534246575,A/chicken/California/23-040996-002-original/2023|H5N1|USA-CA|2023-12-23|avian|B3.6
678,152,0.0925964331166806,-122.869670279918,37.9302469477846,-122.653990047197,38.0275176603855,1.29771074014629,1.20511430702961,2023.88274603264,2023.97534246575,A/chicken/California/23-040996-001-original/2023|H5N1|USA-CA|2023-12-23|avian|B3.6
1029,507,0.0646526483921239,-83.4933844278551,40.6561858652389,-83.4900800465538,40.6607142498061,1.29771074014629,1.23305809175416,2023.91068981736,2023.97534246575,A/chicken/Ohio/23-040887-001-original/2023|H5N1|USA-OH|2023-12-23|avian|B3.6
688,690,0.0252359406028819,-123.175631525831,38.1195128141982,-122.877059072055,38.3335952007823,1.29942755053065,1.27419160992777,2023.95182333553,2023.97705927614,NA
1047,347,0.0225617955844502,-93.8195699955153,45.4055120821634,-94.8506045119044,46.3268142420839,1.30045046617387,1.27788867058942,2023.9555203962,2023.97808219178,A/turkey/Minnesota/23-040874-001-original/2023|H5N1|USA-MN|2023-12-24|avian|B3.6
1047,348,0.0225617955844502,-93.8195699955153,45.4055120821634,-94.8840317286723,45.8804588921323,1.30045046617387,1.27788867058942,2023.9555203962,2023.97808219178,A/turkey/Minnesota/23-040874-002-original/2023|H5N1|USA-MN|2023-12-24|avian|B3.6
927,929,0.0430448796725376,-122.242084887633,38.1629731298881,-120.673761548078,36.9967533168516,1.30068883939211,1.25764395971957,2023.93527568533,2023.978320565,NA
794,799,0.0440687815534877,-99.8429297372971,45.2512078746019,-98.5178184920715,45.1619711288232,1.30138803798322,1.25731925642973,2023.93495098204,2023.97901976359,NA
932,429,0.0261991010833291,-120.82032538808,36.9275159735217,-120.868011477593,37.2243705815504,1.30319019220123,1.2769910911179,2023.95462281672,2023.98082191781,A/chicken/California/24-000127-001-original/2023|H5N1|USA-CA|2023-12-25|avian|B3.6
928,427,0.00550518534427091,-120.561479514698,37.1013447086328,-121.15981108044,37.0403764909549,1.30319019220123,1.29768500685696,2023.97531673246,2023.98082191781,A/chicken/California/24-000127-003-original/2023|H5N1|USA-CA|2023-12-25|avian|B3.6
796,797,0.0211265592525367,-99.2048455845024,45.3206190105168,-99.0722833881095,45.311581008142,1.30513851858837,1.28401195933584,2023.96164368494,2023.9827702442,NA
1038,353,0.0431303077470364,-86.8920787891354,43.4597222849813,-85.968192069522,43.1891048235163,1.30592991822859,1.26279961048155,2023.94043133609,2023.98356164384,A/turkey/Michigan/23-040820-001-original/2023|H5N1|USA-MI|2023-12-26|avian|B3.6
693,163,0.00881612150888555,-122.573538691845,38.3305982307417,-122.467304438356,38.3717510701167,1.30592991822859,1.2971137967197,2023.97474552233,2023.98356164384,A/chicken/California/23-040993-001-original/2023|H5N1|USA-CA|2023-12-26|avian|B3.6
693,162,0.00881612150888555,-122.573538691845,38.3305982307417,-123.04864667767,38.3815384514679,1.30592991822859,1.2971137967197,2023.97474552233,2023.98356164384,A/chicken/California/23-040993-002-original/2023|H5N1|USA-CA|2023-12-26|avian|B3.6
929,930,0.00791963083683611,-120.673761548078,36.9967533168516,-120.581278580109,37.1505196705116,1.30860847022894,1.30068883939211,2023.978320565,2023.98624019584,NA
929,423,0.00798080486383679,-120.673761548078,36.9967533168516,-121.14833193724,37.1383250860536,1.30866964425594,1.30068883939211,2023.978320565,2023.98630136986,A/chicken/California/24-000133-001-original/2023|H5N1|USA-CA|2023-12-27|avian|B3.6
930,425,0.0000611740270006766,-120.581278580109,37.1505196705116,-120.816675287895,37.18683517948,1.30866964425594,1.30860847022894,2023.98624019584,2023.98630136986,A/chicken/California/24-000133-004-original/2023|H5N1|USA-CA|2023-12-27|avian|B3.6
930,424,0.0000611740270006766,-120.581278580109,37.1505196705116,-120.540642635332,37.1384790248078,1.30866964425594,1.30860847022894,2023.98624019584,2023.98630136986,A/chicken/California/24-000133-003-original/2023|H5N1|USA-CA|2023-12-27|avian|B3.6
1045,1046,0.111429070579676,-93.5299745586191,44.8191042537617,-93.8074292449138,45.511814010576,1.30867655641128,1.19724748583161,2023.87487921144,2023.98630828202,NA
825,326,0.0437953567709191,-98.1733132172004,38.2750089321766,-98.4450567616051,38.4308791628061,1.31414909631066,1.27035373953974,2023.94798546515,2023.99178082192,A/chicken/Kansas/24-000250-002-original/2023|H5N1|USA-KS|2023-12-29|avian|B3.6
928,426,0.0164640894537005,-120.561479514698,37.1013447086328,-120.63490359741,37.1542915490673,1.31414909631066,1.29768500685696,2023.97531673246,2023.99178082192,A/chicken/California/24-000134-001-original/2023|H5N1|USA-CA|2023-12-29|avian|B3.6
690,160,0.0147215457800047,-122.877059072055,38.3335952007823,-122.775291922359,38.5281019770787,1.31414909631066,1.29942755053065,2023.97705927614,2023.99178082192,A/chicken/California/24-000135-001-original/2023|H5N1|USA-CA|2023-12-29|avian|B3.6
690,161,0.0147215457800047,-122.877059072055,38.3335952007823,-122.8314324078,38.2755757797179,1.31414909631066,1.29942755053065,2023.97705927614,2023.99178082192,A/chicken/California/24-000135-002-original/2023|H5N1|USA-CA|2023-12-29|avian|B3.6
797,255,0.00901057772228531,-99.0722833881095,45.311581008142,-99.6029356724974,45.5627124708489,1.31414909631066,1.30513851858837,2023.9827702442,2023.99178082192,A/pheasant/South_Dakota/23-041194-002-original/2023|H5N1|USA-SD|2023-12-29|avian|B3.6
797,256,0.00901057772228531,-99.0722833881095,45.311581008142,-98.9188111520613,45.2554590179771,1.31414909631066,1.30513851858837,2023.9827702442,2023.99178082192,A/pheasant/South_Dakota/23-041194-001-original/2023|H5N1|USA-SD|2023-12-29|avian|B3.6
848,849,0.213086162286583,-117.359406373042,37.4193174942255,-121.403893613893,38.7242738513275,1.31838379113749,1.10529762885091,2023.78292935446,2023.99601551674,NA
925,420,0.0893878742460594,-120.557447374986,37.1767590159924,-120.680257559022,37.1120137586723,1.32783275526721,1.23844488102115,2023.91607660663,2024.00546448087,A/domestic_goose/California/24-000492-001/2024|H5N1|USA-CA|2024-01-03|avian|B3.6
1046,345,0.021888439293055,-93.8074292449138,45.511814010576,-93.8433854033111,45.4841564639343,1.33056499570434,1.30867655641128,2023.98630828202,2024.00819672131,A/domestic_goose/Minnesota/24-000764-003/2024|H5N1|USA-MN|2024-01-04|avian|B3.6
1046,346,0.021888439293055,-93.8074292449138,45.511814010576,-93.7450019052781,45.4429275610759,1.33056499570434,1.30867655641128,2023.98630828202,2024.00819672131,A/chicken/Minnesota/24-000764-001/2024|H5N1|USA-MN|2024-01-04|avian|B3.6
849,301,0.012181204566845,-121.403893613893,38.7242738513275,-121.446636680943,38.7223055781627,1.33056499570434,1.31838379113749,2023.99601551674,2024.00819672131,A/chicken/California/24-000494-001/2024|H5N1|USA-CA|2024-01-04|avian|B3.6
849,302,0.012181204566845,-121.403893613893,38.7242738513275,-121.315822146875,38.6759206704736,1.33056499570434,1.31838379113749,2023.99601551674,2024.00819672131,A/chicken/California/24-000494-002/2024|H5N1|USA-CA|2024-01-04|avian|B3.6
1055,1068,0.022530970958432,-84.57658025199,26.6296119177514,-81.9828265198072,25.581045174015,1.33333219146856,1.31080122051012,2023.98843294612,2024.01096391708,NA
799,251,0.0455704003440998,-98.5178184920715,45.1619711288232,-98.1835672034317,45.0852643418415,1.34695843832732,1.30138803798322,2023.97901976359,2024.02459016393,A/pheasant/South_Dakota/24-001107-001-original/2024|H5N1|USA-SD|2024-01-10|avian|B3.6
799,252,0.0455704003440998,-98.5178184920715,45.1619711288232,-98.0527879022485,45.1283957817031,1.34695843832732,1.30138803798322,2023.97901976359,2024.02459016393,A/pheasant/South_Dakota/24-001107-002-original/2024|H5N1|USA-SD|2024-01-10|avian|B3.6
761,229,0.00860391558633866,-98.1638099809779,39.3866222537819,-98.0174471344387,39.3084992452923,1.34695843832732,1.33835452274098,2024.01598624835,2024.02459016393,A/pheasant/Kansas/24-001018-001-original/2024|H5N1|USA-KS|2024-01-10|avian|B3.6
1068,1069,0.0178930220453886,-81.9828265198072,25.581045174015,-82.4496814260764,27.2896807234155,1.35122521351395,1.33333219146856,2024.01096391708,2024.02885693912,NA
796,798,0.0697828818396176,-99.2048455845024,45.3206190105168,-99.5018019196184,45.4175907633475,1.35379484117545,1.28401195933584,2023.96164368494,2024.03142656678,NA
924,421,0.0815356887642817,-120.807966490051,37.7210224360981,-120.425628117576,37.5328455521739,1.36061964051318,1.2790839517489,2023.95671567736,2024.03825136612,A/chicken/California/24-001558-005-original/2024|H5N1|USA-CA|2024-01-15|avian|B3.6
924,422,0.0815356887642817,-120.807966490051,37.7210224360981,-120.512147165389,37.1746956155543,1.36061964051318,1.2790839517489,2023.95671567736,2024.03825136612,A/chicken/California/24-001558-004-original/2024|H5N1|USA-CA|2024-01-15|avian|B3.6
761,762,0.0235906430363562,-98.1638099809779,39.3866222537819,-98.4689949526493,39.2451096125506,1.36194516577734,1.33835452274098,2024.01598624835,2024.03957689138,NA
1055,1056,0.0522918391068079,-84.57658025199,26.6296119177514,-83.0766936658867,27.396232101404,1.36309305961693,1.31080122051012,2023.98843294612,2024.04072478522,NA
798,257,0.00955703977485123,-99.5018019196184,45.4175907633475,-99.4926396080862,45.4873470610998,1.36335188095031,1.35379484117545,2024.03142656678,2024.04098360656,A/pheasant/South_Dakota/24-001637-001-original/2024|H5N1|USA-SD|2024-01-16|avian|B3.6
846,847,0.292748190598552,-118.829957346505,37.7580628514403,-120.664593450494,39.0406087940298,1.368355643484,1.07560745288545,2023.75323917849,2024.04598736909,NA
762,227,0.00687119604721942,-98.4689949526493,39.2451096125506,-98.3354605274047,39.2627756609471,1.36881636182456,1.36194516577734,2024.03957689138,2024.04644808743,A/pheasant/Kansas/24-001752-002-original/2024|H5N1|USA-KS|2024-01-18|avian|B3.6
762,228,0.00687119604721942,-98.4689949526493,39.2451096125506,-98.2292345630455,39.2494445007604,1.36881636182456,1.36194516577734,2024.03957689138,2024.04644808743,A/pheasant/Kansas/24-001752-001-original/2024|H5N1|USA-KS|2024-01-18|avian|B3.6
847,297,0.000460718340553168,-120.664593450494,39.0406087940298,-120.760591173801,39.0808701226235,1.36881636182456,1.368355643484,2024.04598736909,2024.04644808743,A/guinea_fowl/California/24-003250-002-original/2024|H5N1|USA-CA|2024-01-18|avian|B3.6
847,298,0.000460718340553168,-120.664593450494,39.0406087940298,-120.256926122676,39.2717155008377,1.36881636182456,1.368355643484,2024.04598736909,2024.04644808743,A/guinea_fowl/California/24-003250-001-original/2024|H5N1|USA-CA|2024-01-18|avian|B3.6
575,17,0.120250498805327,-119.202834022892,51.1437095192581,-119.207676605636,51.1463166114396,1.37154860226191,1.25129810345658,2023.92892982906,2024.04918032787,A/American_Crow/BC/AIVPHL-1874/2024|H5N1|Canada-BC|2024-01-19|avian|B3.6
575,18,0.120250498805327,-119.202834022892,51.1437095192581,-122.149823123974,51.1425528763643,1.37154860226191,1.25129810345658,2023.92892982906,2024.04918032787,A/American_Crow/BC/AIVPHL-1880/2024|H5N1|Canada-BC|2024-01-19|avian|B3.6
798,258,0.0259504823978356,-99.5018019196184,45.4175907633475,-98.9633618702834,45.2818565489466,1.37974532357329,1.35379484117545,2024.03142656678,2024.05737704918,A/pheasant/South_Dakota/24-002228-001-original/2024|H5N1|USA-SD|2024-01-22|avian|B3.6
1069,372,0.0312523504964703,-82.4496814260764,27.2896807234155,-81.7098753304934,27.0360934634708,1.38247756401042,1.35122521351395,2024.02885693912,2024.06010928962,A/chicken/Florida/24-002738-002-original/2024|H5N1|USA-FL|2024-01-23|avian|B3.6
1069,373,0.0312523504964703,-82.4496814260764,27.2896807234155,-82.0509732300475,27.329212130928,1.38247756401042,1.35122521351395,2024.02885693912,2024.06010928962,A/chicken/Florida/24-002738-001-original/2024|H5N1|USA-FL|2024-01-23|avian|B3.6
841,307,0.00200392888997092,-87.0446839989234,38.8141720034086,-87.0488542064855,38.8996109774454,1.38247756401042,1.38047363512044,2024.05810536073,2024.06010928962,A/turkey/Indiana/24-002432-001-original/2024|H5N1|USA-IN|2024-01-23|avian|B3.6
841,308,0.00200392888997092,-87.0446839989234,38.8141720034086,-87.0957381364629,38.8077319920449,1.38247756401042,1.38047363512044,2024.05810536073,2024.06010928962,A/turkey/Indiana/24-002432-002-original/2024|H5N1|USA-IN|2024-01-23|avian|B3.6
749,752,0.0025817203269185,-117.726349813902,48.4255378647643,-117.760867634165,48.7831613984509,1.3994130223414,1.39683130201448,2024.07446302762,2024.07704474795,NA
804,242,0.298845553603227,-109.400443556244,47.3463462981475,-113.279529527537,46.279443933899,1.40160324707053,1.1027576934673,2023.78038941907,2024.07923497268,A/mountain_lion/Montana/24_005908-001/2024|H5N1|USA-MT|2024-01-30|feline|B3.6
1068,1070,0.0789456596030236,-81.9828265198072,25.581045174015,-80.1668083491242,25.1091440619432,1.41227785107158,1.33333219146856,2024.01096391708,2024.08990957668,NA
1070,374,0.00571883862193023,-80.1668083491242,25.1091440619432,-80.667225182938,25.145462790742,1.41799668969351,1.41227785107158,2024.08990957668,2024.0956284153,A/chicken/Florida/24-004150-001-original/2024|H5N1|USA-FL|2024-02-05|avian|B3.6
572,15,0.297187931706666,-114.502453194242,41.3794320061415,-116.767066378963,43.1302361685978,1.42346117056776,1.1262732388611,2023.80390496447,2024.10109289617,A/chicken/Idaho/24-004163-001-original/2024|H5N1|USA-ID|2024-02-07|avian|B3.6
1070,375,0.0111833194961826,-80.1668083491242,25.1091440619432,-80.3492454932224,25.3889970548633,1.42346117056776,1.41227785107158,2024.08990957668,2024.10109289617,A/chicken/Florida/24-004649-001-original/2024|H5N1|USA-FL|2024-02-07|avian|B3.6
731,732,0.00719687875703134,-75.7823003904632,36.7569292321859,-76.3793379543296,36.8797776255677,1.42412414223641,1.41692726347938,2024.09455898909,2024.10175586784,NA
732,733,0.00149441616488599,-76.3793379543296,36.8797776255677,-76.5471776474238,36.8757618098756,1.42561855840129,1.42412414223641,2024.10175586784,2024.10325028401,NA
733,734,0.00240136438141469,-76.5471776474238,36.8757618098756,-76.4714059917608,36.8644712932434,1.42801992278271,1.42561855840129,2024.10325028401,2024.10565164839,NA
1056,1057,0.0674397207275903,-83.0766936658867,27.396232101404,-82.5819764998793,27.0443690978666,1.43053278034452,1.36309305961693,2024.04072478522,2024.10816450595,NA
853,854,0.377069674546127,-110.711678607837,43.348913890458,-96.0314404038276,45.1229138112042,1.43331227930602,1.0562426047599,2023.73387433037,2024.11094400491,NA
749,750,0.0385141703386152,-117.726349813902,48.4255378647643,-116.957556662343,48.5041913613067,1.4353454723531,1.39683130201448,2024.07446302762,2024.11297719796,NA
854,855,0.00230041284314275,-96.0314404038276,45.1229138112042,-96.36872035632,45.042807492407,1.43561269214917,1.43331227930602,2024.11094400491,2024.11324441776,NA
734,735,0.00918668550037127,-76.4714059917608,36.8644712932434,-76.7226031588422,36.991662868714,1.43720660828308,1.42801992278271,2024.10565164839,2024.11483833389,NA
869,870,0.0653076315713157,-85.1558033261105,40.9316809661611,-85.1208847460629,41.0775946597367,1.44088698939054,1.37557935781922,2024.05321108343,2024.118518715,NA
735,737,0.00456471276854598,-76.7226031588422,36.991662868714,-76.3297310048931,36.9708531537289,1.44177132105163,1.43720660828308,2024.11483833389,2024.11940304666,NA
855,860,0.00623306070488217,-96.36872035632,45.042807492407,-97.0870609525561,45.2083928131619,1.44184575285405,1.43561269214917,2024.11324441776,2024.11947747846,NA
986,987,0.233687313810923,-85.938826706065,41.7849877595918,-83.0251932053369,39.967220262342,1.44762081710601,1.21393350329509,2023.8915652289,2024.12525254271,NA
750,751,0.0126852413084775,-116.957556662343,48.5041913613067,-117.849486463465,48.7626302557703,1.44803071366157,1.4353454723531,2024.11297719796,2024.12566243927,NA
1007,406,0.0130191321017739,-77.3458456857035,38.2592975757303,-77.1866357708505,38.448336257225,1.44805133450235,1.43503220240058,2024.11266392801,2024.12568306011,A/chicken/Maryland/24-005539-002-original/2024|H5N1|USA-MD|2024-02-16|avian|B3.6
1007,407,0.0130191321017739,-77.3458456857035,38.2592975757303,-76.8759499546706,38.5068570606295,1.44805133450235,1.43503220240058,2024.11266392801,2024.12568306011,A/chicken/Maryland/24-005539-001-original/2024|H5N1|USA-MD|2024-02-16|avian|B3.6
987,468,0.00589499827059692,-83.0251932053369,39.967220262342,-83.132012653955,40.0404466374217,1.45351581537661,1.44762081710601,2024.12525254271,2024.13114754098,A/chicken/Ohio/24-005334-002-original/2024|H5N1|USA-OH|2024-02-18|avian|B3.6
987,469,0.00589499827059692,-83.0251932053369,39.967220262342,-82.971614263278,40.097613770924,1.45351581537661,1.44762081710601,2024.12525254271,2024.13114754098,A/chicken/Ohio/24-005334-001-original/2024|H5N1|USA-OH|2024-02-18|avian|B3.6
752,753,0.0560683969620297,-117.760867634165,48.7831613984509,-117.860326169677,48.7187949826353,1.45548141930343,1.3994130223414,2024.07704474795,2024.13311314491,NA
737,738,0.0153352290207633,-76.3297310048931,36.9708531537289,-75.9710545253271,36.9992977146327,1.45710655007239,1.44177132105163,2024.11940304666,2024.13473827568,NA
760,231,0.434649844972498,-118.95558943107,42.8885406283008,-122.261289642315,37.9499768714675,1.45898029625086,1.02433045127836,2023.70196217689,2024.13661202186,A/common_raven/California/24_007417-001/2024|H5N1|USA-CA|2024-02-20|avian|B3.6
919,440,0.300130849114065,-122.582974292569,38.9905480968042,-121.796758420636,37.5509670899081,1.45898029625086,1.15884944713679,2023.83648117274,2024.13661202186,A/turkey_vulture/California/24_007419-001/2024|H5N1|USA-CA|2024-02-20|avian|B3.6
854,866,0.0264083572784299,-96.0314404038276,45.1229138112042,-95.9844460676761,45.1036172968562,1.45972063658445,1.43331227930602,2024.11094400491,2024.13735236219,NA
870,871,0.0202662474927751,-85.1208847460629,41.0775946597367,-85.0485625276164,41.012439581121,1.46115323688331,1.44088698939054,2024.118518715,2024.13878496249,NA
760,230,0.437382085409624,-118.95558943107,42.8885406283008,-118.900485160285,45.3997878346145,1.46171253668798,1.02433045127836,2023.70196217689,2024.1393442623,A/great_horned_owl/Oregon/24_006223-001/2024|H5N1|USA-OR|2024-02-21|avian|B3.6
869,275,0.0861331788687629,-85.1558033261105,40.9316809661611,-85.1348546920344,40.9396495946785,1.46171253668798,1.37557935781922,2024.05321108343,2024.1393442623,A/chicken/Indiana/24-005716-002-original/2024|H5N1|USA-IN|2024-02-21|avian|B3.6
870,276,0.0208255472974472,-85.1208847460629,41.0775946597367,-85.1313178460619,41.0561565252407,1.46171253668798,1.44088698939054,2024.118518715,2024.1393442623,A/chicken/Indiana/24_005716-003/2024|H5N1|USA-IN|2024-02-21|avian|B3.6
871,277,0.000559299804672175,-85.0485625276164,41.012439581121,-85.0480585150784,41.0066333385221,1.46171253668798,1.46115323688331,2024.13878496249,2024.1393442623,A/peacock/Indiana/24-005716-006-original/2024|H5N1|USA-IN|2024-02-21|avian|B3.6
871,278,0.000559299804672175,-85.0485625276164,41.012439581121,-85.0236875300103,40.9606669264063,1.46171253668798,1.46115323688331,2024.13878496249,2024.1393442623,A/chicken/Indiana/24_005716-006/2024|H5N1|USA-IN|2024-02-21|avian|B3.6
860,865,0.0251567434043467,-97.0870609525561,45.2083928131619,-96.3304050906112,45.6477112508226,1.4670024962584,1.44184575285405,2024.11947747846,2024.14463422187,NA
752,220,0.067763995221064,-117.760867634165,48.7831613984509,-117.725385109856,48.8702583581702,1.46717701756246,1.3994130223414,2024.07704474795,2024.14480874317,A/skunk/Washington/24_005959-005/2024|H5N1|USA-WA|2024-02-23|other_mammal|B3.6
750,223,0.0318315452093674,-116.957556662343,48.5041913613067,-118.102091544194,48.3705416673978,1.46717701756246,1.4353454723531,2024.11297719796,2024.14480874317,A/skunk/Washington/24_005959-001/2024|H5N1|USA-WA|2024-02-23|other_mammal|B3.6
751,221,0.0191463039008897,-117.849486463465,48.7626302557703,-117.831143120348,48.6269215483247,1.46717701756246,1.44803071366157,2024.12566243927,2024.14480874317,A/skunk/Washington/24_005959-002/2024|H5N1|USA-WA|2024-02-23|other_mammal|B3.6
751,222,0.0191463039008897,-117.849486463465,48.7626302557703,-117.871717279385,48.3193979167328,1.46717701756246,1.44803071366157,2024.12566243927,2024.14480874317,A/skunk/Washington/24_005959-006/2024|H5N1|USA-WA|2024-02-23|other_mammal|B3.6
753,224,0.0116955982590343,-117.860326169677,48.7187949826353,-117.90425833737,48.7337341285019,1.46717701756246,1.45548141930343,2024.13311314491,2024.14480874317,A/skunk/Washington/24_005959-003/2024|H5N1|USA-WA|2024-02-23|other_mammal|B3.6
753,225,0.0116955982590343,-117.860326169677,48.7187949826353,-118.077715045874,48.7751924897765,1.46717701756246,1.45548141930343,2024.13311314491,2024.14480874317,A/skunk/Washington/24_005959-004/2024|H5N1|USA-WA|2024-02-23|other_mammal|B3.6
866,295,0.0101886214151361,-95.9844460676761,45.1036172968562,-96.0571419731986,45.5833258668702,1.46990925799959,1.45972063658445,2024.13735236219,2024.14754098361,A/chicken/Minnesota/24-005907-001-original/2024|H5N1|USA-MN|2024-02-24|avian|B3.6
865,282,0.0029067617411942,-96.3304050906112,45.6477112508226,-96.2060726882723,45.7154979716262,1.46990925799959,1.4670024962584,2024.14463422187,2024.14754098361,A/duck/Minnesota/24_005907-002/2024|H5N1|USA-MN|2024-02-24|avian|B3.6
860,861,0.0286704720633078,-97.0870609525561,45.2083928131619,-96.3069155535043,45.0909273844018,1.47051622491736,1.44184575285405,2024.11947747846,2024.14814795052,NA
970,971,0.0156146470383882,-74.9469362138487,38.1188088322819,-76.2459760240977,38.1926641083211,1.47270700797846,1.45709236094007,2024.13472408655,2024.15033873359,NA
861,862,0.00778636209328942,-96.3069155535043,45.0909273844018,-96.0207268327808,45.5473807913785,1.47830258701065,1.47051622491736,2024.14814795052,2024.15593431262,NA
738,739,0.0222112930288341,-75.9710545253271,36.9992977146327,-76.5249058320984,37.0537022045205,1.47931784310122,1.45710655007239,2024.13473827568,2024.15694956871,NA
855,856,0.0486448156831747,-96.36872035632,45.042807492407,-96.1484160082145,44.9358413733542,1.48425750783234,1.43561269214917,2024.11324441776,2024.16188923344,NA
856,857,0.00145763658228515,-96.1484160082145,44.9358413733542,-96.1975906651655,44.8464202123281,1.48571514441463,1.48425750783234,2024.16188923344,2024.16334687002,NA
866,867,0.0300963967806744,-95.9844460676761,45.1036172968562,-96.2384952337865,45.808399863428,1.48981703336513,1.45972063658445,2024.13735236219,2024.16744875897,NA
735,736,0.053494519820614,-76.7226031588422,36.991662868714,-76.4654472612219,36.9247950314535,1.49070112810369,1.43720660828308,2024.11483833389,2024.16833285371,NA
862,863,0.0148827732020562,-96.0207268327808,45.5473807913785,-96.136720354352,45.4669816695655,1.4931853602127,1.47830258701065,2024.15593431262,2024.17081708582,NA
857,859,0.0114383618859903,-96.1975906651655,44.8464202123281,-95.595541253829,45.621625642815,1.49715350630062,1.48571514441463,2024.16334687002,2024.17478523191,NA
861,864,0.0272321079108044,-96.3069155535043,45.0909273844018,-95.8566240549054,45.5536631849022,1.49774833282816,1.47051622491736,2024.14814795052,2024.17538005844,NA
867,868,0.0100632919383603,-96.2384952337865,45.808399863428,-96.1024228752131,45.633358156652,1.49988032530349,1.48981703336513,2024.16744875897,2024.17751205091,NA
970,972,0.0428566661058238,-74.9469362138487,38.1188088322819,-75.69954512709,36.8620391628667,1.49994902704589,1.45709236094007,2024.13472408655,2024.17758075265,NA
857,858,0.0154890927123339,-96.1975906651655,44.8464202123281,-96.2006520016635,45.5658274426282,1.50120423712696,1.48571514441463,2024.16334687002,2024.17883596273,NA
853,279,0.449185778922788,-110.711678607837,43.348913890458,-97.7497759089109,43.2356264081423,1.50542838368268,1.0562426047599,2023.73387433037,2024.18306010929,A/turkey/South_Dakota/24-007379-001-original/2024|H5N1|USA-SD|2024-03-08|avian|B3.6
732,213,0.0813042414462768,-76.3793379543296,36.8797776255677,-76.2067882214611,36.8401102350503,1.50542838368268,1.42412414223641,2024.10175586784,2024.18306010929,A/sanderling/Virginia/W24-190G/2024|H5N1|USA-VA|2024-03-08|avian|B3.6
865,283,0.0384258874242891,-96.3304050906112,45.6477112508226,-96.1205898496211,45.6338564226654,1.50542838368268,1.4670024962584,2024.14463422187,2024.18306010929,A/goat/Minnesota/24-007234-009/2024|H5N1|USA-MN|2024-03-08|other_mammal|B3.6
862,284,0.0271257966720384,-96.0207268327808,45.5473807913785,-96.0114541490045,45.4789699271784,1.50542838368268,1.47830258701065,2024.15593431262,2024.18306010929,A/goat/Minnesota/24_007234-047/2024|H5N1|USA-MN|2024-03-08|other_mammal|B3.6
856,280,0.0211708758503435,-96.1484160082145,44.9358413733542,-96.0882181853379,45.5137432722319,1.50542838368268,1.48425750783234,2024.16188923344,2024.18306010929,A/goat/Minnesota/24_007234-037/2024|H5N1|USA-MN|2024-03-08|other_mammal|B3.6
867,290,0.0156113503175566,-96.2384952337865,45.808399863428,-96.1375625160996,45.6126446559574,1.50542838368268,1.48981703336513,2024.16744875897,2024.18306010929,A/goat/Minnesota/24_007234-030/2024|H5N1|USA-MN|2024-03-08|other_mammal|B3.6
863,286,0.0122430234699822,-96.136720354352,45.4669816695655,-96.1219794959148,45.461503465239,1.50542838368268,1.4931853602127,2024.17081708582,2024.18306010929,A/goat/Minnesota/24-007234-006/2024|H5N1|USA-MN|2024-03-08|other_mammal|B3.6
863,285,0.0122430234699822,-96.136720354352,45.4669816695655,-96.1346290554504,45.4688465023738,1.50542838368268,1.4931853602127,2024.17081708582,2024.18306010929,A/goat/Minnesota/24_007234-050/2024|H5N1|USA-MN|2024-03-08|other_mammal|B3.6
859,292,0.00827487738206778,-95.595541253829,45.621625642815,-95.7796641317316,45.619283970906,1.50542838368268,1.49715350630062,2024.17478523191,2024.18306010929,A/goat/Minnesota/24-007234-003/2024|H5N1|USA-MN|2024-03-08|other_mammal|B3.6
859,289,0.00827487738206778,-95.595541253829,45.621625642815,-95.9933880524877,45.7571852151682,1.50542838368268,1.49715350630062,2024.17478523191,2024.18306010929,A/goat/Minnesota/24_007234-032/2024|H5N1|USA-MN|2024-03-08|other_mammal|B3.6
864,288,0.00768005085452361,-95.8566240549054,45.5536631849022,-95.8003481466827,45.5634669667102,1.50542838368268,1.49774833282816,2024.17538005844,2024.18306010929,A/goat/Minnesota/24_007234-044/2024|H5N1|USA-MN|2024-03-08|other_mammal|B3.6
864,287,0.00768005085452361,-95.8566240549054,45.5536631849022,-96.1852564536196,45.7088537646309,1.50542838368268,1.49774833282816,2024.17538005844,2024.18306010929,A/goat/Minnesota/24_007234-048/2024|H5N1|USA-MN|2024-03-08|other_mammal|B3.6
868,294,0.00554805837919625,-96.1024228752131,45.633358156652,-96.0940234594116,45.6881134551151,1.50542838368268,1.49988032530349,2024.17751205091,2024.18306010929,A/goat/Minnesota/24_007234-035/2024|H5N1|USA-MN|2024-03-08|other_mammal|B3.6
868,293,0.00554805837919625,-96.1024228752131,45.633358156652,-95.8086430742479,45.5215382837252,1.50542838368268,1.49988032530349,2024.17751205091,2024.18306010929,A/goat/Minnesota/24_007234-029/2024|H5N1|USA-MN|2024-03-08|other_mammal|B3.6
858,291,0.00422414655572445,-96.2006520016635,45.5658274426282,-95.916461506997,45.6064288742829,1.50542838368268,1.50120423712696,2024.17883596273,2024.18306010929,A/goat/Minnesota/24_007234-036/2024|H5N1|USA-MN|2024-03-08|other_mammal|B3.6
858,281,0.00422414655572445,-96.2006520016635,45.5658274426282,-96.2169607196544,45.5673257912595,1.50542838368268,1.50120423712696,2024.17883596273,2024.18306010929,A/goat/Minnesota/24_007234-034/2024|H5N1|USA-MN|2024-03-08|other_mammal|B3.6
734,212,0.080140701337102,-76.4714059917608,36.8644712932434,-76.2615003386563,36.8978463826161,1.50816062411981,1.42801992278271,2024.10565164839,2024.18579234973,A/ruddy_turnstone/Virginia/W24-190N/2024|H5N1|USA-VA|2024-03-09|avian|B3.6
733,207,0.0852743061556429,-76.5471776474238,36.8757618098756,-76.2356276285368,36.9391615898587,1.51089286455694,1.42561855840129,2024.10325028401,2024.18852459016,A/sanderling/Virginia/W24-190A/2024|H5N1|USA-VA|2024-03-10|avian|B3.6
739,216,0.0315750214557133,-76.5249058320984,37.0537022045205,-76.1994516060592,36.9144352050751,1.51089286455694,1.47931784310122,2024.15694956871,2024.18852459016,A/sanderling/Virginia/W24-190B/2024|H5N1|USA-VA|2024-03-10|avian|B3.6
736,215,0.0201917364532431,-76.4654472612219,36.9247950314535,-76.2269136536443,36.9173507038289,1.51089286455694,1.49070112810369,2024.16833285371,2024.18852459016,A/sanderling/Virginia/W24-190C/2024|H5N1|USA-VA|2024-03-10|avian|B3.6
736,214,0.0229239768903693,-76.4654472612219,36.9247950314535,-76.2946353607917,36.9314802905982,1.51362510499406,1.49070112810369,2024.16833285371,2024.1912568306,A/sanderling/Virginia/W24-190J/2024|H5N1|USA-VA|2024-03-11|avian|B3.6
986,467,0.302423842136104,-85.938826706065,41.7849877595918,-85.846661090127,40.693575185843,1.51635734543119,1.21393350329509,2023.8915652289,2024.19398907104,A/canada_goose/Indiana/24_008719-001/2024|H5N1|USA-IN|2024-03-12|avian|B3.6
739,210,0.0397717427670918,-76.5249058320984,37.0537022045205,-76.0703077787915,36.7089727255387,1.51908958586832,1.47931784310122,2024.15694956871,2024.19672131148,A/American_crow/Virginia/W24-190M/2024|H5N1|USA-VA|2024-03-13|avian|B3.6
738,208,0.0647152762330523,-75.9710545253271,36.9992977146327,-76.3049866408516,36.8944202741168,1.52182182630544,1.45710655007239,2024.13473827568,2024.19945355191,A/American_crow/Virginia/W24-190R/2024|H5N1|USA-VA|2024-03-14|avian|B3.6
737,211,0.110105150062658,-76.3297310048931,36.9708531537289,-76.2103208288031,36.8373440631832,1.55187647111428,1.44177132105163,2024.11940304666,2024.22950819672,A/peregrine_falcon/Virginia/W24-219E/2024|H5N1|USA-VA|2024-03-25|avian|B3.6
1056,1067,0.230133390064708,-83.0766936658867,27.396232101404,-80.5079337462651,25.74279718536,1.59322644968164,1.36309305961693,2024.04072478522,2024.27085817529,NA
1067,370,0.00236586842711661,-80.5079337462651,25.74279718536,-80.216545700027,25.7678040422152,1.59559231810876,1.59322644968164,2024.27085817529,2024.27322404372,A/chicken/Florida/24-010928-001-original/2024|H5N1|USA-FL|2024-04-10|avian|B3.6
1067,371,0.00236586842711661,-80.5079337462651,25.74279718536,-80.5591801047656,25.7304495454703,1.59559231810876,1.59322644968164,2024.27085817529,2024.27322404372,A/chicken/Florida/24-010928-002-original/2024|H5N1|USA-FL|2024-04-10|avian|B3.6
1057,1060,0.173048299156712,-82.5819764998793,27.0443690978666,-81.4958739503724,24.5008563553357,1.60358107950123,1.43053278034452,2024.10816450595,2024.28121280511,NA
731,209,0.197790737689492,-75.7823003904632,36.7569292321859,-76.2783467362207,36.9169269784051,1.61471800116887,1.41692726347938,2024.09455898909,2024.29234972678,A/red-tailed_hawk/Virginia/W24-248F/2024|H5N1|USA-VA|2024-04-17|avian|B3.6
971,494,0.14201099319041,-76.2459760240977,38.1926641083211,-76.3628710603788,37.0948651819694,1.61471800116887,1.47270700797846,2024.15033873359,2024.29234972678,A/horned_grebe/Virginia/24-012236-004-original/2024|H5N1|USA-VA|2024-04-17|avian|B3.6
971,493,0.14201099319041,-76.2459760240977,38.1926641083211,-76.3695745360545,37.0674525363903,1.61471800116887,1.47270700797846,2024.15033873359,2024.29234972678,A/horned_grebe/Virginia/24-012236-002-original/2024|H5N1|USA-VA|2024-04-17|avian|B3.6
972,495,0.114768974122974,-75.69954512709,36.8620391628667,-76.4051269758477,37.0739726055694,1.61471800116887,1.49994902704589,2024.17758075265,2024.29234972678,A/horned_grebe/Virginia/24-012236-001-original/2024|H5N1|USA-VA|2024-04-17|avian|B3.6
972,496,0.114768974122974,-75.69954512709,36.8620391628667,-76.3731459401054,37.0705459449042,1.61471800116887,1.49994902704589,2024.17758075265,2024.29234972678,A/horned_grebe/Virginia/24-012236-003-original/2024|H5N1|USA-VA|2024-04-17|avian|B3.6
1060,1061,0.164120353094168,-81.4958739503724,24.5008563553357,-80.5621708528786,25.6281283862879,1.7677014325954,1.60358107950123,2024.28121280511,2024.4453331582,NA
1061,1062,0.0271595232577457,-80.5621708528786,25.6281283862879,-80.5730228704836,25.6307454291983,1.79486095585315,1.7677014325954,2024.4453331582,2024.47249268146,NA
1062,1065,0.012072291449726,-80.5730228704836,25.6307454291983,-81.2509788826995,25.9284547841985,1.80693324730287,1.79486095585315,2024.47249268146,2024.48456497291,NA
1065,1066,0.037849417274407,-81.2509788826995,25.9284547841985,-81.1322606070889,26.8263024692274,1.84478266457728,1.80693324730287,2024.48456497291,2024.52241439018,NA
1060,369,0.257038561011945,-81.4958739503724,24.5008563553357,-80.7419249794326,25.3260549392865,1.86061964051318,1.60358107950123,2024.28121280511,2024.53825136612,A/chicken/Florida/24-020698-001-original/2024|H5N1|USA-FL|2024-07-16|avian|B3.6
1061,368,0.0929182079177762,-80.5621708528786,25.6281283862879,-80.4136040840649,25.5252705545694,1.86061964051318,1.7677014325954,2024.4453331582,2024.53825136612,A/chicken/Florida/24-020699-001-original/2024|H5N1|USA-FL|2024-07-16|avian|B3.6
1065,367,0.0536863932103044,-81.2509788826995,25.9284547841985,-80.4255257467311,25.3319300256303,1.86061964051318,1.80693324730287,2024.48456497291,2024.53825136612,A/chicken/Florida/24-020700-001-original/2024|H5N1|USA-FL|2024-07-16|avian|B3.6
1057,1058,0.444677166542202,-82.5819764998793,27.0443690978666,-80.5234693514534,25.5594730316063,1.87520994688673,1.43053278034452,2024.10816450595,2024.55284167249,NA
1058,1059,0.00171480926047862,-80.5234693514534,25.5594730316063,-80.2516194480612,25.6561662568576,1.8769247561472,1.87520994688673,2024.55284167249,2024.55455648175,NA
1066,365,0.0322304185588818,-81.1322606070889,26.8263024692274,-80.9033010611496,26.6249561909379,1.87701308313616,1.84478266457728,2024.52241439018,2024.55464480874,A/chicken/Florida/24-021103-002-original/2024|H5N1|USA-FL|2024-07-22|avian|B3.6
1066,366,0.0322304185588818,-81.1322606070889,26.8263024692274,-81.2261873502725,26.6441193969109,1.87701308313616,1.84478266457728,2024.52241439018,2024.55464480874,A/chicken/Florida/24-021103-001-original/2024|H5N1|USA-FL|2024-07-22|avian|B3.6
1058,359,0.0263933001838013,-80.5234693514534,25.5594730316063,-80.5090530374352,25.5663679014472,1.90160324707053,1.87520994688673,2024.55284167249,2024.57923497268,A/chicken/Florida/24-022130-002-original/2024|H5N1|USA-FL|2024-07-31|avian|B3.6
1059,360,0.0246784909233224,-80.2516194480612,25.6561662568576,-80.6192662947571,25.7960778966205,1.90160324707053,1.8769247561472,2024.55455648175,2024.57923497268,A/chicken/Florida/24-022130-001-original/2024|H5N1|USA-FL|2024-07-31|avian|B3.6
1059,361,0.0246784909233224,-80.2516194480612,25.6561662568576,-80.6144068274794,25.6167641042481,1.90160324707053,1.8769247561472,2024.55455648175,2024.57923497268,A/chicken/Florida/24-022130-003-original/2024|H5N1|USA-FL|2024-07-31|avian|B3.6
1062,1063,0.133009135124323,-80.5730228704836,25.6307454291983,-81.695437273022,28.4497406107497,1.92787009097747,1.79486095585315,2024.47249268146,2024.60550181658,NA
1063,1064,0.0657577379146381,-81.695437273022,28.4497406107497,-81.500825671627,28.5750645256277,1.99362782889211,1.92787009097747,2024.60550181658,2024.6712595545,NA
1064,363,0.0363907187249379,-81.500825671627,28.5750645256277,-81.4183332667622,28.6233418955744,2.03001854761705,1.99362782889211,2024.6712595545,2024.70765027322,A/chicken/Florida/24-027090-001/2024|H5N1|USA-FL|2024-09-16|avian|B3.6
1063,362,0.110345177950955,-81.695437273022,28.4497406107497,-81.6407304266193,28.3934811260697,2.03821526892843,1.92787009097747,2024.60550181658,2024.71584699454,A/pigeon/Florida/24-027845-002/2024|H5N1|USA-FL|2024-09-19|avian|B3.6
1064,364,0.0445874400363164,-81.500825671627,28.5750645256277,-81.6421936759091,28.6525620311332,2.03821526892843,1.99362782889211,2024.6712595545,2024.71584699454,A/duck/Florida/24-027844-002-R2/2024|H5N1|USA-FL|2024-09-19|avian|B3.6
