node1,node2,length,startLon,startLat,endLon,endLat,endNodeL,startNodeL,startYear,endYear,tipLabel
679,680,0.0273553121720458,-111.398968142725,43.2532469047852,-111.073011699496,41.7495283960927,0.0273553121720458,0,2024.59000985906,2024.61736517123,NA
679,956,0.00128639948028986,-111.398968142725,43.2532469047852,-111.303216826406,43.2870240057338,0.00128639948028986,0,2024.59000985906,2024.59129625854,NA
680,681,0.00293729367174111,-111.073011699496,41.7495283960927,-109.198130237951,41.318603259307,0.0302926058437869,0.0273553121720458,2024.61736517123,2024.62030246491,NA
680,936,0.00990047333800192,-111.073011699496,41.7495283960927,-110.593021545426,41.5729029750511,0.0372557855100477,0.0273553121720458,2024.61736517123,2024.62726564457,NA
681,682,0.0074260706138205,-109.198130237951,41.318603259307,-109.267373194104,41.3205856822275,0.0377186764576074,0.0302926058437869,2024.62030246491,2024.62772853552,NA
956,961,0.040305874024227,-111.303216826406,43.2870240057338,-110.869062064107,41.4618255672827,0.0415922735045169,0.00128639948028986,2024.59129625854,2024.63160213257,NA
682,683,0.00768597434496487,-109.267373194104,41.3205856822275,-112.20245578185,41.2635566943767,0.0454046508025723,0.0377186764576074,2024.62772853552,2024.63541450986,NA
936,939,0.013606029843239,-110.593021545426,41.5729029750511,-115.245940591405,42.0435784968268,0.0508618153532867,0.0372557855100477,2024.62726564457,2024.64087167441,NA
961,962,0.0115485943779134,-110.869062064107,41.4618255672827,-110.919213099428,41.4958297244674,0.0531408678824303,0.0415922735045169,2024.63160213257,2024.64315072694,NA
962,1015,0.0135594922154425,-110.919213099428,41.4958297244674,-109.200668159215,41.9113954134697,0.0667003600978728,0.0531408678824303,2024.64315072694,2024.65671021916,NA
682,813,0.0294576632701464,-109.267373194104,41.3205856822275,-115.429215277022,41.1549079494323,0.0671763397277538,0.0377186764576074,2024.62772853552,2024.65718619879,NA
813,814,0.00135527893546228,-115.429215277022,41.1549079494323,-113.983278367192,40.4363097797944,0.0685316186632161,0.0671763397277538,2024.65718619879,2024.65854147772,NA
814,815,0.0035459815996739,-113.983278367192,40.4363097797944,-114.764335464919,40.9470326795244,0.07207760026289,0.0685316186632161,2024.65854147772,2024.66208745932,NA
683,684,0.0271659063202292,-112.20245578185,41.2635566943767,-112.337515325413,41.3005057350614,0.0725705571228015,0.0454046508025723,2024.63541450986,2024.66258041618,NA
683,690,0.0278778040624539,-112.20245578185,41.2635566943767,-102.75802168804,40.8759953976716,0.0732824548650262,0.0454046508025723,2024.63541450986,2024.66329231393,NA
962,963,0.0204077895918959,-110.919213099428,41.4958297244674,-108.675610382685,43.0346530423357,0.0735486574743263,0.0531408678824303,2024.64315072694,2024.66355851654,NA
939,940,0.0271884850797066,-115.245940591405,42.0435784968268,-115.462093743085,42.7432834249977,0.0780503004329933,0.0508618153532867,2024.64087167441,2024.66806015949,NA
963,968,0.00451776185543218,-108.675610382685,43.0346530423357,-108.936109902843,43.9569757192648,0.0780664193297584,0.0735486574743263,2024.66355851654,2024.66807627839,NA
1015,1016,0.0117158666278245,-109.200668159215,41.9113954134697,-113.289159506896,40.3187840520886,0.0784162267256974,0.0667003600978728,2024.65671021916,2024.66842608579,NA
968,969,0.00196272307239864,-108.936109902843,43.9569757192648,-108.401810800505,43.8542774972427,0.0800291424021571,0.0780664193297584,2024.66807627839,2024.67003900146,NA
690,691,0.00814275453770863,-102.75802168804,40.8759953976716,-102.838570073605,42.5610215324326,0.0814252094027348,0.0732824548650262,2024.66329231393,2024.67143506846,NA
691,692,0.00736379977412849,-102.838570073605,42.5610215324326,-94.9366255502599,39.0956591037266,0.0887890091768633,0.0814252094027348,2024.67143506846,2024.67879886824,NA
815,818,0.0172454267082367,-114.764335464919,40.9470326795244,-104.576067984383,40.3530829172719,0.0893230269711267,0.07207760026289,2024.66208745932,2024.67933288603,NA
1015,1021,0.0267066231378923,-109.200668159215,41.9113954134697,-108.690191072527,41.5401363884737,0.0934069832357651,0.0667003600978728,2024.65671021916,2024.6834168423,NA
818,819,0.00714648727898437,-104.576067984383,40.3530829172719,-101.052122181763,38.8726493599802,0.0964695142501111,0.0893230269711267,2024.67933288603,2024.68647937331,NA
1021,1022,0.00470500255436934,-108.690191072527,41.5401363884737,-107.844839267276,40.9305721514518,0.0981119857901345,0.0934069832357651,2024.6834168423,2024.68812184485,NA
690,801,0.0249337323172449,-102.75802168804,40.8759953976716,-102.984740893007,40.8720897984773,0.0982161871822711,0.0732824548650262,2024.66329231393,2024.68822604624,NA
969,1007,0.0191918229553103,-108.401810800505,43.8542774972427,-109.046825892376,40.0940475590427,0.0992209653574674,0.0800291424021571,2024.67003900146,2024.68923082442,NA
801,802,0.00242871667964661,-102.984740893007,40.8720897984773,-103.148343670133,40.8644237539829,0.100644903861918,0.0982161871822711,2024.68822604624,2024.69065476292,NA
1022,1023,0.00383894604238688,-107.844839267276,40.9305721514518,-108.168212978875,40.476262561366,0.101950931832521,0.0981119857901345,2024.68812184485,2024.69196079089,NA
692,695,0.0149539799647092,-94.9366255502599,39.0956591037266,-91.4355548008983,38.1825126660847,0.103742989141572,0.0887890091768633,2024.67879886824,2024.6937528482,NA
1023,1117,0.00182888489951205,-108.168212978875,40.476262561366,-107.89545165419,40.4512841431615,0.103779816732033,0.101950931832521,2024.69196079089,2024.69378967579,NA
681,934,0.0760863654391075,-109.198130237951,41.318603259307,-110.537682717174,48.4143135672932,0.106378971282894,0.0302926058437869,2024.62030246491,2024.69638883034,NA
684,686,0.034113845852507,-112.337515325413,41.3005057350614,-112.109151745315,41.5329754971724,0.106684402975308,0.0725705571228015,2024.66258041618,2024.69669426204,NA
695,696,0.00349851937562273,-91.4355548008983,38.1825126660847,-91.0934864502271,37.7317204296858,0.107241508517195,0.103742989141572,2024.6937528482,2024.69725136758,NA
1007,1008,0.00923912902116353,-109.046825892376,40.0940475590427,-108.280740182392,40.2549090744594,0.108460094378631,0.0992209653574674,2024.68923082442,2024.69846995344,NA
1016,1017,0.0308812004156935,-113.289159506896,40.3187840520886,-116.145796431886,41.1202949358969,0.109297427141391,0.0784162267256974,2024.66842608579,2024.6993072862,NA
939,944,0.0593306448323825,-115.245940591405,42.0435784968268,-113.064414106663,43.609696874241,0.110192460185669,0.0508618153532867,2024.64087167441,2024.70020231925,NA
1117,1135,0.00701865831235993,-107.89545165419,40.4512841431615,-107.676311388609,41.0400883180339,0.110798475044393,0.103779816732033,2024.69378967579,2024.70080833411,NA
944,945,0.0026286428626483,-113.064414106663,43.609696874241,-113.19812760636,43.6521334455312,0.112821103048317,0.110192460185669,2024.70020231925,2024.70283096211,NA
1117,1118,0.00912368836072508,-107.89545165419,40.4512841431615,-107.990881165142,40.3363173996505,0.112903505092758,0.103779816732033,2024.69378967579,2024.70291336415,NA
1021,1352,0.0209889518416047,-108.690191072527,41.5401363884737,-108.433985800645,41.9312266768665,0.11439593507737,0.0934069832357651,2024.6834168423,2024.70440579414,NA
1023,1024,0.0136765205977349,-108.168212978875,40.476262561366,-106.928867765694,41.2184107134159,0.115627452430256,0.101950931832521,2024.69196079089,2024.70563731149,NA
1024,1025,0.000296877881800217,-106.928867765694,41.2184107134159,-106.782985153795,41.3673119102115,0.115924330312057,0.115627452430256,2024.70563731149,2024.70593418937,NA
696,784,0.00881021339019106,-91.0934864502271,37.7317204296858,-91.5582353376948,37.6861297413344,0.116051721907386,0.107241508517195,2024.69725136758,2024.70606158097,NA
1007,1012,0.016848646031697,-109.046825892376,40.0940475590427,-111.950301519484,41.1225014905333,0.116069611389164,0.0992209653574674,2024.68923082442,2024.70607947045,NA
1352,1353,0.00343628200699131,-108.433985800645,41.9312266768665,-108.162702844805,42.0292522574528,0.117832217084361,0.11439593507737,2024.70440579414,2024.70784207615,NA
1118,1119,0.00505596244805639,-107.990881165142,40.3363173996505,-108.100050160447,40.3555343514317,0.117959467540815,0.112903505092758,2024.70291336415,2024.7079693266,NA
1025,1026,0.00360723572578769,-106.782985153795,41.3673119102115,-106.311339604664,40.8613692136422,0.119531566037844,0.115924330312057,2024.70593418937,2024.7095414251,NA
969,970,0.0407238391224038,-108.401810800505,43.8542774972427,-97.1026841986844,41.723867941053,0.120752981524561,0.0800291424021571,2024.67003900146,2024.71076284059,NA
784,785,0.00474071365719841,-91.5582353376948,37.6861297413344,-91.9597575472585,37.3533370545831,0.120792435564585,0.116051721907386,2024.70606158097,2024.71080229463,NA
1024,1055,0.0059163265060278,-106.928867765694,41.2184107134159,-107.131876468028,41.4037130181005,0.121543778936284,0.115627452430256,2024.70563731149,2024.711553638,NA
1135,1139,0.011111326214333,-107.676311388609,41.0400883180339,-107.614866709409,41.7245284697841,0.121909801258726,0.110798475044393,2024.70080833411,2024.71191966032,NA
819,900,0.0255749572009534,-101.052122181763,38.8726493599802,-100.103608659426,42.1561238107978,0.122044471451064,0.0964695142501111,2024.68647937331,2024.71205433051,NA
802,803,0.0214888182565092,-103.148343670133,40.8644237539829,-104.04708108181,39.2842100456083,0.122133722118427,0.100644903861918,2024.69065476292,2024.71214358118,NA
944,952,0.0125399552436121,-113.064414106663,43.609696874241,-114.228029357369,45.4262116718305,0.122732415429281,0.110192460185669,2024.70020231925,2024.71274227449,NA
1022,1348,0.0246983124056508,-107.844839267276,40.9305721514518,-108.542638982347,37.7479299949461,0.122810298195785,0.0981119857901345,2024.68812184485,2024.71282015726,NA
803,807,0.00206575237583739,-104.04708108181,39.2842100456083,-103.465046724291,40.2548334096542,0.124199474494264,0.122133722118427,2024.71214358118,2024.71420933356,NA
1139,1142,0.00276984248689649,-107.614866709409,41.7245284697841,-107.904960053782,41.8662818630755,0.124679643745623,0.121909801258726,2024.71191966032,2024.71468950281,NA
802,808,0.0246906363086523,-103.148343670133,40.8644237539829,-102.95273378128,40.9697662885957,0.12533554017057,0.100644903861918,2024.69065476292,2024.71534539923,NA
686,689,0.0189104451746749,-112.109151745315,41.5329754971724,-113.827846213794,41.1361761019337,0.125594848149983,0.106684402975308,2024.69669426204,2024.71560470721,NA
1142,1143,0.000921261197630363,-107.904960053782,41.8662818630755,-107.874442301372,41.8632906724725,0.125600904943253,0.124679643745623,2024.71468950281,2024.715610764,NA
1055,1062,0.0043926814327433,-107.131876468028,41.4037130181005,-113.76741453998,44.0341704058561,0.125936460369027,0.121543778936284,2024.711553638,2024.71594631943,NA
803,804,0.00481019193295351,-104.04708108181,39.2842100456083,-103.921223754232,39.0859222370234,0.12694391405138,0.122133722118427,2024.71214358118,2024.71695377311,NA
692,693,0.0385271401020439,-94.9366255502599,39.0956591037266,-94.5883216705112,42.0952022776848,0.127316149278907,0.0887890091768633,2024.67879886824,2024.71732600834,NA
1143,1153,0.00185904582731999,-107.874442301372,41.8632906724725,-112.667743572369,42.6980190330429,0.127459950770573,0.125600904943253,2024.715610764,2024.71746980983,NA
1143,1144,0.00189183169999452,-107.874442301372,41.8632906724725,-107.454681217924,41.2646711188698,0.127492736643248,0.125600904943253,2024.715610764,2024.7175025957,NA
963,964,0.0545602870841702,-108.675610382685,43.0346530423357,-111.456612803465,42.8123160578245,0.128108944558496,0.0735486574743263,2024.66355851654,2024.71811880362,NA
956,957,0.127147050984201,-111.303216826406,43.2870240057338,-116.184327797743,41.3537031084647,0.128433450464491,0.00128639948028986,2024.59129625854,2024.71844330953,NA
970,971,0.00769002334208024,-97.1026841986844,41.723867941053,-97.5055095070384,41.2517386854676,0.128443004866641,0.120752981524561,2024.71076284059,2024.71845286393,NA
1062,1065,0.00263740575065441,-113.76741453998,44.0341704058561,-113.613092443179,43.6879318358765,0.128573866119682,0.125936460369027,2024.71594631943,2024.71858372518,NA
971,974,0.000307952516857002,-97.5055095070384,41.2517386854676,-97.1885359957352,41.1819042810881,0.128750957383498,0.128443004866641,2024.71845286393,2024.71876081645,NA
696,697,0.0215787333859827,-91.0934864502271,37.7317204296858,-88.8824029243738,38.591117477036,0.128820241903178,0.107241508517195,2024.69725136758,2024.71883010096,NA
971,972,0.000721419825591596,-97.5055095070384,41.2517386854676,-97.4739122541858,41.3567618869446,0.129164424692233,0.128443004866641,2024.71845286393,2024.71917428375,NA
900,915,0.00731032345886318,-100.103608659426,42.1561238107978,-104.810890704053,41.4406024886415,0.129354794909928,0.122044471451064,2024.71205433051,2024.71936465397,NA
808,811,0.00404838721196676,-102.95273378128,40.9697662885957,-101.781025799992,41.3960376772227,0.129383927382537,0.12533554017057,2024.71534539923,2024.71939378644,NA
945,949,0.0165930451189094,-113.19812760636,43.6521334455312,-114.874713503185,41.8173673349739,0.129414148167227,0.112821103048317,2024.70283096211,2024.71942400723,NA
936,937,0.0922023357176842,-110.593021545426,41.5729029750511,-112.945530018882,40.6292298062782,0.129458121227732,0.0372557855100477,2024.62726564457,2024.71946798029,NA
697,699,0.000734981542209523,-88.8824029243738,38.591117477036,-89.1350279239863,38.4972325382316,0.129555223445387,0.128820241903178,2024.71883010096,2024.71956508251,NA
1065,1066,0.00149295538370864,-113.613092443179,43.6879318358765,-112.795609128777,43.1760211489804,0.13006682150339,0.128573866119682,2024.71858372518,2024.72007668056,NA
1066,1067,0.0002640119185362,-112.795609128777,43.1760211489804,-112.846729213602,43.1871043776959,0.130330833421927,0.13006682150339,2024.72007668056,2024.72034069248,NA
1144,1145,0.00303320954449315,-107.454681217924,41.2646711188698,-108.491164523694,41.2998782804207,0.130525946187741,0.127492736643248,2024.7175025957,2024.72053580525,NA
1067,1068,0.000293045411285719,-112.846729213602,43.1871043776959,-112.493168304393,43.4023633911993,0.130623878833212,0.130330833421927,2024.72034069248,2024.72063373789,NA
785,786,0.00991865443488615,-91.9597575472585,37.3533370545831,-92.7429295994941,37.774891195768,0.130711089999471,0.120792435564585,2024.71080229463,2024.72072094906,NA
699,705,0.0012255185822263,-89.1350279239863,38.4972325382316,-89.1900434645247,38.6062306452595,0.130780742027614,0.129555223445387,2024.71956508251,2024.72079060109,NA
1153,1340,0.00358607270605016,-112.667743572369,42.6980190330429,-112.624442874416,42.6571343679902,0.131046023476623,0.127459950770573,2024.71746980983,2024.72105588254,NA
819,820,0.0346149872861596,-101.052122181763,38.8726493599802,-101.876477308512,39.1376656375114,0.131084501536271,0.0964695142501111,2024.68647937331,2024.7210943606,NA
957,958,0.00268969033125432,-116.184327797743,41.3537031084647,-116.211863962691,41.460808290816,0.131123140795746,0.128433450464491,2024.71844330953,2024.72113299986,NA
1008,1009,0.0227429804353216,-108.280740182392,40.2549090744594,-108.292664031437,40.2478069606786,0.131203074813953,0.108460094378631,2024.69846995344,2024.72121293388,NA
1153,1154,0.00380982548247033,-112.667743572369,42.6980190330429,-114.010680444517,43.662879792609,0.131269776253043,0.127459950770573,2024.71746980983,2024.72127963531,NA
1026,1027,0.0120206483013543,-106.311339604664,40.8613692136422,-103.073967089827,40.0776921677122,0.131552214339199,0.119531566037844,2024.7095414251,2024.7215620734,NA
1118,1124,0.0187875948589513,-107.990881165142,40.3363173996505,-107.889062801572,40.247924021622,0.13169109995171,0.112903505092758,2024.70291336415,2024.72170095901,NA
970,999,0.0114680443933461,-97.1026841986844,41.723867941053,-97.3047161805071,41.9472250284395,0.132221025917907,0.120752981524561,2024.71076284059,2024.72223088498,NA
684,685,0.0597267413259204,-112.337515325413,41.3005057350614,-111.316741756466,42.0983372983352,0.132297298448722,0.0725705571228015,2024.66258041618,2024.72230715751,NA
1027,1029,0.00086317688966564,-103.073967089827,40.0776921677122,-103.142960913032,39.9672343121928,0.132415391228864,0.131552214339199,2024.7215620734,2024.72242525029,NA
915,921,0.00306603950281636,-104.810890704053,41.4406024886415,-105.545963420868,41.1981711835174,0.132420834412744,0.129354794909928,2024.71936465397,2024.72243069347,NA
940,941,0.0545161076709531,-115.462093743085,42.7432834249977,-113.430099498146,41.8778521061159,0.132566408103946,0.0780503004329933,2024.66806015949,2024.72257626717,NA
949,950,0.00315705215671791,-114.874713503185,41.8173673349739,-114.999371225884,41.8930816106063,0.132571200323945,0.129414148167227,2024.71942400723,2024.72258105939,NA
964,965,0.00460169762160323,-111.456612803465,42.8123160578245,-110.880386979531,43.4652300260118,0.1327106421801,0.128108944558496,2024.71811880362,2024.72272050124,NA
705,706,0.00196916345450782,-89.1900434645247,38.6062306452595,-89.1471242913713,38.936857460407,0.132749905482122,0.130780742027614,2024.72079060109,2024.72275976454,NA
1055,1056,0.0114249974381773,-107.131876468028,41.4037130181005,-104.113958839888,40.7543917771106,0.132968776374461,0.121543778936284,2024.711553638,2024.72297863544,NA
1119,1120,0.0150439114110499,-108.100050160447,40.3555343514317,-109.491325319699,41.525658775793,0.133003378951865,0.117959467540815,2024.7079693266,2024.72301323801,NA
686,687,0.0264251999921059,-112.109151745315,41.5329754971724,-111.594807732983,40.9539885138763,0.133109602967414,0.106684402975308,2024.69669426204,2024.72311946203,NA
706,751,0.00055499009259119,-89.1471242913713,38.936857460407,-89.3862003673171,38.937506729749,0.133304895574713,0.132749905482122,2024.72275976454,2024.72331475464,NA
974,975,0.00457813350337233,-97.1885359957352,41.1819042810881,-96.7906604054459,41.1341125892592,0.133329090886871,0.128750957383498,2024.71876081645,2024.72333894995,NA
820,898,0.00239698449141668,-101.876477308512,39.1376656375114,-100.833474792441,40.2636003821561,0.133481486027687,0.131084501536271,2024.7210943606,2024.72349134509,NA
706,707,0.000831154368303944,-89.1471242913713,38.936857460407,-89.2403590436438,39.0015351183785,0.133581059850425,0.132749905482122,2024.72275976454,2024.72359091891,NA
1068,1073,0.00303501051997546,-112.493168304393,43.4023633911993,-115.005750898165,43.0956473623811,0.133658889353188,0.130623878833212,2024.72063373789,2024.72366874841,NA
1017,1018,0.0243901627343197,-116.145796431886,41.1202949358969,-116.625647315617,41.333411514197,0.133687589875711,0.109297427141391,2024.6993072862,2024.72369744894,NA
815,816,0.0616935559158771,-114.764335464919,40.9470326795244,-109.865681518046,42.7557004962544,0.133771156178767,0.07207760026289,2024.66208745932,2024.72378101524,NA
1340,1341,0.00277065703990331,-112.624442874416,42.6571343679902,-113.24347445796,42.5136514300482,0.133816680516527,0.131046023476623,2024.72105588254,2024.72382653958,NA
937,938,0.00467545970552785,-112.945530018882,40.6292298062782,-113.176791542327,40.5694777076503,0.13413358093326,0.129458121227732,2024.71946798029,2024.72414343999,NA
940,943,0.0564893691943615,-115.462093743085,42.7432834249977,-115.851968479605,42.4184676876151,0.134539669627355,0.0780503004329933,2024.66806015949,2024.72454952869,NA
945,946,0.0218438700099319,-113.19812760636,43.6521334455312,-112.600919258779,43.4268002464013,0.134664973058249,0.112821103048317,2024.70283096211,2024.72467483212,NA
1154,1155,0.00341137487916021,-114.010680444517,43.662879792609,-113.984391183816,43.6752077410737,0.134681151132204,0.131269776253043,2024.72127963531,2024.72469101019,NA
934,935,0.0283037094089926,-110.537682717174,48.4143135672932,-109.911052903768,49.5579489680255,0.134682680691887,0.106378971282894,2024.69638883034,2024.72469253975,NA
1139,1140,0.0127960062898114,-107.614866709409,41.7245284697841,-108.096161856341,40.9374869016302,0.134705807548538,0.121909801258726,2024.71191966032,2024.72471566661,NA
1056,1057,0.00215353434586008,-104.113958839888,40.7543917771106,-103.161791130601,38.902179313687,0.135122310720321,0.132968776374461,2024.72297863544,2024.72513216978,NA
1029,1030,0.00277470515524469,-103.142960913032,39.9672343121928,-103.111527751328,39.8788425688154,0.135190096384109,0.132415391228864,2024.72242525029,2024.72519995545,NA
705,754,0.00445663012679098,-89.1900434645247,38.6062306452595,-89.3667081800301,38.4159554361199,0.135237372154405,0.130780742027614,2024.72079060109,2024.72524723122,NA
1056,1058,0.002370666320197,-104.113958839888,40.7543917771106,-105.21132785818,42.0150455062214,0.135339442694658,0.132968776374461,2024.72297863544,2024.72534930176,NA
687,688,0.00240843216479836,-111.594807732983,40.9539885138763,-114.256613612259,41.9141546293558,0.135518035132213,0.133109602967414,2024.72311946203,2024.72552789419,NA
784,797,0.0196023702490815,-91.5582353376948,37.6861297413344,-91.42404935199,37.3617246919616,0.135654092156468,0.116051721907386,2024.70606158097,2024.72566395122,NA
900,901,0.0136330821679123,-100.103608659426,42.1561238107978,-96.2899526551243,39.6990233768664,0.135677553618977,0.122044471451064,2024.71205433051,2024.72568741268,NA
1030,1048,0.000492194074428243,-103.111527751328,39.8788425688154,-103.060150895903,39.7864750502354,0.135682290458537,0.135190096384109,2024.72519995545,2024.72569214952,NA
1155,1156,0.00101870196772902,-113.984391183816,43.6752077410737,-113.495871397281,44.1158725490171,0.135699853099933,0.134681151132204,2024.72469101019,2024.72570971216,NA
1030,1031,0.000572509381494779,-103.111527751328,39.8788425688154,-102.935153033865,39.869635674808,0.135762605765604,0.135190096384109,2024.72519995545,2024.72577246483,NA
1120,1121,0.00281176992471965,-109.491325319699,41.525658775793,-109.56630604226,41.6282741773506,0.135815148876584,0.133003378951865,2024.72301323801,2024.72582500794,NA
974,979,0.00706784206327327,-97.1885359957352,41.1819042810881,-96.951953111512,41.2416077759743,0.135818799446771,0.128750957383498,2024.71876081645,2024.72582865851,NA
707,708,0.00232712884782726,-89.2403590436438,39.0015351183785,-89.0355256954229,38.9478967295158,0.135908188698253,0.133581059850425,2024.72359091891,2024.72591804776,NA
797,798,0.00033570402363825,-91.42404935199,37.3617246919616,-91.6116502329019,37.5261687555196,0.135989796180106,0.135654092156468,2024.72566395122,2024.72599965524,NA
979,980,0.00272972118109593,-96.951953111512,41.2416077759743,-98.0776147581149,40.5907894549101,0.138548520627867,0.135818799446771,2024.72582865851,2024.72855837969,NA
968,1014,0.0630699307093918,-108.936109902843,43.9569757192648,-107.152176837659,46.0113110984393,0.14113635003915,0.0780664193297584,2024.66807627839,2024.7311462091,NA
1058,1059,0.00588755603971447,-105.21132785818,42.0150455062214,-104.84375622643,42.2581062851609,0.141226998734373,0.135339442694658,2024.72534930176,2024.7312368578,NA
801,265,0.046746631351686,-102.984740893007,40.8720897984773,-133.712638387453,57.8362653139132,0.144962818533957,0.0982161871822711,2024.68822604624,2024.7349726776,SRR34491577|A/green_winged_teal/AK/24-029315-007/2024|H5N1|USA-AK|Juneau|2024-09-26|wild_avian|D1.1
1065,1075,0.0213324408475344,-113.613092443179,43.6879318358765,-111.884002256751,42.9421565152569,0.149906306967216,0.128573866119682,2024.71858372518,2024.73991616603,NA
972,973,0.022820459128746,-97.4739122541858,41.3567618869446,-95.2325865801832,41.4258140692018,0.151984883820979,0.129164424692233,2024.71917428375,2024.74199474288,NA
707,738,0.020187394601616,-89.2403590436438,39.0015351183785,-86.1039812169502,36.3176023988477,0.153768454452041,0.133581059850425,2024.72359091891,2024.74377831351,NA
820,821,0.0252747348928017,-101.876477308512,39.1376656375114,-70.5484255747231,41.7496805751219,0.156359236429072,0.131084501536271,2024.7210943606,2024.74636909549,NA
708,710,0.020518859456409,-89.0355256954229,38.9478967295158,-90.1328034767276,37.6580551164268,0.156427048154662,0.135908188698253,2024.72591804776,2024.74643690722,NA
979,993,0.0214470064444732,-96.951953111512,41.2416077759743,-97.1464968084749,41.5109300841093,0.157265805891245,0.135818799446771,2024.72582865851,2024.74727566495,NA
1027,1028,0.0257787240420768,-103.073967089827,40.0776921677122,-101.977451931408,38.7517802968624,0.157330938381275,0.131552214339199,2024.7215620734,2024.74734079744,NA
697,698,0.0295002297974387,-88.8824029243738,38.591117477036,-88.5232805220133,38.7239651793782,0.158320471700617,0.128820241903178,2024.71883010096,2024.74833033076,NA
980,981,0.0198593325162157,-98.0776147581149,40.5907894549101,-99.883831798423,41.2946535230489,0.158407853144083,0.138548520627867,2024.72855837969,2024.74841771221,NA
1062,1063,0.0331565871751689,-113.76741453998,44.0341704058561,-114.882824586727,47.7205821845796,0.159093047544196,0.125936460369027,2024.71594631943,2024.74910290661,NA
1063,1064,0.000750249528944646,-114.882824586727,47.7205821845796,-114.88185752601,47.7194561383833,0.159843297073141,0.159093047544196,2024.74910290661,2024.74985315613,NA
1348,1349,0.0383482697958013,-108.542638982347,37.7479299949461,-95.2960388500218,31.5071771703755,0.161158567991587,0.122810298195785,2024.71282015726,2024.75116842705,NA
710,711,0.00525237871413164,-90.1328034767276,37.6580551164268,-89.5200543796344,37.2864939407266,0.161679426868793,0.156427048154662,2024.74643690722,2024.75168928593,NA
981,982,0.00340024580890641,-99.883831798423,41.2946535230489,-101.592969949533,41.9579692273552,0.16180809895299,0.158407853144083,2024.74841771221,2024.75181795801,NA
1341,1342,0.0285170787290561,-113.24347445796,42.5136514300482,-116.216265327192,42.6554951507973,0.162333759245583,0.133816680516527,2024.72382653958,2024.75234361831,NA
821,846,0.00634816616821965,-70.5484255747231,41.7496805751219,-71.7052793277886,41.7633050519184,0.162707402597292,0.156359236429072,2024.74636909549,2024.75271726166,NA
941,942,0.030377449053582,-113.430099498146,41.8778521061159,-114.096645123203,42.5938785856223,0.162943857157528,0.132566408103946,2024.72257626717,2024.75295371622,NA
1068,1069,0.0327492750175655,-112.493168304393,43.4023633911993,-114.715216623284,44.9014948609696,0.163373153850778,0.130623878833212,2024.72063373789,2024.75338301291,NA
816,817,0.0297176701258157,-109.865681518046,42.7557004962544,-113.344387811949,42.6002016690335,0.163488826304583,0.133771156178767,2024.72378101524,2024.75349868537,NA
738,739,0.0101208038995964,-86.1039812169502,36.3176023988477,-88.3238914029224,36.164188771192,0.163889258351638,0.153768454452041,2024.74377831351,2024.75389911741,NA
1140,1141,0.0293919776290679,-108.096161856341,40.9374869016302,-108.631875208373,36.7461797831276,0.164097785177606,0.134705807548538,2024.72471566661,2024.75410764424,NA
798,799,0.0282202814247696,-91.6116502329019,37.5261687555196,-92.0428000550467,36.9587339042148,0.164210077604876,0.135989796180106,2024.72599965524,2024.75421993667,NA
1008,1011,0.0558186601443731,-108.280740182392,40.2549090744594,-120.340873405014,39.01256429255,0.164278754523004,0.108460094378631,2024.69846995344,2024.75428861358,NA
846,869,0.00170928131093517,-71.7052793277886,41.7633050519184,-71.6958064029007,41.7808882199364,0.164416683908227,0.162707402597292,2024.75271726166,2024.75442654297,NA
786,787,0.0339759815415921,-92.7429295994941,37.774891195768,-91.7809972520714,44.5178866972736,0.164687071541063,0.130711089999471,2024.72072094906,2024.7546969306,NA
1342,1343,0.00288231299272579,-116.216265327192,42.6554951507973,-114.385486058805,42.6914273715792,0.165216072238308,0.162333759245583,2024.75234361831,2024.7552259313,NA
952,954,0.0425012764083323,-114.228029357369,45.4262116718305,-108.31557590352,47.2692879937384,0.165233691837614,0.122732415429281,2024.71274227449,2024.7552435509,NA
975,978,0.0319096008944735,-96.7906604054459,41.1341125892592,-94.4232389829176,42.7867767035019,0.165238691781344,0.133329090886871,2024.72333894995,2024.75524855084,NA
1144,1151,0.0381292004305349,-107.454681217924,41.2646711188698,-106.811028157173,41.5845279370876,0.165621937073783,0.127492736643248,2024.7175025957,2024.75563179614,NA
1352,1354,0.0514611884017635,-108.433985800645,41.9312266768665,-108.437147029696,41.6383666529348,0.165857123479133,0.11439593507737,2024.70440579414,2024.75586698254,NA
915,916,0.0365599669162595,-104.810890704053,41.4406024886415,-107.374449966225,42.1841002125457,0.165914761826187,0.129354794909928,2024.71936465397,2024.75592462089,NA
821,822,0.00962107528160394,-70.5484255747231,41.7496805751219,-70.4097552957176,42.0012899559384,0.165980311710676,0.156359236429072,2024.74636909549,2024.75599017077,NA
954,955,0.000774883855887643,-108.31557590352,47.2692879937384,-109.031291623551,47.4092846071513,0.166008575693501,0.165233691837614,2024.7552435509,2024.75601843476,NA
1069,1070,0.00272017426595017,-114.715216623284,44.9014948609696,-113.970666604528,44.7512423068789,0.166093328116728,0.163373153850778,2024.75338301291,2024.75610318718,NA
965,966,0.0346708325693788,-110.880386979531,43.4652300260118,-118.947819557148,41.5123840337603,0.167381474749478,0.1327106421801,2024.72272050124,2024.75739133381,NA
1075,1076,0.0182443833525157,-111.884002256751,42.9421565152569,-92.8140197130162,37.8793571973502,0.168150690319732,0.149906306967216,2024.73991616603,2024.75816054938,NA
1031,1034,0.0324424040010356,-102.935153033865,39.869635674808,-93.2753166019351,40.159805718479,0.168205009766639,0.135762605765604,2024.72577246483,2024.75821486883,NA
699,700,0.038877111306193,-89.1350279239863,38.4972325382316,-94.2860878507924,42.3216418184619,0.16843233475158,0.129555223445387,2024.71956508251,2024.75844219381,NA
1145,1150,0.0382196731878397,-108.491164523694,41.2998782804207,-114.955918211949,41.1978199762213,0.168745619375581,0.130525946187741,2024.72053580525,2024.75875547844,NA
786,796,0.0382464718791706,-92.7429295994941,37.774891195768,-91.813681149123,37.3006547907095,0.168957561878641,0.130711089999471,2024.72072094906,2024.75896742094,NA
754,771,0.0337915958442334,-89.3667081800301,38.4159554361199,-88.3381312092417,39.0722412480508,0.169028967998638,0.135237372154405,2024.72524723122,2024.75903882706,NA
950,951,0.0366316830334423,-114.999371225884,41.8930816106063,-114.665212671855,40.7658345790297,0.169202883357387,0.132571200323945,2024.72258105939,2024.75921274242,NA
711,712,0.00812982584337041,-89.5200543796344,37.2864939407266,-89.6711687304938,38.3790826474642,0.169809252712164,0.161679426868793,2024.75168928593,2024.75981911177,NA
1155,1157,0.0352016861347046,-113.984391183816,43.6752077410737,-115.01776335882,44.9181325264644,0.169882837266908,0.134681151132204,2024.72469101019,2024.75989269633,NA
1076,1077,0.00179973838532166,-92.8140197130162,37.8793571973502,-92.9808334019533,38.94397498838,0.169950428705054,0.168150690319732,2024.75816054938,2024.75996028777,NA
822,836,0.00458181921104983,-70.4097552957176,42.0012899559384,-69.7554242041706,41.8052970701588,0.170562130921726,0.165980311710676,2024.75599017077,2024.76057198998,NA
1066,1074,0.040959226848253,-112.795609128777,43.1760211489804,-106.048996021741,41.8027704028329,0.171026048351643,0.13006682150339,2024.72007668056,2024.76103590741,NA
799,800,0.00741717266780983,-92.0428000550467,36.9587339042148,-92.0209980379685,37.0194269815534,0.171627250272685,0.164210077604876,2024.75421993667,2024.76163710933,NA
846,847,0.00919227440628445,-71.7052793277886,41.7633050519184,-72.6025648739155,41.779247887902,0.171899677003577,0.162707402597292,2024.75271726166,2024.76190953607,NA
1349,1350,0.0109247517494524,-95.2960388500218,31.5071771703755,-94.629977129378,31.8923363634026,0.172083319741039,0.161158567991587,2024.75116842705,2024.7620931788,NA
1034,1035,0.00393767019180347,-93.2753166019351,40.159805718479,-92.8357911324981,39.9734106817811,0.172142679958443,0.168205009766639,2024.75821486883,2024.76215253902,NA
916,917,0.00635941921485617,-107.374449966225,42.1841002125457,-107.47553895447,42.2552445698167,0.172274181041043,0.165914761826187,2024.75592462089,2024.7622840401,NA
869,877,0.00803439102896975,-71.6958064029007,41.7808882199364,-73.7951601244386,41.6147009494482,0.172451074937197,0.164416683908227,2024.75442654297,2024.762460934,NA
952,953,0.0498560716779255,-114.228029357369,45.4262116718305,-116.251757908308,48.0789463065932,0.172588487107207,0.122732415429281,2024.71274227449,2024.76259834617,NA
818,922,0.0842154987863875,-104.576067984383,40.3530829172719,-105.038593273968,40.5295238787508,0.173538525757514,0.0893230269711267,2024.67933288603,2024.76354838482,NA
1035,1036,0.0018618402620445,-92.8357911324981,39.9734106817811,-92.5826017430279,40.0829997306662,0.174004520220487,0.172142679958443,2024.76215253902,2024.76401437928,NA
1154,1339,0.0429879266426836,-114.010680444517,43.662879792609,-115.243617453228,43.3899765156013,0.174257702895727,0.131269776253043,2024.72127963531,2024.76426756196,NA
847,848,0.00258196325033033,-72.6025648739155,41.779247887902,-71.8518242257472,41.5985017355845,0.174481640253907,0.171899677003577,2024.76190953607,2024.76449149932,NA
1121,1122,0.0388280022128586,-109.56630604226,41.6282741773506,-109.415081435093,41.3573555382776,0.174643151089443,0.135815148876584,2024.72582500794,2024.76465301015,NA
771,772,0.00616174207112929,-88.3381312092417,39.0722412480508,-87.5616411301159,39.1866866109731,0.175190710069767,0.169028967998638,2024.75903882706,2024.76520056913,NA
712,713,0.00585316146537673,-89.6711687304938,38.3790826474642,-89.3508582472662,38.3079633479213,0.17566241417754,0.169809252712164,2024.75981911177,2024.76567227324,NA
1016,1020,0.0973487401842146,-113.289159506896,40.3187840520886,-119.025934710389,42.4065607611378,0.175764966909912,0.0784162267256974,2024.66842608579,2024.76577482597,NA
713,727,0.000329584107141345,-89.3508582472662,38.3079633479213,-90.2898558297563,38.0409634496861,0.175991998284682,0.17566241417754,2024.76567227324,2024.76600185735,NA
1157,1158,0.00651112024583167,-115.01776335882,44.9181325264644,-117.204736379704,45.8149369493503,0.17639395751274,0.169882837266908,2024.75989269633,2024.76640381657,NA
877,878,0.0127236578110266,-73.7951601244386,41.6147009494482,-75.2255135913197,42.4427158217011,0.185174732748224,0.172451074937197,2024.762460934,2024.77518459181,NA
813,4,0.121502325800677,-115.429215277022,41.1549079494323,-117.924058580189,39.3482238239673,0.18867866552843,0.0671763397277538,2024.65718619879,2024.77868852459,SRR34491317|A/mallard/NV/24-030919-002/2024|H5N1|USA-NV|Churchill|2024-10-12|wild_avian|D1.1
1142,1345,0.0651998988993139,-107.904960053782,41.8662818630755,-105.235338179493,40.8366932165147,0.189879542644937,0.124679643745623,2024.71468950281,2024.77988940171,NA
739,740,0.0262991856927877,-88.3238914029224,36.164188771192,-89.0830964989716,37.2310666775072,0.190188444044425,0.163889258351638,2024.75389911741,2024.78019830311,NA
1031,1032,0.056951169542466,-102.935153033865,39.869635674808,-102.197714430673,40.2999583655035,0.19271377530807,0.135762605765604,2024.72577246483,2024.78272363437,NA
965,630,0.0641647446599367,-110.880386979531,43.4652300260118,-162.275451170906,55.4710310541926,0.196875386840036,0.1327106421801,2024.72272050124,2024.7868852459,SRR36617615|A/northern_pintail/AK/24-037862-007/2024|H5N1|USA-AK|Aleutians_East|2024-10-15|wild_avian|D1.1
953,252,0.0242868997328296,-116.251757908308,48.0789463065932,-119.348003339345,47.4445343129617,0.196875386840036,0.172588487107207,2024.76259834617,2024.7868852459,SRR34491564|A/northern_pintail/WA/24-030720-008/2024|H5N1|USA-WA|Grant|2024-10-15|wild_avian|D1.1
712,734,0.0322573451799979,-89.6711687304938,38.3790826474642,-89.2244144758355,38.2316292066408,0.202066597892162,0.169809252712164,2024.75981911177,2024.79207645695,NA
1157,335,0.0324570304473804,-115.01776335882,44.9181325264644,-124.960660385878,50.782618672591,0.202339867714289,0.169882837266908,2024.75989269633,2024.79234972678,EPI_ISL_19787968|A/Canada_Goose/BC/AIVPHL-2656/2024|H5N1|Canada-BC|Unknown|2024-10-17|wild_avian|D1.1
808,809,0.0808332682221162,-102.95273378128,40.9697662885957,-99.6443089202014,41.1562750442422,0.206168808392686,0.12533554017057,2024.71534539923,2024.79617866745,NA
1348,615,0.0849940503927558,-108.542638982347,37.7479299949461,-116.235352000478,32.6591102986779,0.207804348588541,0.122810298195785,2024.71282015726,2024.79781420765,SRR34491407|A/american_white_pelican/CA/24-031867-001/2024|H5N1|USA-CA|San_Diego|2024-10-19|wild_avian|D1.1
1341,558,0.0739876680720144,-113.24347445796,42.5136514300482,-111.554407708694,46.7519614602632,0.207804348588541,0.133816680516527,2024.72382653958,2024.79781420765,SRR36628568|A/green_winged_teal/MT/24-031811-004/2024|H5N1|USA-MT|Broadwater|2024-10-19|wild_avian|D1.1
688,241,0.0722863134563283,-114.256613612259,41.9141546293558,-119.197213090867,47.2999932871213,0.207804348588541,0.135518035132213,2024.72552789419,2024.79781420765,SRR34491467|A/mallard/WA/24-031817-001/2024|H5N1|USA-WA|Grant|2024-10-19|wild_avian|D1.1
1048,1049,0.0724399983475155,-103.060150895903,39.7864750502354,-102.784300681766,39.7740238177542,0.208122288806053,0.135682290458537,2024.72569214952,2024.79813214787,NA
901,914,0.0759494692320135,-96.2899526551243,39.6990233768664,-91.2059755155297,39.4827663762529,0.21162702285099,0.135677553618977,2024.72568741268,2024.80163688191,NA
1018,285,0.0795812395873101,-116.625647315617,41.333411514197,-123.090076787263,44.7918422302125,0.213268829463021,0.133687589875711,2024.72369744894,2024.80327868852,SRR34491396|A/cackling_goose/OR/24-031821-001/2024|H5N1|USA-OR|Marion|2024-10-21|wild_avian|D1.1
1026,588,0.0964695038623027,-106.311339604664,40.8613692136422,-123.631370560902,44.6530871728534,0.216001069900147,0.119531566037844,2024.7095414251,2024.80601092896,SRR34491351|A/canada_goose/OR/24-033934-001/2024|H5N1|USA-OR|Lincoln|2024-10-22|wild_avian|D1.1
1076,1109,0.0495949291720659,-92.8140197130162,37.8793571973502,-88.9773042919811,37.4968682041609,0.217745619491798,0.168150690319732,2024.75816054938,2024.80775547855,NA
1049,1050,0.0100216894193521,-102.784300681766,39.7740238177542,-105.823105058309,39.9937708133422,0.218143978225405,0.208122288806053,2024.79813214787,2024.80815383729,NA
958,959,0.0873807833103151,-116.211863962691,41.460808290816,-118.956565140431,38.820585485781,0.218503924106061,0.131123140795746,2024.72113299986,2024.80851378317,NA
1156,333,0.0830334572373403,-113.495871397281,44.1158725490171,-117.572829993021,53.3188849140709,0.218733310337273,0.135699853099933,2024.72570971216,2024.8087431694,EPI_ISL_20208389|A/Cackling_Goose/AB/FAV-0398-1/2024|H5N1|Canada-AB|Unknown|2024-10-23|wild_avian|D1.1
878,886,0.0336883831191526,-75.2255135913197,42.4427158217011,-76.4576695225589,41.0867697291174,0.218863115867376,0.185174732748224,2024.77518459181,2024.80887297493,NA
877,888,0.0464782663592838,-73.7951601244386,41.6147009494482,-75.9281129457636,41.2923796343928,0.218929341296481,0.172451074937197,2024.762460934,2024.80893920036,NA
1049,1054,0.0119780391942548,-102.784300681766,39.7740238177542,-99.8772843927811,37.9832013278659,0.220100328000307,0.208122288806053,2024.79813214787,2024.81011018706,NA
848,849,0.0456531164099785,-71.8518242257472,41.5985017355845,-71.6849108624492,41.5882887439005,0.220134756663885,0.174481640253907,2024.76449149932,2024.81014461573,NA
787,788,0.0558623907512212,-91.7809972520714,44.5178866972736,-90.8771223517249,42.8072222185392,0.220549462292284,0.164687071541063,2024.7546969306,2024.81055932135,NA
727,729,0.0445833582064725,-90.2898558297563,38.0409634496861,-88.8241782868529,39.2446576867546,0.220575356491154,0.175991998284682,2024.76600185735,2024.81058521555,NA
917,919,0.048645697369829,-107.47553895447,42.2552445698167,-112.566363632155,43.8048671292723,0.220919878410872,0.172274181041043,2024.7622840401,2024.81092973747,NA
1109,1112,0.00326719676969356,-88.9773042919811,37.4968682041609,-88.1744991532745,37.1076109898457,0.221012816261491,0.217745619491798,2024.80775547855,2024.81102267532,NA
1343,1344,0.0558404424748333,-114.385486058805,42.6914273715792,-122.276280751373,44.8840095407551,0.221056514713142,0.165216072238308,2024.7552259313,2024.81106637377,NA
713,714,0.0454306239629019,-89.3508582472662,38.3079633479213,-87.2878845604753,41.3331712853049,0.221093038140442,0.17566241417754,2024.76567227324,2024.8111028972,NA
771,779,0.0523524941639799,-88.3381312092417,39.0722412480508,-86.0776776225537,36.5987032995694,0.221381462162618,0.169028967998638,2024.75903882706,2024.81139132122,NA
1135,1136,0.110642335933091,-107.676311388609,41.0400883180339,-133.507597816312,57.7459949300534,0.221440810977485,0.110798475044393,2024.70080833411,2024.81145067004,NA
954,249,0.0562318589367856,-108.31557590352,47.2692879937384,-93.7725506349694,47.0595496590414,0.221465550774399,0.165233691837614,2024.7552435509,2024.81147540984,SRR34491527|A/american_coot/MN/24-032215-004/2024|H5N1|USA-MN|Itasca|2024-10-24|wild_avian|D1.1
955,250,0.055456975080898,-109.031291623551,47.4092846071513,-94.3937558866842,47.8213798191482,0.221465550774399,0.166008575693501,2024.75601843476,2024.81147540984,SRR34491441|A/american_coot/MN/24-032215-006/2024|H5N1|USA-MN|Itasca|2024-10-24|wild_avian|D1.1
729,730,0.00183228059252949,-88.8241782868529,39.2446576867546,-88.716572739422,39.2180797661817,0.222407637083684,0.220575356491154,2024.81058521555,2024.81241749615,NA
1158,1161,0.0460201043657116,-117.204736379704,45.8149369493503,-104.931014602703,43.564353505698,0.222414061878452,0.17639395751274,2024.76640381657,2024.81242392094,NA
917,918,0.0504131484771755,-107.47553895447,42.2552445698167,-107.243231475354,42.3539669962484,0.222687329518219,0.172274181041043,2024.7622840401,2024.81269718858,NA
1136,1137,0.00204061990233462,-133.507597816312,57.7459949300534,-135.367089859129,57.7556092804293,0.223481430879819,0.221440810977485,2024.81145067004,2024.81349128994,NA
714,715,0.00268358228110999,-87.2878845604753,41.3331712853049,-87.2703140959515,41.2447602000553,0.223776620421552,0.221093038140442,2024.8111028972,2024.81378647948,NA
751,752,0.0907726503168647,-89.3862003673171,38.937506729749,-89.2926882199607,38.039589990125,0.224077545891577,0.133304895574713,2024.72331475464,2024.81408740495,NA
898,899,0.0906617143484159,-100.833474792441,40.2636003821561,-92.9904213240167,41.3813928996817,0.224143200376103,0.133481486027687,2024.72349134509,2024.81415305944,NA
689,242,0.098602943061542,-113.827846213794,41.1361761019337,-103.048883227836,49.3818195420768,0.224197791211525,0.125594848149983,2024.71560470721,2024.81420765027,EPI_ISL_20208420|A/Chicken/SK/FAV-0272-1/2024|H5N1|Canada-SK|Unknown|2024-10-25|domestic_avian|D1.1
811,275,0.0948138638289886,-101.781025799992,41.3960376772227,-136.375611954087,59.4168079530749,0.224197791211525,0.129383927382537,2024.71939378644,2024.81420765027,SRR34491422|A/bald_eagle/AK/24-032749-001/2024|H5N1|USA-AK|Haines|2024-10-25|wild_avian|D1.1
1161,1163,0.00346363875968447,-104.931014602703,43.564353505698,-104.823330797629,43.6306573990954,0.225877700638136,0.222414061878452,2024.81242392094,2024.8158875597,NA
1163,1269,0.000154910144075648,-104.823330797629,43.6306573990954,-104.77482500517,43.6161169099043,0.226032610782212,0.225877700638136,2024.8158875597,2024.81604246984,NA
1345,1346,0.036270667317057,-105.235338179493,40.8366932165147,-105.233815364742,40.645018649725,0.226150209961994,0.189879542644937,2024.77988940171,2024.81616006902,NA
1346,1347,0.000210988390648259,-105.233815364742,40.645018649725,-105.310756051319,40.674381500946,0.226361198352642,0.226150209961994,2024.81616006902,2024.81637105741,NA
946,948,0.0920403682368556,-112.600919258779,43.4268002464013,-113.498863040668,38.8610038148592,0.226705341295105,0.134664973058249,2024.72467483212,2024.81671520036,NA
1011,676,0.0626512771256476,-120.340873405014,39.01256429255,-122.01968843915,38.5156251097646,0.226930031648652,0.164278754523004,2024.75428861358,2024.81693989071,SRR36617365|A/mallard_duck/CA/24-032544-016/2024|H5N1|USA-CA|Yolo|2024-10-26|wild_avian|D1.1
980,984,0.0889761811510907,-98.0776147581149,40.5907894549101,-101.225673668603,40.6895652909221,0.227524701778958,0.138548520627867,2024.72855837969,2024.81753456084,NA
752,753,0.00352140063551043,-89.2926882199607,38.039589990125,-89.2073268170246,38.0468964192487,0.227598946527088,0.224077545891577,2024.81408740495,2024.81760880559,NA
957,960,0.0993241803607527,-116.184327797743,41.3537031084647,-116.330599043222,41.6157505278786,0.227757630825244,0.128433450464491,2024.71844330953,2024.81776748989,NA
1009,1010,0.0967004049225906,-108.292664031437,40.2478069606786,-99.1109738803518,37.6713637840949,0.227903479736543,0.131203074813953,2024.72121293388,2024.8179133388,NA
836,843,0.0574570189755141,-69.7554242041706,41.8052970701588,-73.2139577966077,42.0936031243053,0.22801914989724,0.170562130921726,2024.76057198998,2024.81802900896,NA
787,792,0.0635147277442349,-91.7809972520714,44.5178866972736,-90.7274772554833,41.5209729575574,0.228201799285298,0.164687071541063,2024.7546969306,2024.81821165835,NA
1151,1152,0.0627346996856997,-106.811028157173,41.5845279370876,-106.008482433757,37.5064866296694,0.228356636759482,0.165621937073783,2024.75563179614,2024.81836649582,NA
754,755,0.0932565843100368,-89.3667081800301,38.4159554361199,-90.0317952988223,39.0784354838829,0.228493956464441,0.135237372154405,2024.72524723122,2024.81850381553,NA
1161,1162,0.00620174187385203,-104.931014602703,43.564353505698,-104.703599803881,43.0231656903164,0.228615803752304,0.222414061878452,2024.81242392094,2024.81862566281,NA
849,858,0.00873426172840341,-71.6849108624492,41.5882887439005,-71.2845052961095,41.9812690376659,0.228869018392289,0.220134756663885,2024.81014461573,2024.81887887745,NA
849,850,0.00889197368526173,-71.6849108624492,41.5882887439005,-71.9184776141946,41.4255592912175,0.229026730349147,0.220134756663885,2024.81014461573,2024.81903658941,NA
919,920,0.00827848729214109,-112.566363632155,43.8048671292723,-111.531540383616,43.5929571615675,0.229198365703013,0.220919878410872,2024.81092973747,2024.81920822476,NA
869,870,0.0648939891951463,-71.6958064029007,41.7808882199364,-70.315204598483,43.7748746638198,0.229310673103374,0.164416683908227,2024.75442654297,2024.81932053216,NA
710,735,0.0735816909860223,-90.1328034767276,37.6580551164268,-86.6668050285103,39.1608021520663,0.230008739140684,0.156427048154662,2024.74643690722,2024.8200185982,NA
975,976,0.0969264746829086,-96.7906604054459,41.1341125892592,-98.9921731303409,38.3037995487259,0.230255565569779,0.133329090886871,2024.72333894995,2024.82026542463,NA
1163,1164,0.00442456176372885,-104.823330797629,43.6306573990954,-103.729756517985,43.9724495210011,0.230302262401865,0.225877700638136,2024.8158875597,2024.82031212146,NA
730,731,0.00792632654052228,-88.716572739422,39.2180797661817,-88.8098793917279,39.2630563117505,0.230333963624206,0.222407637083684,2024.81241749615,2024.82034382269,NA
976,977,0.000209664586830804,-98.9921731303409,38.3037995487259,-98.8550851257524,38.2789250607676,0.23046523015661,0.230255565569779,2024.82026542463,2024.82047508922,NA
888,894,0.0119467649316116,-75.9281129457636,41.2923796343928,-76.6564887527623,41.6255418500695,0.230876106228092,0.218929341296481,2024.80893920036,2024.82088596529,NA
1077,1078,0.0610926986524025,-92.9808334019533,38.94397498838,-77.2166743447331,36.0038665066485,0.231043127357456,0.169950428705054,2024.75996028777,2024.82105298642,NA
878,879,0.045961409695457,-75.2255135913197,42.4427158217011,-74.4261352229682,41.1614725720118,0.231136142443681,0.185174732748224,2024.77518459181,2024.82114600151,NA
715,716,0.00741248362043301,-87.2703140959515,41.2447602000553,-85.8409276108714,40.6198016861682,0.231189104041985,0.223776620421552,2024.81378647948,2024.8211989631,NA
1109,1110,0.0137749191358896,-88.9773042919811,37.4968682041609,-90.633666474325,39.4459712229927,0.231520538627687,0.217745619491798,2024.80775547855,2024.82153039769,NA
1050,1051,0.0136145659710099,-105.823105058309,39.9937708133422,-105.719520448989,39.9082711785201,0.231758544196415,0.218143978225405,2024.80815383729,2024.82176840326,NA
772,773,0.0566274956438559,-87.5616411301159,39.1866866109731,-89.1320713785402,38.4345283101086,0.231818205713623,0.175190710069767,2024.76520056913,2024.82182806478,NA
850,851,0.00306407229445727,-71.9184776141946,41.4255592912175,-72.769412892997,40.6333683009877,0.232090802643604,0.229026730349147,2024.81903658941,2024.82210066171,NA
1136,1138,0.0106689951884484,-133.507597816312,57.7459949300534,-133.761601743536,58.4609287015121,0.232109806165933,0.221440810977485,2024.81145067004,2024.82211966523,NA
1078,1079,0.00110398648085042,-77.2166743447331,36.0038665066485,-76.2840459127745,35.6975123637433,0.232147113838306,0.231043127357456,2024.82105298642,2024.8221569729,NA
773,776,0.000385407475688826,-89.1320713785402,38.4345283101086,-88.9989896711757,38.4068466237661,0.232203613189312,0.231818205713623,2024.82182806478,2024.82221347225,NA
1012,1013,0.116140918947378,-111.950301519484,41.1225014905333,-123.523845157884,41.563510519085,0.232210530336543,0.116069611389164,2024.70607947045,2024.8222203894,NA
1269,1274,0.00625548616872651,-104.77482500517,43.6161169099043,-106.518596013808,44.584750543605,0.232288096950938,0.226032610782212,2024.81604246984,2024.82229795601,NA
1339,519,0.0581368096274042,-115.243617453228,43.3899765156013,-119.622610633359,50.7508915051249,0.232394512523131,0.174257702895727,2024.76426756196,2024.82240437158,EPI_ISL_19751742|A/Peregrine_Falcon/BC/AIVPHL-2576/2024|H5N1|Canada-BC|Unknown|2024-10-28|wild_avian|D1.1
1017,1019,0.123115985398961,-116.145796431886,41.1202949358969,-109.351708470264,34.769890780934,0.232413412540352,0.109297427141391,2024.6993072862,2024.8224232716,NA
993,996,0.0751689271809379,-97.1464968084749,41.5109300841093,-95.3256362907223,37.979564030836,0.232434733072183,0.157265805891245,2024.74727566495,2024.82244459213,NA
716,717,0.00145621495811699,-85.8409276108714,40.6198016861682,-82.7365576616833,40.6747110415567,0.232645319000102,0.231189104041985,2024.8211989631,2024.82265517806,NA
984,987,0.00532943659125173,-101.225673668603,40.6895652909221,-102.87637615915,39.336553395941,0.23285413837021,0.227524701778958,2024.81753456084,2024.82286399743,NA
993,994,0.0755907309610317,-97.1464968084749,41.5109300841093,-96.0067496880251,44.1408582933738,0.232856536852276,0.157265805891245,2024.74727566495,2024.82286639591,NA
740,741,0.0428896264865715,-89.0830964989716,37.2310666775072,-93.1574304792289,35.4113495221146,0.233078070530997,0.190188444044425,2024.78019830311,2024.82308792959,NA
1079,1080,0.00153523031517566,-76.2840459127745,35.6975123637433,-75.7700691478083,35.5680506482502,0.233682344153482,0.232147113838306,2024.8221569729,2024.82369220322,NA
996,997,0.0016578555635125,-95.3256362907223,37.979564030836,-96.9216786543276,37.7474140754863,0.234092588635695,0.232434733072183,2024.82244459213,2024.8241024477,NA
1080,1090,0.000971982039389863,-75.7700691478083,35.5680506482502,-76.1339699840013,35.6418422433392,0.234654326192872,0.233682344153482,2024.82369220322,2024.82466418525,NA
700,703,0.0663073738205942,-94.2860878507924,42.3216418184619,-99.0648164656692,39.8740797431985,0.234739708572175,0.16843233475158,2024.75844219381,2024.82474956763,NA
1122,1123,0.0602774199130569,-109.415081435093,41.3573555382776,-118.209985235283,42.23681512879,0.2349205710025,0.174643151089443,2024.76465301015,2024.82493043006,NA
961,1355,0.193959602242017,-110.869062064107,41.4618255672827,-103.241384507445,35.9607969636371,0.235551875746534,0.0415922735045169,2024.63160213257,2024.82556173481,NA
1350,1351,0.0634953032664145,-94.629977129378,31.8923363634026,-81.5556280299895,32.16023928753,0.235578623007453,0.172083319741039,2024.7620931788,2024.82558848207,NA
836,837,0.0653755918621728,-69.7554242041706,41.8052970701588,-73.1439329648407,40.9667805195231,0.235937722783899,0.170562130921726,2024.76057198998,2024.82594758185,NA
730,732,0.0136265121088384,-88.716572739422,39.2180797661817,-90.5856685593225,39.3552653390976,0.236034149192522,0.222407637083684,2024.81241749615,2024.82604400825,NA
703,704,0.00175201647904699,-99.0648164656692,39.8740797431985,-99.9763774780634,40.1056274053754,0.236491725051222,0.234739708572175,2024.82474956763,2024.82650158411,NA
837,838,0.000701316021773923,-73.1439329648407,40.9667805195231,-73.2551175886281,40.9454531707633,0.236639038805673,0.235937722783899,2024.82594758185,2024.82664889787,NA
1070,1071,0.070634485492586,-113.970666604528,44.7512423068789,-112.897558410598,44.6728562068095,0.236727813609314,0.166093328116728,2024.75610318718,2024.82673767267,NA
1164,1268,0.00676532901895754,-103.729756517985,43.9724495210011,-100.520781814773,44.3685892899652,0.237067591420822,0.230302262401865,2024.82031212146,2024.82707745048,NA
1112,1113,0.0161946027400151,-88.1744991532745,37.1076109898457,-79.0436532961776,35.2447164534444,0.237207419001506,0.221012816261491,2024.81102267532,2024.82721727806,NA
946,947,0.102843487797269,-112.600919258779,43.4268002464013,-87.4964764719408,34.0386846897209,0.237508460855518,0.134664973058249,2024.72467483212,2024.82751831992,NA
894,897,0.00671520554804528,-76.6564887527623,41.6255418500695,-76.6453701102046,41.6833168099647,0.237591311776138,0.230876106228092,2024.82088596529,2024.82760117084,NA
870,871,0.00828210042123589,-70.315204598483,43.7748746638198,-70.6472439295378,43.8969295083997,0.23759277352461,0.229310673103374,2024.81932053216,2024.82760263259,NA
994,995,0.00481725970438074,-96.0067496880251,44.1408582933738,-95.051580278633,44.1809095706161,0.237673796556657,0.232856536852276,2024.82286639591,2024.82768365562,NA
982,661,0.0760508944443941,-101.592969949533,41.9579692273552,-109.835056182536,53.0604672819099,0.237858993397384,0.16180809895299,2024.75181795801,2024.82786885246,EPI_ISL_20208448|A/Snow_Goose/SK/FAV-0407-6/2024|H5N1|Canada-SK|Unknown|2024-10-30|wild_avian|D1.1
955,251,0.0718504177038823,-109.031291623551,47.4092846071513,-114.707394454294,48.332122582657,0.237858993397384,0.166008575693501,2024.75601843476,2024.82786885246,SRR34491342|A/bald_eagle/MT/24-033248-001/2024|H5N1|USA-MT|Flathead|2024-10-30|wild_avian|D1.1
716,724,0.00934776130318093,-85.8409276108714,40.6198016861682,-88.1620351227445,34.4264712813077,0.240536865345166,0.231189104041985,2024.8211989631,2024.83054672441,NA
685,238,0.111026175822914,-111.316741756466,42.0983372983352,-105.754811539199,41.4699592223146,0.243323474271636,0.132297298448722,2024.72230715751,2024.83333333333,SRR36617768|A/great_horned_owl/WY/24-033104-001/2024|H5N1|USA-WY|Albany|2024-11-01|wild_avian|D1.1
959,278,0.0248195501655752,-118.956565140431,38.820585485781,-118.655871839123,39.7509401768823,0.243323474271636,0.218503924106061,2024.80851378317,2024.83333333333,SRR36628797|A/northern_shoveler/NV/24-033106-004/2024|H5N1|USA-NV|Churchill|2024-11-01|wild_avian|D1.1
822,823,0.078769321056358,-70.4097552957176,42.0012899559384,-72.9613905494769,41.7905700728044,0.244749632767034,0.165980311710676,2024.75599017077,2024.83475949183,NA
788,789,0.0247475345031976,-90.8771223517249,42.8072222185392,-92.5882989849814,43.7192588708684,0.245296996795482,0.220549462292284,2024.81055932135,2024.83530685586,NA
1073,610,0.112396825355574,-115.005750898165,43.0956473623811,-120.270905264477,44.3788924694437,0.246055714708762,0.133658889353188,2024.72366874841,2024.83606557377,SRR34491330|A/canada_goose/OR/24-033933-001/2024|H5N1|USA-OR|Crook|2024-11-02|wild_avian|D1.1
1064,608,0.0862124176356212,-114.88185752601,47.7194561383833,-123.918713606659,51.1187130779961,0.246055714708762,0.159843297073141,2024.74985315613,2024.83606557377,EPI_ISL_19751768|A/Snow_Goose/BC/AIVPHL-2636/2024|H5N1|Canada-BC|Unknown|2024-11-02|wild_avian|D1.1
966,629,0.0786742399592837,-118.947819557148,41.5123840337603,-118.583921510541,39.4109682227572,0.246055714708762,0.167381474749478,2024.75739133381,2024.83606557377,SRR34491332|A/mallard/NV/24-033109-013/2024|H5N1|USA-NV|Churchill|2024-11-02|wild_avian|D1.1
823,828,0.00145859320323938,-72.9613905494769,41.7905700728044,-72.1740230592578,41.786453009537,0.246208225970274,0.244749632767034,2024.83475949183,2024.83621808503,NA
773,774,0.0153246164186147,-89.1320713785402,38.4345283101086,-94.5383789297585,34.4121932289668,0.247142822132238,0.231818205713623,2024.82182806478,2024.83715268119,NA
717,718,0.0147045222417148,-82.7365576616833,40.6747110415567,-82.9078672252267,40.710962872591,0.247349841241817,0.232645319000102,2024.82265517806,2024.8373597003,NA
1071,1072,0.0156812966019515,-112.897558410598,44.6728562068095,-111.96742519106,43.3696627923058,0.252409110211266,0.236727813609314,2024.82673767267,2024.84241896927,NA
981,983,0.0956798058600559,-99.883831798423,41.2946535230489,-91.5683734280343,32.0627955987392,0.254087659004139,0.158407853144083,2024.74841771221,2024.84409751807,NA
1069,594,0.0908792821695901,-114.715216623284,44.9014948609696,-119.091813827432,47.0519037319362,0.254252436020368,0.163373153850778,2024.75338301291,2024.84426229508,SRR34491322|A/green_winged_teal/WA/24-033431-002/2024|H5N1|USA-WA|Grant|2024-11-05|wild_avian|D1.1
1035,1044,0.082590098868861,-92.8357911324981,39.9734106817811,-95.37079157347,41.2831033920858,0.254732778827304,0.172142679958443,2024.76215253902,2024.84474263789,NA
804,805,0.129556797180816,-103.921223754232,39.0859222370234,-100.083894490785,39.9024152967392,0.256500711232197,0.12694391405138,2024.71695377311,2024.84651057029,NA
922,933,0.0832318404814396,-105.038593273968,40.5295238787508,-106.391178710064,42.3009988229111,0.256770366238954,0.173538525757514,2024.76354838482,2024.8467802253,NA
789,791,0.0116571845566698,-92.5882989849814,43.7192588708684,-92.3277476083577,43.6513727792199,0.256954181352151,0.245296996795482,2024.83530685586,2024.84696404041,NA
689,243,0.134122068744637,-113.827846213794,41.1361761019337,-103.015753767624,48.6350365090219,0.25971691689462,0.125594848149983,2024.71560470721,2024.84972677596,SRR34491320|A/ross_s_goose/ND/24-034667-001/2024|H5N1|USA-ND|Divide|2024-11-07|wild_avian|D1.1
1018,286,0.12602932701891,-116.625647315617,41.333411514197,-123.023007165909,45.5766410153342,0.25971691689462,0.133687589875711,2024.72369744894,2024.84972677596,SRR34491321|A/cackling_goose/OR/24-033931-001/2024|H5N1|USA-OR|Washington|2024-11-07|wild_avian|D1.1
935,2,0.127766476639859,-109.911052903768,49.5579489680255,-94.4593792608523,29.7226000220873,0.262449157331746,0.134682680691887,2024.72469253975,2024.85245901639,SRR36628420|A/blue_winged_teal/TX/24-037863-008/2024|H5N1|USA-TX|Chambers|2024-11-08|wild_avian|D1.1
1014,624,0.121312807292596,-107.152176837659,46.0113110984393,-94.6758065693355,29.7410244597214,0.262449157331746,0.14113635003915,2024.7311462091,2024.85245901639,SRR36617252|A/green_winged_teal/TX/24-037863-003/2024|H5N1|USA-TX|Chambers|2024-11-08|wild_avian|D1.1
807,274,0.140981923274608,-103.465046724291,40.2548334096542,-94.5645732456481,35.5423898639995,0.265181397768873,0.124199474494264,2024.71420933356,2024.85519125683,SRR34491500|A/green_winged_teal/OK/24-034551-045/2024|H5N1|USA-OK|Sequoyah|2024-11-09|wild_avian|D1.1
973,671,0.113196513947894,-95.2325865801832,41.4258140692018,-94.5886236261042,35.5022201683288,0.265181397768873,0.151984883820979,2024.74199474288,2024.85519125683,SRR36628704|A/green_winged_teal/OK/24-034551-041/2024|H5N1|USA-OK|Sequoyah|2024-11-09|wild_avian|D1.1
1343,549,0.0999653255305641,-114.385486058805,42.6914273715792,-95.0160674500021,37.5257290041759,0.265181397768873,0.165216072238308,2024.7552259313,2024.85519125683,SRR34491499|A/green_winged_teal/KS/24-034556-004/2024|H5N1|USA-KS|Crawford|2024-11-09|wild_avian|D1.1
977,655,0.0347161676122627,-98.8550851257524,38.2789250607676,-95.2421773114899,37.5985464860125,0.265181397768873,0.23046523015661,2024.82047508922,2024.85519125683,SRR34491498|A/green_winged_teal/KS/24-034557-008/2024|H5N1|USA-KS|Neosho|2024-11-09|wild_avian|D1.1
987,988,0.0333141049481613,-102.87637615915,39.336553395941,-95.8755461786953,39.6850632465262,0.266168243318371,0.23285413837021,2024.82286399743,2024.85617810238,NA
935,1,0.133230957514339,-109.911052903768,49.5579489680255,-110.42200088922,49.1428069291702,0.267913638206226,0.134682680691887,2024.72469253975,2024.85792349727,EPI_ISL_20208391|A/Canada_Goose/AB/FAV-0178-6/2025|H5N1|Canada-AB|Unknown|2024-11-10|wild_avian|D1.1
988,989,0.00368739053750655,-95.8755461786953,39.6850632465262,-96.1501373867646,39.7516041787493,0.269855633855878,0.266168243318371,2024.85617810238,2024.85986549292,NA
1119,605,0.152686411102537,-108.100050160447,40.3555343514317,-118.366259358865,51.5420904074466,0.270645878643352,0.117959467540815,2024.7079693266,2024.8606557377,EPI_ISL_19787978|A/Snow_Goose/BC/AIVPHL-2667/2024|H5N1|Canada-BC|Unknown|2024-11-11|wild_avian|D1.1
943,263,0.136106209015997,-115.851968479605,42.4184676876151,-115.737495772665,52.7208298122884,0.270645878643352,0.134539669627355,2024.72454952869,2024.8606557377,EPI_ISL_19792234|A/Chicken/AB/FAV-0354-2/2024|H5N1|Canada-AB|Unknown|2024-11-11|domestic_avian|D1.1
838,839,0.0340376686362944,-73.2551175886281,40.9454531707633,-75.9973530769225,42.2379619525392,0.270676707441967,0.236639038805673,2024.82664889787,2024.8606865665,NA
1158,1159,0.0953946667703907,-117.204736379704,45.8149369493503,-99.4455898536262,36.9336429359029,0.271788624283131,0.17639395751274,2024.76640381657,2024.86179848334,NA
1137,574,0.0498966882006593,-135.367089859129,57.7556092804293,-133.567444514811,58.0424220211946,0.273378119080478,0.223481430879819,2024.81349128994,2024.86338797814,SRR31596883|A/chicken/AK/24-034057-002-original/2024|H5N1|USA-AK|Unknown|2024-11-12|domestic_avian|D1.1
984,985,0.0476984321888907,-101.225673668603,40.6895652909221,-96.6761650341048,42.714884159162,0.275223133967849,0.227524701778958,2024.81753456084,2024.86523299303,NA
1340,577,0.145064336040981,-112.624442874416,42.6571343679902,-112.221322561078,44.0420979974515,0.276110359517605,0.131046023476623,2024.72105588254,2024.86612021858,SRR34491487|A/trumpeter_swan/ID/24-034853-004/2024|H5N1|USA-ID|Jefferson|2024-11-13|wild_avian|D1.1
685,237,0.143813061068883,-111.316741756466,42.0983372983352,-112.657541811309,43.8653667380732,0.276110359517605,0.132297298448722,2024.72230715751,2024.86612021858,SRR34491488|A/trumpeter_swan/ID/24-034853-002/2024|H5N1|USA-ID|Jefferson|2024-11-13|wild_avian|D1.1
1036,545,0.102105839297117,-92.5826017430279,40.0829997306662,-107.498227970028,55.7492532107339,0.276110359517605,0.174004520220487,2024.76401437928,2024.86612021858,EPI_ISL_19792227|A/Cackling_Goose/SK/FAV-0407-8/2024|H5N1|Canada-SK|Unknown|2024-11-13|wild_avian|D1.1
792,793,0.0479430906345419,-90.7274772554833,41.5209729575574,-90.6755781402909,40.443664861447,0.27614488991984,0.228201799285298,2024.81821165835,2024.86615474898,NA
1274,1332,0.0442740525138989,-106.518596013808,44.584750543605,-100.73939861287,45.7947221915368,0.276562149464837,0.232288096950938,2024.82229795601,2024.86657200853,NA
1059,1060,0.136355294124777,-104.84375622643,42.2581062851609,-81.290869418589,32.8170312555375,0.27758229285915,0.141226998734373,2024.7312368578,2024.86759215192,NA
798,140,0.142852803774625,-91.6116502329019,37.5261687555196,-94.5284136377416,46.3579263074656,0.278842599954731,0.135989796180106,2024.72599965524,2024.86885245902,SRR34491480|A/ring_necked_duck/MN/24-035413-001/2024|H5N1|USA-MN|Cass|2024-11-14|wild_avian|D1.1
799,142,0.114632522349855,-92.0428000550467,36.9587339042148,-92.1678301579132,44.1307173479241,0.278842599954731,0.164210077604876,2024.75421993667,2024.86885245902,SRR34491479|A/canvasback/MN/24-035695-001/2024|H5N1|USA-MN|Wabasha|2024-11-14|wild_avian|D1.1
1057,554,0.146452529671536,-103.161791130601,38.902179313687,-103.77309687587,40.248578936002,0.281574840391857,0.135122310720321,2024.72513216978,2024.87158469945,SRR36617493|A/golden_eagle/CO/25-010611-001/2024|H5N1|USA-CO|Morgan|2024-11-15|wild_avian|D1.1
817,5,0.118086014087274,-113.344387811949,42.6002016690335,-113.557865584323,41.4663196048188,0.281574840391857,0.163488826304583,2024.75349868537,2024.87158469945,SRR34491413|A/mallard/UT/24-034892-003/2024|H5N1|USA-UT|Box_Elder|2024-11-15|wild_avian|D1.1
703,212,0.0468351318196825,-99.0648164656692,39.8740797431985,-98.1773045816585,46.4393286620938,0.281574840391857,0.234739708572175,2024.82474956763,2024.87158469945,SRR34491411|A/green_winged_teal/ND/24-034964-002/2024|H5N1|USA-ND|LaMoure|2024-11-15|wild_avian|D1.1
951,254,0.115104197471596,-114.665212671855,40.7658345790297,-119.858454021652,36.7858759459325,0.284307080828983,0.169202883357387,2024.75921274242,2024.87431693989,SRR34491569|A/gadwall/CA/24-035297-036/2024|H5N1|USA-CA|Fresno|2024-11-16|wild_avian|D1.1
914,10,0.0726800579779929,-91.2059755155297,39.4827663762529,-89.4675344594453,38.6083683240484,0.284307080828983,0.21162702285099,2024.80163688191,2024.87431693989,SRR34491574|A/green_winged_teal/IL/24-035153-025/2024|H5N1|USA-IL|Clinton|2024-11-16|wild_avian|D1.1
1060,1061,0.00933816222478745,-81.290869418589,32.8170312555375,-80.9453004878907,32.7136373372948,0.286920455083937,0.27758229285915,2024.86759215192,2024.87693031415,NA
978,659,0.121800629484993,-94.4232389829176,42.7867767035019,-102.738180661581,52.632983489848,0.287039321266337,0.165238691781344,2024.75524855084,2024.87704918033,EPI_ISL_19792243|A/Mallard/SK/FAV-0391-21/2024|H5N1|Canada-SK|Unknown|2024-11-17|wild_avian|D1.1
1074,576,0.116013272914693,-106.048996021741,41.8027704028329,-89.1905543297924,38.6651489057018,0.287039321266337,0.171026048351643,2024.76103590741,2024.87704918033,SRR34491566|A/northern_pintail/IL/24-035154-001/2024|H5N1|USA-IL|Clinton|2024-11-17|wild_avian|D1.1
776,777,0.0554843300609866,-88.9989896711757,38.4068466237661,-91.1288361732808,39.3270227511544,0.287687943250299,0.232203613189312,2024.82221347225,2024.87769780231,NA
779,780,0.070494824607358,-86.0776776225537,36.5987032995694,-81.0412092266723,40.2397930155634,0.291876286769976,0.221381462162618,2024.81139132122,2024.88188614583,NA
809,810,0.0915844391335932,-99.6443089202014,41.1562750442422,-100.32510806396,42.5657689093719,0.297753247526279,0.206168808392686,2024.79617866745,2024.88776310659,NA
1138,571,0.0658584768489083,-133.761601743536,58.4609287015121,-133.075952673476,57.922541928196,0.297968283014841,0.232109806165933,2024.82211966523,2024.88797814208,SRR31914376|A/chicken/AK/24-035126-001-original/2024|H5N1|USA-AK|Unknown|2024-11-21|domestic_avian|D1.1
789,790,0.0535206674701938,-92.5882989849814,43.7192588708684,-92.5634854300317,44.7753649521415,0.298817664265675,0.245296996795482,2024.83530685586,2024.88882752333,NA
1274,1275,0.0671925462911367,-106.518596013808,44.584750543605,-98.5894058115806,41.4195427166657,0.299480643242075,0.232288096950938,2024.82229795601,2024.8894905023,NA
922,923,0.126016282396562,-105.038593273968,40.5295238787508,-89.3056662329154,44.6357644533185,0.299554808154076,0.173538525757514,2024.76354838482,2024.88956466722,NA
1269,1270,0.0737517491370041,-104.77482500517,43.6161169099043,-100.638657962449,38.2325160243799,0.299784359919216,0.226032610782212,2024.81604246984,2024.88979421898,NA
888,889,0.0809542639852732,-75.9281129457636,41.2923796343928,-73.1757880029158,38.9744749419032,0.299883605281754,0.218929341296481,2024.80893920036,2024.88989346434,NA
1019,287,0.0682871109116157,-109.351708470264,34.769890780934,-111.642369265755,33.1593510724061,0.300700523451968,0.232413412540352,2024.8224232716,2024.89071038251,SRR36617849|A/house_sparrow/AZ/24-036612-005/2024|H5N1|USA-AZ|Pinal|2024-11-22|wild_avian|D1.1
1164,1165,0.0711054522516994,-103.729756517985,43.9724495210011,-102.626845818636,42.9309667048124,0.301407714653564,0.230302262401865,2024.82031212146,2024.89141757372,NA
828,831,0.0556106235266773,-72.1740230592578,41.786453009537,-72.2452929422659,41.5715873264393,0.301818849496951,0.246208225970274,2024.83621808503,2024.89182870856,NA
1110,1111,0.0708787173679404,-90.633666474325,39.4459712229927,-78.6244020031045,40.4029353113006,0.302399255995628,0.231520538627687,2024.82153039769,2024.89240911506,NA
823,824,0.0581908466301493,-72.9613905494769,41.7905700728044,-72.9456935513189,41.7300697585444,0.302940479397184,0.244749632767034,2024.83475949183,2024.89295033846,NA
901,902,0.167303579246549,-96.2899526551243,39.6990233768664,-93.7263768428873,39.3258643695269,0.302981132865526,0.135677553618977,2024.72568741268,2024.89299099193,NA
839,840,0.0323532158816431,-75.9973530769225,42.2379619525392,-75.0299271641498,41.7400872974235,0.30302992332361,0.270676707441967,2024.8606865665,2024.89303978239,NA
879,880,0.0720003787967234,-74.4261352229682,41.1614725720118,-75.709693102787,41.6314418862804,0.303136521240404,0.231136142443681,2024.82114600151,2024.8931463803,NA
797,141,0.167778671732626,-91.42404935199,37.3617246919616,-80.2938871993622,26.4768620763849,0.303432763889094,0.135654092156468,2024.72566395122,2024.89344262295,SRR34491474|A/blue_winged_teal/FL/24-036665-008/2024|H5N1|USA-FL|Palm_Beach|2024-11-23|wild_avian|D1.1
796,137,0.134475202010452,-91.813681149123,37.3006547907095,-80.2700536617015,26.3648495057196,0.303432763889094,0.168957561878641,2024.75896742094,2024.89344262295,SRR34491475|A/blue_winged_teal/FL/24-036665-004/2024|H5N1|USA-FL|Palm_Beach|2024-11-23|wild_avian|D1.1
800,143,0.131805513616408,-92.0209980379685,37.0194269815534,-82.7567953482773,36.0101123027503,0.303432763889094,0.171627250272685,2024.76163710933,2024.89344262295,EPI_ISL_19777455|A/northern_pintail/Tennessee/158/2024|H5N1|USA-TN|Unknown|2024-11-23|wild_avian|D1.1
800,144,0.131805513616408,-92.0209980379685,37.0194269815534,-84.793205142199,31.0072248588336,0.303432763889094,0.171627250272685,2024.76163710933,2024.89344262295,SRR36617263|A/ring_necked_duck/GA/24-036176-005/2024|H5N1|USA-GA|Seminole|2024-11-23|wild_avian|D1.1
793,136,0.0272878739692539,-90.6755781402909,40.443664861447,-84.9406281842489,31.0526563439431,0.303432763889094,0.27614488991984,2024.86615474898,2024.89344262295,SRR36617264|A/ring_necked_duck/GA/24-036176-004/2024|H5N1|USA-GA|Seminole|2024-11-23|wild_avian|D1.1
1034,1046,0.135315124260555,-93.2753166019351,40.159805718479,-94.5862303375404,40.703918364081,0.303520134027194,0.168205009766639,2024.75821486883,2024.89352999309,NA
718,719,0.0569208401866885,-82.9078672252267,40.710962872591,-82.6843137853567,41.1146970839758,0.304270681428506,0.247349841241817,2024.8373597003,2024.89428054049,NA
870,872,0.0759871522780933,-70.315204598483,43.7748746638198,-67.2200092803968,45.0280930345119,0.305297825381467,0.229310673103374,2024.81932053216,2024.89530768444,NA
1353,555,0.188332787242086,-108.162702844805,42.0292522574528,-98.8517087265371,40.8104191717909,0.306165004326447,0.117832217084361,2024.70784207615,2024.89617486339,SRR36617504|A/mallard_duck/NE/25-004748-004/2024|H5N1|USA-NE|Buffalo|2024-11-24|wild_avian|D1.1
804,269,0.179221090275067,-103.921223754232,39.0859222370234,-104.894206086948,39.7590311532217,0.306165004326447,0.12694391405138,2024.71695377311,2024.89617486339,SRR36617491|A/Peregrine_falcon/CO/25-019366-001/2024|H5N1|USA-CO|Denver|2024-11-24|wild_avian|D1.1
973,644,0.154180120505468,-95.2325865801832,41.4258140692018,-103.123952211941,43.7841622788282,0.306165004326447,0.151984883820979,2024.74199474288,2024.89617486339,SRR31914411|A/Turkey/SD/24-035157-004-original/2024|H5N1|USA-SD|Unknown|2024-11-24|domestic_avian|D1.1
1150,617,0.137419384950867,-114.955918211949,41.1978199762213,-119.426659935167,47.2324871718485,0.306165004326447,0.168745619375581,2024.75875547844,2024.89617486339,SRR36617269|A/mallard_duck/WA/24-036061-007/2024|H5N1|USA-WA|Grant|2024-11-24|wild_avian|D1.1
843,844,0.0784373325271297,-73.2139577966077,42.0936031243053,-71.4831490999219,42.2030879915722,0.30645648242437,0.22801914989724,2024.81802900896,2024.89646634149,NA
850,855,0.0778574413162059,-71.9184776141946,41.4255592912175,-70.9664295563472,43.22036033413,0.306884171665353,0.229026730349147,2024.81903658941,2024.89689403073,NA
1165,1166,0.00642783067778252,-102.626845818636,42.9309667048124,-105.563637998849,43.3538512970134,0.307835545331347,0.301407714653564,2024.89141757372,2024.89784540439,NA
719,720,0.00389587551733683,-82.6843137853567,41.1146970839758,-83.0303585484079,41.1241762398473,0.308166556945842,0.304270681428506,2024.89428054049,2024.89817641601,NA
844,845,0.00191099852669696,-71.4831490999219,42.2030879915722,-72.3374205475863,41.3772702289707,0.308367480951067,0.30645648242437,2024.89646634149,2024.89837734001,NA
1113,1114,0.0716361959116927,-79.0436532961776,35.2447164534444,-79.0571499759662,36.8957642000799,0.308843614913199,0.237207419001506,2024.82721727806,2024.89885347397,NA
950,256,0.176326044439629,-114.999371225884,41.8930816106063,-110.275871396297,41.9810877848595,0.308897244763573,0.132571200323945,2024.72258105939,2024.89890710383,SRR36617265|A/great_horned_owl/WY/24-036166-001/2024|H5N1|USA-WY|Lincoln|2024-11-25|wild_avian|D1.1
1349,611,0.147738676771987,-95.2960388500218,31.5071771703755,-93.1737223906261,29.8073627290894,0.308897244763573,0.161158567991587,2024.75116842705,2024.89890710383,SRR34491460|A/blue_winged_teal/LA/24-035708-007/2024|H5N1|USA-LA|Cameron|2024-11-25|wild_avian|D1.1
982,660,0.147089145810584,-101.592969949533,41.9579692273552,-99.2236618782785,40.9580164703625,0.308897244763573,0.16180809895299,2024.75181795801,2024.89890710383,SRR36617524|A/mallard_duck/NE/25-003309-011/2024|H5N1|USA-NE|Buffalo|2024-11-25|wild_avian|D1.1
899,46,0.0847540443874701,-92.9904213240167,41.3813928996817,-98.2515736696674,45.5985951797282,0.308897244763573,0.224143200376103,2024.81415305944,2024.89890710383,SRR31914406|A/Turkey/SD/24-035288-003-original/2024|H5N1|USA-SD|Unknown|2024-11-25|domestic_avian|D1.1
1019,288,0.0764838322232215,-109.351708470264,34.769890780934,-111.474441818391,32.8560918235987,0.308897244763573,0.232413412540352,2024.8224232716,2024.89890710383,SRR36617855|A/black_necked_stilt/AZ/24-036610-002/2024|H5N1|USA-AZ|Pinal|2024-11-25|wild_avian|D1.1
983,662,0.0548095857594344,-91.5683734280343,32.0627955987392,-92.9917416474408,29.8648400591465,0.308897244763573,0.254087659004139,2024.84409751807,2024.89890710383,SRR34491454|A/blue_winged_teal/LA/24-035708-014/2024|H5N1|USA-LA|Cameron|2024-11-25|wild_avian|D1.1
811,812,0.179665830014066,-101.781025799992,41.3960376772227,-104.125397741941,44.4497063993672,0.309049757396602,0.129383927382537,2024.71939378644,2024.89905961646,NA
1166,1266,0.00130444639451799,-105.563637998849,43.3538512970134,-105.452941623231,43.5555828558669,0.309139991725865,0.307835545331347,2024.89784540439,2024.89914985079,NA
840,841,0.00630035183282618,-75.0299271641498,41.7400872974235,-75.8250491699364,40.6864343586661,0.309330275156437,0.30302992332361,2024.89303978239,2024.89934013422,NA
872,873,0.00451013567159553,-67.2200092803968,45.0280930345119,-67.082158578369,44.7511668084846,0.309807961053062,0.305297825381467,2024.89530768444,2024.89981782011,NA
989,990,0.0400337302843816,-96.1501373867646,39.7516041787493,-100.24630859643,41.5341844813033,0.309889364140259,0.269855633855878,2024.85986549292,2024.8998992232,NA
1046,1047,0.00656639564902251,-94.5862303375404,40.703918364081,-94.8022398804335,40.7317168809788,0.310086529676217,0.303520134027194,2024.89352999309,2024.90009638874,NA
1112,1115,0.0895289195784146,-88.1744991532745,37.1076109898457,-80.6796189433396,38.5876531602847,0.310541735839906,0.221012816261491,2024.81102267532,2024.9005515949,NA
985,986,0.036198400698044,-96.6761650341048,42.714884159162,-96.1945544621708,42.1942722643678,0.311421534665893,0.275223133967849,2024.86523299303,2024.90143139373,NA
1012,674,0.195559873811535,-111.950301519484,41.1225014905333,-112.025411566187,41.2511442144294,0.3116294852007,0.116069611389164,2024.70607947045,2024.90163934426,SRR36617487|A/canada_goose/UT/24-035683-001/2024|H5N1|USA-UT|Weber|2024-11-26|wild_avian|D1.1
1075,290,0.161723178233483,-111.884002256751,42.9421565152569,-104.635836424976,35.3958723566568,0.3116294852007,0.149906306967216,2024.73991616603,2024.90163934426,SRR34491451|A/green_winged_teal/NM/24-036318-011/2024|H5N1|USA-NM|San_Miguel|2024-11-26|wild_avian|D1.1
1150,618,0.142883865825119,-114.955918211949,41.1978199762213,-104.683427381251,35.7707349496773,0.3116294852007,0.168745619375581,2024.75875547844,2024.90163934426,SRR34491450|A/green_winged_teal/NM/24-036318-014/2024|H5N1|USA-NM|San_Miguel|2024-11-26|wild_avian|D1.1
1351,612,0.0760508621932461,-81.5556280299895,32.16023928753,-88.7538012049508,35.818800165062,0.3116294852007,0.235578623007453,2024.82558848207,2024.90163934426,SRR31914398|A/chicken/TN/24-035519-005-original/2024|H5N1|USA-TN|Unknown|2024-11-26|domestic_avian|D1.1
791,128,0.0546753038485481,-92.3277476083577,43.6513727792199,-90.8691808360457,42.2445129325852,0.3116294852007,0.256954181352151,2024.84696404041,2024.90163934426,SRR36628221|A/mallard_duck/IA/24-037337-003/2024|H5N1|USA-IA|Jackson|2024-11-26|wild_avian|D1.1
1090,1091,0.0772302160731442,-76.1339699840013,35.6418422433392,-76.4105914141364,36.3065096801242,0.311884542266016,0.234654326192872,2024.82466418525,2024.90189440133,NA
880,883,0.00885330803276352,-75.709693102787,41.6314418862804,-74.4557264610135,41.1338430482209,0.311989829273168,0.303136521240404,2024.8931463803,2024.90199968833,NA
831,835,0.0102186733880898,-72.2452929422659,41.5715873264393,-71.8493746103165,43.127749247633,0.312037522885041,0.301818849496951,2024.89182870856,2024.90204738195,NA
1091,1092,0.0005738170037628,-76.4105914141364,36.3065096801242,-76.631098371589,36.6552554553503,0.312458359269779,0.311884542266016,2024.90189440133,2024.90246821833,NA
923,924,0.0136249647405473,-89.3056662329154,44.6357644533185,-89.4162219782137,44.7106149223871,0.313179772894623,0.299554808154076,2024.88956466722,2024.90318963196,NA
988,992,0.0471463675975567,-95.8755461786953,39.6850632465262,-96.7327777351318,39.7974831271032,0.313314610915928,0.266168243318371,2024.85617810238,2024.90332446998,NA
855,856,0.00669666633929977,-70.9664295563472,43.22036033413,-70.8551579189458,43.1795496678776,0.313580838004653,0.306884171665353,2024.89689403073,2024.90359069707,NA
880,881,0.0106890802051081,-75.709693102787,41.6314418862804,-74.4808721844991,41.0828414721406,0.313825601445512,0.303136521240404,2024.8931463803,2024.90383546051,NA
727,728,0.13789550297338,-90.2898558297563,38.0409634496861,-90.2963300591152,37.9256545132961,0.313887501258062,0.175991998284682,2024.76600185735,2024.90389736032,NA
785,139,0.193569290073241,-91.9597575472585,37.3533370545831,-80.4939119934848,32.9494084365355,0.314361725637826,0.120792435564585,2024.71080229463,2024.9043715847,SRR34491447|A/blue_winged_teal/SC/24-036315-006/2024|H5N1|USA-SC|Colleton|2024-11-27|wild_avian|D1.1
937,244,0.184903604410094,-112.945530018882,40.6292298062782,-119.740499068905,34.7329803538903,0.314361725637826,0.129458121227732,2024.71946798029,2024.9043715847,SRR34491403|A/western_gull/CA/24-036324-002/2024|H5N1|USA-CA|Santa_Barbara|2024-11-27|wild_avian|D1.1
724,162,0.0738248602926594,-88.1620351227445,34.4264712813077,-91.6321482821904,34.8475417252386,0.314361725637826,0.240536865345166,2024.83054672441,2024.9043715847,SRR34491402|A/mallard/AR/24-036997-003/2024|H5N1|USA-AR|Prairie|2024-11-27|wild_avian|D1.1
1072,596,0.0619526154265602,-111.96742519106,43.3696627923058,-111.160900131013,45.8101337133798,0.314361725637826,0.252409110211266,2024.84241896927,2024.9043715847,SRR33508820|A/snow_goose/MT/24-035974-001/2024|H5N1|USA-MT|Gallatin|2024-11-27|wild_avian|D1.1
824,825,0.0119192642850756,-72.9456935513189,41.7300697585444,-72.2642371116854,43.5310778871737,0.314859743682259,0.302940479397184,2024.89295033846,2024.90486960274,NA
881,882,0.00120834450829777,-74.4808721844991,41.0828414721406,-74.3077259408997,41.0063859641874,0.31503394595381,0.313825601445512,2024.90383546051,2024.90504380502,NA
780,783,0.0233464107420231,-81.0412092266723,40.2397930155634,-84.6617123617806,41.7231113486952,0.315222697511999,0.291876286769976,2024.88188614583,2024.90523255657,NA
1159,1160,0.0434826713616927,-99.4455898536262,36.9336429359029,-99.2376310762246,36.7322284705142,0.315271295644823,0.271788624283131,2024.86179848334,2024.90528115471,NA
780,781,0.0245728784638402,-81.0412092266723,40.2397930155634,-79.8153653876345,39.6379355089279,0.316449165233816,0.291876286769976,2024.88188614583,2024.9064590243,NA
858,859,0.0876399764085629,-71.2845052961095,41.9812690376659,-65.5280377229028,39.4285636439827,0.316508994800852,0.228869018392289,2024.81887887745,2024.90651885386,NA
719,721,0.0125093464666246,-82.6843137853567,41.1146970839758,-82.4113122541446,40.9092742908483,0.31678002789513,0.304270681428506,2024.89428054049,2024.90678988696,NA
916,26,0.151179204248765,-107.374449966225,42.1841002125457,-107.422110090855,45.7148189886131,0.317093966074952,0.165914761826187,2024.75592462089,2024.90710382514,SRR36617643|A/trumpeter_swan/MT/24-037728-001/2024|H5N1|USA-MT|Big_Horn|2024-11-28|wild_avian|D1.1
708,709,0.181487179339292,-89.0355256954229,38.9478967295158,-99.3909483626456,44.5966410084614,0.317395368037544,0.135908188698253,2024.72591804776,2024.9074052271,NA
721,722,0.00109944711574306,-82.4113122541446,40.9092742908483,-81.9866999452294,40.9913110742587,0.317879475010873,0.31678002789513,2024.90678988696,2024.90788933407,NA
902,906,0.0149504724313159,-93.7263768428873,39.3258643695269,-87.7380895710108,39.0347263722833,0.317931605296842,0.302981132865526,2024.89299099193,2024.90794146436,NA
841,842,0.00866918616548373,-75.8250491699364,40.6864343586661,-75.115766959103,40.5654950298116,0.31799946132192,0.309330275156437,2024.89934013422,2024.90800932038,NA
1036,1037,0.14399727011851,-92.5826017430279,40.0829997306662,-80.8759283358219,31.7488747055785,0.318001790338998,0.174004520220487,2024.76401437928,2024.9080116494,NA
923,932,0.0186746433167604,-89.3056662329154,44.6357644533185,-89.5881751794201,44.797786345546,0.318229451470836,0.299554808154076,2024.88956466722,2024.90823931053,NA
902,903,0.0156402370582627,-93.7263768428873,39.3258643695269,-90.0425015116789,39.1075253637547,0.318621369923789,0.302981132865526,2024.89299099193,2024.90863122899,NA
894,895,0.0878093923539154,-76.6564887527623,41.6255418500695,-76.5222076935861,41.6344122248728,0.318685498582008,0.230876106228092,2024.82088596529,2024.90869535764,NA
924,925,0.00656875067524121,-89.4162219782137,44.7106149223871,-87.8938928171193,44.5683356852628,0.319748523569864,0.313179772894623,2024.90318963196,2024.90975838263,NA
731,168,0.0894922428878719,-88.8098793917279,39.2630563117505,-93.1342106156712,41.4936541435485,0.319826206512078,0.230333963624206,2024.82034382269,2024.90983606557,SRR34491401|A/mallard/IA/24-036924-003/2024|H5N1|USA-IA|Marion|2024-11-29|wild_avian|D1.1
774,775,0.0730235472082446,-94.5383789297585,34.4121932289668,-88.1212082425091,36.3476468149715,0.320166369340483,0.247142822132238,2024.83715268119,2024.9101762284,NA
1145,1146,0.191809578568096,-108.491164523694,41.2998782804207,-119.905187414885,37.6872546058835,0.322335524755836,0.130525946187741,2024.72053580525,2024.91234538382,NA
711,185,0.163611260517764,-89.5200543796344,37.2864939407266,-88.9883287541304,36.3463441608571,0.325290687386558,0.161679426868793,2024.75168928593,2024.91530054645,SRR34491391|A/green_winged_teal/TN/24-036998-013/2024|H5N1|USA-TN|Obion|2024-12-01|wild_avian|D1.1
1051,526,0.0935321431901432,-105.719520448989,39.9082711785201,-91.7240225370114,34.9542642523083,0.325290687386558,0.231758544196415,2024.82176840326,2024.91530054645,SRR34491394|A/snow_goose/AR/24-035819-001/2024|H5N1|USA-AR|Prairie|2024-12-01|wild_avian|D1.1
859,860,0.0110784893290472,-65.5280377229028,39.4285636439827,-65.3989405785196,39.6085651798427,0.327587484129899,0.316508994800852,2024.90651885386,2024.91759734319,NA
741,146,0.094944857292687,-93.1574304792289,35.4113495221146,-95.5504146169399,37.2628447282653,0.328022927823684,0.233078070530997,2024.82308792959,2024.91803278689,SRR34491382|A/snow_goose/KS/24-036679-005/2024|H5N1|USA-KS|Montgomery|2024-12-02|wild_avian|D1.1
995,665,0.0903491312670268,-95.051580278633,44.1809095706161,-84.7727692406718,42.5587259792843,0.328022927823684,0.237673796556657,2024.82768365562,2024.91803278689,SRR36617866|A/trumpeter_swan/MI/24-036239-001/2024|H5N1|USA-MI|Eaton|2024-12-02|wild_avian|D1.1
851,852,0.0981612121431441,-72.769412892997,40.6333683009877,-67.2998900141517,40.3896898778413,0.330252014786748,0.232090802643604,2024.82210066171,2024.92026187385,NA
807,270,0.206555693766546,-103.465046724291,40.2548334096542,-107.557412701134,45.1153004175911,0.33075516826081,0.124199474494264,2024.71420933356,2024.92076502732,SRR36628224|A/mallard_duck/MT/24-036921-002/2024|H5N1|USA-MT|Big_Horn|2024-12-03|wild_avian|D1.1
941,262,0.198188760156864,-113.430099498146,41.8778521061159,-113.984077168714,41.1165086658942,0.33075516826081,0.132566408103946,2024.72257626717,2024.92076502732,SRR34491344|A/owl/UT/24-036341-002/2024|H5N1|USA-UT|Box_Elder|2024-12-03|wild_avian|D1.1
688,240,0.195237133128597,-114.256613612259,41.9141546293558,-112.213237228673,40.9002650005243,0.33075516826081,0.135518035132213,2024.72552789419,2024.92076502732,SRR36628227|A/canada_goose/UT/24-036341-001/2024|H5N1|USA-UT|Davis|2024-12-03|wild_avian|D1.1
772,778,0.155980692986565,-87.5616411301159,39.1866866109731,-87.4684744740653,38.9258731867523,0.331171403056332,0.175190710069767,2024.76520056913,2024.92118126212,NA
700,701,0.163664734220388,-94.2860878507924,42.3216418184619,-87.8282534424852,39.8069946796939,0.332097068971968,0.16843233475158,2024.75844219381,2024.92210692803,NA
873,874,0.0228936422585992,-67.082158578369,44.7511668084846,-67.3416149877968,46.5708835383925,0.332701603311662,0.309807961053062,2024.89981782011,2024.92271146237,NA
938,245,0.199353827764676,-113.176791542327,40.5694777076503,-112.737875635778,33.4467575855234,0.333487408697936,0.13413358093326,2024.72414343999,2024.92349726776,SRR36617418|A/harris_hawk/AZ/24-038176-001/2024|H5N1|USA-AZ|Maricopa|2024-12-04|wild_avian|D1.1
1014,625,0.192351058658786,-107.152176837659,46.0113110984393,-98.2430473548396,44.7195786730223,0.333487408697936,0.14113635003915,2024.7311462091,2024.92349726776,SRR34491526|A/snow_goose/SD/24-036845-001/2024|H5N1|USA-SD|Spink|2024-12-04|wild_avian|D1.1
899,47,0.109344208321833,-92.9904213240167,41.3813928996817,-87.5186583245927,37.7452872383342,0.333487408697936,0.224143200376103,2024.81415305944,2024.92349726776,SRR34491531|A/snow_goose/KY/24-036682-002/2024|H5N1|USA-KY|Henderson|2024-12-04|wild_avian|D1.1
1054,521,0.116119321134755,-99.8772843927811,37.9832013278659,-93.3114297416069,29.7971771097278,0.336219649135062,0.220100328000307,2024.81011018706,2024.9262295082,SRR34491514|A/snow_goose/LA/24-036681-005/2024|H5N1|USA-LA|Cameron|2024-12-05|wild_avian|D1.1
1137,573,0.112738218255243,-135.367089859129,57.7556092804293,-149.82211839627,62.6580250815243,0.336219649135062,0.223481430879819,2024.81349128994,2024.9262295082,SRR36627907|A/mallard_duck/AK/24-037772-023/2024|H5N1|USA-AK|Matanuska-Susitna|2024-12-05|wild_avian|D1.1
1138,572,0.104109842969129,-133.761601743536,58.4609287015121,-150.505493660682,62.4489580388645,0.336219649135062,0.232109806165933,2024.82211966523,2024.9262295082,SRR36617632|A/mallard_duck/AK/24-037772-039/2024|H5N1|USA-AK|Matanuska-Susitna|2024-12-05|wild_avian|D1.1
1013,672,0.10400911879852,-123.523845157884,41.563510519085,-118.308958109216,34.4302006086718,0.336219649135062,0.232210530336543,2024.8222203894,2024.9262295082,SRR36617838|A/western_gull/CA/24-036784-001/2024|H5N1|USA-CA|Los_Angeles|2024-12-05|wild_avian|D1.1
1355,677,0.100667773388528,-103.241384507445,35.9607969636371,-93.6576131250719,30.018903209633,0.336219649135062,0.235551875746534,2024.82556173481,2024.9262295082,SRR34491517|A/snow_goose/LA/24-036681-003/2024|H5N1|USA-LA|Cameron|2024-12-05|wild_avian|D1.1
1266,1267,0.0273169431602144,-105.452941623231,43.5555828558669,-102.795545947106,40.2603788998132,0.336456934886079,0.309139991725865,2024.89914985079,2024.92646679395,NA
1080,1081,0.104163838951775,-75.7700691478083,35.5680506482502,-77.8089172645962,36.0952765649099,0.337846183105257,0.233682344153482,2024.82369220322,2024.92785604217,NA
1151,561,0.173329952498406,-106.811028157173,41.5845279370876,-107.75858134988,45.352702785672,0.338951889572189,0.165621937073783,2024.75563179614,2024.92896174863,SRR36628213|A/mallard_duck/MT/24-037783-006/2024|H5N1|USA-MT|Big_Horn|2024-12-06|wild_avian|D1.1
985,635,0.0637287556043398,-96.6761650341048,42.714884159162,-90.7069691070223,33.118134281607,0.338951889572189,0.275223133967849,2024.86523299303,2024.92896174863,SRR36617835|A/snow_goose/MS/24-036916-001/2024|H5N1|USA-MS|Washington|2024-12-06|wild_avian|D1.1
1047,540,0.0288653598959718,-94.8022398804335,40.7317168809788,-87.4548524014625,38.3095111299135,0.338951889572189,0.310086529676217,2024.90009638874,2024.92896174863,SRR34491436|A/snow_goose/IN/24-037289-004/2024|H5N1|USA-IN|Gibson|2024-12-06|wild_avian|D1.1
997,998,0.10544231926067,-96.9216786543276,37.7474140754863,-91.4431943308646,37.3414335718118,0.339534907896365,0.234092588635695,2024.8241024477,2024.92954476696,NA
793,794,0.0640361574635753,-90.6755781402909,40.443664861447,-91.1421300470664,45.2810777592519,0.340181047383415,0.27614488991984,2024.86615474898,2024.93019090644,NA
872,876,0.036105299201458,-67.2200092803968,45.0280930345119,-67.853193462718,45.4319723641607,0.341403124582925,0.305297825381467,2024.89530768444,2024.93141298364,NA
1060,589,0.0641018371501647,-81.290869418589,32.8170312555375,-81.3878851051986,30.1909732910462,0.341684130009315,0.27758229285915,2024.86759215192,2024.93169398907,SRR36628218|A/green_winged_teal/FL/24-037597-021/2024|H5N1|USA-FL|St_Johns|2024-12-07|wild_avian|D1.1
1061,590,0.0547636749253773,-80.9453004878907,32.7136373372948,-81.4881409172888,29.8218706162017,0.341684130009315,0.286920455083937,2024.87693031415,2024.93169398907,SRR36617659|A/green_winged_teal/FL/24-037597-003/2024|H5N1|USA-FL|St_Johns|2024-12-07|wild_avian|D1.1
728,159,0.0277966287512528,-90.2963300591152,37.9256545132961,-89.5949682869431,43.1924533147182,0.341684130009315,0.313887501258062,2024.90389736032,2024.93169398907,SRR36617819|A/tundra_swan/WI/24-037346-003/2024|H5N1|USA-WI|Dane|2024-12-07|wild_avian|D1.1
792,795,0.114270085727212,-90.7274772554833,41.5209729575574,-79.7348407322862,41.8346779837729,0.34247188501251,0.228201799285298,2024.81821165835,2024.93248174407,NA
1270,1271,0.0443655608611406,-100.638657962449,38.2325160243799,-100.891419912782,38.5499426819489,0.344149920780356,0.299784359919216,2024.88979421898,2024.93415977984,NA
1115,1116,0.0336464752035579,-80.6796189433396,38.5876531602847,-81.5060753034432,37.7999594561127,0.344188211043464,0.310541735839906,2024.9005515949,2024.93419807011,NA
828,829,0.098198970412118,-72.1740230592578,41.786453009537,-73.9388730873035,40.5573759613472,0.344407196382392,0.246208225970274,2024.83621808503,2024.93441705544,NA
1073,606,0.21075748109348,-115.005750898165,43.0956473623811,-124.073592258205,58.8339643532512,0.344416370446668,0.133658889353188,2024.72366874841,2024.93442622951,EPI_ISL_20208417|A/Chicken/BC/FAV-0421-2/2024|H5N1|Canada-BC|Unknown|2024-12-08|domestic_avian|D1.1
1028,548,0.187085432065393,-101.977451931408,38.7517802968624,-99.0183355411341,34.8436988143136,0.344416370446668,0.157330938381275,2024.74734079744,2024.93442622951,SRR31820756|A/chicken/OK/24-036668-002-original/2024|H5N1|USA-OK|Unknown|2024-12-08|domestic_avian|D1.1
693,694,0.218708937713055,-94.5883216705112,42.0952022776848,-97.1845060049807,41.78321543403,0.346025086991962,0.127316149278907,2024.71732600834,2024.93603494605,NA
695,233,0.243405621742222,-91.4355548008983,38.1825126660847,-96.4028048859873,41.320702084593,0.347148610883794,0.103742989141572,2024.6937528482,2024.93715846995,SRR34491427|A/great_horned_owl/NE/24-036852-002/2024|H5N1|USA-NE|Douglas|2024-12-09|wild_avian|D1.1
1048,520,0.211466320425257,-103.060150895903,39.7864750502354,-90.326227243911,40.4973874775808,0.347148610883794,0.135682290458537,2024.72569214952,2024.93715846995,SRR36628220|A/american_wigeon/IL/24-037535-005/2024|H5N1|USA-IL|Fulton|2024-12-09|wild_avian|D1.1
1344,550,0.126092096170653,-122.276280751373,44.8840095407551,-117.83938809923,45.8077207260007,0.347148610883794,0.221056514713142,2024.81106637377,2024.93715846995,SRR36617634|A/snow_goose/OR/24-037761-001/2024|H5N1|USA-OR|Union|2024-12-09|wild_avian|D1.1
1346,563,0.120998400921801,-105.233815364742,40.645018649725,-87.2427103869166,41.4502221112252,0.347148610883794,0.226150209961994,2024.81616006902,2024.93715846995,SRR36617246|A/snow_goose/IN/24-037868-001/2024|H5N1|USA-IN|Lake|2024-12-09|wild_avian|D1.1
735,181,0.11713987174311,-86.6668050285103,39.1608021520663,-90.4004083547358,33.9728227177241,0.347148610883794,0.230008739140684,2024.8200185982,2024.93715846995,SRR36617445|A/wild_duck/MS/24-037653-002/2024|H5N1|USA-MS|Tallahatchie|2024-12-09|wild_avian|D1.1
1123,569,0.112228039881294,-118.209985235283,42.23681512879,-117.692599771579,42.0860114403284,0.347148610883794,0.2349205710025,2024.82493043006,2024.93715846995,SRR33508718|A/snow_goose/OR/24-037758-001/2024|H5N1|USA-OR|Malheur|2024-12-09|wild_avian|D1.1
781,229,0.0306994456499783,-79.8153653876345,39.6379355089279,-85.3931684985616,49.0870148032699,0.347148610883794,0.316449165233816,2024.9064590243,2024.93715846995,EPI_ISL_20208432|A/Mallard/ON/FAV-0059-8/2025|H5N1|Canada-ON|Unknown|2024-12-09|wild_avian|D1.1
1166,1167,0.0403300523166666,-105.563637998849,43.3538512970134,-105.360768111271,45.4698739121602,0.348165597648013,0.307835545331347,2024.89784540439,2024.93817545671,NA
903,904,0.0298599694337142,-90.0425015116789,39.1075253637547,-77.0093353365287,38.9220825113904,0.348481339357503,0.318621369923789,2024.90863122899,2024.93849119842,NA
831,832,0.0474502150038726,-72.2452929422659,41.5715873264393,-72.192087775904,41.3894129384372,0.349269064500824,0.301818849496951,2024.89182870856,2024.93927892356,NA
895,896,0.0306120953964846,-76.5222076935861,41.6344122248728,-76.0382291902078,41.7667078399532,0.349297593978492,0.318685498582008,2024.90869535764,2024.93930745304,NA
755,756,0.121314805684377,-90.0317952988223,39.0784354838829,-88.9962780323544,40.2424705161079,0.349808762148819,0.228493956464441,2024.81850381553,2024.93981862121,NA
698,189,0.191560379620304,-88.5232805220133,38.7239651793782,-93.2822239850895,43.1692195608981,0.349880851320921,0.158320471700617,2024.74833033076,2024.93989071038,SRR34491424|A/blue_jay/IA/24-037140-001/2024|H5N1|USA-IA|Cerro_Gordo|2024-12-10|wild_avian|D1.1
920,31,0.120682485617907,-111.531540383616,43.5929571615675,-116.537674650486,43.795375908881,0.349880851320921,0.229198365703013,2024.81920822476,2024.93989071038,SRR33508721|A/snow_goose/ID/24-037540-001/2024|H5N1|USA-ID|Canyon|2024-12-10|wild_avian|D1.1
920,29,0.120682485617907,-111.531540383616,43.5929571615675,-104.429041052914,40.8553587298726,0.349880851320921,0.229198365703013,2024.81920822476,2024.93989071038,SRR36617816|A/red_tailed_hawk/CO/24-037418-001/2024|H5N1|USA-CO|Weld|2024-12-10|wild_avian|D1.1
994,666,0.117024314468644,-96.0067496880251,44.1408582933738,-95.8575881986199,44.164468051232,0.349880851320921,0.232856536852276,2024.82286639591,2024.93989071038,SRR34491425|A/canada_goose/MN/24-037100-001/2024|H5N1|USA-MN|Murray|2024-12-10|wild_avian|D1.1
1044,542,0.0951480724936169,-95.37079157347,41.2831033920858,-96.054567015434,42.4747930201152,0.349880851320921,0.254732778827304,2024.84474263789,2024.93989071038,SRR36617433|A/snow_goose/IA/24-037657-004/2024|H5N1|USA-IA|Woodbury|2024-12-10|wild_avian|D1.1
933,44,0.0931104850819668,-106.391178710064,42.3009988229111,-110.411757316495,50.2258631990222,0.349880851320921,0.256770366238954,2024.8467802253,2024.93989071038,EPI_ISL_20208426|A/Great_Horned_Owl/AB/FAV-0178-1/2025|H5N1|Canada-AB|Unknown|2024-12-10|wild_avian|D1.1
790,129,0.0510631870552452,-92.5634854300317,44.7753649521415,-93.1625887380218,44.9949334822569,0.349880851320921,0.298817664265675,2024.88882752333,2024.93989071038,SRR36617403|A/canada_goose/MN/24-038291-006/2024|H5N1|USA-MN|Ramsey|2024-12-10|wild_avian|D1.1
874,875,0.0179492355829789,-67.3416149877968,46.5708835383925,-65.3640059332061,46.4880842973246,0.350650838894641,0.332701603311662,2024.92271146237,2024.94066069796,NA
906,907,0.0327201997473342,-87.7380895710108,39.0347263722833,-83.0340452337809,39.379019979592,0.350651805044176,0.317931605296842,2024.90794146436,2024.94066166411,NA
829,830,0.00635772037234328,-73.9388730873035,40.5573759613472,-74.7874080991763,40.8008381197178,0.350764916754735,0.344407196382392,2024.93441705544,2024.94077477582,NA
781,782,0.0345375260630619,-79.8153653876345,39.6379355089279,-81.1673135760189,40.8484047200902,0.350986691296878,0.316449165233816,2024.9064590243,2024.94099655036,NA
1037,1042,0.0331904453011238,-80.8759283358219,31.7488747055785,-79.4811609165508,33.9945897341647,0.351192235640121,0.318001790338998,2024.9080116494,2024.9412020947,NA
722,723,0.0333851237316006,-81.9866999452294,40.9913110742587,-81.8147870860657,40.9792967819104,0.351264598742474,0.317879475010873,2024.90788933407,2024.9412744578,NA
1042,1043,0.000462698074618295,-79.4811609165508,33.9945897341647,-79.4708860972008,33.9806929903058,0.35165493371474,0.351192235640121,2024.9412020947,2024.94166479278,NA
1146,1147,0.0296756263944863,-119.905187414885,37.6872546058835,-118.444345665778,37.5482678813382,0.352011151150323,0.322335524755836,2024.91234538382,2024.94202101021,NA
1081,1082,0.014298157825935,-77.8089172645962,36.0952765649099,-77.4161676620138,35.744130301084,0.352144340931192,0.337846183105257,2024.92785604217,2024.94215419999,NA
1342,552,0.190279332512464,-116.216265327192,42.6554951507973,-91.3916773451807,35.0293907996849,0.352613091758047,0.162333759245583,2024.75234361831,2024.94262295082,SRR36617233|A/mallard_duck/AR/24-037952-006/2024|H5N1|USA-AR|Prairie|2024-12-11|wild_avian|D1.1
715,725,0.129695418655926,-87.2703140959515,41.2447602000553,-85.9038456224887,38.1077097135616,0.353472039077478,0.223776620421552,2024.81378647948,2024.94348189814,NA
852,853,0.0247369306932697,-67.2998900141517,40.3896898778413,-70.8458444883514,43.3859725673455,0.354988945480018,0.330252014786748,2024.92026187385,2024.94499880454,NA
997,668,0.121252743559478,-96.9216786543276,37.7474140754863,-98.2311875493465,39.5283052907944,0.355345332195173,0.234092588635695,2024.8241024477,2024.94535519126,SRR36617797|A/snow_goose/KS/24-038036-002/2024|H5N1|USA-KS|Mitchell|2024-12-12|wild_avian|D1.1
720,174,0.0471787752493305,-83.0303585484079,41.1241762398473,-81.4326295114949,31.280512870399,0.355345332195173,0.308166556945842,2024.89817641601,2024.94535519126,SRR36617408|A/bald_eagle/GA/24-038226-003/2024|H5N1|USA-GA|Glynn|2024-12-12|wild_avian|D1.1
883,884,0.0435757270706637,-74.4557264610135,41.1338430482209,-75.3986522702419,40.6661567460972,0.355565556343831,0.311989829273168,2024.90199968833,2024.94557541541,NA
1332,1333,0.0793269212049781,-100.73939861287,45.7947221915368,-98.3163195084485,44.3676603764255,0.355889070669815,0.276562149464837,2024.86657200853,2024.94589892973,NA
825,826,0.0415854193988283,-72.2642371116854,43.5310778871737,-71.9905451121079,42.4623486237435,0.356445163081088,0.314859743682259,2024.90486960274,2024.94645502214,NA
832,833,0.00805026396404962,-72.192087775904,41.3894129384372,-72.1789946143838,40.9987677816724,0.357319328464873,0.349269064500824,2024.93927892356,2024.94732918753,NA
990,638,0.0481882084920398,-100.24630859643,41.5341844813033,-87.1497757260881,31.6225782903061,0.358077572632299,0.309889364140259,2024.8998992232,2024.94808743169,SRR31885765|A/Guineafowl/AL/24-037980-001-original/2024|H5N1|USA-AL|Unknown|2024-12-13|domestic_avian|D1.1
853,854,0.0031082297624232,-70.8458444883514,43.3859725673455,-70.9250825983259,43.2303468302886,0.358097175242441,0.354988945480018,2024.94499880454,2024.9481070343,NA
966,967,0.191373829413073,-118.947819557148,41.5123840337603,-114.368186372698,44.5482219579811,0.358755304162551,0.167381474749478,2024.75739133381,2024.94876516322,NA
884,885,0.00330184334008965,-75.3986522702419,40.6661567460972,-75.4047933217376,40.4836392087241,0.358867399683921,0.355565556343831,2024.94557541541,2024.94887725875,NA
825,827,0.0441695050629082,-72.2642371116854,43.5310778871737,-72.3799615113059,43.8389476500891,0.359029248745168,0.314859743682259,2024.90486960274,2024.94903910781,NA
904,905,0.0107101097273794,-77.0093353365287,38.9220825113904,-76.168269910513,39.2181859228994,0.359191449084882,0.348481339357503,2024.93849119842,2024.94920130815,NA
856,857,0.0458146408324115,-70.8551579189458,43.1795496678776,-70.3190396997384,41.5514439035313,0.359395478837064,0.313580838004653,2024.90359069707,2024.9494053379,NA
958,280,0.22968667227368,-116.211863962691,41.460808290816,-118.527475983361,46.1694151440419,0.360809813069425,0.131123140795746,2024.72113299986,2024.95081967213,SRR36617585|A/canvasback_duck/WA/24-038667-005/2024|H5N1|USA-WA|Walla_Walla|2024-12-14|wild_avian|D1.1
1140,587,0.226104005520888,-108.096161856341,40.9374869016302,-94.0347435701094,29.7721154949163,0.360809813069425,0.134705807548538,2024.72471566661,2024.95081967213,SRR36617600|A/gadwall/TX/24-038543-056/2024|H5N1|USA-TX|Jefferson|2024-12-14|wild_avian|D1.1
783,226,0.0455871155574261,-84.6617123617806,41.7231113486952,-84.5430285790755,40.653752166946,0.360809813069425,0.315222697511999,2024.90523255657,2024.95081967213,SRR36617800|A/canada_goose/OH/24-038006-001/2024|H5N1|USA-OH|Mercer|2024-12-14|wild_avian|D1.1
998,669,0.0212749051730599,-91.4431943308646,37.3414335718118,-89.0065133618426,36.9523987569162,0.360809813069425,0.339534907896365,2024.92954476696,2024.95081967213,SRR36617765|A/ring_necked_duck/KY/24-038721-028/2024|H5N1|USA-KY|Ballard|2024-12-14|wild_avian|D1.1
919,30,0.145354415533033,-112.566363632155,43.8048671292723,-115.574958680387,42.8924518178936,0.366274293943905,0.220919878410872,2024.81092973747,2024.95628415301,SRR36617414|A/snow_goose/ID/24-038179-001/2024|H5N1|USA-ID|Owyhee|2024-12-16|wild_avian|D1.1
1078,302,0.135231166586449,-77.2166743447331,36.0038665066485,-76.3655884690681,35.4975914482829,0.366274293943905,0.231043127357456,2024.82105298642,2024.95628415301,SRR36617384|A/snow_goose/NC/24-038497-002/2024|H5N1|USA-NC|Hyde|2024-12-16|wild_avian|D1.1
949,257,0.239592386213804,-114.874713503185,41.8173673349739,-115.512561499067,40.9712859512845,0.369006534381031,0.129414148167227,2024.71942400723,2024.95901639344,SRR36617969|A/mallard_duck/NV/24-039032-001/2024|H5N1|USA-NV|Elko|2024-12-17|wild_avian|D1.1
1029,546,0.236591143152167,-103.142960913032,39.9672343121928,-114.769197870297,40.454212930417,0.369006534381031,0.132415391228864,2024.72242525029,2024.95901639344,SRR36617967|A/gadwall/NV/24-039032-002/2024|H5N1|USA-NV|Elko|2024-12-17|wild_avian|D1.1
1059,592,0.227779535646658,-104.84375622643,42.2581062851609,-95.7762607156339,29.8213594904662,0.369006534381031,0.141226998734373,2024.7312368578,2024.95901639344,SRR36618001|A/Muscovy_duck/TX/24-038475-001/2024|H5N1|USA-TX|Harris|2024-12-17|wild_avian|D1.1
790,130,0.0701888701153557,-92.5634854300317,44.7753649521415,-92.3741930155869,45.2086972678028,0.369006534381031,0.298817664265675,2024.88882752333,2024.95901639344,SRR36617307|A/canada_goose/WI/25-001449-006/2024|H5N1|USA-WI|St_Croix|2024-12-17|wild_avian|D1.1
1010,632,0.143835295081614,-99.1109738803518,37.6713637840949,-90.8499711359444,38.6633599454666,0.371738774818157,0.227903479736543,2024.8179133388,2024.96174863388,SRR36617748|A/canada_goose/MO/24-038745-013/2024|H5N1|USA-MO|St_Charles|2024-12-18|wild_avian|D1.1
776,224,0.139535161628845,-88.9989896711757,38.4068466237661,-90.7572167009366,39.5155350274371,0.371738774818157,0.232203613189312,2024.82221347225,2024.96174863388,SRR36617388|A/trumpeter_swan/IL/24-038496-001/2024|H5N1|USA-IL|Pike|2024-12-18|wild_avian|D1.1
998,670,0.0322038669217919,-91.4431943308646,37.3414335718118,-94.6067823342159,40.2763081587572,0.371738774818157,0.339534907896365,2024.92954476696,2024.96174863388,SRR36617758|A/mallard_duck/MO/24-038745-003/2024|H5N1|USA-MO|Nodaway|2024-12-18|wild_avian|D1.1
921,24,0.242050180842539,-105.545963420868,41.1981711835174,-108.006908243824,44.3700460127548,0.374471015255283,0.132420834412744,2024.72243069347,2024.96448087432,SRR36617586|A/canada_goose/WY/24-038662-001/2024|H5N1|USA-WY|Big_Horn|2024-12-19|wild_avian|D1.1
942,248,0.211527158097755,-114.096645123203,42.5938785856223,-76.1309692180179,36.7830132697053,0.374471015255283,0.162943857157528,2024.75295371622,2024.96448087432,SRR36617986|A/green_winged_teal/VA/24-038857-002/2024|H5N1|USA-VA|Virginia_Beach|2024-12-19|wild_avian|D1.1
951,255,0.205268131897896,-114.665212671855,40.7658345790297,-113.406694565764,33.9292444137799,0.374471015255283,0.169202883357387,2024.75921274242,2024.96448087432,SRR36628748|A/mallard_duck/AZ/25-000743-025/2024|H5N1|USA-AZ|La_Paz|2024-12-19|wild_avian|D1.1
837,119,0.138533292471384,-73.1439329648407,40.9667805195231,-72.6758251344422,44.7336547207558,0.374471015255283,0.235937722783899,2024.82594758185,2024.96448087432,SRR31959989|A/chicken/VT/24-038443-001-original/2024|H5N1|USA-VT|Unknown|2024-12-19|domestic_avian|D1.1
1061,591,0.087550560171346,-80.9453004878907,32.7136373372948,-80.0045288703118,32.8632499025183,0.374471015255283,0.286920455083937,2024.87693031415,2024.96448087432,SRR36617572|A/green_winged_teal/SC/25-000649-005/2024|H5N1|USA-SC|Charleston|2024-12-19|wild_avian|D1.1
1111,331,0.0720717592596558,-78.6244020031045,40.4029353113006,-77.5831851481796,37.6425982087284,0.374471015255283,0.302399255995628,2024.89240911506,2024.96448087432,SRR36617982|A/wood_duck/VA/24-038859-013/2024|H5N1|USA-VA|Henrico|2024-12-19|wild_avian|D1.1
932,40,0.0562415637844473,-89.5881751794201,44.797786345546,-84.2781999404189,34.1478210687075,0.374471015255283,0.318229451470836,2024.90823931053,2024.96448087432,SRR36617304|A/bald_eagle/GA/25-001590-001/2024|H5N1|USA-GA|Fulton|2024-12-19|wild_avian|D1.1
938,246,0.24306967475915,-113.176791542327,40.5694777076503,-119.044934745551,47.3108297649331,0.37720325569241,0.13413358093326,2024.72414343999,2024.96721311475,SRR36617580|A/mallard_duck/WA/25-000523-001/2024|H5N1|USA-WA|Grant|2024-12-20|wild_avian|D1.1
883,49,0.0652134264192421,-74.4557264610135,41.1338430482209,-76.5494236359132,43.0964106830291,0.37720325569241,0.311989829273168,2024.90199968833,2024.96721311475,SRR36617989|A/cooper_s_hawk/NY/24-038846-001/2024|H5N1|USA-NY|Cayuga|2024-12-20|wild_avian|D1.1
906,23,0.0592716503955677,-87.7380895710108,39.0347263722833,-76.1419035774053,42.4120187111867,0.37720325569241,0.317931605296842,2024.90794146436,2024.96721311475,SRR36617991|A/Peregrine_falcon/NY/24-038845-001/2024|H5N1|USA-NY|Cortland|2024-12-20|wild_avian|D1.1
1271,1272,0.0338021832898459,-100.891419912782,38.5499426819489,-99.4234081262955,34.7346791872919,0.377952104070202,0.344149920780356,2024.93415977984,2024.96796196313,NA
1345,562,0.190055953484599,-105.235338179493,40.8366932165147,-96.130603137884,41.3827984893094,0.379935496129536,0.189879542644937,2024.77988940171,2024.96994535519,SRR36628199|A/wild_goose/NE/24-038832-001/2024|H5N1|USA-NE|Douglas|2024-12-21|wild_avian|D1.1
1013,673,0.153189446667473,-123.523845157884,41.563510519085,-120.808923253889,36.0363475331974,0.385399977004016,0.232210530336543,2024.8222203894,2024.97540983607,SRR36617878|A/western_gull/CA/25-004506-003/2024|H5N1|USA-CA|Monterey|2024-12-23|wild_avian|D1.1
925,926,0.0666624941798237,-87.8938928171193,44.5683356852628,-81.2295706564593,43.8173829285391,0.386411017749688,0.319748523569864,2024.90975838263,2024.97642087681,NA
986,637,0.0767106827752488,-96.1945544621708,42.1942722643678,-96.5145598975349,42.4997220844995,0.388132217441142,0.311421534665893,2024.90143139373,2024.9781420765,SRR36617972|A/canada_goose/SD/24-038946-001/2024|H5N1|USA-SD|Union|2024-12-24|wild_avian|D1.1
729,164,0.178485822698492,-88.8241782868529,39.2446576867546,-80.7223089196972,33.094315386985,0.399061179189646,0.220575356491154,2024.81058521555,2024.98907103825,SRR36617711|A/american_wigeon/SC/25-000504-002/2024|H5N1|USA-SC|Colleton|2024-12-28|wild_avian|D1.1
1152,559,0.170704542430164,-106.008482433757,37.5064866296694,-104.446821743649,37.9922528691124,0.399061179189646,0.228356636759482,2024.81836649582,2024.98907103825,SRR36617718|A/snow_goose/CO/25-000365-002/2024|H5N1|USA-CO|Pueblo|2024-12-28|wild_avian|D1.1
924,42,0.0858814062950233,-89.4162219782137,44.7106149223871,-85.1522762506366,47.0601668210195,0.399061179189646,0.313179772894623,2024.90318963196,2024.98907103825,EPI_ISL_20208449|A/Snowy_Owl/ON/FAV-0035-8/2025|H5N1|Canada-ON|Unknown|2024-12-28|wild_avian|D1.1
1082,300,0.0469168382584547,-77.4161676620138,35.744130301084,-76.460589365875,35.6461409502399,0.399061179189646,0.352144340931192,2024.94215419999,2024.98907103825,SRR36617328|A/snow_goose/NC/25-001068-002/2024|H5N1|USA-NC|Hyde|2024-12-28|wild_avian|D1.1
691,126,0.323100450661391,-102.838570073605,42.5610215324326,-126.029930990646,58.792623030191,0.404525660064126,0.0814252094027348,2024.67143506846,2024.99453551913,EPI_ISL_20208383|A/Bald_Eagle/BC/OTH-0030-26/2025|H5N1|Canada-BC|Unknown|2024-12-30|wild_avian|D1.1
693,236,0.277209510785219,-94.5883216705112,42.0952022776848,-81.3090919269063,40.8232614059546,0.404525660064126,0.127316149278907,2024.71732600834,2024.99453551913,SRR36617726|A/canada_goose/OH/25-000228-002/2024|H5N1|USA-OH|Stark|2024-12-30|wild_avian|D1.1
1010,633,0.176622180327583,-99.1109738803518,37.6713637840949,-87.5825514180919,35.9908339887418,0.404525660064126,0.227903479736543,2024.8179133388,2024.99453551913,SRR36617313|A/snow_goose/TN/25-001379-007/2024|H5N1|USA-TN|Humphreys|2024-12-30|wild_avian|D1.1
882,54,0.0894917141103162,-74.3077259408997,41.0063859641874,-75.345471298584,40.5904190500351,0.404525660064126,0.31503394595381,2024.90504380502,2024.99453551913,SRR36628766|A/lesser_snow_goose/PA/25-000167-005/2024|H5N1|USA-PA|Northampton|2024-12-30|wild_avian|D1.1
896,74,0.0552280660856337,-76.0382291902078,41.7667078399532,-75.5133456424011,40.6149231634265,0.404525660064126,0.349297593978492,2024.93930745304,2024.99453551913,SRR36617737|A/lesser_snow_goose/PA/25-000169-003/2024|H5N1|USA-PA|Lehigh|2024-12-30|wild_avian|D1.1
734,161,0.205191302609091,-89.2244144758355,38.2316292066408,-79.9265523198352,39.4069628119876,0.407257900501252,0.202066597892162,2024.79207645695,2024.99726775956,SRR32006892|A/chicken/WV/25-000049-006-original/2024|H5N1|USA-WV|Unknown|2024-12-31|domestic_avian|D1.1
842,121,0.0892584391793318,-75.115766959103,40.5654950298116,-75.8625664472506,38.6087176945896,0.407257900501252,0.31799946132192,2024.90800932038,2024.99726775956,SRR36617325|A/snow_goose/MA/25-001222-002/2024|H5N1|USA-MA|Dorchester|2024-12-31|wild_avian|D1.1
885,52,0.0483905008173313,-75.4047933217376,40.4836392087241,-75.8834683680447,38.5884295030321,0.407257900501252,0.358867399683921,2024.94887725875,2024.99726775956,SRR36617326|A/snow_goose/MA/25-001222-001/2024|H5N1|USA-MA|Dorchester|2024-12-31|wild_avian|D1.1
740,147,0.22254142292131,-89.0830964989716,37.2310666775072,-87.7294429079308,41.7881938638699,0.412729866965736,0.190188444044425,2024.78019830311,2025.00273972603,SRR32226683|A/Canada_Goose/IL/25-000616-010/2025|H5N1|USA-IL|Cook|2025-01-02|wild_avian|D1.1
809,268,0.20656105857305,-99.6443089202014,41.1562750442422,-85.7406660714854,35.980054211017,0.412729866965736,0.206168808392686,2024.79617866745,2025.00273972603,SRR32416368|A/Canada_Goose/TN/25-003129-001-original/2025|H5N1|USA-TN|Unknown|2025-01-02|wild_avian|D1.1
741,145,0.179651796434739,-93.1574304792289,35.4113495221146,-86.8457832577188,34.9634163457306,0.412729866965736,0.233078070530997,2024.82308792959,2025.00273972603,SRR32254443|A/snow_goose/AL/25-001388-002/2025|H5N1|USA-AL|Limestone|2025-01-02|wild_avian|D1.1
1113,327,0.175522447964229,-79.0436532961776,35.2447164534444,-80.0595245173103,32.8446571940902,0.412729866965736,0.237207419001506,2024.82721727806,2025.00273972603,SRR32254425|A/bald_eagle/SC/25-000782-001/2025|H5N1|USA-SC|Charleston|2025-01-02|wild_avian|D1.1
839,120,0.142053159523768,-75.9973530769225,42.2379619525392,-75.6721437507952,39.4458105568425,0.412729866965736,0.270676707441967,2024.8606865665,2025.00273972603,SRR32006864|A/chicken/DE/25-000201-001-original/2025|H5N1|USA-DE|Unknown|2025-01-02|domestic_avian|D1.1
1046,539,0.109209732938542,-94.5862303375404,40.703918364081,-87.6550964038834,41.4819403466797,0.412729866965736,0.303520134027194,2024.89352999309,2025.00273972603,SRR32226691|A/Canada_Goose/IL/25-000616-002/2025|H5N1|USA-IL|Cook|2025-01-02|wild_avian|D1.1
1115,324,0.10218813112583,-80.6796189433396,38.5876531602847,-80.6639033048896,37.452981665824,0.412729866965736,0.310541735839906,2024.9005515949,2025.00273972603,SRR32868825|A/Canada_Goose/WV/25-001893-003-original/2025|H5N1|USA-WV|Unknown|2025-01-02|wild_avian|D1.1
992,643,0.0994152560498078,-96.7327777351318,39.7974831271032,-93.6289898769953,41.6034882566564,0.412729866965736,0.313314610915928,2024.90332446998,2025.00273972603,SRR36617578|A/red_tailed_hawk/IA/25-000527-002/2024|H5N1|USA-IA|Polk|2025-01-02|wild_avian|D1.1
826,101,0.0562847038846481,-71.9905451121079,42.4623486237435,-71.20738841662,41.6443053018928,0.412729866965736,0.356445163081088,2024.94645502214,2025.00273972603,SRR32254418|A/canada_goose/RI/25-001721-001/2025|H5N1|USA-RI|Newport|2025-01-02|wild_avian|D1.1
885,51,0.0538624672818149,-75.4047933217376,40.4836392087241,-75.3126368138096,40.8283190668961,0.412729866965736,0.358867399683921,2024.94887725875,2025.00273972603,SRR32254446|A/red_tailed_hawk/PA/25-001322-001/2025|H5N1|USA-PA|Northampton|2025-01-02|wild_avian|D1.1
1271,1273,0.0712693046948361,-100.891419912782,38.5499426819489,-102.758766493285,40.175760851011,0.415419225475192,0.344149920780356,2024.93415977984,2025.00542908454,NA
1011,675,0.251190838470089,-120.340873405014,39.01256429255,-121.890135291862,51.3855358032035,0.415469592993093,0.164278754523004,2024.75428861358,2025.00547945205,EPI_ISL_19788013|A/Bald_Eagle/BC/AIVPHL-2979/2025|H5N1|Canada-BC|Unknown|2025-01-03|wild_avian|D1.1
1122,567,0.24082644190365,-109.415081435093,41.3573555382776,-106.973837115489,33.5857100602689,0.415469592993093,0.174643151089443,2024.76465301015,2025.00547945205,SRR32254439|A/snow_goose/NM/25-001448-001/2025|H5N1|USA-NM|Socorro|2025-01-03|wild_avian|D1.1
881,53,0.101643991547581,-74.4808721844991,41.0828414721406,-74.4314482789891,40.9779431408529,0.415469592993093,0.313825601445512,2024.90383546051,2025.00547945205,SRR32254501|A/snow_goose/NJ/25-000806-001/2025|H5N1|USA-NJ|Morris|2025-01-03|wild_avian|D1.1
959,279,0.199705394914617,-118.956565140431,38.820585485781,-114.228002829436,32.1819961989008,0.418209319020678,0.218503924106061,2024.80851378317,2025.00821917808,GenBank|A/Ostrich/Sonora/CPA-00009-25/2025|H5N1|Mexico-Sonora|Unknown|2025-01-04|domestic_avian|D1.1
1009,631,0.289745970234083,-108.292664031437,40.2478069606786,-93.5499999601954,41.8326432632358,0.420949045048035,0.131203074813953,2024.72121293388,2025.01095890411,SRR32226692|A/Great_Horned_Owl/IA/25-000440-001/2025|H5N1|USA-IA|Polk|2025-01-05|wild_avian|D1.1
1071,598,0.184221231438721,-112.897558410598,44.6728562068095,-120.529939238362,43.6067824380292,0.420949045048035,0.236727813609314,2024.82673767267,2025.01095890411,SRR32125546|A/chicken/OR/25-000540-001-original/2025|H5N1|USA-OR|Unknown|2025-01-05|domestic_avian|D1.1
856,93,0.107368207043383,-70.8551579189458,43.1795496678776,-70.5273723858386,43.3424415824986,0.420949045048035,0.313580838004653,2024.90359069707,2025.01095890411,SRR32512599|A/canada_goose/ME/25-003295-001/2025|H5N1|USA-ME|York|2025-01-05|wild_avian|D1.1
884,50,0.0653834887042041,-75.3986522702419,40.6661567460972,-75.0228457538289,40.8213534651359,0.420949045048035,0.355565556343831,2024.94557541541,2025.01095890411,SRR32254496|A/snow_goose/NJ/25-000810-002/2025|H5N1|USA-NJ|Warren|2025-01-05|wild_avian|D1.1
1354,557,0.257831647596259,-108.437147029696,41.6383666529348,-116.861960585459,49.7857537009022,0.423688771075393,0.165857123479133,2024.75586698254,2025.01369863014,EPI_ISL_19788009|A/Red_Tailed_Hawk/BC/AIVPHL-2966/2025|H5N1|Canada-BC|Unknown|2025-01-06|wild_avian|D1.1
847,99,0.251789094071816,-72.6025648739155,41.779247887902,-73.8397293250951,43.3039436838307,0.423688771075393,0.171899677003577,2024.76190953607,2025.01369863014,SRR32254487|A/canada_goose/NY/25-000858-002/2025|H5N1|USA-NY|Saratoga|2025-01-06|wild_avian|D1.1
918,27,0.201001441557174,-107.243231475354,42.3539669962484,-115.510576948068,46.7574405587137,0.423688771075393,0.222687329518219,2024.81269718858,2025.01369863014,SRR32125547|A/chicken/ID/25-000539-001-original/2025|H5N1|USA-ID|Unknown|2025-01-06|domestic_avian|D1.1
731,163,0.193354807451187,-88.8098793917279,39.2630563117505,-84.982057864569,34.021939066521,0.423688771075393,0.230333963624206,2024.82034382269,2025.01369863014,SRR32125549|A/chicken/GA/25-000538-001-original/2025|H5N1|USA-GA|Unknown|2025-01-06|domestic_avian|D1.1
794,135,0.0835077236919777,-91.1421300470664,45.2810777592519,-89.0472695701126,43.5766400865103,0.423688771075393,0.340181047383415,2024.93019090644,2025.01369863014,SRR32254451|A/red_tailed_hawk/WI/25-001295-001/2025|H5N1|USA-WI|Columbia|2025-01-06|wild_avian|D1.1
967,628,0.0649334669128415,-114.368186372698,44.5482219579811,-113.961361706526,44.2369307870867,0.423688771075393,0.358755304162551,2024.94876516322,2025.01369863014,SRR32254472|A/red_tailed_hawk/ID/25-001246-001/2025|H5N1|USA-ID|Unknown|2025-01-06|wild_avian|D1.1
983,663,0.172340838098611,-91.5683734280343,32.0627955987392,-91.7150292309235,32.3771364340711,0.42642849710275,0.254087659004139,2024.84409751807,2025.01643835616,SRR32416436|A/mallard/LA/25-001905-003/2025|H5N1|USA-LA|Richland|2025-01-07|wild_avian|D1.1
1160,337,0.111157201457927,-99.2376310762246,36.7322284705142,-104.220253873348,40.1094778180016,0.42642849710275,0.315271295644823,2024.90528115471,2025.01643835616,SRR32254489|A/cackling_goose/CO/25-000848-001/2025|H5N1|USA-CO|Weld|2025-01-07|wild_avian|D1.1
1032,529,0.236454447822038,-102.197714430673,40.2999583655035,-113.398604097654,36.7755243564977,0.429168223130107,0.19271377530807,2024.78272363437,2025.01917808219,SRR32512601|A/american_wigeon/AZ/25-004049-003/2025|H5N1|USA-AZ|Mohave|2025-01-08|wild_avian|D1.1
960,281,0.201410592304863,-116.330599043222,41.6157505278786,-112.505268992572,33.1104396773155,0.429168223130107,0.227757630825244,2024.81776748989,2025.01917808219,SRR33508711|A/barn_owl/AZ/25-000514-002/2025|H5N1|USA-AZ|Maricopa|2025-01-08|wild_avian|D1.1
990,991,0.11979981540821,-100.24630859643,41.5341844813033,-98.4644804824025,44.9894855524544,0.429689179548469,0.309889364140259,2024.8998992232,2025.01969903861,NA
947,258,0.194399488301947,-87.4964764719408,34.0386846897209,-87.4874566725083,30.5254125344849,0.431907949157465,0.237508460855518,2024.82751831992,2025.02191780822,SRR32254417|A/bald_eagle/AL/25-001791-001/2025|H5N1|USA-AL|Baldwin|2025-01-09|wild_avian|D1.1
795,133,0.0894360641449549,-79.7348407322862,41.8346779837729,-81.9413122484553,43.4478289936896,0.431907949157465,0.34247188501251,2024.93248174407,2025.02191780822,EPI_ISL_19792241|A/Duck/ON/FAV-0025/2025|H5N1|Canada-ON|Unknown|2025-01-09|domestic_avian|D1.1
756,205,0.0875786390635882,-88.9962780323544,40.2424705161079,-93.5313615134526,52.1037911787368,0.437387401212407,0.349808762148819,2024.93981862121,2025.02739726027,EPI_ISL_20208395|A/Canada_Goose/ON/FAV-0038-2/2025|H5N1|Canada-ON|Unknown|2025-01-11|wild_avian|D1.1
1333,1334,0.082196252759547,-98.3163195084485,44.3676603764255,-97.2816569394646,44.339083065259,0.438085323429362,0.355889070669815,2024.94589892973,2025.02809518249,NA
964,626,0.312018182681268,-111.456612803465,42.8123160578245,-96.4230818014474,43.8486274944993,0.440127127239764,0.128108944558496,2024.71811880362,2025.0301369863,SRR33029793|A/Trumpeter_Swan/MN/25-002569-001-original/2025|H5N1|USA-MN|Unknown|2025-01-12|wild_avian|D1.1
687,239,0.309757250299707,-111.594807732983,40.9539885138763,-91.3445927704984,34.2127347476123,0.442866853267122,0.133109602967414,2024.72311946203,2025.03287671233,SRR32416354|A/American_Woodcock/AR/25-003125-001-original/2025|H5N1|USA-AR|Unknown|2025-01-13|wild_avian|D1.1
889,59,0.142983247985368,-73.1757880029158,38.9744749419032,-73.289824445593,44.7609693420589,0.442866853267122,0.299883605281754,2024.88989346434,2025.03287671233,SRR32254424|A/mallard/VT/25-001682-021/2025|H5N1|USA-VT|Grand_Isle|2025-01-13|wild_avian|D1.1
840,123,0.139836929943511,-75.0299271641498,41.7400872974235,-77.4049054069998,42.7350669833894,0.442866853267122,0.30302992332361,2024.89303978239,2025.03287671233,SRR32254429|A/snow_goose/NY/25-001673-001/2025|H5N1|USA-NY|Ontario|2025-01-13|wild_avian|D1.1
826,102,0.0864216901860342,-71.9905451121079,42.4623486237435,-73.2713211297783,44.6169072898691,0.442866853267122,0.356445163081088,2024.94645502214,2025.03287671233,SRR32254427|A/mallard/VT/25-001682-012/2025|H5N1|USA-VT|Grand_Isle|2025-01-13|wild_avian|D1.1
717,157,0.212961260294377,-82.7365576616833,40.6747110415567,-80.4678873971543,27.8165092385773,0.445606579294479,0.232645319000102,2024.82265517806,2025.03561643836,SRR33508814|A/lesser_scaup/FL/25-003912-002/2025|H5N1|USA-FL|Indian_River|2025-01-14|wild_avian|D1.1
995,664,0.21067250876518,-95.051580278633,44.1809095706161,-88.5391679642656,30.5481412067947,0.448346305321837,0.237673796556657,2024.82768365562,2025.03835616438,SRR32416380|A/Wood_Duck/MS/25-002206-001-original/2025|H5N1|USA-MS|Unknown|2025-01-15|wild_avian|D1.1
1067,289,0.320755197927495,-112.846729213602,43.1871043776959,-122.629078701929,47.0410082697318,0.451086031349421,0.130330833421927,2024.72034069248,2025.04109589041,SRR32653596|A/Weasel/WA/25-002912-001-original-repeat2/2025|H5N1|USA-WA|Unknown|2025-01-16|other_mammal|D1.1
996,667,0.218651298277239,-95.3256362907223,37.979564030836,-104.473464399532,42.5458588264294,0.451086031349421,0.232434733072183,2024.82244459213,2025.04109589041,SRR32513187|A/great_horned_owl/WY/25-002742-001/2025|H5N1|USA-WY|Goshen|2025-01-16|wild_avian|D1.1
829,114,0.10667883496703,-73.9388730873035,40.5573759613472,-75.5548033265481,40.6082270024914,0.451086031349421,0.344407196382392,2024.93441705544,2025.04109589041,SRR32513297|A/red_tailed_hawk/PA/25-003148-002/2025|H5N1|USA-PA|Lehigh|2025-01-16|wild_avian|D1.1
991,639,0.0213968518009521,-98.4644804824025,44.9894855524544,-98.8951774367034,44.9127720627532,0.451086031349421,0.429689179548469,2025.01969903861,2025.04109589041,SRR32254412|A/cat/SD/25-002248-001/2025|H5N1|USA-SD|Faulk|2025-01-16|feline|D1.1
991,640,0.0213968518009521,-98.4644804824025,44.9894855524544,-98.8834695591511,45.0384016538845,0.451086031349421,0.429689179548469,2025.01969903861,2025.04109589041,SRR32254411|A/cat/SD/25-002248-002/2025|H5N1|USA-SD|Faulk|2025-01-16|feline|D1.1
782,228,0.102839066079901,-81.1673135760189,40.8484047200902,-77.7565624900076,37.5200073085769,0.453825757376779,0.350986691296878,2024.94099655036,2025.04383561644,SRR32254410|A/African_crowned_crane/VA/25-002296-001/2025|H5N1|USA-VA|Powhatan|2025-01-17|wild_avian|D1.1
827,104,0.0947965086316113,-72.3799615113059,43.8389476500891,-71.4176872770407,43.1278087958736,0.453825757376779,0.359029248745168,2024.94903910781,2025.04383561644,SRR32416416|A/mallard/NH/25-003045-041/2025|H5N1|USA-NH|Merrimack|2025-01-17|wild_avian|D1.1
827,103,0.0947965086316113,-72.3799615113059,43.8389476500891,-71.5933669061847,43.0819081597462,0.453825757376779,0.359029248745168,2024.94903910781,2025.04383561644,SRR32513176|A/mallard/NH/25-003045-054/2025|H5N1|USA-NH|Merrimack|2025-01-17|wild_avian|D1.1
948,260,0.229860142109031,-113.498863040668,38.8610038148592,-104.805050386882,33.2883973274626,0.456565483404136,0.226705341295105,2024.81671520036,2025.04657534247,SRR32513271|A/great_horned_owl/NM/25-002820-001/2025|H5N1|USA-NM|Chaves|2025-01-18|wild_avian|D1.1
833,110,0.10198588096662,-72.1789946143838,40.9987677816724,-71.775454511897,41.4924022453143,0.459305209431494,0.357319328464873,2024.94732918753,2025.04931506849,SRR33319045|A/hooded_merganser/RI/25-007119-005/2025|H5N1|USA-RI|Washington|2025-01-19|wild_avian|D1.1
1051,1052,0.229696906770313,-105.719520448989,39.9082711785201,-98.8657431535007,31.1616252668247,0.461455450966727,0.231758544196415,2024.82176840326,2025.05146531003,NA
926,927,0.0755054939744689,-81.2295706564593,43.8173829285391,-89.094895396498,41.7038291070751,0.461916511724157,0.386411017749688,2024.97642087681,2025.05192637079,NA
889,890,0.163486579820931,-73.1757880029158,38.9744749419032,-76.7416836339501,39.2171636594026,0.463370185102685,0.299883605281754,2024.88989346434,2025.05338004416,NA
701,702,0.132185281953134,-87.8282534424852,39.8069946796939,-83.8546541913131,38.2421984706962,0.464282350925102,0.332097068971968,2024.92210692803,2025.05429220999,NA
1072,597,0.21237555127517,-111.96742519106,43.3696627923058,-115.557696083663,41.4804364686765,0.464784661486436,0.252409110211266,2024.84241896927,2025.05479452055,SRR32254304|A/cattle/NV/25-002645-003-original/2025|H5N1|USA-NV|Unknown|2025-01-21|cattle|D1.1
812,277,0.155734904089833,-104.125397741941,44.4497063993672,-104.817685286236,48.0347379953314,0.464784661486436,0.309049757396602,2024.89905961646,2025.05479452055,SRR33125070|A/Great_Horned_Owl/MT/25-006102-001-original/2025|H5N1|USA-MT|Unknown|2025-01-21|wild_avian|D1.1
925,32,0.145036137916571,-87.8938928171193,44.5683356852628,-87.3246778543857,44.8944125492875,0.464784661486436,0.319748523569864,2024.90975838263,2025.05479452055,SRR34980358|A/bald_eagle/WI/25-021326-002/2025|H5N1|USA-WI|Door|2025-01-21|wild_avian|D1.1
953,253,0.294935900406586,-116.251757908308,48.0789463065932,-120.900107292434,47.3473628717281,0.467524387513793,0.172588487107207,2024.76259834617,2025.05753424658,GenBank|A/chicken/WA/W250220054-7/2025|H5N1|USA-WA|Unknown|2025-01-22|domestic_avian|D1.1
704,214,0.231032662462572,-99.9763774780634,40.1056274053754,-94.677775007815,35.2606520314758,0.467524387513793,0.236491725051222,2024.82650158411,2025.05753424658,SRR32416465|A/bald_eagle/OK/25-003111-001/2025|H5N1|USA-OK|Le_Flore|2025-01-22|wild_avian|D1.1
1091,303,0.155639845247777,-76.4105914141364,36.3065096801242,-75.927478153234,37.5147500128017,0.467524387513793,0.311884542266016,2024.90189440133,2025.05753424658,SRR32513231|A/snow_goose/VA/25-004135-011/2025|H5N1|USA-VA|Northampton|2025-01-22|wild_avian|D1.1
860,89,0.139936903383894,-65.3989405785196,39.6085651798427,-70.8569842591629,42.0001211977959,0.467524387513793,0.327587484129899,2024.91759734319,2025.05753424658,SRR32512553|A/canada_goose/MA/25-003297-004/2025|H5N1|USA-MA|Plymouth|2025-01-22|wild_avian|D1.1
1043,531,0.115869453799053,-79.4708860972008,33.9806929903058,-84.5676605248688,38.9019308756516,0.467524387513793,0.35165493371474,2024.94166479278,2025.05753424658,SRR32512591|A/canada_goose/KY/25-004132-002/2025|H5N1|USA-KY|Kenton|2025-01-22|wild_avian|D1.1
857,91,0.108128908676729,-70.3190396997384,41.5514439035313,-70.5826508323785,41.5950194723506,0.467524387513793,0.359395478837064,2024.9494053379,2025.05753424658,SRR32512620|A/great_horned_owl/MA/25-003297-003/2025|H5N1|USA-MA|Barnstable|2025-01-22|wild_avian|D1.1
702,209,0.00324203658869093,-83.8546541913131,38.2421984706962,-84.7702563743059,39.1268889624386,0.467524387513793,0.464282350925102,2025.05429220999,2025.05753424658,SRR33029806|A/raccoon/KY/25-006499-002/2025|H5N1|USA-KY|Boone|2025-01-22|other_mammal|D1.1
1020,284,0.294499146631239,-119.025934710389,42.4065607611378,-117.615075703858,42.2474607217714,0.47026411354115,0.175764966909912,2024.76577482597,2025.0602739726,SRR32415199|A/chicken/OR/25-003575-001-original/2025|H5N1|USA-OR|Unknown|2025-01-23|domestic_avian|D1.1
879,48,0.23912797109747,-74.4261352229682,41.1614725720118,-72.952997884629,41.5227423493398,0.47026411354115,0.231136142443681,2024.82114600151,2025.0602739726,SRR32512673|A/american_black_duck/CT/25-003143-002/2025|H5N1|USA-CT|New_Haven|2025-01-23|wild_avian|D1.1
694,234,0.124239026549188,-97.1845060049807,41.78321543403,-97.0123830469052,41.0253893662506,0.47026411354115,0.346025086991962,2024.93603494605,2025.0602739726,SRR32654188|A/Turkey/NE/25-002670-003-original/2025|H5N1|USA-NE|Unknown|2025-01-23|domestic_avian|D1.1
854,96,0.112166938298709,-70.9250825983259,43.2303468302886,-70.6389746080436,43.2045893893782,0.47026411354115,0.358097175242441,2024.9481070343,2025.0602739726,SRR32512597|A/canada_goose/ME/25-003295-004/2025|H5N1|USA-ME|York|2025-01-23|wild_avian|D1.1
1147,623,0.120992688418185,-118.444345665778,37.5482678813382,-122.194182496715,37.2546532505204,0.473003839568508,0.352011151150323,2024.94202101021,2025.06301369863,SRR33125090|A/western_gull/CA/25-004499-005/2025|H5N1|USA-CA|San_Mateo|2025-01-24|wild_avian|D1.1
999,645,0.343522539677958,-97.3047161805071,41.9472250284395,-87.4055097764294,38.7027065537609,0.475743565595865,0.132221025917907,2024.72223088498,2025.06575342466,SRR32654185|A/chicken/IN/25-002875-001-original/2025|H5N1|USA-IN|Unknown|2025-01-25|domestic_avian|D1.1
1079,291,0.243596451757559,-76.2840459127745,35.6975123637433,-76.2958727534282,35.7716944207342,0.475743565595865,0.232147113838306,2024.8221569729,2025.06575342466,SRR32513216|A/wood_duck/NC/25-003927-016/2025|H5N1|USA-NC|Tyrrell|2025-01-25|wild_avian|D1.1
1090,322,0.241089239402993,-76.1339699840013,35.6418422433392,-76.4181937951464,35.498883038857,0.475743565595865,0.234654326192872,2024.82466418525,2025.06575342466,SRR32513217|A/wood_duck/NC/25-003923-002/2025|H5N1|USA-NC|Hyde|2025-01-25|wild_avian|D1.1
1092,321,0.163285206326086,-76.631098371589,36.6552554553503,-75.6226794241925,39.1552334659509,0.475743565595865,0.312458359269779,2024.90246821833,2025.06575342466,SRR32654186|A/chicken/DE/25-002825-001-original/2025|H5N1|USA-DE|Unknown|2025-01-25|domestic_avian|D1.1
907,908,0.128460133060844,-83.0340452337809,39.379019979592,-79.5319385634335,36.2988258154494,0.47911193810502,0.350651805044176,2024.94066166411,2025.06912179717,NA
927,929,0.0187796326625982,-89.094895396498,41.7038291070751,-88.5322289594105,43.0081162428162,0.480696144386755,0.461916511724157,2025.05192637079,2025.07070600345,NA
1121,570,0.345407868774223,-109.56630604226,41.6282741773506,-112.490085748052,52.1083019180057,0.481223017650807,0.135815148876584,2024.72582500794,2025.07123287671,EPI_ISL_20208386|A/Black-Billed_Magpie/AB/FAV-0101-2/2025|H5N1|Canada-AB|Unknown|2025-01-27|wild_avian|D1.1
1350,614,0.309139697909768,-94.629977129378,31.8923363634026,-81.7939306020225,26.7178546685941,0.481223017650807,0.172083319741039,2024.7620931788,2025.07123287671,SRR32416454|A/bald_eagle/FL/25-003208-001/2025|H5N1|USA-FL|Lee|2025-01-27|wild_avian|D1.1
734,160,0.279156419758646,-89.2244144758355,38.2316292066408,-90.0734224026596,30.0387666797896,0.481223017650807,0.202066597892162,2024.79207645695,2025.07123287671,SRR32513218|A/vulture/LA/25-003600-001/2025|H5N1|USA-LA|Orleans|2025-01-27|wild_avian|D1.1
987,634,0.248368879280598,-102.87637615915,39.336553395941,-106.210166815321,38.816736032553,0.481223017650807,0.23285413837021,2024.82286399743,2025.07123287671,SRR32512607|A/canada_goose/CO/25-003832-001/2025|H5N1|USA-CO|Chaffee|2025-01-27|wild_avian|D1.1
1268,511,0.244155426229985,-100.520781814773,44.3685892899652,-101.133616635485,47.0663359206908,0.481223017650807,0.237067591420822,2024.82707745048,2025.07123287671,SRR32416347|A/canada_goose/ND/25-003472-002/2025|H5N1|USA-ND|Oliver|2025-01-27|wild_avian|D1.1
986,636,0.169801482984915,-96.1945544621708,42.1942722643678,-96.2787998953663,41.9980216844411,0.481223017650807,0.311421534665893,2024.90143139373,2025.07123287671,SRR32654124|A/Guineafowl/NE/25-003247-003-original/2025|H5N1|USA-NE|Unknown|2025-01-27|domestic_avian|D1.1
929,930,0.00220421516171565,-88.5322289594105,43.0081162428162,-86.738365678177,41.320165136846,0.482900359548471,0.480696144386755,2025.07070600345,2025.07291021861,NA
1147,1148,0.131298081759214,-118.444345665778,37.5482678813382,-121.9188296893,39.4831219758251,0.483309232909536,0.352011151150323,2024.94202101021,2025.07331909197,NA
1044,1045,0.229119764207887,-95.37079157347,41.2831033920858,-89.9089505898096,49.109112989991,0.483852543035191,0.254732778827304,2024.84474263789,2025.0738624021,NA
775,223,0.163796374337682,-88.1212082425091,36.3476468149715,-93.4114031434961,37.2696901517782,0.483962743678165,0.320166369340483,2024.9101762284,2025.07397260274,SRR33125126|A/Red-tailed_Hawk/MO/25-004415-009-original/2025|H5N1|USA-MO|Unknown|2025-01-28|wild_avian|D1.1
1043,538,0.132307809963425,-79.4708860972008,33.9806929903058,-80.988922398327,38.8227518719156,0.483962743678165,0.35165493371474,2024.94166479278,2025.07397260274,SRR32653672|A/Canada_Goose/WV/25-005199-001-original/2025|H5N1|USA-WV|Unknown|2025-01-28|wild_avian|D1.1
1124,1125,0.35397112132023,-107.889062801572,40.247924021622,-113.491179099459,33.532216443773,0.48566222127194,0.13169109995171,2024.72170095901,2025.07567208033,NA
1124,1131,0.354952759231809,-107.889062801572,40.247924021622,-114.501980907176,47.9828363381545,0.486643859183519,0.13169109995171,2024.72170095901,2025.07665371825,NA
1077,332,0.316752041000469,-92.9808334019533,38.94397498838,-84.1779214115742,42.8249275142095,0.486702469705522,0.169950428705054,2024.75996028777,2025.07671232877,SRR32512666|A/canada_goose/MI/25-004311-003/2025|H5N1|USA-MI|Shiawassee|2025-01-29|wild_avian|D1.1
1020,283,0.31093750279561,-119.025934710389,42.4065607611378,-112.3233042286,38.6393760016445,0.486702469705522,0.175764966909912,2024.76577482597,2025.07671232877,SRR32513288|A/red_tailed_hawk/UT/25-003824-002/2025|H5N1|USA-UT|Unknown|2025-01-29|wild_avian|D1.1
976,656,0.256446904135743,-98.9921731303409,38.3037995487259,-101.738228721006,33.4365878294048,0.486702469705522,0.230255565569779,2024.82026542463,2025.07671232877,SRR32513289|A/red_tailed_hawk/TX/25-003592-003/2025|H5N1|USA-TX|Lubbock|2025-01-29|wild_avian|D1.1
1159,338,0.214913845422392,-99.4455898536262,36.9336429359029,-101.892318163362,33.592224979704,0.486702469705522,0.271788624283131,2024.86179848334,2025.07671232877,SRR32512557|A/cackling_goose/TX/25-003592-001/2025|H5N1|USA-TX|Lubbock|2025-01-29|wild_avian|D1.1
1270,516,0.186918109786306,-100.638657962449,38.2325160243799,-101.948073750744,47.0868277868907,0.486702469705522,0.299784359919216,2024.88979421898,2025.07671232877,SRR32512609|A/canada_goose/ND/25-003829-001/2025|H5N1|USA-ND|Mercer|2025-01-29|wild_avian|D1.1
845,118,0.178334988754455,-72.3374205475863,41.3772702289707,-73.0754358400201,41.5815853847935,0.486702469705522,0.308367480951067,2024.89837734001,2025.07671232877,SRR32512614|A/american_black_duck/CT/25-004298-002/2025|H5N1|USA-CT|New_Haven|2025-01-29|wild_avian|D1.1
835,106,0.174664946820481,-71.8493746103165,43.127749247633,-68.0430509968127,50.6590579975633,0.486702469705522,0.312037522885041,2024.90204738195,2025.07671232877,EPI_ISL_19792250|A/Turkey/QC/FAV-0046-1/2025|H5N1|Canada-QC|Unknown|2025-01-29|domestic_avian|D1.1
722,171,0.168822994694649,-81.9866999452294,40.9913110742587,-82.3217562895677,41.186127811341,0.486702469705522,0.317879475010873,2024.90788933407,2025.07671232877,SRR32804602|A/bald_eagle/OH/25-006046-002/2025|H5N1|USA-OH|Lorain|2025-01-29|wild_avian|D1.1
756,206,0.136893707556703,-88.9962780323544,40.2424705161079,-83.9616777081348,42.0873516155226,0.486702469705522,0.349808762148819,2024.93981862121,2025.07671232877,SRR32512665|A/canada_goose/MI/25-004311-004/2025|H5N1|USA-MI|Washtenaw|2025-01-29|wild_avian|D1.1
782,227,0.135715778408644,-81.1673135760189,40.8484047200902,-80.6214332337861,40.9834605851106,0.486702469705522,0.350986691296878,2024.94099655036,2025.07671232877,SRR32804603|A/bald_eagle/OH/25-006046-001/2025|H5N1|USA-OH|Mahoning|2025-01-29|wild_avian|D1.1
1131,1132,0.00059189166737228,-114.501980907176,47.9828363381545,-114.217978932832,47.500882604164,0.487235750850891,0.486643859183519,2025.07665371825,2025.07724560991,NA
1148,1149,0.00506223115322335,-121.9188296893,39.4831219758251,-122.263829508892,38.2207170915766,0.48837146406276,0.483309232909536,2025.07331909197,2025.07838132312,NA
1334,1335,0.0511989542128953,-97.2816569394646,44.339083065259,-100.244634809987,48.2029039481529,0.489284277642258,0.438085323429362,2025.02809518249,2025.0792941367,NA
1353,553,0.371609978648519,-108.162702844805,42.0292522574528,-109.478906600196,43.1430314216845,0.48944219573288,0.117832217084361,2024.70784207615,2025.07945205479,SRR32513192|A/hawk/WY/25-004351-001/2025|H5N1|USA-WY|Fremont|2025-01-30|wild_avian|D1.1
779,230,0.268060733570262,-86.0776776225537,36.5987032995694,-91.0544510168158,39.0953589050566,0.48944219573288,0.221381462162618,2024.81139132122,2025.07945205479,SRR32654208|A/chicken/MO/25-003398-001-original/2025|H5N1|USA-MO|Unknown|2025-01-30|domestic_avian|D1.1
948,261,0.262736854437775,-113.498863040668,38.8610038148592,-120.350556955786,35.5011046056606,0.48944219573288,0.226705341295105,2024.81671520036,2025.07945205479,SRR33508816|A/canada_goose/CA/25-003254-006/2025|H5N1|USA-CA|San_Luis_Obispo|2025-01-30|wild_avian|D1.1
989,641,0.219586561877002,-96.1501373867646,39.7516041787493,-99.4638829281627,37.3722663217767,0.48944219573288,0.269855633855878,2024.85986549292,2025.07945205479,SRR33682350|A/Bobcat/KS/25-014574-001-original/2025|H5N1|USA-KS|Unknown|2025-01-30|feline|D1.1
1114,329,0.180598580819681,-79.0571499759662,36.8957642000799,-79.9740674215504,32.7446666992596,0.48944219573288,0.308843614913199,2024.89885347397,2025.07945205479,SRR32513174|A/great_horned_owl/SC/25-004165-001/2025|H5N1|USA-SC|Charleston|2025-01-30|wild_avian|D1.1
701,211,0.157345126760911,-87.8282534424852,39.8069946796939,-77.292858679751,39.5950024329984,0.48944219573288,0.332097068971968,2024.92210692803,2025.07945205479,SRR33125054|A/Mallard/MD/25-005882-005-original/2025|H5N1|USA-MD|Unknown|2025-01-30|wild_avian|D1.1
833,834,0.13283142915479,-72.1789946143838,40.9987677816724,-71.798949579897,41.7075093855574,0.490150757619664,0.357319328464873,2024.94732918753,2025.08016061668,NA
1335,1336,0.0021582990591249,-100.244634809987,48.2029039481529,-100.301515671069,48.2193975012414,0.491442576701382,0.489284277642258,2025.0792941367,2025.08145243576,NA
1125,1126,0.00615231224969726,-113.491179099459,33.532216443773,-113.95066140327,33.7121390216092,0.491814533521637,0.48566222127194,2025.07567208033,2025.08182439258,NA
905,20,0.132990472675355,-76.168269910513,39.2181859228994,-76.5212953801219,39.6008958095253,0.492181921760237,0.359191449084882,2024.94920130815,2025.08219178082,SRR32415153|A/chicken/MD/25-003830-002-original/2025|H5N1|USA-MD|Unknown|2025-01-31|domestic_avian|D1.1
1275,1276,0.193627935369957,-98.5894058115806,41.4195427166657,-99.1141025062383,41.5462062237453,0.493108578612032,0.299480643242075,2024.8894905023,2025.08311843767,NA
930,931,0.0115420110732445,-86.738365678177,41.320165136846,-87.8864221219721,41.7497734729748,0.494442370621715,0.482900359548471,2025.07291021861,2025.08445222968,NA
927,928,0.0360788806415769,-89.094895396498,41.7038291070751,-88.0965296881104,41.9122862678725,0.497995392365734,0.461916511724157,2025.05192637079,2025.08800525143,NA
890,891,0.0347329634377412,-76.7416836339501,39.2171636594026,-76.2358520861413,39.01805064555,0.498103148540426,0.463370185102685,2025.05338004416,2025.0881130076,NA
1052,1053,0.0372681308437471,-98.8657431535007,31.1616252668247,-99.2132161169989,30.0593745227118,0.498723581810474,0.461455450966727,2025.05146531003,2025.08873344087,NA
891,893,0.000863950410897707,-76.2358520861413,39.01805064555,-75.7504429068287,39.0903452147856,0.498967098951324,0.498103148540426,2025.0881130076,2025.08897695801,NA
1057,604,0.365278789122215,-103.161791130601,38.902179313687,-82.6317726867042,29.6906234565344,0.500401099842537,0.135122310720321,2024.72513216978,2025.0904109589,SRR32653680|A/Canada_Goose/FL/25-004847-003-original/2025|H5N1|USA-FL|Unknown|2025-02-03|wild_avian|D1.1
942,247,0.337457242685008,-114.096645123203,42.5938785856223,-122.741555523583,45.7442074208186,0.500401099842537,0.162943857157528,2024.75295371622,2025.0904109589,SRR32512878|A/Duck/WA/25-004661-001-original/2025|H5N1|USA-WA|Unknown|2025-02-03|domestic_avian|D1.1
1347,565,0.274039901489895,-105.310756051319,40.674381500946,-105.31257052,40.8114681425454,0.500401099842537,0.226361198352642,2024.81637105741,2025.0904109589,SRR32512655|A/canada_goose/CO/25-004662-001/2025|H5N1|USA-CO|Larimer|2025-02-03|wild_avian|D1.1
774,221,0.253258277710299,-94.5383789297585,34.4121932289668,-91.2397232144486,30.5946429651741,0.500401099842537,0.247142822132238,2024.83715268119,2025.0904109589,SRR32415110|A/chicken/LA/25-004414-001-original/2025|H5N1|USA-LA|Unknown|2025-02-03|domestic_avian|D1.1
895,73,0.181715601260529,-76.5222076935861,41.6344122248728,-76.4443846550001,42.3960577547446,0.500401099842537,0.318685498582008,2024.90869535764,2025.0904109589,SRR32513235|A/snow_goose/NY/25-004092-002/2025|H5N1|USA-NY|Tompkins|2025-02-03|wild_avian|D1.1
929,39,0.0197049554557814,-88.5322289594105,43.0081162428162,-87.9067621121184,42.8879264507711,0.500401099842537,0.480696144386755,2025.07070600345,2025.0904109589,SRR33508795|A/red_breasted_merganser/WI/25-005001-001/2025|H5N1|USA-WI|Milwaukee|2025-02-03|wild_avian|D1.1
1125,578,0.0147388785705969,-113.491179099459,33.532216443773,-113.599229636358,33.4294506741817,0.500401099842537,0.48566222127194,2025.07567208033,2025.0904109589,SRR32415932|A/cattle/AZ/25-004003-002-original/2025|H5N1|USA-AZ|Unknown|2025-02-03|cattle|D1.1
1126,579,0.0085865663208996,-113.95066140327,33.7121390216092,-111.664774804549,33.9445912693334,0.500401099842537,0.491814533521637,2025.08182439258,2025.0904109589,SRR32415933|A/cattle/AZ/25-004003-001-original/2025|H5N1|USA-AZ|Unknown|2025-02-03|cattle|D1.1
1037,1038,0.183431572485095,-80.8759283358219,31.7488747055785,-81.0723785570049,31.3526258140217,0.501433362824092,0.318001790338998,2024.9080116494,2025.09144322189,NA
805,273,0.246640114637697,-100.083894490785,39.9024152967392,-106.088025656585,42.8808274947277,0.503140825869894,0.256500711232197,2024.84651057029,2025.09315068493,SRR32512649|A/Common_goldeneye/WY/25-004669-001/2025|H5N1|USA-WY|Natrona|2025-02-04|wild_avian|D1.1
845,117,0.194773344918827,-72.3374205475863,41.3772702289707,-73.4456392968174,41.2706346067848,0.503140825869894,0.308367480951067,2024.89837734001,2025.09315068493,SRR33125072|A/Great_Horned_Owl/CT/25-005886-001-original/2025|H5N1|USA-CT|Unknown|2025-02-04|wild_avian|D1.1
873,67,0.193332864816832,-67.082158578369,44.7511668084846,-63.8042900699472,44.7815026987096,0.503140825869894,0.309807961053062,2024.89981782011,2025.09315068493,EPI_ISL_20208379|A/American_Black_Duck/NS/FAV-0078-2/2025|H5N1|Canada-NS|Unknown|2025-02-04|wild_avian|D1.1
814,8,0.437348933234035,-113.983278367192,40.4363097797944,-118.142708809281,39.1086597266836,0.505880551897251,0.0685316186632161,2024.65854147772,2025.09589041096,SRR32653594|A/Red-tailed_Hawk/NV/25-005369-001-original/2025|H5N1|USA-NV|Unknown|2025-02-05|wild_avian|D1.1
791,127,0.2489263705451,-92.3277476083577,43.6513727792199,-91.3540668066002,44.6178577376594,0.505880551897251,0.256954181352151,2024.84696404041,2025.09589041096,SRR32512646|A/cougar/WI/25-004744-001/2025|H5N1|USA-WI|Redacted|2025-02-05|feline|D1.1
723,173,0.154615953154777,-81.8147870860657,40.9792967819104,-83.2378652824925,43.5341456978981,0.505880551897251,0.351264598742474,2024.9412744578,2025.09589041096,SRR33508812|A/bald_eagle/MI/25-004779-002/2025|H5N1|USA-MI|Tuscola|2025-02-05|wild_avian|D1.1
725,180,0.152408512819773,-85.9038456224887,38.1077097135616,-82.7147760339624,42.8835338969364,0.505880551897251,0.353472039077478,2024.94348189814,2025.09589041096,SRR33508810|A/bufflehead/MI/25-004779-004/2025|H5N1|USA-MI|St_Clair|2025-02-05|wild_avian|D1.1
1273,514,0.0904613264220588,-102.758766493285,40.175760851011,-104.767211285986,40.6529068689859,0.505880551897251,0.415419225475192,2025.00542908454,2025.09589041096,SRR32513282|A/red_tailed_hawk/CO/25-004838-001/2025|H5N1|USA-CO|Weld|2025-02-05|wild_avian|D1.1
898,45,0.375138791896921,-100.833474792441,40.2636003821561,-97.2931953214177,43.8448530995342,0.508620277924609,0.133481486027687,2024.72349134509,2025.09863013699,SRR32512905|A/chicken/SD/25-004736-001-original/2025|H5N1|USA-SD|Unknown|2025-02-06|domestic_avian|D1.1
871,71,0.271027504399999,-70.6472439295378,43.8969295083997,-69.5638290813179,44.5052432698474,0.508620277924609,0.23759277352461,2024.82760263259,2025.09863013699,SRR33125120|A/mallard/ME/25-006143-001/2025|H5N1|USA-ME|Kennebec|2025-02-06|wild_avian|D1.1
855,94,0.201736106259256,-70.9664295563472,43.22036033413,-71.4164138132955,43.6168836316276,0.508620277924609,0.306884171665353,2024.89689403073,2025.09863013699,SRR32653687|A/american_black_duck/NH/25-005332-016/2025|H5N1|USA-NH|Belknap|2025-02-06|wild_avian|D1.1
783,225,0.19339758041261,-84.6617123617806,41.7231113486952,-81.2082364883468,39.5270323109291,0.508620277924609,0.315222697511999,2024.90523255657,2025.09863013699,SRR32512588|A/bald_eagle/OH/25-004768-001/2025|H5N1|USA-OH|Unknown|2025-02-06|wild_avian|D1.1
857,92,0.149224799087544,-70.3190396997384,41.5514439035313,-70.5089639636002,41.6373968484245,0.508620277924609,0.359395478837064,2024.9494053379,2025.09863013699,SRR32868847|A/bufflehead/MA/25-007118-042/2025|H5N1|USA-MA|Barnstable|2025-02-06|wild_avian|D1.1
931,38,0.0141779073028935,-87.8864221219721,41.7497734729748,-87.8807033051541,41.7505278303595,0.508620277924609,0.494442370621715,2025.08445222968,2025.09863013699,SRR32653607|A/red_breasted_merganser/IL/25-005366-003/2025|H5N1|USA-IL|Cook|2025-02-06|wild_avian|D1.1
735,736,0.280865374833146,-86.6668050285103,39.1608021520663,-83.3745183273096,39.4898847819374,0.51087411397383,0.230008739140684,2024.8200185982,2025.10088397304,NA
810,267,0.213606756425687,-100.32510806396,42.5657689093719,-96.0820764353026,39.2232405468025,0.511360003951966,0.297753247526279,2024.88776310659,2025.10136986301,SRR32653665|A/cat/KS/25-005576-002-original/2025|H5N1|USA-KS|Unknown|2025-02-07|feline|D1.1
1111,330,0.208960747956338,-78.6244020031045,40.4029353113006,-79.445400856715,39.0282166764379,0.511360003951966,0.302399255995628,2024.89240911506,2025.10136986301,SRR32974090|A/Canada_Goose/WV/25-005755-001-original-repeat2/2025|H5N1|USA-WV|Unknown|2025-02-07|wild_avian|D1.1
853,97,0.156371058471948,-70.8458444883514,43.3859725673455,-70.7052119440676,43.086266123482,0.511360003951966,0.354988945480018,2024.94499880454,2025.10136986301,SRR33125151|A/mallard/ME/25-006144-064/2025|H5N1|USA-ME|York|2025-02-07|wild_avian|D1.1
816,7,0.380328573800784,-109.865681518046,42.7557004962544,-103.950980392178,25.0366177552008,0.514099729979551,0.133771156178767,2024.72378101524,2025.10410958904,GenBank|A/goose/Durango/CPA-00444-25/2025|H5N1|Mexico-Durango|Unknown|2025-02-08|domestic_avian|D1.1
698,188,0.355779258278934,-88.5232805220133,38.7239651793782,-85.2384070081517,35.0008082212403,0.514099729979551,0.158320471700617,2024.74833033076,2025.10410958904,SRR33125079|A/Black_Vulture/TN/25-006120-003-original/2025|H5N1|USA-TN|Unknown|2025-02-08|wild_avian|D1.1
794,134,0.173918682596136,-91.1421300470664,45.2810777592519,-93.6294912287173,47.2340169616098,0.514099729979551,0.340181047383415,2024.93019090644,2025.10410958904,SRR32512844|A/chicken/MN/25-004931-004-original/2025|H5N1|USA-MN|Unknown|2025-02-08|domestic_avian|D1.1
1141,586,0.35548139685666,-108.631875208373,36.7461797831276,-108.601060065595,33.364725885469,0.519579182034266,0.164097785177606,2024.75410764424,2025.1095890411,SRR32653667|A/cat/NM/25-005387-001-original/2025|H5N1|USA-NM|Unknown|2025-02-10|feline|D1.1
753,216,0.291980235507178,-89.2073268170246,38.0468964192487,-82.747826348539,33.2973269663613,0.519579182034266,0.227598946527088,2024.81760880559,2025.1095890411,SRR33125081|A/Black_Vulture/GA/25-005756-004-original/2025|H5N1|USA-GA|Unknown|2025-02-10|wild_avian|D1.1
897,76,0.281987870258128,-76.6453701102046,41.6833168099647,-75.5932709382402,38.8860702153017,0.519579182034266,0.237591311776138,2024.82760117084,2025.1095890411,SRR32512885|A/chicken/DE/25-005230-002-original/2025|H5N1|USA-DE|Unknown|2025-02-10|domestic_avian|D1.1
1054,525,0.302218580061316,-99.8772843927811,37.9832013278659,-76.0995375088372,39.7946180459458,0.522318908061623,0.220100328000307,2024.81011018706,2025.11232876712,SRR32804547|A/red_shouldered_hawk/PA/25-006939-001/2025|H5N1|USA-PA|Lancaster|2025-02-11|wild_avian|D1.1
753,217,0.294719961534535,-89.2073268170246,38.0468964192487,-80.28074797873,41.8874096034515,0.522318908061623,0.227598946527088,2024.81760880559,2025.11232876712,SRR33125061|A/herring_gull/PA/25-005864-001/2025|H5N1|USA-PA|Erie|2025-02-11|wild_avian|D1.1
992,642,0.209004297145695,-96.7327777351318,39.7974831271032,-96.9918389716009,40.1206806692227,0.522318908061623,0.313314610915928,2024.90332446998,2025.11232876712,SRR32973810|A/chicken/NE/25-005224-001-original-repeat2/2025|H5N1|USA-NE|Unknown|2025-02-11|domestic_avian|D1.1
830,112,0.171553991306888,-74.7874080991763,40.8008381197178,-74.737432065907,41.1807802407053,0.522318908061623,0.350764916754735,2024.94077477582,2025.11232876712,SRR33125172|A/bald_eagle/NJ/25-006329-001/2025|H5N1|USA-NJ|Sussex|2025-02-11|wild_avian|D1.1
1334,1338,0.0850185083545592,-97.2816569394646,44.339083065259,-96.6923467227728,43.0012061305936,0.523103831783921,0.438085323429362,2025.02809518249,2025.11311369085,NA
725,179,0.171586595011503,-85.9038456224887,38.1077097135616,-86.6376775696874,33.5822615339475,0.52505863408898,0.353472039077478,2024.94348189814,2025.11506849315,SRR33125038|A/Canada_Goose/AL/25-006220-001-original/2025|H5N1|USA-AL|Unknown|2025-02-12|wild_avian|D1.1
702,210,0.0607762831638783,-83.8546541913131,38.2421984706962,-83.0573579863827,38.3760772606247,0.52505863408898,0.464282350925102,2025.05429220999,2025.11506849315,SRR33319056|A/Great_Horned_Owl/KY/25-006499-001-original-repeat/2025|H5N1|USA-KY|Unknown|2025-02-12|wild_avian|D1.1
1120,566,0.3947949811647,-109.491325319699,41.525658775793,-112.202669940391,49.4648808904196,0.527798360116565,0.133003378951865,2024.72301323801,2025.11780821918,EPI_ISL_20208387|A/Black-Billed_Magpie/AB/FAV-0102/2025|H5N1|Canada-AB|Unknown|2025-02-13|wild_avian|D1.1
848,100,0.353316719862658,-71.8518242257472,41.5985017355845,-71.7641731294426,41.6607278532316,0.527798360116565,0.174481640253907,2024.76449149932,2025.11780821918,SRR32868681|A/canada_goose/RI/25-007119-019/2025|H5N1|USA-RI|Kent|2025-02-13|wild_avian|D1.1
852,95,0.197546345329817,-67.2998900141517,40.3896898778413,-71.0345161850822,43.1474137168003,0.527798360116565,0.330252014786748,2024.92026187385,2025.11780821918,SRR32804576|A/red_tailed_hawk/NH/25-006653-001/2025|H5N1|USA-NH|Strafford|2025-02-13|wild_avian|D1.1
1052,522,0.0663429091498379,-98.8657431535007,31.1616252668247,-98.5010149601911,29.5354476495243,0.527798360116565,0.461455450966727,2025.05146531003,2025.11780821918,SRR32804622|A/black_vulture/TX/25-006660-004/2025|H5N1|USA-TX|Bexar|2025-02-13|wild_avian|D1.1
1053,523,0.0290747783060907,-99.2132161169989,30.0593745227118,-98.7699633795503,29.26947830892,0.527798360116565,0.498723581810474,2025.08873344087,2025.11780821918,SRR32804616|A/black_vulture/TX/25-006661-005/2025|H5N1|USA-TX|Bexar|2025-02-13|wild_avian|D1.1
1354,556,0.364680962664789,-108.437147029696,41.6383666529348,-114.60037086489,49.4992925039194,0.530538086143923,0.165857123479133,2024.75586698254,2025.12054794521,EPI_ISL_19788008|A/Cooper_s_Hawk/BC/AIVPHL-3515/2025|H5N1|Canada-BC|Unknown|2025-02-14|wild_avian|D1.1
977,657,0.300072855987313,-98.8550851257524,38.2789250607676,-109.075514973791,45.4205310914281,0.530538086143923,0.23046523015661,2024.82047508922,2025.12054794521,SRR32974108|A/Bald_Eagle/MT/25-009371-001-original/2025|H5N1|USA-MT|Unknown|2025-02-14|wild_avian|D1.1
1160,336,0.215266790499099,-99.2376310762246,36.7322284705142,-101.021403214135,36.6986375017298,0.530538086143923,0.315271295644823,2024.90528115471,2025.12054794521,SRR32804591|A/snow_goose/OK/25-006647-001/2025|H5N1|USA-OK|Texas|2025-02-14|wild_avian|D1.1
904,21,0.18205674678642,-77.0093353365287,38.9220825113904,-78.2550136645576,38.5312692765541,0.530538086143923,0.348481339357503,2024.93849119842,2025.12054794521,SRR32868736|A/Peregrine_Falcon/VA/25-007709-003-original/2025|H5N1|USA-VA|Unknown|2025-02-14|wild_avian|D1.1
928,34,0.0325426937781887,-88.0965296881104,41.9122862678725,-87.9085358531741,41.708842767812,0.530538086143923,0.497995392365734,2025.08800525143,2025.12054794521,SRR32868800|A/herring_gull/IL/25-007474-006/2025|H5N1|USA-IL|Cook|2025-02-14|wild_avian|D1.1
1053,524,0.0318145043334481,-99.2132161169989,30.0593745227118,-101.32576494667,36.7313382012882,0.530538086143923,0.498723581810474,2025.08873344087,2025.12054794521,SRR32804590|A/snow_goose/OK/25-006648-001/2025|H5N1|USA-OK|Texas|2025-02-14|wild_avian|D1.1
835,107,0.229459467368311,-71.8493746103165,43.127749247633,-72.118760274986,42.3158921199304,0.541496990253352,0.312037522885041,2024.90204738195,2025.13150684931,SRR32804565|A/mallard/MA/25-006665-001/2025|H5N1|USA-MA|Worcester|2025-02-18|wild_avian|D1.1
721,170,0.224716962358222,-82.4113122541446,40.9092742908483,-94.1752006721223,41.1529129415549,0.541496990253352,0.31678002789513,2024.90678988696,2025.13150684931,SRR33125097|A/Snowy_Owl/IA/25-005856-001-original/2025|H5N1|USA-IA|Unknown|2025-02-18|wild_avian|D1.1
1123,568,0.309316145278437,-118.209985235283,42.23681512879,-89.629982598535,55.9715379912903,0.544236716280937,0.2349205710025,2024.82493043006,2025.13424657534,EPI_ISL_20208401|A/Canada_Goose/ON/FAV-0070-2/2025|H5N1|Canada-ON|Unknown|2025-02-19|wild_avian|D1.1
874,69,0.211535112969275,-67.3416149877968,46.5708835383925,-64.6017083090431,45.0271073794778,0.544236716280937,0.332701603311662,2024.92271146237,2025.13424657534,EPI_ISL_20208385|A/Bald_Eagle/NS/FAV-0148/2025|H5N1|Canada-NS|Unknown|2025-02-19|wild_avian|D1.1
1063,607,0.387883394764098,-114.882824586727,47.7205821845796,-127.189842996083,54.4786924658557,0.546976442308294,0.159093047544196,2024.74910290661,2025.13698630137,EPI_ISL_19788007|A/Canada_Goose/BC/AIVPHL-3503/2025|H5N1|Canada-BC|Unknown|2025-02-20|wild_avian|D1.1
934,3,0.443337197052757,-110.537682717174,48.4143135672932,-115.597280786014,44.7134754521941,0.549716168335652,0.106378971282894,2024.69638883034,2025.1397260274,SRR32804615|A/cat/ID/25-007150-001-original/2025|H5N1|USA-ID|Unknown|2025-02-21|feline|D1.1
1116,325,0.205527957292188,-81.5060753034432,37.7999594561127,-77.9551551189629,36.0175978735752,0.549716168335652,0.344188211043464,2024.93419807011,2025.1397260274,SRR32868875|A/Bald_Eagle/NC/25-007708-003-original/2025|H5N1|USA-NC|Unknown|2025-02-21|wild_avian|D1.1
876,66,0.211052769780084,-67.853193462718,45.4319723641607,-62.2865570638248,46.4735675920808,0.552455894363009,0.341403124582925,2024.93141298364,2025.14246575342,EPI_ISL_20208402|A/Canada_Goose/PE/FAV-0072-5/2025|H5N1|Canada-PE|Unknown|2025-02-22|wild_avian|D1.1
832,111,0.203186829862185,-72.192087775904,41.3894129384372,-63.9337506788169,46.4670984303264,0.552455894363009,0.349269064500824,2024.93927892356,2025.14246575342,EPI_ISL_19792232|A/Canada_goose/PE/FAV-0072-1/2025|H5N1|Canada-PE|Unknown|2025-02-22|wild_avian|D1.1
751,218,0.424630450843011,-89.3862003673171,38.937506729749,-105.367457980712,35.5971922256752,0.557935346417724,0.133304895574713,2024.72331475464,2025.14794520548,SRR32804608|A/Skunk/NM/25-006932-001-original/2025|H5N1|USA-NM|Unknown|2025-02-24|other_mammal|D1.1
914,9,0.346308323566734,-91.2059755155297,39.4827663762529,-93.252182579086,38.1841372413751,0.557935346417724,0.21162702285099,2024.80163688191,2025.14794520548,SRR32804645|A/Cooper_s_Hawk/MO/25-007115-002-original/2025|H5N1|USA-MO|Unknown|2025-02-24|wild_avian|D1.1
1351,613,0.325096449437855,-81.5556280299895,32.16023928753,-81.9657704006595,30.159911032794,0.560675072445309,0.235578623007453,2024.82558848207,2025.15068493151,SRR33124756|A/chicken/FL/25-006816-001-original/2025|H5N1|USA-FL|Unknown|2025-02-25|domestic_avian|D1.1
834,109,0.070524314825645,-71.798949579897,41.7075093855574,-71.7510377640814,41.6976094047272,0.560675072445309,0.490150757619664,2025.08016061668,2025.15068493151,SRR34784269|A/herring_gull/RI/25-019394-001/2025|H5N1|USA-RI|Kent|2025-02-25|wild_avian|D1.1
1114,328,0.254571183559467,-79.0571499759662,36.8957642000799,-77.824118362885,38.7352559968818,0.563414798472666,0.308843614913199,2024.89885347397,2025.15342465753,SRR32973981|A/Brown_Pelican/VA/25-008328-003-original/2025|H5N1|USA-VA|Unknown|2025-02-26|wild_avian|D1.1
882,55,0.248380852518856,-74.3077259408997,41.0063859641874,-76.1811799127425,42.243561771187,0.563414798472666,0.31503394595381,2024.90504380502,2025.15342465753,SRR32868713|A/red_tailed_hawk/NY/25-007155-001/2025|H5N1|USA-NY|Tioga|2025-02-26|wild_avian|D1.1
1273,513,0.147995572997474,-102.758766493285,40.175760851011,-105.229646495675,42.3516309434852,0.563414798472666,0.415419225475192,2025.00542908454,2025.15342465753,SRR32868818|A/canada_goose/WY/25-008078-001/2025|H5N1|USA-WY|Platte|2025-02-26|wild_avian|D1.1
886,58,0.347291408632647,-76.4576695225589,41.0867697291174,-88.3217944190275,48.8666822459521,0.566154524500023,0.218863115867376,2024.80887297493,2025.15616438356,EPI_ISL_19792248|A/Turkey/ON/FAV-0069-2/2025|H5N1|Canada-ON|Unknown|2025-02-27|domestic_avian|D1.1
704,213,0.329662799448802,-99.9763774780634,40.1056274053754,-100.178484998217,37.2780665443145,0.566154524500023,0.236491725051222,2024.82650158411,2025.15616438356,SRR32804611|A/cat/KS/25-007581-001-original/2025|H5N1|USA-KS|Unknown|2025-02-27|feline|D1.1
824,105,0.26321404510284,-72.9456935513189,41.7300697585444,-74.6656018744356,40.5152379391102,0.566154524500023,0.302940479397184,2024.89295033846,2025.15616438356,SRR32868891|A/dark_eyed_junco/NJ/25-007152-004/2025|H5N1|USA-NJ|Somerset|2025-02-27|wild_avian|D1.1
1146,619,0.243818999744187,-119.905187414885,37.6872546058835,-122.042426554488,38.4894595781414,0.566154524500023,0.322335524755836,2024.91234538382,2025.15616438356,SRR33476791|A/Peregrine_falcon/CA/25-012990-002/2025|H5N1|USA-CA|Solano|2025-02-27|wild_avian|D1.1
1116,323,0.22196631345656,-81.5060753034432,37.7999594561127,-81.6886181446489,38.8447993076635,0.566154524500023,0.344188211043464,2024.93419807011,2025.15616438356,SRR32868711|A/Red-tailed_Hawk/WV/25-007392-001-original/2025|H5N1|USA-WV|Unknown|2025-02-27|wild_avian|D1.1
1148,620,0.082845291590487,-121.9188296893,39.4831219758251,-121.81084242681,37.7244160117867,0.566154524500023,0.483309232909536,2025.07331909197,2025.15616438356,SRR33476783|A/Sanderling/CA/25-012990-001/2025|H5N1|USA-CA|Alameda|2025-02-27|wild_avian|D1.1
908,909,0.0884916547710386,-79.5319385634335,36.2988258154494,-87.8610471867499,39.1816961546569,0.567603592876058,0.47911193810502,2025.06912179717,2025.15761345194,NA
844,116,0.265177494130368,-71.4831490999219,42.2030879915722,-71.4983844232368,42.2460938721453,0.571633976554738,0.30645648242437,2024.89646634149,2025.16164383562,SRR34710268|A/red_tailed_hawk/MA/25-019390-004/2025|H5N1|USA-MA|Middlesex|2025-03-01|wild_avian|D1.1
931,37,0.077191605933023,-87.8864221219721,41.7497734729748,-91.2851229325447,46.5290271773747,0.571633976554738,0.494442370621715,2025.08445222968,2025.16164383562,SRR32974035|A/Peregrine_Falcon/WI/25-008493-001-original/2025|H5N1|USA-WI|Unknown|2025-03-01|wild_avian|D1.1
1064,609,0.417270131536539,-114.88185752601,47.7194561383833,-118.017578274338,47.8784513422629,0.57711342860968,0.159843297073141,2024.74985315613,2025.16712328767,SRR33476782|A/Bald_Eagle/WA/25-013105-001-original/2025|H5N1|USA-WA|Unknown|2025-03-03|wild_avian|D1.1
732,167,0.341079279417158,-90.5856685593225,39.3552653390976,-83.7027755841628,33.8968659140014,0.57711342860968,0.236034149192522,2024.82604400825,2025.16712328767,SRR32868886|A/bald_eagle/GA/25-007707-001/2025|H5N1|USA-GA|Walton|2025-03-03|wild_avian|D1.1
947,259,0.339604967754162,-87.4964764719408,34.0386846897209,-91.9564804779818,36.8426103048653,0.57711342860968,0.237508460855518,2024.82751831992,2025.16712328767,SRR33029790|A/turkey_vulture/MO/25-007994-001/2025|H5N1|USA-MO|Howell|2025-03-03|wild_avian|D1.1
871,72,0.339520655085071,-70.6472439295378,43.8969295083997,-65.2619371975111,44.3496851008842,0.57711342860968,0.23759277352461,2024.82760263259,2025.16712328767,EPI_ISL_19792237|A/Chicken/NS/FAV-0075-2/2025|H5N1|Canada-NS|Unknown|2025-03-03|domestic_avian|D1.1
718,175,0.329763587367863,-82.9078672252267,40.710962872591,-77.1118267591021,42.2206859029382,0.57711342860968,0.247349841241817,2024.8373597003,2025.16712328767,SRR32868755|A/red_tailed_hawk/NY/25-007854-001/2025|H5N1|USA-NY|Steuben|2025-03-03|wild_avian|D1.1
1275,397,0.277632785367605,-98.5894058115806,41.4195427166657,-94.8805358844257,38.3708206926726,0.57711342860968,0.299480643242075,2024.8894905023,2025.16712328767,SRR32974002|A/Skunk/KS/25-008665-001-original/2025|H5N1|USA-KS|Unknown|2025-03-03|other_mammal|D1.1
812,276,0.268063671213078,-104.125397741941,44.4497063993672,-103.995889867833,44.516346518152,0.57711342860968,0.309049757396602,2024.89905961646,2025.16712328767,SRR32974025|A/Red-tailed_Hawk/SD/25-008825-001-original/2025|H5N1|USA-SD|Unknown|2025-03-03|wild_avian|D1.1
1267,408,0.240656493723601,-102.795545947106,40.2603788998132,-109.030936944153,42.2590627553151,0.57711342860968,0.336456934886079,2024.92646679395,2025.16712328767,SRR32868817|A/Canada_Goose/WY/25-008079-001-original/2025|H5N1|USA-WY|Unknown|2025-03-03|wild_avian|D1.1
930,36,0.0942130690612096,-86.738365678177,41.320165136846,-87.1415224343363,41.2808530193302,0.57711342860968,0.482900359548471,2025.07291021861,2025.16712328767,SRR32868795|A/Bald_Eagle/IN/25-007837-001-original/2025|H5N1|USA-IN|Unknown|2025-03-03|wild_avian|D1.1
859,88,0.263344159836186,-65.5280377229028,39.4285636439827,-71.7759539500457,41.7895957414717,0.579853154637038,0.316508994800852,2024.90651885386,2025.1698630137,SRR34710265|A/Peregrine_Falcon/RI/25-019394-007-original/2025|H5N1|USA-RI|Unknown|2025-03-04|wild_avian|D1.1
1131,599,0.0959490214808765,-114.501980907176,47.9828363381545,-117.893090755407,44.0287205798527,0.582592880664395,0.486643859183519,2025.07665371825,2025.17260273973,SRR32974026|A/Red-tailed_Hawk/OR/25-008819-001-original/2025|H5N1|USA-OR|Unknown|2025-03-05|wild_avian|D1.1
999,1000,0.452452332055882,-97.3047161805071,41.9472250284395,-92.2914003443764,37.7715840689155,0.584673357973789,0.132221025917907,2024.72223088498,2025.17468321704,NA
1162,339,0.356716802939449,-104.703599803881,43.0231656903164,-102.595824697927,42.4392820561167,0.585332606691753,0.228615803752304,2024.81862566281,2025.17534246575,SRR32868560|A/chicken/NE/25-008023-001-original/2025|H5N1|USA-NE|Unknown|2025-03-06|domestic_avian|D1.1
778,231,0.254161203635421,-87.4684744740653,38.9258731867523,-86.4037053579123,38.6613864369211,0.585332606691753,0.331171403056332,2024.92118126212,2025.17534246575,SRR32868618|A/chicken/IN/25-008062-001-original/2025|H5N1|USA-IN|Unknown|2025-03-06|domestic_avian|D1.1
1045,543,0.101480063656562,-89.9089505898096,49.109112989991,-85.3977192078812,38.4288457409244,0.585332606691753,0.483852543035191,2025.0738624021,2025.17534246575,SRR32974113|A/turkey_vulture/KY/25-009319-001/2025|H5N1|USA-KY|Oldham|2025-03-06|wild_avian|D1.1
1149,622,0.0969611426289928,-122.263829508892,38.2207170915766,-122.338618604358,37.4575171453298,0.585332606691753,0.48837146406276,2025.07838132312,2025.17534246575,SRR33029846|A/barn_owl/CA/25-010283-002/2025|H5N1|USA-CA|San_Mateo|2025-03-06|wild_avian|D1.1
1081,1083,0.248204794063652,-77.8089172645962,36.0952765649099,-77.1705254349383,34.9327940156872,0.586050977168909,0.337846183105257,2024.92785604217,2025.17606083623,NA
1082,301,0.235927991787918,-77.4161676620138,35.744130301084,-77.5493434450027,35.7489220847047,0.58807233271911,0.352144340931192,2024.94215419999,2025.17808219178,SRR32974111|A/Brown_Pelican/NC/25-009321-002-original/2025|H5N1|USA-NC|Unknown|2025-03-07|wild_avian|D1.1
905,19,0.228880883634228,-76.168269910513,39.2181859228994,-69.9493268704161,45.7327339928649,0.58807233271911,0.359191449084882,2024.94920130815,2025.17808219178,SRR34980370|A/American_Crow/ME/25-021406-005-original/2025|H5N1|USA-ME|Unknown|2025-03-07|wild_avian|D1.1
909,912,0.0213948613707823,-87.8610471867499,39.1816961546569,-90.818748207413,40.5174143708697,0.588998454246841,0.567603592876058,2025.15761345194,2025.17900831331,NA
738,750,0.435779323133607,-86.1039812169502,36.3176023988477,-85.6202728501058,32.6417422785403,0.589547777585649,0.153768454452041,2024.74377831351,2025.17955763665,NA
1267,407,0.254355123860616,-102.795545947106,40.2603788998132,-97.754122763926,35.7762949186462,0.590812058746695,0.336456934886079,2024.92646679395,2025.18082191781,SRR32868567|A/Guineafowl/OK/25-008449-003-original/2025|H5N1|USA-OK|Unknown|2025-03-08|domestic_avian|D1.1
860,861,0.266337733654327,-65.3989405785196,39.6085651798427,-62.1862415332724,39.394742968716,0.593925217784225,0.327587484129899,2024.91759734319,2025.18393507685,NA
1344,551,0.375234996088268,-122.276280751373,44.8840095407551,-120.825882057404,42.8209217243025,0.59629151080141,0.221056514713142,2024.81106637377,2025.18630136986,SRR33682322|A/Owl/OR/25-014765-001-original/2025|H5N1|USA-OR|Unknown|2025-03-10|wild_avian|D1.1
728,158,0.282404009543348,-90.2963300591152,37.9256545132961,-78.8269413042158,42.9433338976169,0.59629151080141,0.313887501258062,2024.90389736032,2025.18630136986,SRR32974019|A/bald_eagle/NY/25-009027-001/2025|H5N1|USA-NY|Erie|2025-03-10|wild_avian|D1.1
890,64,0.132921325698724,-76.7416836339501,39.2171636594026,-76.7807721444006,38.8802169701585,0.59629151080141,0.463370185102685,2025.05338004416,2025.18630136986,SRR32868593|A/chicken/MD/25-008577-002-original/2025|H5N1|USA-MD|Unknown|2025-03-10|domestic_avian|D1.1
736,737,0.0869282752980445,-83.3745183273096,39.4898847819374,-82.661968918515,40.0282995915683,0.597802389271875,0.51087411397383,2025.10088397304,2025.18781224833,NA
739,742,0.43781984550291,-88.3238914029224,36.164188771192,-84.302880582744,38.3647329073296,0.601709103854548,0.163889258351638,2024.75389911741,2025.19171896292,NA
1074,575,0.430744914504481,-106.048996021741,41.8027704028329,-90.8102216419921,40.9938453467208,0.601770962856124,0.171026048351643,2024.76103590741,2025.19178082192,SRR32973826|A/chicken/IL/25-009367-001-original/2025|H5N1|USA-IL|Unknown|2025-03-12|domestic_avian|D1.1
841,124,0.292440687699688,-75.8250491699364,40.6864343586661,-74.204133824676,40.987823152258,0.601770962856124,0.309330275156437,2024.89934013422,2025.19178082192,SRR32974073|A/bald_eagle/NJ/25-009512-004/2025|H5N1|USA-NJ|Bergen|2025-03-12|wild_avian|D1.1
875,70,0.251120123961484,-65.3640059332061,46.4880842973246,-64.1037180740001,53.5590977137796,0.601770962856124,0.350650838894641,2024.94066069796,2025.19178082192,EPI_ISL_20208427|A/Mallard/NL/FAV-0141-13/2025|H5N1|Canada-NL|Unknown|2025-03-12|wild_avian|D1.1
1149,621,0.113399498793365,-122.263829508892,38.2207170915766,-121.954462153829,37.5465059792662,0.601770962856124,0.48837146406276,2025.07838132312,2025.19178082192,SRR33682329|A/great_blue_heron/CA/25-014655-001/2025|H5N1|USA-CA|Alameda|2025-03-12|wild_avian|D1.1
1276,396,0.108662384244092,-99.1141025062383,41.5462062237453,-99.6734178189632,36.222409227838,0.601770962856124,0.493108578612032,2025.08311843767,2025.19178082192,SRR32868813|A/Canada_Goose/OK/25-009017-002-original/2025|H5N1|USA-OK|Unknown|2025-03-12|wild_avian|D1.1
777,219,0.316822745633183,-91.1288361732808,39.3270227511544,-93.5442480623779,41.9548026818984,0.604510688883482,0.287687943250299,2024.87769780231,2025.19452054795,SRR32974022|A/Peregrine_Falcon/IA/25-009016-001-original/2025|H5N1|USA-IA|Unknown|2025-03-13|wild_avian|D1.1
1272,515,0.226558584813279,-99.4234081262955,34.7346791872919,-100.960342137286,36.2561138575031,0.604510688883482,0.377952104070202,2024.96796196313,2025.19452054795,SRR33508799|A/Skunk/TX/25-010819-006-original/2025|H5N1|USA-TX|Unknown|2025-03-13|other_mammal|D1.1
1335,1337,0.115691158978062,-100.244634809987,48.2029039481529,-98.3770058521979,47.5852453936954,0.60497543662032,0.489284277642258,2025.0792941367,2025.19498529568,NA
909,910,0.0383553307079454,-87.8610471867499,39.1816961546569,-84.6150240857665,40.1415590185224,0.605958923584004,0.567603592876058,2025.15761345194,2025.19596878265,NA
897,77,0.369659103134929,-76.6453701102046,41.6833168099647,-71.9409404911272,44.7315510520144,0.607250414911066,0.237591311776138,2024.82760117084,2025.19726027397,SRR32974049|A/Canada_Goose/VT/25-009472-001-original/2025|H5N1|USA-VT|Unknown|2025-03-14|wild_avian|D1.1
1126,1127,0.116351842489457,-113.95066140327,33.7121390216092,-114.374459771927,33.6661431519325,0.608166376011093,0.491814533521637,2025.08182439258,2025.19817623507,NA
737,184,0.012187751666549,-82.661968918515,40.0282995915683,-82.5051718562416,40.1662351383095,0.609990140938424,0.597802389271875,2025.18781224833,2025.2,SRR33476771|A/black_vulture/OH/25-012888-001/2025|H5N1|USA-OH|Licking|2025-03-15|wild_avian|D1.1
714,726,0.389346786674521,-87.2878845604753,41.3331712853049,-89.4594112751221,46.9821751648526,0.610439824814964,0.221093038140442,2024.8111028972,2025.20044968388,NA
1152,560,0.387112956233656,-106.008482433757,37.5064866296694,-105.558607756011,36.1447804819958,0.615469592993139,0.228356636759482,2024.81836649582,2025.20547945205,SRR32973825|A/chicken/NM/25-009470-001-original/2025|H5N1|USA-NM|Unknown|2025-03-17|domestic_avian|D1.1
795,132,0.272997707980629,-79.7348407322862,41.8346779837729,-75.1191839767568,39.8797815701903,0.615469592993139,0.34247188501251,2024.93248174407,2025.20547945205,SRR32974069|A/bald_eagle/NJ/25-009514-002/2025|H5N1|USA-NJ|Camden|2025-03-17|wild_avian|D1.1
896,75,0.266171999014646,-76.0382291902078,41.7667078399532,-76.5795899732166,40.5362954127067,0.615469592993139,0.349297593978492,2024.93930745304,2025.20547945205,SRR33370215|A/black_vulture/PA/25-011842-001/2025|H5N1|USA-PA|Dauphin|2025-03-17|wild_avian|D1.1
723,172,0.264204994250665,-81.8147870860657,40.9792967819104,-81.2914729230693,46.564698925816,0.615469592993139,0.351264598742474,2024.9412744578,2025.20547945205,EPI_ISL_20208437|A/Red-Tailed_Hawk/ON/FAV-0121-4/2025|H5N1|Canada-ON|Unknown|2025-03-17|wild_avian|D1.1
742,743,0.0161930659851154,-84.302880582744,38.3647329073296,-83.7755904340512,38.3291340317495,0.617902169839664,0.601709103854548,2025.19171896292,2025.2079120289,NA
972,646,0.489044894328263,-97.4739122541858,41.3567618869446,-105.986443211442,47.3452842012857,0.618209319020496,0.129164424692233,2024.71917428375,2025.20821917808,SRR32973819|A/Duck/MT/25-009376-001-original/2025|H5N1|USA-MT|Unknown|2025-03-18|domestic_avian|D1.1
1058,593,0.482869876325838,-105.21132785818,42.0150455062214,-103.975853003965,24.5722507605096,0.618209319020496,0.135339442694658,2024.72534930176,2025.20821917808,EPI_ISL_20227034|A/Mexico/Dur_Indre_2292/2025|H5N1|Mexico-Durango|Unknown|2025-03-18|human|D1.1
1028,547,0.460878380639221,-101.977451931408,38.7517802968624,-88.555813850115,38.8822382670151,0.618209319020496,0.157330938381275,2024.74734079744,2025.20821917808,SRR33508852|A/Turkey/IL/25-009630-001-original/2025|H5N1|USA-IL|Unknown|2025-03-18|domestic_avian|D1.1
843,115,0.390190169123256,-73.2139577966077,42.0936031243053,-72.669227804279,41.92313899813,0.618209319020496,0.22801914989724,2024.81802900896,2025.20821917808,SRR33029808|A/Mallard/CT/25-010197-001-original/2025|H5N1|USA-CT|Unknown|2025-03-18|wild_avian|D1.1
1355,678,0.382657443273962,-103.241384507445,35.9607969636371,-101.556397932883,35.853862528403,0.618209319020496,0.235551875746534,2024.82556173481,2025.20821917808,SRR33508800|A/Skunk/TX/25-010819-005-original/2025|H5N1|USA-TX|Unknown|2025-03-18|other_mammal|D1.1
1047,541,0.308122789344279,-94.8022398804335,40.7317168809788,-95.1205543465949,37.8373979745047,0.618209319020496,0.310086529676217,2024.90009638874,2025.20821917808,SRR33029751|A/chicken/KS/25-009496-002-original/2025|H5N1|USA-KS|Unknown|2025-03-18|domestic_avian|D1.1
834,108,0.128058561400832,-71.798949579897,41.7075093855574,-71.3499152279387,41.7975983755512,0.618209319020496,0.490150757619664,2025.08016061668,2025.20821917808,SRR35089326|A/Fish_Crow/RI/25-021409-001-original/2025|H5N1|USA-RI|Unknown|2025-03-18|wild_avian|D1.1
736,182,0.107335205046666,-83.3745183273096,39.4898847819374,-83.4142653357412,39.3186177269951,0.618209319020496,0.51087411397383,2025.10088397304,2025.20821917808,SRR33029849|A/black_vulture/OH/25-009864-005/2025|H5N1|USA-OH|Highland|2025-03-18|wild_avian|D1.1
1092,1093,0.306049693303928,-76.631098371589,36.6552554553503,-77.2945577945843,39.9159740886517,0.618508052573707,0.312458359269779,2024.90246821833,2025.20851791164,NA
854,98,0.262851869805639,-70.9250825983259,43.2303468302886,-71.5339128783631,44.6155416354367,0.620949045048081,0.358097175242441,2024.9481070343,2025.21095890411,SRR34980328|A/Gull/NH/25-021405-005-original/2025|H5N1|USA-NH|Unknown|2025-03-19|wild_avian|D1.1
750,208,0.0314012674624322,-85.6202728501058,32.6417422785403,-85.4449321718914,32.5994231501552,0.620949045048081,0.589547777585649,2025.17955763665,2025.21095890411,SRR33029853|A/Black_Vulture/AL/25-010338-002-original/2025|H5N1|USA-AL|Unknown|2025-03-19|wild_avian|D1.1
742,749,0.0196127918195609,-84.302880582744,38.3647329073296,-84.3069377671324,38.3509012472786,0.621321895674109,0.601709103854548,2025.19171896292,2025.21133175474,NA
1127,1128,0.0135123961041413,-114.374459771927,33.6661431519325,-112.531054392712,31.87466167725,0.621678772115235,0.608166376011093,2025.19817623507,2025.21168863118,NA
943,264,0.489149101448083,-115.851968479605,42.4184676876151,-115.162737695776,37.3145071919956,0.623688771075438,0.134539669627355,2024.72454952869,2025.21369863014,SRR33319031|A/Skunk/NV/25-011566-001-original/2025|H5N1|USA-NV|Unknown|2025-03-20|other_mammal|D1.1
978,658,0.458450079294094,-94.4232389829176,42.7867767035019,-89.7553792291047,37.4517151162579,0.623688771075438,0.165238691781344,2024.75524855084,2025.21369863014,SRR33319026|A/turkey_vulture/MO/25-011519-002/2025|H5N1|USA-MO|Cape_Girardeau|2025-03-20|wild_avian|D1.1
796,138,0.454731209196797,-91.813681149123,37.3006547907095,-81.3809170377266,29.7576745753843,0.623688771075438,0.168957561878641,2024.75896742094,2025.21369863014,SRR33029789|A/Bald_Eagle/FL/25-009986-004-original/2025|H5N1|USA-FL|Unknown|2025-03-20|wild_avian|D1.1
724,178,0.383151905730272,-88.1620351227445,34.4264712813077,-82.727000026429,28.142577271688,0.623688771075438,0.240536865345166,2024.83054672441,2025.21369863014,SRR33370194|A/Great_Horned_Owl/FL/25-012397-001-original/2025|H5N1|USA-FL|Unknown|2025-03-20|wild_avian|D1.1
1336,402,0.134985920401413,-100.301515671069,48.2193975012414,-100.67296017066,48.3782708289343,0.626428497102796,0.491442576701382,2025.08145243576,2025.21643835616,SRR33319040|A/Ross_s_Goose/ND/25-011280-001-original/2025|H5N1|USA-ND|Unknown|2025-03-21|wild_avian|D1.1
1093,1094,0.0125241378993117,-77.2945577945843,39.9159740886517,-76.4184391049496,39.5565471659802,0.631032190473018,0.618508052573707,2025.20851791164,2025.22104204953,NA
1000,1002,0.0480566430589907,-92.2914003443764,37.7715840689155,-82.3174000642963,36.3580144464017,0.632730001032779,0.584673357973789,2025.17468321704,2025.22273986009,NA
1094,1095,0.00204232929771264,-76.4184391049496,39.5565471659802,-76.2298776668791,39.5747969473489,0.633074519770731,0.631032190473018,2025.22104204953,2025.22308437883,NA
775,222,0.314481305844385,-88.1212082425091,36.3476468149715,-91.8060651554392,42.2840283927398,0.634647675184868,0.320166369340483,2024.9101762284,2025.22465753425,SRR33029828|A/cat/IA/25-010114-001-original/2025|H5N1|USA-IA|Unknown|2025-03-24|feline|D1.1
1333,400,0.278758604515053,-98.3163195084485,44.3676603764255,-100.988305292474,42.83573633431,0.634647675184868,0.355889070669815,2024.94589892973,2025.22465753425,SRR33508770|A/Duck/NE/25-010532-002-original/2025|H5N1|USA-NE|Unknown|2025-03-24|domestic_avian|D1.1
893,60,0.135680576233544,-75.7504429068287,39.0903452147856,-76.1974231130889,38.700700345429,0.634647675184868,0.498967098951324,2025.08897695801,2025.22465753425,SRR34710271|A/Turkey_Vulture/MD/25-019391-002-original/2025|H5N1|USA-MD|Unknown|2025-03-24|wild_avian|D1.1
1094,307,0.00361548471184947,-76.4184391049496,39.5565471659802,-76.3325619862849,39.5378102531319,0.634647675184868,0.631032190473018,2025.22104204953,2025.22465753425,SRR33508772|A/black_vulture/MA/25-010531-001/2025|H5N1|USA-MA|Harford|2025-03-24|wild_avian|D1.1
1127,580,0.0292210252013591,-114.374459771927,33.6661431519325,-114.270203271032,33.0591896638881,0.637387401212453,0.608166376011093,2025.19817623507,2025.22739726027,SRR33319085|A/cattle/AZ/25-010942-001-original/2025|H5N1|USA-AZ|Unknown|2025-03-25|cattle|D1.1
1162,512,0.411511323487506,-104.703599803881,43.0231656903164,-104.193103279605,40.7889093573724,0.64012712723981,0.228615803752304,2024.81862566281,2025.2301369863,SRR33508736|A/Red-tailed_Hawk/CO/25-010882-001-original/2025|H5N1|USA-CO|Unknown|2025-03-26|wild_avian|D1.1
875,68,0.289476288345169,-65.3640059332061,46.4880842973246,-65.0951971625066,44.6627467078484,0.64012712723981,0.350650838894641,2024.94066069796,2025.2301369863,EPI_ISL_20208452|A/Striped_Skunk/NS/FAV-0143/2025|H5N1|Canada-NS|Unknown|2025-03-26|other_mammal|D1.1
1045,544,0.156274584204619,-89.9089505898096,49.109112989991,-84.5657052931266,43.8510317651386,0.64012712723981,0.483852543035191,2025.0738624021,2025.2301369863,SRR33508738|A/Great_Horned_Owl/MI/25-010812-002-original/2025|H5N1|USA-MI|Unknown|2025-03-26|wild_avian|D1.1
709,187,0.325471485229623,-99.3909483626456,44.5966410084614,-94.5545414749928,46.8120936919758,0.642866853267167,0.317395368037544,2024.9074052271,2025.23287671233,SRR33370162|A/Mallard/MN/25-012246-005-original/2025|H5N1|USA-MN|Unknown|2025-03-27|wild_avian|D1.1
876,65,0.301463728684242,-67.853193462718,45.4319723641607,-68.4025449679368,45.9327842285263,0.642866853267167,0.341403124582925,2024.93141298364,2025.23287671233,SRR34710257|A/Bald_Eagle/ME/25-019392-005-original/2025|H5N1|USA-ME|Unknown|2025-03-27|wild_avian|D1.1
1095,319,0.00979233349643638,-76.2298776668791,39.5747969473489,-76.2178590004367,39.9797592713882,0.642866853267167,0.633074519770731,2025.22308437883,2025.23287671233,SRR33508749|A/black_vulture/PA/25-010745-004/2025|H5N1|USA-PA|Lancaster|2025-03-27|wild_avian|D1.1
910,911,0.0389563706401262,-84.6150240857665,40.1415590185224,-75.842201752516,40.819573123732,0.64491529422413,0.605958923584004,2025.19596878265,2025.23492515329,NA
1083,1084,0.0608762841266399,-77.1705254349383,34.9327940156872,-78.0165752680308,34.6525354100545,0.646927261295549,0.586050977168909,2025.17606083623,2025.23693712036,NA
861,863,0.0534880559532412,-62.1862415332724,39.394742968716,-71.869822021919,42.8439617474686,0.647413273737467,0.593925217784225,2025.18393507685,2025.2374231328,NA
1132,1133,0.160257775153629,-114.217978932832,47.500882604164,-114.793552176999,46.9020952344145,0.64749352600452,0.487235750850891,2025.07724560991,2025.23750338507,NA
863,864,0.00455836542570542,-71.869822021919,42.8439617474686,-71.8112200052831,43.0787735811447,0.651971639163172,0.647413273737467,2025.2374231328,2025.24198149822,NA
1133,1134,0.00493484688604473,-114.793552176999,46.9020952344145,-114.09731269197,50.4118486528509,0.652428372890565,0.64749352600452,2025.23750338507,2025.24243823195,NA
960,282,0.42606812655158,-116.330599043222,41.6157505278786,-109.984607852392,38.1598404271241,0.653825757376824,0.227757630825244,2024.81776748989,2025.24383561644,SRR33319032|A/Skunk/UT/25-011119-002-original/2025|H5N1|USA-UT|Unknown|2025-03-31|other_mammal|D1.1
851,78,0.42173495473322,-72.769412892997,40.6333683009877,-83.3631558015507,36.6146593906058,0.653825757376824,0.232090802643604,2024.82210066171,2025.24383561644,SRR33370138|A/Red_Fox/VA/25-012694-001-original/2025|H5N1|USA-VA|Unknown|2025-03-31|other_mammal|D1.1
1050,530,0.438421505178777,-105.823105058309,39.9937708133422,-99.7040896605209,47.4626356885493,0.656565483404182,0.218143978225405,2024.80815383729,2025.24657534247,SRR33319029|A/Snow_Goose/ND/25-011281-001-original/2025|H5N1|USA-ND|Unknown|2025-04-01|wild_avian|D1.1
1272,517,0.278613379333979,-99.4234081262955,34.7346791872919,-96.9987679886355,47.5009811611989,0.656565483404182,0.377952104070202,2024.96796196313,2025.24657534247,SRR33319054|A/Great_Horned_Owl/ND/25-011283-001-original/2025|H5N1|USA-ND|Unknown|2025-04-01|wild_avian|D1.1
908,17,0.177453545299162,-79.5319385634335,36.2988258154494,-81.1440861311325,36.7397331432812,0.656565483404182,0.47911193810502,2025.06912179717,2025.24657534247,SRR33319022|A/Black_Vulture/VA/25-011541-002-original/2025|H5N1|USA-VA|Unknown|2025-04-01|wild_avian|D1.1
1132,603,0.169329732553291,-114.217978932832,47.500882604164,-117.984112560913,48.5811268176442,0.656565483404182,0.487235750850891,2025.07724560991,2025.24657534247,SRR33682347|A/Canada_Goose/WA/25-014080-001-original/2025|H5N1|USA-WA|Unknown|2025-04-01|wild_avian|D1.1
886,887,0.439722095144903,-76.4576695225589,41.0867697291174,-74.8775245731322,43.2131268128296,0.658585211012279,0.218863115867376,2024.80887297493,2025.24859507007,NA
861,862,0.0649736004534999,-62.1862415332724,39.394742968716,-71.7169390404361,42.4192981129992,0.658898818237725,0.593925217784225,2025.18393507685,2025.2489086773,NA
928,35,0.161309817065805,-88.0965296881104,41.9122862678725,-85.6436086256931,42.4524170736839,0.659305209431539,0.497995392365734,2025.08800525143,2025.24931506849,SRR33370139|A/red_breasted_merganser/MI/25-011271-008/2025|H5N1|USA-MI|Allegan|2025-04-02|wild_avian|D1.1
1276,1277,0.167229585886412,-99.1141025062383,41.5462062237453,-100.951976741016,47.6020552997583,0.660338164498444,0.493108578612032,2025.08311843767,2025.25034802356,NA
1110,326,0.430524396831209,-90.633666474325,39.4459712229927,-87.5100678308206,48.5392112844546,0.662044935458896,0.231520538627687,2024.82153039769,2025.25205479452,EPI_ISL_20208455|A/Turkey_Vulture/ON/FAV-0138-2/2025|H5N1|Canada-ON|Unknown|2025-04-03|wild_avian|D1.1
842,122,0.344045474136976,-75.115766959103,40.5654950298116,-76.5440676421149,47.812597475163,0.662044935458896,0.31799946132192,2024.90800932038,2025.25205479452,EPI_ISL_20208447|A/Snow_Goose/QC/FAV-0146-5/2025|H5N1|Canada-QC|Unknown|2025-04-03|wild_avian|D1.1
1093,320,0.0435368828851899,-77.2945577945843,39.9159740886517,-76.9575808133105,40.0339672020192,0.662044935458896,0.618508052573707,2025.20851791164,2025.25205479452,SRR33319024|A/black_vulture/PA/25-011728-001/2025|H5N1|USA-PA|York|2025-04-03|wild_avian|D1.1
1095,1096,0.0301405607023481,-76.2298776668791,39.5747969473489,-76.4967989909189,40.1835714683172,0.663215080473079,0.633074519770731,2025.22308437883,2025.25322493953,NA
1084,1085,0.0185108889950548,-78.0165752680308,34.6525354100545,-78.9531494408739,35.4697576423424,0.665438150290604,0.646927261295549,2025.23693712036,2025.25544800935,NA
1096,1097,0.00227449985554951,-76.4967989909189,40.1835714683172,-76.3886923854051,40.1531214721318,0.665489580328628,0.663215080473079,2025.25322493953,2025.25549943939,NA
737,183,0.0752014502966785,-82.661968918515,40.0282995915683,-80.7398918513981,40.0604786621685,0.673003839568553,0.597802389271875,2025.18781224833,2025.26301369863,SRR33370172|A/vulture/OH/25-012105-001/2025|H5N1|USA-OH|Unknown|2025-04-07|wild_avian|D1.1
749,149,0.0516819438944444,-84.3069377671324,38.3509012472786,-82.7563332662749,39.7441107619239,0.673003839568553,0.621321895674109,2025.21133175474,2025.26301369863,SRR33370169|A/vulture/OH/25-012105-004/2025|H5N1|USA-OH|Unknown|2025-04-07|wild_avian|D1.1
788,131,0.455194103303627,-90.8771223517249,42.8072222185392,-88.415229680084,44.9977964096945,0.675743565595911,0.220549462292284,2024.81055932135,2025.26575342466,SRR33370177|A/Snowy_Owl/WI/25-012050-001-original/2025|H5N1|USA-WI|Unknown|2025-04-08|wild_avian|D1.1
933,43,0.418973199356957,-106.391178710064,42.3009988229111,-108.591001585341,48.7734626589,0.675743565595911,0.256770366238954,2024.8467802253,2025.26575342466,SRR33370196|A/Great_Horned_Owl/MT/25-012288-002-original/2025|H5N1|USA-MT|Unknown|2025-04-08|wild_avian|D1.1
709,186,0.358348197558366,-99.3909483626456,44.5966410084614,-94.9280619880864,42.0615771826589,0.675743565595911,0.317395368037544,2024.9074052271,2025.26575342466,SRR33370176|A/Trumpeter_Swan/IA/25-011816-001-original/2025|H5N1|USA-IA|Unknown|2025-04-08|wild_avian|D1.1
1070,595,0.515129689533897,-113.970666604528,44.7512423068789,-107.74775824539,39.9980515285053,0.681223017650626,0.166093328116728,2024.75610318718,2025.27123287671,SRR34710266|A/Red-tailed_Hawk/CO/25-019366-002-original/2025|H5N1|USA-CO|Unknown|2025-04-10|wild_avian|D1.1
1347,564,0.454861819297984,-105.310756051319,40.674381500946,-93.2255256752571,39.7046974342024,0.681223017650626,0.226361198352642,2024.81637105741,2025.27123287671,SRR33476799|A/Cooper_s_Hawk/MO/25-012813-008-original/2025|H5N1|USA-MO|Unknown|2025-04-10|wild_avian|D1.1
778,232,0.350051614594294,-87.4684744740653,38.9258731867523,-90.2594629884309,37.8113120889733,0.681223017650626,0.331171403056332,2024.92118126212,2025.27123287671,SRR33476774|A/Turkey_Vulture/MO/25-012813-002-original/2025|H5N1|USA-MO|Unknown|2025-04-10|wild_avian|D1.1
1338,406,0.158119185866704,-96.6923467227728,43.0012061305936,-98.2504609842376,44.4664481213838,0.681223017650626,0.523103831783921,2025.11311369085,2025.27123287671,SRR33476801|A/Canada_Goose/SD/25-013305-001-original/2025|H5N1|USA-SD|Unknown|2025-04-10|wild_avian|D1.1
743,150,0.063320847810962,-83.7755904340512,38.3291340317495,-83.7715964703748,38.5964523233958,0.681223017650626,0.617902169839664,2025.2079120289,2025.27123287671,SRR33476809|A/canada_goose/KY/25-013218-002/2025|H5N1|USA-KY|Mason|2025-04-10|wild_avian|D1.1
749,148,0.0599011219765165,-84.3069377671324,38.3509012472786,-83.6736468469196,38.5231458832614,0.681223017650626,0.621321895674109,2025.21133175474,2025.27123287671,SRR33476805|A/black_vulture/KY/25-013218-001/2025|H5N1|USA-KY|Mason|2025-04-10|wild_avian|D1.1
1002,654,0.0484930166178462,-82.3174000642963,36.3580144464017,-81.9658722558255,36.665828434008,0.681223017650626,0.632730001032779,2025.22273986009,2025.27123287671,SRR33370209|A/Black_Vulture/VA/25-012471-002-original/2025|H5N1|USA-VA|Unknown|2025-04-10|wild_avian|D1.1
777,220,0.396274800427912,-91.1288361732808,39.3270227511544,-86.903279528416,37.9936964409059,0.68396274367821,0.287687943250299,2024.87769780231,2025.27397260274,SRR33682307|A/Turkey_Vulture/IN/25-014056-001-original/2025|H5N1|USA-IN|Unknown|2025-04-11|wild_avian|D1.1
1097,1098,0.0186955918541059,-76.3886923854051,40.1531214721318,-75.7400067426541,40.0879476701779,0.684185172182734,0.665489580328628,2025.25549943939,2025.27419503124,NA
1038,1039,0.184536163167878,-81.0723785570049,31.3526258140217,-85.4685683441626,34.6602215501869,0.685969525991971,0.501433362824092,2025.09144322189,2025.27597938505,NA
1096,1100,0.0256912038071976,-76.4967989909189,40.1835714683172,-76.8239410233571,40.9963748430508,0.688906284280277,0.663215080473079,2025.25322493953,2025.27891614334,NA
1156,334,0.553742342632992,-113.495871397281,44.1158725490171,-121.364304685987,40.8418232350028,0.689442195732925,0.135699853099933,2024.72570971216,2025.27945205479,SRR33682331|A/Cougar/CA/25-014656-002-original/2025|H5N1|USA-CA|Unknown|2025-04-13|feline|D1.1
1002,1003,0.0569543770955059,-82.3174000642963,36.3580144464017,-82.2289516212812,36.2720334546227,0.689684378128285,0.632730001032779,2025.22273986009,2025.27969423719,NA
864,865,0.0391230684399307,-71.8112200052831,43.0787735811447,-70.7081651986808,44.0832111515528,0.691094707603103,0.651971639163172,2025.24198149822,2025.28110456666,NA
1128,1129,0.069599800755697,-112.531054392712,31.87466167725,-112.459993595685,32.853985747485,0.691278572870932,0.621678772115235,2025.21168863118,2025.28128843193,NA
912,913,0.103796599282613,-90.818748207413,40.5174143708697,-90.2589771265885,40.0993390526105,0.692795053529454,0.588998454246841,2025.17900831331,2025.28280491259,NA
1167,1265,0.344697269989694,-105.360768111271,45.4698739121602,-115.06507295366,45.1027838240471,0.692862867637707,0.348165597648013,2024.93817545671,2025.2828727267,NA
1098,1099,0.0137563473544166,-75.7400067426541,40.0879476701779,-76.6115548010455,40.3154398080735,0.697941519537151,0.684185172182734,2025.27419503124,2025.2879513786,NA
907,18,0.349749294798406,-83.0340452337809,39.379019979592,-74.6204718667195,40.1809869225005,0.700401099842582,0.350651805044176,2024.94066166411,2025.2904109589,SRR34425893|A/red_fox/NJ/25-018509-001/2025|H5N1|USA-NJ|Mercer|2025-04-17|other_mammal|D1.1
830,113,0.349636183087847,-74.7874080991763,40.8008381197178,-74.5846873009525,40.2990927385395,0.700401099842582,0.350764916754735,2024.94077477582,2025.2904109589,SRR34425892|A/red_fox/NJ/25-018509-002/2025|H5N1|USA-NJ|Mercer|2025-04-17|other_mammal|D1.1
1039,537,0.0171712998779686,-85.4685683441626,34.6602215501869,-84.0089329737079,33.145399336601,0.703140825869939,0.685969525991971,2025.27597938505,2025.29315068493,SRR34270262|A/black_vulture/GA/25-017626-002/2025|H5N1|USA-GA|Monroe|2025-04-18|wild_avian|D1.1
1266,410,0.396740560171432,-105.452941623231,43.5555828558669,-100.57522216035,51.4940741428652,0.705880551897297,0.309139991725865,2024.89914985079,2025.29589041096,EPI_ISL_20208446|A/Snow_Goose/MB/FAV-0170-16/2025|H5N1|Canada-MB|Unknown|2025-04-19|wild_avian|D1.1
887,57,0.047295340885018,-74.8775245731322,43.2131268128296,-69.7633021040746,46.1112518254102,0.705880551897297,0.658585211012279,2025.24859507007,2025.29589041096,SRR34710269|A/Snowy_Owl/ME/25-019392-006-original/2025|H5N1|USA-ME|Unknown|2025-04-19|wild_avian|D1.1
862,79,0.0497214596869289,-71.7169390404361,42.4192981129992,-72.0250106497819,42.4534449143145,0.708620277924654,0.658898818237725,2025.2489086773,2025.29863013699,SRR35319688|A/Common_Eider/MA/25-021407-030-original/2025|H5N1|USA-MA|Unknown|2025-04-20|wild_avian|D1.1
1025,616,0.595435673639955,-106.782985153795,41.3673119102115,-110.059775980577,41.8747460634467,0.711360003952012,0.115924330312057,2024.70593418937,2025.30136986301,SRR33476770|A/Turkey_Vulture/WY/25-013045-001-original/2025|H5N1|USA-WY|Unknown|2025-04-21|wild_avian|D1.1
921,25,0.578939169539268,-105.545963420868,41.1981711835174,-78.6058111153622,43.328368444282,0.711360003952012,0.132420834412744,2024.72243069347,2025.30136986301,SRR33565201|A/canada_goose/NY/25-013428-001/2025|H5N1|USA-NY|Niagara|2025-04-21|wild_avian|D1.1
838,125,0.474720965146339,-73.2551175886281,40.9454531707633,-76.0599123389388,44.1747906918044,0.711360003952012,0.236639038805673,2024.82664889787,2025.30136986301,SRR33830326|A/red_tailed_hawk/NY/25-013427-001/2025|H5N1|USA-NY|Jefferson|2025-04-21|wild_avian|D1.1
1338,405,0.18825617216809,-96.6923467227728,43.0012061305936,-94.8031375714411,45.0833295824332,0.711360003952012,0.523103831783921,2025.11311369085,2025.30136986301,SRR33476668|A/chicken/MN/25-013149-001-original/2025|H5N1|USA-MN|Unknown|2025-04-21|domestic_avian|D1.1
1083,292,0.125309026783103,-77.1705254349383,34.9327940156872,-80.7621155321787,35.2536943221326,0.711360003952012,0.586050977168909,2025.17606083623,2025.30136986301,SRR33682355|A/black_vulture/NC/25-013413-001/2025|H5N1|USA-NC|Mecklenburg|2025-04-21|wild_avian|D1.1
1336,401,0.222657153277987,-100.301515671069,48.2193975012414,-101.706061840325,49.7768504356999,0.714099729979369,0.491442576701382,2025.08145243576,2025.30410958904,EPI_ISL_20208438|A/Rosss_Goose/SK/FAV-0170-4/2025|H5N1|Canada-SK|Unknown|2025-04-22|wild_avian|D1.1
1337,403,0.111864019386634,-98.3770058521979,47.5852453936954,-102.439634681974,50.1376822359896,0.716839456006954,0.60497543662032,2025.19498529568,2025.30684931507,EPI_ISL_20208439|A/Rosss_Goose/SK/FAV-0170-51/2025|H5N1|Canada-SK|Unknown|2025-04-23|wild_avian|D1.1
1128,581,0.0951606838917189,-112.531054392712,31.87466167725,-111.24623971946,31.8547211167977,0.716839456006954,0.621678772115235,2025.21168863118,2025.30684931507,SRR33764593|A/cattle/AZ/25-013772-001-original-repeat2/2025|H5N1|USA-AZ|Unknown|2025-04-23|cattle|D1.1
911,13,0.0719241617828238,-75.842201752516,40.819573123732,-72.4345490189599,41.360676107089,0.716839456006954,0.64491529422413,2025.23492515329,2025.30684931507,SRR33764586|A/Great_Horned_Owl/CT/25-013382-001-original-repeat2/2025|H5N1|USA-CT|Unknown|2025-04-23|wild_avian|D1.1
932,41,0.401349730563475,-89.5881751794201,44.797786345546,-85.9992187364769,44.3979438928775,0.719579182034311,0.318229451470836,2024.90823931053,2025.3095890411,SRR33764590|A/bald_eagle/MI/25-013929-001/2025|H5N1|USA-MI|Manistee|2025-04-24|wild_avian|D1.1
1134,601,0.0671508091437465,-114.09731269197,50.4118486528509,-122.068740209217,46.6673492966636,0.719579182034311,0.652428372890565,2025.24243823195,2025.3095890411,SRR33682312|A/Sand_Crane/WA/25-014081-001-original/2025|H5N1|USA-WA|Unknown|2025-04-24|wild_avian|D1.1
918,28,0.49963157854345,-107.243231475354,42.3539669962484,-114.426051335912,42.6047160675554,0.722318908061669,0.222687329518219,2024.81269718858,2025.31232876712,SRR33682328|A/Great_Horned_Owl/ID/25-014531-001-original/2025|H5N1|USA-ID|Unknown|2025-04-25|wild_avian|D1.1
967,627,0.363563603899117,-114.368186372698,44.5482219579811,-114.870413526955,44.995186805076,0.722318908061669,0.358755304162551,2024.94876516322,2025.31232876712,SRR33682316|A/Red-tailed_Hawk/ID/25-014530-001-original/2025|H5N1|USA-ID|Unknown|2025-04-25|wild_avian|D1.1
1129,1130,0.032936772496719,-112.459993595685,32.853985747485,-111.114585239501,32.9548242241639,0.724215345367651,0.691278572870932,2025.28128843193,2025.31422520443,NA
1277,340,0.0647204695905822,-100.951976741016,47.6020552997583,-95.9538430498597,50.659376960478,0.725058634089026,0.660338164498444,2025.25034802356,2025.31506849315,EPI_ISL_20208444|A/Snow_Goose/MB/FAV-0163-3/2025|H5N1|Canada-MB|Unknown|2025-04-26|wild_avian|D1.1
1099,304,0.0325965666068172,-76.6115548010455,40.3154398080735,-75.7032929855608,40.2023430628959,0.730538086143968,0.697941519537151,2025.2879513786,2025.32054794521,SRR33830330|A/black_vulture/PA/25-015563-001/2025|H5N1|USA-PA|Chester|2025-04-28|wild_avian|D1.1
1141,585,0.571919753021077,-108.631875208373,36.7461797831276,-113.61661199386,40.5691136606278,0.736017538198683,0.164097785177606,2024.75410764424,2025.32602739726,SRR33682297|A/Turkey_Vulture/UT/25-014690-001-original/2025|H5N1|USA-UT|Unknown|2025-04-30|wild_avian|D1.1
912,14,0.147019083951842,-90.818748207413,40.5174143708697,-87.2631866526923,39.8366806633976,0.736017538198683,0.588998454246841,2025.17900831331,2025.32602739726,SRR33564631|A/chicken/IN/25-014151-001-original/2025|H5N1|USA-IN|Unknown|2025-04-30|domestic_avian|D1.1
913,16,0.0432224846692293,-90.2589771265885,40.0993390526105,-88.512984860418,39.8187750209875,0.736017538198683,0.692795053529454,2025.28280491259,2025.32602739726,SRR33564627|A/Guineafowl/IL/25-014146-002-original/2025|H5N1|USA-IL|Unknown|2025-04-30|domestic_avian|D1.1
1268,398,0.501689672805218,-100.520781814773,44.3685892899652,-97.7115451435968,49.2771687237864,0.73875726422604,0.237067591420822,2024.82707745048,2025.32876712329,EPI_ISL_20208450|A/Striped_Skunk/MB/FAV-0164-2/2025|H5N1|Canada-MB|Unknown|2025-05-01|other_mammal|D1.1
1337,404,0.13378182760572,-98.3770058521979,47.5852453936954,-97.0889849715615,47.3204351263729,0.73875726422604,0.60497543662032,2025.19498529568,2025.32876712329,SRR33682396|A/goose/ND/25-014293-001-original-repeat/2025|H5N1|USA-ND|Unknown|2025-05-01|domestic_avian|D1.1
1265,412,0.0486341226156902,-115.06507295366,45.1027838240471,-113.825215930263,45.7370734398365,0.741496990253398,0.692862867637707,2025.2828727267,2025.33150684932,SRR33830328|A/Great_Horned_Owl/MT/25-015870-001-original/2025|H5N1|USA-MT|Unknown|2025-05-02|wild_avian|D1.1
891,892,0.247821262267241,-76.2358520861413,39.01805064555,-78.8094628285403,39.2745874731466,0.745924410807667,0.498103148540426,2025.0881130076,2025.33593426987,NA
858,90,0.520847149943408,-71.2845052961095,41.9812690376659,-71.3096540632442,42.0303684396353,0.749716168335697,0.228869018392289,2024.81887887745,2025.3397260274,SRR33764587|A/Fox/MA/25-015209-001-original/2025|H5N1|USA-MA|Unknown|2025-05-05|other_mammal|D1.1
1165,409,0.45104817970949,-102.626845818636,42.9309667048124,-100.769557064871,45.3544443103774,0.752455894363055,0.301407714653564,2024.89141757372,2025.34246575342,SRR33764588|A/cat/SD/25-015467-001-original/2025|H5N1|USA-SD|Unknown|2025-05-06|feline|D1.1
892,62,0.00653148355538713,-78.8094628285403,39.2745874731466,-78.9678532312878,39.7120411292126,0.752455894363055,0.745924410807667,2025.33593426987,2025.34246575342,SRR33764507|A/chicken/MD/25-014921-001-original/2025|H5N1|USA-MD|Unknown|2025-05-06|domestic_avian|D1.1
810,266,0.457442372864133,-100.32510806396,42.5657689093719,-93.6308706235448,42.4948946422296,0.755195620390412,0.297753247526279,2024.88776310659,2025.34520547945,SRR33764581|A/Turkey_Vulture/IA/25-014877-002-original/2025|H5N1|USA-IA|Unknown|2025-05-07|wild_avian|D1.1
694,235,0.40917053339845,-97.1845060049807,41.78321543403,-90.5339595571859,41.6738834717836,0.755195620390412,0.346025086991962,2024.93603494605,2025.34520547945,SRR33764582|A/Turkey_Vulture/IA/25-014877-001-original/2025|H5N1|USA-IA|Unknown|2025-05-07|wild_avian|D1.1
865,867,0.0670437136143054,-70.7081651986808,44.0832111515528,-70.2572094952358,42.5512896885292,0.758138421217408,0.691094707603103,2025.28110456666,2025.34814828028,NA
911,12,0.115759778220997,-75.842201752516,40.819573123732,-75.0363265880424,39.6993626971589,0.760675072445127,0.64491529422413,2025.23492515329,2025.35068493151,SRR33682397|A/Duck/NJ/25-015044-006-original/2025|H5N1|USA-NJ|Unknown|2025-05-09|domestic_avian|D1.1
1133,602,0.113181546440607,-114.793552176999,46.9020952344145,-113.705131612463,49.7626380880105,0.760675072445127,0.64749352600452,2025.23750338507,2025.35068493151,EPI_ISL_20208404|A/Chicken/AB/FAV-0161-1/2025|H5N1|Canada-AB|Unknown|2025-05-09|domestic_avian|D1.1
1167,1168,0.415191495459676,-105.360768111271,45.4698739121602,-108.935510148858,45.8785809287794,0.763357093107689,0.348165597648013,2024.93817545671,2025.35336695217,NA
1332,399,0.486852649007874,-100.73939861287,45.7947221915368,-100.416337262768,49.3577678522439,0.763414798472712,0.276562149464837,2024.86657200853,2025.35342465753,EPI_ISL_20208451|A/Striped_Skunk/MB/FAV-0174-1/2025|H5N1|Canada-MB|Unknown|2025-05-10|other_mammal|D1.1
1038,533,0.261981435648619,-81.0723785570049,31.3526258140217,-82.2261822669547,31.2639376949427,0.763414798472712,0.501433362824092,2025.09144322189,2025.35342465753,SRR33943918|A/Muscovy_Duck/GA/25-016493-001-original/2025|H5N1|USA-GA|Unknown|2025-05-10|wild_avian|D1.1
867,868,0.013000802169996,-70.2572094952358,42.5512896885292,-70.5482783560413,42.1242741871244,0.771139223387404,0.758138421217408,2025.34814828028,2025.36114908245,NA
1084,1087,0.125218573245056,-78.0165752680308,34.6525354100545,-80.5797461196798,34.3419313239789,0.772145834540605,0.646927261295549,2025.23693712036,2025.3621556936,NA
1098,306,0.0929282564267642,-75.7400067426541,40.0879476701779,-75.7154304872922,41.5053782847624,0.777113428609499,0.684185172182734,2025.27419503124,2025.36712328767,SRR33993064|A/Black_Vulture/PA/25-017251-001-original/2025|H5N1|USA-PA|Unknown|2025-05-15|wild_avian|D1.1
863,87,0.132439880899617,-71.869822021919,42.8439617474686,-72.9156214615686,42.4861235427969,0.779853154637083,0.647413273737467,2025.2374231328,2025.3698630137,SRR34710290|A/Great_Black-Backed_Gull/MA/25-019390-021-original/2025|H5N1|USA-MA|Unknown|2025-05-16|wild_avian|D1.1
1134,600,0.127424781746519,-114.09731269197,50.4118486528509,-115.653060223625,50.4616150903238,0.779853154637083,0.652428372890565,2025.24243823195,2025.3698630137,EPI_ISL_20212940|A/Bald_Eagle/BC/AIVPHL-3618/2025|H5N1|Canada-BC|Unknown|2025-05-16|wild_avian|D1.1
805,806,0.532492356866014,-100.083894490785,39.9024152967392,-89.7611644436963,33.5533070043014,0.78899306809821,0.256500711232197,2024.84651057029,2025.37900292716,NA
755,757,0.560763104213667,-90.0317952988223,39.0784354838829,-76.9549067248728,44.2673234897264,0.789257060678108,0.228493956464441,2024.81850381553,2025.37926691974,NA
732,733,0.554372282154196,-90.5856685593225,39.3552653390976,-91.4308407264773,19.4395304747652,0.790406431346718,0.236034149192522,2024.82604400825,2025.38041629041,NA
1085,299,0.125373908455909,-78.9531494408739,35.4697576423424,-81.076726717958,34.7815127004892,0.790812058746513,0.665438150290604,2025.25544800935,2025.38082191781,SRR33943915|A/black_vulture/SC/25-016638-003/2025|H5N1|USA-SC|Chester|2025-05-20|wild_avian|D1.1
1087,293,0.0186662242059078,-80.5797461196798,34.3419313239789,-81.082447598393,34.8153092835124,0.790812058746513,0.772145834540605,2025.3621556936,2025.38082191781,SRR33943914|A/black_vulture/SC/25-016638-004/2025|H5N1|USA-SC|Chester|2025-05-20|wild_avian|D1.1
757,758,0.00200384589033775,-76.9549067248728,44.2673234897264,-79.4460554030932,44.1400360810743,0.791260906568446,0.789257060678108,2025.37926691974,2025.38127076563,NA
1039,1040,0.108093391173886,-85.4685683441626,34.6602215501869,-84.7582423652649,32.7297650495367,0.794062917165857,0.685969525991971,2025.27597938505,2025.38407277623,NA
757,759,0.00619654172094131,-76.9549067248728,44.2673234897264,-77.026495960014,44.1668298066582,0.795453602399049,0.789257060678108,2025.37926691974,2025.38546346146,NA
1129,582,0.105012937930523,-112.459993595685,32.853985747485,-113.48972921352,34.5603468264051,0.796291510801455,0.691278572870932,2025.28128843193,2025.38630136986,SRR33830342|A/chicken/AZ/25-016339-007-original/2025|H5N1|USA-AZ|Unknown|2025-05-22|domestic_avian|D1.1
758,204,0.00503060423300916,-79.4460554030932,44.1400360810743,-79.5601467683198,44.1143288237695,0.796291510801455,0.791260906568446,2025.38127076563,2025.38630136986,EPI_ISL_20208403|A/Caspian_Tern/ON/FAV-0181-4/2025|H5N1|Canada-ON|Unknown|2025-05-22|wild_avian|D1.1
1168,1169,0.0336349052113641,-108.935510148858,45.8785809287794,-106.52830059417,42.3453085223184,0.796991998319053,0.763357093107689,2025.35336695217,2025.38700185738,NA
1277,1278,0.138048158082689,-100.951976741016,47.6020552997583,-100.329775472127,46.1457972366489,0.798386322581133,0.660338164498444,2025.25034802356,2025.38839618164,NA
1169,1172,0.00184889979154701,-106.52830059417,42.3453085223184,-106.191186230385,42.5501797447465,0.7988408981106,0.796991998319053,2025.38700185738,2025.38885075717,NA
1003,651,0.109346858700527,-82.2289516212812,36.2720334546227,-79.2877821593471,36.6077189851126,0.799031236828812,0.689684378128285,2025.27969423719,2025.38904109589,SRR34710267|A/Black_Vulture/VA/25-019364-001-original/2025|H5N1|USA-VA|Unknown|2025-05-23|wild_avian|D1.1
759,760,0.00458063238639939,-77.026495960014,44.1668298066582,-75.8110855931212,44.2286528751983,0.800034234785449,0.795453602399049,2025.38546346146,2025.39004409385,NA
1172,1183,0.00153625702865212,-106.191186230385,42.5501797447465,-105.662697388819,42.3124362174492,0.800377155139252,0.7988408981106,2025.38885075717,2025.3903870142,NA
1172,1173,0.00235661029219059,-106.191186230385,42.5501797447465,-106.65192638226,42.5953736076666,0.801197508402791,0.7988408981106,2025.38885075717,2025.39120736746,NA
760,761,0.00327904894232789,-75.8110855931212,44.2286528751983,-74.8284235688032,43.6719439321636,0.803313283727777,0.800034234785449,2025.39004409385,2025.39332314279,NA
720,169,0.501823583992627,-83.0303585484079,41.1241762398473,-76.1811283719059,44.0176320410911,0.809990140938469,0.308166556945842,2024.89817641601,2025.4,SRR33993059|A/Turkey_Vulture/NY/25-016857-001-original/2025|H5N1|USA-NY|Unknown|2025-05-27|wild_avian|D1.1
1339,518,0.641211890097457,-115.243617453228,43.3899765156013,-105.75420130762,38.9501986189191,0.815469592993184,0.174257702895727,2024.76426756196,2025.40547945205,SRR33993061|A/Red_Fox/CO/25-017245-001-original/2025|H5N1|USA-CO|Unknown|2025-05-29|other_mammal|D1.1
926,33,0.429058575243496,-81.2295706564593,43.8173829285391,-85.2194395816462,44.0138143902138,0.815469592993184,0.386411017749688,2024.97642087681,2025.40547945205,SRR33993066|A/bald_eagle/MI/25-017061-001/2025|H5N1|USA-MI|Osceola|2025-05-29|wild_avian|D1.1
726,176,0.20502976817822,-89.4594112751221,46.9821751648526,-86.4347778488371,44.0797238895349,0.815469592993184,0.610439824814964,2025.20044968388,2025.40547945205,SRR33993065|A/bald_eagle/MI/25-017061-002/2025|H5N1|USA-MI|Mason|2025-05-29|wild_avian|D1.1
1100,1101,0.12982138517489,-76.8239410233571,40.9963748430508,-75.2592517728283,40.4335820634689,0.818727669455166,0.688906284280277,2025.27891614334,2025.40873752852,NA
1265,411,0.128086177410191,-115.06507295366,45.1027838240471,-148.747255171643,66.9529969901765,0.820949045047899,0.692862867637707,2025.2828727267,2025.41095890411,SRR34542596|A/bald_eagle/AK/25-017393-001/2025|H5N1|USA-AK|Yukon-Koyukuk|2025-05-31|wild_avian|D1.1
867,85,0.0682900758854328,-70.2572094952358,42.5512896885292,-70.9506540571895,41.6440152652715,0.826428497102841,0.758138421217408,2025.34814828028,2025.41643835616,SRR34710258|A/Common_Eider/MA/25-019390-025-original/2025|H5N1|USA-MA|Unknown|2025-06-02|wild_avian|D1.1
1000,1001,0.24341779094105,-92.2914003443764,37.7715840689155,-78.3687237779345,37.014028600552,0.828091148914838,0.584673357973789,2025.17468321704,2025.41810100798,NA
1097,308,0.16367864280157,-76.3886923854051,40.1531214721318,-75.7938614834757,40.6231430744629,0.829168223130198,0.665489580328628,2025.25549943939,2025.41917808219,SRR34270259|A/black_vulture/PA/25-017748-001/2025|H5N1|USA-PA|Lehigh|2025-06-03|wild_avian|D1.1
1099,305,0.131226703593048,-76.6115548010455,40.3154398080735,-75.3880188977562,40.5293435878875,0.829168223130198,0.697941519537151,2025.2879513786,2025.41917808219,SRR34270258|A/black_vulture/PA/25-017748-002/2025|H5N1|USA-PA|Lehigh|2025-06-03|wild_avian|D1.1
726,177,0.22420785036995,-89.4594112751221,46.9821751648526,-87.2206167430683,45.0154626990855,0.834647675184913,0.610439824814964,2025.20044968388,2025.42465753425,SRR34425901|A/caspian_tern/WI/25-018001-001/2025|H5N1|USA-WI|Door|2025-06-05|wild_avian|D1.1
1130,583,0.110432329817262,-111.114585239501,32.9548242241639,-110.279604952543,32.8162153441021,0.834647675184913,0.724215345367651,2025.31422520443,2025.42465753425,SRR34270136|A/chicken/AZ/25-017630-002-original/2025|H5N1|USA-AZ|Unknown|2025-06-05|domestic_avian|D1.1
1042,532,0.486195165572149,-79.4811609165508,33.9945897341647,-78.8897840652754,36.212868211171,0.837387401212271,0.351192235640121,2024.9412020947,2025.42739726027,SRR34270261|A/turkey_vulture/NC/25-017667-001/2025|H5N1|USA-NC|Durham|2025-06-06|wild_avian|D1.1
1183,1184,0.0375072338126324,-105.662697388819,42.3124362174492,-102.630088978447,40.9513921955512,0.837884388951885,0.800377155139252,2025.3903870142,2025.42789424801,NA
1278,1279,0.0503030156823617,-100.329775472127,46.1457972366489,-100.697944415079,46.1580374513452,0.848689338263495,0.798386322581133,2025.38839618164,2025.43869919733,NA
913,15,0.158290977819831,-90.2589771265885,40.0993390526105,-88.1648205515535,41.8289994093765,0.851086031349285,0.692795053529454,2025.28280491259,2025.44109589041,SRR34425894|A/Peregrine_falcon/IL/25-018249-001/2025|H5N1|USA-IL|DuPage|2025-06-11|wild_avian|D1.1
1169,1170,0.0551008076493779,-106.52830059417,42.3453085223184,-89.9005381853731,44.2897004779612,0.852092805968431,0.796991998319053,2025.38700185738,2025.44210266503,NA
1085,1086,0.190367273428749,-78.9531494408739,35.4697576423424,-82.0575202656224,34.3990415801211,0.855805423719352,0.665438150290604,2025.25544800935,2025.44581528278,NA
1184,1185,0.0194397240357531,-102.630088978447,40.9513921955512,-99.4357905371387,39.3342027007425,0.857324112987638,0.837884388951885,2025.42789424801,2025.44733397205,NA
1185,1197,0.00194325718066424,-99.4357905371387,39.3342027007425,-99.9770577301939,39.0424046376315,0.859267370168302,0.857324112987638,2025.44733397205,2025.44927722923,NA
1279,1280,0.0175074486767582,-100.697944415079,46.1580374513452,-97.5730169937173,39.3687081661716,0.866196786940253,0.848689338263495,2025.43869919733,2025.456206646,NA
865,866,0.180148630440886,-70.7081651986808,44.0832111515528,-71.1248622518645,43.1467076174435,0.871243338043989,0.691094707603103,2025.28110456666,2025.46125319711,NA
760,203,0.0839285088925796,-75.8110855931212,44.2286528751983,-74.8700319740847,44.0454484460244,0.883962743678028,0.800034234785449,2025.39004409385,2025.47397260274,SRR34542593|A/Caspian_Tern/NY/25-019019-002-original/2025|H5N1|USA-NY|Unknown|2025-06-23|wild_avian|D1.1
1279,1305,0.0404651204343592,-100.697944415079,46.1580374513452,-100.504075569948,45.8627138739558,0.889154458697854,0.848689338263495,2025.43869919733,2025.47916431776,NA
910,11,0.283483272148967,-84.6150240857665,40.1415590185224,-74.8684701858045,39.9809044616258,0.889442195732971,0.605958923584004,2025.19596878265,2025.47945205479,SRR34542590|A/Domestic_Cat/NJ/25-019482-001-original/2025|H5N1|USA-NJ|Unknown|2025-06-25|feline|D1.1
866,82,0.0209385837163394,-71.1248622518645,43.1467076174435,-71.624006231337,42.9582987041577,0.892181921760328,0.871243338043989,2025.46125319711,2025.48219178082,SRR34980327|A/Herring_Gull/NH/25-021405-002-original/2025|H5N1|USA-NH|Unknown|2025-06-26|wild_avian|D1.1
1168,1258,0.129225444624237,-108.935510148858,45.8785809287794,-112.935156100477,45.0010297796856,0.892582537731926,0.763357093107689,2025.35336695217,2025.48259239679,NA
1087,1088,0.120552927993717,-80.5797461196798,34.3419313239789,-78.8840855415453,35.8676262271932,0.892698762534322,0.772145834540605,2025.3621556936,2025.4827086216,NA
1184,1213,0.055796052456543,-102.630088978447,40.9513921955512,-101.771255383917,36.5733801943623,0.893680441408428,0.837884388951885,2025.42789424801,2025.48369030047,NA
1101,1104,0.0783140531343232,-75.2592517728283,40.4335820634689,-76.8306951731575,41.1632463118898,0.89704172258949,0.818727669455166,2025.40873752852,2025.48705158165,NA
743,744,0.279443646862251,-83.7755904340512,38.3291340317495,-82.3913131042311,39.7803147161257,0.897345816701915,0.617902169839664,2025.2079120289,2025.48735567576,NA
1258,1264,0.00544905547071661,-112.935156100477,45.0010297796856,-114.948990680709,45.7396273946176,0.898031593202643,0.892582537731926,2025.48259239679,2025.48804145226,NA
866,81,0.0291577617984116,-71.1248622518645,43.1467076174435,-70.1897923988,43.9729534662644,0.9004010998424,0.871243338043989,2025.46125319711,2025.4904109589,SRR34980362|A/Common_Eider/ME/25-021406-018-original/2025|H5N1|USA-ME|Unknown|2025-06-29|wild_avian|D1.1
1183,1217,0.101632734358438,-105.662697388819,42.3124362174492,-111.930644790889,43.8974994792891,0.90200988949769,0.800377155139252,2025.3903870142,2025.49201974856,NA
1170,1171,0.0509113213021761,-89.9005381853731,44.2897004779612,-83.0490055382899,40.6707037262942,0.903004127270607,0.852092805968431,2025.44210266503,2025.49301398633,NA
1258,1259,0.0118086212939119,-112.935156100477,45.0010297796856,-112.416429254544,45.1625933839257,0.904391159025838,0.892582537731926,2025.48259239679,2025.49440101809,NA
1100,309,0.216974267617066,-76.8239410233571,40.9963748430508,-76.0012030393504,39.8179020977164,0.905880551897342,0.688906284280277,2025.27891614334,2025.49589041096,SRR34542496|A/Mallard_Duck/PA/25-019408-006-original/2025|H5N1|USA-PA|Unknown|2025-07-01|wild_avian|D1.1
1217,1218,0.00503787032812797,-111.930644790889,43.8974994792891,-110.980466636159,42.9443365891488,0.907047759825818,0.90200988949769,2025.49201974856,2025.49705761889,NA
759,191,0.11316667552565,-77.026495960014,44.1668298066582,-75.6317841640723,44.2964311082147,0.9086202779247,0.795453602399049,2025.38546346146,2025.49863013699,SRR34784273|A/caspian_tern/NY/25-019811-001/2025|H5N1|USA-NY|Jefferson|2025-07-02|wild_avian|D1.1
761,192,0.105306994196923,-74.8284235688032,43.6719439321636,-75.8414317371698,43.9933039825303,0.9086202779247,0.803313283727777,2025.39332314279,2025.49863013699,SRR34784272|A/caspian_tern/NY/25-019811-002/2025|H5N1|USA-NY|Jefferson|2025-07-02|wild_avian|D1.1
761,762,0.10569554056203,-74.8284235688032,43.6719439321636,-75.2434922013673,43.5835039645124,0.909008824289806,0.803313283727777,2025.39332314279,2025.49901868335,NA
1197,1198,0.0498096839168127,-99.9770577301939,39.0424046376315,-100.184397496866,39.9716212663784,0.909077054085115,0.859267370168302,2025.44927722923,2025.49908691315,NA
762,764,0.000358971474322622,-75.2434922013673,43.5835039645124,-75.1702967830797,43.5604641174201,0.909367795764129,0.909008824289806,2025.49901868335,2025.49937765483,NA
1305,1306,0.0219234788412381,-100.504075569948,45.8627138739558,-98.975206334276,44.6743018601041,0.911077937539092,0.889154458697854,2025.47916431776,2025.5010877966,NA
868,83,0.140220780564653,-70.5482783560413,42.1242741871244,-68.1364085869272,45.421563623262,0.911360003952057,0.771139223387404,2025.36114908245,2025.50136986301,SRR34980293|A/Common_Eider/ME/25-021406-010-original/2025|H5N1|USA-ME|Unknown|2025-07-03|wild_avian|D1.1
1218,1232,0.00656620578216049,-110.980466636159,42.9443365891488,-113.013108156605,42.5274822586216,0.913613965607978,0.907047759825818,2025.49705761889,2025.50362382467,NA
868,84,0.14296050659201,-70.5482783560413,42.1242741871244,-71.1878360951565,42.5834317057388,0.914099729979414,0.771139223387404,2025.36114908245,2025.50410958904,SRR35089324|A/Great_black-backed_gull/MA/25-021407-023-original/2025|H5N1|USA-MA|Unknown|2025-07-04|wild_avian|D1.1
1280,1281,0.0481979654438882,-97.5730169937173,39.3687081661716,-97.8268387780389,39.3848968114094,0.914394752384141,0.866196786940253,2025.456206646,2025.50440461145,NA
744,745,0.0175417579108027,-82.3913131042311,39.7803147161257,-82.1748708452717,39.6132554954886,0.914887574612717,0.897345816701915,2025.48735567576,2025.50489743367,NA
1281,1299,0.000896967192378306,-97.8268387780389,39.3848968114094,-98.0392781858666,39.0887732684988,0.91529171957652,0.914394752384141,2025.50440461145,2025.50530157864,NA
1259,1260,0.0113142288796787,-112.416429254544,45.1625933839257,-112.471921346646,44.9714998440907,0.915705387905517,0.904391159025838,2025.49440101809,2025.50571524697,NA
1281,1282,0.00166126687353363,-97.8268387780389,39.3848968114094,-98.1526457156243,39.1407438428865,0.916056019257675,0.914394752384141,2025.50440461145,2025.50606587832,NA
1259,1261,0.011967078585056,-112.416429254544,45.1625933839257,-110.29820826931,44.4870501950029,0.916358237610894,0.904391159025838,2025.49440101809,2025.50636809667,NA
1299,1300,0.0018772821682308,-98.0392781858666,39.0887732684988,-98.6636784028052,38.6458935352997,0.91716900174475,0.91529171957652,2025.50530157864,2025.50717886081,NA
1306,1307,0.00698949000440807,-98.975206334276,44.6743018601041,-101.910065373411,43.5651178683226,0.9180674275435,0.911077937539092,2025.5010877966,2025.50807728661,NA
1282,1283,0.00229502655696989,-98.1526457156243,39.1407438428865,-98.1113784492024,39.1322725874245,0.918351045814645,0.916056019257675,2025.50606587832,2025.50836090488,NA
1300,1303,0.00305755300362509,-98.6636784028052,38.6458935352997,-96.2538422254676,37.2684132113485,0.920226554748376,0.91716900174475,2025.50717886081,2025.51023641381,NA
1232,1233,0.00689529140305623,-113.013108156605,42.5274822586216,-113.672374717174,43.3115343033444,0.920509257011035,0.913613965607978,2025.50362382467,2025.51051911607,NA
1185,1186,0.0637736516180846,-99.4357905371387,39.3342027007425,-102.559645666534,37.895129470681,0.921097764605723,0.857324112987638,2025.44733397205,2025.51110762367,NA
1101,1102,0.103645165602928,-75.2592517728283,40.4335820634689,-76.3723246252306,39.5805667580183,0.922372835058094,0.818727669455166,2025.40873752852,2025.51238269412,NA
1198,1201,0.013814516219492,-100.184397496866,39.9716212663784,-104.520137681736,40.0515689528201,0.922891570304607,0.909077054085115,2025.49908691315,2025.51290142937,NA
1198,1199,0.014413655637578,-100.184397496866,39.9716212663784,-98.8842479603485,39.8628010300594,0.923490709722693,0.909077054085115,2025.49908691315,2025.51350056878,NA
1088,1089,0.0316678654837584,-78.8840855415453,35.8676262271932,-77.9634748396527,35.9250846482845,0.924366628018081,0.892698762534322,2025.4827086216,2025.51437648708,NA
1199,1200,0.0012081921329774,-98.8842479603485,39.8628010300594,-98.8647343170206,39.7494502394549,0.92469890185567,0.923490709722693,2025.51350056878,2025.51470876092,NA
1306,1319,0.0136858692352122,-98.975206334276,44.6743018601041,-98.8202426101712,44.484788641908,0.924763806774304,0.911077937539092,2025.5010877966,2025.51477366584,NA
1307,1308,0.00713527152925564,-101.910065373411,43.5651178683226,-99.4264983243536,43.9991816026841,0.925202699072756,0.9180674275435,2025.50807728661,2025.51521255813,NA
1307,1309,0.00730721717104443,-101.910065373411,43.5651178683226,-100.700467035695,43.9772941920111,0.925374644714545,0.9180674275435,2025.50807728661,2025.51538450378,NA
1283,1284,0.0071791750628124,-98.1113784492024,39.1322725874245,-98.8466663819634,40.4088571329383,0.925530220877457,0.918351045814645,2025.50836090488,2025.51554007994,NA
1201,1202,0.00345761509753251,-104.520137681736,40.0515689528201,-104.155517127703,40.0323802924354,0.92634918540214,0.922891570304607,2025.51290142937,2025.51635904446,NA
1186,1190,0.00564933614424801,-102.559645666534,37.895129470681,-102.656959876263,38.2011042924339,0.926747100749971,0.921097764605723,2025.51110762367,2025.51675695981,NA
764,765,0.0176019258017008,-75.1702967830797,43.5604641174201,-75.0938947319307,43.6680274217582,0.92696972156583,0.909367795764129,2025.49937765483,2025.51697958063,NA
762,763,0.0186753220654645,-75.2434922013673,43.5835039645124,-75.2310938906173,43.679249212613,0.927684146355271,0.909008824289806,2025.49901868335,2025.51769400542,NA
864,86,0.275826720953257,-71.8112200052831,43.0787735811447,-71.8984805920598,43.1585360640074,0.927798360116429,0.651971639163172,2025.24198149822,2025.51780821918,SRR34980314|A/Common_Eider/NH/25-021405-003-original/2025|H5N1|USA-NH|Unknown|2025-07-09|wild_avian|D1.1
1171,423,0.0247942328458214,-83.0490055382899,40.6707037262942,-84.0717708478541,40.5275408952148,0.927798360116429,0.903004127270607,2025.49301398633,2025.51780821918,SRR36209098|A/Blue-winged_Teal/OH/25G02925-001-original/2025|H5N1|USA-OH|Unknown|2025-07-09|wild_avian|D1.1
1217,1251,0.0268179688915545,-111.930644790889,43.8974994792891,-113.991551950875,45.7199003711446,0.928827858389245,0.90200988949769,2025.49201974856,2025.51883771745,NA
1218,1219,0.0218827518202012,-110.980466636159,42.9443365891488,-101.433977794151,39.6619335562675,0.928930511646019,0.907047759825818,2025.49705761889,2025.51894037071,NA
1233,1234,0.0085640984718528,-113.672374717174,43.3115343033444,-113.651239866989,43.6839955574778,0.929073355482887,0.920509257011035,2025.51051911607,2025.51908321454,NA
764,766,0.0198274186498888,-75.1702967830797,43.5604641174201,-74.4303729920047,44.8708790489105,0.929195214414018,0.909367795764129,2025.49937765483,2025.51920507348,NA
752,215,0.706460540252209,-89.2926882199607,38.039589990125,-101.640067740967,48.2821258791796,0.930538086143786,0.224077545891577,2024.81408740495,2025.52054794521,SRR35151399|A/snow_goose/ND/25-020340-001/2025|H5N1|USA-ND|Ward|2025-07-10|wild_avian|D1.1
1190,1191,0.00729728102129323,-102.656959876263,38.2011042924339,-105.999088429536,40.3568834233904,0.934044381771264,0.926747100749971,2025.51675695981,2025.52405424083,NA
862,80,0.277118719961003,-71.7169390404361,42.4192981129992,-71.0393371077017,43.0082922853228,0.936017538198728,0.658898818237725,2025.2489086773,2025.52602739726,SRR34980303|A/Common_Eider/NH/25-021405-004-original/2025|H5N1|USA-NH|Unknown|2025-07-12|wild_avian|D1.1
1234,1240,0.00964743449620664,-113.651239866989,43.6839955574778,-112.814507349041,43.6225975900219,0.938720789979094,0.929073355482887,2025.51908321454,2025.52873064904,NA
887,56,0.280172053213807,-74.8775245731322,43.2131268128296,-73.3140460358236,42.250742615541,0.938757264226086,0.658585211012279,2025.24859507007,2025.52876712329,SRR35089323|A/Great_black-backed_gull/MA/25-021407-024-original/2025|H5N1|USA-MA|Unknown|2025-07-13|wild_avian|D1.1
1201,1206,0.0177008065899282,-104.520137681736,40.0515689528201,-104.001984097599,39.4787010894374,0.940592376894535,0.922891570304607,2025.51290142937,2025.53060223596,NA
892,63,0.20105203150049,-78.8094628285403,39.2745874731466,-70.2924893496301,44.9673843853173,0.946976442308158,0.745924410807667,2025.33593426987,2025.53698630137,SRR35151393|A/Common_Tern/ME/25-021406-008-original-repeat2/2025|H5N1|USA-ME|Unknown|2025-07-16|wild_avian|D1.1
1282,1297,0.0312516576846107,-98.1526457156243,39.1407438428865,-98.2223055533672,38.325020957668,0.947307676942286,0.916056019257675,2025.50606587832,2025.537317536,NA
1309,1310,0.0251973061923628,-100.700467035695,43.9772941920111,-98.9748163421271,43.1587535731167,0.950571950906908,0.925374644714545,2025.51538450378,2025.54058180997,NA
1284,1286,0.0269914281251092,-98.8466663819634,40.4088571329383,-95.0530660189045,41.5947957647434,0.952521649002567,0.925530220877457,2025.51554007994,2025.54253150806,NA
744,747,0.0557572137629382,-82.3913131042311,39.7803147161257,-87.6578061524745,40.0222913385663,0.953103030464853,0.897345816701915,2025.48735567576,2025.54311288953,NA
1240,1241,0.015873664431074,-112.814507349041,43.6225975900219,-114.679814588818,43.4160899965847,0.954594454410168,0.938720789979094,2025.52873064904,2025.54460431347,NA
1234,1235,0.0294292312467446,-113.651239866989,43.6839955574778,-114.249735427057,45.0662921530676,0.958502586729632,0.929073355482887,2025.51908321454,2025.54851244579,NA
1310,1311,0.00819124714475727,-98.9748163421271,43.1587535731167,-98.9457694536885,43.1439831575017,0.958763198051665,0.950571950906908,2025.54058180997,2025.54877305711,NA
1104,1105,0.0624281407975957,-76.8306951731575,41.1632463118898,-76.6374127584375,40.7421143661915,0.959469863387085,0.89704172258949,2025.48705158165,2025.54947972245,NA
1130,584,0.239199453104879,-111.114585239501,32.9548242241639,-110.553618320991,32.602533190607,0.96341479847253,0.724215345367651,2025.31422520443,2025.55342465753,SRR35150577|A/cattle/AZ/25-021143-001-original-repeat2/2025|H5N1|USA-AZ|Unknown|2025-07-22|cattle|D1.1
1191,1192,0.0306397603899442,-105.999088429536,40.3568834233904,-106.849015670044,40.1442049849404,0.964684142161208,0.934044381771264,2025.52405424083,2025.55469400122,NA
1219,1220,0.0389376825130483,-101.433977794151,39.6619335562675,-102.986392275022,41.5854807053097,0.967868194159067,0.928930511646019,2025.51894037071,2025.55787805322,NA
1319,1320,0.0493683898637892,-98.8202426101712,44.484788641908,-91.8331637881,44.2675105394729,0.974132196638094,0.924763806774304,2025.51477366584,2025.5641420557,NA
1219,1221,0.0502686609718952,-101.433977794151,39.6619335562675,-101.862991100975,39.9614117746737,0.979199172617914,0.928930511646019,2025.51894037071,2025.56920903168,NA
1251,1252,0.0603029604551661,-113.991551950875,45.7199003711446,-111.914645945364,44.3077897587901,0.989130818844411,0.928827858389245,2025.51883771745,2025.57914067791,NA
1300,1301,0.0739376119177428,-98.6636784028052,38.6458935352997,-98.9221791353545,38.4782886546692,0.991106613662493,0.91716900174475,2025.50717886081,2025.58111647272,NA
1221,1222,0.0119786148176644,-101.862991100975,39.9614117746737,-101.602140526798,39.7515898503887,0.991177787435579,0.979199172617914,2025.56920903168,2025.5811876465,NA
1320,1322,0.017204961425627,-91.8331637881,44.2675105394729,-85.1766052086715,41.9396804489451,0.991337158063721,0.974132196638094,2025.5641420557,2025.58134701713,NA
1322,1324,9.75155447324738e-05,-85.1766052086715,41.9396804489451,-85.1516312064596,41.9129475699822,0.991434673608453,0.991337158063721,2025.58134701713,2025.58144453267,NA
1105,1106,0.0324272131443386,-76.6374127584375,40.7421143661915,-74.7821574272804,40.5939844955724,0.991897076531424,0.959469863387085,2025.54947972245,2025.58190693559,NA
1311,1312,0.0336855859258129,-98.9457694536885,43.1439831575017,-98.2132759724762,43.1165679584428,0.992448783977478,0.958763198051665,2025.54877305711,2025.58245864304,NA
1003,1004,0.302938086409062,-82.2289516212812,36.2720334546227,-82.8371629859698,36.4161578893602,0.992622464537347,0.689684378128285,2025.27969423719,2025.5826323236,NA
1197,1209,0.133441555028484,-99.9770577301939,39.0424046376315,-102.085332310471,38.6749195287323,0.992708925196786,0.859267370168302,2025.44927722923,2025.58271878426,NA
1173,1174,0.191861368437143,-106.65192638226,42.5953736076666,-108.950591714846,42.9913054402526,0.993058876839934,0.801197508402791,2025.39120736746,2025.5830687359,NA
1233,1249,0.0741423548771336,-113.672374717174,43.3115343033444,-115.20520401774,46.7462543538119,0.994651611888168,0.920509257011035,2025.51051911607,2025.58466147095,NA
1221,1223,0.0156063900753526,-101.862991100975,39.9614117746737,-99.2887126551552,38.3822452003881,0.994805562693267,0.979199172617914,2025.56920903168,2025.58481542175,NA
1173,1179,0.193857644741933,-106.65192638226,42.5953736076666,-94.2146062474755,39.4706741441396,0.995055153144723,0.801197508402791,2025.39120736746,2025.58506501221,NA
1202,1204,0.0697685993011781,-104.155517127703,40.0323802924354,-108.677536578406,42.9870662794637,0.996117784703318,0.92634918540214,2025.51635904446,2025.58612764376,NA
1206,1207,0.0556850720365707,-104.001984097599,39.4787010894374,-108.271172376797,39.7990512646358,0.996277448931106,0.940592376894535,2025.53060223596,2025.58628730799,NA
1235,1236,0.0381099482677215,-114.249735427057,45.0662921530676,-111.384718067626,44.7384765210108,0.996612534997354,0.958502586729632,2025.54851244579,2025.58662239406,NA
1252,1257,0.00880196942727396,-111.914645945364,44.3077897587901,-111.741685368851,44.6087408677772,0.997932788271685,0.989130818844411,2025.57914067791,2025.58794264733,NA
1286,1287,0.0460459472094421,-95.0530660189045,41.5947957647434,-93.2516492523477,44.7514043458253,0.998567596212009,0.952521649002567,2025.54253150806,2025.58857745527,NA
1186,1187,0.0776562492577844,-102.559645666534,37.895129470681,-100.209624789486,38.3130020160161,0.998754013863507,0.921097764605723,2025.51110762367,2025.58876387293,NA
1322,1323,0.00809146852765819,-85.1766052086715,41.9396804489451,-84.6293243340634,41.8039371318487,0.999428626591379,0.991337158063721,2025.58134701713,2025.58943848565,NA
1287,1291,0.000891059424703133,-93.2516492523477,44.7514043458253,-93.1325685645645,44.5628160967235,0.999458655636712,0.998567596212009,2025.58857745527,2025.5894685147,NA
1312,1314,0.00738834873034966,-98.2132759724762,43.1165679584428,-97.8172694681025,42.7684383517733,0.999837132707827,0.992448783977478,2025.58245864304,2025.58984699177,NA
1232,1250,0.086696061888037,-113.013108156605,42.5274822586216,-114.080703851542,42.8532026225612,1.00031002749602,0.913613965607978,2025.50362382467,2025.59031988656,NA
1209,1210,0.00761509839977281,-102.085332310471,38.6749195287323,-99.4602571466522,37.8951979798345,1.00032402359656,0.992708925196786,2025.58271878426,2025.59033388266,NA
1287,1288,0.00182022398352744,-93.2516492523477,44.7514043458253,-93.3716044161381,44.778442575028,1.00038782019554,0.998567596212009,2025.58857745527,2025.59039767926,NA
1291,1292,0.00110766636491433,-93.1325685645645,44.5628160967235,-92.9169046828526,44.6609849084704,1.00056632200163,0.999458655636712,2025.5894685147,2025.59057618106,NA
1320,1321,0.0265291114475371,-91.8331637881,44.2675105394729,-91.8928819333516,44.3316726386864,1.00066130808563,0.974132196638094,2025.5641420557,2025.59067116715,NA
1032,1033,0.808498833378634,-102.197714430673,40.2999583655035,-104.699536310654,43.4870746600154,1.0012126086867,0.19271377530807,2024.78272363437,2025.59122246775,NA
1292,1293,0.00149311587107337,-92.9169046828526,44.6609849084704,-92.896494679448,44.7990934710931,1.0020594378727,1.00056632200163,2025.59057618106,2025.59206929693,NA
1324,1327,0.0106298505915678,-85.1516312064596,41.9129475699822,-82.8970163900005,42.0398558070325,1.00206452420002,0.991434673608453,2025.58144453267,2025.59207438326,NA
1240,1244,0.0635724389450343,-112.814507349041,43.6225975900219,-114.677304176599,44.1312874794623,1.00229322892413,0.938720789979094,2025.52873064904,2025.59230308799,NA
1284,1285,0.0767943574640441,-98.8466663819634,40.4088571329383,-103.039543671554,38.7720190463052,1.0023245783415,0.925530220877457,2025.51554007994,2025.5923344374,NA
1106,1108,0.0106967479619484,-74.7821574272804,40.5939844955724,-74.5126798390971,40.713012418433,1.00259382449337,0.991897076531424,2025.58190693559,2025.59260368355,NA
1327,1328,0.000537510297158317,-82.8970163900005,42.0398558070325,-82.8620119725989,41.7537778196216,1.00260203449718,1.00206452420002,2025.59207438326,2025.59261189356,NA
1288,1289,0.0026166089680888,-93.3716044161381,44.778442575028,-93.2182647332002,44.6906072127337,1.00300442916362,1.00038782019554,2025.59039767926,2025.59301428823,NA
1187,1188,0.00447872367884261,-100.209624789486,38.3130020160161,-99.0912995587286,36.8625010546436,1.00323273754235,0.998754013863507,2025.58876387293,2025.5932425966,NA
766,767,0.0743006309654013,-74.4303729920047,44.8708790489105,-75.9019104505875,44.1093819192713,1.00349584537942,0.929195214414018,2025.51920507348,2025.59350570444,NA
1223,1224,0.00880115455604746,-99.2887126551552,38.3822452003881,-98.7052654219241,39.0262328062634,1.00360671724931,0.994805562693267,2025.58481542175,2025.59361657631,NA
1261,1263,0.0877741533100449,-110.29820826931,44.4870501950029,-115.163763281567,39.2601841659033,1.00413239092094,0.916358237610894,2025.50636809667,2025.59414224998,NA
1224,1225,0.000821878993405356,-98.7052654219241,39.0262328062634,-98.7730790649265,39.0317400331318,1.00442859624272,1.00360671724931,2025.59361657631,2025.5944384553,NA
1252,1253,0.015910858029481,-111.914645945364,44.3077897587901,-110.106584654634,44.0453775370326,1.00504167687389,0.989130818844411,2025.57914067791,2025.59505153594,NA
1301,1302,0.0141317462336692,-98.9221791353545,38.4782886546692,-99.0140917234623,38.4916747020637,1.00523835989616,0.991106613662493,2025.58111647272,2025.59524821896,NA
1213,1214,0.112254915863848,-101.771255383917,36.5733801943623,-96.1415540085277,32.6211582283735,1.00593535727228,0.893680441408428,2025.48369030047,2025.59594521633,NA
1324,1325,0.0150886069855103,-85.1516312064596,41.9129475699822,-89.7160007670837,42.1189534556068,1.00652328059396,0.991434673608453,2025.58144453267,2025.59653313966,NA
1210,1211,0.00709764115400802,-99.4602571466522,37.8951979798345,-98.5895491965604,38.0412295557047,1.00742166475057,1.00032402359656,2025.59033388266,2025.59743152381,NA
1102,1103,0.0852124600708761,-76.3723246252306,39.5805667580183,-77.3312392959156,40.0305471243667,1.00758529512897,0.922372835058094,2025.51238269412,2025.59759515419,NA
1179,1180,0.0129019363796162,-94.2146062474755,39.4706741441396,-97.285783506865,39.3186041293238,1.00795708952434,0.995055153144723,2025.58506501221,2025.59796694859,NA
1174,1175,0.0150042258297254,-108.950591714846,42.9913054402526,-109.474563363476,40.5626217987892,1.00806310266966,0.993058876839934,2025.5830687359,2025.59807296173,NA
1204,1205,0.0124076493352971,-108.677536578406,42.9870662794637,-110.240171340382,40.9131292630763,1.00852543403861,0.996117784703318,2025.58612764376,2025.5985352931,NA
1211,1212,0.00122919855316161,-98.5895491965604,38.0412295557047,-98.4167049964663,37.7958781690685,1.00865086330373,1.00742166475057,2025.59743152381,2025.59866072237,NA
1310,1317,0.0586257788691612,-98.9748163421271,43.1587535731167,-98.3574125269825,42.4103526475497,1.00919772977607,0.950571950906908,2025.54058180997,2025.59920758884,NA
1328,1329,0.00715657271945247,-82.8620119725989,41.7537778196216,-81.5420915504658,42.0201820395799,1.00975860721663,1.00260203449718,2025.59261189356,2025.59976846628,NA
1303,1304,0.0895820124540126,-96.2538422254676,37.2684132113485,-101.412145772036,38.8910957382583,1.00980856720239,0.920226554748376,2025.51023641381,2025.59981842626,NA
1207,1208,0.0139447717159698,-108.271172376797,39.7990512646358,-108.225093836726,39.7245317506405,1.01022222064708,0.996277448931106,2025.58628730799,2025.60023207971,NA
1190,1195,0.0836748251327262,-102.656959876263,38.2011042924339,-99.6204490822109,37.432520970084,1.0104219258827,0.926747100749971,2025.51675695981,2025.60043178494,NA
745,746,0.096163612477822,-82.1748708452717,39.6132554954886,-86.7451303312471,39.0853952454917,1.01105118709054,0.914887574612717,2025.50489743367,2025.60106104615,NA
1235,1237,0.0528739943935616,-114.249735427057,45.0662921530676,-114.738607044011,45.3578307569721,1.01137658112319,0.958502586729632,2025.54851244579,2025.60138644018,NA
747,748,0.059023630954089,-87.6578061524745,40.0222913385663,-84.3600144706266,38.6813812973347,1.01212666141894,0.953103030464853,2025.54311288953,2025.60213652048,NA
1192,1193,0.0477303424926283,-106.849015670044,40.1442049849404,-112.780470264461,38.2040357309627,1.01241448465384,0.964684142161208,2025.55469400122,2025.60242434372,NA
1244,1246,0.011416827156266,-114.677304176599,44.1312874794623,-118.307340268379,45.4087513711212,1.01371005608039,1.00229322892413,2025.59230308799,2025.60371991514,NA
1253,1254,0.00969562622730069,-110.106584654634,44.0453775370326,-111.295826773275,43.2219663946431,1.01473730310119,1.00504167687389,2025.59505153594,2025.60474716216,NA
1195,1196,0.00626850626129172,-99.6204490822109,37.432520970084,-98.6907049400651,36.6594344498679,1.01669043214399,1.0104219258827,2025.60043178494,2025.60670029121,NA
1225,1227,0.0143698183034684,-98.7730790649265,39.0317400331318,-97.2399622586745,40.2093581196929,1.01879841454619,1.00442859624272,2025.5944384553,2025.60880827361,NA
1223,1231,0.0242315726138617,-99.2887126551552,38.3822452003881,-100.498192411937,39.1354245228189,1.01903713530713,0.994805562693267,2025.58481542175,2025.60904699437,NA
1329,1330,0.00941320658042799,-81.5420915504658,42.0201820395799,-81.5868378757578,42.3918879305172,1.01917181379706,1.00975860721663,2025.59976846628,2025.60918167286,NA
1254,1255,0.00457002277616603,-111.295826773275,43.2219663946431,-110.621316755773,43.4449417910715,1.01930732587736,1.01473730310119,2025.60474716216,2025.60931718494,NA
1227,1229,0.00282729949094018,-97.2399622586745,40.2093581196929,-97.5743115476615,40.425150699763,1.02162571403713,1.01879841454619,2025.60880827361,2025.6116355731,NA
1293,1294,0.0196986365140117,-92.896494679448,44.7990934710931,-91.3262009235106,45.0179375018156,1.02175807438671,1.0020594378727,2025.59206929693,2025.61176793345,NA
1289,1290,0.0187790925998641,-93.2182647332002,44.6906072127337,-90.7629124489038,43.1337745079745,1.02178352176349,1.00300442916362,2025.59301428823,2025.61179338083,NA
767,769,0.0186228726036626,-75.9019104505875,44.1093819192713,-75.4773489934349,42.4010855642976,1.02211871798308,1.00349584537942,2025.59350570444,2025.61212857704,NA
769,770,0.000100177492819098,-75.4773489934349,42.4010855642976,-75.475396435725,42.4003450869343,1.0222188954759,1.02211871798308,2025.61212857704,2025.61222875454,NA
1202,1203,0.0966555834657901,-104.155517127703,40.0323802924354,-97.2574475810665,37.1092329643654,1.02300476886793,0.92634918540214,2025.51635904446,2025.61301462793,NA
1040,1041,0.229243161273504,-84.7582423652649,32.7297650495367,-83.9257179623485,32.208113119139,1.02330607843936,0.794062917165857,2025.38407277623,2025.6133159375,NA
1293,1296,0.021385184636239,-92.896494679448,44.7990934710931,-89.5297462892074,43.3197573710754,1.02344462250894,1.0020594378727,2025.59206929693,2025.61345448157,NA
1103,310,0.0161034759463314,-77.3312392959156,40.0305471243667,-77.369822830263,39.9401405677588,1.0236887710753,1.00758529512897,2025.59759515419,2025.61369863014,SRR35319489|A/Black_Vulture/PA/25-023113-001-original/2025|H5N1|USA-PA|Unknown|2025-08-13|wild_avian|D1.1
767,768,0.0210107046778183,-75.9019104505875,44.1093819192713,-72.4618933695829,45.1727455579563,1.02450655005724,1.00349584537942,2025.59350570444,2025.61451640912,NA
1297,1298,0.0773301546589651,-98.2223055533672,38.325020957668,-99.2820964396835,39.2870714470915,1.02463783160125,0.947307676942286,2025.537317536,2025.61464769066,NA
1180,1181,0.0169228911972694,-97.285783506865,39.3186041293238,-97.506354308473,39.6848217394492,1.02487998072161,1.00795708952434,2025.59796694859,2025.61488983978,NA
1188,1189,0.0222719079745639,-99.0912995587286,36.8625010546436,-99.2649791279904,36.9289808723464,1.02550464551691,1.00323273754235,2025.5932425966,2025.61551450458,NA
1317,1318,0.0167424131042293,-98.3574125269825,42.4103526475497,-99.4915264033703,43.3680491436718,1.0259401428803,1.00919772977607,2025.59920758884,2025.61595000194,NA
817,6,0.862939670798076,-113.344387811949,42.6002016690335,-113.258821737493,42.2533991136993,1.02642849710266,0.163488826304583,2024.75349868537,2025.61643835616,SRR35949988|A/duck_mallard/ID/25-023507-024/2025|H5N1|USA-ID|Cassia|2025-08-14|wild_avian|D1.1
1089,294,0.102061869084578,-77.9634748396527,35.9250846482845,-78.0796385138346,36.0421529626936,1.02642849710266,0.924366628018081,2025.51437648708,2025.61643835616,SRR35949967|A/Black_Vulture/NC/25-023724-001-original/2025|H5N1|USA-NC|Unknown|2025-08-14|wild_avian|D1.1
1193,1194,0.0144004750623083,-112.780470264461,38.2040357309627,-109.62653428834,38.0613273728452,1.02681495971614,1.01241448465384,2025.60242434372,2025.61682481878,NA
1325,1326,0.0206992497366247,-89.7160007670837,42.1189534556068,-94.513132396101,46.0929722303428,1.02722253033059,1.00652328059396,2025.59653313966,2025.61723238939,NA
1227,1228,0.00895656967717628,-97.2399622586745,40.2093581196929,-97.4385024477374,40.3815908843337,1.02775498422336,1.01879841454619,2025.60880827361,2025.61776484328,NA
1261,1262,0.111443067556656,-110.29820826931,44.4870501950029,-108.035079280895,46.3977009060934,1.02780130516755,0.916358237610894,2025.50636809667,2025.61781116423,NA
1246,1247,0.0153087390276034,-118.307340268379,45.4087513711212,-117.704629105592,45.7059056696787,1.029018795108,1.01371005608039,2025.60371991514,2025.61902865417,NA
1312,1313,0.0370636276418184,-98.2132759724762,43.1165679584428,-100.309353304036,45.0992525157121,1.0295124116193,0.992448783977478,2025.58245864304,2025.61952227068,NA
1253,1256,0.0252852978255322,-110.106584654634,44.0453775370326,-114.05762116723,44.7203788745543,1.03032697469942,1.00504167687389,2025.59505153594,2025.62033683376,NA
758,190,0.24612649464387,-79.4460554030932,44.1400360810743,-75.9169266138672,42.3526274739889,1.03738740121232,0.791260906568446,2025.38127076563,2025.62739726027,SRR35950029|A/Bald_Eagle/NY/25-023581-001-original/2025|H5N1|USA-NY|Unknown|2025-08-18|wild_avian|D1.1
1314,1315,0.0400851393987778,-97.8172694681025,42.7684383517733,-96.4578850660588,41.7843432345867,1.03992227210661,0.999837132707827,2025.58984699177,2025.62993213117,NA
1108,314,0.0375333027463012,-74.5126798390971,40.713012418433,-74.4839099145507,40.6812112636014,1.04012712723967,1.00259382449337,2025.59260368355,2025.6301369863,SRR35949975|A/Black_Vulture/NJ/25-023587-003-original/2025|H5N1|USA-NJ|Unknown|2025-08-19|wild_avian|D1.1
1108,313,0.0375333027463012,-74.5126798390971,40.713012418433,-74.3715112733829,40.5136141278241,1.04012712723967,1.00259382449337,2025.59260368355,2025.6301369863,SRR35950028|A/Black_Vulture/NJ/25-023587-001-original/2025|H5N1|USA-NJ|Unknown|2025-08-19|wild_avian|D1.1
770,194,0.023387683818715,-75.475396435725,42.4003450869343,-76.4423296484368,42.7418243602768,1.04560657929462,1.0222188954759,2025.61222875454,2025.63561643836,SRR35318191|A/chicken/NY/25-023583-002-original/2025|H5N1|USA-NY|Unknown|2025-08-21|domestic_avian|D1.1
1106,1107,0.0585443104730745,-74.7821574272804,40.5939844955724,-74.901784489455,40.7273498337098,1.0504413870045,0.991897076531424,2025.58190693559,2025.64045124607,NA
733,165,0.266159052057327,-91.4308407264773,19.4395304747652,-89.3652045061213,15.276822204912,1.05656548340405,0.790406431346718,2025.38041629041,2025.64657534247,EPI_ISL_20180701|A/duck/Izabal/FLU-340/2025|H5N1|Guatemala-Izabal|Unknown|2025-08-25|domestic_avian|D1.1
1291,356,0.0598465537949182,-93.1325685645645,44.5628160967235,-96.78414732759,43.4385879455458,1.05930520943163,0.999458655636712,2025.5894685147,2025.64931506849,SRR35318189|A/Turkey/SD/25-023747-001-original/2025|H5N1|USA-SD|Unknown|2025-08-26|domestic_avian|D1.1
1041,535,0.0442183090743411,-83.9257179623485,32.208113119139,-83.8865010130012,32.1889426577357,1.0675243875137,1.02330607843936,2025.6133159375,2025.65753424658,SRR35949432|A/chicken/GA/25-024057-002-original/2025|H5N1|USA-GA|Unknown|2025-08-29|domestic_avian|D1.1
1305,379,0.181109654843205,-100.504075569948,45.8627138739558,-99.8512580525479,47.7481903812363,1.07026411354106,0.889154458697854,2025.47916431776,2025.6602739726,SRR35949426|A/Domestic_Grower/Meat-type_Turkey/ND/25-024186-001-original/2025|H5N1|USA-ND|Unknown|2025-08-30|domestic_avian|D1.1
1313,373,0.0434914279491208,-100.309353304036,45.0992525157121,-99.5504882944119,44.7590013317804,1.07300383956842,1.0295124116193,2025.61952227068,2025.66301369863,SRR35949424|A/Domestic_Grower/Meat-type_Turkey/SD/25-024189-001-original/2025|H5N1|USA-SD|Unknown|2025-08-31|domestic_avian|D1.1
1181,1182,0.0518569028173614,-97.506354308473,39.6848217394492,-97.928663138396,39.8610324754239,1.07673688353897,1.02487998072161,2025.61488983978,2025.6667467426,NA
1309,369,0.153108646908814,-100.700467035695,43.9772941920111,-109.778378585175,39.5153184014382,1.07848329162336,0.925374644714545,2025.51538450378,2025.66849315068,SRR36211907|A/Canada_Goose/UT/25-024323-001-original/2025|H5N1|USA-UT|Unknown|2025-09-02|wild_avian|D1.1
1004,1005,0.0862226679954436,-82.8371629859698,36.4161578893602,-80.7323669077666,36.1525184812087,1.07884513253279,0.992622464537347,2025.5826323236,2025.66885499159,NA
1224,1230,0.0757451059008691,-98.7052654219241,39.0262328062634,-97.7656069322028,42.1100475322236,1.07935182315018,1.00360671724931,2025.59361657631,2025.66936168221,NA
1193,441,0.0688085329968802,-112.780470264461,38.2040357309627,-113.179077865906,52.9333210664294,1.08122301765072,1.01241448465384,2025.60242434372,2025.67123287671,EPI_ISL_20208456|A/Turkey/AB/FAV-0270/2025|H5N1|Canada-AB|Unknown|2025-09-03|domestic_avian|D1.1
1264,419,0.185931150475431,-114.948990680709,45.7396273946176,-113.968624614737,45.172787195753,1.08396274367807,0.898031593202643,2025.48804145226,2025.67397260274,SRR35705730|A/Mallard_Duck/ID/25-024960-007-original/2025|H5N1|USA-ID|Unknown|2025-09-04|wild_avian|D1.1
1308,367,0.161499770632675,-99.4264983243536,43.9991816026841,-99.3698734592,43.2002867665965,1.08670246970543,0.925202699072756,2025.51521255813,2025.67671232877,SRR35705007|A/Turkey/SD/25-024863-004-original/2025|H5N1|USA-SD|Unknown|2025-09-05|domestic_avian|D1.1
1086,298,0.233636772013436,-82.0575202656224,34.3990415801211,-83.9882314652623,35.2515906944141,1.08944219573279,0.855805423719352,2025.44581528278,2025.67945205479,SRR35705677|A/Black_Vulture/NC/25-025013-001-original/2025|H5N1|USA-NC|Unknown|2025-09-06|wild_avian|D1.1
1318,371,0.0635020528524906,-99.4915264033703,43.3680491436718,-88.3344463952306,41.132009659236,1.08944219573279,1.0259401428803,2025.61595000194,2025.67945205479,SRR35705728|A/blue-winged_Teal/IL/25-025061-004-original/2025|H5N1|USA-IL|Unknown|2025-09-06|wild_avian|D1.1
1321,382,0.0915206136747428,-91.8928819333516,44.3316726386864,-103.414276881121,44.0689034122594,1.09218192176037,1.00066130808563,2025.59067116715,2025.68219178082,SRR35586405|A/Turkey/SD/25-024550-002-original/2025|H5N1|USA-SD|Unknown|2025-09-07|domestic_avian|D1.1
1104,318,0.197879925198241,-76.8306951731575,41.1632463118898,-78.0508579246536,41.2082807832008,1.09492164778773,0.89704172258949,2025.48705158165,2025.68493150685,SRR36212204|A/Black_Vulture/PA/25-025223-001-original/2025|H5N1|USA-PA|Unknown|2025-09-08|wild_avian|D1.1
1304,350,0.0878528066127,-101.412145772036,38.8910957382583,-103.365579923141,38.0977020682639,1.09766137381509,1.00980856720239,2025.59981842626,2025.68767123288,SRR36212521|A/Mallard_Duck/CO/25-025267-001-original/2025|H5N1|USA-CO|Unknown|2025-09-09|wild_avian|D1.1
1262,414,0.0698600686475381,-108.035079280895,46.3977009060934,-112.930860550978,49.7033390365406,1.09766137381509,1.02780130516755,2025.61781116423,2025.68767123288,EPI_ISL_20208457|A/Turkey/AB/FAV-0274/2025|H5N1|Canada-AB|Unknown|2025-09-09|domestic_avian|D1.1
1294,1295,0.0766907815600812,-91.3262009235106,45.0179375018156,-88.1542317243063,40.7858442993513,1.09844885594679,1.02175807438671,2025.61176793345,2025.68845871501,NA
1214,1215,0.0925274497883237,-96.1415540085277,32.6211582283735,-113.846000378787,42.0971982834719,1.0984628070606,1.00593535727228,2025.59594521633,2025.68847266612,NA
1214,1216,0.0940851053625325,-96.1415540085277,32.6211582283735,-87.2533689078769,30.5792101733984,1.10002046263481,1.00593535727228,2025.59594521633,2025.6900303217,NA
893,61,0.601434000891122,-75.7504429068287,39.0903452147856,-76.0653411716057,38.3903499123278,1.10040109984245,0.498967098951324,2025.08897695801,2025.6904109589,SRR35705785|A/Vulture/MD/25-024862-001-original/2025|H5N1|USA-MD|Unknown|2025-09-10|wild_avian|D1.1
1311,368,0.141637901790781,-98.9457694536885,43.1439831575017,-97.9511256741052,46.2021688897439,1.10040109984245,0.958763198051665,2025.54877305711,2025.6904109589,SRR35705788|A/Swainson_s_Hawk/ND/25-024871-001-original/2025|H5N1|USA-ND|Unknown|2025-09-10|other|D1.1
1005,1006,0.0223282155424493,-80.7323669077666,36.1525184812087,-81.6733999799524,37.5276824961802,1.10117334807524,1.07884513253279,2025.66885499159,2025.69118320714,NA
1244,1245,0.1000784744335,-114.677304176599,44.1312874794623,-120.776242574519,47.0914717322931,1.10237170335763,1.00229322892413,2025.59230308799,2025.69238156242,NA
1191,442,0.169096444098539,-105.999088429536,40.3568834233904,-107.602257654561,41.2948636722951,1.1031408258698,0.934044381771264,2025.52405424083,2025.69315068493,SRR36212532|A/Mallard_Duck/WY/25-025186-001-original/2025|H5N1|USA-WY|Unknown|2025-09-11|wild_avian|D1.1
1107,315,0.0526994388653046,-74.901784489455,40.7273498337098,-74.9444561216574,40.7579180503344,1.1031408258698,1.0504413870045,2025.64045124607,2025.69315068493,SRR36212431|A/Black_Vulture/NJ/25-025220-003-original/2025|H5N1|USA-NJ|Unknown|2025-09-11|wild_avian|D1.1
1107,316,0.0526994388653046,-74.901784489455,40.7273498337098,-74.4087543308251,40.5932611105693,1.1031408258698,1.0504413870045,2025.64045124607,2025.69315068493,SRR36212060|A/Black_Vulture/NJ/25-025220-002-original/2025|H5N1|USA-NJ|Unknown|2025-09-11|wild_avian|D1.1
1325,385,0.0993572713034243,-89.7160007670837,42.1189534556068,-101.966848546816,47.3854562927148,1.10588055189739,1.00652328059396,2025.59653313966,2025.69589041096,SRR36211905|A/Canada_Goose/ND/25-025249-001-original/2025|H5N1|USA-ND|Unknown|2025-09-12|wild_avian|D1.1
1241,1243,0.152969794323629,-114.679814588818,43.4160899965847,-122.098714143469,47.0979696579424,1.1075642487338,0.954594454410168,2025.54460431347,2025.6975741078,NA
1301,351,0.117513664262252,-98.9221791353545,38.4782886546692,-98.8078889175272,38.4604500768578,1.10862027792475,0.991106613662493,2025.58111647272,2025.69863013699,SRR36211787|A/blue_winged_teal/KS/25-025843-026/2025|H5N1|USA-KS|Barton|2025-09-13|wild_avian|D1.1
1302,352,0.103381918028583,-99.0140917234623,38.4916747020637,-98.5742671914743,38.5552790121301,1.10862027792475,1.00523835989616,2025.59524821896,2025.69863013699,SRR36211782|A/blue_winged_teal/KS/25-025843-038/2025|H5N1|USA-KS|Barton|2025-09-13|wild_avian|D1.1
1327,1331,0.107684876494713,-82.8970163900005,42.0398558070325,-83.5544245594803,42.923915870674,1.10974940069473,1.00206452420002,2025.59207438326,2025.69975925976,NA
1315,1316,0.0702763406371667,-96.4578850660588,41.7843432345867,-95.5367341466121,40.7412397926053,1.11019861274377,1.03992227210661,2025.62993213117,2025.70020847181,NA
1225,1226,0.106824239806907,-98.7730790649265,39.0317400331318,-98.7319858076913,39.027790603782,1.11125283604963,1.00442859624272,2025.5944384553,2025.70126269511,NA
1175,1176,0.103786826875769,-109.474563363476,40.5626217987892,-109.35814165934,40.7424957220274,1.11184992954543,1.00806310266966,2025.59807296173,2025.70185978861,NA
1292,357,0.113533407977834,-92.9169046828526,44.6609849084704,-93.5486814049177,44.6746839795416,1.11409972997946,1.00056632200163,2025.59057618106,2025.70410958904,SRR36212111|A/mallard_duck/MN/25-025867-005/2025|H5N1|USA-MN|Scott|2025-09-15|wild_avian|D1.1
768,196,0.0895931799222229,-72.4618933695829,45.1727455579563,-73.3277451205408,46.2127742416964,1.11409972997946,1.02450655005724,2025.61451640912,2025.70410958904,EPI_ISL_20208424|A/Duck/QC/FAV-0272-2/2025|H5N1|Canada-QC|Unknown|2025-09-15|domestic_avian|D1.1
1289,355,0.113835026843192,-93.2182647332002,44.6906072127337,-94.3712275184837,41.3978440489601,1.11683945600682,1.00300442916362,2025.59301428823,2025.70684931507,SRR36211924|A/Red-tailed_Hawk/IA/25-025278-001-original/2025|H5N1|USA-IA|Unknown|2025-09-16|wild_avian|D1.1
1208,461,0.106617235359741,-108.225093836726,39.7245317506405,-118.607125227758,40.0831173293705,1.11683945600682,1.01022222064708,2025.60023207971,2025.70684931507,SRR36211763|A/Gadwell/NV/25G01828-004-original/2025|H5N1|USA-NV|Unknown|2025-09-16|wild_avian|D1.1
768,197,0.0923329059495803,-72.4618933695829,45.1727455579563,-71.0765187604015,44.7297602594099,1.11683945600682,1.02450655005724,2025.61451640912,2025.70684931507,SRR36212518|A/Mallard_Duck/NH/25-025612-017-original-repeat2/2025|H5N1|USA-NH|Unknown|2025-09-16|wild_avian|D1.1
1249,474,0.124927570146006,-115.20520401774,46.7462543538119,-106.381289893588,47.0955704175833,1.11957918203417,0.994651611888168,2025.58466147095,2025.7095890411,SRR36212466|A/Great_horned_Owl/MT/25-025599-001-original/2025|H5N1|USA-MT|Unknown|2025-09-17|wild_avian|D1.1
1294,362,0.100560833675048,-91.3262009235106,45.0179375018156,-83.8858098165685,40.1635594779336,1.12231890806176,1.02175807438671,2025.61176793345,2025.71232876712,SRR36211892|A/Mallard_Duck/OH/25-025982-002-original/2025|H5N1|USA-OH|Unknown|2025-09-18|wild_avian|D1.1
1331,383,0.0125695073670253,-83.5544245594803,42.923915870674,-83.7274471682621,43.2240999892764,1.12231890806176,1.10974940069473,2025.69975925976,2025.71232876712,SRR36212068|A/wood_duck/MI/25-025965-014/2025|H5N1|USA-MI|Saginaw|2025-09-18|wild_avian|D1.1
1247,1248,0.0997059455286036,-117.704629105592,45.7059056696787,-121.588183839263,48.3588874314372,1.1287247406366,1.029018795108,2025.61902865417,2025.7187345997,NA
1280,366,0.267081025230936,-97.5730169937173,39.3687081661716,-90.4136929990353,29.8524384431586,1.13327781217119,0.866196786940253,2025.456206646,2025.72328767123,SRR36211605|A/American_blue-winged_Teal/LA/25G01386-003-original/2025|H5N1|USA-LA|Unknown|2025-09-22|wild_avian|D1.1
745,151,0.218390237558472,-82.1748708452717,39.6132554954886,-81.5161910834728,42.0603320680147,1.13327781217119,0.914887574612717,2025.50489743367,2025.72328767123,SRR36211881|A/Black_Vulture/OH/25-026070-003-original/2025|H5N1|USA-OH|Unknown|2025-09-22|wild_avian|D1.1
1192,438,0.168593670009981,-106.849015670044,40.1442049849404,-117.676321767064,48.0385521608202,1.13327781217119,0.964684142161208,2025.55469400122,2025.72328767123,SRR36212227|A/Great_horned_Owl/WA/25G01455-001-original/2025|H5N1|USA-WA|Unknown|2025-09-22|wild_avian|D1.1
763,199,0.208333391843276,-75.2310938906173,43.679249212613,-77.6099046419359,43.1417588351572,1.13601753819855,0.927684146355271,2025.51769400542,2025.72602739726,SRR36211866|A/wood_duck/NY/25-026198-009/2025|H5N1|USA-NY|Monroe|2025-09-23|wild_avian|D1.1
1331,384,0.0262681375038123,-83.5544245594803,42.923915870674,-84.0083857876021,43.1918282774714,1.13601753819855,1.10974940069473,2025.69975925976,2025.72602739726,SRR36211854|A/wood_duck/MI/25G01274-008/2025|H5N1|USA-MI|Saginaw|2025-09-23|wild_avian|D1.1
1303,341,0.218530709477756,-96.2538422254676,37.2684132113485,-82.4783580790321,29.0370617754078,1.13875726422613,0.920226554748376,2025.51023641381,2025.72876712329,SRR36212429|A/blue-winged_Teal/FL/25-026196-001-original/2025|H5N1|USA-FL|Unknown|2025-09-24|wild_avian|D1.1
1288,361,0.138369444030595,-93.3716044161381,44.778442575028,-90.6212128000409,44.152346186244,1.13875726422613,1.00038782019554,2025.59039767926,2025.72876712329,SRR36212149|A/Mallard_Duck/WI/25G02258-001-original/2025|H5N1|USA-WI|Unknown|2025-09-24|wild_avian|D1.1
1263,416,0.134624873305192,-115.163763281567,39.2601841659033,-117.780992252814,46.0436743959501,1.13875726422613,1.00413239092094,2025.59414224998,2025.72876712329,SRR36212382|A/wild_goose/WA/25G01700-001-original/2025|H5N1|USA-WA|Unknown|2025-09-24|wild_avian|D1.1
1195,432,0.128335338343434,-99.6204490822109,37.432520970084,-76.0473482811404,44.0295602003651,1.13875726422613,1.0104219258827,2025.60043178494,2025.72876712329,SRR36406419|A/american_green_winged_teal/NY/25G02842-011/2025|H5N1|USA-NY|Jefferson|2025-09-24|wild_avian|D1.1
746,153,0.127706077135592,-86.7451303312471,39.0853952454917,-86.5599848269772,38.8443971858911,1.13875726422613,1.01105118709054,2025.60106104615,2025.72876712329,SRR36212441|A/Black_Vulture/IN/25G01314-001-original/2025|H5N1|USA-IN|Unknown|2025-09-24|wild_avian|D1.1
1237,1238,0.12784960136689,-114.738607044011,45.3578307569721,-105.654351756255,49.4415370340248,1.13922618249008,1.01137658112319,2025.60138644018,2025.72923604155,NA
748,156,0.129370328834547,-84.3600144706266,38.6813812973347,-84.5110575862411,39.0168196215719,1.14149699025349,1.01212666141894,2025.60213652048,2025.73150684932,SRR36212433|A/Black_Vulture/KY/25G01831-001-original/2025|H5N1|USA-KY|Unknown|2025-09-25|wild_avian|D1.1
1290,360,0.11971346849,-90.7629124489038,43.1337745079745,-87.6555807085671,40.845236330793,1.14149699025349,1.02178352176349,2025.61179338083,2025.73150684932,SRR36212424|A/Canada_Goose/IL/25-026184-001-original/2025|H5N1|USA-IL|Unknown|2025-09-25|wild_avian|D1.1
1216,456,0.0414765276186801,-87.2533689078769,30.5792101733984,-86.2082847843982,30.5093188942455,1.14149699025349,1.10002046263481,2025.6900303217,2025.73150684932,SRR36211970|A/Mottled_Duck/FL/25G01837-001-original/2025|H5N1|USA-FL|Unknown|2025-09-25|wild_avian|D1.1
1102,312,0.221863881222752,-76.3723246252306,39.5805667580183,-77.0810625204585,39.1610487536423,1.14423671628085,0.922372835058094,2025.51238269412,2025.73424657534,SRR36203399|A/Black_Vulture/MD/25-026167-001-original/2025|H5N1|USA-MD|Unknown|2025-09-26|wild_avian|D1.1
1004,647,0.151614251743499,-82.8371629859698,36.4161578893602,-80.087743259842,39.6576804325053,1.14423671628085,0.992622464537347,2025.5826323236,2025.73424657534,SRR36212436|A/Black_Vulture/WV/25G01830-001-original/2025|H5N1|USA-WV|Unknown|2025-09-26|wild_avian|D1.1
1005,648,0.0653915837480554,-80.7323669077666,36.1525184812087,-80.3859458178724,36.0823451899991,1.14423671628085,1.07884513253279,2025.66885499159,2025.73424657534,SRR36163010|A/chicken/NC/25-026098-002-original/2025|H5N1|USA-NC|Unknown|2025-09-26|domestic_avian|D1.1
1006,649,0.0430633682056061,-81.6733999799524,37.5276824961802,-81.4519679135374,37.8219958331779,1.14423671628085,1.10117334807524,2025.69118320714,2025.73424657534,SRR36212435|A/Black_Vulture/WV/25G01830-002-original/2025|H5N1|USA-WV|Unknown|2025-09-26|wild_avian|D1.1
1255,462,0.127669116430845,-110.621316755773,43.4449417910715,-116.947100562133,45.6451004891763,1.1469764423082,1.01930732587736,2025.60931718494,2025.73698630137,SRR36211600|A/American_blue-winged_Teal/OR/25G01565-017-original/2025|H5N1|USA-OR|Unknown|2025-09-27|wild_avian|D1.1
1283,348,0.234104848548501,-98.1113784492024,39.1322725874245,-109.635735895315,41.999200014008,1.15245589436315,0.918351045814645,2025.50836090488,2025.74246575342,SRR36211769|A/Canada_Goose/WY/25G01869-001-original/2025|H5N1|USA-WY|Unknown|2025-09-29|wild_avian|D1.1
1326,387,0.125233364032557,-94.513132396101,46.0929722303428,-95.5161391961551,46.5968428476108,1.15245589436315,1.02722253033059,2025.61723238939,2025.74246575342,SRR36212318|A/canada_goose/MN/25G01920-001/2025|H5N1|USA-MN|Otter_Tail|2025-09-29|wild_avian|D1.1
1262,413,0.124654589195595,-108.035079280895,46.3977009060934,-106.818692273471,46.1399840357139,1.15245589436315,1.02780130516755,2025.61781116423,2025.74246575342,SRR36163011|A/chicken/MT/25-026086-002-original/2025|H5N1|USA-MT|Unknown|2025-09-29|domestic_avian|D1.1
1204,446,0.159077835687185,-108.677536578406,42.9870662794637,-111.771552823071,36.4004079613445,1.1551956203905,0.996117784703318,2025.58612764376,2025.74520547945,SRR36212241|A/Canada_Goose/AZ/25G01642-001-original/2025|H5N1|USA-AZ|Unknown|2025-09-30|wild_avian|D1.1
1314,375,0.155358487682675,-97.8172694681025,42.7684383517733,-99.5990047826483,34.0032027194576,1.1551956203905,0.999837132707827,2025.58984699177,2025.74520547945,SRR36212386|A/wild_duck/TX/25G01488-001-original/2025|H5N1|USA-TX|Unknown|2025-09-30|wild_avian|D1.1
1298,343,0.130557788789252,-99.2820964396835,39.2870714470915,-91.6750408181478,44.8587370323404,1.1551956203905,1.02463783160125,2025.61464769066,2025.74520547945,SRR36163013|A/chicken/WI/25-026290-001-original/2025|H5N1|USA-WI|Unknown|2025-09-30|domestic_avian|D1.1
1176,1177,0.0450787182198356,-109.35814165934,40.7424957220274,-109.436089863375,40.7400221391867,1.15692864776526,1.11184992954543,2025.70185978861,2025.74693850683,NA
1257,464,0.160002558146176,-111.741685368851,44.6087408677772,-111.565697762676,45.6845054014665,1.15793534641786,0.997932788271685,2025.58794264733,2025.74794520548,SRR36212238|A/Canada_Goose/MT/25G01677-001-original/2025|H5N1|USA-MT|Unknown|2025-10-01|wild_avian|D1.1
1033,527,0.156722737731156,-104.699536310654,43.4870746600154,-108.799760354598,51.7329209037957,1.15793534641786,1.0012126086867,2025.59122246775,2025.74794520548,EPI_ISL_20208421|A/Chicken/SK/FAV-0326-1/2025|H5N1|Canada-SK|Unknown|2025-10-01|domestic_avian|D1.1
748,155,0.145808684998918,-84.3600144706266,38.6813812973347,-85.0164969642845,39.4954832788818,1.15793534641786,1.01212666141894,2025.60213652048,2025.74794520548,SRR36209119|A/black_vulture/IN/25G01855-003/2025|H5N1|USA-IN|Franklin|2025-10-01|wild_avian|D1.1
1238,1239,0.0189627355341342,-105.654351756255,49.4415370340248,-96.9483878713579,45.6866602683872,1.15818891802422,1.13922618249008,2025.72923604155,2025.74819877709,NA
1278,395,0.365028475891442,-100.329775472127,46.1457972366489,-114.137982391733,54.1572961772839,1.16341479847258,0.798386322581133,2025.38839618164,2025.75342465753,EPI_ISL_20206696|A/Chicken/AB/FAV-0340-001/2025__H5N1_|H5N1|Canada-AB|Unknown|2025-10-03|domestic_avian|D1.1
1088,296,0.270716035938253,-78.8840855415453,35.8676262271932,-80.1016896833743,35.6814919679372,1.16341479847258,0.892698762534322,2025.4827086216,2025.75342465753,SRR36162690|A/chicken/NC/25G01772-001-original/2025|H5N1|USA-NC|Unknown|2025-10-03|domestic_avian|D1.1
1286,354,0.210893149470009,-95.0530660189045,41.5947957647434,-84.0036365123259,42.1957107447314,1.16341479847258,0.952521649002567,2025.54253150806,2025.75342465753,SRR36212006|A/mallard_duck/MI/25G01983-007/2025|H5N1|USA-MI|Washtenaw|2025-10-03|wild_avian|D1.1
1316,376,0.0532161857288032,-95.5367341466121,40.7412397926053,-89.0635155095241,39.0017809535115,1.16341479847258,1.11019861274377,2025.70020847181,2025.75342465753,SRR36162674|A/Domestic_Duck/IL/25G03338-009-original/2025|H5N1|USA-IL|Unknown|2025-10-03|domestic_avian|D1.1
1316,377,0.0532161857288032,-95.5367341466121,40.7412397926053,-87.1806795856809,42.2796950486186,1.16341479847258,1.11019861274377,2025.70020847181,2025.75342465753,SRR36162678|A/chicken/IL/25G03338-005-original/2025|H5N1|USA-IL|Unknown|2025-10-03|domestic_avian|D1.1
1299,342,0.250862804923413,-98.0392781858666,39.0887732684988,-93.8232389351804,33.5592047622466,1.16615452449993,0.91529171957652,2025.50530157864,2025.75616438356,SRR36212242|A/Canada_Goose/AR/25G01638-001-original/2025|H5N1|USA-AR|Unknown|2025-10-04|wild_avian|D1.1
1257,463,0.168221736228248,-111.741685368851,44.6087408677772,-106.594277119502,40.742616330392,1.16615452449993,0.997932788271685,2025.58794264733,2025.75616438356,SRR36211975|A/mallard_duck/CO/25G02242-003/2025|H5N1|USA-CO|Jackson|2025-10-04|wild_avian|D1.1
1220,503,0.20102605636845,-102.986392275022,41.5854807053097,-120.784926296437,44.2933348246068,1.16889425052752,0.967868194159067,2025.55787805322,2025.75890410959,SRR36162760|A/chicken/OR/25G01792-001-original/2025|H5N1|USA-OR|Unknown|2025-10-05|domestic_avian|D1.1
1001,653,0.343542827640036,-78.3687237779345,37.014028600552,-79.9260839146302,38.6410487167112,1.17163397655487,0.828091148914838,2025.41810100798,2025.76164383562,SRR36212366|A/Black_Vulture/WV/25G02062-001-original/2025|H5N1|USA-WV|Unknown|2025-10-06|wild_avian|D1.1
1317,372,0.162436246778806,-98.3574125269825,42.4103526475497,-93.5946070920399,45.1506107291981,1.17163397655487,1.00919772977607,2025.59920758884,2025.76164383562,SRR36212344|A/sandhill_crane/MN/25G02201-001/2025|H5N1|USA-MN|Hennepin|2025-10-06|wild_avian|D1.1
1260,418,0.258668314676715,-112.471921346646,44.9714998440907,-113.659700658041,42.7888186635241,1.17437370258223,0.915705387905517,2025.50571524697,2025.76438356164,SRR36162812|A/Guinea_Fowl/ID/25G01895-002-original/2025|H5N1|USA-ID|Unknown|2025-10-07|domestic_avian|D1.1
1326,386,0.147151172251644,-94.513132396101,46.0929722303428,-92.6020313220547,45.7474229592897,1.17437370258223,1.02722253033059,2025.61723238939,2025.76438356164,SRR36211964|A/Trumpeter_Swan/WI/25G01871-001-original/2025|H5N1|USA-WI|Unknown|2025-10-07|wild_avian|D1.1
1256,466,0.144046727882808,-114.05762116723,44.7203788745543,-113.844291025125,44.6903951730592,1.17437370258223,1.03032697469942,2025.62033683376,2025.76438356164,SRR36162806|A/Peafowl/ID/25G01896-003-original/2025|H5N1|USA-ID|Unknown|2025-10-07|wild_avian|D1.1
769,193,0.154994710626508,-75.4773489934349,42.4010855642976,-75.2600766257063,38.8568796255807,1.17711342860959,1.02211871798308,2025.61212857704,2025.76712328767,SRR36212136|A/Peregrine_Falcon/DE/25G02350-001-original/2025|H5N1|USA-DE|Unknown|2025-10-08|wild_avian|D1.1
1298,344,0.155215323035696,-99.2820964396835,39.2870714470915,-85.0277829093222,43.678470580871,1.17985315463695,1.02463783160125,2025.61464769066,2025.7698630137,SRR36211770|A/canada_goose/MI/25G01985-002/2025|H5N1|USA-MI|Isabella|2025-10-09|wild_avian|D1.1
1230,500,0.100501331486764,-97.7656069322028,42.1100475322236,-103.172549064308,54.8318241723183,1.17985315463695,1.07935182315018,2025.66936168221,2025.7698630137,EPI_ISL_20249109|A/Whooping_crane/SK/FAV-0436-1/2025|H5N1|Canada-SK|Unknown|2025-10-09|wild_avian|D1.1
1243,470,0.0722889059031493,-122.098714143469,47.0979696579424,-117.221048492398,50.4734104398879,1.17985315463695,1.1075642487338,2025.6975741078,2025.7698630137,EPI_ISL_20258472|A/American_Wigeon/BC/AIVPHL-3746/2025|H5N1|Canada-BC|Unknown|2025-10-09|wild_avian|D1.1
1207,459,0.186315431733198,-108.271172376797,39.7990512646358,-107.733714965704,41.0294880524013,1.1825928806643,0.996277448931106,2025.58628730799,2025.77260273973,SRR36211962|A/Turkey_Vulture/WY/25G02109-001-original/2025|H5N1|USA-WY|Unknown|2025-10-10|wild_avian|D1.1
1189,435,0.157088235147391,-99.2649791279904,36.9289808723464,-96.5297116943779,37.9360078747471,1.1825928806643,1.02550464551691,2025.61551450458,2025.77260273973,SRR36406423|A/canada_goose/KS/25G02613-001/2025|H5N1|USA-KS|Butler|2025-10-10|wild_avian|D1.1
1174,429,0.192273729851955,-108.950591714846,42.9913054402526,-118.250231568233,39.8210054778234,1.18533260669189,0.993058876839934,2025.5830687359,2025.77534246575,SRR36538389|A/american_blue_winged_teal/NV/25G04892-001/2025|H5N1|USA-NV|Churchill|2025-10-11|wild_avian|D1.1
1033,528,0.184119998005185,-104.699536310654,43.4870746600154,-97.9216780838355,38.5611320387935,1.18533260669189,1.0012126086867,2025.59122246775,2025.77534246575,SRR36211847|A/american_blue_winged_teal/KS/25G02173-002/2025|H5N1|USA-KS|McPherson|2025-10-11|wild_avian|D1.1
1328,389,0.18273057219471,-82.8620119725989,41.7537778196216,-78.4501546162027,43.0140408015965,1.18533260669189,1.00260203449718,2025.59261189356,2025.77534246575,SRR36212325|A/american_green_winged_teal/NY/25G02284-024/2025|H5N1|USA-NY|Genesee|2025-10-11|wild_avian|D1.1
1254,465,0.170595303590697,-111.295826773275,43.2219663946431,-119.308647197103,38.8422694675604,1.18533260669189,1.01473730310119,2025.60474716216,2025.77534246575,SRR36538296|A/american_green_winged_teal/NV/25G04893-003/2025|H5N1|USA-NV|Lyon|2025-10-11|wild_avian|D1.1
1330,390,0.166160792894829,-81.5868378757578,42.3918879305172,-78.9534644164164,41.4270411508032,1.18533260669189,1.01917181379706,2025.60918167286,2025.77534246575,SRR36209116|A/Mallard_Duck/PA/25G02313-006-original-repeat2/2025|H5N1|USA-PA|Unknown|2025-10-11|wild_avian|D1.1
1229,491,0.163706892654761,-97.5743115476615,40.425150699763,-78.3737005476117,42.9997209880858,1.18533260669189,1.02162571403713,2025.6116355731,2025.77534246575,SRR36203306|A/mallard_duck/NY/25G02284-011/2025|H5N1|USA-NY|Genesee|2025-10-11|wild_avian|D1.1
1176,1178,0.0739022012533541,-109.35814165934,40.7424957220274,-94.4432734669778,40.4987901728927,1.18575213079878,1.11184992954543,2025.70185978861,2025.77576198986,NA
1089,295,0.263705704701166,-77.9634748396527,35.9250846482845,-78.2057684293993,34.3878893241084,1.18807233271925,0.924366628018081,2025.51437648708,2025.77808219178,SRR36211960|A/Vulture/NC/25G02114-001-original/2025|H5N1|USA-NC|Unknown|2025-10-12|wild_avian|D1.1
1308,394,0.265609359673848,-99.4264983243536,43.9991816026841,-97.3144160675987,36.088591545171,1.1908120587466,0.925202699072756,2025.51521255813,2025.78082191781,SRR36212343|A/Swan/OK/25G02155-001-original/2025|H5N1|USA-OK|Unknown|2025-10-13|wild_avian|D1.1
1302,353,0.188313424877799,-99.0140917234623,38.4916747020637,-103.95987484493,40.5739587650194,1.19355178477396,1.00523835989616,2025.59524821896,2025.78356164384,SRR36212302|A/canada_goose/CO/25G02439-001/2025|H5N1|USA-CO|Weld|2025-10-14|wild_avian|D1.1
1318,370,0.173091093948378,-99.4915264033703,43.3680491436718,-100.658810096148,47.395975409839,1.19903123682868,1.0259401428803,2025.61595000194,2025.78904109589,SRR36212274|A/Pintail_Duck/ND/25G02720-001-original/2025|H5N1|USA-ND|Unknown|2025-10-16|wild_avian|D1.1
1196,433,0.185080530712272,-98.6907049400651,36.6594344498679,-95.4568731580727,34.2231101725298,1.20177096285626,1.01669043214399,2025.60670029121,2025.79178082192,SRR36211957|A/Wild_Goose/OK/25G02530-001-original/2025|H5N1|USA-OK|Unknown|2025-10-17|wild_avian|D1.1
1290,359,0.179987441092772,-90.7629124489038,43.1337745079745,-91.2231577011337,43.2313009807173,1.20177096285626,1.02178352176349,2025.61179338083,2025.79178082192,SRR36209083|A/Green-winged_Teal/IA/25G03115-001-original/2025|H5N1|USA-IA|Unknown|2025-10-17|wild_avian|D1.1
1006,650,0.100597614781021,-81.6733999799524,37.5276824961802,-80.6676155470029,37.8967532534996,1.20177096285626,1.10117334807524,2025.69118320714,2025.79178082192,SRR36211659|A/Black_Vulture/WV/25G03060-003-original/2025|H5N1|USA-WV|Unknown|2025-10-17|wild_avian|D1.1
1329,388,0.194752081666986,-81.5420915504658,42.0201820395799,-83.3020390429789,41.5608576102406,1.20451068888362,1.00975860721663,2025.59976846628,2025.79452054795,SRR36406418|A/northern_shoveler/OH/25G03080-047/2025|H5N1|USA-OH|Ottawa|2025-10-18|wild_avian|D1.1
1200,444,0.282551513055305,-98.8647343170206,39.7494502394549,-99.9659299571214,45.6888496495025,1.20725041491098,0.92469890185567,2025.51470876092,2025.79726027397,SRR36162647|A/Turkey/SD/25G02403-003-original/2025|H5N1|USA-SD|Unknown|2025-10-19|domestic_avian|D1.1
1245,480,0.104878711553347,-120.776242574519,47.0914717322931,-123.1234406515,45.8814581157379,1.20725041491098,1.10237170335763,2025.69238156242,2025.79726027397,SRR36212130|A/Ring-necked_Duck/OR/25G02626-019-original/2025|H5N1|USA-OR|Unknown|2025-10-19|wild_avian|D1.1
750,207,0.620442363352684,-85.6202728501058,32.6417422785403,-88.3481528315253,34.4180090903434,1.20999014093833,0.589547777585649,2025.17955763665,2025.8,SRR36211724|A/Black_Vulture/MS/25G02635-003-original/2025|H5N1|USA-MS|Unknown|2025-10-20|wild_avian|D1.1
806,271,0.42373679886748,-89.7611644436963,33.5533070043014,-92.5988742327465,34.3282867969599,1.21272986696569,0.78899306809821,2025.37900292716,2025.80273972603,SRR36211667|A/Black_Vulture/AR/25G03056-001-original/2025|H5N1|USA-AR|Unknown|2025-10-21|wild_avian|D1.1
766,198,0.283534652551673,-74.4303729920047,44.8708790489105,-75.5443585934715,39.6034165997939,1.21272986696569,0.929195214414018,2025.51920507348,2025.80273972603,SRR36538387|A/american_crow/NJ/25G04652-002/2025|H5N1|USA-NJ|Salem|2025-10-21|wild_avian|D1.1
1211,506,0.205308202215123,-98.5895491965604,38.0412295557047,-75.4026268969193,39.7595254161504,1.21272986696569,1.00742166475057,2025.59743152381,2025.80273972603,SRR36538388|A/american_crow/NJ/25G04652-001/2025|H5N1|USA-NJ|Salem|2025-10-21|wild_avian|D1.1
1295,364,0.114281011018898,-88.1542317243063,40.7858442993513,-85.9968642383765,39.4153412616838,1.21272986696569,1.09844885594679,2025.68845871501,2025.80273972603,SRR36211652|A/canada_goose/IN/25G02680-001/2025|H5N1|USA-IN|Johnson|2025-10-21|wild_avian|D1.1
1001,652,0.387378444078437,-78.3687237779345,37.014028600552,-80.6566492470854,37.409982602338,1.21546959299328,0.828091148914838,2025.41810100798,2025.80547945205,SRR36211670|A/Black_Vulture/VA/25G03055-006-original/2025|H5N1|USA-VA|Unknown|2025-10-22|wild_avian|D1.1
1213,453,0.321789151584847,-101.771255383917,36.5733801943623,-121.597832467662,51.8258256695203,1.21546959299328,0.893680441408428,2025.48369030047,2025.80547945205,EPI_ISL_20258482|A/Barred_Owl/BC/AIVPHL-3767/2025|H5N1|Canada-BC|Unknown|2025-10-22|wild_avian|D1.1
1236,483,0.218857057995921,-111.384718067626,44.7384765210108,-92.5661936764745,39.0422405560049,1.21546959299328,0.996612534997354,2025.58662239406,2025.80547945205,SRR36209114|A/Red-tailed_Hawk/MO/25G02853-005-original/2025|H5N1|USA-MO|Unknown|2025-10-22|wild_avian|D1.1
1194,440,0.18865463327713,-109.62653428834,38.0613273728452,-109.387182648594,37.7409677589858,1.21546959299328,1.02681495971614,2025.61682481878,2025.80547945205,SRR36203374|A/Canada_Goose/UT/25G03448-005-original/2025|H5N1|USA-UT|Unknown|2025-10-22|wild_avian|D1.1
1315,378,0.17554732088667,-96.4578850660588,41.7843432345867,-94.1119173136621,37.2566506650566,1.21546959299328,1.03992227210661,2025.62993213117,2025.80547945205,SRR36212529|A/Canada_Goose/MO/25G02853-004-original/2025|H5N1|USA-MO|Unknown|2025-10-22|wild_avian|D1.1
1040,536,0.424146401854775,-84.7582423652649,32.7297650495367,-84.6050302811182,32.8633367619951,1.21820931902063,0.794062917165857,2025.38407277623,2025.80821917808,SRR36162703|A/chicken/GA/25G02650-001-original/2025|H5N1|USA-GA|Unknown|2025-10-23|domestic_avian|D1.1
1200,443,0.293510417164962,-98.8647343170206,39.7494502394549,-108.113826317108,42.7004822091785,1.21820931902063,0.92469890185567,2025.51470876092,2025.80821917808,SRR36212527|A/Canada_Goose/WY/25G02891-001-original/2025|H5N1|USA-WY|Unknown|2025-10-23|wild_avian|D1.1
1330,391,0.199037505223573,-81.5868378757578,42.3918879305172,-83.141380706069,41.6123919582879,1.21820931902063,1.01917181379706,2025.60918167286,2025.80821917808,SRR36406301|A/american_wigeon/OH/25G04131-008/2025|H5N1|USA-OH|Ottawa|2025-10-23|wild_avian|D1.1
1199,445,0.305677513407369,-98.8842479603485,39.8628010300594,-85.8418113405275,34.8558198165954,1.22916822313006,0.923490709722693,2025.51350056878,2025.81917808219,SRR36203333|A/Canada_Goose/AL/25G03828-001-original/2025|H5N1|USA-AL|Unknown|2025-10-27|wild_avian|D1.1
747,154,0.276065192665209,-87.6578061524745,40.0222913385663,-84.6333018192186,38.5597960267163,1.22916822313006,0.953103030464853,2025.54311288953,2025.81917808219,SRR36538272|A/black_vulture/KY/25G04374-002/2025|H5N1|USA-KY|Grant|2025-10-27|wild_avian|D1.1
746,152,0.218117036039523,-86.7451303312471,39.0853952454917,-84.7398281191867,38.6225843844121,1.22916822313006,1.01105118709054,2025.60106104615,2025.81917808219,SRR36538273|A/black_vulture/KY/25G04374-001/2025|H5N1|USA-KY|Grant|2025-10-27|wild_avian|D1.1
1196,431,0.212477790986074,-98.6907049400651,36.6594344498679,-85.3735613526664,32.6009734337206,1.22916822313006,1.01669043214399,2025.60670029121,2025.81917808219,SRR36212524|A/Domestic_Goose/AL/25G03044-002-original/2025|H5N1|USA-AL|Unknown|2025-10-27|domestic_avian|D1.1
1086,297,0.376102525438294,-82.0575202656224,34.3990415801211,-82.2534461686066,34.5539635247502,1.23190794915765,0.855805423719352,2025.44581528278,2025.82191780822,SRR36209096|A/Black_Vulture/SC/25G03063-001-original/2025|H5N1|USA-SC|Unknown|2025-10-28|wild_avian|D1.1
1243,471,0.124343700423849,-122.098714143469,47.0979696579424,-120.838371815677,48.8097049831495,1.23190794915765,1.1075642487338,2025.6975741078,2025.82191780822,SRR36406354|A/cackling_goose/WA/25G03972-002/2025|H5N1|USA-WA|Whatcom|2025-10-28|wild_avian|D1.1
1215,455,0.136184868124404,-113.846000378787,42.0971982834719,-121.857270904863,38.9177031449145,1.234647675185,1.0984628070606,2025.68847266612,2025.82465753425,SRR36406399|A/american_green_winged_teal/CA/25G03928-006/2025|H5N1|USA-CA|Yolo|2025-10-29|wild_avian|D1.1
1177,428,0.077719027419741,-109.436089863375,40.7400221391867,-121.794745600425,38.8365573922367,1.234647675185,1.15692864776526,2025.74693850683,2025.82465753425,SRR36406410|A/american_wigeon/CA/25G03928-001/2025|H5N1|USA-CA|Yolo|2025-10-29|wild_avian|D1.1
1297,345,0.290079724270076,-98.2223055533672,38.325020957668,-79.4386020899766,40.4187854673036,1.23738740121236,0.947307676942286,2025.537317536,2025.82739726027,SRR36209076|A/Black_Swan/PA/25G03182-002-original/2025|H5N1|USA-PA|Unknown|2025-10-30|wild_avian|D1.1
1222,497,0.246209613776783,-101.602140526798,39.7515898503887,-84.0958860327141,30.3260277788535,1.23738740121236,0.991177787435579,2025.5811876465,2025.82739726027,SRR36209051|A/Muscovy_Duck/FL/25G03354-001-original/2025|H5N1|USA-FL|Unknown|2025-10-30|wild_avian|D1.1
1256,468,0.207060426512938,-114.05762116723,44.7203788745543,-122.693082087328,48.8184600989666,1.23738740121236,1.03032697469942,2025.62033683376,2025.82739726027,SRR36406351|A/cackling_goose/WA/25G03973-001/2025|H5N1|USA-WA|Whatcom|2025-10-30|wild_avian|D1.1
1295,363,0.141678271292927,-88.1542317243063,40.7858442993513,-93.0680683604956,45.2829084939209,1.24012712723972,1.09844885594679,2025.68845871501,2025.8301369863,SRR36406409|A/wood_duck/MN/25G04157-001/2025|H5N1|USA-MN|Anoka|2025-10-31|wild_avian|D1.1
1249,475,0.248215241378908,-115.20520401774,46.7462543538119,-121.513094247243,48.9384470583872,1.24286685326708,0.994651611888168,2025.58466147095,2025.83287671233,SRR36406349|A/red_tailed_hawk/WA/25G03976-001/2025|H5N1|USA-WA|Whatcom|2025-11-01|wild_avian|D1.1
1323,392,0.243438226675697,-84.6293243340634,41.8039371318487,-83.3133672882762,41.4667190250584,1.24286685326708,0.999428626591379,2025.58943848565,2025.83287671233,SRR36406415|A/american_green_winged_teal/OH/25G04131-027/2025|H5N1|USA-OH|Ottawa|2025-11-01|wild_avian|D1.1
1285,346,0.246021726980517,-103.039543671554,38.7720190463052,-87.637402743041,35.7089906357811,1.24834630532202,1.0023245783415,2025.5923344374,2025.83835616438,SRR36162625|A/Red-breasted_Goose/TN/25G03365-002-original/2025|H5N1|USA-TN|Unknown|2025-11-03|wild_avian|D1.1
1246,476,0.234636249241624,-118.307340268379,45.4087513711212,-126.483014322718,51.8707812997354,1.24834630532202,1.01371005608039,2025.60371991514,2025.83835616438,EPI_ISL_20258508|A/Canada_Goose/BC/AIVPHL-3850/2025|H5N1|Canada-BC|Unknown|2025-11-03|wild_avian|D1.1
1250,489,0.25077600385336,-114.080703851542,42.8532026225612,-111.581706355603,41.701277770765,1.25108603134938,1.00031002749602,2025.59031988656,2025.84109589041,SRR36203296|A/Swan/UT/25G03453-001-original/2025|H5N1|USA-UT|Unknown|2025-11-04|wild_avian|D1.1
1188,434,0.247853293807026,-99.0912995587286,36.8625010546436,-106.174736836954,33.2061979100085,1.25108603134938,1.00323273754235,2025.5932425966,2025.84109589041,SRR36203396|A/wild_goose/NM/25G03506-001-original/2025|H5N1|USA-NM|Unknown|2025-11-04|wild_avian|D1.1
1182,451,0.174349147810406,-97.928663138396,39.8610324754239,-98.4135328307533,47.797119652712,1.25108603134938,1.07673688353897,2025.6667467426,2025.84109589041,SRR36202277|A/Domestic_Cat/ND/25G03436-001-original/2025|H5N1|USA-ND|Unknown|2025-11-04|feline|D1.1
765,201,0.329595761838261,-75.0938947319307,43.6680274217582,-71.9225060436452,43.6334093375614,1.25656548340409,0.92696972156583,2025.51697958063,2025.84657534247,SRR36202283|A/chicken/NH/25G03769-001-original/2025|H5N1|USA-NH|Unknown|2025-11-06|domestic_avian|D1.1
763,200,0.32888133704882,-75.2310938906173,43.679249212613,-75.1321048892358,44.6000426109194,1.25656548340409,0.927684146355271,2025.51769400542,2025.84657534247,SRR36406342|A/Striped_skunk/NY/25G03988-001/2025|H5N1|USA-NY|St_Lawrence|2025-11-06|other_mammal|D1.1
1210,505,0.256241459807532,-99.4602571466522,37.8951979798345,-75.7009126153821,38.8191892734054,1.25656548340409,1.00032402359656,2025.59033388266,2025.84657534247,SRR36202234|A/chicken/DE/25G03562-002-original/2025|H5N1|USA-DE|Unknown|2025-11-06|domestic_avian|D1.1
1212,507,0.25065434612772,-98.4167049964663,37.7958781690685,-77.9690959798986,34.2735367086812,1.25930520943145,1.00865086330373,2025.59866072237,2025.84931506849,SRR36538326|A/canada_goose/NC/25G04376-001/2025|H5N1|USA-NC|New_Hanover|2025-11-07|wild_avian|D1.1
1170,421,0.409952129490602,-89.9005381853731,44.2897004779612,-87.488342533507,40.8548142151791,1.26204493545903,0.852092805968431,2025.44210266503,2025.85205479452,SRR36203391|A/wood_duck/IN/25G03805-006/2025|H5N1|USA-IN|Newton|2025-11-08|wild_avian|D1.1
1203,447,0.239040166591103,-97.2574475810665,37.1092329643654,-95.0579437802687,35.620653251053,1.26204493545903,1.02300476886793,2025.61301462793,2025.85205479452,SRR36538295|A/american_green_winged_teal/OK/25G04973-021/2025|H5N1|USA-OK|Sequoyah|2025-11-08|wild_avian|D1.1
1313,374,0.232532523839737,-100.309353304036,45.0992525157121,-85.8767875678846,40.0235094113412,1.26204493545903,1.0295124116193,2025.61952227068,2025.85205479452,SRR36538290|A/bald_eagle/IN/25G04807-001/2025|H5N1|USA-IN|Hamilton|2025-11-08|wild_avian|D1.1
1177,427,0.10511628769377,-109.436089863375,40.7400221391867,-95.460705687605,37.4511720922767,1.26204493545903,1.15692864776526,2025.74693850683,2025.85205479452,SRR36406324|A/gadwall/KS/25G04225-001/2025|H5N1|USA-KS|Neosho|2025-11-08|wild_avian|D1.1
1178,425,0.0762928046602511,-94.4432734669778,40.4987901728927,-95.3762068145943,37.5676240062228,1.26204493545903,1.18575213079878,2025.77576198986,2025.85205479452,SRR36538311|A/gadwall/KS/25G04225-031/2025|H5N1|USA-KS|Neosho|2025-11-08|wild_avian|D1.1
1241,1242,0.309665639795135,-114.679814588818,43.4160899965847,-110.41417705799,41.6409161245884,1.2642600942053,0.954594454410168,2025.54460431347,2025.85426995327,NA
1105,317,0.308054524126662,-76.6374127584375,40.7421143661915,-73.2031468018233,41.7637963690693,1.26752438751375,0.959469863387085,2025.54947972245,2025.85753424658,SRR36203383|A/Black_Vulture/CT/25G03770-001-original/2025|H5N1|USA-CT|Unknown|2025-11-10|wild_avian|D1.1
1236,482,0.270911852516394,-111.384718067626,44.7384765210108,-97.6177336738972,45.5402478574001,1.26752438751375,0.996612534997354,2025.58662239406,2025.85753424658,SRR36538310|A/gadwall/SD/25G04284-006/2025|H5N1|USA-SD|Day|2025-11-10|wild_avian|D1.1
1229,492,0.24589867347662,-97.5743115476615,40.425150699763,-81.9791188210157,38.8084797517311,1.26752438751375,1.02162571403713,2025.6116355731,2025.85753424658,SRR36538325|A/canada_goose/WV/25G04377-001/2025|H5N1|USA-WV|Mason|2025-11-10|wild_avian|D1.1
1296,365,0.244079765004809,-89.5297462892074,43.3197573710754,-95.0417362104128,44.9001288134497,1.26752438751375,1.02344462250894,2025.61345448157,2025.85753424658,SRR36406411|A/great_horned_owl/MN/25G04156-001/2025|H5N1|USA-MN|Kandiyohi|2025-11-10|wild_avian|D1.1
1242,473,0.00326429330844502,-110.41417705799,41.6409161245884,-112.061638786349,42.3331596518455,1.26752438751375,1.2642600942053,2025.85426995327,2025.85753424658,SRR36406343|A/trumpeter_swan/ID/25G03984-001/2025|H5N1|USA-ID|Bannock|2025-11-10|wild_avian|D1.1
733,166,0.482597408221745,-91.4308407264773,19.4395304747652,-91.7541185178011,15.2710955480738,1.27300383956846,0.790406431346718,2025.38041629041,2025.86301369863,EPI_ISL_20254739|A/chicken/San_Marcos/FLU-383/2025|H5N1|Guatemala-San_Marcos|Unknown|2025-11-12|domestic_avian|D1.1
1264,417,0.374972246365819,-114.948990680709,45.7396273946176,-92.8990740752902,30.9576426286051,1.27300383956846,0.898031593202643,2025.48804145226,2025.86301369863,SRR36538417|A/ross_s_goose/LA/25G04375-002/2025|H5N1|USA-LA|Vernon|2025-11-12|wild_avian|D1.1
1103,311,0.265418544439492,-77.3312392959156,40.0305471243667,-77.1185754841363,40.0230053419635,1.27300383956846,1.00758529512897,2025.59759515419,2025.86301369863,SRR36406338|A/black_vulture/PA/25G03999-001/2025|H5N1|USA-PA|Adams|2025-11-12|wild_avian|D1.1
1226,496,0.161751003518836,-98.7319858076913,39.027790603782,-102.620552125787,40.8353155776459,1.27300383956846,1.11125283604963,2025.70126269511,2025.86301369863,SRR36406276|A/snow_goose/CO/25G04393-001/2025|H5N1|USA-CO|Sedgwick|2025-11-12|wild_avian|D1.1
1248,479,0.144279098931861,-121.588183839263,48.3588874314372,-123.852583356177,50.8980141775685,1.27300383956846,1.1287247406366,2025.7187345997,2025.86301369863,EPI_ISL_20258525|A/American_Crow/BC/AIVPHL-3863/2025|H5N1|Canada-BC|Unknown|2025-11-12|wild_avian|D1.1
1239,486,0.114814921544245,-96.9483878713579,45.6866602683872,-101.666738648177,35.1624096985764,1.27300383956846,1.15818891802422,2025.74819877709,2025.86301369863,SRR36538334|A/wild_goose/TX/25G04762-002/2025|H5N1|USA-TX|Randall|2025-11-12|wild_avian|D1.1
1242,472,0.0087437453631598,-110.41417705799,41.6409161245884,-116.41100567884,43.5156266175365,1.27300383956846,1.2642600942053,2025.85426995327,2025.86301369863,SRR36406329|A/trumpeter_swan/ID/25G04021-001/2025|H5N1|USA-ID|Ada|2025-11-12|wild_avian|D1.1
1250,488,0.275433538099804,-114.080703851542,42.8532026225612,-121.657101462378,42.7834281984825,1.27574356559582,1.00031002749602,2025.59031988656,2025.86575342466,SRR36406292|A/red_tailed_hawk/OR/25G04259-001/2025|H5N1|USA-OR|Klamath|2025-11-13|wild_avian|D1.1
1321,381,0.275082257510189,-91.8928819333516,44.3316726386864,-87.9266338647035,44.8186755875099,1.27574356559582,1.00066130808563,2025.59067116715,2025.86575342466,SRR36582225|A/mallard_duck/WI/25G04982-005/2025|H5N1|USA-WI|Oconto|2025-11-13|wild_avian|D1.1
1205,510,0.267218131557205,-110.240171340382,40.9131292630763,-121.700251261973,43.2853783389837,1.27574356559582,1.00852543403861,2025.5985352931,2025.86575342466,SRR36406291|A/red_tailed_hawk/OR/25G04260-001/2025|H5N1|USA-OR|Klamath|2025-11-13|wild_avian|D1.1
1208,460,0.265521344948744,-108.225093836726,39.7245317506405,-103.311665543244,42.4368598686866,1.27574356559582,1.01022222064708,2025.60023207971,2025.86575342466,SRR36406289|A/canada_goose/NE/25G04294-001/2025|H5N1|USA-NE|Box_Butte|2025-11-13|wild_avian|D1.1
1041,534,0.252437487156459,-83.9257179623485,32.208113119139,-83.5764130406092,32.5365268273512,1.27574356559582,1.02330607843936,2025.6133159375,2025.86575342466,SRR36538281|A/black_vulture/GA/25G04368-001/2025|H5N1|USA-GA|Houston|2025-11-13|wild_avian|D1.1
1179,452,0.283428138478681,-94.2146062474755,39.4706741441396,-93.0842618905955,44.2123098200216,1.2784832916234,0.995055153144723,2025.58506501221,2025.86849315069,SRR36406424|A/trumpeter_swan/MN/25G04483-001/2025|H5N1|USA-MN|Rice|2025-11-14|wild_avian|D1.1
1175,424,0.273159914981103,-109.474563363476,40.5626217987892,-110.809327041409,42.6322813803725,1.28122301765076,1.00806310266966,2025.59807296173,2025.87123287671,SRR36406281|A/trumpeter_swan/WY/25G04344-003/2025|H5N1|USA-WY|Lincoln|2025-11-15|wild_avian|D1.1
1255,467,0.261915691773404,-110.621316755773,43.4449417910715,-110.839845957552,42.8706768931343,1.28122301765076,1.01930732587736,2025.60931718494,2025.87123287671,SRR36406282|A/trumpeter_swan/WY/25G04344-002/2025|H5N1|USA-WY|Lincoln|2025-11-15|wild_avian|D1.1
1171,422,0.380958616407512,-83.0490055382899,40.6707037262942,-83.3665785366887,41.5495357353449,1.28396274367812,0.903004127270607,2025.49301398633,2025.87397260274,SRR36538390|A/american_black_duck/OH/25G04930-025/2025|H5N1|USA-OH|Ottawa|2025-11-16|wild_avian|D1.1
1189,437,0.258458098161206,-99.2649791279904,36.9289808723464,-89.0621739120337,38.4021580737999,1.28396274367812,1.02550464551691,2025.61551450458,2025.87397260274,SRR36406371|A/canvasback_duck/IL/25G04631-002/2025|H5N1|USA-IL|Jefferson|2025-11-16|wild_avian|D1.1
1181,449,0.261822488983868,-97.506354308473,39.6848217394492,-89.1886978231512,38.6921710738704,1.28670246970548,1.02487998072161,2025.61488983978,2025.87671232877,SRR36406429|A/mallard_duck/IL/25G04430-008/2025|H5N1|USA-IL|Clinton|2025-11-17|wild_avian|D1.1
1216,457,0.186682007070668,-87.2533689078769,30.5792101733984,-81.6099673924337,26.51884754383,1.28670246970548,1.10002046263481,2025.6900303217,2025.87671232877,SRR36406277|A/Fish_crow/FL/25G04379-001/2025|H5N1|USA-FL|Lee|2025-11-17|wild_avian|D1.1
1285,347,0.287117617391333,-103.039543671554,38.7720190463052,-102.125996736242,35.5590967064103,1.28944219573283,1.0023245783415,2025.5923344374,2025.87945205479,SRR36538338|A/wild_goose/TX/25G04760-001/2025|H5N1|USA-TX|Potter|2025-11-18|wild_avian|D1.1
1304,349,0.279633628530446,-101.412145772036,38.8910957382583,-105.788643121035,40.9252347253451,1.28944219573283,1.00980856720239,2025.59981842626,2025.87945205479,SRR36538318|A/canada_goose/CO/25G04853-001/2025|H5N1|USA-CO|Larimer|2025-11-18|wild_avian|D1.1
1248,478,0.160717455096232,-121.588183839263,48.3588874314372,-122.283048911401,48.2230999067221,1.28944219573283,1.1287247406366,2025.7187345997,2025.87945205479,SRR36538351|A/trumpeter_swan/WA/25G04846-002/2025|H5N1|USA-WA|Snohomish|2025-11-18|wild_avian|D1.1
903,22,0.976300277863988,-90.0425015116789,39.1075253637547,-80.0965154053731,32.9485727017079,1.29492164778778,0.318621369923789,2024.90863122899,2025.88493150685,SRR36582238|A/Black_vulture/SC/25G05160-001/2025|H5N1|USA-SC|Charleston|2025-11-20|wild_avian|D1.1
806,272,0.505928579689566,-89.7611644436963,33.5533070043014,-94.2521593925444,35.9699816080852,1.29492164778778,0.78899306809821,2025.37900292716,2025.88493150685,SRR36538271|A/black_vulture/AR/25G04946-001/2025|H5N1|USA-AR|Washington|2025-11-20|wild_avian|D1.1
1263,415,0.290789256866837,-115.163763281567,39.2601841659033,-97.3656532881384,35.1199074092985,1.29492164778778,1.00413239092094,2025.59414224998,2025.88493150685,SRR36538357|A/snow_goose/OK/25G05185-001/2025|H5N1|USA-OK|Cleveland|2025-11-20|wild_avian|D1.1
1205,430,0.286396213749162,-110.240171340382,40.9131292630763,-121.939548210585,37.9889356673228,1.29492164778778,1.00852543403861,2025.5985352931,2025.88493150685,SRR36538343|A/western_gull/CA/25G04840-001/2025|H5N1|USA-CA|Contra_Costa|2025-11-20|wild_avian|D1.1
1215,454,0.196458840727177,-113.846000378787,42.0971982834719,-121.366300777501,38.664558546989,1.29492164778778,1.0984628070606,2025.68847266612,2025.88493150685,SRR36538375|A/red_tailed_hawk/CA/25G04838-002/2025|H5N1|USA-CA|Sacramento|2025-11-20|wild_avian|D1.1
1239,485,0.136732729763559,-96.9483878713579,45.6866602683872,-98.8042376803247,45.6509331446813,1.29492164778778,1.15818891802422,2025.74819877709,2025.88493150685,SRR36538363|A/ross_s_goose/SD/25G04635-003/2025|H5N1|USA-SD|McPherson|2025-11-20|wild_avian|D1.1
1230,499,0.21830955066495,-97.7656069322028,42.1100475322236,-92.0400522377987,45.6509054377567,1.29766137381513,1.07935182315018,2025.66936168221,2025.88767123288,SRR36582215|A/ring_necked_duck/WI/25G05226-008/2025|H5N1|USA-WI|Burnet|2025-11-21|wild_avian|D1.1
1260,420,0.384695711936974,-112.471921346646,44.9714998440907,-76.8750246080398,37.0572300764778,1.30040109984249,0.915705387905517,2025.50571524697,2025.8904109589,SRR36582245|A/american_green_winged_teal/VA/25G05021-005/2025|H5N1|USA-VA|Surry|2025-11-22|wild_avian|D1.1
1180,448,0.292444010318151,-97.285783506865,39.3186041293238,-81.4235622254189,31.467623899841,1.30040109984249,1.00795708952434,2025.59796694859,2025.8904109589,SRR36582243|A/american_green_winged_teal/GA/25G05285-010/2025|H5N1|USA-GA|McIntosh|2025-11-22|wild_avian|D1.1
1237,484,0.289024518719297,-114.738607044011,45.3578307569721,-76.5249472681884,36.5931846596186,1.30040109984249,1.01137658112319,2025.60138644018,2025.8904109589,SRR36538305|A/greater_scaup/VA/25G04885-001/2025|H5N1|USA-VA|Suffolk|2025-11-22|wild_avian|D1.1
1228,494,0.272646115619127,-97.4385024477374,40.3815908843337,-81.535971910662,29.1039209328479,1.30040109984249,1.02775498422336,2025.61776484328,2025.8904109589,SRR36538366|A/ring_necked_duck/FL/25G04963-061/2025|H5N1|USA-FL|Lake|2025-11-22|wild_avian|D1.1
1220,502,0.338012357738138,-102.986392275022,41.5854807053097,-94.3655145665039,39.2291634498645,1.30588055189721,0.967868194159067,2025.55787805322,2025.89589041096,SRR36538359|A/snow_goose/MO/25G04856-004/2025|H5N1|USA-MO|Clay|2025-11-24|wild_avian|D1.1
1323,393,0.306451925305827,-84.6293243340634,41.8039371318487,-83.9690743551099,43.3102741338844,1.30588055189721,0.999428626591379,2025.58943848565,2025.89589041096,SRR36538288|A/bald_eagle/MI/25G04925-001/2025|H5N1|USA-MI|Saginaw|2025-11-24|wild_avian|D1.1
1296,358,0.282435929388267,-89.5297462892074,43.3197573710754,-85.817114579595,43.3190443001908,1.30588055189721,1.02344462250894,2025.61345448157,2025.89589041096,SRR36538286|A/bald_eagle/MI/25G04925-005/2025|H5N1|USA-MI|Newaygo|2025-11-24|wild_avian|D1.1
1178,426,0.120128421098424,-94.4432734669778,40.4987901728927,-90.5760618553255,38.5476550713007,1.30588055189721,1.18575213079878,2025.77576198986,2025.89589041096,SRR36538302|A/mallard_duck/MO/25G04856-003/2025|H5N1|USA-MO|St_Louis|2025-11-24|wild_avian|D1.1
765,202,0.381650556358961,-75.0938947319307,43.6680274217582,-68.6022104241962,45.1632739767607,1.30862027792479,0.92696972156583,2025.51697958063,2025.89863013699,SRR36538185|A/Domestic_goose/ME/25G04880-003/2025|H5N1|USA-ME|Penobscot|2025-11-25|domestic_avian|D1.1
1222,501,0.317442490489212,-101.602140526798,39.7515898503887,-68.9370716356882,45.066753406538,1.30862027792479,0.991177787435579,2025.5811876465,2025.89863013699,SRR36538193|A/Domestic_chicken/ME/25G05080-001/2025|H5N1|USA-ME|Penobscot|2025-11-25|domestic_avian|D1.1
1187,436,0.309866264061284,-100.209624789486,38.3130020160161,-79.9774402299396,33.9833792129925,1.30862027792479,0.998754013863507,2025.58876387293,2025.89863013699,SRR36582221|A/Mute_swan/SC/25G05056-001/2025|H5N1|USA-SC|Sumter|2025-11-25|wild_avian|D1.1
770,195,0.28640138244889,-75.475396435725,42.4003450869343,-76.5471851870301,42.1630746960455,1.30862027792479,1.0222188954759,2025.61222875454,2025.89863013699,SRR36538317|A/canada_goose/NY/25G04881-001/2025|H5N1|USA-NY|Chemung|2025-11-25|wild_avian|D1.1
1238,487,0.169394095434707,-105.654351756255,49.4415370340248,-105.075232066914,48.3125295743627,1.30862027792479,1.13922618249008,2025.72923604155,2025.89863013699,SRR36582231|A/canada_goose/MT/25G05375-001/2025|H5N1|USA-MT|Roosevelt|2025-11-25|wild_avian|D1.1
1203,504,0.291094961111576,-97.2574475810665,37.1092329643654,-81.3956528398958,19.3877581862628,1.31409972997951,1.02300476886793,2025.61301462793,2025.90410958904,EPI_ISL_20261049|H5N1/chicken/CaymanIslands/25AIV50/2025|H5N1|CaymanIslands|Unknown|2025-11-27|domestic_avian|D1.1
1182,450,0.237362846440535,-97.928663138396,39.8610324754239,-77.8732859467262,35.3748249838159,1.31409972997951,1.07673688353897,2025.6667467426,2025.90410958904,SRR36538195|A/Domestic_turkey/NC/25G05083-001/2025|H5N1|USA-NC|Wayne|2025-11-27|domestic_avian|D1.1
1209,509,0.324130530810076,-102.085332310471,38.6749195287323,-74.8599790790272,39.9467956875495,1.31683945600686,0.992708925196786,2025.58271878426,2025.90684931507,SRR36582240|A/Bald_eagle/NJ/25G05298-001/2025|H5N1|USA-NJ|Burlington|2025-11-28|wild_avian|D1.1
1212,508,0.310928318730492,-98.4167049964663,37.7958781690685,-85.6083750319903,31.8105375245659,1.31957918203422,1.00865086330373,2025.59866072237,2025.9095890411,SRR36582196|A/Wood_duck/AL/25G05286-007/2025|H5N1|USA-AL|Barbour|2025-11-29|wild_avian|D1.1
1194,439,0.295503948345433,-109.62653428834,38.0613273728452,-97.6083996732081,40.9375436901171,1.32231890806158,1.02681495971614,2025.61682481878,2025.91232876712,SRR36582209|A/snow_goose/NE/25G05292-001/2025|H5N1|USA-NE|York|2025-11-30|wild_avian|D1.1
1319,380,0.400294827314858,-98.8202426101712,44.484788641908,-95.8864855495742,41.097538062162,1.32505863408916,0.924763806774304,2025.51477366584,2025.91506849315,SRR36582207|A/snow_goose/NE/25G05294-001/2025|H5N1|USA-NE|Sarpy|2025-12-01|wild_avian|D1.1
1231,498,0.306021498782034,-100.498192411937,39.1354245228189,-101.744844659923,33.4142776174363,1.32505863408916,1.01903713530713,2025.60904699437,2025.91506849315,SRR36582197|A/wild_goose/TX/25G05380-001/2025|H5N1|USA-TX|Lubbock|2025-12-01|wild_avian|D1.1
1228,493,0.297303649865798,-97.4385024477374,40.3815908843337,-98.4110758511211,40.522105934605,1.32505863408916,1.02775498422336,2025.61776484328,2025.91506849315,SRR36582206|A/snow_goose/NE/25G05295-001/2025|H5N1|USA-NE|Adams|2025-12-01|wild_avian|D1.1
1245,481,0.222686930731534,-120.776242574519,47.0914717322931,-110.853327772706,45.60410329033,1.32505863408916,1.10237170335763,2025.69238156242,2025.91506849315,SRR36582205|A/snow_goose/MT/25G05372-001/2025|H5N1|USA-MT|Gallatin|2025-12-01|wild_avian|D1.1
1251,469,0.398970501727275,-113.991551950875,45.7199003711446,-95.0222252409965,29.5156071380561,1.32779836011652,0.928827858389245,2025.51883771745,2025.91780821918,SRR36582198|A/Wild_duck/TX/25G05240-001/2025|H5N1|USA-TX|Galveston|2025-12-02|wild_avian|D1.1
1231,490,0.308761224809391,-100.498192411937,39.1354245228189,-89.3714909110016,43.6624791141975,1.32779836011652,1.01903713530713,2025.60904699437,2025.91780821918,SRR36538194|A/peafowl/WI/25G05091-001/2025|H5N1|USA-WI|Marquette|2025-12-02|wild_avian|D1.1
1226,495,0.216545524066894,-98.7319858076913,39.027790603782,-96.7726330857208,39.2486014484585,1.32779836011652,1.11125283604963,2025.70126269511,2025.91780821918,SRR36582213|A/snow_goose/KS/25G05234-001/2025|H5N1|USA-KS|Riley|2025-12-02|wild_avian|D1.1
1206,458,0.389945709249342,-104.001984097599,39.4787010894374,-93.4514481659974,42.0054903455497,1.33053808614388,0.940592376894535,2025.53060223596,2025.92054794521,SRR36538358|A/snow_goose/IA/25G05071-001/2025|H5N1|USA-IA|Story|2025-12-03|wild_avian|D1.1
1247,477,0.306998743090594,-117.704629105592,45.7059056696787,-122.960751730224,48.6784179907242,1.33601753819859,1.029018795108,2025.61902865417,2025.92602739726,SRR36582220|A/Raccoon/WA/25G05425-001/2025|H5N1|USA-WA|San_Juan|2025-12-05|other_mammal|D1.1
