node1,node2,length,startLon,startLat,endLon,endLat,endNodeL,startNodeL,startYear,endYear,tipLabel
679,680,0.289933907681869,-101.4758213251,33.8158504030859,-100.370580510072,33.0133618319645,0.289933907681869,0,2024.417748008,2024.70768191568,NA
679,681,0.101052243142517,-101.4758213251,33.8158504030859,-102.520065560196,36.4623801312611,0.101052243142517,0,2024.417748008,2024.51880025114,NA
681,682,0.0569261869820219,-102.520065560196,36.4623801312611,-109.309893605697,38.5832926142409,0.157978430124539,0.101052243142517,2024.51880025114,2024.57572643812,NA
682,683,0.00646389297176375,-109.309893605697,38.5832926142409,-107.950068173815,38.71228488386,0.164442323096303,0.157978430124539,2024.57572643812,2024.58219033109,NA
681,963,0.0751276691736595,-102.520065560196,36.4623801312611,-103.360393808562,38.5042492998801,0.176179912316177,0.101052243142517,2024.51880025114,2024.59392792031,NA
683,684,0.0145333022465532,-107.950068173815,38.71228488386,-109.597497908842,38.9877397815154,0.178975625342856,0.164442323096303,2024.58219033109,2024.59672363334,NA
683,686,0.0169497412577211,-107.950068173815,38.71228488386,-111.92664802469,41.5457131209823,0.181392064354024,0.164442323096303,2024.58219033109,2024.59914007235,NA
963,1016,0.0141725595044797,-103.360393808562,38.5042492998801,-105.449985723439,38.9852250490984,0.190352471820656,0.176179912316177,2024.59392792031,2024.60810047982,NA
686,687,0.0160734471824036,-111.92664802469,41.5457131209823,-109.609715141185,40.7454984200664,0.197465511536427,0.181392064354024,2024.59914007235,2024.61521351953,NA
1016,1020,0.00758419208591321,-105.449985723439,38.9852250490984,-104.518107528014,41.2626199685472,0.19793666390657,0.190352471820656,2024.60810047982,2024.61568467191,NA
687,688,0.00410060360326003,-109.609715141185,40.7454984200664,-109.611596723019,41.9924600605579,0.201566115139687,0.197465511536427,2024.61521351953,2024.61931412314,NA
686,841,0.027806491965418,-111.92664802469,41.5457131209823,-110.222490760635,42.2992520553212,0.209198556319442,0.181392064354024,2024.59914007235,2024.62694656432,NA
687,715,0.012410565309446,-109.609715141185,40.7454984200664,-106.271610400398,40.3635426928129,0.209876076845873,0.197465511536427,2024.61521351953,2024.62762408484,NA
841,842,0.00929357794629526,-110.222490760635,42.2992520553212,-109.853613649519,42.0980523638205,0.218492134265737,0.209198556319442,2024.62694656432,2024.63624014226,NA
842,845,0.00118757037741601,-109.853613649519,42.0980523638205,-109.395455278759,41.6410484227614,0.219679704643153,0.218492134265737,2024.63624014226,2024.63742771264,NA
963,964,0.0450201860138735,-103.360393808562,38.5042492998801,-106.984710331914,39.2987039403955,0.22120009833005,0.176179912316177,2024.59392792031,2024.63894810633,NA
964,965,0.00408577895023976,-106.984710331914,39.2987039403955,-106.731538195884,38.9377465531462,0.22528587728029,0.22120009833005,2024.63894810633,2024.64303388528,NA
688,689,0.0271374148884587,-109.611596723019,41.9924600605579,-110.205285831575,40.6972455874407,0.228703530028146,0.201566115139687,2024.61931412314,2024.64645153803,NA
965,966,0.0065587235841833,-106.731538195884,38.9377465531462,-106.729919919805,38.9386745247634,0.231844600864473,0.22528587728029,2024.64303388528,2024.64959260886,NA
965,1006,0.0118703161669877,-106.731538195884,38.9377465531462,-108.193515797936,39.2270529573501,0.237156193447278,0.22528587728029,2024.64303388528,2024.65490420145,NA
715,826,0.0337689281210265,-106.271610400398,40.3635426928129,-108.444142015626,43.444616311483,0.2436450049669,0.209876076845873,2024.62762408484,2024.66139301297,NA
715,716,0.0361212263304458,-106.271610400398,40.3635426928129,-98.3519219970489,40.6330614898001,0.245997303176319,0.209876076845873,2024.62762408484,2024.66374531117,NA
1020,1022,0.0490950517608291,-104.518107528014,41.2626199685472,-103.923866567613,41.886236427576,0.247031715667399,0.19793666390657,2024.61568467191,2024.66477972367,NA
845,846,0.0280147565251088,-109.395455278759,41.6410484227614,-98.7612857021481,42.0802015457737,0.247694461168262,0.219679704643153,2024.63742771264,2024.66544246917,NA
688,695,0.0478346151155316,-109.611596723019,41.9924600605579,-111.947363078824,40.8180820093829,0.249400730255219,0.201566115139687,2024.61931412314,2024.66714873825,NA
1022,1023,0.00375223180447137,-103.923866567613,41.886236427576,-104.772496619887,42.5434842528036,0.25078394747187,0.247031715667399,2024.66477972367,2024.66853195547,NA
846,859,0.00580491276410577,-98.7612857021481,42.0802015457737,-98.8860667981119,41.864602694712,0.253499373932368,0.247694461168262,2024.66544246917,2024.67124738193,NA
716,717,0.00964742937571939,-98.3519219970489,40.6330614898001,-89.716727424054,37.6833331510456,0.255644732552039,0.245997303176319,2024.66374531117,2024.67339274055,NA
695,698,0.00927766672834607,-111.947363078824,40.8180820093829,-113.539683203968,41.9846980297506,0.258678396983565,0.249400730255219,2024.66714873825,2024.67642640498,NA
717,720,0.00351617808428495,-89.716727424054,37.6833331510456,-89.1974995177272,37.3024445297079,0.259160910636324,0.255644732552039,2024.67339274055,2024.67690891863,NA
698,699,0.00260799480121876,-113.539683203968,41.9846980297506,-114.476897823564,41.7899179916829,0.261286391784784,0.258678396983565,2024.67642640498,2024.67903439978,NA
966,969,0.0319983402355526,-106.729919919805,38.9386745247634,-100.96810539667,40.17888648042,0.263842941100026,0.231844600864473,2024.64959260886,2024.6815909491,NA
1023,1024,0.014410956232592,-104.772496619887,42.5434842528036,-104.162892885404,41.3294362373765,0.265194903704462,0.25078394747187,2024.66853195547,2024.6829429117,NA
717,718,0.0104036544578998,-89.716727424054,37.6833331510456,-89.6662756616194,37.8453081825161,0.266048387009938,0.255644732552039,2024.67339274055,2024.68379639501,NA
1006,1008,0.0293082001957976,-108.193515797936,39.2270529573501,-108.778141922084,39.3120343105511,0.266464393643075,0.237156193447278,2024.65490420145,2024.68421240164,NA
1024,1067,0.00383340190021553,-104.162892885404,41.3294362373765,-104.329980389012,41.4414798850926,0.269028305604678,0.265194903704462,2024.6829429117,2024.6867763136,NA
846,847,0.0214335670419847,-98.7612857021481,42.0802015457737,-97.5179712351262,41.6906455235587,0.269128028210247,0.247694461168262,2024.66544246917,2024.68687603621,NA
969,970,0.0056960770591532,-100.96810539667,40.17888648042,-99.0764848222933,40.8052952153722,0.269539018159179,0.263842941100026,2024.6815909491,2024.68728702616,NA
689,690,0.0411422836340711,-110.205285831575,40.6972455874407,-107.374411515411,43.2778716109624,0.269845813662217,0.228703530028146,2024.64645153803,2024.68759382166,NA
1022,1352,0.0228968855389042,-103.923866567613,41.886236427576,-105.755530740288,41.6474400805474,0.269928601206303,0.247031715667399,2024.66477972367,2024.6876766092,NA
1006,1007,0.03521993418901,-108.193515797936,39.2270529573501,-114.471800217178,42.0313924767784,0.272376127636288,0.237156193447278,2024.65490420145,2024.69012413563,NA
1352,1353,0.0032905862215713,-105.755530740288,41.6474400805474,-106.201812580425,41.4615174590339,0.273219187427874,0.269928601206303,2024.6876766092,2024.69096719543,NA
970,971,0.00389750179922266,-99.0764848222933,40.8052952153722,-99.5974818094438,40.9288976673238,0.273436519958402,0.269539018159179,2024.68728702616,2024.69118452796,NA
1067,1068,0.0049080654149718,-104.329980389012,41.4414798850926,-108.072768093035,41.5147043660597,0.273936371019649,0.269028305604678,2024.6867763136,2024.69168437902,NA
698,713,0.0155921963503387,-113.539683203968,41.9846980297506,-117.115321920044,43.6012256140292,0.274270593333904,0.258678396983565,2024.67642640498,2024.69201860133,NA
720,739,0.0157102312379518,-89.1974995177272,37.3024445297079,-88.871954432723,37.9195994362235,0.274871141874275,0.259160910636324,2024.67690891863,2024.69261914987,NA
720,721,0.0160356768229244,-89.1974995177272,37.3024445297079,-91.0275514135583,40.4471657000161,0.275196587459248,0.259160910636324,2024.67690891863,2024.69294459546,NA
1068,1069,0.00650070148126902,-108.072768093035,41.5147043660597,-111.293299795533,43.6013603843699,0.280437072500918,0.273936371019649,2024.69168437902,2024.6981850805,NA
826,829,0.0388136932265519,-108.444142015626,43.444616311483,-105.927784905767,41.2124491071731,0.282458698193452,0.2436450049669,2024.66139301297,2024.70020670619,NA
1068,1099,0.0085805614534078,-108.072768093035,41.5147043660597,-109.646840131496,42.4861543953309,0.282516932473057,0.273936371019649,2024.69168437902,2024.70026494047,NA
739,796,0.00873029964008754,-88.871954432723,37.9195994362235,-87.2864250556816,38.3949603685143,0.283601441514363,0.274871141874275,2024.69261914987,2024.70134944951,NA
1353,1355,0.0116595971280449,-106.201812580425,41.4615174590339,-107.65663865297,41.542481412843,0.284878784555919,0.273219187427874,2024.69096719543,2024.70262679255,NA
1353,1354,0.0119719647500449,-106.201812580425,41.4615174590339,-106.367882009639,41.6649255566862,0.285191152177919,0.273219187427874,2024.69096719543,2024.70293916018,NA
1099,1100,0.00279545576821905,-109.646840131496,42.4861543953309,-109.511638377085,42.4953735753933,0.285312388241276,0.282516932473057,2024.70026494047,2024.70306039624,NA
1069,1070,0.00515681043838501,-111.293299795533,43.6013603843699,-115.945522232344,42.958500112616,0.285593882939303,0.280437072500918,2024.6981850805,2024.70334189094,NA
826,827,0.0422714360174841,-108.444142015626,43.444616311483,-107.068490133943,42.4699154644054,0.285916440984384,0.2436450049669,2024.66139301297,2024.70366444898,NA
971,974,0.0125015062995766,-99.5974818094438,40.9288976673238,-99.6362913233538,41.1025080403292,0.285938026257978,0.273436519958402,2024.69118452796,2024.70368603426,NA
1099,1114,0.00356919058138971,-109.646840131496,42.4861543953309,-109.641066229428,42.4730969422415,0.286086123054447,0.282516932473057,2024.70026494047,2024.70383413105,NA
829,830,0.00445470137818438,-105.927784905767,41.2124491071731,-106.477938976469,41.1259410152956,0.286913399571636,0.282458698193452,2024.70020670619,2024.70466140757,NA
1067,1319,0.0181101518393223,-104.329980389012,41.4414798850926,-102.484130920602,40.3006928132961,0.287138457444,0.269028305604678,2024.6867763136,2024.70488646544,NA
969,990,0.023340901170227,-100.96810539667,40.17888648042,-100.103067228776,39.7131676637913,0.287183842270253,0.263842941100026,2024.6815909491,2024.70493185027,NA
721,722,0.0124892511005701,-91.0275514135583,40.4471657000161,-87.7890974987995,39.9715580935098,0.287685838559818,0.275196587459248,2024.69294459546,2024.70543384656,NA
699,700,0.026693889379549,-114.476897823564,41.7899179916829,-113.419327888512,41.6829344434884,0.287980281164333,0.261286391784784,2024.67903439978,2024.70572828916,NA
1100,1101,0.00323990379946637,-109.511638377085,42.4953735753933,-104.048758758315,40.6181536163124,0.288552292040743,0.285312388241276,2024.70306039624,2024.70630030004,NA
689,693,0.0601666460409576,-110.205285831575,40.6972455874407,-109.706765625165,40.9818749735123,0.288870176069104,0.228703530028146,2024.64645153803,2024.70661818407,NA
1114,1115,0.00366552704534917,-109.641066229428,42.4730969422415,-111.682163640302,43.0850787590467,0.289751650099796,0.286086123054447,2024.70383413105,2024.7074996581,NA
990,999,0.00299430139192092,-100.103067228776,39.7131676637913,-100.343336315932,39.8969298298246,0.290178143662174,0.287183842270253,2024.70493185027,2024.70792615166,NA
1070,1077,0.0047898332196985,-115.945522232344,42.958500112616,-117.902554681095,42.6891927953228,0.290383716159002,0.285593882939303,2024.70334189094,2024.70813172416,NA
1115,1116,0.00110110732893198,-111.682163640302,43.0850787590467,-111.676735548322,43.3794606073999,0.290852757428728,0.289751650099796,2024.7074996581,2024.70860076543,NA
1319,1323,0.00415097606206993,-102.484130920602,40.3006928132961,-102.406399951458,40.3184812841161,0.29128943350607,0.287138457444,2024.70488646544,2024.7090374415,NA
1077,1080,0.00136540815891784,-117.902554681095,42.6891927953228,-117.832648717852,42.708471537927,0.29174912431792,0.290383716159002,2024.70813172416,2024.70949713232,NA
830,836,0.00504853445801712,-106.477938976469,41.1259410152956,-106.215936836674,41.8133767305929,0.291961934029653,0.286913399571636,2024.70466140757,2024.70970994203,NA
1024,1025,0.0274319305821107,-104.162892885404,41.3294362373765,-81.0329192464583,38.1805803941986,0.292626834286573,0.265194903704462,2024.6829429117,2024.71037484229,NA
1323,1324,0.00145848485822242,-102.406399951458,40.3184812841161,-102.492272650659,40.3981324338184,0.292747918364292,0.29128943350607,2024.7090374415,2024.71049592636,NA
1101,1107,0.00527847857317654,-104.048758758315,40.6181536163124,-105.949140110338,44.0763743810073,0.293830770613919,0.288552292040743,2024.70630030004,2024.71157877861,NA
739,740,0.0197103974222006,-88.871954432723,37.9195994362235,-89.1564190358001,37.6949266000889,0.294581539296476,0.274871141874275,2024.69261914987,2024.71232954729,NA
1080,1081,0.00465143729985096,-117.832648717852,42.708471537927,-117.824803710872,42.6985409102974,0.296400561617771,0.29174912431792,2024.70949713232,2024.71414856962,NA
1100,1110,0.011218615435316,-109.511638377085,42.4953735753933,-108.317901752987,41.1504766313687,0.296531003676592,0.285312388241276,2024.70306039624,2024.71427901167,NA
740,754,0.00195815281450629,-89.1564190358001,37.6949266000889,-87.2972912797723,37.3528850776728,0.296539692110982,0.294581539296476,2024.71232954729,2024.71428770011,NA
700,701,0.00882905776196208,-113.419327888512,41.6829344434884,-111.504169581326,41.8074298833298,0.296809338926295,0.287980281164333,2024.70572828916,2024.71455734692,NA
701,702,2.76057566357402e-05,-111.504169581326,41.8074298833298,-111.537949581102,41.8034244321039,0.296836944682931,0.296809338926295,2024.71455734692,2024.71458495268,NA
754,757,0.000442119366764526,-87.2972912797723,37.3528850776728,-87.3544498114843,37.3871555580315,0.296981811477747,0.296539692110982,2024.71428770011,2024.71472981948,NA
722,724,0.00943967697587866,-87.7890974987995,39.9715580935098,-87.7775159281356,39.8951513033107,0.297125515535697,0.287685838559818,2024.70543384656,2024.71487352353,NA
1070,1071,0.0115799260229787,-115.945522232344,42.958500112616,-115.901661268043,43.1745158420153,0.297173808962282,0.285593882939303,2024.70334189094,2024.71492181696,NA
1116,1117,0.00637731511812922,-111.676735548322,43.3794606073999,-111.913065223376,43.3157349984165,0.297230072546857,0.290852757428728,2024.70860076543,2024.71497808055,NA
1117,1300,0.000587422329463294,-111.913065223376,43.3157349984165,-111.986613448562,43.2524604128109,0.297817494876321,0.297230072546857,2024.71497808055,2024.71556550287,NA
1016,1017,0.107559084525098,-105.449985723439,38.9852250490984,-122.60669691742,43.9519816857388,0.297911556345754,0.190352471820656,2024.60810047982,2024.71565956434,NA
1101,1102,0.00973064772036913,-104.048758758315,40.6181536163124,-106.558040173163,42.0163982255652,0.298282939761112,0.288552292040743,2024.70630030004,2024.71603094776,NA
724,725,0.00137163469381951,-87.7775159281356,39.8951513033107,-87.3850066198338,40.0581312053425,0.298497150229516,0.297125515535697,2024.71487352353,2024.71624515823,NA
1077,1078,0.00856955463414732,-117.902554681095,42.6891927953228,-117.791089835222,42.9587074200148,0.298953270793149,0.290383716159002,2024.70813172416,2024.71670127879,NA
796,797,0.0153602109452882,-87.2864250556816,38.3949603685143,-87.1254381590853,38.1219469354779,0.298961652459651,0.283601441514363,2024.70134944951,2024.71670966046,NA
1300,1302,0.00139084383736643,-111.986613448562,43.2524604128109,-111.978325006697,42.6326839562878,0.299208338713687,0.297817494876321,2024.71556550287,2024.71695634671,NA
859,860,0.0458113590533946,-98.8860667981119,41.864602694712,-97.2770314474959,41.5312560750464,0.299310732985762,0.253499373932368,2024.67124738193,2024.71705874098,NA
700,709,0.0113344722021389,-113.419327888512,41.6829344434884,-115.33252425957,41.0315744899637,0.299314753366472,0.287980281164333,2024.70572828916,2024.71706276137,NA
836,839,0.00798977378007804,-106.215936836674,41.8133767305929,-106.483313395686,42.5737263627871,0.299951707809731,0.291961934029653,2024.70970994203,2024.71769971581,NA
1023,1351,0.04941217169865,-104.772496619887,42.5434842528036,-106.123151584175,43.8489339254183,0.30019611917052,0.25078394747187,2024.66853195547,2024.71794412717,NA
1080,1088,0.00874769267758002,-117.832648717852,42.708471537927,-117.861403304804,42.7034208269004,0.3004968169955,0.29174912431792,2024.70949713232,2024.71824482499,NA
860,862,0.00169910839462339,-97.2770314474959,41.5312560750464,-97.077613633166,41.3684700409434,0.301009841380386,0.299310732985762,2024.71705874098,2024.71875784938,NA
690,692,0.0311745314154377,-107.374411515411,43.2778716109624,-106.731388718655,47.2230334560513,0.301020345077655,0.269845813662217,2024.68759382166,2024.71876835308,NA
862,863,0.000352297339407892,-97.077613633166,41.3684700409434,-97.3253660963483,41.4907503228282,0.301362138719794,0.301009841380386,2024.71875784938,2024.71911014672,NA
970,975,0.0318989990820935,-99.0764848222933,40.8052952153722,-95.0232702689468,37.7844518592144,0.301438017241273,0.269539018159179,2024.68728702616,2024.71918602524,NA
830,831,0.0145870201976719,-106.477938976469,41.1259410152956,-106.803479313788,41.1705632563815,0.301500419769308,0.286913399571636,2024.70466140757,2024.71924842777,NA
836,837,0.00988423040112041,-106.215936836674,41.8133767305929,-102.856402703798,44.4367844129189,0.301846164430774,0.291961934029653,2024.70970994203,2024.71959417243,NA
1115,1307,0.0127527683392952,-111.682163640302,43.0850787590467,-111.676527724411,42.7187814158771,0.302504418439091,0.289751650099796,2024.7074996581,2024.72025242644,NA
1081,1084,0.00617048800907605,-117.824803710872,42.6985409102974,-123.33769356276,45.4902039789121,0.302571049626847,0.296400561617771,2024.71414856962,2024.72031905763,NA
682,962,0.144798995509544,-109.309893605697,38.5832926142409,-108.654862745752,41.0042865779658,0.302777425634083,0.157978430124539,2024.57572643812,2024.72052543363,NA
831,832,0.00159265571001788,-106.803479313788,41.1705632563815,-106.830127382978,41.1706626085825,0.303093075479326,0.301500419769308,2024.71924842777,2024.72084108348,NA
1008,1009,0.0366398682989635,-108.778141922084,39.3120343105511,-107.041290941431,38.3581001753427,0.303104261942039,0.266464393643075,2024.68421240164,2024.72085226994,NA
1323,1326,0.0119224754858895,-102.406399951458,40.3184812841161,-90.5675161831348,40.3999800144641,0.303211908991959,0.29128943350607,2024.7090374415,2024.72095991699,NA
831,833,0.00200372362690171,-106.803479313788,41.1705632563815,-107.288300163915,40.4575181191566,0.30350414339621,0.301500419769308,2024.71924842777,2024.72125215139,NA
1307,1308,0.00101336080169689,-111.676527724411,42.7187814158771,-111.499740389778,42.4104170429044,0.303517779240788,0.302504418439091,2024.72025242644,2024.72126578724,NA
1009,1010,0.000706725319208124,-107.041290941431,38.3581001753427,-107.106854267703,38.2990671067412,0.303810987261247,0.303104261942039,2024.72085226994,2024.72155899526,NA
709,710,0.00455099130452208,-115.33252425957,41.0315744899637,-114.839559170849,40.9151874266265,0.303865744670994,0.299314753366472,2024.71706276137,2024.72161375267,NA
757,758,0.00698645678220178,-87.3544498114843,37.3871555580315,-89.8490017323916,38.4082360740592,0.303968268259948,0.296981811477747,2024.71472981948,2024.72171627626,NA
1017,1019,0.00613312666573029,-122.60669691742,43.9519816857388,-122.423930837777,44.0543188011867,0.304044683011484,0.297911556345754,2024.71565956434,2024.72179269101,NA
1078,1079,0.00533772357044615,-117.791089835222,42.9587074200148,-117.976963792403,42.7909199396992,0.304290994363595,0.298953270793149,2024.71670127879,2024.72203900236,NA
1088,1089,0.00386766212051337,-117.861403304804,42.7034208269004,-119.35803924061,41.8491624943597,0.304364479116013,0.3004968169955,2024.71824482499,2024.72211248711,NA
1326,1327,0.00141083295818323,-90.5675161831348,40.3999800144641,-90.1133287313771,40.3199966097512,0.304622741950143,0.303211908991959,2024.72095991699,2024.72237074995,NA
1114,1317,0.0188698116197197,-109.641066229428,42.4730969422415,-110.71574817792,43.5758404994507,0.304955934674167,0.286086123054447,2024.70383413105,2024.72270394267,NA
695,696,0.0561184777121446,-111.947363078824,40.8180820093829,-107.724297115021,41.2076581902957,0.305519207967364,0.249400730255219,2024.66714873825,2024.72326721597,NA
975,976,0.00416649933092406,-95.0232702689468,37.7844518592144,-95.184819678564,37.9833358851741,0.305604516572197,0.301438017241273,2024.71918602524,2024.72335252457,NA
725,735,0.00711106407542572,-87.3850066198338,40.0581312053425,-90.4340634420846,37.4921914026644,0.305608214304942,0.298497150229516,2024.71624515823,2024.7233562223,NA
971,972,0.0321770763019011,-99.5974818094438,40.9288976673238,-100.284158548146,40.3124663766697,0.305613596260303,0.273436519958402,2024.69118452796,2024.72336160426,NA
690,691,0.035968616044773,-107.374411515411,43.2778716109624,-107.700786360945,43.5216586201707,0.30581442970699,0.269845813662217,2024.68759382166,2024.72356243771,NA
693,694,0.0171328199840419,-109.706765625165,40.9818749735123,-111.936695213768,41.6836011461669,0.306002996053146,0.288870176069104,2024.70661818407,2024.72375100405,NA
702,703,0.00924279848796816,-111.537949581102,41.8034244321039,-116.02575473148,46.3049802210535,0.306079743170899,0.296836944682931,2024.71458495268,2024.72382775117,NA
975,987,0.00469735958113304,-95.0232702689468,37.7844518592144,-94.5000149692996,35.3136283502143,0.306135376822406,0.301438017241273,2024.71918602524,2024.72388338482,NA
757,763,0.00917221413995795,-87.3544498114843,37.3871555580315,-86.8276961372243,37.1447085318252,0.306154025617705,0.296981811477747,2024.71472981948,2024.72390203362,NA
966,967,0.0743324113681527,-106.729919919805,38.9386745247634,-109.905727169698,39.9054692817925,0.306177012232626,0.231844600864473,2024.64959260886,2024.72392502023,NA
1116,1303,0.0153547411708719,-111.676735548322,43.3794606073999,-108.958924710737,42.4426958477468,0.3062074985996,0.290852757428728,2024.70860076543,2024.7239555066,NA
1117,1118,0.00898930546256271,-111.913065223376,43.3157349984165,-112.224733449407,43.2983766557819,0.30621937800942,0.297230072546857,2024.71497808055,2024.72396738601,NA
1008,1013,0.0397956090657736,-108.778141922084,39.3120343105511,-94.9192705313296,38.0987090255561,0.306260002708849,0.266464393643075,2024.68421240164,2024.72400801071,NA
1327,1328,0.00166364293916654,-90.1133287313771,40.3199966097512,-89.8993567193715,40.2616627031232,0.306286384889309,0.304622741950143,2024.72237074995,2024.72403439289,NA
722,723,0.0186969134212605,-87.7890974987995,39.9715580935098,-83.4991061196636,31.5817325933606,0.306382751981078,0.287685838559818,2024.70543384656,2024.72413075998,NA
1317,1318,0.00147412842305283,-110.71574817792,43.5758404994507,-109.846933675725,42.8970245749429,0.306430063097219,0.304955934674167,2024.72270394267,2024.7241780711,NA
763,792,0.00029289589137127,-86.8276961372243,37.1447085318252,-87.0084945696544,37.2719349262433,0.306446921509076,0.306154025617705,2024.72390203362,2024.72419492951,NA
735,736,0.00100019827037889,-90.4340634420846,37.4921914026644,-89.7273182769411,36.8190182928476,0.306608412575321,0.305608214304942,2024.7233562223,2024.72435642057,NA
999,1000,0.0166269926649174,-100.343336315932,39.8969298298246,-100.78795275048,40.4141392834928,0.306805136327091,0.290178143662174,2024.70792615166,2024.72455314433,NA
859,882,0.0533216453604841,-98.8860667981119,41.864602694712,-74.1087651579005,41.578135786182,0.306821019292852,0.253499373932368,2024.67124738193,2024.72456902729,NA
882,883,0.000458452296931977,-74.1087651579005,41.578135786182,-74.1077200290846,41.5827879930626,0.307279471589784,0.306821019292852,2024.72456902729,2024.72502747959,NA
1319,1320,0.02014227717021,-102.484130920602,40.3006928132961,-103.331335856823,41.9752119767027,0.30728073461421,0.287138457444,2024.70488646544,2024.72502874261,NA
1320,1321,7.2872381301714e-05,-103.331335856823,41.9752119767027,-103.681775543319,41.8368964951706,0.307353606995512,0.30728073461421,2024.72502874261,2024.72510161499,NA
792,794,0.00091519486113989,-87.0084945696544,37.2719349262433,-86.5791057169513,38.1504670438874,0.307362116370216,0.306446921509076,2024.72419492951,2024.72511012437,NA
763,764,0.00122769801291422,-86.8276961372243,37.1447085318252,-87.0922534784972,37.1510871180273,0.307381723630619,0.306154025617705,2024.72390203362,2024.72512973163,NA
1102,1103,0.00913102627275886,-106.558040173163,42.0163982255652,-106.099831747668,41.501904088326,0.307413966033871,0.298282939761112,2024.71603094776,2024.72516197403,NA
740,741,0.0128624162507291,-89.1564190358001,37.6949266000889,-91.0796291559905,39.427732447472,0.307443955547205,0.294581539296476,2024.71232954729,2024.72519196355,NA
684,685,0.128784867679328,-109.597497908842,38.9877397815154,-114.596969748124,39.1411415925404,0.307760493022184,0.178975625342856,2024.59672363334,2024.72550850102,NA
990,991,0.0218746481532139,-100.103067228776,39.7131676637913,-96.8535969498765,39.3260542161129,0.309058490423467,0.287183842270253,2024.70493185027,2024.72680649842,NA
863,864,0.00887212346644839,-97.3253660963483,41.4907503228282,-89.1893911828806,39.5236441741171,0.310234262186242,0.301362138719794,2024.71911014672,2024.72798227018,NA
842,843,0.0954419730380689,-109.853613649519,42.0980523638205,-111.449685951216,39.4746524122693,0.313934107303806,0.218492134265737,2024.63624014226,2024.7316821153,NA
976,977,0.00899081474704988,-95.184819678564,37.9833358851741,-95.7163102739886,37.9796025116818,0.314595331319246,0.305604516572197,2024.72335252457,2024.73234333932,NA
703,704,0.00856984105629,-116.02575473148,46.3049802210535,-115.827533681688,47.5972018207097,0.314649584227189,0.306079743170899,2024.72382775117,2024.73239759223,NA
847,848,0.0475358869356999,-97.5179712351262,41.6906455235587,-106.007691595072,48.7770552325137,0.316663915145946,0.269128028210247,2024.68687603621,2024.73441192314,NA
829,265,0.0347659714036712,-105.927784905767,41.2124491071731,-133.637132326259,58.3564361625906,0.317224669597123,0.282458698193452,2024.70020670619,2024.7349726776,SRR34491577|A/green_winged_teal/AK/24-029315-007/2024|H5N1|USA-AK|Juneau|2024-09-26|wild_avian|D1.1
797,821,0.0214020830692658,-87.1254381590853,38.1219469354779,-87.8815042172115,36.4768150733149,0.320363735528917,0.298961652459651,2024.71670966046,2024.73811174353,NA
713,714,0.0479404093249916,-117.115321920044,43.6012256140292,-118.152551703687,42.206948264522,0.322211002658895,0.274270593333904,2024.69201860133,2024.73995901066,NA
1088,1090,0.0236436792030861,-117.861403304804,42.7034208269004,-115.03836332,40.2140601646782,0.324140496198586,0.3004968169955,2024.71824482499,2024.7418885042,NA
701,706,0.0275567512101325,-111.504169581326,41.8074298833298,-111.845672327971,41.7130793099047,0.324366090136427,0.296809338926295,2024.71455734692,2024.74211409813,NA
702,705,0.0278559499727604,-111.537949581102,41.8034244321039,-114.251339308698,42.494744023173,0.324692894655691,0.296836944682931,2024.71458495268,2024.74244090265,NA
1009,1011,0.0219196247568847,-107.041290941431,38.3581001753427,-108.645543245482,38.4542919866746,0.325023886698923,0.303104261942039,2024.72085226994,2024.7427718947,NA
972,973,0.019964397377042,-100.284158548146,40.3124663766697,-100.271849384092,40.3538369273999,0.325577993637345,0.305613596260303,2024.72336160426,2024.74332600164,NA
1081,1082,0.0294245355526139,-117.824803710872,42.6985409102974,-112.467338081989,41.0512905594464,0.325825097170385,0.296400561617771,2024.71414856962,2024.74357310517,NA
710,711,0.0220325066462419,-114.839559170849,40.9151874266265,-114.707166080374,42.1272573076508,0.325898251317236,0.303865744670994,2024.72161375267,2024.74364625932,NA
1303,1304,0.0205742264234525,-108.958924710737,42.4426958477468,-109.453152124333,43.2613251999612,0.326781725023052,0.3062074985996,2024.7239555066,2024.74452973302,NA
1308,1313,0.0242762074502265,-111.499740389778,42.4104170429044,-114.262087870467,42.0261067575801,0.327793986691015,0.303517779240788,2024.72126578724,2024.74554199469,NA
1313,1314,0.00188372342604426,-114.262087870467,42.0261067575801,-115.471952710508,43.2908521176245,0.329677710117059,0.327793986691015,2024.74554199469,2024.74742571812,NA
764,781,0.0235226136302178,-87.0922534784972,37.1510871180273,-88.4604454380074,37.68249021407,0.330904337260837,0.307381723630619,2024.72512973163,2024.74865234526,NA
1327,1337,0.0270181471239241,-90.1133287313771,40.3199966097512,-89.2658763044625,40.555261310618,0.331640889074067,0.304622741950143,2024.72237074995,2024.74938889707,NA
987,988,0.0256663359863691,-94.5000149692996,35.3136283502143,-97.7253075298478,42.3112354454931,0.331801712808775,0.306135376822406,2024.72388338482,2024.74954972081,NA
964,1015,0.111119743456879,-106.984710331914,39.2987039403955,-103.127607843708,38.3472104747286,0.332319841786929,0.22120009833005,2024.63894810633,2024.75006784979,NA
827,828,0.0492616496179217,-107.068490133943,42.4699154644054,-113.119004216001,41.3776498156827,0.335178090602306,0.285916440984384,2024.70366444898,2024.7529260986,NA
741,747,0.0277645400643061,-91.0796291559905,39.427732447472,-89.9683264549226,40.8937796872769,0.335208495611511,0.307443955547205,2024.72519196355,2024.75295650361,NA
860,861,0.0388635467513092,-97.2770314474959,41.5312560750464,-92.4759414169762,38.5347925355317,0.338174279737071,0.299310732985762,2024.71705874098,2024.75592228774,NA
862,878,0.0372739312658306,-97.077613633166,41.3684700409434,-102.972586545976,42.4440094269371,0.338283772646216,0.301009841380386,2024.71875784938,2024.75603178064,NA
863,877,0.038564854706471,-97.3253660963483,41.4907503228282,-100.745925171193,42.2435809910338,0.339926993426265,0.301362138719794,2024.71911014672,2024.75767500142,NA
1025,1026,0.0515705401653044,-81.0329192464583,38.1805803941986,-80.7159739423676,37.9815889441532,0.344197374451877,0.292626834286573,2024.71037484229,2024.76194538245,NA
843,844,0.0320703960988458,-111.449685951216,39.4746524122693,-112.776065474534,40.7294753975795,0.346004503402652,0.313934107303806,2024.7316821153,2024.7637525114,NA
1304,1305,0.0201253067179188,-109.453152124333,43.2613251999612,-109.452928412508,36.7360311896921,0.346907031740971,0.326781725023052,2024.74452973302,2024.76465503974,NA
1020,1021,0.150094987806339,-104.518107528014,41.2626199685472,-120.918054974585,41.3085870292704,0.348031651712909,0.19793666390657,2024.61568467191,2024.76577965971,NA
1071,1072,0.0528562767272656,-115.901661268043,43.1745158420153,-115.570138466636,42.9553493780708,0.350030085689548,0.297173808962282,2024.71492181696,2024.76777809369,NA
821,822,0.0297070491178586,-87.8815042172115,36.4768150733149,-86.6902952627611,35.9361938665944,0.350070784646775,0.320363735528917,2024.73811174353,2024.76781879265,NA
797,798,0.0511593854955636,-87.1254381590853,38.1219469354779,-87.556436230024,38.2115222831958,0.350121037955215,0.298961652459651,2024.71670966046,2024.76786904595,NA
696,697,0.045719392836264,-107.724297115021,41.2076581902957,-108.232400411105,40.7097950693713,0.351238600803628,0.305519207967364,2024.72326721597,2024.7689866088,NA
1084,1085,0.0486782501167731,-123.33769356276,45.4902039789121,-124.027027974069,46.7950651946003,0.35124929974362,0.302571049626847,2024.72031905763,2024.76899730774,NA
967,968,0.0451359534679496,-109.905727169698,39.9054692817925,-118.988509273785,36.068617316877,0.351312965700576,0.306177012232626,2024.72392502023,2024.7690609737,NA
1103,1104,0.0448603546755382,-106.099831747668,41.501904088326,-91.0920035416375,35.365455481856,0.352274320709409,0.307413966033871,2024.72516197403,2024.77002232871,NA
725,726,0.0557176698376864,-87.3850066198338,40.0581312053425,-87.2782868379724,40.2155955593255,0.354214820067203,0.298497150229516,2024.71624515823,2024.77196282807,NA
1026,1058,0.0108801927908304,-80.7159739423676,37.9815889441532,-84.193792324717,40.7330294030451,0.355077567242708,0.344197374451877,2024.76194538245,2024.77282557524,NA
1107,1108,0.061740268186276,-105.949140110338,44.0763743810073,-93.4463882406394,39.1057438997829,0.355571038800195,0.293830770613919,2024.71157877861,2024.7733190468,NA
883,884,0.0483503806707315,-74.1077200290846,41.5827879930626,-74.0037924952285,41.6003994172491,0.355629852260515,0.307279471589784,2024.72502747959,2024.77337786026,NA
706,707,0.0314837964371397,-111.845672327971,41.7130793099047,-100.580376664645,37.1199474527674,0.355849886573567,0.324366090136427,2024.74211409813,2024.77359789457,NA
1000,1001,0.0490884957850504,-100.78795275048,40.4141392834928,-94.9330854957722,41.1423630727775,0.355893632112142,0.306805136327091,2024.72455314433,2024.77364164011,NA
792,793,0.0507573312676828,-87.0084945696544,37.2719349262433,-87.8404079387334,38.4810621143091,0.357204252776759,0.306446921509076,2024.72419492951,2024.77495226078,NA
706,708,0.033507092717709,-111.845672327971,41.7130793099047,-111.451688741741,41.5940844641502,0.357873182854136,0.324366090136427,2024.74211409813,2024.77562119085,NA
1090,1091,0.0338140845400827,-115.03836332,40.2140601646782,-112.017181753544,35.6689447350067,0.357954580738669,0.324140496198586,2024.7418885042,2024.77570258874,NA
977,978,0.0435695002469809,-95.7163102739886,37.9796025116818,-98.1473070920841,38.0905126561069,0.358164831566227,0.314595331319246,2024.73234333932,2024.77591283956,NA
798,799,0.00829455368775212,-87.556436230024,38.2115222831958,-88.1530066647401,38.9375914069056,0.358415591642967,0.350121037955215,2024.76786904595,2024.77616359964,NA
1110,1111,0.062048208623118,-108.317901752987,41.1504766313687,-103.115685901187,39.3599634010533,0.35857921229971,0.296531003676592,2024.71427901167,2024.7763272203,NA
699,712,0.0977180778349689,-114.476897823564,41.7899179916829,-114.461575620571,41.7486271806163,0.359004469619753,0.261286391784784,2024.67903439978,2024.77675247762,NA
1324,1325,0.0666061885014133,-102.492272650659,40.3981324338184,-100.687840750824,39.5397562580889,0.359354106865706,0.292747918364292,2024.71049592636,2024.77710211486,NA
978,984,0.00204114025402924,-98.1473070920841,38.0905126561069,-97.6975522614917,38.4619374919572,0.360205971820257,0.358164831566227,2024.77591283956,2024.77795397982,NA
798,809,0.0105965153443077,-87.556436230024,38.2115222831958,-86.067507077872,36.4928461585573,0.360717553299522,0.350121037955215,2024.76786904595,2024.7784655613,NA
841,4,0.151741960272155,-110.222490760635,42.2992520553212,-118.102386158115,39.9046694031741,0.360940516591596,0.209198556319442,2024.62694656432,2024.77868852459,SRR34491317|A/mallard/NV/24-030919-002/2024|H5N1|USA-NV|Churchill|2024-10-12|wild_avian|D1.1
736,737,0.0548288476079684,-89.7273182769411,36.8190182928476,-89.7275855074199,36.920313218684,0.361437260183289,0.306608412575321,2024.72435642057,2024.77918526818,NA
781,782,0.0310694878320426,-88.4604454380074,37.68249021407,-89.3949394401601,37.6309606523373,0.361973825092879,0.330904337260837,2024.74865234526,2024.77972183309,NA
839,840,0.0635157070520307,-106.483313395686,42.5737263627871,-108.229375710646,43.3324530500591,0.363467414861762,0.299951707809731,2024.71769971581,2024.78121542286,NA
884,909,0.00811189529050038,-74.0037924952285,41.6003994172491,-74.1408184574965,41.5384891169028,0.363741747551016,0.355629852260515,2024.77337786026,2024.78148975555,NA
1300,1301,0.0669709538946102,-111.986613448562,43.2524604128109,-114.745211313019,47.7672720875884,0.364788448770931,0.297817494876321,2024.71556550287,2024.78253645677,NA
726,731,0.010918715648877,-87.2782868379724,40.2155955593255,-91.1769108154381,44.5869431651641,0.36513353571608,0.354214820067203,2024.77196282807,2024.78288154371,NA
1001,1002,0.0101645460509301,-94.9330854957722,41.1423630727775,-95.2701489821126,41.3365977843778,0.366058178163072,0.355893632112142,2024.77364164011,2024.78380618616,NA
847,849,0.0986946370951569,-97.5179712351262,41.6906455235587,-88.2121910608213,42.9683503145099,0.367822665305404,0.269128028210247,2024.68687603621,2024.7855706733,NA
1085,1087,0.0171388777801524,-124.027027974069,46.7950651946003,-128.835571662264,49.3395283703273,0.368388177523772,0.35124929974362,2024.76899730774,2024.78613618552,NA
1104,1105,0.0165744919266904,-91.0920035416375,35.365455481856,-91.1541633474809,36.5263070407813,0.368848812636099,0.352274320709409,2024.77002232871,2024.78659682063,NA
1010,630,0.0653262506419554,-107.106854267703,38.2990671067412,-160.710424001833,55.5163579151221,0.369137237903202,0.303810987261247,2024.72155899526,2024.7868852459,SRR36617615|A/northern_pintail/AK/24-037862-007/2024|H5N1|USA-AK|Aleutians_East|2024-10-15|wild_avian|D1.1
705,252,0.0444443432475112,-114.251339308698,42.494744023173,-119.186773603088,47.5671132527818,0.369137237903202,0.324692894655691,2024.74244090265,2024.7868852459,SRR34491564|A/northern_pintail/WA/24-030720-008/2024|H5N1|USA-WA|Grant|2024-10-15|wild_avian|D1.1
1118,1119,0.0642197861939293,-112.224733449407,43.2983766557819,-105.790260971561,43.2087490058192,0.370439164203349,0.30621937800942,2024.72396738601,2024.7881871722,NA
1337,1338,0.0398314984791843,-89.2658763044625,40.555261310618,-88.7641523075811,40.1374577063821,0.371472387553251,0.331640889074067,2024.74938889707,2024.78922039555,NA
809,810,0.0119498473290784,-86.067507077872,36.4928461585573,-85.1266672773371,35.8068998455346,0.372667400628601,0.360717553299522,2024.7784655613,2024.79041540863,NA
799,800,0.0150863325950081,-88.1530066647401,38.9375914069056,-87.2052768209639,38.5740191491453,0.373501924237975,0.358415591642967,2024.77616359964,2024.79124993224,NA
1328,1330,0.0677713509989846,-89.8993567193715,40.2616627031232,-96.0583747841621,37.5035369806164,0.374057735888294,0.306286384889309,2024.72403439289,2024.79180574389,NA
1118,335,0.0683823407680346,-112.224733449407,43.2983766557819,-119.55678392104,51.5505287923478,0.374601718777455,0.30621937800942,2024.72396738601,2024.79234972678,EPI_ISL_19787968|A/Canada_Goose/BC/AIVPHL-2656/2024|H5N1|Canada-BC|Unknown|2024-10-17|wild_avian|D1.1
1330,1333,0.000843034073382265,-96.0583747841621,37.5035369806164,-96.0605722353803,37.4547744146192,0.374900769961676,0.374057735888294,2024.79180574389,2024.79264877796,NA
737,738,0.0142745679418586,-89.7275855074199,36.920313218684,-87.5409605753489,35.721570871139,0.375711828125148,0.361437260183289,2024.77918526818,2024.79345983612,NA
1058,1059,0.0225273119493943,-84.193792324717,40.7330294030451,-82.0590203297576,39.7743700675958,0.377604879192102,0.355077567242708,2024.77282557524,2024.79535288719,NA
741,742,0.0711625021868025,-91.0796291559905,39.427732447472,-91.1105873676644,39.0612563926902,0.378606457734008,0.307443955547205,2024.72519196355,2024.79635446573,NA
1069,558,0.0996291271507885,-111.293299795533,43.6013603843699,-111.456575989218,46.400122875994,0.380066199651707,0.280437072500918,2024.6981850805,2024.79781420765,SRR36628568|A/green_winged_teal/MT/24-031811-004/2024|H5N1|USA-MT|Broadwater|2024-10-19|wild_avian|D1.1
694,241,0.0740632035985613,-111.936695213768,41.6836011461669,-119.210945292065,47.6616103420313,0.380066199651707,0.306002996053146,2024.72375100405,2024.79781420765,SRR34491467|A/mallard/WA/24-031817-001/2024|H5N1|USA-WA|Grant|2024-10-19|wild_avian|D1.1
1103,615,0.0726522336178363,-106.099831747668,41.501904088326,-116.234345844924,33.1729791773589,0.380066199651707,0.307413966033871,2024.72516197403,2024.79781420765,SRR34491407|A/american_white_pelican/CA/24-031867-001/2024|H5N1|USA-CA|San_Diego|2024-10-19|wild_avian|D1.1
884,885,0.0249627535593571,-74.0037924952285,41.6003994172491,-74.2027058452098,41.7975840554471,0.380592605819872,0.355629852260515,2024.77337786026,2024.79834061382,NA
885,892,0.00110780545725109,-74.2027058452098,41.7975840554471,-73.3570439691,42.1351136133538,0.381700411277123,0.380592605819872,2024.79834061382,2024.79944841928,NA
1026,1027,0.0393907817764712,-80.7159739423676,37.9815889441532,-78.5243943828217,36.5942864235727,0.383588156228348,0.344197374451877,2024.76194538245,2024.80133616423,NA
742,743,0.00606952488641266,-91.1105873676644,39.0612563926902,-94.0130734480752,40.4197473269999,0.38467598262042,0.378606457734008,2024.79635446573,2024.80242399062,NA
1019,285,0.0814859975147024,-122.423930837777,44.0543188011867,-122.998954903783,44.7232512822375,0.385530680526187,0.304044683011484,2024.72179269101,2024.80327868852,SRR34491396|A/cackling_goose/OR/24-031821-001/2024|H5N1|USA-OR|Marion|2024-10-21|wild_avian|D1.1
1027,1028,0.0024927986022476,-78.5243943828217,36.5942864235727,-78.3273699223824,36.8780471438597,0.386080954830596,0.383588156228348,2024.80133616423,2024.80382896283,NA
909,910,0.0223976865244986,-74.1408184574965,41.5384891169028,-77.2557274699892,44.5639429707572,0.386139434075514,0.363741747551016,2024.78148975555,2024.80388744207,NA
1027,1029,0.00288173730262553,-78.5243943828217,36.5942864235727,-76.9937043031271,37.1833494017722,0.386469893530974,0.383588156228348,2024.80133616423,2024.80421790153,NA
1089,588,0.0838984418472997,-119.35803924061,41.8491624943597,-123.989504071483,44.5915208397679,0.388262920963313,0.304364479116013,2024.72211248711,2024.80601092896,SRR34491351|A/canada_goose/OR/24-033934-001/2024|H5N1|USA-OR|Lincoln|2024-10-22|wild_avian|D1.1
809,811,0.0281978004754024,-86.067507077872,36.4928461585573,-86.4383382285742,37.0130519728567,0.388915353774925,0.360717553299522,2024.7784655613,2024.80666336177,NA
1108,1109,0.0334205809846926,-93.4463882406394,39.1057438997829,-92.1919785142805,38.56187828084,0.388991619784888,0.355571038800195,2024.7733190468,2024.80673962778,NA
811,812,0.000884738358255754,-86.4383382285742,37.0130519728567,-87.1240362002239,36.425231653527,0.389800092133181,0.388915353774925,2024.80666336177,2024.80754810013,NA
909,939,0.0268122378091178,-74.1408184574965,41.5384891169028,-74.1622283052634,41.5290942114114,0.390553985360133,0.363741747551016,2024.78148975555,2024.80830199336,NA
1302,333,0.091786822686752,-111.978325006697,42.6326839562878,-114.934273687632,51.8064226877892,0.390995161400439,0.299208338713687,2024.71695634671,2024.8087431694,EPI_ISL_20208389|A/Cackling_Goose/AB/FAV-0398-1/2024|H5N1|Canada-AB|Unknown|2024-10-23|wild_avian|D1.1
1314,1315,0.0618303020396993,-115.471952710508,43.2908521176245,-111.11804007017,44.4786007055806,0.391508012156758,0.329677710117059,2024.74742571812,2024.80925602016,NA
1315,1316,0.0017502535803664,-111.11804007017,44.4786007055806,-111.113129344925,44.6211863107332,0.393258265737125,0.391508012156758,2024.80925602016,2024.81100627374,NA
704,249,0.0790778176103764,-115.827533681688,47.5972018207097,-93.9429775017227,47.3910040702903,0.393727401837565,0.314649584227189,2024.73239759223,2024.81147540984,SRR34491527|A/american_coot/MN/24-032215-004/2024|H5N1|USA-MN|Itasca|2024-10-24|wild_avian|D1.1
704,250,0.0790778176103764,-115.827533681688,47.5972018207097,-93.4632307574608,47.4695407714834,0.393727401837565,0.314649584227189,2024.73239759223,2024.81147540984,SRR34491441|A/american_coot/MN/24-032215-006/2024|H5N1|USA-MN|Itasca|2024-10-24|wild_avian|D1.1
758,759,0.0899701136132478,-89.8490017323916,38.4082360740592,-90.3854192354402,38.8986856175236,0.393938381873196,0.303968268259948,2024.72171627626,2024.81168638987,NA
1085,1086,0.0439703708754897,-124.027027974069,46.7950651946003,-131.449335934734,52.8039247377411,0.39521967061911,0.35124929974362,2024.76899730774,2024.81296767862,NA
1105,1106,0.0266434891241383,-91.1541633474809,36.5263070407813,-89.1155309496646,36.4296454467378,0.395492301760237,0.368848812636099,2024.78659682063,2024.81324030976,NA
1338,1339,0.0244524414572624,-88.7641523075811,40.1374577063821,-90.7383706895769,40.3436130240279,0.395924829010514,0.371472387553251,2024.78922039555,2024.81367283701,NA
692,242,0.0954392971970364,-106.731388718655,47.2230334560513,-104.913801967923,49.0381859667698,0.396459642274691,0.301020345077655,2024.71876835308,2024.81420765027,EPI_ISL_20208420|A/Chicken/SK/FAV-0272-1/2024|H5N1|Canada-SK|Unknown|2024-10-25|domestic_avian|D1.1
837,275,0.0946134778439176,-102.856402703798,44.4367844129189,-135.504452384132,59.0077926922868,0.396459642274691,0.301846164430774,2024.71959417243,2024.81420765027,SRR34491422|A/bald_eagle/AK/24-032749-001/2024|H5N1|USA-AK|Haines|2024-10-25|wild_avian|D1.1
726,727,0.0424365437674636,-87.2782868379724,40.2155955593255,-88.0793371791438,42.2111502458732,0.396651363834666,0.354214820067203,2024.77196282807,2024.81439937183,NA
892,896,0.0172702395962046,-73.3570439691,42.1351136133538,-73.4128337165454,41.9988379677484,0.398970650873328,0.381700411277123,2024.79944841928,2024.81671865887,NA
1007,676,0.12681575507553,-114.471800217178,42.0313924767784,-121.7689794333,38.6392110472984,0.399191882711817,0.272376127636288,2024.69012413563,2024.81693989071,SRR36617365|A/mallard_duck/CA/24-032544-016/2024|H5N1|USA-CA|Yolo|2024-10-26|wild_avian|D1.1
800,804,0.0262145467846784,-87.2052768209639,38.5740191491453,-87.8473309990325,39.1139763414197,0.399716471022653,0.373501924237975,2024.79124993224,2024.81746447902,NA
1330,1331,0.0268806269910304,-96.0583747841621,37.5035369806164,-94.9581453435075,37.1356490322953,0.400938362879324,0.374057735888294,2024.79180574389,2024.81868637088,NA
910,915,0.0151961487359948,-77.2557274699892,44.5639429707572,-76.7528443978959,44.7032265606803,0.401335582811509,0.386139434075514,2024.80388744207,2024.81908359081,NA
1029,1030,0.0170435446076957,-76.9937043031271,37.1833494017722,-76.6984595358647,36.8978352765559,0.40351343813867,0.386469893530974,2024.80421790153,2024.82126144614,NA
747,748,0.0693063596158443,-89.9683264549226,40.8937796872769,-91.6542802546859,38.9172510558689,0.404514855227355,0.335208495611511,2024.75295650361,2024.82226286323,NA
1301,519,0.0398679148153664,-114.745211313019,47.7672720875884,-114.741762162029,50.1436799204565,0.404656363586297,0.364788448770931,2024.78253645677,2024.82240437158,EPI_ISL_19751742|A/Peregrine_Falcon/BC/AIVPHL-2576/2024|H5N1|Canada-BC|Unknown|2024-10-28|wild_avian|D1.1
1059,1060,0.028180977809189,-82.0590203297576,39.7743700675958,-80.6106628734482,37.9186167439469,0.405785857001291,0.377604879192102,2024.79535288719,2024.823533865,NA
915,926,0.00748524405650297,-76.7528443978959,44.7032265606803,-74.3117129802911,43.8017111770374,0.408820826868012,0.401335582811509,2024.81908359081,2024.82656883487,NA
896,902,0.0104753231707526,-73.4128337165454,41.9988379677484,-73.7285077711486,40.9604818557166,0.409445974044081,0.398970650873328,2024.81671865887,2024.82719398204,NA
800,801,0.036266799670065,-87.2052768209639,38.5740191491453,-87.0487261800406,40.1440385385764,0.40976872390804,0.373501924237975,2024.79124993224,2024.82751673191,NA
837,838,0.10809481054932,-102.856402703798,44.4367844129189,-107.921598555404,47.7952905174044,0.409940974980094,0.301846164430774,2024.71959417243,2024.82768898298,NA
703,251,0.104041101289651,-116.02575473148,46.3049802210535,-113.421710281446,47.6235879908142,0.41012084446055,0.306079743170899,2024.72382775117,2024.82786885246,SRR34491342|A/bald_eagle/MT/24-033248-001/2024|H5N1|USA-MT|Flathead|2024-10-30|wild_avian|D1.1
988,661,0.0783191316517748,-97.7253075298478,42.3112354454931,-103.574545749457,50.8174452432083,0.41012084446055,0.331801712808775,2024.74954972081,2024.82786885246,EPI_ISL_20208448|A/Snow_Goose/SK/FAV-0407-6/2024|H5N1|Canada-SK|Unknown|2024-10-30|wild_avian|D1.1
747,749,0.0757068458516357,-89.9683264549226,40.8937796872769,-88.1330121347711,40.5126977398624,0.410915341463147,0.335208495611511,2024.75295650361,2024.82866334946,NA
849,850,0.0433224155509631,-88.2121910608213,42.9683503145099,-88.9762440105848,44.1167284659843,0.411145080856367,0.367822665305404,2024.7855706733,2024.82889308885,NA
804,805,0.012357751260009,-87.8473309990325,39.1139763414197,-88.5069191061562,39.2463262786794,0.412074222282662,0.399716471022653,2024.81746447902,2024.82982223028,NA
915,916,0.0117451202401047,-76.7528443978959,44.7032265606803,-74.4247251815165,42.3291810818484,0.413080703051614,0.401335582811509,2024.81908359081,2024.83082871105,NA
1305,1306,0.0672077218689604,-109.452928412508,36.7360311896921,-116.619751170074,44.5403173865902,0.414114753609932,0.346907031740971,2024.76465503974,2024.83186276161,NA
1082,1083,0.0895278380515745,-112.467338081989,41.0512905594464,-105.934901519625,37.7087143740398,0.415352935221959,0.325825097170385,2024.74357310517,2024.83310094322,NA
691,238,0.109770895627812,-107.700786360945,43.5216586201707,-105.817892729073,42.0559552035638,0.415585325334802,0.30581442970699,2024.72356243771,2024.83333333333,SRR36617768|A/great_horned_owl/WY/24-033104-001/2024|H5N1|USA-WY|Albany|2024-11-01|wild_avian|D1.1
685,278,0.107824832312618,-114.596969748124,39.1411415925404,-118.226798370267,39.317322711959,0.415585325334802,0.307760493022184,2024.72550850102,2024.83333333333,SRR36628797|A/northern_shoveler/NV/24-033106-004/2024|H5N1|USA-NV|Churchill|2024-11-01|wild_avian|D1.1
910,911,0.0297538032215459,-77.2557274699892,44.5639429707572,-73.0304502903386,43.8364098966123,0.41589323729706,0.386139434075514,2024.80388744207,2024.8336412453,NA
805,806,0.00400147283881602,-88.5069191061562,39.2463262786794,-90.6853085427997,38.7960686112284,0.416075695121478,0.412074222282662,2024.82982223028,2024.83382370312,NA
764,765,0.108928458588336,-87.0922534784972,37.1510871180273,-84.1988677943174,41.2445086411906,0.416310182218955,0.307381723630619,2024.72512973163,2024.83405819022,NA
1321,1322,0.109005737095076,-103.681775543319,41.8368964951706,-112.552635996662,42.8902354322532,0.416359344090587,0.307353606995512,2024.72510161499,2024.83410735209,NA
731,732,0.0512985032780111,-91.1769108154381,44.5869431651641,-92.625253961073,44.1774029023925,0.416432038994091,0.36513353571608,2024.78288154371,2024.83418004699,NA
1013,1014,0.111234274949207,-94.9192705313296,38.0987090255561,-92.6773642730121,37.7009052238083,0.417494277658056,0.306260002708849,2024.72400801071,2024.83524228566,NA
742,745,0.0389524845607678,-91.1105873676644,39.0612563926902,-85.189171901972,35.6756808924824,0.417558942294775,0.378606457734008,2024.79635446573,2024.83530695029,NA
782,783,0.0557108388170926,-89.3949394401601,37.6309606523373,-89.2340960909759,37.0984124285748,0.417684663909972,0.361973825092879,2024.77972183309,2024.83543267191,NA
1339,1340,0.0222334378934343,-90.7383706895769,40.3436130240279,-90.7082635745074,40.3117677246293,0.418158266903948,0.395924829010514,2024.81367283701,2024.8359062749,NA
1333,1334,0.0434007823340608,-96.0605722353803,37.4547744146192,-91.7950889376139,35.6691015613396,0.418301552295737,0.374900769961676,2024.79264877796,2024.83604956029,NA
1079,608,0.114026571408333,-117.976963792403,42.7909199396992,-118.457453943048,50.2520312096158,0.418317565771928,0.304290994363595,2024.72203900236,2024.83606557377,EPI_ISL_19751768|A/Snow_Goose/BC/AIVPHL-2636/2024|H5N1|Canada-BC|Unknown|2024-11-02|wild_avian|D1.1
1317,610,0.113361631097761,-110.71574817792,43.5758404994507,-119.864601888534,44.1526943260799,0.418317565771928,0.304955934674167,2024.72270394267,2024.83606557377,SRR34491330|A/canada_goose/OR/24-033933-001/2024|H5N1|USA-OR|Crook|2024-11-02|wild_avian|D1.1
1011,629,0.0932936790730046,-108.645543245482,38.4542919866746,-117.533114989136,39.7967461022941,0.418317565771928,0.325023886698923,2024.7427718947,2024.83606557377,SRR34491332|A/mallard/NV/24-033109-013/2024|H5N1|USA-NV|Churchill|2024-11-02|wild_avian|D1.1
1331,1332,0.0176622406251656,-94.9581453435075,37.1356490322953,-96.5364241121021,37.0363663491663,0.41860060350449,0.400938362879324,2024.81868637088,2024.8363486115,NA
850,851,0.00760214392028336,-88.9762440105848,44.1167284659843,-88.4865600434973,43.1946272822634,0.41874722477665,0.411145080856367,2024.82889308885,2024.83649523278,NA
978,979,0.0608538766771847,-98.1473070920841,38.0905126561069,-94.0157847863798,39.5482075843019,0.419018708243412,0.358164831566227,2024.77591283956,2024.83676671624,NA
727,730,0.0224994934446554,-88.0793371791438,42.2111502458732,-84.3543702275814,40.2553455893097,0.419150857279322,0.396651363834666,2024.81439937183,2024.83689886528,NA
979,980,0.000241913989020404,-94.0157847863798,39.5482075843019,-93.956336796504,39.4095751402527,0.419260622232432,0.419018708243412,2024.83676671624,2024.83700863023,NA
987,989,0.113374325111055,-94.5000149692996,35.3136283502143,-92.9093508724534,34.6681424558798,0.419509701933461,0.306135376822406,2024.72388338482,2024.83725770993,NA
805,808,0.00787998759847186,-88.5069191061562,39.2463262786794,-84.9628819412229,37.062507382222,0.419954209881134,0.412074222282662,2024.82982223028,2024.83770221788,NA
1017,1018,0.124227157001624,-122.60669691742,43.9519816857388,-117.851303851739,35.8663836071958,0.422138713347378,0.297911556345754,2024.71565956434,2024.83988672135,NA
939,940,0.032716772463274,-74.1622283052634,41.5290942114114,-73.4737949520531,42.4482320453558,0.423270757823407,0.390553985360133,2024.80830199336,2024.84101876582,NA
878,879,0.08552805865448,-102.972586545976,42.4440094269371,-103.827079502855,41.4190240447798,0.423811831300696,0.338283772646216,2024.75603178064,2024.8415598393,NA
911,912,0.00807899063462902,-73.0304502903386,43.8364098966123,-74.7756259686048,44.729909302672,0.423972227931689,0.41589323729706,2024.8336412453,2024.84172023593,NA
749,750,0.0143890520420149,-88.1330121347711,40.5126977398624,-88.341987459899,40.0636240140545,0.425304393505162,0.410915341463147,2024.82866334946,2024.8430524015,NA
812,814,0.0355986143162008,-87.1240362002239,36.425231653527,-82.3382559857411,34.6003436246889,0.425398706449381,0.389800092133181,2024.80754810013,2024.84314671445,NA
1000,1003,0.118773323622966,-100.78795275048,40.4141392834928,-101.422361725328,40.0901420737901,0.425578459950057,0.306805136327091,2024.72455314433,2024.84332646795,NA
1314,594,0.096836576966475,-115.471952710508,43.2908521176245,-119.556088360282,47.0958428005717,0.426514287083534,0.329677710117059,2024.74742571812,2024.84426229508,SRR34491322|A/green_winged_teal/WA/24-033431-002/2024|H5N1|USA-WA|Grant|2024-11-05|wild_avian|D1.1
1111,1112,0.0685840823271471,-103.115685901187,39.3599634010533,-80.1190122008819,30.3091728170428,0.427163294626857,0.35857921229971,2024.7763272203,2024.84491130263,NA
926,927,0.0191701903243253,-74.3117129802911,43.8017111770374,-74.4639784460913,43.6715251026389,0.427991017192337,0.408820826868012,2024.82656883487,2024.84573902519,NA
732,733,0.0118786506979782,-92.625253961073,44.1774029023925,-92.7780056595414,44.6871742461326,0.428310689692069,0.416432038994091,2024.83418004699,2024.84605869769,NA
916,917,0.016680315978798,-74.4247251815165,42.3291810818484,-73.0554564246499,41.8091311309496,0.429761019030412,0.413080703051614,2024.83082871105,2024.84750902703,NA
902,903,0.0203465920453523,-73.7285077711486,40.9604818557166,-72.8107863990423,40.2767735061638,0.429792566089433,0.409445974044081,2024.82719398204,2024.84754057409,NA
692,243,0.130958422880131,-106.731388718655,47.2230334560513,-103.167986764031,48.7420151744202,0.431978767957786,0.301020345077655,2024.71876835308,2024.84972677596,SRR34491320|A/ross_s_goose/ND/24-034667-001/2024|H5N1|USA-ND|Divide|2024-11-07|wild_avian|D1.1
1019,286,0.127934084946302,-122.423930837777,44.0543188011867,-123.348283105074,45.7147121668666,0.431978767957786,0.304044683011484,2024.72179269101,2024.84972677596,SRR34491321|A/cackling_goose/OR/24-033931-001/2024|H5N1|USA-OR|Washington|2024-11-07|wild_avian|D1.1
883,961,0.127374101350833,-74.1077200290846,41.5827879930626,-87.6976756400255,38.0711640077382,0.434653572940617,0.307279471589784,2024.72502747959,2024.85240158094,NA
1015,624,0.102391166607983,-103.127607843708,38.3472104747286,-94.6682990296423,29.8576527583651,0.434711008394912,0.332319841786929,2024.75006784979,2024.85245901639,SRR36617252|A/green_winged_teal/TX/24-037863-003/2024|H5N1|USA-TX|Chambers|2024-11-08|wild_avian|D1.1
828,2,0.0995329177926068,-113.119004216001,41.3776498156827,-94.5964634137486,29.6558766734723,0.434711008394912,0.335178090602306,2024.7529260986,2024.85245901639,SRR36628420|A/blue_winged_teal/TX/24-037863-008/2024|H5N1|USA-TX|Chambers|2024-11-08|wild_avian|D1.1
1060,1061,0.029570647893485,-80.6106628734482,37.9186167439469,-78.4273382842622,36.9590504659807,0.435356504894776,0.405785857001291,2024.823533865,2024.85310451289,NA
1060,1063,0.0307894023731572,-80.6106628734482,37.9186167439469,-73.3921022805258,36.4404142323245,0.436575259374448,0.405785857001291,2024.823533865,2024.85432326737,NA
832,274,0.134350173352713,-106.830127382978,41.1706626085825,-94.8748208403688,35.4200236389086,0.437443248832039,0.303093075479326,2024.72084108348,2024.85519125683,SRR34491500|A/green_winged_teal/OK/24-034551-045/2024|H5N1|USA-OK|Sequoyah|2024-11-09|wild_avian|D1.1
972,655,0.131829652571736,-100.284158548146,40.3124663766697,-95.20534252097,37.6927411051083,0.437443248832039,0.305613596260303,2024.72336160426,2024.85519125683,SRR34491498|A/green_winged_teal/KS/24-034557-008/2024|H5N1|USA-KS|Neosho|2024-11-09|wild_avian|D1.1
1320,549,0.130162514217829,-103.331335856823,41.9752119767027,-94.7924002494281,37.4075331300251,0.437443248832039,0.30728073461421,2024.72502874261,2024.85519125683,SRR34491499|A/green_winged_teal/KS/24-034556-004/2024|H5N1|USA-KS|Crawford|2024-11-09|wild_avian|D1.1
977,671,0.122847917512792,-95.7163102739886,37.9796025116818,-94.7089692292407,35.4833470650143,0.437443248832039,0.314595331319246,2024.73234333932,2024.85519125683,SRR36628704|A/green_winged_teal/OK/24-034551-041/2024|H5N1|USA-OK|Sequoyah|2024-11-09|wild_avian|D1.1
727,728,0.0408117647371009,-88.0793371791438,42.2111502458732,-89.3466481172024,43.104483117272,0.437463128571767,0.396651363834666,2024.81439937183,2024.85521113657,NA
1119,1122,0.0670440782720996,-105.790260971561,43.2087490058192,-101.239941651697,44.0596853758545,0.437483242475449,0.370439164203349,2024.7881871722,2024.85523125047,NA
903,906,0.00943527114339116,-72.8107863990423,40.2767735061638,-72.8244448449962,40.2722383629462,0.439227837232824,0.429792566089433,2024.84754057409,2024.85697584523,NA
1003,1004,0.0137729986047344,-101.422361725328,40.0901420737901,-102.333933080673,40.3852832426863,0.439351458554792,0.425578459950057,2024.84332646795,2024.85709946655,NA
828,1,0.104997398667086,-113.119004216001,41.3776498156827,-115.918801717968,53.4617516623469,0.440175489269392,0.335178090602306,2024.7529260986,2024.85792349727,EPI_ISL_20208391|A/Canada_Goose/AB/FAV-0178-6/2025|H5N1|Canada-AB|Unknown|2024-11-10|wild_avian|D1.1
1318,605,0.136477666609299,-109.846933675725,42.8970245749429,-116.529588275675,49.9688638043617,0.442907729706518,0.306430063097219,2024.7241780711,2024.8606557377,EPI_ISL_19787978|A/Snow_Goose/BC/AIVPHL-2667/2024|H5N1|Canada-BC|Unknown|2024-11-11|wild_avian|D1.1
712,263,0.0839032600867655,-114.461575620571,41.7486271806163,-111.613505526071,50.6426104673712,0.442907729706518,0.359004469619753,2024.77675247762,2024.8606557377,EPI_ISL_19792234|A/Chicken/AB/FAV-0354-2/2024|H5N1|Canada-AB|Unknown|2024-11-11|domestic_avian|D1.1
1339,1342,0.0483024520186921,-90.7383706895769,40.3436130240279,-88.3565183491615,37.9237188987506,0.444227281029206,0.395924829010514,2024.81367283701,2024.86197528903,NA
1087,574,0.0772517926198721,-128.835571662264,49.3395283703273,-147.473819178508,68.3967346224845,0.445639970143644,0.368388177523772,2024.78613618552,2024.86338797814,SRR31596883|A/chicken/AK/24-034057-002-original/2024|H5N1|USA-AK|Unknown|2024-11-12|domestic_avian|D1.1
691,237,0.14255778087378,-107.700786360945,43.5216586201707,-112.09818448028,43.7608618366852,0.448372210580771,0.30581442970699,2024.72356243771,2024.86612021858,SRR34491488|A/trumpeter_swan/ID/24-034853-002/2024|H5N1|USA-ID|Jefferson|2024-11-13|wild_avian|D1.1
1318,577,0.141942147483551,-109.846933675725,42.8970245749429,-112.533277314156,43.6460846011454,0.448372210580771,0.306430063097219,2024.7241780711,2024.86612021858,SRR34491487|A/trumpeter_swan/ID/24-034853-004/2024|H5N1|USA-ID|Jefferson|2024-11-13|wild_avian|D1.1
1337,545,0.116731321506704,-89.2658763044625,40.555261310618,-104.591167319606,55.1134475217904,0.448372210580771,0.331640889074067,2024.74938889707,2024.86612021858,EPI_ISL_19792227|A/Cackling_Goose/SK/FAV-0407-8/2024|H5N1|Canada-SK|Unknown|2024-11-13|wild_avian|D1.1
736,140,0.144496038442576,-89.7273182769411,36.8190182928476,-94.4203956605047,46.9956100916615,0.451104451017897,0.306608412575321,2024.72435642057,2024.86885245902,SRR34491480|A/ring_necked_duck/MN/24-035413-001/2024|H5N1|USA-MN|Cass|2024-11-14|wild_avian|D1.1
738,142,0.0753926228927491,-87.5409605753489,35.721570871139,-92.1213584699193,44.356606688548,0.451104451017897,0.375711828125148,2024.79345983612,2024.86885245902,SRR34491479|A/canvasback/MN/24-035695-001/2024|H5N1|USA-MN|Wabasha|2024-11-14|wild_avian|D1.1
879,880,0.0275999390565855,-103.827079502855,41.4190240447798,-107.405003083401,42.5985150928309,0.451411770357282,0.423811831300696,2024.8415598393,2024.86915977836,NA
814,815,0.0274698557114517,-82.3382559857411,34.6003436246889,-82.997449802664,42.1117841675178,0.452868562160833,0.425398706449381,2024.84314671445,2024.87061657016,NA
1352,554,0.18390809024872,-105.755530740288,41.6474400805474,-104.079533861404,40.3281772485844,0.453836691455023,0.269928601206303,2024.6876766092,2024.87158469945,SRR36617493|A/golden_eagle/CO/25-010611-001/2024|H5N1|USA-CO|Morgan|2024-11-15|wild_avian|D1.1
844,5,0.107832188052371,-112.776065474534,40.7294753975795,-113.95251767401,41.1802140281373,0.453836691455023,0.346004503402652,2024.7637525114,2024.87158469945,SRR34491413|A/mallard/UT/24-034892-003/2024|H5N1|USA-UT|Box_Elder|2024-11-15|wild_avian|D1.1
759,212,0.0598983095818266,-90.3854192354402,38.8986856175236,-98.2606689129016,46.3746249964326,0.453836691455023,0.393938381873196,2024.81168638987,2024.87158469945,SRR34491411|A/green_winged_teal/ND/24-034964-002/2024|H5N1|USA-ND|LaMoure|2024-11-15|wild_avian|D1.1
1122,1123,0.0175544343171135,-101.239941651697,44.0596853758545,-101.600590219446,43.88106597415,0.455037676792562,0.437483242475449,2024.85523125047,2024.87278568479,NA
916,919,0.0420458663340142,-74.4247251815165,42.3291810818484,-73.4017966784183,41.745657040153,0.455126569385628,0.413080703051614,2024.83082871105,2024.87287457738,NA
926,932,0.0471485450103142,-74.3117129802911,43.8017111770374,-63.338681228968,44.1310251438558,0.455969371878326,0.408820826868012,2024.82656883487,2024.87371737988,NA
750,751,0.0308886785528917,-88.341987459899,40.0636240140545,-87.1053236522529,42.1998733048455,0.456193072058053,0.425304393505162,2024.8430524015,2024.87394108006,NA
711,254,0.130670680574913,-114.707166080374,42.1272573076508,-120.59380541602,36.4740217069027,0.456568931892149,0.325898251317236,2024.74364625932,2024.87431693989,SRR34491569|A/gadwall/CA/24-035297-036/2024|H5N1|USA-CA|Fresno|2024-11-16|wild_avian|D1.1
861,10,0.118394652155078,-92.4759414169762,38.5347925355317,-89.5755648537404,38.4925385396755,0.456568931892149,0.338174279737071,2024.75592228774,2024.87431693989,SRR34491574|A/green_winged_teal/IL/24-035153-025/2024|H5N1|USA-IL|Clinton|2024-11-16|wild_avian|D1.1
1123,1124,0.00168777222115413,-101.600590219446,43.88106597415,-99.8404793410453,42.5566019067948,0.456725449013716,0.455037676792562,2024.87278568479,2024.87447345701,NA
833,834,0.153285251257939,-107.288300163915,40.4575181191566,-106.480569922395,41.6529488774698,0.456789394654148,0.30350414339621,2024.72125215139,2024.87453740265,NA
980,982,0.0386279153652647,-93.956336796504,39.4095751402527,-93.8468961812299,38.1012341422271,0.457888537597697,0.419260622232432,2024.83700863023,2024.8756365456,NA
940,941,0.0349207032090435,-73.4737949520531,42.4482320453558,-73.5775640940229,42.2747542922914,0.458191461032451,0.423270757823407,2024.84101876582,2024.87593946903,NA
974,659,0.173363146071524,-99.6362913233538,41.1025080403292,-107.607351943861,52.5552229762658,0.459301172329503,0.285938026257978,2024.70368603426,2024.87704918033,EPI_ISL_19792243|A/Mallard/SK/FAV-0391-21/2024|H5N1|Canada-SK|Unknown|2024-11-17|wild_avian|D1.1
1351,576,0.159105053158983,-106.123151584175,43.8489339254183,-89.5406235890741,38.6729053207216,0.459301172329503,0.30019611917052,2024.71794412717,2024.87704918033,SRR34491566|A/northern_pintail/IL/24-035154-001/2024|H5N1|USA-IL|Clinton|2024-11-17|wild_avian|D1.1
758,761,0.156005576525586,-89.8490017323916,38.4082360740592,-84.0014800879745,38.9136101505769,0.459973844785534,0.303968268259948,2024.72171627626,2024.87772185278,NA
1342,1343,0.0177283844966913,-88.3565183491615,37.9237188987506,-87.9709913554456,38.075478372703,0.461955665525897,0.444227281029206,2024.86197528903,2024.87970367352,NA
851,852,0.0434121890694767,-88.4865600434973,43.1946272822634,-91.7234300289732,44.6161036189982,0.462159413846127,0.41874722477665,2024.83649523278,2024.87990742184,NA
1030,1031,0.0588323166243656,-76.6984595358647,36.8978352765559,-76.8750668099874,36.9781204148742,0.462345754763035,0.40351343813867,2024.82126144614,2024.88009376276,NA
801,803,0.0531240480500834,-87.0487261800406,40.1440385385764,-81.6096642583077,38.6022630517094,0.462892771958123,0.40976872390804,2024.82751673191,2024.88064077996,NA
750,752,0.0383974004515615,-88.341987459899,40.0636240140545,-81.5754991422667,42.10251293808,0.463701793956723,0.425304393505162,2024.8430524015,2024.88144980196,NA
1123,1130,0.00894170996498089,-101.600590219446,43.88106597415,-105.645154532271,42.4754358912301,0.463979386757543,0.455037676792562,2024.87278568479,2024.88172739476,NA
759,760,0.0720859581225357,-90.3854192354402,38.8986856175236,-92.359634474932,40.5001402672849,0.466024339995732,0.393938381873196,2024.81168638987,2024.88377234799,NA
815,816,0.0134208008414147,-82.997449802664,42.1117841675178,-81.9828285430582,40.4255202498866,0.466289363002248,0.452868562160833,2024.87061657016,2024.884037371,NA
1338,1344,0.0966624867670065,-88.7641523075811,40.1374577063821,-84.6824812145372,39.4584912580089,0.468134874320258,0.371472387553251,2024.78922039555,2024.88588288232,NA
885,886,0.087766743270371,-74.2027058452098,41.7975840554471,-76.0104701729072,41.9807988848856,0.468359349090243,0.380592605819872,2024.79834061382,2024.88610735709,NA
864,865,0.158750247616247,-89.1893911828806,39.5236441741171,-82.3901766330311,40.2290701301351,0.468984509802489,0.310234262186242,2024.72798227018,2024.8867325178,NA
1122,1197,0.0326482100608534,-101.239941651697,44.0596853758545,-101.422351322433,44.1275964787645,0.470131452536302,0.437483242475449,2024.85523125047,2024.88787946053,NA
1086,571,0.0750104634588977,-131.449335934734,52.8039247377411,-130.144888189213,55.4424360966281,0.470230134078007,0.39521967061911,2024.81296767862,2024.88797814208,SRR31914376|A/chicken/AK/24-035126-001-original/2024|H5N1|USA-AK|Unknown|2024-11-21|domestic_avian|D1.1
1071,1073,0.173229991101464,-115.901661268043,43.1745158420153,-121.773119420885,35.3569479915885,0.470403800063746,0.297173808962282,2024.71492181696,2024.88815180806,NA
743,744,0.0863902512485679,-94.0130734480752,40.4197473269999,-87.2848226657724,39.4623870573473,0.471066233868988,0.38467598262042,2024.80242399062,2024.88881424187,NA
865,866,0.00250860175664314,-82.3901766330311,40.2290701301351,-82.5098451338856,40.1860268250786,0.471493111559132,0.468984509802489,2024.8867325178,2024.88924111956,NA
879,881,0.0482990383546289,-103.827079502855,41.4190240447798,-103.783562618301,40.8045104748528,0.472110869655325,0.423811831300696,2024.8415598393,2024.88985887765,NA
1018,287,0.0508236611677551,-117.851303851739,35.8663836071958,-111.888896649529,33.0195028484752,0.472962374515133,0.422138713347378,2024.83988672135,2024.89071038251,SRR36617849|A/house_sparrow/AZ/24-036612-005/2024|H5N1|USA-AZ|Pinal|2024-11-22|wild_avian|D1.1
1029,1049,0.0866058422880627,-76.9937043031271,37.1833494017722,-76.079609008436,36.8209674518298,0.473075735819037,0.386469893530974,2024.80421790153,2024.89082374382,NA
932,933,0.0174812637271278,-63.338681228968,44.1310251438558,-63.1703037418509,44.2948021137897,0.473450635605454,0.455969371878326,2024.87371737988,2024.8911986436,NA
1344,1345,0.00554087118782554,-84.6824812145372,39.4584912580089,-83.513802946496,38.4141278205853,0.473675745508083,0.468134874320258,2024.88588288232,2024.89142375351,NA
1124,1125,0.0171059525139956,-99.8404793410453,42.5566019067948,-100.574769317593,42.9013313906224,0.473831401527712,0.456725449013716,2024.87447345701,2024.89157940953,NA
919,920,0.0188317019062603,-73.4017966784183,41.745657040153,-74.4698216965753,40.8554649243708,0.473958271291888,0.455126569385628,2024.87287457738,2024.89170627929,NA
1011,1012,0.149602938525698,-108.645543245482,38.4542919866746,-110.898445974901,41.6176189253607,0.474626825224621,0.325023886698923,2024.7427718947,2024.89237483322,NA
896,897,0.0757325696759634,-73.4128337165454,41.9988379677484,-70.4864674232356,43.0518301519016,0.474703220549291,0.398970650873328,2024.81671865887,2024.89245122855,NA
1197,1199,0.00500020295137049,-101.422351322433,44.1275964787645,-101.732709054377,44.0537731881149,0.475131655487673,0.470131452536302,2024.88787946053,2024.89287966349,NA
754,755,0.178733026295202,-87.2972912797723,37.3528850776728,-93.4548031054384,42.1763505597945,0.475272718406184,0.296539692110982,2024.71428770011,2024.8930207264,NA
735,141,0.170086400647318,-90.4340634420846,37.4921914026644,-80.7120814593579,26.4803444902878,0.47569461495226,0.305608214304942,2024.7233562223,2024.89344262295,SRR34491474|A/blue_winged_teal/FL/24-036665-008/2024|H5N1|USA-FL|Palm_Beach|2024-11-23|wild_avian|D1.1
723,137,0.169311862971181,-83.4991061196636,31.5817325933606,-80.132449573155,26.5797177244431,0.47569461495226,0.306382751981078,2024.72413075998,2024.89344262295,SRR34491475|A/blue_winged_teal/FL/24-036665-004/2024|H5N1|USA-FL|Palm_Beach|2024-11-23|wild_avian|D1.1
737,144,0.11425735476897,-89.7275855074199,36.920313218684,-84.835112486565,30.8628513229754,0.47569461495226,0.361437260183289,2024.77918526818,2024.89344262295,SRR36617263|A/ring_necked_duck/GA/24-036176-005/2024|H5N1|USA-GA|Seminole|2024-11-23|wild_avian|D1.1
738,143,0.0999827868271119,-87.5409605753489,35.721570871139,-87.2622881509815,35.7765309902731,0.47569461495226,0.375711828125148,2024.79345983612,2024.89344262295,EPI_ISL_19777455|A/northern_pintail/Tennessee/158/2024|H5N1|USA-TN|Unknown|2024-11-23|wild_avian|D1.1
728,136,0.0382314863804925,-89.3466481172024,43.104483117272,-84.8890049347198,30.8939330421014,0.47569461495226,0.437463128571767,2024.85521113657,2024.89344262295,SRR36617264|A/ring_necked_duck/GA/24-036176-004/2024|H5N1|USA-GA|Seminole|2024-11-23|wild_avian|D1.1
745,746,0.0583390309308229,-85.189171901972,35.6756808924824,-91.9819699561706,36.5346403023117,0.475897973225598,0.417558942294775,2024.83530695029,2024.89364598122,NA
920,921,0.00358489531341788,-74.4698216965753,40.8554649243708,-74.9808399356639,40.8957470927711,0.477543166605306,0.473958271291888,2024.89170627929,2024.8952911746,NA
812,813,0.0881184547964085,-87.1240362002239,36.425231653527,-92.1969945610526,44.5670273737657,0.477918546929589,0.389800092133181,2024.80754810013,2024.89566655493,NA
1354,555,0.193235703211694,-106.367882009639,41.6649255566862,-99.4137462288296,40.862559754082,0.478426855389613,0.285191152177919,2024.70293916018,2024.89617486339,SRR36617504|A/mallard_duck/NE/25-004748-004/2024|H5N1|USA-NE|Buffalo|2024-11-24|wild_avian|D1.1
833,269,0.174922711993403,-107.288300163915,40.4575181191566,-104.717081414367,39.8524329168371,0.478426855389613,0.30350414339621,2024.72125215139,2024.89617486339,SRR36617491|A/Peregrine_falcon/CO/25-019366-001/2024|H5N1|USA-CO|Denver|2024-11-24|wild_avian|D1.1
976,644,0.172822338817417,-95.184819678564,37.9833358851741,-98.9169710354645,43.2880779561014,0.478426855389613,0.305604516572197,2024.72335252457,2024.89617486339,SRR31914411|A/Turkey/SD/24-035157-004-original/2024|H5N1|USA-SD|Unknown|2024-11-24|domestic_avian|D1.1
1072,617,0.128396769700065,-115.570138466636,42.9553493780708,-119.670388215073,46.7712054949478,0.478426855389613,0.350030085689548,2024.76777809369,2024.89617486339,SRR36617269|A/mallard_duck/WA/24-036061-007/2024|H5N1|USA-WA|Grant|2024-11-24|wild_avian|D1.1
733,734,0.0503018575686081,-92.7780056595414,44.6871742461326,-92.7818473421357,45.114757970371,0.478612547260677,0.428310689692069,2024.84605869769,2024.89636055526,NA
1112,1113,0.0516099709977331,-80.1190122008819,30.3091728170428,-78.8599785096787,30.1082241789513,0.47877326562459,0.427163294626857,2024.84491130263,2024.89652127362,NA
1063,1064,0.0433957453832399,-73.3921022805258,36.4404142323245,-74.3178885288578,36.6621032359014,0.479971004757688,0.436575259374448,2024.85432326737,2024.89771901276,NA
1031,1032,0.0176986420678638,-76.8750668099874,36.9781204148742,-75.0259866663862,38.4766389828978,0.480044396830899,0.462345754763035,2024.88009376276,2024.89779240483,NA
1130,1131,0.0166327815231193,-105.645154532271,42.4754358912301,-97.7366062136673,40.4427894622708,0.480612168280663,0.463979386757543,2024.88172739476,2024.89836017628,NA
903,904,0.0509341728060977,-72.8107863990423,40.2767735061638,-73.9229573771836,40.4782349113556,0.480726738895531,0.429792566089433,2024.84754057409,2024.89847474689,NA
709,256,0.181844342460268,-115.33252425957,41.0315744899637,-110.57531296705,42.0078023727037,0.481159095826739,0.299314753366472,2024.71706276137,2024.89890710383,SRR36617265|A/great_horned_owl/WY/24-036166-001/2024|H5N1|USA-WY|Lincoln|2024-11-25|wild_avian|D1.1
988,660,0.149357383017965,-97.7253075298478,42.3112354454931,-99.1431008228268,41.0323403221174,0.481159095826739,0.331801712808775,2024.74954972081,2024.89890710383,SRR36617524|A/mallard_duck/NE/25-003309-011/2024|H5N1|USA-NE|Buffalo|2024-11-25|wild_avian|D1.1
1104,611,0.128884775117331,-91.0920035416375,35.365455481856,-93.4971242824457,29.9312856495166,0.481159095826739,0.352274320709409,2024.77002232871,2024.89890710383,SRR34491460|A/blue_winged_teal/LA/24-035708-007/2024|H5N1|USA-LA|Cameron|2024-11-25|wild_avian|D1.1
989,662,0.0616493938932787,-92.9093508724534,34.6681424558798,-92.9675509920146,29.9052463937515,0.481159095826739,0.419509701933461,2024.83725770993,2024.89890710383,SRR34491454|A/blue_winged_teal/LA/24-035708-014/2024|H5N1|USA-LA|Cameron|2024-11-25|wild_avian|D1.1
1018,288,0.0590203824793609,-117.851303851739,35.8663836071958,-112.041776979774,33.1845716047577,0.481159095826739,0.422138713347378,2024.83988672135,2024.89890710383,SRR36617855|A/black_necked_stilt/AZ/24-036610-002/2024|H5N1|USA-AZ|Pinal|2024-11-25|wild_avian|D1.1
961,46,0.0465055228861226,-87.6976756400255,38.0711640077382,-100.778239487027,43.1876961986493,0.481159095826739,0.434653572940617,2024.85240158094,2024.89890710383,SRR31914406|A/Turkey/SD/24-035288-003-original/2024|H5N1|USA-SD|Unknown|2024-11-25|domestic_avian|D1.1
1345,1346,0.00784152023172857,-83.513802946496,38.4141278205853,-80.1553573125152,35.0672085183892,0.481517265739812,0.473675745508083,2024.89142375351,2024.89926527374,NA
941,952,0.0237126112764836,-73.5775640940229,42.2747542922914,-74.0454106312633,42.2925900662275,0.481904072308935,0.458191461032451,2024.87593946903,2024.89965208031,NA
932,934,0.0260554528601717,-63.338681228968,44.1310251438558,-63.3993215189017,44.2333215059017,0.482024824738498,0.455969371878326,2024.87371737988,2024.89977283274,NA
984,985,0.122093016698309,-97.6975522614917,38.4619374919572,-94.8534354065669,39.0530314095503,0.482298988518565,0.360205971820257,2024.77795397982,2024.90004699652,NA
906,908,0.043170775959414,-72.8244448449962,40.2722383629462,-75.1411805604096,44.5155815527257,0.482398613192238,0.439227837232824,2024.85697584523,2024.90014662119,NA
1131,1132,0.00231366989593162,-97.7366062136673,40.4427894622708,-97.7570998690999,40.4785844386004,0.482925838176594,0.480612168280663,2024.89836017628,2024.90067384618,NA
728,729,0.0460200146836069,-89.3466481172024,43.104483117272,-89.3276242016635,43.3111262133026,0.483483143255374,0.437463128571767,2024.85521113657,2024.90123115125,NA
1132,1133,0.000567473117205397,-97.7570998690999,40.4785844386004,-96.4502336714094,40.0614357348494,0.4834933112938,0.482925838176594,2024.90067384618,2024.90124131929,NA
980,981,0.0646247578501746,-93.956336796504,39.4095751402527,-90.6800359147081,40.8275018659813,0.483885380082607,0.419260622232432,2024.83700863023,2024.90163338808,NA
1025,290,0.191264501977293,-81.0329192464583,38.1805803941986,-105.406971187046,35.3674029082535,0.483891336263865,0.292626834286573,2024.71037484229,2024.90163934426,SRR34491451|A/green_winged_teal/NM/24-036318-011/2024|H5N1|USA-NM|San_Miguel|2024-11-26|wild_avian|D1.1
967,674,0.17771432403124,-109.905727169698,39.9054692817925,-112.198388703102,41.1954155226946,0.483891336263865,0.306177012232626,2024.72392502023,2024.90163934426,SRR36617487|A/canada_goose/UT/24-035683-001/2024|H5N1|USA-UT|Weber|2024-11-26|wild_avian|D1.1
1072,618,0.133861250574318,-115.570138466636,42.9553493780708,-104.556832110424,35.2516098348085,0.483891336263865,0.350030085689548,2024.76777809369,2024.90163934426,SRR34491450|A/green_winged_teal/NM/24-036318-014/2024|H5N1|USA-NM|San_Miguel|2024-11-26|wild_avian|D1.1
1106,612,0.0883990345036281,-89.1155309496646,36.4296454467378,-89.2180438621889,36.38170032321,0.483891336263865,0.395492301760237,2024.81324030976,2024.90163934426,SRR31914398|A/chicken/TN/24-035519-005-original/2024|H5N1|USA-TN|Unknown|2024-11-26|domestic_avian|D1.1
733,128,0.0555806465717965,-92.7780056595414,44.6871742461326,-90.6587212329418,42.1112694495819,0.483891336263865,0.428310689692069,2024.84605869769,2024.90163934426,SRR36628221|A/mallard_duck/IA/24-037337-003/2024|H5N1|USA-IA|Jackson|2024-11-26|wild_avian|D1.1
886,887,0.0156171651217358,-76.0104701729072,41.9807988848856,-73.7691157936667,42.2007279288982,0.483976514211979,0.468359349090243,2024.88610735709,2024.90172452221,NA
934,935,0.00262496085220265,-63.3993215189017,44.2333215059017,-63.2098839561017,45.2009215262731,0.484649785590701,0.482024824738498,2024.89977283274,2024.90239779359,NA
1199,1200,0.0102229398532063,-101.732709054377,44.0537731881149,-101.337341959868,44.209364267697,0.485354595340879,0.475131655487673,2024.89287966349,2024.90310260334,NA
755,756,0.0100880544368516,-93.4548031054384,42.1763505597945,-87.0010337075032,41.7161894427365,0.485360772843036,0.475272718406184,2024.8930207264,2024.90310878084,NA
1197,1198,0.015265798080401,-101.422351322433,44.1275964787645,-102.103655228633,42.8868155460236,0.485397250616703,0.470131452536302,2024.88787946053,2024.90314525862,NA
1091,1092,0.127736120416752,-112.017181753544,35.6689447350067,-108.009072374384,34.8361191346095,0.485690701155421,0.357954580738669,2024.77570258874,2024.90343870915,NA
1132,1134,0.00292766492543595,-97.7570998690999,40.4785844386004,-99.001354593797,40.4622319101837,0.48585350310203,0.482925838176594,2024.90067384618,2024.9036015111,NA
921,922,0.008563190381073,-74.9808399356639,40.8957470927711,-75.1707009586063,40.7217272409779,0.486106356986379,0.477543166605306,2024.8952911746,2024.90385436498,NA
985,986,0.00400556112225292,-94.8534354065669,39.0530314095503,-94.9190505085741,39.3224555752106,0.486304549640818,0.482298988518565,2024.90004699652,2024.90405255764,NA
724,139,0.189498061165295,-87.7775159281356,39.8951513033107,-80.4333325522177,32.5773532091174,0.486623576700992,0.297125515535697,2024.71487352353,2024.9043715847,SRR34491447|A/blue_winged_teal/SC/24-036315-006/2024|H5N1|USA-SC|Colleton|2024-11-27|wild_avian|D1.1
696,244,0.181104368733628,-107.724297115021,41.2076581902957,-119.475031203196,34.71259435958,0.486623576700992,0.305519207967364,2024.72326721597,2024.9043715847,SRR34491403|A/western_gull/CA/24-036324-002/2024|H5N1|USA-CA|Santa_Barbara|2024-11-27|wild_avian|D1.1
811,162,0.0977082229260668,-86.4383382285742,37.0130519728567,-91.4918401362641,34.9156640644145,0.486623576700992,0.388915353774925,2024.80666336177,2024.9043715847,SRR34491402|A/mallard/AR/24-036997-003/2024|H5N1|USA-AR|Prairie|2024-11-27|wild_avian|D1.1
1316,596,0.093365310963867,-111.113129344925,44.6211863107332,-111.371967566932,45.1498505533097,0.486623576700992,0.393258265737125,2024.81100627374,2024.9043715847,SRR33508820|A/snow_goose/MT/24-035974-001/2024|H5N1|USA-MT|Gallatin|2024-11-27|wild_avian|D1.1
1119,1120,0.116678765778121,-105.790260971561,43.2087490058192,-102.400764294466,40.3951639880444,0.48711792998147,0.370439164203349,2024.7881871722,2024.90486593798,NA
1061,1062,0.0521010523097747,-78.4273382842622,36.9590504659807,-78.999809914584,36.1148808991451,0.487457557204551,0.435356504894776,2024.85310451289,2024.9052055652,NA
920,925,0.0141304581515203,-74.4698216965753,40.8554649243708,-75.536056087408,41.3705573960149,0.488088729443408,0.473958271291888,2024.89170627929,2024.90583673744,NA
886,889,0.0203201294839321,-76.0104701729072,41.9807988848856,-75.0434722234241,41.9159943249704,0.488679478574175,0.468359349090243,2024.88610735709,2024.90642748657,NA
889,890,0.000378391955708768,-75.0434722234241,41.9159943249704,-74.4419370439101,41.6556573296276,0.489057870529884,0.488679478574175,2024.90642748657,2024.90680587853,NA
878,26,0.151072044491902,-102.972586545976,42.4440094269371,-107.131377069759,45.0864155944904,0.489355817138118,0.338283772646216,2024.75603178064,2024.90710382514,SRR36617643|A/trumpeter_swan/MT/24-037728-001/2024|H5N1|USA-MT|Big_Horn|2024-11-28|wild_avian|D1.1
887,888,0.00542537270020937,-73.7691157936667,42.2007279288982,-73.2774675621992,42.5002866958494,0.489401886912189,0.483976514211979,2024.90172452221,2024.90714989491,NA
1063,1065,0.0534791783796364,-73.3921022805258,36.4404142323245,-80.5635654723061,39.4754750490233,0.490054437754085,0.436575259374448,2024.85432326737,2024.90780244575,NA
1131,1191,0.0103200070031721,-97.7366062136673,40.4427894622708,-97.4848130897989,40.1784224190523,0.490932175283835,0.480612168280663,2024.89836017628,2024.90868018328,NA
890,891,0.00214238277861889,-74.4419370439101,41.6556573296276,-74.8765485344163,41.6488006468169,0.491200253308503,0.489057870529884,2024.90680587853,2024.90894826131,NA
804,168,0.0923715865525907,-87.8473309990325,39.1139763414197,-93.2628005352204,41.2278330246536,0.492088057575244,0.399716471022653,2024.81746447902,2024.90983606557,SRR34491401|A/mallard/IA/24-036924-003/2024|H5N1|USA-IA|Marion|2024-11-29|wild_avian|D1.1
897,898,0.0178358575081565,-70.4864674232356,43.0518301519016,-72.1768004622109,42.1835234984051,0.492539078057448,0.474703220549291,2024.89245122855,2024.91028708606,NA
816,817,0.0263823827662226,-81.9828285430582,40.4255202498866,-79.1791966515218,40.0723797058766,0.49267174576847,0.466289363002248,2024.884037371,2024.91041975377,NA
866,867,0.0226516643904411,-82.5098451338856,40.1860268250786,-77.948686990591,39.4526035204709,0.494144775949573,0.471493111559132,2024.88924111956,2024.91189278395,NA
952,953,0.0156206313913043,-74.0454106312633,42.2925900662275,-70.9139479462265,42.3963516611206,0.497524703700239,0.481904072308935,2024.89965208031,2024.9152727117,NA
796,185,0.213951096935361,-87.2864250556816,38.3949603685143,-88.9788118780796,36.3572653571742,0.497552538449724,0.283601441514363,2024.70134944951,2024.91530054645,SRR34491391|A/green_winged_teal/TN/24-036998-013/2024|H5N1|USA-TN|Obion|2024-12-01|wild_avian|D1.1
1334,526,0.079250986153987,-91.7950889376139,35.6691015613396,-91.7804201731934,34.9311666391554,0.497552538449724,0.418301552295737,2024.83604956029,2024.91530054645,SRR34491394|A/snow_goose/AR/24-035819-001/2024|H5N1|USA-AR|Prairie|2024-12-01|wild_avian|D1.1
1002,665,0.134226600723778,-95.2701489821126,41.3365977843778,-84.7506014069466,42.6592445324773,0.50028477888685,0.366058178163072,2024.78380618616,2024.91803278689,SRR36617866|A/trumpeter_swan/MI/24-036239-001/2024|H5N1|USA-MI|Eaton|2024-12-02|wild_avian|D1.1
783,146,0.082600114976878,-89.2340960909759,37.0984124285748,-95.7431907932541,37.1735129801116,0.50028477888685,0.417684663909972,2024.83543267191,2024.91803278689,SRR34491382|A/snow_goose/KS/24-036679-005/2024|H5N1|USA-KS|Montgomery|2024-12-02|wild_avian|D1.1
1065,1066,0.0107964577963251,-80.5635654723061,39.4754750490233,-80.6705472107345,39.3105067266695,0.50085089555041,0.490054437754085,2024.90780244575,2024.91859890355,NA
713,262,0.228746425990072,-117.115321920044,43.6012256140292,-113.143232935009,41.175128934256,0.503017019323976,0.274270593333904,2024.69201860133,2024.92076502732,SRR34491344|A/owl/UT/24-036341-002/2024|H5N1|USA-UT|Box_Elder|2024-12-03|wild_avian|D1.1
832,270,0.19992394384465,-106.830127382978,41.1706626085825,-107.674005946343,45.6033915587495,0.503017019323976,0.303093075479326,2024.72084108348,2024.92076502732,SRR36628224|A/mallard_duck/MT/24-036921-002/2024|H5N1|USA-MT|Big_Horn|2024-12-03|wild_avian|D1.1
694,240,0.19701402327083,-111.936695213768,41.6836011461669,-112.371574851343,40.9898008839398,0.503017019323976,0.306002996053146,2024.72375100405,2024.92076502732,SRR36628227|A/canada_goose/UT/24-036341-001/2024|H5N1|USA-UT|Davis|2024-12-03|wild_avian|D1.1
1015,625,0.173429417974173,-103.127607843708,38.3472104747286,-98.2293017995652,45.1614627134401,0.505749259761102,0.332319841786929,2024.75006784979,2024.92349726776,SRR34491526|A/snow_goose/SD/24-036845-001/2024|H5N1|USA-SD|Spink|2024-12-04|wild_avian|D1.1
697,245,0.154510658957475,-108.232400411105,40.7097950693713,-111.988804093322,33.2333986156374,0.505749259761102,0.351238600803628,2024.7689866088,2024.92349726776,SRR36617418|A/harris_hawk/AZ/24-038176-001/2024|H5N1|USA-AZ|Maricopa|2024-12-04|wild_avian|D1.1
961,47,0.0710956868204855,-87.6976756400255,38.0711640077382,-87.7054336861099,37.7414976311749,0.505749259761102,0.434653572940617,2024.85240158094,2024.92349726776,SRR34491531|A/snow_goose/KY/24-036682-002/2024|H5N1|USA-KY|Henderson|2024-12-04|wild_avian|D1.1
1191,1192,0.0158305489377955,-97.4848130897989,40.1784224190523,-96.9497564364453,40.1328631145614,0.50676272422163,0.490932175283835,2024.90868018328,2024.92451073222,NA
680,677,0.218547592516359,-100.370580510072,33.0133618319645,-93.3883608361117,29.7905686005438,0.508481500198228,0.289933907681869,2024.70768191568,2024.9262295082,SRR34491517|A/snow_goose/LA/24-036681-003/2024|H5N1|USA-LA|Cameron|2024-12-05|wild_avian|D1.1
968,672,0.157168534497653,-118.988509273785,36.068617316877,-118.138531283504,34.3958739644433,0.508481500198228,0.351312965700576,2024.7690609737,2024.9262295082,SRR36617838|A/western_gull/CA/24-036784-001/2024|H5N1|USA-CA|Los_Angeles|2024-12-05|wild_avian|D1.1
1087,573,0.140093322674456,-128.835571662264,49.3395283703273,-149.11785486302,62.240970638063,0.508481500198228,0.368388177523772,2024.78613618552,2024.9262295082,SRR36627907|A/mallard_duck/AK/24-037772-023/2024|H5N1|USA-AK|Matanuska-Susitna|2024-12-05|wild_avian|D1.1
1333,521,0.133580730236552,-96.0605722353803,37.4547744146192,-93.7938353099837,29.8580888518635,0.508481500198228,0.374900769961676,2024.79264877796,2024.9262295082,SRR34491514|A/snow_goose/LA/24-036681-005/2024|H5N1|USA-LA|Cameron|2024-12-05|wild_avian|D1.1
1086,572,0.113261829579119,-131.449335934734,52.8039247377411,-146.627041329234,62.7934483366112,0.508481500198228,0.39521967061911,2024.81296767862,2024.9262295082,SRR36617632|A/mallard_duck/AK/24-037772-039/2024|H5N1|USA-AK|Matanuska-Susitna|2024-12-05|wild_avian|D1.1
935,936,0.0239157590067871,-63.2098839561017,45.2009215262731,-63.0752744739439,44.7991802507995,0.508565544597488,0.484649785590701,2024.90239779359,2024.9263135526,NA
1082,561,0.18538864346497,-112.467338081989,41.0512905594464,-108.027854759382,45.2156905020956,0.511213740635355,0.325825097170385,2024.74357310517,2024.92896174863,SRR36628213|A/mallard_duck/MT/24-037783-006/2024|H5N1|USA-MT|Big_Horn|2024-12-06|wild_avian|D1.1
1343,540,0.0492580751094576,-87.9709913554456,38.075478372703,-87.5957044864181,38.1796127959776,0.511213740635355,0.461955665525897,2024.87970367352,2024.92896174863,SRR34491436|A/snow_goose/IN/24-037289-004/2024|H5N1|USA-IN|Gibson|2024-12-06|wild_avian|D1.1
985,635,0.0289147521167894,-94.8534354065669,39.0530314095503,-91.0435210213786,33.1506206639806,0.511213740635355,0.482298988518565,2024.90004699652,2024.92896174863,SRR36617835|A/snow_goose/MS/24-036916-001/2024|H5N1|USA-MS|Washington|2024-12-06|wild_avian|D1.1
865,874,0.0430189466838848,-82.3901766330311,40.2290701301351,-83.0423010839348,39.8796455396705,0.512003456486374,0.468984509802489,2024.8867325178,2024.92975146448,NA
953,957,0.0150928700142946,-70.9139479462265,42.3963516611206,-70.0302416526035,42.8527594612483,0.512617573714533,0.497524703700239,2024.9152727117,2024.93036558171,NA
813,159,0.0360274341428917,-92.1969945610526,44.5670273737657,-89.6732055122414,43.0293009022147,0.513945981072481,0.477918546929589,2024.89566655493,2024.93169398907,SRR36617819|A/tundra_swan/WI/24-037346-003/2024|H5N1|USA-WI|Dane|2024-12-07|wild_avian|D1.1
1113,589,0.0351727154478902,-78.8599785096787,30.1082241789513,-81.4501350464478,29.9956550828313,0.513945981072481,0.47877326562459,2024.89652127362,2024.93169398907,SRR36628218|A/green_winged_teal/FL/24-037597-021/2024|H5N1|USA-FL|St_Johns|2024-12-07|wild_avian|D1.1
1113,590,0.0351727154478902,-78.8599785096787,30.1082241789513,-81.5343942410234,30.0477150210347,0.513945981072481,0.47877326562459,2024.89652127362,2024.93169398907,SRR36617659|A/green_winged_teal/FL/24-037597-003/2024|H5N1|USA-FL|St_Johns|2024-12-07|wild_avian|D1.1
941,942,0.0559362691248804,-73.5775640940229,42.2747542922914,-71.8149254689252,42.4890370087035,0.514127730157331,0.458191461032451,2024.87593946903,2024.93187573816,NA
904,905,0.0335066275268385,-73.9229573771836,40.4782349113556,-74.8194831015816,40.8372921715511,0.514233366422369,0.480726738895531,2024.89847474689,2024.93198137442,NA
1049,1050,0.0411824625028362,-76.079609008436,36.8209674518298,-75.5401354969397,35.0072534299022,0.514258198321873,0.473075735819037,2024.89082374382,2024.93200620632,NA
1125,1126,0.0405411065681476,-100.574769317593,42.9013313906224,-99.1723374196474,42.3592386144464,0.51437250809586,0.473831401527712,2024.89157940953,2024.93212051609,NA
952,960,0.0325501858565037,-74.0454106312633,42.2925900662275,-73.7935596545303,42.5304308720585,0.514454258165438,0.481904072308935,2024.89965208031,2024.93220226616,NA
852,853,0.0526243214680134,-91.7234300289732,44.6161036189982,-90.4510652562583,43.912971522802,0.51478373531414,0.462159413846127,2024.87990742184,2024.93253174331,NA
957,958,0.00363694591188757,-70.0302416526035,42.8527594612483,-72.4617841261652,43.9932764174173,0.516254519626421,0.512617573714533,2024.93036558171,2024.93400252762,NA
1126,1129,0.0021929521055517,-99.1723374196474,42.3592386144464,-99.0102748249597,42.5685146063063,0.516565460201411,0.51437250809586,2024.93212051609,2024.9343134682,NA
1089,606,0.212313742393821,-119.35803924061,41.8491624943597,-124.056970819243,52.1462025301184,0.516678221509834,0.304364479116013,2024.72211248711,2024.93442622951,EPI_ISL_20208417|A/Chicken/BC/FAV-0421-2/2024|H5N1|Canada-BC|Unknown|2024-12-08|domestic_avian|D1.1
1325,548,0.157324114644129,-100.687840750824,39.5397562580889,-95.3811587787397,36.8691492898381,0.516678221509834,0.359354106865706,2024.77710211486,2024.93442622951,SRR31820756|A/chicken/OK/24-036668-002-original/2024|H5N1|USA-OK|Unknown|2024-12-08|domestic_avian|D1.1
942,943,0.00289550593342491,-71.8149254689252,42.4890370087035,-71.513475399059,41.7167091070548,0.517023236090756,0.514127730157331,2024.93187573816,2024.93477124409,NA
817,818,0.0258942223950365,-79.1791966515218,40.0723797058766,-80.6259867266994,42.0582943367217,0.518565968163507,0.49267174576847,2024.91041975377,2024.93631397616,NA
721,233,0.244213874487712,-91.0275514135583,40.4471657000161,-96.148308875265,41.2404730179833,0.51941046194696,0.275196587459248,2024.69294459546,2024.93715846995,SRR34491427|A/great_horned_owl/NE/24-036852-002/2024|H5N1|USA-NE|Douglas|2024-12-09|wild_avian|D1.1
1326,520,0.216198552955001,-90.5675161831348,40.3999800144641,-90.3109311367733,40.2762886104527,0.51941046194696,0.303211908991959,2024.72095991699,2024.93715846995,SRR36628220|A/american_wigeon/IL/24-037535-005/2024|H5N1|USA-IL|Fulton|2024-12-09|wild_avian|D1.1
822,181,0.169339677300185,-86.6902952627611,35.9361938665944,-90.0329819834993,33.8123845385073,0.51941046194696,0.350070784646775,2024.76781879265,2024.93715846995,SRR36617445|A/wild_duck/MS/24-037653-002/2024|H5N1|USA-MS|Tallahatchie|2024-12-09|wild_avian|D1.1
1109,563,0.130418842162073,-92.1919785142805,38.56187828084,-87.3820908328666,41.5980840527388,0.51941046194696,0.388991619784888,2024.80673962778,2024.93715846995,SRR36617246|A/snow_goose/IN/24-037868-001/2024|H5N1|USA-IN|Lake|2024-12-09|wild_avian|D1.1
1306,569,0.105295708337029,-116.619751170074,44.5403173865902,-117.861842834237,44.1862776009563,0.51941046194696,0.414114753609932,2024.83186276161,2024.93715846995,SRR33508718|A/snow_goose/OR/24-037758-001/2024|H5N1|USA-OR|Malheur|2024-12-09|wild_avian|D1.1
1322,550,0.103051117856373,-112.552635996662,42.8902354322532,-117.702374429702,45.4336398927216,0.51941046194696,0.416359344090587,2024.83410735209,2024.93715846995,SRR36617634|A/snow_goose/OR/24-037761-001/2024|H5N1|USA-OR|Union|2024-12-09|wild_avian|D1.1
752,229,0.0557086679902372,-81.5754991422667,42.10251293808,-82.5106730484586,42.145277596124,0.51941046194696,0.463701793956723,2024.88144980196,2024.93715846995,EPI_ISL_20208432|A/Mallard/ON/FAV-0059-8/2025|H5N1|Canada-ON|Unknown|2024-12-09|wild_avian|D1.1
1004,1005,0.0808932368430699,-102.333933080673,40.3852832426863,-96.5770205625146,40.3163031952853,0.520244695397861,0.439351458554792,2024.85709946655,2024.9379927034,NA
848,44,0.20547878723814,-106.007691595072,48.7770552325137,-117.161078348458,52.492565896368,0.522142702384087,0.316663915145946,2024.73441192314,2024.93989071038,EPI_ISL_20208426|A/Great_Horned_Owl/AB/FAV-0178-1/2025|H5N1|Canada-AB|Unknown|2024-12-10|wild_avian|D1.1
877,31,0.182215708957822,-100.745925171193,42.2435809910338,-116.58181126418,43.5775487530254,0.522142702384087,0.339926993426265,2024.75767500142,2024.93989071038,SRR33508721|A/snow_goose/ID/24-037540-001/2024|H5N1|USA-ID|Canyon|2024-12-10|wild_avian|D1.1
1001,666,0.166249070271945,-94.9330854957722,41.1423630727775,-95.7006246671118,43.9130144953906,0.522142702384087,0.355893632112142,2024.77364164011,2024.93989071038,SRR34491425|A/canada_goose/MN/24-037100-001/2024|H5N1|USA-MN|Murray|2024-12-10|wild_avian|D1.1
793,189,0.164938449607328,-87.8404079387334,38.4810621143091,-93.3562388621522,43.222051452389,0.522142702384087,0.357204252776759,2024.77495226078,2024.93989071038,SRR34491424|A/blue_jay/IA/24-037140-001/2024|H5N1|USA-IA|Cerro_Gordo|2024-12-10|wild_avian|D1.1
1340,542,0.103984435480139,-90.7082635745074,40.3117677246293,-96.0848279714368,42.5275002098444,0.522142702384087,0.418158266903948,2024.8359062749,2024.93989071038,SRR36617433|A/snow_goose/IA/24-037657-004/2024|H5N1|USA-IA|Woodbury|2024-12-10|wild_avian|D1.1
881,29,0.0500318327287614,-103.783562618301,40.8045104748528,-103.573219700903,40.7279752047205,0.522142702384087,0.472110869655325,2024.88985887765,2024.93989071038,SRR36617816|A/red_tailed_hawk/CO/24-037418-001/2024|H5N1|USA-CO|Weld|2024-12-10|wild_avian|D1.1
734,129,0.0435301551234095,-92.7818473421357,45.114757970371,-93.1555429620992,45.041354300485,0.522142702384087,0.478612547260677,2024.89636055526,2024.93989071038,SRR36617403|A/canada_goose/MN/24-038291-006/2024|H5N1|USA-MN|Ramsey|2024-12-10|wild_avian|D1.1
897,899,0.0491502878706154,-70.4864674232356,43.0518301519016,-70.490232223455,43.3282435475879,0.523853508419907,0.474703220549291,2024.89245122855,2024.94160151642,NA
953,954,0.0263801555039208,-70.9139479462265,42.3963516611206,-71.8152296720788,43.3010728065273,0.52390485920416,0.497524703700239,2024.9152727117,2024.9416528672,NA
912,913,0.100142809922045,-74.7756259686048,44.729909302672,-75.8704556697368,40.6985658272553,0.524115037853735,0.423972227931689,2024.84172023593,2024.94186304585,NA
718,719,0.258739845713808,-89.6662756616194,37.8453081825161,-95.2685809976027,42.0304330108095,0.524788232723746,0.266048387009938,2024.68379639501,2024.94253624072,NA
1321,552,0.217521335825701,-103.681775543319,41.8368964951706,-91.5539268250312,34.9963795868011,0.524874942821213,0.307353606995512,2024.72510161499,2024.94262295082,SRR36617233|A/mallard_duck/AR/24-037952-006/2024|H5N1|USA-AR|Prairie|2024-12-11|wild_avian|D1.1
818,819,0.00679959057575996,-80.6259867266994,42.0582943367217,-79.9187191774497,41.725119778332,0.525365558739267,0.518565968163507,2024.93631397616,2024.94311356674,NA
1308,1309,0.223345091080087,-111.499740389778,42.4104170429044,-115.419502282473,44.6930729148398,0.526862870320875,0.303517779240788,2024.72126578724,2024.94461087832,NA
1004,668,0.0882557247035474,-102.333933080673,40.3852832426863,-97.9457079066974,39.2541592218128,0.527607183258339,0.439351458554792,2024.85709946655,2024.94535519126,SRR36617797|A/snow_goose/KS/24-038036-002/2024|H5N1|USA-KS|Mitchell|2024-12-12|wild_avian|D1.1
817,174,0.0349354374898685,-79.1791966515218,40.0723797058766,-81.5973813262936,31.1648526971372,0.527607183258339,0.49267174576847,2024.91041975377,2024.94535519126,SRR36617408|A/bald_eagle/GA/24-038226-003/2024|H5N1|USA-GA|Glynn|2024-12-12|wild_avian|D1.1
906,907,0.0884876019709701,-72.8244448449962,40.2722383629462,-72.2503954859791,40.316602798832,0.527715439203794,0.439227837232824,2024.85697584523,2024.9454634472,NA
874,875,0.0172549237118814,-83.0423010839348,39.8796455396705,-79.4586918375553,38.4204203423146,0.529258380198255,0.512003456486374,2024.92975146448,2024.9470063882,NA
982,638,0.072450886097768,-93.8468961812299,38.1012341422271,-88.1124480216905,34.4984776459659,0.530339423695465,0.457888537597697,2024.8756365456,2024.94808743169,SRR31885765|A/Guineafowl/AL/24-037980-001-original/2024|H5N1|USA-AL|Unknown|2024-12-13|domestic_avian|D1.1
875,876,0.00150624445122138,-79.4586918375553,38.4204203423146,-79.0681521899403,38.3896778716979,0.530764624649477,0.529258380198255,2024.9470063882,2024.94851263265,NA
1120,1121,0.0439433601831049,-102.400764294466,40.3951639880444,-102.354788208004,40.4594291986235,0.531061290164575,0.48711792998147,2024.90486593798,2024.94880929816,NA
684,280,0.354096038789735,-109.597497908842,38.9877397815154,-118.497036976815,46.4516877754122,0.533071664132591,0.178975625342856,2024.59672363334,2024.95081967213,SRR36617585|A/canvasback_duck/WA/24-038667-005/2024|H5N1|USA-WA|Walla_Walla|2024-12-14|wild_avian|D1.1
1091,587,0.175117083393923,-112.017181753544,35.6689447350067,-94.3322587191865,29.8718371500751,0.533071664132591,0.357954580738669,2024.77570258874,2024.95081967213,SRR36617600|A/gadwall/TX/24-038543-056/2024|H5N1|USA-TX|Jefferson|2024-12-14|wild_avian|D1.1
751,226,0.0768785920745378,-87.1053236522529,42.1998733048455,-84.5818522845631,40.4709284198822,0.533071664132591,0.456193072058053,2024.87394108006,2024.95081967213,SRR36617800|A/canada_goose/OH/24-038006-001/2024|H5N1|USA-OH|Mercer|2024-12-14|wild_avian|D1.1
1005,669,0.0128269687347298,-96.5770205625146,40.3163031952853,-89.0139005347452,37.1772414090197,0.533071664132591,0.520244695397861,2024.9379927034,2024.95081967213,SRR36617765|A/ring_necked_duck/KY/24-038721-028/2024|H5N1|USA-KY|Ballard|2024-12-14|wild_avian|D1.1
922,923,0.0477250269814772,-75.1707009586063,40.7217272409779,-75.1906640256759,40.9500055878999,0.533831383967856,0.486106356986379,2024.90385436498,2024.95157939197,NA
923,924,0.000652417357932755,-75.1906640256759,40.9500055878999,-75.3867742312553,40.6791224049154,0.534483801325789,0.533831383967856,2024.95157939197,2024.95223180932,NA
1073,1074,0.0666906352637627,-121.773119420885,35.3569479915885,-121.424731560328,37.7194857280292,0.537094435327509,0.470403800063746,2024.88815180806,2024.95484244333,NA
1340,1341,0.119659508937715,-90.7082635745074,40.3117677246293,-89.6803479163728,47.0153219104702,0.537817775841663,0.418158266903948,2024.8359062749,2024.95556578384,NA
1030,302,0.135022706868401,-76.6984595358647,36.8978352765559,-75.9621810300914,35.6373764332271,0.538536145007071,0.40351343813867,2024.82126144614,2024.95628415301,SRR36617384|A/snow_goose/NC/24-038497-002/2024|H5N1|USA-NC|Hyde|2024-12-16|wild_avian|D1.1
881,30,0.0664252753517458,-103.783562618301,40.8045104748528,-116.692080438825,43.1615829569151,0.538536145007071,0.472110869655325,2024.88985887765,2024.95628415301,SRR36617414|A/snow_goose/ID/24-038179-001/2024|H5N1|USA-ID|Owyhee|2024-12-16|wild_avian|D1.1
899,900,0.0157827984170932,-70.490232223455,43.3282435475879,-71.4789891247635,41.3848364253304,0.539636306837,0.523853508419907,2024.94160151642,2024.95738431484,NA
1324,546,0.248520467079905,-102.492272650659,40.3981324338184,-115.755070205167,41.0352441008079,0.541268385444197,0.292747918364292,2024.71049592636,2024.95901639344,SRR36617967|A/gadwall/NV/24-039032-002/2024|H5N1|USA-NV|Elko|2024-12-17|wild_avian|D1.1
710,257,0.237402640773203,-114.839559170849,40.9151874266265,-115.90713823936,40.5692022138829,0.541268385444197,0.303865744670994,2024.72161375267,2024.95901639344,SRR36617969|A/mallard_duck/NV/24-039032-001/2024|H5N1|USA-NV|Elko|2024-12-17|wild_avian|D1.1
1111,592,0.182689173144487,-103.115685901187,39.3599634010533,-95.8813457053584,29.9873939474546,0.541268385444197,0.35857921229971,2024.7763272203,2024.95901639344,SRR36618001|A/Muscovy_duck/TX/24-038475-001/2024|H5N1|USA-TX|Harris|2024-12-17|wild_avian|D1.1
734,130,0.0626558381835201,-92.7818473421357,45.114757970371,-92.6397955145209,45.1555181534296,0.541268385444197,0.478612547260677,2024.89636055526,2024.95901639344,SRR36617307|A/canada_goose/WI/25-001449-006/2024|H5N1|USA-WI|St_Croix|2024-12-17|wild_avian|D1.1
958,959,0.0252836815360202,-72.4617841261652,43.9932764174173,-73.7999494839473,45.1413291279004,0.541538201162441,0.516254519626421,2024.93400252762,2024.95928620916,NA
752,753,0.0779194555518891,-81.5754991422667,42.10251293808,-81.1199540095416,41.0200141687416,0.541621249508612,0.463701793956723,2024.88144980196,2024.95936925751,NA
913,914,0.0194323264140365,-75.8704556697368,40.6985658272553,-76.6751009983926,40.4851966135047,0.543547364267771,0.524115037853735,2024.94186304585,2024.96129537227,NA
743,224,0.159324643260903,-94.0130734480752,40.4197473269999,-91.2017738612552,39.6846183437806,0.544000625881323,0.38467598262042,2024.80242399062,2024.96174863388,SRR36617388|A/trumpeter_swan/IL/24-038496-001/2024|H5N1|USA-IL|Pike|2024-12-18|wild_avian|D1.1
1014,632,0.126506348223267,-92.6773642730121,37.7009052238083,-90.8782650133604,38.7554415052774,0.544000625881323,0.417494277658056,2024.83524228566,2024.96174863388,SRR36617748|A/canada_goose/MO/24-038745-013/2024|H5N1|USA-MO|St_Charles|2024-12-18|wild_avian|D1.1
1005,670,0.0237559304834618,-96.5770205625146,40.3163031952853,-94.9507414233587,40.4457606516139,0.544000625881323,0.520244695397861,2024.9379927034,2024.96174863388,SRR36617758|A/mallard_duck/MO/24-038745-003/2024|H5N1|USA-MO|Nodaway|2024-12-18|wild_avian|D1.1
714,248,0.224521863659554,-118.152551703687,42.206948264522,-76.0243627667621,36.8524665409699,0.546732866318449,0.322211002658895,2024.73995901066,2024.96448087432,SRR36617986|A/green_winged_teal/VA/24-038857-002/2024|H5N1|USA-VA|Virginia_Beach|2024-12-19|wild_avian|D1.1
711,255,0.220834615001214,-114.707166080374,42.1272573076508,-114.148549716479,33.7383983877806,0.546732866318449,0.325898251317236,2024.74364625932,2024.96448087432,SRR36628748|A/mallard_duck/AZ/25-000743-025/2024|H5N1|USA-AZ|La_Paz|2024-12-19|wild_avian|D1.1
877,24,0.206805872892185,-100.745925171193,42.2435809910338,-107.986083972195,44.9264823394591,0.546732866318449,0.339926993426265,2024.75767500142,2024.96448087432,SRR36617586|A/canada_goose/WY/24-038662-001/2024|H5N1|USA-WY|Big_Horn|2024-12-19|wild_avian|D1.1
851,40,0.127985641541799,-88.4865600434973,43.1946272822634,-84.2131994884445,34.0839427892712,0.546732866318449,0.41874722477665,2024.83649523278,2024.96448087432,SRR36617304|A/bald_eagle/GA/25-001590-001/2024|H5N1|USA-GA|Fulton|2024-12-19|wild_avian|D1.1
1112,591,0.119569571691592,-80.1190122008819,30.3091728170428,-79.9820216107366,32.7758775954936,0.546732866318449,0.427163294626857,2024.84491130263,2024.96448087432,SRR36617572|A/green_winged_teal/SC/25-000649-005/2024|H5N1|USA-SC|Charleston|2024-12-19|wild_avian|D1.1
1064,331,0.0667618615607615,-74.3178885288578,36.6621032359014,-77.2752507783187,37.3544005841992,0.546732866318449,0.479971004757688,2024.89771901276,2024.96448087432,SRR36617982|A/wood_duck/VA/24-038859-013/2024|H5N1|USA-VA|Henrico|2024-12-19|wild_avian|D1.1
887,119,0.0627563521064702,-73.7691157936667,42.2007279288982,-72.331162725246,44.4745609373728,0.546732866318449,0.483976514211979,2024.90172452221,2024.96448087432,SRR31959989|A/chicken/VT/24-038443-001-original/2024|H5N1|USA-VT|Unknown|2024-12-19|domestic_avian|D1.1
765,780,0.130670311163445,-84.1988677943174,41.2445086411906,-86.2937065187235,42.8939192108257,0.5469804933824,0.416310182218955,2024.83405819022,2024.96472850138,NA
697,246,0.198226505951948,-108.232400411105,40.7097950693713,-119.404014965101,47.5711620268057,0.549465106755576,0.351238600803628,2024.7689866088,2024.96721311475,SRR36617580|A/mallard_duck/WA/25-000523-001/2024|H5N1|USA-WA|Grant|2024-12-20|wild_avian|D1.1
866,23,0.0779719951964435,-82.5098451338856,40.1860268250786,-76.1951450493506,42.5272412078427,0.549465106755576,0.471493111559132,2024.88924111956,2024.96721311475,SRR36617991|A/Peregrine_falcon/NY/24-038845-001/2024|H5N1|USA-NY|Cortland|2024-12-20|wild_avian|D1.1
925,49,0.0613763773121672,-75.536056087408,41.3705573960149,-76.5994159860475,42.8417138146617,0.549465106755576,0.488088729443408,2024.90583673744,2024.96721311475,SRR36617989|A/cooper_s_hawk/NY/24-038846-001/2024|H5N1|USA-NY|Cayuga|2024-12-20|wild_avian|D1.1
935,937,0.0656429079696675,-63.2098839561017,45.2009215262731,-62.9899433309778,46.1331039847843,0.550292693560368,0.484649785590701,2024.90239779359,2024.96804070156,NA
1309,1310,0.0242786279665728,-115.419502282473,44.6930729148398,-113.398014839929,43.6654723448009,0.551141498287448,0.526862870320875,2024.94461087832,2024.96888950629,NA
892,893,0.169545069624571,-73.3570439691,42.1351136133538,-73.5469653916795,42.083800212684,0.551245480901695,0.381700411277123,2024.79944841928,2024.9689934889,NA
937,938,0.00115940593472308,-62.9899433309778,46.1331039847843,-62.9829159317889,46.1360730422945,0.551452099495091,0.550292693560368,2024.96804070156,2024.96920010749,NA
1107,562,0.258366576578783,-105.949140110338,44.0763743810073,-96.1354599613634,41.3368102084623,0.552197347192702,0.293830770613919,2024.71157877861,2024.96994535519,SRR36628199|A/wild_goose/NE/24-038832-001/2024|H5N1|USA-NE|Douglas|2024-12-21|wild_avian|D1.1
819,820,0.0270850231879034,-79.9187191774497,41.725119778332,-86.3756453533154,46.8490183353373,0.55245058192717,0.525365558739267,2024.94311356674,2024.97019858993,NA
821,825,0.233853555733807,-87.8815042172115,36.4768150733149,-92.849080366739,44.6000902715078,0.554217291262724,0.320363735528917,2024.73811174353,2024.97196529926,NA
1126,1127,0.040027046046974,-99.1723374196474,42.3592386144464,-99.3386712338562,42.2252399893216,0.554399554142834,0.51437250809586,2024.93212051609,2024.97214756214,NA
968,673,0.206348862366606,-118.988509273785,36.068617316877,-120.990956621592,36.1214319655434,0.557661828067181,0.351312965700576,2024.7690609737,2024.97540983607,SRR36617878|A/western_gull/CA/25-004506-003/2024|H5N1|USA-CA|Monterey|2024-12-23|wild_avian|D1.1
893,894,0.00809501576170901,-73.5469653916795,42.083800212684,-73.0708627000416,42.2624556780895,0.559340496663404,0.551245480901695,2024.9689934889,2024.97708850466,NA
986,637,0.0740895188634896,-94.9190505085741,39.3224555752106,-96.6643049880168,42.6586367868438,0.560394068504308,0.486304549640818,2024.90405255764,2024.9781420765,SRR36617972|A/canada_goose/SD/24-038946-001/2024|H5N1|USA-SD|Union|2024-12-24|wild_avian|D1.1
893,895,0.00917042049604933,-73.5469653916795,42.083800212684,-72.1466848931666,41.0416085923671,0.560415901397744,0.551245480901695,2024.9689934889,2024.9781639094,NA
954,955,0.037535795876246,-71.8152296720788,43.3010728065273,-69.0193012618577,43.2044596845475,0.561440655080406,0.52390485920416,2024.9416528672,2024.97918866308,NA
1200,1201,0.0802463680250833,-101.337341959868,44.209364267697,-97.0591211702638,43.5435909394245,0.565600963365962,0.485354595340879,2024.90310260334,2024.98334897136,NA
849,42,0.203500364947409,-88.2121910608213,42.9683503145099,-88.5219295497761,48.6260231205068,0.571323030252812,0.367822665305404,2024.7855706733,2024.98907103825,EPI_ISL_20208449|A/Snowy_Owl/ON/FAV-0035-8/2025|H5N1|Canada-ON|Unknown|2024-12-28|wild_avian|D1.1
1083,559,0.155970095030853,-105.934901519625,37.7087143740398,-104.971232225941,37.9543487026547,0.571323030252812,0.415352935221959,2024.83310094322,2024.98907103825,SRR36617718|A/snow_goose/CO/25-000365-002/2024|H5N1|USA-CO|Pueblo|2024-12-28|wild_avian|D1.1
808,164,0.151368820371678,-84.9628819412229,37.062507382222,-80.7250387795072,32.7115171883359,0.571323030252812,0.419954209881134,2024.83770221788,2024.98907103825,SRR36617711|A/american_wigeon/SC/25-000504-002/2024|H5N1|USA-SC|Colleton|2024-12-28|wild_avian|D1.1
1050,300,0.0570648319309396,-75.5401354969397,35.0072534299022,-76.1223430619883,35.5876548906896,0.571323030252812,0.514258198321873,2024.93200620632,2024.98907103825,SRR36617328|A/snow_goose/NC/25-001068-002/2024|H5N1|USA-NC|Hyde|2024-12-28|wild_avian|D1.1
716,126,0.330790207950973,-98.3519219970489,40.6330614898001,-125.312483168196,52.1471245190027,0.576787511127292,0.245997303176319,2024.66374531117,2024.99453551913,EPI_ISL_20208383|A/Bald_Eagle/BC/OTH-0030-26/2025|H5N1|Canada-BC|Unknown|2024-12-30|wild_avian|D1.1
718,236,0.310739124117354,-89.6662756616194,37.8453081825161,-81.4010544705378,40.6629361718825,0.576787511127292,0.266048387009938,2024.68379639501,2024.99453551913,SRR36617726|A/canada_goose/OH/25-000228-002/2024|H5N1|USA-OH|Stark|2024-12-30|wild_avian|D1.1
1014,633,0.159293233469236,-92.6773642730121,37.7009052238083,-87.8548713540212,35.93774643607,0.576787511127292,0.417494277658056,2024.83524228566,2024.99453551913,SRR36617313|A/snow_goose/TN/25-001379-007/2024|H5N1|USA-TN|Humphreys|2024-12-30|wild_avian|D1.1
922,54,0.0906811541409129,-75.1707009586063,40.7217272409779,-75.433906424109,40.8179593800702,0.576787511127292,0.486106356986379,2024.90385436498,2024.99453551913,SRR36628766|A/lesser_snow_goose/PA/25-000167-005/2024|H5N1|USA-PA|Northampton|2024-12-30|wild_avian|D1.1
913,74,0.0526724732735574,-75.8704556697368,40.6985658272553,-75.7548484652914,40.7304605305184,0.576787511127292,0.524115037853735,2024.94186304585,2024.99453551913,SRR36617737|A/lesser_snow_goose/PA/25-000169-003/2024|H5N1|USA-PA|Lehigh|2024-12-30|wild_avian|D1.1
810,161,0.206852350935817,-85.1266672773371,35.8068998455346,-81.4628827921503,37.4312949274973,0.579519751564418,0.372667400628601,2024.79041540863,2024.99726775956,SRR32006892|A/chicken/WV/25-000049-006-original/2024|H5N1|USA-WV|Unknown|2024-12-31|domestic_avian|D1.1
891,121,0.088319498255915,-74.8765485344163,41.6488006468169,-75.9708631718046,38.4718942702994,0.579519751564418,0.491200253308503,2024.90894826131,2024.99726775956,SRR36617325|A/snow_goose/MA/25-001222-002/2024|H5N1|USA-MA|Dorchester|2024-12-31|wild_avian|D1.1
924,52,0.0450359502386292,-75.3867742312553,40.6791224049154,-75.8930904887785,38.5636208855869,0.579519751564418,0.534483801325789,2024.95223180932,2024.99726775956,SRR36617326|A/snow_goose/MA/25-001222-001/2024|H5N1|USA-MA|Dorchester|2024-12-31|wild_avian|D1.1
839,268,0.28504001021917,-106.483313395686,42.5737263627871,-85.1945846847394,35.7026207013243,0.584991718028902,0.299951707809731,2024.71769971581,2025.00273972603,SRR32416368|A/Canada_Goose/TN/25-003129-001-original/2025|H5N1|USA-TN|Unknown|2025-01-02|wild_avian|D1.1
782,147,0.223017892936022,-89.3949394401601,37.6309606523373,-87.7599375005628,41.9002594831925,0.584991718028902,0.361973825092879,2024.77972183309,2025.00273972603,SRR32226683|A/Canada_Goose/IL/25-000616-010/2025|H5N1|USA-IL|Cook|2025-01-02|wild_avian|D1.1
783,145,0.16730705411893,-89.2340960909759,37.0984124285748,-87.040850148914,34.7600177116938,0.584991718028902,0.417684663909972,2024.83543267191,2025.00273972603,SRR32254443|A/snow_goose/AL/25-001388-002/2025|H5N1|USA-AL|Limestone|2025-01-02|wild_avian|D1.1
1061,327,0.149635213134126,-78.4273382842622,36.9590504659807,-79.982213369522,32.7826346964775,0.584991718028902,0.435356504894776,2024.85310451289,2025.00273972603,SRR32254425|A/bald_eagle/SC/25-000782-001/2025|H5N1|USA-SC|Charleston|2025-01-02|wild_avian|D1.1
1342,539,0.140764436999696,-88.3565183491615,37.9237188987506,-87.8882305523696,42.143827979721,0.584991718028902,0.444227281029206,2024.86197528903,2025.00273972603,SRR32226691|A/Canada_Goose/IL/25-000616-002/2025|H5N1|USA-IL|Cook|2025-01-02|wild_avian|D1.1
981,643,0.101106337946295,-90.6800359147081,40.8275018659813,-93.7982770587986,41.7383853699238,0.584991718028902,0.483885380082607,2024.90163338808,2025.00273972603,SRR36617578|A/red_tailed_hawk/IA/25-000527-002/2024|H5N1|USA-IA|Polk|2025-01-02|wild_avian|D1.1
888,120,0.0955898311167132,-73.2774675621992,42.5002866958494,-75.4506411287651,39.0301074558313,0.584991718028902,0.489401886912189,2024.90714989491,2025.00273972603,SRR32006864|A/chicken/DE/25-000201-001-original/2025|H5N1|USA-DE|Unknown|2025-01-02|domestic_avian|D1.1
1066,324,0.0841408224784921,-80.6705472107345,39.3105067266695,-81.0167224630767,39.0679771467074,0.584991718028902,0.50085089555041,2024.91859890355,2025.00273972603,SRR32868825|A/Canada_Goose/WV/25-001893-003-original/2025|H5N1|USA-WV|Unknown|2025-01-02|wild_avian|D1.1
907,101,0.0572762788251077,-72.2503954859791,40.316602798832,-71.2100054725379,41.6254348709529,0.584991718028902,0.527715439203794,2024.9454634472,2025.00273972603,SRR32254418|A/canada_goose/RI/25-001721-001/2025|H5N1|USA-RI|Newport|2025-01-02|wild_avian|D1.1
924,51,0.0505079167031127,-75.3867742312553,40.6791224049154,-75.1902699521516,40.7619565589094,0.584991718028902,0.534483801325789,2024.95223180932,2025.00273972603,SRR32254446|A/red_tailed_hawk/PA/25-001322-001/2025|H5N1|USA-PA|Northampton|2025-01-02|wild_avian|D1.1
1007,675,0.315355316419971,-114.471800217178,42.0313924767784,-123.250628341733,49.7552131590432,0.587731444056259,0.272376127636288,2024.69012413563,2025.00547945205,EPI_ISL_19788013|A/Bald_Eagle/BC/AIVPHL-2979/2025|H5N1|Canada-BC|Unknown|2025-01-03|wild_avian|D1.1
1305,567,0.240824412315288,-109.452928412508,36.7360311896921,-106.964585578011,34.0183427109098,0.587731444056259,0.346907031740971,2024.76465503974,2025.00547945205,SRR32254439|A/snow_goose/NM/25-001448-001/2025|H5N1|USA-NM|Socorro|2025-01-03|wild_avian|D1.1
921,53,0.110188277450953,-74.9808399356639,40.8957470927711,-74.5340225976057,40.756030699433,0.587731444056259,0.477543166605306,2024.8952911746,2025.00547945205,SRR32254501|A/snow_goose/NJ/25-000806-001/2025|H5N1|USA-NJ|Morris|2025-01-03|wild_avian|D1.1
685,279,0.28271067706166,-114.596969748124,39.1411415925404,-111.695738745935,28.5666608300524,0.590471170083844,0.307760493022184,2024.72550850102,2025.00821917808,GenBank|A/Ostrich/Sonora/CPA-00009-25/2025|H5N1|Mexico-Sonora|Unknown|2025-01-04|domestic_avian|D1.1
1013,631,0.286950893402352,-94.9192705313296,38.0987090255561,-93.7134211965127,41.5869227897746,0.593210896111201,0.306260002708849,2024.72400801071,2025.01095890411,SRR32226692|A/Great_Horned_Owl/IA/25-000440-001/2025|H5N1|USA-IA|Polk|2025-01-05|wild_avian|D1.1
1316,598,0.199952630374077,-111.113129344925,44.6211863107332,-118.4663373876,43.5398354516318,0.593210896111201,0.393258265737125,2024.81100627374,2025.01095890411,SRR32125546|A/chicken/OR/25-000540-001-original/2025|H5N1|USA-OR|Unknown|2025-01-05|domestic_avian|D1.1
958,93,0.0769563764847803,-72.4617841261652,43.9932764174173,-70.727075048376,43.2733839666836,0.593210896111201,0.516254519626421,2024.93400252762,2025.01095890411,SRR32512599|A/canada_goose/ME/25-003295-001/2025|H5N1|USA-ME|York|2025-01-05|wild_avian|D1.1
923,50,0.059379512143345,-75.1906640256759,40.9500055878999,-74.8985366582883,40.8559988312558,0.593210896111201,0.533831383967856,2024.95157939197,2025.01095890411,SRR32254496|A/snow_goose/NJ/25-000810-002/2025|H5N1|USA-NJ|Warren|2025-01-05|wild_avian|D1.1
1355,557,0.31107183758264,-107.65663865297,41.542481412843,-129.552767230373,55.0046498853456,0.595950622138559,0.284878784555919,2024.70262679255,2025.01369863014,EPI_ISL_19788009|A/Red_Tailed_Hawk/BC/AIVPHL-2966/2025|H5N1|Canada-BC|Unknown|2025-01-06|wild_avian|D1.1
806,163,0.17987492701708,-90.6853085427997,38.7960686112284,-84.4331953658233,31.851799647411,0.595950622138559,0.416075695121478,2024.83382370312,2025.01369863014,SRR32125549|A/chicken/GA/25-000538-001-original/2025|H5N1|USA-GA|Unknown|2025-01-06|domestic_avian|D1.1
940,99,0.172679864315151,-73.4737949520531,42.4482320453558,-73.64344935238,43.2829629790136,0.595950622138559,0.423270757823407,2024.84101876582,2025.01369863014,SRR32254487|A/canada_goose/NY/25-000858-002/2025|H5N1|USA-NY|Saratoga|2025-01-06|wild_avian|D1.1
880,27,0.144538851781277,-107.405003083401,42.5985150928309,-113.122503087236,44.3858860220539,0.595950622138559,0.451411770357282,2024.86915977836,2025.01369863014,SRR32125547|A/chicken/ID/25-000539-001-original/2025|H5N1|USA-ID|Unknown|2025-01-06|domestic_avian|D1.1
1012,628,0.121323796913938,-110.898445974901,41.6176189253607,-114.443100054266,44.2802126887116,0.595950622138559,0.474626825224621,2024.89237483322,2025.01369863014,SRR32254472|A/red_tailed_hawk/ID/25-001246-001/2025|H5N1|USA-ID|Unknown|2025-01-06|wild_avian|D1.1
729,135,0.112467478883185,-89.3276242016635,43.3111262133026,-89.532566661825,43.3031975165357,0.595950622138559,0.483483143255374,2024.90123115125,2025.01369863014,SRR32254451|A/red_tailed_hawk/WI/25-001295-001/2025|H5N1|USA-WI|Columbia|2025-01-06|wild_avian|D1.1
982,983,0.138993145133685,-93.8468961812299,38.1012341422271,-98.9900377641306,45.0327389980447,0.596881682731382,0.457888537597697,2024.8756365456,2025.01462969073,NA
989,663,0.179180646232455,-92.9093508724534,34.6681424558798,-91.7627728561457,32.3789389785553,0.598690348165916,0.419509701933461,2024.83725770993,2025.01643835616,SRR32416436|A/mallard/LA/25-001905-003/2025|H5N1|USA-LA|Richland|2025-01-07|wild_avian|D1.1
1121,337,0.0676290580013413,-102.354788208004,40.4594291986235,-104.508305657405,40.9370629451085,0.598690348165916,0.531061290164575,2024.94880929816,2025.01643835616,SRR32254489|A/cackling_goose/CO/25-000848-001/2025|H5N1|USA-CO|Weld|2025-01-07|wild_avian|D1.1
794,795,0.292331926605976,-86.5791057169513,38.1504670438874,-90.1901499997126,30.2431616701283,0.599694042976192,0.307362116370216,2024.72511012437,2025.01744205097,NA
962,281,0.29865264855919,-108.654862745752,41.0042865779658,-112.630218811589,32.8550195368892,0.601430074193273,0.302777425634083,2024.72052543363,2025.01917808219,SRR33508711|A/barn_owl/AZ/25-000514-002/2025|H5N1|USA-AZ|Maricopa|2025-01-08|wild_avian|D1.1
1332,529,0.182829470688784,-96.5364241121021,37.0363663491663,-113.689879711255,35.4003631788606,0.601430074193273,0.41860060350449,2024.8363486115,2025.01917808219,SRR32512601|A/american_wigeon/AZ/25-004049-003/2025|H5N1|USA-AZ|Mohave|2025-01-08|wild_avian|D1.1
707,258,0.248319913647064,-100.580376664645,37.1199474527674,-87.7030297315301,30.3377620064806,0.604169800220631,0.355849886573567,2024.77359789457,2025.02191780822,SRR32254417|A/bald_eagle/AL/25-001791-001/2025|H5N1|USA-AL|Baldwin|2025-01-09|wild_avian|D1.1
730,133,0.185018942941309,-84.3543702275814,40.2553455893097,-79.2442494241085,43.7128164568912,0.604169800220631,0.419150857279322,2024.83689886528,2025.02191780822,EPI_ISL_19792241|A/Duck/ON/FAV-0025/2025|H5N1|Canada-ON|Unknown|2025-01-09|domestic_avian|D1.1
1134,1135,0.119481014889734,-99.001354593797,40.4622319101837,-104.268789088912,44.3794047296343,0.605334517991764,0.48585350310203,2024.9036015111,2025.02308252599,NA
780,205,0.0626687588931726,-86.2937065187235,42.8939192108257,-82.3565335461562,46.2468856268596,0.609649252275573,0.5469804933824,2024.96472850138,2025.02739726027,EPI_ISL_20208395|A/Canada_Goose/ON/FAV-0038-2/2025|H5N1|Canada-ON|Unknown|2025-01-11|wild_avian|D1.1
1334,1335,0.193135872172689,-91.7950889376139,35.6691015613396,-102.962941793817,35.9780233224323,0.611437424468426,0.418301552295737,2024.83604956029,2025.02918543247,NA
1010,626,0.308577991041683,-107.106854267703,38.2990671067412,-92.4452492015919,47.6798615208724,0.61238897830293,0.303810987261247,2024.72155899526,2025.0301369863,SRR33029793|A/Trumpeter_Swan/MN/25-002569-001-original/2025|H5N1|USA-MN|Unknown|2025-01-12|wild_avian|D1.1
693,239,0.326258528261184,-109.706765625165,40.9818749735123,-92.6983396773822,35.2072755595976,0.615128704330288,0.288870176069104,2024.70661818407,2025.03287671233,SRR32416354|A/American_Woodcock/AR/25-003125-001-original/2025|H5N1|USA-AR|Unknown|2025-01-13|wild_avian|D1.1
927,59,0.18713768713795,-74.4639784460913,43.6715251026389,-73.3324588710705,44.6760604844651,0.615128704330288,0.427991017192337,2024.84573902519,2025.03287671233,SRR32254424|A/mallard/VT/25-001682-021/2025|H5N1|USA-VT|Grand_Isle|2025-01-13|wild_avian|D1.1
890,123,0.126070833800404,-74.4419370439101,41.6556573296276,-77.5077902117927,42.9404545984102,0.615128704330288,0.489057870529884,2024.90680587853,2025.03287671233,SRR32254429|A/snow_goose/NY/25-001673-001/2025|H5N1|USA-NY|Ontario|2025-01-13|wild_avian|D1.1
907,102,0.0874132651264937,-72.2503954859791,40.316602798832,-73.3344122927507,44.7172181852932,0.615128704330288,0.527715439203794,2024.9454634472,2025.03287671233,SRR32254427|A/mallard/VT/25-001682-012/2025|H5N1|USA-VT|Grand_Isle|2025-01-13|wild_avian|D1.1
814,157,0.192469723908264,-82.3382559857411,34.6003436246889,-80.6937049966884,27.6818344805186,0.617868430357645,0.425398706449381,2024.84314671445,2025.03561643836,SRR33508814|A/lesser_scaup/FL/25-003912-002/2025|H5N1|USA-FL|Indian_River|2025-01-14|wild_avian|D1.1
955,956,0.0575965601215559,-69.0193012618577,43.2044596845475,-70.9043287463996,43.4376103562583,0.619037215201962,0.561440655080406,2024.97918866308,2025.0367852232,NA
1002,664,0.254549978221931,-95.2701489821126,41.3365977843778,-88.487110658607,34.7105405310755,0.620608156385003,0.366058178163072,2024.78380618616,2025.03835616438,SRR32416380|A/Wood_Duck/MS/25-002206-001-original/2025|H5N1|USA-MS|Unknown|2025-01-15|wild_avian|D1.1
1084,289,0.320776832785741,-123.33769356276,45.4902039789121,-120.630408645456,46.7666729659769,0.623347882412587,0.302571049626847,2024.72031905763,2025.04109589041,SRR32653596|A/Weasel/WA/25-002912-001-original-repeat2/2025|H5N1|USA-WA|Unknown|2025-01-16|other_mammal|D1.1
1003,667,0.19776942246253,-101.422361725328,40.0901420737901,-104.168884324382,42.010334099227,0.623347882412587,0.425578459950057,2024.84332646795,2025.04109589041,SRR32513187|A/great_horned_owl/WY/25-002742-001/2025|H5N1|USA-WY|Goshen|2025-01-16|wild_avian|D1.1
905,114,0.109114515990218,-74.8194831015816,40.8372921715511,-75.6127621011703,40.5085337337948,0.623347882412587,0.514233366422369,2024.93198137442,2025.04109589041,SRR32513297|A/red_tailed_hawk/PA/25-003148-002/2025|H5N1|USA-PA|Lehigh|2025-01-16|wild_avian|D1.1
983,639,0.0264661996812052,-98.9900377641306,45.0327389980447,-99.3279370468813,45.0032013978941,0.623347882412587,0.596881682731382,2025.01462969073,2025.04109589041,SRR32254412|A/cat/SD/25-002248-001/2025|H5N1|USA-SD|Faulk|2025-01-16|feline|D1.1
983,640,0.0264661996812052,-98.9900377641306,45.0327389980447,-98.7971039155826,45.1644459648628,0.623347882412587,0.596881682731382,2025.01462969073,2025.04109589041,SRR32254411|A/cat/SD/25-002248-002/2025|H5N1|USA-SD|Faulk|2025-01-16|feline|D1.1
908,104,0.143688995247707,-75.1411805604096,44.5155815527257,-71.2719425447719,43.2686719725186,0.626087608439945,0.482398613192238,2024.90014662119,2025.04383561644,SRR32416416|A/mallard/NH/25-003045-041/2025|H5N1|USA-NH|Merrimack|2025-01-17|wild_avian|D1.1
908,103,0.143688995247707,-75.1411805604096,44.5155815527257,-71.3562155398169,43.1382283260694,0.626087608439945,0.482398613192238,2024.90014662119,2025.04383561644,SRR32513176|A/mallard/NH/25-003045-054/2025|H5N1|USA-NH|Merrimack|2025-01-17|wild_avian|D1.1
753,228,0.0844663589313325,-81.1199540095416,41.0200141687416,-77.8072213807719,37.5290349232158,0.626087608439945,0.541621249508612,2024.95936925751,2025.04383561644,SRR32254410|A/African_crowned_crane/VA/25-002296-001/2025|H5N1|USA-VA|Powhatan|2025-01-17|wild_avian|D1.1
853,854,0.113453675657551,-90.4510652562583,43.912971522802,-85.64453302954,42.1849430355069,0.628237410971691,0.51478373531414,2024.93253174331,2025.04598541897,NA
708,260,0.270954151613166,-111.451688741741,41.5940844641502,-104.2512991072,33.781064231583,0.628827334467302,0.357873182854136,2024.77562119085,2025.04657534247,SRR32513271|A/great_horned_owl/NM/25-002820-001/2025|H5N1|USA-NM|Chaves|2025-01-18|wild_avian|D1.1
900,110,0.0919307536576596,-71.4789891247635,41.3848364253304,-71.6835104254567,41.4790018422436,0.631567060494659,0.539636306837,2024.95738431484,2025.04931506849,SRR33319045|A/hooded_merganser/RI/25-007119-005/2025|H5N1|USA-RI|Washington|2025-01-19|wild_avian|D1.1
1315,597,0.245538500392843,-111.11804007017,44.4786007055806,-114.628706928728,41.8559882515857,0.637046512549602,0.391508012156758,2024.80925602016,2025.05479452055,SRR32254304|A/cattle/NV/25-002645-003-original/2025|H5N1|USA-NV|Unknown|2025-01-21|cattle|D1.1
838,277,0.227105537569507,-107.921598555404,47.7952905174044,-104.492853047875,46.5966339555896,0.637046512549602,0.409940974980094,2024.82768898298,2025.05479452055,SRR33125070|A/Great_Horned_Owl/MT/25-006102-001-original/2025|H5N1|USA-MT|Unknown|2025-01-21|wild_avian|D1.1
852,32,0.174887098703475,-91.7234300289732,44.6161036189982,-86.993112626947,45.2787850882356,0.637046512549602,0.462159413846127,2024.87990742184,2025.05479452055,SRR34980358|A/bald_eagle/WI/25-021326-002/2025|H5N1|USA-WI|Door|2025-01-21|wild_avian|D1.1
761,762,0.178478575170548,-84.0014800879745,38.9136101505769,-84.3917562586054,38.9441422086812,0.638452419956082,0.459973844785534,2024.87772185278,2025.05620042795,NA
1192,1193,0.131754054042796,-96.9497564364453,40.1328631145614,-103.147416975742,48.0141670971778,0.638516778264426,0.50676272422163,2024.92451073222,2025.05626478626,NA
1335,1336,0.0274203837987278,-102.962941793817,35.9780233224323,-102.94875516536,35.957177779855,0.638857808267153,0.611437424468426,2025.02918543247,2025.05660581627,NA
854,855,0.0108207408500712,-85.64453302954,42.1849430355069,-89.4032005335129,43.0520930555816,0.639058151821762,0.628237410971691,2025.04598541897,2025.05680615982,NA
705,253,0.315093343921268,-114.251339308698,42.494744023173,-117.769333301501,47.2732995813028,0.639786238576959,0.324692894655691,2024.74244090265,2025.05753424658,GenBank|A/chicken/WA/W250220054-7/2025|H5N1|USA-WA|Unknown|2025-01-22|domestic_avian|D1.1
1031,303,0.177440483813924,-76.8750668099874,36.9781204148742,-75.9432207467048,37.4803697506567,0.639786238576959,0.462345754763035,2024.88009376276,2025.05753424658,SRR32513231|A/snow_goose/VA/25-004135-011/2025|H5N1|USA-VA|Northampton|2025-01-22|wild_avian|D1.1
760,214,0.173761898581227,-92.359634474932,40.5001402672849,-94.6582783890648,34.8551454622055,0.639786238576959,0.466024339995732,2024.88377234799,2025.05753424658,SRR32416465|A/bald_eagle/OK/25-003111-001/2025|H5N1|USA-OK|Le_Flore|2025-01-22|wild_avian|D1.1
1344,531,0.171651364256701,-84.6824812145372,39.4584912580089,-84.5177407614069,39.057383567506,0.639786238576959,0.468134874320258,2024.88588288232,2025.05753424658,SRR32512591|A/canada_goose/KY/25-004132-002/2025|H5N1|USA-KY|Kenton|2025-01-22|wild_avian|D1.1
942,89,0.125658508419628,-71.8149254689252,42.4890370087035,-70.8747996879122,41.7744535496775,0.639786238576959,0.514127730157331,2024.93187573816,2025.05753424658,SRR32512553|A/canada_goose/MA/25-003297-004/2025|H5N1|USA-MA|Plymouth|2025-01-22|wild_avian|D1.1
959,91,0.0982480374145178,-73.7999494839473,45.1413291279004,-70.5549544309025,41.5991689752538,0.639786238576959,0.541538201162441,2024.95928620916,2025.05753424658,SRR32512620|A/great_horned_owl/MA/25-003297-003/2025|H5N1|USA-MA|Barnstable|2025-01-22|wild_avian|D1.1
762,209,0.00133381862087678,-84.3917562586054,38.9441422086812,-84.6919611465278,39.0999265791762,0.639786238576959,0.638452419956082,2025.05620042795,2025.05753424658,SRR33029806|A/raccoon/KY/25-006499-002/2025|H5N1|USA-KY|Boone|2025-01-22|other_mammal|D1.1
855,856,0.00214074489606064,-89.4032005335129,43.0520930555816,-88.4446743284077,42.263305999704,0.641198896717823,0.639058151821762,2025.05680615982,2025.05894690472,NA
1127,1128,0.0871774842854757,-99.3386712338562,42.2252399893216,-104.134455607159,40.0839948502644,0.641577038428309,0.554399554142834,2024.97214756214,2025.05932504643,NA
900,901,0.102143245899615,-71.4789891247635,41.3848364253304,-71.8534008794181,41.7019669403667,0.641779552736615,0.539636306837,2024.95738431484,2025.05952756073,NA
1021,284,0.294494312891407,-120.918054974585,41.3085870292704,-121.95274880478,42.9025953755862,0.642525964604316,0.348031651712909,2024.76577965971,2025.0602739726,SRR32415199|A/chicken/OR/25-003575-001-original/2025|H5N1|USA-OR|Unknown|2025-01-23|domestic_avian|D1.1
919,48,0.187399395218689,-73.4017966784183,41.745657040153,-73.2684265629071,41.4933068344244,0.642525964604316,0.455126569385628,2024.87287457738,2025.0602739726,SRR32512673|A/american_black_duck/CT/25-003143-002/2025|H5N1|USA-CT|New_Haven|2025-01-23|wild_avian|D1.1
719,234,0.11773773188057,-95.2685809976027,42.0304330108095,-95.8122668868973,40.1592960450249,0.642525964604316,0.524788232723746,2024.94253624072,2025.0602739726,SRR32654188|A/Turkey/NE/25-002670-003-original/2025|H5N1|USA-NE|Unknown|2025-01-23|domestic_avian|D1.1
955,96,0.0810853095239108,-69.0193012618577,43.2044596845475,-70.4834203373568,43.4439692077026,0.642525964604316,0.561440655080406,2024.97918866308,2025.0602739726,SRR32512597|A/canada_goose/ME/25-003295-004/2025|H5N1|USA-ME|York|2025-01-23|wild_avian|D1.1
1090,1093,0.319313258723816,-115.03836332,40.2140601646782,-114.119312029798,37.153228123656,0.643453754922402,0.324140496198586,2024.7418885042,2025.06120176292,NA
1192,1196,0.137317291670888,-96.9497564364453,40.1328631145614,-96.2754587825071,40.6683881645392,0.644080015892518,0.50676272422163,2024.92451073222,2025.06182802389,NA
1074,623,0.108171255304165,-121.424731560328,37.7194857280292,-122.278902803659,37.5013826717924,0.645265690631674,0.537094435327509,2024.95484244333,2025.06301369863,SRR33125090|A/western_gull/CA/25-004499-005/2025|H5N1|USA-CA|San_Mateo|2025-01-24|wild_avian|D1.1
1074,1075,0.110792474973739,-121.424731560328,37.7194857280292,-121.371299312503,37.7293469889181,0.647886910301248,0.537094435327509,2024.95484244333,2025.0656349183,NA
991,645,0.338946926235564,-96.8535969498765,39.3260542161129,-87.1052526906396,40.413713519342,0.648005416659031,0.309058490423467,2024.72680649842,2025.06575342466,SRR32654185|A/chicken/IN/25-002875-001-original/2025|H5N1|USA-IN|Unknown|2025-01-25|domestic_avian|D1.1
1028,322,0.261924461828435,-78.3273699223824,36.8780471438597,-76.3418679136448,35.5633829505859,0.648005416659031,0.386080954830596,2024.80382896283,2025.06575342466,SRR32513217|A/wood_duck/NC/25-003923-002/2025|H5N1|USA-NC|Hyde|2025-01-25|wild_avian|D1.1
1028,291,0.261924461828435,-78.3273699223824,36.8780471438597,-76.1741567949683,35.7682661798564,0.648005416659031,0.386080954830596,2024.80382896283,2025.06575342466,SRR32513216|A/wood_duck/NC/25-003927-016/2025|H5N1|USA-NC|Tyrrell|2025-01-25|wild_avian|D1.1
1032,321,0.167961019828132,-75.0259866663862,38.4766389828978,-75.1811575314293,38.4984537623885,0.648005416659031,0.480044396830899,2024.89779240483,2025.06575342466,SRR32654186|A/chicken/DE/25-002825-001-original/2025|H5N1|USA-DE|Unknown|2025-01-25|domestic_avian|D1.1
801,802,0.238351521780904,-87.0487261800406,40.1440385385764,-86.7204458908163,42.6197706593343,0.648120245688944,0.40976872390804,2024.82751673191,2025.06586825369,NA
1075,1076,0.00486929025325922,-121.371299312503,37.7293469889181,-121.328619128709,37.8261060010084,0.652756200554507,0.647886910301248,2025.0656349183,2025.07050420855,NA
1304,570,0.326703143690921,-109.453152124333,43.2613251999612,-112.101876570727,49.2992088440818,0.653484868713973,0.326781725023052,2024.74452973302,2025.07123287671,EPI_ISL_20208386|A/Black-Billed_Magpie/AB/FAV-0101-2/2025|H5N1|Canada-AB|Unknown|2025-01-27|wild_avian|D1.1
984,634,0.293278896893717,-97.6975522614917,38.4619374919572,-106.220749775424,38.998570852046,0.653484868713973,0.360205971820257,2024.77795397982,2025.07123287671,SRR32512607|A/canada_goose/CO/25-003832-001/2025|H5N1|USA-CO|Chaffee|2025-01-27|wild_avian|D1.1
1105,614,0.284636056077874,-91.1541633474809,36.5263070407813,-81.9731277803991,26.5822995842538,0.653484868713973,0.368848812636099,2024.78659682063,2025.07123287671,SRR32416454|A/bald_eagle/FL/25-003208-001/2025|H5N1|USA-FL|Lee|2025-01-27|wild_avian|D1.1
810,160,0.280817468085373,-85.1266672773371,35.8068998455346,-90.0032574846148,30.0841881404928,0.653484868713973,0.372667400628601,2024.79041540863,2025.07123287671,SRR32513218|A/vulture/LA/25-003600-001/2025|H5N1|USA-LA|Orleans|2025-01-27|wild_avian|D1.1
1130,511,0.18950548195643,-105.645154532271,42.4754358912301,-101.422921689215,47.1654107076892,0.653484868713973,0.463979386757543,2024.88172739476,2025.07123287671,SRR32416347|A/canada_goose/ND/25-003472-002/2025|H5N1|USA-ND|Oliver|2025-01-27|wild_avian|D1.1
986,636,0.167180319073155,-94.9190505085741,39.3224555752106,-97.1412838470149,41.7723663284091,0.653484868713973,0.486304549640818,2024.90405255764,2025.07123287671,SRR32654124|A/Guineafowl/NE/25-003247-003-original/2025|H5N1|USA-NE|Unknown|2025-01-27|domestic_avian|D1.1
1345,538,0.182548849233248,-83.513802946496,38.4141278205853,-82.2881706728189,38.3645804489651,0.656224594741331,0.473675745508083,2024.89142375351,2025.07397260274,SRR32653672|A/Canada_Goose/WV/25-005199-001-original/2025|H5N1|USA-WV|Unknown|2025-01-28|wild_avian|D1.1
746,223,0.180326621515732,-91.9819699561706,36.5346403023117,-92.7647803234637,37.8696242849113,0.656224594741331,0.475897973225598,2024.89364598122,2025.07397260274,SRR33125126|A/Red-tailed_Hawk/MO/25-004415-009-original/2025|H5N1|USA-MO|Unknown|2025-01-28|wild_avian|D1.1
973,656,0.333386327131343,-100.271849384092,40.3538369273999,-101.727304800324,33.6651147006576,0.658964320768688,0.325577993637345,2024.74332600164,2025.07671232877,SRR32513289|A/red_tailed_hawk/TX/25-003592-003/2025|H5N1|USA-TX|Lubbock|2025-01-29|wild_avian|D1.1
1021,283,0.310932669055779,-120.918054974585,41.3085870292704,-113.345517030056,41.5017217125533,0.658964320768688,0.348031651712909,2024.76577965971,2025.07671232877,SRR32513288|A/red_tailed_hawk/UT/25-003824-002/2025|H5N1|USA-UT|Unknown|2025-01-29|wild_avian|D1.1
1058,332,0.303886753525981,-84.193792324717,40.7330294030451,-83.9666009310533,43.0180880996591,0.658964320768688,0.355077567242708,2024.77282557524,2025.07671232877,SRR32512666|A/canada_goose/MI/25-004311-003/2025|H5N1|USA-MI|Shiawassee|2025-01-29|wild_avian|D1.1
1120,338,0.171846390787218,-102.400764294466,40.3951639880444,-101.680246246156,33.7769383414299,0.658964320768688,0.48711792998147,2024.90486593798,2025.07671232877,SRR32512557|A/cackling_goose/TX/25-003592-001/2025|H5N1|USA-TX|Lubbock|2025-01-29|wild_avian|D1.1
898,106,0.16642524271124,-72.1768004622109,42.1835234984051,-75.6101726937569,55.9877953885102,0.658964320768688,0.492539078057448,2024.91028708606,2025.07671232877,EPI_ISL_19792250|A/Turkey/QC/FAV-0046-1/2025|H5N1|Canada-QC|Unknown|2025-01-29|domestic_avian|D1.1
1129,516,0.142398860567277,-99.0102748249597,42.5685146063063,-101.909498563946,47.1824915897606,0.658964320768688,0.516565460201411,2024.9343134682,2025.07671232877,SRR32512609|A/canada_goose/ND/25-003829-001/2025|H5N1|USA-ND|Mercer|2025-01-29|wild_avian|D1.1
818,171,0.140398352605181,-80.6259867266994,42.0582943367217,-82.0969134711529,41.2096740196277,0.658964320768688,0.518565968163507,2024.93631397616,2025.07671232877,SRR32804602|A/bald_eagle/OH/25-006046-002/2025|H5N1|USA-OH|Lorain|2025-01-29|wild_avian|D1.1
753,227,0.117343071260076,-81.1199540095416,41.0200141687416,-80.6209968395721,40.912596814024,0.658964320768688,0.541621249508612,2024.95936925751,2025.07671232877,SRR32804603|A/bald_eagle/OH/25-006046-001/2025|H5N1|USA-OH|Mahoning|2025-01-29|wild_avian|D1.1
780,206,0.111983827386288,-86.2937065187235,42.8939192108257,-84.0956979701595,42.2413156812767,0.658964320768688,0.5469804933824,2024.96472850138,2025.07671232877,SRR32512665|A/canada_goose/MI/25-004311-004/2025|H5N1|USA-MI|Washtenaw|2025-01-29|wild_avian|D1.1
895,118,0.0985484193709443,-72.1466848931666,41.0416085923671,-72.9487281912461,41.4077839856863,0.658964320768688,0.560415901397744,2024.9781639094,2025.07671232877,SRR32512614|A/american_black_duck/CT/25-004298-002/2025|H5N1|USA-CT|New_Haven|2025-01-29|wild_avian|D1.1
1354,553,0.376512894618126,-106.367882009639,41.6649255566862,-108.237966281051,43.1024281768451,0.661704046796046,0.285191152177919,2024.70293916018,2025.07945205479,SRR32513192|A/hawk/WY/25-004351-001/2025|H5N1|USA-WY|Fremont|2025-01-30|wild_avian|D1.1
708,261,0.303830863941909,-111.451688741741,41.5940844641502,-120.230640052899,35.2127000819655,0.661704046796046,0.357873182854136,2024.77562119085,2025.07945205479,SRR33508816|A/canada_goose/CA/25-003254-006/2025|H5N1|USA-CA|San_Luis_Obispo|2025-01-30|wild_avian|D1.1
749,230,0.250788705332899,-88.1330121347711,40.5126977398624,-90.5519591467759,37.2319339361079,0.661704046796046,0.410915341463147,2024.82866334946,2025.07945205479,SRR32654208|A/chicken/MO/25-003398-001-original/2025|H5N1|USA-MO|Unknown|2025-01-30|domestic_avian|D1.1
979,641,0.242685338552634,-94.0157847863798,39.5482075843019,-96.0489692316163,39.3939640636319,0.661704046796046,0.419018708243412,2024.83676671624,2025.07945205479,SRR33682350|A/Bobcat/KS/25-014574-001-original/2025|H5N1|USA-KS|Unknown|2025-01-30|feline|D1.1
761,211,0.201730202010511,-84.0014800879745,38.9136101505769,-77.1528845516333,39.156648269277,0.661704046796046,0.459973844785534,2024.87772185278,2025.07945205479,SRR33125054|A/Mallard/MD/25-005882-005-original/2025|H5N1|USA-MD|Unknown|2025-01-30|wild_avian|D1.1
1062,329,0.174246489591495,-78.999809914584,36.1148808991451,-80.000869876105,32.8386052793703,0.661704046796046,0.487457557204551,2024.9052055652,2025.07945205479,SRR32513174|A/great_horned_owl/SC/25-004165-001/2025|H5N1|USA-SC|Charleston|2025-01-30|wild_avian|D1.1
1093,1098,0.0195477544611808,-114.119312029798,37.153228123656,-113.477477247975,36.3027409998651,0.663001509383583,0.643453754922402,2025.06120176292,2025.08074951738,NA
1193,1194,0.0248909589337135,-103.147416975742,48.0141670971778,-100.929932193824,47.8011490141337,0.66340773719814,0.638516778264426,2025.05626478626,2025.0811557452,NA
856,858,0.0223696668397447,-88.4446743284077,42.263305999704,-88.2187896725699,42.1202409475617,0.663568563557568,0.641198896717823,2025.05894690472,2025.08131657156,NA
876,20,0.133679148173926,-79.0681521899403,38.3896778716979,-76.8898714290206,38.5354941282606,0.664443772823403,0.530764624649477,2024.94851263265,2025.08219178082,SRR32415153|A/chicken/MD/25-003830-002-original/2025|H5N1|USA-MD|Unknown|2025-01-31|domestic_avian|D1.1
1194,1195,0.00528487361915198,-100.929932193824,47.8011490141337,-98.4654266348919,46.8018231779799,0.668692610817292,0.66340773719814,2025.0811557452,2025.08644061882,NA
856,857,0.0291938202033515,-88.4446743284077,42.263305999704,-87.9517831036812,42.2584591342412,0.670392716921174,0.641198896717823,2025.05894690472,2025.08814072492,NA
867,868,0.176490856247118,-77.948686990591,39.4526035204709,-78.4295638386957,39.6006875124961,0.670635632196691,0.494144775949573,2024.91189278395,2025.0883836402,NA
1307,604,0.370158532466611,-111.676527724411,42.7187814158771,-87.2925220382907,30.4788991639785,0.672662950905702,0.302504418439091,2024.72025242644,2025.0904109589,SRR32653680|A/Canada_Goose/FL/25-004847-003-original/2025|H5N1|USA-FL|Unknown|2025-02-03|wild_avian|D1.1
714,247,0.350451948246807,-118.152551703687,42.206948264522,-121.736467543341,45.9734739152888,0.672662950905702,0.322211002658895,2024.73995901066,2025.0904109589,SRR32512878|A/Duck/WA/25-004661-001-original/2025|H5N1|USA-WA|Unknown|2025-02-03|domestic_avian|D1.1
1108,565,0.317091912105507,-93.4463882406394,39.1057438997829,-105.38286953973,40.4572019738167,0.672662950905702,0.355571038800195,2024.7733190468,2025.0904109589,SRR32512655|A/canada_goose/CO/25-004662-001/2025|H5N1|USA-CO|Larimer|2025-02-03|wild_avian|D1.1
745,221,0.255104008610927,-85.189171901972,35.6756808924824,-92.4206659988638,32.0797891414472,0.672662950905702,0.417558942294775,2024.83530695029,2025.0904109589,SRR32415110|A/chicken/LA/25-004414-001-original/2025|H5N1|USA-LA|Unknown|2025-02-03|domestic_avian|D1.1
914,73,0.129115586637931,-76.6751009983926,40.4851966135047,-76.2468877320755,42.3609478459931,0.672662950905702,0.543547364267771,2024.96129537227,2025.0904109589,SRR32513235|A/snow_goose/NY/25-004092-002/2025|H5N1|USA-NY|Tompkins|2025-02-03|wild_avian|D1.1
855,39,0.0336047990839402,-89.4032005335129,43.0520930555816,-87.9559534704582,42.8918746779852,0.672662950905702,0.639058151821762,2025.05680615982,2025.0904109589,SRR33508795|A/red_breasted_merganser/WI/25-005001-001/2025|H5N1|USA-WI|Milwaukee|2025-02-03|wild_avian|D1.1
1098,578,0.00966144152211978,-113.477477247975,36.3027409998651,-112.913042626109,35.8709399525381,0.672662950905702,0.663001509383583,2025.08074951738,2025.0904109589,SRR32415932|A/cattle/AZ/25-004003-002-original/2025|H5N1|USA-AZ|Unknown|2025-02-03|cattle|D1.1
1098,579,0.00966144152211978,-113.477477247975,36.3027409998651,-109.198703914111,35.8096933806943,0.672662950905702,0.663001509383583,2025.08074951738,2025.0904109589,SRR32415933|A/cattle/AZ/25-004003-001-original/2025|H5N1|USA-AZ|Unknown|2025-02-03|cattle|D1.1
834,273,0.218613282278912,-106.480569922395,41.6529488774698,-106.487277520317,42.4664262628457,0.67540267693306,0.456789394654148,2024.87453740265,2025.09315068493,SRR32512649|A/Common_goldeneye/WY/25-004669-001/2025|H5N1|USA-WY|Natrona|2025-02-04|wild_avian|D1.1
934,67,0.193377852194562,-63.3993215189017,44.2333215059017,-64.6660737266267,43.9912811612461,0.67540267693306,0.482024824738498,2024.89977283274,2025.09315068493,EPI_ISL_20208379|A/American_Black_Duck/NS/FAV-0078-2/2025|H5N1|Canada-NS|Unknown|2025-02-04|wild_avian|D1.1
895,117,0.114986775535316,-72.1466848931666,41.0416085923671,-73.1646201093088,41.2657731360028,0.67540267693306,0.560415901397744,2024.9781639094,2025.09315068493,SRR33125072|A/Great_Horned_Owl/CT/25-005886-001-original/2025|H5N1|USA-CT|Unknown|2025-02-04|wild_avian|D1.1
845,8,0.458462698317264,-109.395455278759,41.6410484227614,-114.334265258836,41.2573797957172,0.678142402960417,0.219679704643153,2024.63742771264,2025.09589041096,SRR32653594|A/Red-tailed_Hawk/NV/25-005369-001-original/2025|H5N1|USA-NV|Unknown|2025-02-05|wild_avian|D1.1
732,127,0.261710363966327,-92.625253961073,44.1774029023925,-90.3212552203164,43.2869058001416,0.678142402960417,0.416432038994091,2024.83418004699,2025.09589041096,SRR32512646|A/cougar/WI/25-004744-001/2025|H5N1|USA-WI|Redacted|2025-02-05|feline|D1.1
803,180,0.215249631002294,-81.6096642583077,38.6022630517094,-82.6280215398471,42.8933440547847,0.678142402960417,0.462892771958123,2024.88064077996,2025.09589041096,SRR33508810|A/bufflehead/MI/25-004779-004/2025|H5N1|USA-MI|St_Clair|2025-02-05|wild_avian|D1.1
820,173,0.125691821033247,-86.3756453533154,46.8490183353373,-83.2889650350215,43.4416023652184,0.678142402960417,0.55245058192717,2024.97019858993,2025.09589041096,SRR33508812|A/bald_eagle/MI/25-004779-002/2025|H5N1|USA-MI|Tuscola|2025-02-05|wild_avian|D1.1
1128,514,0.0365653645321079,-104.134455607159,40.0839948502644,-104.663266924689,40.4174791975034,0.678142402960417,0.641577038428309,2025.05932504643,2025.09589041096,SRR32513282|A/red_tailed_hawk/CO/25-004838-001/2025|H5N1|USA-CO|Weld|2025-02-05|wild_avian|D1.1
882,45,0.374061109694923,-74.1087651579005,41.578135786182,-103.153367369346,44.7373579294485,0.680882128987775,0.306821019292852,2024.72456902729,2025.09863013699,SRR32512905|A/chicken/SD/25-004736-001-original/2025|H5N1|USA-SD|Unknown|2025-02-06|domestic_avian|D1.1
751,225,0.224689056929721,-87.1053236522529,42.1998733048455,-83.5618333896553,41.6190136943364,0.680882128987775,0.456193072058053,2024.87394108006,2025.09863013699,SRR32512588|A/bald_eagle/OH/25-004768-001/2025|H5N1|USA-OH|Unknown|2025-02-06|wild_avian|D1.1
933,71,0.207431493382321,-63.1703037418509,44.2948021137897,-70.0493194511175,44.2649778275111,0.680882128987775,0.473450635605454,2024.8911986436,2025.09863013699,SRR33125120|A/mallard/ME/25-006143-001/2025|H5N1|USA-ME|Kennebec|2025-02-06|wild_avian|D1.1
957,94,0.168264555273241,-70.0302416526035,42.8527594612483,-71.3244978597353,43.3883057541447,0.680882128987775,0.512617573714533,2024.93036558171,2025.09863013699,SRR32653687|A/american_black_duck/NH/25-005332-016/2025|H5N1|USA-NH|Belknap|2025-02-06|wild_avian|D1.1
959,92,0.139343927825333,-73.7999494839473,45.1413291279004,-70.5741702508707,41.6016813484369,0.680882128987775,0.541538201162441,2024.95928620916,2025.09863013699,SRR32868847|A/bufflehead/MA/25-007118-042/2025|H5N1|USA-MA|Barnstable|2025-02-06|wild_avian|D1.1
858,38,0.017313565430207,-88.2187896725699,42.1202409475617,-88.1712733632596,42.102496798996,0.680882128987775,0.663568563557568,2025.08131657156,2025.09863013699,SRR32653607|A/red_breasted_merganser/IL/25-005366-003/2025|H5N1|USA-IL|Cook|2025-02-06|wild_avian|D1.1
840,267,0.32015444015337,-108.229375710646,43.3324530500591,-96.7140907991405,39.6270361877634,0.683621855015132,0.363467414861762,2024.78121542286,2025.10136986301,SRR32653665|A/cat/KS/25-005576-002-original/2025|H5N1|USA-KS|Unknown|2025-02-07|feline|D1.1
1064,330,0.203650850257444,-74.3178885288578,36.6621032359014,-78.5021839862857,39.201138950353,0.683621855015132,0.479971004757688,2024.89771901276,2025.10136986301,SRR32974090|A/Canada_Goose/WV/25-005755-001-original-repeat2/2025|H5N1|USA-WV|Unknown|2025-02-07|wild_avian|D1.1
956,97,0.0645846398131705,-70.9043287463996,43.4376103562583,-70.7659662119756,43.6174922100279,0.683621855015132,0.619037215201962,2025.0367852232,2025.10136986301,SRR33125151|A/mallard/ME/25-006144-064/2025|H5N1|USA-ME|York|2025-02-07|wild_avian|D1.1
927,928,0.255914805480542,-74.4639784460913,43.6715251026389,-75.5030256125241,39.5794250598258,0.683905822672879,0.427991017192337,2024.84573902519,2025.10165383067,NA
843,7,0.372427473738911,-111.449685951216,39.4746524122693,-104.998823158162,23.060405194579,0.686361581042717,0.313934107303806,2024.7316821153,2025.10410958904,GenBank|A/goose/Durango/CPA-00444-25/2025|H5N1|Mexico-Durango|Unknown|2025-02-08|domestic_avian|D1.1
793,188,0.329157328265958,-87.8404079387334,38.4810621143091,-89.7967120502348,35.4217117925689,0.686361581042717,0.357204252776759,2024.77495226078,2025.10410958904,SRR33125079|A/Black_Vulture/TN/25-006120-003-original/2025|H5N1|USA-TN|Unknown|2025-02-08|wild_avian|D1.1
729,134,0.202878437787343,-89.3276242016635,43.3111262133026,-94.2460298576876,45.3351258601493,0.686361581042717,0.483483143255374,2024.90123115125,2025.10410958904,SRR32512844|A/chicken/MN/25-004931-004-original/2025|H5N1|USA-MN|Unknown|2025-02-08|domestic_avian|D1.1
912,76,0.267868805165743,-74.7756259686048,44.729909302672,-75.6364918579497,39.2496121811063,0.691841033097432,0.423972227931689,2024.84172023593,2025.1095890411,SRR32512885|A/chicken/DE/25-005230-002-original/2025|H5N1|USA-DE|Unknown|2025-02-10|domestic_avian|D1.1
755,216,0.216568314691247,-93.4548031054384,42.1763505597945,-84.6231669358662,33.5927709092625,0.691841033097432,0.475272718406184,2024.8930207264,2025.1095890411,SRR33125081|A/Black_Vulture/GA/25-005756-004-original/2025|H5N1|USA-GA|Unknown|2025-02-10|wild_avian|D1.1
1092,586,0.206150331942011,-108.009072374384,34.8361191346095,-105.854192681022,36.854641809856,0.691841033097432,0.485690701155421,2024.90343870915,2025.1095890411,SRR32653667|A/cat/NM/25-005387-001-original/2025|H5N1|USA-NM|Unknown|2025-02-10|feline|D1.1
1331,525,0.293642396245465,-94.9581453435075,37.1356490322953,-76.5559808100256,40.0628788789167,0.694580759124789,0.400938362879324,2024.81868637088,2025.11232876712,SRR32804547|A/red_shouldered_hawk/PA/25-006939-001/2025|H5N1|USA-PA|Lancaster|2025-02-11|wild_avian|D1.1
904,112,0.213854020229258,-73.9229573771836,40.4782349113556,-74.7297534472951,41.3012634843468,0.694580759124789,0.480726738895531,2024.89847474689,2025.11232876712,SRR33125172|A/bald_eagle/NJ/25-006329-001/2025|H5N1|USA-NJ|Sussex|2025-02-11|wild_avian|D1.1
981,642,0.210695379042182,-90.6800359147081,40.8275018659813,-97.4834093316331,42.1073350321519,0.694580759124789,0.483885380082607,2024.90163338808,2025.11232876712,SRR32973810|A/chicken/NE/25-005224-001-original-repeat2/2025|H5N1|USA-NE|Unknown|2025-02-11|domestic_avian|D1.1
756,217,0.209219986281753,-87.0010337075032,41.7161894427365,-79.9869246176786,41.9273344937667,0.694580759124789,0.485360772843036,2024.90310878084,2025.11232876712,SRR33125061|A/herring_gull/PA/25-005864-001/2025|H5N1|USA-PA|Erie|2025-02-11|wild_avian|D1.1
803,179,0.234427713194023,-81.6096642583077,38.6022630517094,-87.5312981282761,32.8521507765469,0.697320485152146,0.462892771958123,2024.88064077996,2025.11506849315,SRR33125038|A/Canada_Goose/AL/25-006220-001-original/2025|H5N1|USA-AL|Unknown|2025-02-12|wild_avian|D1.1
762,210,0.0588680651960641,-84.3917562586054,38.9441422086812,-84.3381152783414,39.0315285969312,0.697320485152146,0.638452419956082,2025.05620042795,2025.11506849315,SRR33319056|A/Great_Horned_Owl/KY/25-006499-001-original-repeat/2025|H5N1|USA-KY|Unknown|2025-02-12|wild_avian|D1.1
1303,566,0.393852712580131,-108.958924710737,42.4426958477468,-113.201411343495,49.2987031257916,0.700060211179731,0.3062074985996,2024.7239555066,2025.11780821918,EPI_ISL_20208387|A/Black-Billed_Magpie/AB/FAV-0102/2025|H5N1|Canada-AB|Unknown|2025-02-13|wild_avian|D1.1
939,100,0.309506225819598,-74.1622283052634,41.5290942114114,-71.6121310564812,41.6821973540351,0.700060211179731,0.390553985360133,2024.80830199336,2025.11780821918,SRR32868681|A/canada_goose/RI/25-007119-019/2025|H5N1|USA-RI|Kent|2025-02-13|wild_avian|D1.1
954,95,0.176155351975572,-71.8152296720788,43.3010728065273,-70.9177667952945,43.1727708885217,0.700060211179731,0.52390485920416,2024.9416528672,2025.11780821918,SRR32804576|A/red_tailed_hawk/NH/25-006653-001/2025|H5N1|USA-NH|Strafford|2025-02-13|wild_avian|D1.1
1335,522,0.0886227867113056,-102.962941793817,35.9780233224323,-98.4962506606306,29.3747155482145,0.700060211179731,0.611437424468426,2025.02918543247,2025.11780821918,SRR32804622|A/black_vulture/TX/25-006660-004/2025|H5N1|USA-TX|Bexar|2025-02-13|wild_avian|D1.1
1336,523,0.0612024029125778,-102.94875516536,35.957177779855,-98.5470708949761,29.7285405466894,0.700060211179731,0.638857808267153,2025.05660581627,2025.11780821918,SRR32804616|A/black_vulture/TX/25-006661-005/2025|H5N1|USA-TX|Bexar|2025-02-13|wild_avian|D1.1
1355,556,0.417921152651169,-107.65663865297,41.542481412843,-127.081068605664,52.830930059561,0.702799937207089,0.284878784555919,2024.70262679255,2025.12054794521,EPI_ISL_19788008|A/Cooper_s_Hawk/BC/AIVPHL-3515/2025|H5N1|Canada-BC|Unknown|2025-02-14|wild_avian|D1.1
973,657,0.377221943569744,-100.271849384092,40.3538369273999,-105.073135529802,45.6195328197596,0.702799937207089,0.325577993637345,2024.74332600164,2025.12054794521,SRR32974108|A/Bald_Eagle/MT/25-009371-001-original/2025|H5N1|USA-MT|Unknown|2025-02-14|wild_avian|D1.1
875,21,0.173541557008833,-79.4586918375553,38.4204203423146,-77.3096007615782,38.2213421758961,0.702799937207089,0.529258380198255,2024.9470063882,2025.12054794521,SRR32868736|A/Peregrine_Falcon/VA/25-007709-003-original/2025|H5N1|USA-VA|Unknown|2025-02-14|wild_avian|D1.1
1121,336,0.171738647042514,-102.354788208004,40.4594291986235,-102.0309164327,36.6264456453476,0.702799937207089,0.531061290164575,2024.94880929816,2025.12054794521,SRR32804591|A/snow_goose/OK/25-006647-001/2025|H5N1|USA-OK|Texas|2025-02-14|wild_avian|D1.1
1336,524,0.0639421289399352,-102.94875516536,35.957177779855,-101.907979097381,36.8724256586689,0.702799937207089,0.638857808267153,2025.05660581627,2025.12054794521,SRR32804590|A/snow_goose/OK/25-006648-001/2025|H5N1|USA-OK|Texas|2025-02-14|wild_avian|D1.1
857,34,0.0324072202859141,-87.9517831036812,42.2584591342412,-87.8775293187144,41.9434274189375,0.702799937207089,0.670392716921174,2025.08814072492,2025.12054794521,SRR32868800|A/herring_gull/IL/25-007474-006/2025|H5N1|USA-IL|Cook|2025-02-14|wild_avian|D1.1
898,107,0.22121976325907,-72.1768004622109,42.1835234984051,-72.1629074160185,42.6728738920167,0.713758841316518,0.492539078057448,2024.91028708606,2025.13150684931,SRR32804565|A/mallard/MA/25-006665-001/2025|H5N1|USA-MA|Worcester|2025-02-18|wild_avian|D1.1
819,170,0.188393282577251,-79.9187191774497,41.725119778332,-94.1538431717531,43.0196913966277,0.713758841316518,0.525365558739267,2024.94311356674,2025.13150684931,SRR33125097|A/Snowy_Owl/IA/25-005856-001-original/2025|H5N1|USA-IA|Unknown|2025-02-18|wild_avian|D1.1
1306,568,0.302383813734171,-116.619751170074,44.5403173865902,-91.6569441820437,48.9032155914388,0.716498567344103,0.414114753609932,2024.83186276161,2025.13424657534,EPI_ISL_20208401|A/Canada_Goose/ON/FAV-0070-2/2025|H5N1|Canada-ON|Unknown|2025-02-19|wild_avian|D1.1
937,69,0.166205873783735,-62.9899433309778,46.1331039847843,-62.0399218529815,45.0317980097396,0.716498567344103,0.550292693560368,2024.96804070156,2025.13424657534,EPI_ISL_20208385|A/Bald_Eagle/NS/FAV-0148/2025|H5N1|Canada-NS|Unknown|2025-02-19|wild_avian|D1.1
1078,607,0.420285022578311,-117.791089835222,42.9587074200148,-125.276471293193,57.6825666819896,0.71923829337146,0.298953270793149,2024.71670127879,2025.13698630137,EPI_ISL_19788007|A/Canada_Goose/BC/AIVPHL-3503/2025|H5N1|Canada-BC|Unknown|2025-02-20|wild_avian|D1.1
827,3,0.436061578414434,-107.068490133943,42.4699154644054,-116.230572339009,46.6481510364612,0.721978019398818,0.285916440984384,2024.70366444898,2025.1397260274,SRR32804615|A/cat/ID/25-007150-001-original/2025|H5N1|USA-ID|Unknown|2025-02-21|feline|D1.1
1066,325,0.221127123848408,-80.6705472107345,39.3105067266695,-78.0771301897091,35.6859257487278,0.721978019398818,0.50085089555041,2024.91859890355,2025.1397260274,SRR32868875|A/Bald_Eagle/NC/25-007708-003-original/2025|H5N1|USA-NC|Unknown|2025-02-21|wild_avian|D1.1
936,66,0.216152200828687,-63.0752744739439,44.7991802507995,-63.5199738066359,46.5017860672435,0.724717745426175,0.508565544597488,2024.9263135526,2025.14246575342,EPI_ISL_20208402|A/Canada_Goose/PE/FAV-0072-5/2025|H5N1|Canada-PE|Unknown|2025-02-22|wild_avian|D1.1
899,111,0.200864237006268,-70.490232223455,43.3282435475879,-63.888871152793,46.4305242892892,0.724717745426175,0.523853508419907,2024.94160151642,2025.14246575342,EPI_ISL_19792232|A/Canada_goose/PE/FAV-0072-1/2025|H5N1|Canada-PE|Unknown|2025-02-22|wild_avian|D1.1
794,218,0.422835081110674,-86.5791057169513,38.1504670438874,-105.228420288147,33.1842556663901,0.73019719748089,0.307362116370216,2024.72511012437,2025.14794520548,SRR32804608|A/Skunk/NM/25-006932-001-original/2025|H5N1|USA-NM|Unknown|2025-02-24|other_mammal|D1.1
861,9,0.392022917743818,-92.4759414169762,38.5347925355317,-92.4744249071704,38.53374498058,0.73019719748089,0.338174279737071,2024.75592228774,2025.14794520548,SRR32804645|A/Cooper_s_Hawk/MO/25-007115-002-original/2025|H5N1|USA-MO|Unknown|2025-02-24|wild_avian|D1.1
1106,613,0.337444621748237,-89.1155309496646,36.4296454467378,-82.0345446745026,29.6882688425127,0.732936923508475,0.395492301760237,2024.81324030976,2025.15068493151,SRR33124756|A/chicken/FL/25-006816-001-original/2025|H5N1|USA-FL|Unknown|2025-02-25|domestic_avian|D1.1
901,109,0.0911573707718597,-71.8534008794181,41.7019669403667,-71.7862380576898,41.6716272508384,0.732936923508475,0.641779552736615,2025.05952756073,2025.15068493151,SRR34784269|A/herring_gull/RI/25-019394-001/2025|H5N1|USA-RI|Kent|2025-02-25|wild_avian|D1.1
928,929,0.0502376526492908,-75.5030256125241,39.5794250598258,-74.1405581026992,38.5624021907227,0.73414347532217,0.683905822672879,2025.10165383067,2025.15189148332,NA
1062,328,0.248219092331281,-78.999809914584,36.1148808991451,-82.038734030817,37.324554559611,0.735676649535832,0.487457557204551,2024.9052055652,2025.15342465753,SRR32973981|A/Brown_Pelican/VA/25-008328-003-original/2025|H5N1|USA-VA|Unknown|2025-02-26|wild_avian|D1.1
925,55,0.247587920092424,-75.536056087408,41.3705573960149,-76.1921757997136,42.3546040568108,0.735676649535832,0.488088729443408,2024.90583673744,2025.15342465753,SRR32868713|A/red_tailed_hawk/NY/25-007155-001/2025|H5N1|USA-NY|Tioga|2025-02-26|wild_avian|D1.1
1128,513,0.0940996111075226,-104.134455607159,40.0839948502644,-104.80965815803,42.0895775393333,0.735676649535832,0.641577038428309,2025.05932504643,2025.15342465753,SRR32868818|A/canada_goose/WY/25-008078-001/2025|H5N1|USA-WY|Platte|2025-02-26|wild_avian|D1.1
902,105,0.328970401519109,-73.7285077711486,40.9604818557166,-74.5901348954375,40.4592979527391,0.738416375563189,0.409445974044081,2024.82719398204,2025.15616438356,SRR32868891|A/dark_eyed_junco/NJ/25-007152-004/2025|H5N1|USA-NJ|Somerset|2025-02-27|wild_avian|D1.1
917,58,0.308655356532778,-73.0554564246499,41.8091311309496,-85.0800962620496,49.0184479925038,0.738416375563189,0.429761019030412,2024.84750902703,2025.15616438356,EPI_ISL_19792248|A/Turkey/ON/FAV-0069-2/2025|H5N1|Canada-ON|Unknown|2025-02-27|domestic_avian|D1.1
760,213,0.272392035567457,-92.359634474932,40.5001402672849,-98.4265800668177,38.744036463058,0.738416375563189,0.466024339995732,2024.88377234799,2025.15616438356,SRR32804611|A/cat/KS/25-007581-001-original/2025|H5N1|USA-KS|Unknown|2025-02-27|feline|D1.1
1073,619,0.268012575499443,-121.773119420885,35.3569479915885,-121.965936865532,38.445490087248,0.738416375563189,0.470403800063746,2024.88815180806,2025.15616438356,SRR33476791|A/Peregrine_falcon/CA/25-012990-002/2025|H5N1|USA-CA|Solano|2025-02-27|wild_avian|D1.1
1065,323,0.248361937809105,-80.5635654723061,39.4754750490233,-81.6017773313202,37.3179146710523,0.738416375563189,0.490054437754085,2024.90780244575,2025.15616438356,SRR32868711|A/Red-tailed_Hawk/WV/25-007392-001-original/2025|H5N1|USA-WV|Unknown|2025-02-27|wild_avian|D1.1
1076,620,0.0856601750086824,-121.328619128709,37.8261060010084,-121.672202814479,37.7671232395425,0.738416375563189,0.652756200554507,2025.07050420855,2025.15616438356,SRR33476783|A/Sanderling/CA/25-012990-001/2025|H5N1|USA-CA|Alameda|2025-02-27|wild_avian|D1.1
822,823,0.390489285257985,-86.6902952627611,35.9361938665944,-84.321724990136,40.1840358626263,0.740560069904761,0.350070784646775,2024.76781879265,2025.1583080779,NA
929,930,0.00956795486036044,-74.1405581026992,38.5624021907227,-75.5448893158408,38.7472312398637,0.743711430182531,0.73414347532217,2025.15189148332,2025.16145943818,NA
894,116,0.184555330954501,-73.0708627000416,42.2624556780895,-71.0469680685047,42.4529679421649,0.743895827617904,0.559340496663404,2024.97708850466,2025.16164383562,SRR34710268|A/red_tailed_hawk/MA/25-019390-004/2025|H5N1|USA-MA|Middlesex|2025-03-01|wild_avian|D1.1
854,37,0.115658416646213,-85.64453302954,42.1849430355069,-88.7059934796414,44.3192639806388,0.743895827617904,0.628237410971691,2025.04598541897,2025.16164383562,SRR32974035|A/Peregrine_Falcon/WI/25-008493-001-original/2025|H5N1|USA-WI|Unknown|2025-03-01|wild_avian|D1.1
1079,609,0.445084285309251,-117.976963792403,42.7909199396992,-120.988509993241,46.7904532434812,0.749375279672846,0.304290994363595,2024.72203900236,2025.16712328767,SRR33476782|A/Bald_Eagle/WA/25-013105-001-original/2025|H5N1|USA-WA|Unknown|2025-03-03|wild_avian|D1.1
707,259,0.393525393099279,-100.580376664645,37.1199474527674,-91.7766573494845,36.8374284097312,0.749375279672846,0.355849886573567,2024.77359789457,2025.16712328767,SRR33029790|A/turkey_vulture/MO/25-007994-001/2025|H5N1|USA-MO|Howell|2025-03-03|wild_avian|D1.1
838,276,0.339434304692752,-107.921598555404,47.7952905174044,-99.157216650034,44.1847175407994,0.749375279672846,0.409940974980094,2024.82768898298,2025.16712328767,SRR32974025|A/Red-tailed_Hawk/SD/25-008825-001-original/2025|H5N1|USA-SD|Unknown|2025-03-03|wild_avian|D1.1
808,167,0.329421069791712,-84.9628819412229,37.062507382222,-83.8158567502282,33.8522723222375,0.749375279672846,0.419954209881134,2024.83770221788,2025.16712328767,SRR32868886|A/bald_eagle/GA/25-007707-001/2025|H5N1|USA-GA|Walton|2025-03-03|wild_avian|D1.1
815,175,0.296506717512013,-82.997449802664,42.1117841675178,-77.5922136433342,42.0129959261396,0.749375279672846,0.452868562160833,2024.87061657016,2025.16712328767,SRR32868755|A/red_tailed_hawk/NY/25-007854-001/2025|H5N1|USA-NY|Steuben|2025-03-03|wild_avian|D1.1
933,72,0.275924644067392,-63.1703037418509,44.2948021137897,-64.3320233713406,44.4573416813008,0.749375279672846,0.473450635605454,2024.8911986436,2025.16712328767,EPI_ISL_19792237|A/Chicken/NS/FAV-0075-2/2025|H5N1|Canada-NS|Unknown|2025-03-03|domestic_avian|D1.1
1199,408,0.274243624185174,-101.732709054377,44.0537731881149,-105.261152224365,42.4253650145545,0.749375279672846,0.475131655487673,2024.89287966349,2025.16712328767,SRR32868817|A/Canada_Goose/WY/25-008079-001-original/2025|H5N1|USA-WY|Unknown|2025-03-03|wild_avian|D1.1
1134,397,0.263521776570816,-99.001354593797,40.4622319101837,-98.9833788512356,39.6904991770255,0.749375279672846,0.48585350310203,2024.9036015111,2025.16712328767,SRR32974002|A/Skunk/KS/25-008665-001-original/2025|H5N1|USA-KS|Unknown|2025-03-03|other_mammal|D1.1
858,36,0.0858067161152787,-88.2187896725699,42.1202409475617,-87.3941740832734,38.5422970562625,0.749375279672846,0.663568563557568,2025.08131657156,2025.16712328767,SRR32868795|A/Bald_Eagle/IN/25-007837-001-original/2025|H5N1|USA-IN|Unknown|2025-03-03|wild_avian|D1.1
868,869,0.0804993614343534,-78.4295638386957,39.6006875124961,-78.119219462078,39.9375125012341,0.751134993631045,0.670635632196691,2025.0883836402,2025.16888300163,NA
943,944,0.234160788129289,-71.513475399059,41.7167091070548,-72.361822643952,42.7871124579711,0.751184024220045,0.517023236090756,2024.93477124409,2025.16893203222,NA
943,88,0.235091769609448,-71.513475399059,41.7167091070548,-71.5218295764649,41.7114956871944,0.752115005700204,0.517023236090756,2024.93477124409,2025.1698630137,SRR34710265|A/Peregrine_Falcon/RI/25-019394-007-original/2025|H5N1|USA-RI|Unknown|2025-03-04|wild_avian|D1.1
1310,599,0.203713233440113,-113.398014839929,43.6654723448009,-122.094182308669,44.316141387875,0.754854731727561,0.551141498287448,2024.96888950629,2025.17260273973,SRR32974026|A/Red-tailed_Hawk/OR/25-008819-001-original/2025|H5N1|USA-OR|Unknown|2025-03-05|wild_avian|D1.1
748,231,0.353079602527563,-91.6542802546859,38.9172510558689,-85.7573336734647,40.1224283994742,0.757594457754919,0.404514855227355,2024.82226286323,2025.17534246575,SRR32868618|A/chicken/IN/25-008062-001-original/2025|H5N1|USA-IN|Unknown|2025-03-06|domestic_avian|D1.1
1124,339,0.300869008741202,-99.8404793410453,42.5566019067948,-99.675080457997,42.5587194093954,0.757594457754919,0.456725449013716,2024.87447345701,2025.17534246575,SRR32868560|A/chicken/NE/25-008023-001-original/2025|H5N1|USA-NE|Unknown|2025-03-06|domestic_avian|D1.1
1341,543,0.219776681913256,-89.6803479163728,47.0153219104702,-85.4690463784479,38.3876815179918,0.757594457754919,0.537817775841663,2024.95556578384,2025.17534246575,SRR32974113|A/turkey_vulture/KY/25-009319-001/2025|H5N1|USA-KY|Oldham|2025-03-06|wild_avian|D1.1
1076,622,0.104838257200412,-121.328619128709,37.8261060010084,-122.256104757936,37.2963549806159,0.757594457754919,0.652756200554507,2025.07050420855,2025.17534246575,SRR33029846|A/barn_owl/CA/25-010283-002/2025|H5N1|USA-CA|San_Mateo|2025-03-06|wild_avian|D1.1
1050,301,0.246075985460403,-75.5401354969397,35.0072534299022,-76.7061778866898,35.2199827670828,0.760334183782276,0.514258198321873,2024.93200620632,2025.17808219178,SRR32974111|A/Brown_Pelican/NC/25-009321-002-original/2025|H5N1|USA-NC|Unknown|2025-03-07|wild_avian|D1.1
876,19,0.229569559132799,-79.0681521899403,38.3896778716979,-68.1323162332524,46.6690545355085,0.760334183782276,0.530764624649477,2024.94851263265,2025.17808219178,SRR34980370|A/American_Crow/ME/25-021406-005-original/2025|H5N1|USA-ME|Unknown|2025-03-07|wild_avian|D1.1
1198,407,0.277676659193157,-102.103655228633,42.8868155460236,-102.186480410411,36.9866255989016,0.763073909809861,0.485397250616703,2024.90314525862,2025.18082191781,SRR32868567|A/Guineafowl/OK/25-008449-003-original/2025|H5N1|USA-OK|Unknown|2025-03-08|domestic_avian|D1.1
823,824,0.023932518630405,-84.321724990136,40.1840358626263,-82.7300750452582,41.4714378811268,0.764492588535166,0.740560069904761,2025.1583080779,2025.18224059653,NA
1049,1051,0.293671796172185,-76.079609008436,36.8209674518298,-77.170747327435,37.245339927114,0.766747531991222,0.473075735819037,2024.89082374382,2025.18449553999,NA
1322,551,0.352194017773988,-112.552635996662,42.8902354322532,-123.930616375926,42.8353430244947,0.768553361864575,0.416359344090587,2024.83410735209,2025.18630136986,SRR33682322|A/Owl/OR/25-014765-001-original/2025|H5N1|USA-OR|Unknown|2025-03-10|wild_avian|D1.1
813,158,0.290634814934986,-92.1969945610526,44.5670273737657,-78.6442218988571,42.9824969632524,0.768553361864575,0.477918546929589,2024.89566655493,2025.18630136986,SRR32974019|A/bald_eagle/NY/25-009027-001/2025|H5N1|USA-NY|Erie|2025-03-10|wild_avian|D1.1
928,64,0.0846475391916961,-75.5030256125241,39.5794250598258,-75.7678150950636,38.8213931139983,0.768553361864575,0.683905822672879,2025.10165383067,2025.18630136986,SRR32868593|A/chicken/MD/25-008577-002-original/2025|H5N1|USA-MD|Unknown|2025-03-10|domestic_avian|D1.1
1351,575,0.47383669474877,-106.123151584175,43.8489339254183,-88.497468174381,38.2438644498322,0.77403281391929,0.30019611917052,2024.71794412717,2025.19178082192,SRR32973826|A/chicken/IL/25-009367-001-original/2025|H5N1|USA-IL|Unknown|2025-03-12|domestic_avian|D1.1
891,124,0.282832560610787,-74.8765485344163,41.6488006468169,-73.9017911976933,40.9665366448449,0.77403281391929,0.491200253308503,2024.90894826131,2025.19178082192,SRR32974073|A/bald_eagle/NJ/25-009512-004/2025|H5N1|USA-NJ|Bergen|2025-03-12|wild_avian|D1.1
938,70,0.222580714424199,-62.9829159317889,46.1360730422945,-59.5794115796878,52.7880590069378,0.77403281391929,0.551452099495091,2024.96920010749,2025.19178082192,EPI_ISL_20208427|A/Mallard/NL/FAV-0141-13/2025|H5N1|Canada-NL|Unknown|2025-03-12|wild_avian|D1.1
1135,396,0.168698295927527,-104.268789088912,44.3794047296343,-94.6146881647299,34.8010281105791,0.77403281391929,0.605334517991764,2025.02308252599,2025.19178082192,SRR32868813|A/Canada_Goose/OK/25-009017-002-original/2025|H5N1|USA-OK|Unknown|2025-03-12|wild_avian|D1.1
1075,621,0.126145903618042,-121.371299312503,37.7293469889181,-121.701419651625,37.7329944442812,0.77403281391929,0.647886910301248,2025.0656349183,2025.19178082192,SRR33682329|A/great_blue_heron/CA/25-014655-001/2025|H5N1|USA-CA|Alameda|2025-03-12|wild_avian|D1.1
744,219,0.305706306077659,-87.2848226657724,39.4623870573473,-93.1141601467125,42.9994786708006,0.776772539946648,0.471066233868988,2024.88881424187,2025.19452054795,SRR32974022|A/Peregrine_Falcon/IA/25-009016-001-original/2025|H5N1|USA-IA|Unknown|2025-03-13|wild_avian|D1.1
1127,515,0.222372985803814,-99.3386712338562,42.2252399893216,-101.500723721646,36.1665197581539,0.776772539946648,0.554399554142834,2024.97214756214,2025.19452054795,SRR33508799|A/Skunk/TX/25-010819-006-original/2025|H5N1|USA-TX|Unknown|2025-03-13|other_mammal|D1.1
911,77,0.363619028677172,-73.0304502903386,43.8364098966123,-72.4461441707507,43.6066575489217,0.779512265974232,0.41589323729706,2024.8336412453,2025.19726027397,SRR32974049|A/Canada_Goose/VT/25-009472-001-original/2025|H5N1|USA-VT|Unknown|2025-03-14|wild_avian|D1.1
824,184,0.017759403466424,-82.7300750452582,41.4714378811268,-82.6734357748414,39.9726213486296,0.78225199200159,0.764492588535166,2025.18224059653,2025.2,SRR33476771|A/black_vulture/OH/25-012888-001/2025|H5N1|USA-OH|Licking|2025-03-15|wild_avian|D1.1
1032,1033,0.302882509593545,-75.0259866663862,38.4766389828978,-77.1264883123202,40.2241805711738,0.782926906424444,0.480044396830899,2024.89779240483,2025.20067491442,NA
1346,1347,0.302013955824079,-80.1553573125152,35.0672085183892,-86.5956773889566,33.2290708400349,0.783531221563891,0.481517265739812,2024.89926527374,2025.20127922956,NA
1201,1299,0.219622468342986,-97.0591211702638,43.5435909394245,-106.470680444718,47.3369223831697,0.785223431708948,0.565600963365962,2024.98334897136,2025.20297143971,NA
1083,560,0.372378508834345,-105.934901519625,37.7087143740398,-103.978441975625,33.2420205234529,0.787731444056305,0.415352935221959,2024.83310094322,2025.20547945205,SRR32973825|A/chicken/NM/25-009470-001-original/2025|H5N1|USA-NM|Unknown|2025-03-17|domestic_avian|D1.1
730,132,0.368580586776983,-84.3543702275814,40.2553455893097,-74.8663338756076,39.7737810688071,0.787731444056305,0.419150857279322,2024.83689886528,2025.20547945205,SRR32974069|A/bald_eagle/NJ/25-009514-002/2025|H5N1|USA-NJ|Camden|2025-03-17|wild_avian|D1.1
914,75,0.244184079788534,-76.6751009983926,40.4851966135047,-76.7630352742268,40.4775942210188,0.787731444056305,0.543547364267771,2024.96129537227,2025.20547945205,SRR33370215|A/black_vulture/PA/25-011842-001/2025|H5N1|USA-PA|Dauphin|2025-03-17|wild_avian|D1.1
820,172,0.235280862129134,-86.3756453533154,46.8490183353373,-89.600694867384,50.1471582562343,0.787731444056305,0.55245058192717,2024.97019858993,2025.20547945205,EPI_ISL_20208437|A/Red-Tailed_Hawk/ON/FAV-0121-4/2025|H5N1|Canada-ON|Unknown|2025-03-17|wild_avian|D1.1
680,678,0.500537262401793,-100.370580510072,33.0133618319645,-100.374507012345,33.0184521495612,0.790471170083662,0.289933907681869,2024.70768191568,2025.20821917808,SRR33508800|A/Skunk/TX/25-010819-005-original/2025|H5N1|USA-TX|Unknown|2025-03-18|other_mammal|D1.1
999,646,0.500293026421488,-100.343336315932,39.8969298298246,-110.198205016989,47.2025377748255,0.790471170083662,0.290178143662174,2024.70792615166,2025.20821917808,SRR32973819|A/Duck/MT/25-009376-001-original/2025|H5N1|USA-MT|Unknown|2025-03-18|domestic_avian|D1.1
1110,593,0.49394016640707,-108.317901752987,41.1504766313687,-105.218770328319,26.3681303432183,0.790471170083662,0.296531003676592,2024.71427901167,2025.20821917808,EPI_ISL_20227034|A/Mexico/Dur_Indre_2292/2025|H5N1|Mexico-Durango|Unknown|2025-03-18|human|D1.1
1325,547,0.431117063217956,-100.687840750824,39.5397562580889,-88.677266041055,38.3805307105119,0.790471170083662,0.359354106865706,2024.77710211486,2025.20821917808,SRR33508852|A/Turkey/IL/25-009630-001-original/2025|H5N1|USA-IL|Unknown|2025-03-18|domestic_avian|D1.1
1343,541,0.328515504557765,-87.9709913554456,38.075478372703,-96.2078579613777,39.5790738677647,0.790471170083662,0.461955665525897,2024.87970367352,2025.20821917808,SRR33029751|A/chicken/KS/25-009496-002-original/2025|H5N1|USA-KS|Unknown|2025-03-18|domestic_avian|D1.1
894,115,0.231130673420258,-73.0708627000416,42.2624556780895,-72.5803158761773,41.5159436564183,0.790471170083662,0.559340496663404,2024.97708850466,2025.20821917808,SRR33029808|A/Mallard/CT/25-010197-001-original/2025|H5N1|USA-CT|Unknown|2025-03-18|wild_avian|D1.1
901,108,0.148691617347047,-71.8534008794181,41.7019669403667,-71.5892234090077,41.632216239123,0.790471170083662,0.641779552736615,2025.05952756073,2025.20821917808,SRR35089326|A/Fish_Crow/RI/25-021409-001-original/2025|H5N1|USA-RI|Unknown|2025-03-18|wild_avian|D1.1
823,182,0.0499111001789012,-84.321724990136,40.1840358626263,-83.5605894345163,39.1883355952411,0.790471170083662,0.740560069904761,2025.1583080779,2025.20821917808,SRR33029849|A/black_vulture/OH/25-009864-005/2025|H5N1|USA-OH|Highland|2025-03-18|wild_avian|D1.1
795,208,0.193516853135055,-90.1901499997126,30.2431616701283,-86.2036302326885,31.4442381008386,0.793210896111247,0.599694042976192,2025.01744205097,2025.21095890411,SRR33029853|A/Black_Vulture/AL/25-010338-002-original/2025|H5N1|USA-AL|Unknown|2025-03-19|wild_avian|D1.1
956,98,0.174173680909285,-70.9043287463996,43.4376103562583,-71.4369426269442,43.6358917091784,0.793210896111247,0.619037215201962,2025.0367852232,2025.21095890411,SRR34980328|A/Gull/NH/25-021405-005-original/2025|H5N1|USA-NH|Unknown|2025-03-19|wild_avian|D1.1
1033,1034,0.0105524944289536,-77.1264883123202,40.2241805711738,-77.0405187369936,40.1998819196709,0.793479400853398,0.782926906424444,2025.20067491442,2025.21122740885,NA
991,992,0.48608419825423,-96.8535969498765,39.3260542161129,-96.7236096589567,39.6043468706096,0.795142688677696,0.309058490423467,2024.72680649842,2025.21289069668,NA
974,658,0.510012595880626,-99.6362913233538,41.1025080403292,-89.6760605335617,37.2385820051194,0.795950622138604,0.285938026257978,2024.70368603426,2025.21369863014,SRR33319026|A/turkey_vulture/MO/25-011519-002/2025|H5N1|USA-MO|Cape_Girardeau|2025-03-20|wild_avian|D1.1
723,138,0.489567870157526,-83.4991061196636,31.5817325933606,-85.7136781885269,30.6595889211328,0.795950622138604,0.306382751981078,2024.72413075998,2025.21369863014,SRR33029789|A/Bald_Eagle/FL/25-009986-004-original/2025|H5N1|USA-FL|Unknown|2025-03-20|wild_avian|D1.1
799,178,0.437535030495637,-88.1530066647401,38.9375914069056,-81.760349060914,30.3081397017968,0.795950622138604,0.358415591642967,2024.77616359964,2025.21369863014,SRR33370194|A/Great_Horned_Owl/FL/25-012397-001-original/2025|H5N1|USA-FL|Unknown|2025-03-20|wild_avian|D1.1
712,264,0.436946152518851,-114.461575620571,41.7486271806163,-115.016692986219,41.9555789593203,0.795950622138604,0.359004469619753,2024.77675247762,2025.21369863014,SRR33319031|A/Skunk/NV/25-011566-001-original/2025|H5N1|USA-NV|Unknown|2025-03-20|other_mammal|D1.1
781,784,0.466708372613887,-88.4604454380074,37.68249021407,-84.0247105672531,38.6203813857758,0.797612709874724,0.330904337260837,2024.74865234526,2025.21536071787,NA
784,785,0.000227633859931409,-84.0247105672531,38.6203813857758,-84.0272847587371,38.578039138196,0.797840343734655,0.797612709874724,2025.21536071787,2025.21558835173,NA
1193,402,0.160173569901535,-103.147416975742,48.0141670971778,-103.005177852226,48.0347563391001,0.798690348165962,0.638516778264426,2025.05626478626,2025.21643835616,SRR33319040|A/Ross_s_Goose/ND/25-011280-001-original/2025|H5N1|USA-ND|Unknown|2025-03-21|wild_avian|D1.1
1034,1035,0.00687697056029779,-77.0405187369936,40.1998819196709,-76.3032798156835,39.1473830792953,0.800356371413696,0.793479400853398,2025.21122740885,2025.21810437941,NA
1035,1036,0.00459148079897065,-76.3032798156835,39.1473830792953,-76.238834246352,39.0434987779984,0.804947852212666,0.800356371413696,2025.21810437941,2025.22269586021,NA
869,870,0.0554393217306156,-78.119219462078,39.9375125012341,-77.126097968999,42.1368926105419,0.80657431536166,0.751134993631045,2025.16888300163,2025.22432232336,NA
1093,1094,0.163219589098112,-114.119312029798,37.153228123656,-115.095130015392,35.0876401439719,0.806673344020514,0.643453754922402,2025.06120176292,2025.22442135202,NA
746,222,0.331011553022435,-91.9819699561706,36.5346403023117,-93.8491000806183,42.464953448006,0.806909526248034,0.475897973225598,2024.89364598122,2025.22465753425,SRR33029828|A/cat/IA/25-010114-001-original/2025|H5N1|USA-IA|Unknown|2025-03-24|feline|D1.1
1191,400,0.315977350964199,-97.4848130897989,40.1784224190523,-97.3314578651246,40.4131121794746,0.806909526248034,0.490932175283835,2024.90868018328,2025.22465753425,SRR33508770|A/Duck/NE/25-010532-002-original/2025|H5N1|USA-NE|Unknown|2025-03-24|domestic_avian|D1.1
930,60,0.0631980960655031,-75.5448893158408,38.7472312398637,-76.8967796393697,38.4713995755294,0.806909526248034,0.743711430182531,2025.16145943818,2025.22465753425,SRR34710271|A/Turkey_Vulture/MD/25-019391-002-original/2025|H5N1|USA-MD|Unknown|2025-03-24|wild_avian|D1.1
1035,307,0.00655315483433805,-76.3032798156835,39.1473830792953,-76.2221870379334,39.5543144695151,0.806909526248034,0.800356371413696,2025.21810437941,2025.22465753425,SRR33508772|A/black_vulture/MA/25-010531-001/2025|H5N1|USA-MA|Harford|2025-03-24|wild_avian|D1.1
1094,580,0.00297590825510485,-115.095130015392,35.0876401439719,-111.484833761051,33.336996700123,0.809649252275618,0.806673344020514,2025.22442135202,2025.22739726027,SRR33319085|A/cattle/AZ/25-010942-001-original/2025|H5N1|USA-AZ|Unknown|2025-03-25|cattle|D1.1
1309,1311,0.285430526045863,-115.419502282473,44.6930729148398,-122.891507325236,52.1184012096305,0.812293396366738,0.526862870320875,2024.94461087832,2025.23004140437,NA
1125,512,0.338557576775264,-100.574769317593,42.9013313906224,-108.354031900827,40.208017444201,0.812388978302976,0.473831401527712,2024.89157940953,2025.2301369863,SRR33508736|A/Red-tailed_Hawk/CO/25-010882-001-original/2025|H5N1|USA-CO|Unknown|2025-03-26|wild_avian|D1.1
1341,544,0.274571202461313,-89.6803479163728,47.0153219104702,-88.7792881240526,48.076676944044,0.812388978302976,0.537817775841663,2024.95556578384,2025.2301369863,SRR33508738|A/Great_Horned_Owl/MI/25-010812-002-original/2025|H5N1|USA-MI|Unknown|2025-03-26|wild_avian|D1.1
938,68,0.260936878807885,-62.9829159317889,46.1360730422945,-62.5616328939448,45.4915898289507,0.812388978302976,0.551452099495091,2024.96920010749,2025.2301369863,EPI_ISL_20208452|A/Striped_Skunk/NS/FAV-0143/2025|H5N1|Canada-NS|Unknown|2025-03-26|other_mammal|D1.1
936,65,0.306563159732846,-63.0752744739439,44.7991802507995,-67.7876413876734,46.3447021629481,0.815128704330333,0.508565544597488,2024.9263135526,2025.23287671233,SRR34710257|A/Bald_Eagle/ME/25-019392-005-original/2025|H5N1|USA-ME|Unknown|2025-03-27|wild_avian|D1.1
825,187,0.260911413067609,-92.849080366739,44.6000902715078,-93.1997176816818,43.694273695715,0.815128704330333,0.554217291262724,2024.97196529926,2025.23287671233,SRR33370162|A/Mallard/MN/25-012246-005-original/2025|H5N1|USA-MN|Unknown|2025-03-27|wild_avian|D1.1
1036,319,0.0101808521176669,-76.238834246352,39.0434987779984,-76.0275664678865,40.0795442541625,0.815128704330333,0.804947852212666,2025.22269586021,2025.23287671233,SRR33508749|A/black_vulture/PA/25-010745-004/2025|H5N1|USA-PA|Lancaster|2025-03-27|wild_avian|D1.1
992,994,0.0214302059299026,-96.7236096589567,39.6043468706096,-81.7282952313908,38.6313164049045,0.816572894607599,0.795142688677696,2025.21289069668,2025.23432090261,NA
917,918,0.389373108799941,-73.0554564246499,41.8091311309496,-69.9691552349467,42.8240501592519,0.819134127830352,0.429761019030412,2024.84750902703,2025.23688213583,NA
785,786,0.023019402906255,-84.0272847587371,38.578039138196,-83.8172836455879,38.5759657882694,0.82085974664091,0.797840343734655,2025.21558835173,2025.23860775464,NA
869,872,0.069988541888844,-78.119219462078,39.9375125012341,-84.4525643807141,40.178175147942,0.821123535519889,0.751134993631045,2025.16888300163,2025.23887154352,NA
1347,1348,0.0383072902904243,-86.5956773889566,33.2290708400349,-86.5641029388043,33.1090922334006,0.821838511854315,0.783531221563891,2025.20127922956,2025.23958651985,NA
1036,1037,0.0180683669459962,-76.238834246352,39.0434987779984,-75.4478616293708,39.9504864942832,0.823016219158663,0.804947852212666,2025.22269586021,2025.24076422716,NA
962,282,0.523310182805907,-108.654862745752,41.0042865779658,-112.215227775772,38.9065683661831,0.82608760843999,0.302777425634083,2024.72052543363,2025.24383561644,SRR33319032|A/Skunk/UT/25-011119-002-original/2025|H5N1|USA-UT|Unknown|2025-03-31|other_mammal|D1.1
960,78,0.311633350274552,-73.7935596545303,42.5304308720585,-76.8700967121159,38.0086536709679,0.82608760843999,0.514454258165438,2024.93220226616,2025.24383561644,SRR33370138|A/Red_Fox/VA/25-012694-001-original/2025|H5N1|USA-VA|Unknown|2025-03-31|other_mammal|D1.1
944,945,0.0765079568401716,-72.361822643952,42.7871124579711,-71.5498658941122,44.1292597111645,0.827691981060217,0.751184024220045,2025.16893203222,2025.24543998906,NA
1135,1136,0.222668351362992,-104.268789088912,44.3794047296343,-101.254663676103,44.5811198635346,0.828002869354756,0.605334517991764,2025.02308252599,2025.24575087735,NA
1094,1095,0.0214321151276654,-115.095130015392,35.0876401439719,-113.632185246986,36.6879775483456,0.828105459148179,0.806673344020514,2025.22442135202,2025.24585346715,NA
1037,1038,0.00531715027055213,-75.4478616293708,39.9504864942832,-75.0445891172088,40.0481337280151,0.828333369429215,0.823016219158663,2025.24076422716,2025.24608137743,NA
1332,530,0.410226730962858,-96.5364241121021,37.0363663491663,-102.696189100996,46.5138220179191,0.828827334467348,0.41860060350449,2024.8363486115,2025.24657534247,SRR33319029|A/Snow_Goose/ND/25-011281-001-original/2025|H5N1|USA-ND|Unknown|2025-04-01|wild_avian|D1.1
1129,517,0.312261874265936,-99.0102748249597,42.5685146063063,-98.2290823840318,47.5068140178087,0.828827334467348,0.516565460201411,2024.9343134682,2025.24657534247,SRR33319054|A/Great_Horned_Owl/ND/25-011283-001-original/2025|H5N1|USA-ND|Unknown|2025-04-01|wild_avian|D1.1
1310,603,0.2776858361799,-113.398014839929,43.6654723448009,-120.32750768178,45.7534072923565,0.828827334467348,0.551141498287448,2024.96888950629,2025.24657534247,SRR33682347|A/Canada_Goose/WA/25-014080-001-original/2025|H5N1|USA-WA|Unknown|2025-04-01|wild_avian|D1.1
868,17,0.158191702270656,-78.4295638386957,39.6006875124961,-79.1643249072517,36.7838065509797,0.828827334467348,0.670635632196691,2025.0883836402,2025.24657534247,SRR33319022|A/Black_Vulture/VA/25-011541-002-original/2025|H5N1|USA-VA|Unknown|2025-04-01|wild_avian|D1.1
1311,1312,0.0177671646585504,-122.891507325236,52.1184012096305,-121.852896845809,51.9578232410192,0.830060561025289,0.812293396366738,2025.23004140437,2025.24780856902,NA
870,871,0.0243476314906532,-77.126097968999,42.1368926105419,-76.1496767449637,41.8688064667498,0.830921946852314,0.80657431536166,2025.22432232336,2025.24866995485,NA
857,35,0.161174343573531,-87.9517831036812,42.2584591342412,-86.0108885208748,42.6177872340342,0.831567060494705,0.670392716921174,2025.08814072492,2025.24931506849,SRR33370139|A/red_breasted_merganser/MI/25-011271-008/2025|H5N1|USA-MI|Allegan|2025-04-02|wild_avian|D1.1
1059,326,0.456701907329961,-82.0590203297576,39.7743700675958,-80.8123274138527,44.7630770120493,0.834306786522062,0.377604879192102,2024.79535288719,2025.25205479452,EPI_ISL_20208455|A/Turkey_Vulture/ON/FAV-0138-2/2025|H5N1|Canada-ON|Unknown|2025-04-03|wild_avian|D1.1
889,122,0.345627307947887,-75.0434722234241,41.9159943249704,-76.4637198227586,46.8314569411048,0.834306786522062,0.488679478574175,2024.90642748657,2025.25205479452,EPI_ISL_20208447|A/Snow_Goose/QC/FAV-0146-5/2025|H5N1|Canada-QC|Unknown|2025-04-03|wild_avian|D1.1
1033,320,0.0513798800976181,-77.1264883123202,40.2241805711738,-76.8281156246435,40.078321245786,0.834306786522062,0.782926906424444,2025.20067491442,2025.25205479452,SRR33319024|A/black_vulture/PA/25-011728-001/2025|H5N1|USA-PA|York|2025-04-03|wild_avian|D1.1
824,183,0.0807731020965535,-82.7300750452582,41.4714378811268,-83.9590272154961,39.5240007985594,0.845265690631719,0.764492588535166,2025.18224059653,2025.26301369863,SRR33370172|A/vulture/OH/25-012105-001/2025|H5N1|USA-OH|Unknown|2025-04-07|wild_avian|D1.1
784,149,0.0476529807569953,-84.0247105672531,38.6203813857758,-83.6582701296144,38.75000715672,0.845265690631719,0.797612709874724,2025.21536071787,2025.26301369863,SRR33370169|A/vulture/OH/25-012105-004/2025|H5N1|USA-OH|Unknown|2025-04-07|wild_avian|D1.1
944,946,0.0954568376775544,-72.361822643952,42.7871124579711,-71.020297200348,42.5125518564287,0.846640861897599,0.751184024220045,2025.16893203222,2025.2643888699,NA
848,43,0.53134150151313,-106.007691595072,48.7770552325137,-112.298069178343,45.6642336316609,0.848005416659077,0.316663915145946,2024.73441192314,2025.26575342466,SRR33370196|A/Great_Horned_Owl/MT/25-012288-002-original/2025|H5N1|USA-MT|Unknown|2025-04-08|wild_avian|D1.1
731,131,0.482871880942997,-91.1769108154381,44.5869431651641,-92.6621107862953,45.2381293934912,0.848005416659077,0.36513353571608,2024.78288154371,2025.26575342466,SRR33370177|A/Snowy_Owl/WI/25-012050-001-original/2025|H5N1|USA-WI|Unknown|2025-04-08|wild_avian|D1.1
825,186,0.293788125396352,-92.849080366739,44.6000902715078,-91.6447875966308,43.2847145173223,0.848005416659077,0.554217291262724,2024.97196529926,2025.26575342466,SRR33370176|A/Trumpeter_Swan/IA/25-011816-001-original/2025|H5N1|USA-IA|Unknown|2025-04-08|wild_avian|D1.1
1313,595,0.525690882022777,-114.262087870467,42.0261067575801,-108.083206114002,40.82349347064,0.853484868713791,0.327793986691015,2024.74554199469,2025.27123287671,SRR34710266|A/Red-tailed_Hawk/CO/25-019366-002-original/2025|H5N1|USA-CO|Unknown|2025-04-10|wild_avian|D1.1
1109,564,0.464493248928904,-92.1919785142805,38.56187828084,-90.2602762068726,37.6921666257526,0.853484868713791,0.388991619784888,2024.80673962778,2025.27123287671,SRR33476799|A/Cooper_s_Hawk/MO/25-012813-008-original/2025|H5N1|USA-MO|Unknown|2025-04-10|wild_avian|D1.1
748,232,0.448970013486436,-91.6542802546859,38.9172510558689,-94.2860317462955,39.1479407500991,0.853484868713791,0.404514855227355,2024.82226286323,2025.27123287671,SRR33476774|A/Turkey_Vulture/MO/25-012813-002-original/2025|H5N1|USA-MO|Unknown|2025-04-10|wild_avian|D1.1
1196,406,0.209404852821273,-96.2754587825071,40.6683881645392,-98.809635055977,43.7140474082634,0.853484868713791,0.644080015892518,2025.06182802389,2025.27123287671,SRR33476801|A/Canada_Goose/SD/25-013305-001-original/2025|H5N1|USA-SD|Unknown|2025-04-10|wild_avian|D1.1
785,150,0.0556445249791361,-84.0272847587371,38.578039138196,-83.723415209884,38.6075972994855,0.853484868713791,0.797840343734655,2025.21558835173,2025.27123287671,SRR33476809|A/canada_goose/KY/25-013218-002/2025|H5N1|USA-KY|Mason|2025-04-10|wild_avian|D1.1
994,654,0.0369119741061925,-81.7282952313908,38.6313164049045,-82.4165795054563,37.2205109013403,0.853484868713791,0.816572894607599,2025.23432090261,2025.27123287671,SRR33370209|A/Black_Vulture/VA/25-012471-002-original/2025|H5N1|USA-VA|Unknown|2025-04-10|wild_avian|D1.1
786,148,0.032625122072881,-83.8172836455879,38.5759657882694,-83.794218954999,38.5806906433723,0.853484868713791,0.82085974664091,2025.23860775464,2025.27123287671,SRR33476805|A/black_vulture/KY/25-013218-001/2025|H5N1|USA-KY|Mason|2025-04-10|wild_avian|D1.1
744,220,0.385158360872388,-87.2848226657724,39.4623870573473,-86.2274544597172,38.6672513864524,0.856224594741376,0.471066233868988,2024.88881424187,2025.27397260274,SRR33682307|A/Turkey_Vulture/IN/25-014056-001-original/2025|H5N1|USA-IN|Unknown|2025-04-11|wild_avian|D1.1
1302,334,0.562495708082404,-111.978325006697,42.6326839562878,-119.686491136959,38.4845639704499,0.861704046796091,0.299208338713687,2024.71695634671,2025.27945205479,SRR33682331|A/Cougar/CA/25-014656-002-original/2025|H5N1|USA-CA|Unknown|2025-04-13|feline|D1.1
1201,1202,0.298313493955318,-97.0591211702638,43.5435909394245,-97.9653217389791,42.3300019658712,0.863914457321281,0.565600963365962,2024.98334897136,2025.28166246532,NA
872,873,0.0511089777376712,-84.4525643807141,40.178175147942,-90.6583259676896,41.5227883364115,0.87223251325756,0.821123535519889,2025.23887154352,2025.28998052126,NA
867,18,0.378518174956175,-77.948686990591,39.4526035204709,-74.6817254019977,40.2766115846885,0.872662950905748,0.494144775949573,2024.91189278395,2025.2904109589,SRR34425893|A/red_fox/NJ/25-018509-001/2025|H5N1|USA-NJ|Mercer|2025-04-17|other_mammal|D1.1
905,113,0.358429584483379,-74.8194831015816,40.8372921715511,-74.6123595885494,40.3001123081609,0.872662950905748,0.514233366422369,2024.93198137442,2025.2904109589,SRR34425892|A/red_fox/NJ/25-018509-002/2025|H5N1|USA-NJ|Mercer|2025-04-17|other_mammal|D1.1
946,947,0.0279853828645555,-71.020297200348,42.5125518564287,-71.1835779561076,42.5228673444968,0.874626244762155,0.846640861897599,2025.2643888699,2025.29237425276,NA
1348,537,0.0535641650787905,-86.5641029388043,33.1090922334006,-84.0527278069215,32.9442615379758,0.875402676933105,0.821838511854315,2025.23958651985,2025.29315068493,SRR34270262|A/black_vulture/GA/25-017626-002/2025|H5N1|USA-GA|Monroe|2025-04-18|wild_avian|D1.1
1200,410,0.392787807619584,-101.337341959868,44.209364267697,-100.219923154808,52.9623869026132,0.878142402960463,0.485354595340879,2024.90310260334,2025.29589041096,EPI_ISL_20208446|A/Snow_Goose/MB/FAV-0170-16/2025|H5N1|Canada-MB|Unknown|2025-04-19|wild_avian|D1.1
918,57,0.0590082751301104,-69.9691552349467,42.8240501592519,-68.8823771554172,45.1690304219522,0.878142402960463,0.819134127830352,2025.23688213583,2025.29589041096,SRR34710269|A/Snowy_Owl/ME/25-019392-006-original/2025|H5N1|USA-ME|Unknown|2025-04-19|wild_avian|D1.1
1038,1039,0.0518380558609771,-75.0445891172088,40.0481337280151,-76.6238023644601,39.7735476692058,0.880171425290192,0.828333369429215,2025.24608137743,2025.29791943329,NA
945,79,0.0531901479276036,-71.5498658941122,44.1292597111645,-72.0666717236927,42.1209449437168,0.88088212898782,0.827691981060217,2025.24543998906,2025.29863013699,SRR35319688|A/Common_Eider/MA/25-021407-030-original/2025|H5N1|USA-MA|Unknown|2025-04-20|wild_avian|D1.1
1102,616,0.585338915254066,-106.558040173163,42.0163982255652,-108.730918184655,43.5169448177951,0.883621855015178,0.298282939761112,2024.71603094776,2025.30136986301,SRR33476770|A/Turkey_Vulture/WY/25-013045-001-original/2025|H5N1|USA-WY|Unknown|2025-04-21|wild_avian|D1.1
864,25,0.573387592828936,-89.1893911828806,39.5236441741171,-79.0136522254729,43.2592830397656,0.883621855015178,0.310234262186242,2024.72798227018,2025.30136986301,SRR33565201|A/canada_goose/NY/25-013428-001/2025|H5N1|USA-NY|Niagara|2025-04-21|wild_avian|D1.1
888,125,0.394219968102989,-73.2774675621992,42.5002866958494,-75.9170234720514,44.1849519185619,0.883621855015178,0.489401886912189,2024.90714989491,2025.30136986301,SRR33830326|A/red_tailed_hawk/NY/25-013427-001/2025|H5N1|USA-NY|Jefferson|2025-04-21|wild_avian|D1.1
1196,405,0.239541839122659,-96.2754587825071,40.6683881645392,-95.7949217465021,45.6292339762925,0.883621855015178,0.644080015892518,2025.06182802389,2025.30136986301,SRR33476668|A/chicken/MN/25-013149-001-original/2025|H5N1|USA-MN|Unknown|2025-04-21|domestic_avian|D1.1
1051,292,0.116874323023956,-77.170747327435,37.245339927114,-80.6252961963819,35.2088667022309,0.883621855015178,0.766747531991222,2025.18449553999,2025.30136986301,SRR33682355|A/black_vulture/NC/25-013413-001/2025|H5N1|USA-NC|Mecklenburg|2025-04-21|wild_avian|D1.1
1039,1040,0.00420206424803371,-76.6238023644601,39.7735476692058,-77.2116127036097,39.93203843613,0.884373489538225,0.880171425290192,2025.29791943329,2025.30212149754,NA
1095,1096,0.0574649962941746,-113.632185246986,36.6879775483456,-110.538162625925,35.5978747191672,0.885570455442354,0.828105459148179,2025.24585346715,2025.30331846344,NA
1194,401,0.222953843844395,-100.929932193824,47.8011490141337,-105.301540965022,51.2271664151577,0.886361581042535,0.66340773719814,2025.0811557452,2025.30410958904,EPI_ISL_20208438|A/Rosss_Goose/SK/FAV-0170-4/2025|H5N1|Canada-SK|Unknown|2025-04-22|wild_avian|D1.1
1195,403,0.220408696252828,-98.4654266348919,46.8018231779799,-108.304697895518,51.8889874193495,0.88910130707012,0.668692610817292,2025.08644061882,2025.30684931507,EPI_ISL_20208439|A/Rosss_Goose/SK/FAV-0170-51/2025|H5N1|Canada-SK|Unknown|2025-04-23|wild_avian|D1.1
1095,581,0.0609958479219407,-113.632185246986,36.6879775483456,-112.51277010702,36.2907048784941,0.88910130707012,0.828105459148179,2025.24585346715,2025.30684931507,SRR33764593|A/cattle/AZ/25-013772-001-original-repeat2/2025|H5N1|USA-AZ|Unknown|2025-04-23|cattle|D1.1
871,13,0.0581793602178061,-76.1496767449637,41.8688064667498,-72.5771232425707,41.8016813221747,0.88910130707012,0.830921946852314,2025.24866995485,2025.30684931507,SRR33764586|A/Great_Horned_Owl/CT/25-013382-001-original-repeat2/2025|H5N1|USA-CT|Unknown|2025-04-23|wild_avian|D1.1
1051,1052,0.122727376578842,-77.170747327435,37.245339927114,-81.1641875395556,34.3960964593461,0.889474908570064,0.766747531991222,2025.18449553999,2025.30722291657,NA
994,995,0.0735263998382271,-81.7282952313908,38.6313164049045,-80.3600896633929,38.5900190922009,0.890099294445826,0.816572894607599,2025.23432090261,2025.30784730244,NA
1052,1053,0.00185150782932697,-81.1641875395556,34.3960964593461,-80.9473809377608,34.4456031597413,0.891326416399391,0.889474908570064,2025.30722291657,2025.3090744244,NA
850,41,0.480695952241111,-88.9762440105848,44.1167284659843,-85.9218175421163,44.2110577832243,0.891841033097477,0.411145080856367,2024.82889308885,2025.3095890411,SRR33764590|A/bald_eagle/MI/25-013929-001/2025|H5N1|USA-MI|Manistee|2025-04-24|wild_avian|D1.1
1311,601,0.0795476367307389,-122.891507325236,52.1184012096305,-119.26456145658,47.8839098582751,0.891841033097477,0.812293396366738,2025.23004140437,2025.3095890411,SRR33682312|A/Sand_Crane/WA/25-014081-001-original/2025|H5N1|USA-WA|Unknown|2025-04-24|wild_avian|D1.1
880,28,0.443168988767553,-107.405003083401,42.5985150928309,-111.709934685364,44.4980718653884,0.894580759124834,0.451411770357282,2024.86915977836,2025.31232876712,SRR33682328|A/Great_Horned_Owl/ID/25-014531-001-original/2025|H5N1|USA-ID|Unknown|2025-04-25|wild_avian|D1.1
1012,627,0.419953933900213,-110.898445974901,41.6176189253607,-111.625718749541,42.3394485560807,0.894580759124834,0.474626825224621,2024.89237483322,2025.31232876712,SRR33682316|A/Red-tailed_Hawk/ID/25-014530-001-original/2025|H5N1|USA-ID|Unknown|2025-04-25|wild_avian|D1.1
1136,340,0.0693176157974359,-101.254663676103,44.5811198635346,-101.263394344889,50.2509197210608,0.897320485152192,0.828002869354756,2025.24575087735,2025.31506849315,EPI_ISL_20208444|A/Snow_Goose/MB/FAV-0163-3/2025|H5N1|Canada-MB|Unknown|2025-04-26|wild_avian|D1.1
947,948,0.0253981694026559,-71.1835779561076,42.5228673444968,-70.9529087847532,42.5897332914924,0.900024414164811,0.874626244762155,2025.29237425276,2025.31777242216,NA
806,807,0.484415003838934,-90.6853085427997,38.7960686112284,-92.175779139901,26.0015770348177,0.900490698960412,0.416075695121478,2024.83382370312,2025.31823870696,NA
1052,1055,0.0130852059948811,-81.1641875395556,34.3960964593461,-81.1251541828682,34.3882832002377,0.902560114564945,0.889474908570064,2025.30722291657,2025.32030812256,NA
1040,304,0.0184264476689086,-77.2116127036097,39.93203843613,-75.7423113014674,39.8030040725321,0.902799937207134,0.884373489538225,2025.30212149754,2025.32054794521,SRR33830330|A/black_vulture/PA/25-015563-001/2025|H5N1|USA-PA|Chester|2025-04-28|wild_avian|D1.1
1092,585,0.422588688106428,-108.009072374384,34.8361191346095,-111.773067030543,37.932544785236,0.908279389261849,0.485690701155421,2024.90343870915,2025.32602739726,SRR33682297|A/Turkey_Vulture/UT/25-014690-001-original/2025|H5N1|USA-UT|Unknown|2025-04-30|wild_avian|D1.1
872,14,0.0871558537419601,-84.4525643807141,40.178175147942,-85.4454374816842,40.3766615976254,0.908279389261849,0.821123535519889,2025.23887154352,2025.32602739726,SRR33564631|A/chicken/IN/25-014151-001-original/2025|H5N1|USA-IN|Unknown|2025-04-30|domestic_avian|D1.1
873,16,0.0360468760042889,-90.6583259676896,41.5227883364115,-88.4932763523905,39.9405650028436,0.908279389261849,0.87223251325756,2025.28998052126,2025.32602739726,SRR33564627|A/Guineafowl/IL/25-014146-002-original/2025|H5N1|USA-IL|Unknown|2025-04-30|domestic_avian|D1.1
1202,1210,0.0445432176397942,-97.9653217389791,42.3300019658712,-99.3155388353009,43.8580816943408,0.908457674961075,0.863914457321281,2025.28166246532,2025.32620568296,NA
1096,1097,0.024840034243672,-110.538162625925,35.5978747191672,-110.704803555145,34.5811328247372,0.910410489686026,0.885570455442354,2025.30331846344,2025.32815849768,NA
1133,398,0.427525803995407,-96.4502336714094,40.0614357348494,-100.238242847462,49.9584590190159,0.911019115289206,0.4834933112938,2024.90124131929,2025.32876712329,EPI_ISL_20208450|A/Striped_Skunk/MB/FAV-0164-2/2025|H5N1|Canada-MB|Unknown|2025-05-01|other_mammal|D1.1
1195,404,0.242326504471914,-98.4654266348919,46.8018231779799,-102.473984564499,46.0127251259266,0.911019115289206,0.668692610817292,2025.08644061882,2025.32876712329,SRR33682396|A/goose/ND/25-014293-001-original-repeat/2025|H5N1|USA-ND|Unknown|2025-05-01|domestic_avian|D1.1
1299,412,0.128535409607615,-106.470680444718,47.3369223831697,-105.900916925508,47.0221654417959,0.913758841316564,0.785223431708948,2025.20297143971,2025.33150684932,SRR33830328|A/Great_Horned_Owl/MT/25-015870-001-original/2025|H5N1|USA-MT|Unknown|2025-05-02|wild_avian|D1.1
930,931,0.172044845720614,-75.5448893158408,38.7472312398637,-77.3089755856537,39.6266448372447,0.915756275903144,0.743711430182531,2025.16145943818,2025.3335042839,NA
1037,1041,0.0946388874631505,-75.4478616293708,39.9504864942832,-77.4876615152947,39.7212782975778,0.917655106621813,0.823016219158663,2025.24076422716,2025.33540311462,NA
960,90,0.407523761233425,-73.7935596545303,42.5304308720585,-73.104434745233,42.6527997170933,0.921978019398863,0.514454258165438,2024.93220226616,2025.3397260274,SRR33764587|A/Fox/MA/25-015209-001-original/2025|H5N1|USA-MA|Unknown|2025-05-05|other_mammal|D1.1
1198,409,0.439320494809517,-102.103655228633,42.8868155460236,-98.3451245267975,45.7464113889826,0.924717745426221,0.485397250616703,2024.90314525862,2025.34246575342,SRR33764588|A/cat/SD/25-015467-001-original/2025|H5N1|USA-SD|Unknown|2025-05-06|feline|D1.1
931,62,0.00896146952307619,-77.3089755856537,39.6266448372447,-76.2524127498985,38.598124671618,0.924717745426221,0.915756275903144,2025.3335042839,2025.34246575342,SRR33764507|A/chicken/MD/25-014921-001-original/2025|H5N1|USA-MD|Unknown|2025-05-06|domestic_avian|D1.1
840,266,0.563990056591816,-108.229375710646,43.3324530500591,-91.3671941816758,43.4630631939764,0.927457471453578,0.363467414861762,2024.78121542286,2025.34520547945,SRR33764581|A/Turkey_Vulture/IA/25-014877-002-original/2025|H5N1|USA-IA|Unknown|2025-05-07|wild_avian|D1.1
719,235,0.402669238729832,-95.2685809976027,42.0304330108095,-95.8217724306124,43.3781804743971,0.927457471453578,0.524788232723746,2024.94253624072,2025.34520547945,SRR33764582|A/Turkey_Vulture/IA/25-014877-001-original/2025|H5N1|USA-IA|Unknown|2025-05-07|wild_avian|D1.1
1312,602,0.102876362483004,-121.852896845809,51.9578232410192,-112.828313234081,52.0929967010142,0.932936923508293,0.830060561025289,2025.24780856902,2025.35068493151,EPI_ISL_20208404|A/Chicken/AB/FAV-0161-1/2025|H5N1|Canada-AB|Unknown|2025-05-09|domestic_avian|D1.1
871,12,0.102014976655979,-76.1496767449637,41.8688064667498,-74.3280329343041,40.1462199668776,0.932936923508293,0.830921946852314,2025.24866995485,2025.35068493151,SRR33682397|A/Duck/NJ/25-015044-006-original/2025|H5N1|USA-NJ|Unknown|2025-05-09|domestic_avian|D1.1
1133,399,0.452183338242078,-96.4502336714094,40.0614357348494,-101.304417831367,49.7415171915442,0.935676649535877,0.4834933112938,2024.90124131929,2025.35342465753,EPI_ISL_20208451|A/Striped_Skunk/MB/FAV-0174-1/2025|H5N1|Canada-MB|Unknown|2025-05-10|other_mammal|D1.1
1347,533,0.152145427971987,-86.5956773889566,33.2290708400349,-83.2299039344292,31.3491449528761,0.935676649535877,0.783531221563891,2025.20127922956,2025.35342465753,SRR33943918|A/Muscovy_Duck/GA/25-016493-001-original/2025|H5N1|USA-GA|Unknown|2025-05-10|wild_avian|D1.1
1210,1211,0.0304409517497582,-99.3155388353009,43.8580816943408,-96.6927678171108,42.0226222741923,0.938898626710833,0.908457674961075,2025.32620568296,2025.35664663471,NA
1211,1292,0.00563866034791627,-96.6927678171108,42.0226222741923,-99.9136719411474,41.5966561131195,0.944537287058749,0.938898626710833,2025.35664663471,2025.36228529506,NA
948,950,0.0471205330848354,-70.9529087847532,42.5897332914924,-71.1007631105545,43.0555012409394,0.947144947249646,0.900024414164811,2025.31777242216,2025.36489295525,NA
1039,306,0.0692038543824727,-76.6238023644601,39.7735476692058,-80.0902030202029,40.9577960309179,0.949375279672664,0.880171425290192,2025.29791943329,2025.36712328767,SRR33993064|A/Black_Vulture/PA/25-017251-001-original/2025|H5N1|USA-PA|Unknown|2025-05-15|wild_avian|D1.1
834,835,0.493389976637013,-106.480569922395,41.6529488774698,-92.5929650624054,35.2964850728621,0.950179371291161,0.456789394654148,2024.87453740265,2025.36792737929,NA
1312,600,0.122054444674961,-121.852896845809,51.9578232410192,-119.363272669386,53.266917178765,0.952115005700249,0.830060561025289,2025.24780856902,2025.3698630137,EPI_ISL_20212940|A/Bald_Eagle/BC/AIVPHL-3618/2025|H5N1|Canada-BC|Unknown|2025-05-16|wild_avian|D1.1
946,87,0.10547414380265,-71.020297200348,42.5125518564287,-71.3710470830325,42.5933935040178,0.952115005700249,0.846640861897599,2025.2643888699,2025.3698630137,SRR34710290|A/Great_Black-Backed_Gull/MA/25-019390-021-original/2025|H5N1|USA-MA|Unknown|2025-05-16|wild_avian|D1.1
1136,1137,0.129221253741134,-101.254663676103,44.5811198635346,-101.296966270812,44.3774221497556,0.95722412309589,0.828002869354756,2025.24575087735,2025.37497213109,NA
765,766,0.546487536480577,-84.1988677943174,41.2445086411906,-78.7127704927914,43.3418220689331,0.962797718699533,0.416310182218955,2024.83405819022,2025.3805457267,NA
1053,299,0.0717474934102876,-80.9473809377608,34.4456031597413,-81.158763443344,34.7053160205584,0.963073909809679,0.891326416399391,2025.3090744244,2025.38082191781,SRR33943915|A/black_vulture/SC/25-016638-003/2025|H5N1|USA-SC|Chester|2025-05-20|wild_avian|D1.1
1055,293,0.0605137952447335,-81.1251541828682,34.3882832002377,-81.3743760055346,34.7563541562589,0.963073909809679,0.902560114564945,2025.32030812256,2025.38082191781,SRR33943914|A/black_vulture/SC/25-016638-004/2025|H5N1|USA-SC|Chester|2025-05-20|wild_avian|D1.1
766,767,0.00370742172690042,-78.7127704927914,43.3418220689331,-78.6477296943784,43.0560774557776,0.966505140426433,0.962797718699533,2025.3805457267,2025.38425314842,NA
1096,582,0.0829829064222674,-110.538162625925,35.5978747191672,-112.631649168462,35.6089422718694,0.968553361864621,0.885570455442354,2025.30331846344,2025.38630136986,SRR33830342|A/chicken/AZ/25-016339-007-original/2025|H5N1|USA-AZ|Unknown|2025-05-22|domestic_avian|D1.1
767,204,0.00204822143818795,-78.6477296943784,43.0560774557776,-80.5212881013776,42.9733036207561,0.968553361864621,0.966505140426433,2025.38425314842,2025.38630136986,EPI_ISL_20208403|A/Caspian_Tern/ON/FAV-0181-4/2025|H5N1|Canada-ON|Unknown|2025-05-22|wild_avian|D1.1
995,651,0.0811937934461523,-80.3600896633929,38.5900190922009,-79.5403884740976,37.1764097328731,0.971293087891978,0.890099294445826,2025.30784730244,2025.38904109589,SRR34710267|A/Black_Vulture/VA/25-019364-001-original/2025|H5N1|USA-VA|Unknown|2025-05-23|wild_avian|D1.1
1211,1212,0.0392231712942314,-96.6927678171108,42.0226222741923,-96.3791321715438,41.2222771261826,0.978121798005064,0.938898626710833,2025.35664663471,2025.395869806,NA
950,951,0.0344080566315311,-71.1007631105545,43.0555012409394,-72.057972510734,43.9263128316927,0.981553003881177,0.947144947249646,2025.36489295525,2025.39930101188,NA
816,169,0.515962628999387,-81.9828285430582,40.4255202498866,-78.8670077859774,42.5369534268927,0.982251992001635,0.466289363002248,2024.884037371,2025.4,SRR33993059|A/Turkey_Vulture/NY/25-016857-001-original/2025|H5N1|USA-NY|Unknown|2025-05-27|wild_avian|D1.1
1301,518,0.622942995285419,-114.745211313019,47.7672720875884,-105.319667137793,40.7794602995467,0.98773144405635,0.364788448770931,2024.78253645677,2025.40547945205,SRR33993061|A/Red_Fox/CO/25-017245-001-original/2025|H5N1|USA-CO|Unknown|2025-05-29|other_mammal|D1.1
853,33,0.47294770874221,-90.4510652562583,43.912971522802,-85.4918885612409,43.9363067433941,0.98773144405635,0.51478373531414,2024.93253174331,2025.40547945205,SRR33993066|A/bald_eagle/MI/25-017061-001/2025|H5N1|USA-MI|Osceola|2025-05-29|wild_avian|D1.1
802,176,0.339611198367406,-86.7204458908163,42.6197706593343,-86.3798058784168,44.0305357010014,0.98773144405635,0.648120245688944,2025.06586825369,2025.40547945205,SRR33993065|A/bald_eagle/MI/25-017061-002/2025|H5N1|USA-MI|Mason|2025-05-29|wild_avian|D1.1
1212,1244,0.00962667628161618,-96.3791321715438,41.2222771261826,-97.6844964521998,41.1274190464321,0.987748474286681,0.978121798005064,2025.395869806,2025.40549648229,NA
1137,1138,0.0330633154519641,-101.296966270812,44.3774221497556,-97.5356857696411,42.8259959739781,0.990287438547854,0.95722412309589,2025.37497213109,2025.40803544655,NA
1299,411,0.207987464402117,-106.470680444718,47.3369223831697,-144.942945336057,65.6805016260764,0.993210896111065,0.785223431708948,2025.20297143971,2025.41095890411,SRR34542596|A/bald_eagle/AK/25-017393-001/2025|H5N1|USA-AK|Yukon-Koyukuk|2025-05-31|wild_avian|D1.1
950,85,0.0515454009163607,-71.1007631105545,43.0555012409394,-71.9128193255125,42.4918220898487,0.998690348166007,0.947144947249646,2025.36489295525,2025.41643835616,SRR34710258|A/Common_Eider/MA/25-019390-025-original/2025|H5N1|USA-MA|Unknown|2025-06-02|wild_avian|D1.1
786,787,0.178058450430398,-83.8172836455879,38.5759657882694,-90.3190796503356,43.1071593214854,0.998918197071308,0.82085974664091,2025.23860775464,2025.41666620507,NA
1348,1349,0.177882777770344,-86.5641029388043,33.1090922334006,-85.4662477376099,31.1985953023582,0.999721289624659,0.821838511854315,2025.23958651985,2025.41746929762,NA
1038,308,0.17309670476415,-75.0445891172088,40.0481337280151,-75.6257787624729,40.6142523256763,1.00143007419336,0.828333369429215,2025.24608137743,2025.41917808219,SRR34270259|A/black_vulture/PA/25-017748-001/2025|H5N1|USA-PA|Lehigh|2025-06-03|wild_avian|D1.1
1040,305,0.117056584655139,-77.2116127036097,39.93203843613,-75.5107006024271,40.4455165227253,1.00143007419336,0.884373489538225,2025.30212149754,2025.41917808219,SRR34270258|A/black_vulture/PA/25-017748-002/2025|H5N1|USA-PA|Lehigh|2025-06-03|wild_avian|D1.1
767,768,0.0397155499335206,-78.6477296943784,43.0560774557776,-79.0665038588138,43.7477260786603,1.00622069035995,0.966505140426433,2025.38425314842,2025.42396869836,NA
768,769,0.000220166106516206,-79.0665038588138,43.7477260786603,-79.1522812436987,43.8997849608399,1.00644085646647,1.00622069035995,2025.42396869836,2025.42418886446,NA
802,177,0.358789280559135,-86.7204458908163,42.6197706593343,-87.0868697459278,45.1008778318363,1.00690952624808,0.648120245688944,2025.06586825369,2025.42465753425,SRR34425901|A/caspian_tern/WI/25-018001-001/2025|H5N1|USA-WI|Door|2025-06-05|wild_avian|D1.1
1097,583,0.0964990365620536,-110.704803555145,34.5811328247372,-112.036450432098,34.3697665422927,1.00690952624808,0.910410489686026,2025.32815849768,2025.42465753425,SRR34270136|A/chicken/AZ/25-017630-002-original/2025|H5N1|USA-AZ|Unknown|2025-06-05|domestic_avian|D1.1
1138,1166,0.0192382345373614,-97.5356857696411,42.8259959739781,-98.0085662630131,42.8692337292889,1.00952567308522,0.990287438547854,2025.40803544655,2025.42727368108,NA
1166,1167,3.81867825427484e-05,-98.0085662630131,42.8692337292889,-98.4128393424047,42.9157093763868,1.00956385986776,1.00952567308522,2025.42727368108,2025.42731186787,NA
1346,532,0.528131986535625,-80.1553573125152,35.0672085183892,-78.896649704036,36.0727484215595,1.00964925227544,0.481517265739812,2024.89926527374,2025.42739726027,SRR34270261|A/turkey_vulture/NC/25-017667-001/2025|H5N1|USA-NC|Durham|2025-06-06|wild_avian|D1.1
1167,1168,0.00105672832818504,-98.4128393424047,42.9157093763868,-98.1000573428477,42.8489468330218,1.01062058819594,1.00956385986776,2025.42731186787,2025.42836859619,NA
948,949,0.111877326365111,-70.9529087847532,42.5897332914924,-68.7636056104954,43.5485088162398,1.01190174052992,0.900024414164811,2025.31777242216,2025.42964974853,NA
1138,1139,0.0228415798544395,-97.5356857696411,42.8259959739781,-97.8528723799791,42.6427639601629,1.01312901840229,0.990287438547854,2025.40803544655,2025.4308770264,NA
1212,1213,0.0364744216289818,-96.3791321715438,41.2222771261826,-105.280385138999,42.6215954876854,1.01459621963405,0.978121798005064,2025.395869806,2025.43234422763,NA
769,770,0.0115942530738995,-79.1522812436987,43.8997849608399,-76.901699221562,44.7877663454943,1.01803510954037,1.00644085646647,2025.42418886446,2025.43578311754,NA
873,15,0.151115369154891,-90.6583259676896,41.5227883364115,-87.9719266468332,41.8170993103957,1.02334788241245,0.87223251325756,2025.28998052126,2025.44109589041,SRR34425894|A/Peregrine_falcon/IL/25-018249-001/2025|H5N1|USA-IL|DuPage|2025-06-11|wild_avian|D1.1
1166,1171,0.0139876784187949,-98.0085662630131,42.8692337292889,-96.2955234893845,41.1586495487104,1.02351335150401,1.00952567308522,2025.42727368108,2025.4412613595,NA
1139,1140,0.0109833673231896,-97.8528723799791,42.6427639601629,-97.1039311674699,42.946602524778,1.02411238572548,1.01312901840229,2025.4308770264,2025.44186039372,NA
1292,1295,0.0812009694866624,-99.9136719411474,41.5966561131195,-113.747475690825,41.6614162629743,1.02573825654541,0.944537287058749,2025.36228529506,2025.44348626454,NA
1140,1154,0.0025705876828126,-97.1039311674699,42.946602524778,-97.3176465371849,42.90660563055,1.0266829734083,1.02411238572548,2025.44186039372,2025.44443098141,NA
1171,1172,0.00341140106080973,-96.2955234893845,41.1586495487104,-96.3662467598085,41.2592963029923,1.02692475256482,1.02351335150401,2025.4412613595,2025.44467276056,NA
1053,1054,0.137392487518005,-80.9473809377608,34.4456031597413,-81.4780189013431,34.6609639691076,1.0287189039174,0.891326416399391,2025.3090744244,2025.44646691192,NA
1244,1286,0.0418758217082849,-97.6844964521998,41.1274190464321,-98.5121859200434,41.0880237863437,1.02962429599497,0.987748474286681,2025.40549648229,2025.44737230399,NA
1154,1155,0.00404502083242786,-97.3176465371849,42.90660563055,-93.8679574544008,44.4427448756061,1.03072799424072,1.0266829734083,2025.44443098141,2025.44847600224,NA
1286,1287,0.00168477015420643,-98.5121859200434,41.0880237863437,-97.8374678784465,40.8193971225342,1.03130906614917,1.02962429599497,2025.44737230399,2025.44905707415,NA
1202,1203,0.170130182740911,-97.9653217389791,42.3300019658712,-97.9391350731686,42.3378083747602,1.03404464006219,0.863914457321281,2025.28166246532,2025.45179264806,NA
1155,1156,0.00457633667285218,-93.8679574544008,44.4427448756061,-93.3798321766166,43.9715930364475,1.03530433091358,1.03072799424072,2025.44847600224,2025.45305233891,NA
1171,1174,0.0118305276573276,-96.2955234893845,41.1586495487104,-91.0684217904441,42.251155213326,1.03534387916134,1.02351335150401,2025.4412613595,2025.45309188716,NA
1174,1175,0.00171393289589594,-91.0684217904441,42.251155213326,-92.6346204906535,42.5774688622786,1.03705781205723,1.03534387916134,2025.45309188716,2025.45480582006,NA
1292,1293,0.0938584881044608,-99.9136719411474,41.5966561131195,-82.8955585286927,40.6609922132892,1.03839577516321,0.944537287058749,2025.36228529506,2025.45614378316,NA
1244,1245,0.0523802893695595,-97.6844964521998,41.1274190464321,-107.423347557583,41.9250733513147,1.04012876365624,0.987748474286681,2025.40549648229,2025.45787677165,NA
1203,1208,0.00752116408554016,-97.9391350731686,42.3378083747602,-97.6847944577258,41.6464828434073,1.04156580414773,1.03404464006219,2025.45179264806,2025.45931381215,NA
1055,1056,0.140674008330175,-81.1251541828682,34.3882832002377,-79.8637194671414,34.5862164895522,1.04323412289512,0.902560114564945,2025.32030812256,2025.46098213089,NA
1213,1214,0.0327883918483003,-105.280385138999,42.6215954876854,-103.726955549187,41.3575313763926,1.04738461148235,1.01459621963405,2025.43234422763,2025.46513261948,NA
1203,1204,0.0150743117855159,-97.9391350731686,42.3378083747602,-112.740089091912,46.149135914416,1.04911895184771,1.03404464006219,2025.45179264806,2025.46686695985,NA
1175,1176,0.0147479413824845,-92.6346204906535,42.5774688622786,-92.4022507643534,42.0714496691475,1.05180575343972,1.03705781205723,2025.45480582006,2025.46955376144,NA
1174,1189,0.0177328640868617,-91.0684217904441,42.251155213326,-91.1895465221123,42.4037061964802,1.0530767432482,1.03534387916134,2025.45309188716,2025.47082475125,NA
769,771,0.0485333599168811,-79.1522812436987,43.8997849608399,-77.6416175651738,42.2020357261997,1.05497421638335,1.00644085646647,2025.42418886446,2025.47272222438,NA
768,203,0.0500039043812408,-79.0665038588138,43.7477260786603,-75.2691240118985,43.6475113426748,1.05622459474119,1.00622069035995,2025.42396869836,2025.47397260274,SRR34542593|A/Caspian_Tern/NY/25-019019-002-original/2025|H5N1|USA-NY|Unknown|2025-06-23|wild_avian|D1.1
1204,1205,0.00871822095695984,-112.740089091912,46.149135914416,-112.130403792236,46.4066658878496,1.05783717280467,1.04911895184771,2025.46686695985,2025.4755851808,NA
992,993,0.264877793938769,-96.7236096589567,39.6043468706096,-81.4074784269404,38.7087690393425,1.06002048261647,0.795142688677696,2025.21289069668,2025.47776849061,NA
870,11,0.255129731434476,-77.126097968999,42.1368926105419,-74.5502841303987,40.1939921073716,1.06170404679614,0.80657431536166,2025.22432232336,2025.47945205479,SRR34542590|A/Domestic_Cat/NJ/25-019482-001-original/2025|H5N1|USA-NJ|Unknown|2025-06-25|feline|D1.1
787,788,0.0633906536114511,-90.3190796503356,43.1071593214854,-83.9074461038686,41.2968905651772,1.06230885068276,0.998918197071308,2025.41666620507,2025.48005685868,NA
771,772,0.00775127626263994,-77.6416175651738,42.2020357261997,-77.16384316443,40.0057000185526,1.06272549264599,1.05497421638335,2025.47272222438,2025.48047350064,NA
1213,1241,0.0489941292009004,-105.280385138999,42.6215954876854,-107.391396264265,43.1016550575969,1.06359034883495,1.01459621963405,2025.43234422763,2025.48133835683,NA
1214,1215,0.016435643921529,-103.726955549187,41.3575313763926,-104.541055390657,41.0976791959591,1.06382025540388,1.04738461148235,2025.46513261948,2025.4815682634,NA
949,82,0.0525420322935717,-68.7636056104954,43.5485088162398,-71.1696330090626,44.5344453411138,1.06444377282349,1.01190174052992,2025.42964974853,2025.48219178082,SRR34980327|A/Herring_Gull/NH/25-021405-002-original/2025|H5N1|USA-NH|Unknown|2025-06-26|wild_avian|D1.1
1215,1216,0.00125100689478597,-104.541055390657,41.0976791959591,-104.574604623767,41.3933375107562,1.06507126229866,1.06382025540388,2025.4815682634,2025.4828192703,NA
1156,1157,0.0337011862553196,-93.3798321766166,43.9715930364475,-88.1873784119509,39.7665979018769,1.0690055171689,1.03530433091358,2025.45305233891,2025.48675352517,NA
1245,1253,0.0314936519254179,-107.423347557583,41.9250733513147,-107.175830095896,43.5119424673846,1.07162241558166,1.04012876365624,2025.45787677165,2025.48937042358,NA
949,81,0.0607612103756439,-68.7636056104954,43.5485088162398,-69.8763494109641,44.3369671696863,1.07266295090557,1.01190174052992,2025.42964974853,2025.4904109589,SRR34980362|A/Common_Eider/ME/25-021406-018-original/2025|H5N1|USA-ME|Unknown|2025-06-29|wild_avian|D1.1
1214,1230,0.0261057126778401,-103.726955549187,41.3575313763926,-103.605787489854,43.3463951749576,1.07349032416019,1.04738461148235,2025.46513261948,2025.49123833216,NA
1253,1267,0.0019084820723827,-107.175830095896,43.5119424673846,-107.246863255753,43.0768730933063,1.07353089765404,1.07162241558166,2025.48937042358,2025.49127890565,NA
1176,1177,0.0224231441678384,-92.4022507643534,42.0714496691475,-91.1022467731437,42.7475381320884,1.07422889760756,1.05180575343972,2025.46955376144,2025.49197690561,NA
1140,1141,0.0510357538652804,-97.1039311674699,42.946602524778,-96.8587281018518,42.8306628966457,1.07514813959076,1.02411238572548,2025.44186039372,2025.49289614759,NA
1293,1294,0.0377279365950092,-82.8955585286927,40.6609922132892,-81.701419533241,40.1479444433881,1.07612371175822,1.03839577516321,2025.45614378316,2025.49387171976,NA
1208,1209,0.0358268332459311,-97.6847944577258,41.6464828434073,-101.595189443784,42.0198390895645,1.07739263739366,1.04156580414773,2025.45931381215,2025.49514064539,NA
771,777,0.0224832401394455,-77.6416175651738,42.2020357261997,-75.5295115241875,42.737081966339,1.0774574565228,1.05497421638335,2025.47272222438,2025.49520546452,NA
1034,309,0.28466300210711,-77.0405187369936,40.1998819196709,-79.2641487618242,41.2810353932909,1.07814240296051,0.793479400853398,2025.21122740885,2025.49589041096,SRR34542496|A/Mallard_Duck/PA/25-019408-006-original/2025|H5N1|USA-PA|Unknown|2025-07-01|wild_avian|D1.1
1230,1231,0.00606244083760066,-103.605787489854,43.3463951749576,-104.534672491998,42.2608132220397,1.07955276499779,1.07349032416019,2025.49123833216,2025.497300773,NA
1041,1044,0.161994151283687,-77.4876615152947,39.7212782975778,-77.0760633986367,40.8738758635968,1.0796492579055,0.917655106621813,2025.33540311462,2025.4973972659,NA
770,192,0.0628470194474964,-76.901699221562,44.7877663454943,-76.0543296641561,44.1208917770515,1.08088212898787,1.01803510954037,2025.43578311754,2025.49863013699,SRR34784272|A/caspian_tern/NY/25-019811-002/2025|H5N1|USA-NY|Jefferson|2025-07-02|wild_avian|D1.1
770,191,0.0628470194474964,-76.901699221562,44.7877663454943,-76.0271517474062,44.119198520196,1.08088212898787,1.01803510954037,2025.43578311754,2025.49863013699,SRR34784273|A/caspian_tern/NY/25-019811-001/2025|H5N1|USA-NY|Jefferson|2025-07-02|wild_avian|D1.1
1231,1232,0.00382524782029625,-104.534672491998,42.2608132220397,-104.551041623767,42.8171384686885,1.08337801281808,1.07955276499779,2025.497300773,2025.50112602082,NA
951,83,0.102068851134046,-72.057972510734,43.9263128316927,-68.5332479052208,45.2365078477444,1.08362185501522,0.981553003881177,2025.39930101188,2025.50136986301,SRR34980293|A/Common_Eider/ME/25-021406-010-original/2025|H5N1|USA-ME|Unknown|2025-07-03|wild_avian|D1.1
1155,1161,0.0528951930925723,-93.8679574544008,44.4427448756061,-87.2609330442314,40.0723146873297,1.0836231873333,1.03072799424072,2025.44847600224,2025.50137119533,NA
1167,1169,0.0756899085924179,-98.4128393424047,42.9157093763868,-99.8636349351336,41.7489022488526,1.08525376846018,1.00956385986776,2025.42731186787,2025.50300177646,NA
951,84,0.104808577161403,-72.057972510734,43.9263128316927,-71.0137624638225,42.8029667396077,1.08636158104258,0.981553003881177,2025.39930101188,2025.50410958904,SRR35089324|A/Great_black-backed_gull/MA/25-021407-023-original/2025|H5N1|USA-MA|Unknown|2025-07-04|wild_avian|D1.1
1177,1178,0.0153333900520916,-91.1022467731437,42.7475381320884,-92.1493255350543,42.7910834493947,1.08956228765965,1.07422889760756,2025.49197690561,2025.50731029566,NA
1245,1246,0.0496524598651,-107.423347557583,41.9250733513147,-109.379380954176,42.928475709919,1.08978122352134,1.04012876365624,2025.45787677165,2025.50752923152,NA
1169,1170,0.00567491180505231,-99.8636349351336,41.7489022488526,-103.879988258193,41.5609520926898,1.09092868026523,1.08525376846018,2025.50300177646,2025.50867668826,NA
1178,1186,0.00420712622358876,-92.1493255350543,42.7910834493947,-90.6181293913932,42.84187950854,1.09376941388324,1.08956228765965,2025.50731029566,2025.51151742188,NA
1295,1296,0.0700589992585974,-113.747475690825,41.6614162629743,-118.634882487972,43.5754811606615,1.09579725580401,1.02573825654541,2025.44348626454,2025.5135452638,NA
1267,1271,0.0245510671611555,-107.246863255753,43.0768730933063,-107.540725768325,43.1151229081144,1.0980819648152,1.07353089765404,2025.49127890565,2025.51582997281,NA
1271,1272,0.00122713038682809,-107.540725768325,43.1151229081144,-107.532857128587,42.9745588085585,1.09930909520202,1.0980819648152,2025.51582997281,2025.5170571032,NA
947,86,0.22543396641744,-71.1835779561076,42.5228673444968,-71.4987647667583,42.7373036588257,1.10006021117959,0.874626244762155,2025.29237425276,2025.51780821918,SRR34980314|A/Common_Eider/NH/25-021405-003-original/2025|H5N1|USA-NH|Unknown|2025-07-09|wild_avian|D1.1
1294,423,0.0239364994213753,-81.701419533241,40.1479444433881,-81.678886584492,40.221736124462,1.10006021117959,1.07612371175822,2025.49387171976,2025.51780821918,SRR36209098|A/Blue-winged_Teal/OH/25G02925-001-original/2025|H5N1|USA-OH|Unknown|2025-07-09|wild_avian|D1.1
1272,1273,0.00229520268438166,-107.532857128587,42.9745588085585,-108.122663846423,43.3115270754328,1.10160429788641,1.09930909520202,2025.5170571032,2025.51935230588,NA
756,215,0.617439164363916,-87.0010337075032,41.7161894427365,-101.421311660252,47.8915742148736,1.10279993720695,0.485360772843036,2024.90310878084,2025.52054794521,SRR35151399|A/snow_goose/ND/25-020340-001/2025|H5N1|USA-ND|Ward|2025-07-10|wild_avian|D1.1
772,773,0.0419068087978445,-77.16384316443,40.0057000185526,-74.1130484163317,44.6850875517,1.10463230144384,1.06272549264599,2025.48047350064,2025.52238030944,NA
945,80,0.280587408201678,-71.5498658941122,44.1292597111645,-71.437032103332,44.3129047743019,1.10827938926189,0.827691981060217,2025.24543998906,2025.52602739726,SRR34980303|A/Common_Eider/NH/25-021405-004-original/2025|H5N1|USA-NH|Unknown|2025-07-12|wild_avian|D1.1
1253,1254,0.0386194605047816,-107.175830095896,43.5119424673846,-105.48104518804,42.0077595712856,1.11024187608644,1.07162241558166,2025.48937042358,2025.52798988408,NA
918,56,0.291884987458899,-69.9691552349467,42.8240501592519,-73.0930340998122,42.5743759701116,1.11101911528925,0.819134127830352,2025.23688213583,2025.52876712329,SRR35089323|A/Great_black-backed_gull/MA/25-021407-024-original/2025|H5N1|USA-MA|Unknown|2025-07-13|wild_avian|D1.1
1273,1275,0.0109781235324293,-108.122663846423,43.3115270754328,-107.429583816613,43.8867791672542,1.11258242141884,1.10160429788641,2025.51935230588,2025.53033042942,NA
931,63,0.20348201746818,-77.3089755856537,39.6266448372447,-68.5700935291025,46.5712413386634,1.11923829337132,0.915756275903144,2025.3335042839,2025.53698630137,SRR35151393|A/Common_Tern/ME/25-021406-008-original-repeat2/2025|H5N1|USA-ME|Unknown|2025-07-16|wild_avian|D1.1
1141,1142,0.0558060980836568,-96.8587281018518,42.8306628966457,-93.1036626599193,43.0367498890772,1.13095423767442,1.07514813959076,2025.49289614759,2025.54870224567,NA
1097,584,0.22526615984967,-110.704803555145,34.5811328247372,-109.459165119627,33.8118447141586,1.1356766495357,0.910410489686026,2025.32815849768,2025.55342465753,SRR35150577|A/cattle/AZ/25-021143-001-original-repeat2/2025|H5N1|USA-AZ|Unknown|2025-07-22|cattle|D1.1
1254,1255,0.0309573938496392,-105.48104518804,42.0077595712856,-100.543592903744,40.4154541996177,1.14119926993608,1.11024187608644,2025.52798988408,2025.55894727793,NA
1044,1045,0.0632410239033085,-77.0760633986367,40.8738758635968,-78.282238619878,41.4487683007956,1.14289028180881,1.0796492579055,2025.4973972659,2025.56063828981,NA
1230,1238,0.0701742553957843,-103.605787489854,43.3463951749576,-104.938683908387,43.3224362679771,1.14366457955597,1.07349032416019,2025.49123833216,2025.56141258755,NA
1056,1057,0.101115540154451,-79.8637194671414,34.5862164895522,-78.1050056049415,35.664943694601,1.14434966304957,1.04323412289512,2025.46098213089,2025.56209767105,NA
1255,1256,0.00316523013996095,-100.543592903744,40.4154541996177,-100.687681001497,40.4038300272969,1.14436450007604,1.14119926993608,2025.55894727793,2025.56211250807,NA
1255,1261,0.00355236464330244,-100.543592903744,40.4154541996177,-99.366978593075,42.1038968204677,1.14475163457938,1.14119926993608,2025.55894727793,2025.56249964258,NA
1041,1042,0.227282335455208,-77.4876615152947,39.7212782975778,-76.8041673173856,38.8936327829683,1.14493744207702,0.917655106621813,2025.33540311462,2025.56268545008,NA
1161,1162,0.066074402195351,-87.2609330442314,40.0723146873297,-93.7932260929076,43.7325035896392,1.14969758952865,1.0836231873333,2025.50137119533,2025.56744559753,NA
1178,1179,0.0608308902108057,-92.1493255350543,42.7910834493947,-95.2601993990303,42.7796599735592,1.15039317787045,1.08956228765965,2025.50731029566,2025.56814118587,NA
1267,1268,0.0771651406092739,-107.246863255753,43.0768730933063,-106.205283041229,43.4367041445801,1.15069603826331,1.07353089765404,2025.49127890565,2025.56844404626,NA
777,778,0.0733801103456599,-75.5295115241875,42.737081966339,-78.9024927018657,43.528930204935,1.15083756686846,1.0774574565228,2025.49520546452,2025.56858557487,NA
1216,1221,0.0869183215055569,-104.574604623767,41.3933375107562,-105.5851894974,42.0222294673516,1.15198958380422,1.06507126229866,2025.4828192703,2025.5697375918,NA
1179,1180,0.00306826343847355,-95.2601993990303,42.7796599735592,-94.8569862996016,42.6525012368893,1.15346144130893,1.15039317787045,2025.56814118587,2025.57120944931,NA
1238,1239,0.00982286684173084,-104.938683908387,43.3224362679771,-106.45882307421,42.8725595011809,1.1534874463977,1.14366457955597,2025.56141258755,2025.5712354544,NA
773,775,0.0490395558257775,-74.1130484163317,44.6850875517,-74.0459248695446,44.7183069563385,1.15367185726961,1.10463230144384,2025.52238030944,2025.57141986527,NA
1215,1226,0.0911829604750272,-104.541055390657,41.0976791959591,-106.829561411848,39.7224267914935,1.1550032158789,1.06382025540388,2025.4815682634,2025.57275122388,NA
1221,1222,0.00332012736745102,-105.5851894974,42.0222294673516,-104.555545532177,40.5575574428189,1.15530971117167,1.15198958380422,2025.5697375918,2025.57305771917,NA
1179,1183,0.00568073395409963,-95.2601993990303,42.7796599735592,-93.751054937729,42.0670583426515,1.15607391182455,1.15039317787045,2025.56814118587,2025.57382191982,NA
1180,1181,0.00265158938213528,-94.8569862996016,42.6525012368893,-95.7897556567983,42.6362418489837,1.15611303069106,1.15346144130893,2025.57120944931,2025.57386103869,NA
1226,1227,0.00242056951309011,-106.829561411848,39.7224267914935,-106.7457389259,39.6323004367475,1.15742378539199,1.1550032158789,2025.57275122388,2025.57517179339,NA
1275,1279,0.0451070627487076,-107.429583816613,43.8867791672542,-109.18733585503,46.6961226501351,1.15768948416754,1.11258242141884,2025.53033042942,2025.57543749217,NA
1254,1266,0.0480262052290159,-105.48104518804,42.0077595712856,-105.575233804161,43.0362658205797,1.15826808131546,1.11024187608644,2025.52798988408,2025.57601608931,NA
1183,1184,0.00253284565472844,-93.751054937729,42.0670583426515,-92.5124138587493,42.1300663262014,1.15860675747928,1.15607391182455,2025.57382191982,2025.57635476548,NA
1246,1247,0.0701202029076637,-109.379380954176,42.928475709919,-109.326092792633,43.1206132628313,1.159901426429,1.08978122352134,2025.50752923152,2025.57764943443,NA
1232,1235,0.0766667226576465,-104.551041623767,42.8171384686885,-94.9414982333731,37.6364976530547,1.16004473547573,1.08337801281808,2025.50112602082,2025.57779274347,NA
1272,1280,0.0616338680533277,-107.532857128587,42.9745588085585,-119.710368291272,47.8718297047718,1.16094296325535,1.09930909520202,2025.5170571032,2025.57869097125,NA
775,776,0.00744613065979571,-74.0459248695446,44.7183069563385,-73.8084285514502,43.7362360799405,1.16111798792941,1.15367185726961,2025.57141986527,2025.57886599593,NA
1142,1143,0.0306105272672195,-93.1036626599193,43.0367498890772,-87.1761274615838,42.8787026869699,1.16156476494164,1.13095423767442,2025.54870224567,2025.57931277294,NA
1143,1144,0.000362055189978117,-87.1761274615838,42.8787026869699,-87.1289985935413,42.8924246354072,1.16192682013162,1.16156476494164,2025.57931277294,2025.57967482813,NA
1256,1257,0.0175765635455318,-100.687681001497,40.4038300272969,-100.489778241847,40.4274251189972,1.16194106362157,1.14436450007604,2025.56211250807,2025.57968907162,NA
1268,1269,0.0133965439849928,-106.205283041229,43.4367041445801,-105.135330771665,42.8213344405364,1.16409258224831,1.15069603826331,2025.56844404626,2025.58184059025,NA
1157,1158,0.0952412494996397,-88.1873784119509,39.7665979018769,-98.4492614015211,46.518992593005,1.16424676666853,1.0690055171689,2025.48675352517,2025.58199477467,NA
1161,1165,0.0807264164473549,-87.2609330442314,40.0723146873297,-87.5325677935353,40.1590400956395,1.16434960378065,1.0836231873333,2025.50137119533,2025.58209761178,NA
1247,1248,0.00477684124844502,-109.326092792633,43.1206132628313,-109.69441745767,42.7820487729504,1.16467826767745,1.159901426429,2025.57764943443,2025.58242627568,NA
1205,1207,0.107582758368253,-112.130403792236,46.4066658878496,-114.687553558769,46.8315331005475,1.16541993117292,1.05783717280467,2025.4755851808,2025.58316793917,NA
1241,1242,0.103023179993649,-107.391396264265,43.1016550575969,-105.666840505233,42.0722714192105,1.1666135288286,1.06359034883495,2025.48133835683,2025.58436153683,NA
1143,1148,0.00569381118374834,-87.1761274615838,42.8787026869699,-84.0154944879082,41.7203516229373,1.16725857612539,1.16156476494164,2025.57931277294,2025.58500658412,NA
1186,1187,0.0752712445592929,-90.6181293913932,42.84187950854,-93.7778868884055,45.7217337689947,1.16904065844253,1.09376941388324,2025.51151742188,2025.58678866644,NA
1261,1262,0.0243064596691993,-99.366978593075,42.1038968204677,-95.8021888213288,39.3625055106581,1.16905809424858,1.14475163457938,2025.56249964258,2025.58680610225,NA
1227,1228,0.0128209550631828,-106.7457389259,39.6323004367475,-104.01447435417,40.5145989888594,1.17024474045518,1.15742378539199,2025.57517179339,2025.58799274845,NA
1261,1265,0.0266289109941056,-99.366978593075,42.1038968204677,-99.341662027444,42.158405882206,1.17138054557349,1.14475163457938,2025.56249964258,2025.58912855357,NA
777,779,0.0939593468972335,-75.5295115241875,42.737081966339,-70.2386490403287,42.5756700908658,1.17141680342003,1.0774574565228,2025.49520546452,2025.58916481142,NA
1042,1043,0.0265859267704074,-76.8041673173856,38.8936327829683,-77.4414849653979,39.4390666317864,1.17152336884743,1.14493744207702,2025.56268545008,2025.58927137685,NA
1287,1288,0.140802027473649,-97.8374678784465,40.8193971225342,-96.4988873217532,40.6157163335621,1.17211109362282,1.03130906614917,2025.44905707415,2025.58985910162,NA
1248,1249,0.00880552015604108,-109.69441745767,42.7820487729504,-109.665450212022,43.4210939108764,1.17348378783349,1.16467826767745,2025.58242627568,2025.59123179583,NA
1235,1236,0.0142629519950308,-94.9414982333731,37.6364976530547,-93.4985609079586,38.0780369015366,1.17430768747076,1.16004473547573,2025.57779274347,2025.59205569547,NA
1328,1329,0.86804004882852,-89.8993567193715,40.2616627031232,-94.8753848806502,42.6970352039946,1.17432643371783,0.306286384889309,2024.72403439289,2025.59207444172,NA
1148,1149,0.00753309514951539,-84.0154944879082,41.7203516229373,-83.7119817645253,42.2539583774703,1.1747916712749,1.16725857612539,2025.58500658412,2025.59253967927,NA
1232,1233,0.0915703689023593,-104.551041623767,42.8171384686885,-94.3874644815889,35.2959801064282,1.17494838172044,1.08337801281808,2025.50112602082,2025.59269638972,NA
1172,1173,0.148211622138566,-96.3662467598085,41.2592963029923,-94.2464261476842,40.4531613498642,1.17513637470339,1.02692475256482,2025.44467276056,2025.5928843827,NA
995,996,0.285279833147738,-80.3600896633929,38.5900190922009,-74.8647317801052,35.9034300453196,1.17537912759356,0.890099294445826,2025.30784730244,2025.59312713559,NA
1248,1250,0.0107447207766005,-109.69441745767,42.7820487729504,-111.177979049122,42.9356790220295,1.17542298845405,1.16467826767745,2025.58242627568,2025.59317099645,NA
1233,1234,0.00499857261687553,-94.3874644815889,35.2959801064282,-95.1209410953685,35.4323523763647,1.17994695433732,1.17494838172044,2025.59269638972,2025.59769496234,NA
1288,1289,0.00837905069349221,-96.4988873217532,40.6157163335621,-94.3238623232064,40.871288833817,1.18049014431631,1.17211109362282,2025.58985910162,2025.59823815231,NA
1257,1258,0.0191980800144214,-100.489778241847,40.4274251189972,-101.002205674777,41.3754337286589,1.18113914363599,1.16194106362157,2025.57968907162,2025.59888715163,NA
773,774,0.0768342792366017,-74.1130484163317,44.6850875517,-75.3834939549294,47.5171028950396,1.18146658068044,1.10463230144384,2025.52238030944,2025.59921458868,NA
1184,1185,0.0229162897572113,-92.5124138587493,42.1300663262014,-92.7348828151468,42.1745617698334,1.18152304723649,1.15860675747928,2025.57635476548,2025.59927105524,NA
1349,1350,0.18186426633493,-85.4662477376099,31.1985953023582,-85.7432608948919,31.4620292850802,1.18158555595959,0.999721289624659,2025.41746929762,2025.59933356396,NA
787,790,0.183335313894816,-90.3190796503356,43.1071593214854,-85.0900455998033,39.4132762990235,1.18225351096612,0.998918197071308,2025.41666620507,2025.60000151896,NA
1216,1217,0.117244794657783,-104.574604623767,41.3933375107562,-92.8355618794721,39.4049777410098,1.18231605695644,1.06507126229866,2025.4828192703,2025.60006406495,NA
1045,1046,0.0413820409589574,-78.282238619878,41.4487683007956,-75.635433342868,40.4253100992002,1.18427232276777,1.14289028180881,2025.56063828981,2025.60202033077,NA
1242,1243,0.0178736295906741,-105.666840505233,42.0722714192105,-105.232327394164,42.8863390396643,1.18448715841927,1.1666135288286,2025.58436153683,2025.60223516642,NA
1144,1145,0.0226191223977708,-87.1289985935413,42.8924246354072,-87.7377135728344,42.9383073490861,1.18454594252939,1.16192682013162,2025.57967482813,2025.60229395053,NA
1228,1229,0.0167321613752482,-104.01447435417,40.5145989888594,-105.112122938137,40.1416251153807,1.18697690183042,1.17024474045518,2025.58799274845,2025.60472490983,NA
1046,1047,0.00303306554097493,-75.635433342868,40.4253100992002,-75.5623368639303,40.4006437412579,1.18730538830874,1.18427232276777,2025.60202033077,2025.60505339631,NA
1158,1159,0.0245954359207319,-98.4492614015211,46.518992593005,-93.4026388891691,44.6157420422372,1.18884220258927,1.16424676666853,2025.58199477467,2025.60659021059,NA
1262,1263,0.0197931777967464,-95.8021888213288,39.3625055106581,-95.9841939070536,38.6117361176338,1.18885127204533,1.16905809424858,2025.58680610225,2025.60659928004,NA
1250,1251,0.013761929059618,-111.177979049122,42.9356790220295,-111.334107506226,42.5565325783895,1.18918491751367,1.17542298845405,2025.59317099645,2025.60693292551,NA
788,789,0.128208857240125,-83.9074461038686,41.2968905651772,-84.1826643151138,39.0446129381688,1.19051770792288,1.06230885068276,2025.48005685868,2025.60826571592,NA
1236,1237,0.0165757727136944,-93.4985609079586,38.0780369015366,-93.7567742894601,38.2367173461855,1.19088346018446,1.17430768747076,2025.59205569547,2025.60863146818,NA
1176,1188,0.139323079714378,-92.4022507643534,42.0714496691475,-105.388257571351,40.6318589052823,1.1911288331541,1.05180575343972,2025.46955376144,2025.60887684115,NA
1144,1146,0.0299674245982744,-87.1289985935413,42.8924246354072,-90.8649328327996,44.0921762875336,1.19189424472989,1.16192682013162,2025.57967482813,2025.60964225273,NA
1257,1260,0.03079753826064,-100.489778241847,40.4274251189972,-100.524605289008,40.390423206634,1.19273860188221,1.16194106362157,2025.57968907162,2025.61048660988,NA
1217,1218,0.0107621893282541,-92.8355618794721,39.4049777410098,-92.6033044082648,39.234656924918,1.1930782462847,1.18231605695644,2025.60006406495,2025.61082625428,NA
1162,1163,0.0450556514284941,-93.7932260929076,43.7325035896392,-92.0849522640846,41.6124591870662,1.19475324095714,1.14969758952865,2025.56744559753,2025.61250124896,NA
1159,1160,0.00634582400238259,-93.4026388891691,44.6157420422372,-96.1139760551238,45.7948966392938,1.19518802659165,1.18884220258927,2025.60659021059,2025.61293603459,NA
1296,1298,0.0994218813501979,-118.634882487972,43.5754811606615,-83.1453627083165,27.2569220787416,1.19521913715421,1.09579725580401,2025.5135452638,2025.61296714515,NA
1043,310,0.024427253291039,-77.4414849653979,39.4390666317864,-76.7135713963211,41.2400957361939,1.19595062213847,1.17152336884743,2025.58927137685,2025.61369863014,SRR35319489|A/Black_Vulture/PA/25-023113-001-original/2025|H5N1|USA-PA|Unknown|2025-08-13|wild_avian|D1.1
1047,1048,0.00898006257605077,-75.5623368639303,40.4006437412579,-75.2983100590381,40.5950033081847,1.19628545088479,1.18730538830874,2025.60505339631,2025.61403345888,NA
996,997,0.0214507769000372,-74.8647317801052,35.9034300453196,-74.8224391983614,35.8790720214517,1.1968299044936,1.17537912759356,2025.59312713559,2025.61457791249,NA
1217,1219,0.0146696800018606,-92.8355618794721,39.4049777410098,-93.4450239095417,39.494007020136,1.19698573695831,1.18231605695644,2025.60006406495,2025.61473374496,NA
1280,1281,0.037228180679153,-119.710368291272,47.8718297047718,-121.014282179687,47.9951484292023,1.19817114393451,1.16094296325535,2025.57869097125,2025.61591915193,NA
1289,1290,0.0180401451066201,-94.3238623232064,40.871288833817,-97.2766843491301,41.1519117869661,1.19853028942293,1.18049014431631,2025.59823815231,2025.61627829742,NA
844,6,0.852685844763173,-112.776065474534,40.7294753975795,-113.226992407554,42.3231799927061,1.19869034816583,0.346004503402652,2024.7637525114,2025.61643835616,SRR35949988|A/duck_mallard/ID/25-023507-024/2025|H5N1|USA-ID|Cassia|2025-08-14|wild_avian|D1.1
1057,294,0.0543406851162538,-78.1050056049415,35.664943694601,-78.1106715769842,35.6549926681773,1.19869034816583,1.14434966304957,2025.56209767105,2025.61643835616,SRR35949967|A/Black_Vulture/NC/25-023724-001-original/2025|H5N1|USA-NC|Unknown|2025-08-14|wild_avian|D1.1
1281,1282,0.00218302220889477,-121.014282179687,47.9951484292023,-123.085705846992,48.536419364753,1.2003541661434,1.19817114393451,2025.61591915193,2025.61810217414,NA
1149,1151,0.0261081437217199,-83.7119817645253,42.2539583774703,-83.4927429223678,42.2105631159841,1.20089981499662,1.1747916712749,2025.59253967927,2025.618647823,NA
1180,1182,0.0483805460729643,-94.8569862996016,42.6525012368893,-94.1398260861663,42.2658650047407,1.20184198738189,1.15346144130893,2025.57120944931,2025.61958999538,NA
790,791,0.0197699298309735,-85.0900455998033,39.4132762990235,-85.4619710074736,39.4682203881247,1.2020234407971,1.18225351096612,2025.60000151896,2025.6197714488,NA
1142,1153,0.0711867238810424,-93.1036626599193,43.0367498890772,-93.5966509346013,44.6119844237997,1.20214096155546,1.13095423767442,2025.54870224567,2025.61988896955,NA
1258,1259,0.021058224607881,-101.002205674777,41.3754337286589,-100.29122425559,40.7871505777304,1.20219736824387,1.18113914363599,2025.59888715163,2025.61994537624,NA
1239,1240,0.0490887062949967,-106.45882307421,42.8725595011809,-99.7757614975942,40.3374300492075,1.2025761526927,1.1534874463977,2025.5712354544,2025.62032416069,NA
1146,1147,0.0108928698215163,-90.8649328327996,44.0921762875336,-90.4275424495522,44.1622281446152,1.20278711455141,1.19189424472989,2025.60964225273,2025.62053512255,NA
1296,1297,0.111212631883085,-118.634882487972,43.5754811606615,-121.117195792508,41.927481247733,1.20700988768709,1.09579725580401,2025.5135452638,2025.62475789569,NA
1263,1264,0.018961260684849,-95.9841939070536,38.6117361176338,-97.3065419468529,39.2889188009913,1.20781253273018,1.18885127204533,2025.60659928004,2025.62556054073,NA
1251,1252,0.0203212601533924,-111.334107506226,42.5565325783895,-110.744841589028,42.5897742476007,1.20950617766706,1.18918491751367,2025.60693292551,2025.62725418567,NA
766,190,0.246851533575949,-78.7127704927914,43.3418220689331,-75.103585592663,44.3490497065214,1.20964925227548,0.962797718699533,2025.3805457267,2025.62739726027,SRR35950029|A/Bald_Eagle/NY/25-023581-001-original/2025|H5N1|USA-NY|Unknown|2025-08-18|wild_avian|D1.1
1219,1220,0.012710123083953,-93.4450239095417,39.494007020136,-94.3155788978469,39.8936698169768,1.20969586004226,1.19698573695831,2025.61473374496,2025.62744386804,NA
1046,313,0.0281166555350734,-75.635433342868,40.4253100992002,-75.1087039979368,39.795477393766,1.21238897830284,1.18427232276777,2025.60202033077,2025.6301369863,SRR35950028|A/Black_Vulture/NJ/25-023587-001-original/2025|H5N1|USA-NJ|Unknown|2025-08-19|wild_avian|D1.1
1047,314,0.0250835899940987,-75.5623368639303,40.4006437412579,-74.5454392460506,39.6109964455252,1.21238897830284,1.18730538830874,2025.60505339631,2025.6301369863,SRR35949975|A/Black_Vulture/NJ/25-023587-003-original/2025|H5N1|USA-NJ|Unknown|2025-08-19|wild_avian|D1.1
1275,1276,0.0998934172172372,-107.429583816613,43.8867791672542,-106.686371739368,44.0087736358318,1.21247583863607,1.11258242141884,2025.53033042942,2025.63022384663,NA
1222,1223,0.0583594400119738,-104.555545532177,40.5575574428189,-98.6833069073842,38.2484160727188,1.21366915118364,1.15530971117167,2025.57305771917,2025.63141715918,NA
776,194,0.0567504424283733,-73.8084285514502,43.7362360799405,-75.7120340472659,42.2765669715423,1.21786843035778,1.16111798792941,2025.57886599593,2025.63561643836,SRR35318191|A/chicken/NY/25-023583-002-original/2025|H5N1|USA-NY|Unknown|2025-08-21|domestic_avian|D1.1
1205,1206,0.160672732182855,-112.130403792236,46.4066658878496,-111.824542334419,49.8114947079704,1.21850990498752,1.05783717280467,2025.4755851808,2025.63625791299,NA
1151,1152,0.0184433191049396,-83.4927429223678,42.2105631159841,-83.8346280070943,42.8603666024814,1.21934313410156,1.20089981499662,2025.618647823,2025.6370911421,NA
1189,1190,0.167053410965069,-91.1895465221123,42.4037061964802,-91.8660298785056,45.0558223237039,1.22013015421327,1.0530767432482,2025.47082475125,2025.63787816221,NA
807,165,0.328336635506799,-92.175779139901,26.0015770348177,-89.460221567848,15.4582270305745,1.22882733446721,0.900490698960412,2025.31823870696,2025.64657534247,EPI_ISL_20180701|A/duck/Izabal/FLU-340/2025|H5N1|Guatemala-Izabal|Unknown|2025-08-25|domestic_avian|D1.1
1181,356,0.0754540298037334,-95.7897556567983,42.6362418489837,-97.4905493684394,44.8709777307633,1.2315670604948,1.15611303069106,2025.57386103869,2025.64931506849,SRR35318189|A/Turkey/SD/25-023747-001-original/2025|H5N1|USA-SD|Unknown|2025-08-26|domestic_avian|D1.1
1290,1291,0.0383589729609317,-97.2766843491301,41.1519117869661,-94.0784795357266,40.629567751678,1.23688926238386,1.19853028942293,2025.61627829742,2025.65463727038,NA
1350,535,0.0582006826172787,-85.7432608948919,31.4620292850802,-83.8433414897046,32.0104901194387,1.23978623857687,1.18158555595959,2025.59933356396,2025.65753424658,SRR35949432|A/chicken/GA/25-024057-002-original/2025|H5N1|USA-GA|Unknown|2025-08-29|domestic_avian|D1.1
1158,379,0.0782791979356903,-98.4492614015211,46.518992593005,-100.764359302171,48.0930329239106,1.24252596460423,1.16424676666853,2025.58199477467,2025.6602739726,SRR35949426|A/Domestic_Grower/Meat-type_Turkey/ND/25-024186-001-original/2025|H5N1|USA-ND|Unknown|2025-08-30|domestic_avian|D1.1
1165,373,0.0809160868509322,-87.5325677935353,40.1590400956395,-98.6710157576571,45.9202991384404,1.24526569063158,1.16434960378065,2025.58209761178,2025.66301369863,SRR35949424|A/Domestic_Grower/Meat-type_Turkey/SD/25-024189-001-original/2025|H5N1|USA-SD|Unknown|2025-08-31|domestic_avian|D1.1
1156,369,0.215440811772949,-93.3798321766166,43.9715930364475,-112.670839166811,41.514999992113,1.25074514268652,1.03530433091358,2025.45305233891,2025.66849315068,SRR36211907|A/Canada_Goose/UT/25-024323-001-original/2025|H5N1|USA-UT|Unknown|2025-09-02|wild_avian|D1.1
1239,441,0.0999974223161806,-106.45882307421,42.8725595011809,-111.380667227312,50.2372116327544,1.25348486871388,1.1534874463977,2025.5712354544,2025.67123287671,EPI_ISL_20208456|A/Turkey/AB/FAV-0270/2025|H5N1|Canada-AB|Unknown|2025-09-03|domestic_avian|D1.1
1209,419,0.178831957347577,-101.595189443784,42.0198390895645,-113.367643179714,43.6360334358234,1.25622459474124,1.07739263739366,2025.49514064539,2025.67397260274,SRR35705730|A/Mallard_Duck/ID/25-024960-007-original/2025|H5N1|USA-ID|Unknown|2025-09-04|wild_avian|D1.1
1139,367,0.245835302366304,-97.8528723799791,42.6427639601629,-98.7680452208075,43.6961863404131,1.2589643207686,1.01312901840229,2025.4308770264,2025.67671232877,SRR35705007|A/Turkey/SD/25-024863-004-original/2025|H5N1|USA-SD|Unknown|2025-09-05|domestic_avian|D1.1
1054,298,0.232985142878558,-81.4780189013431,34.6609639691076,-80.4530016869023,35.7303836453378,1.26170404679595,1.0287189039174,2025.44646691192,2025.67945205479,SRR35705677|A/Black_Vulture/NC/25-025013-001-original/2025|H5N1|USA-NC|Unknown|2025-09-06|wild_avian|D1.1
1160,371,0.0665160202043051,-96.1139760551238,45.7948966392938,-89.6615942496769,40.6306828543373,1.26170404679595,1.19518802659165,2025.61293603459,2025.67945205479,SRR35705728|A/blue-winged_Teal/IL/25-025061-004-original/2025|H5N1|USA-IL|Unknown|2025-09-06|wild_avian|D1.1
1153,382,0.062302811268077,-93.5966509346013,44.6119844237997,-100.157365272514,43.4167171557834,1.26444377282354,1.20214096155546,2025.61988896955,2025.68219178082,SRR35586405|A/Turkey/SD/25-024550-002-original/2025|H5N1|USA-SD|Unknown|2025-09-07|domestic_avian|D1.1
1276,1277,0.0542103568021024,-106.686371739368,44.0087736358318,-106.739140300911,47.8492383367571,1.26668619543817,1.21247583863607,2025.63022384663,2025.68443420344,NA
1223,1224,0.0531296110267705,-98.6833069073842,38.2484160727188,-97.295307345052,37.525853603208,1.26679876221041,1.21366915118364,2025.63141715918,2025.68454677021,NA
1044,318,0.187534240945397,-77.0760633986367,40.8738758635968,-76.2512998027662,41.9702849982294,1.2671834988509,1.0796492579055,2025.4973972659,2025.68493150685,SRR36212204|A/Black_Vulture/PA/25-025223-001-original/2025|H5N1|USA-PA|Unknown|2025-09-08|wild_avian|D1.1
1271,1285,0.170067933863833,-107.540725768325,43.1151229081144,-108.271429436188,44.3168594632636,1.26814989867903,1.0980819648152,2025.51582997281,2025.68589790668,NA
1188,350,0.0787943917241585,-105.388257571351,40.6318589052823,-102.844549101232,40.5063065567355,1.26992322487825,1.1911288331541,2025.60887684115,2025.68767123288,SRR36212521|A/Mallard_Duck/CO/25-025267-001-original/2025|H5N1|USA-CO|Unknown|2025-09-09|wild_avian|D1.1
1206,414,0.0514133198907316,-111.824542334419,49.8114947079704,-115.62822136192,52.0524165278383,1.26992322487825,1.21850990498752,2025.63625791299,2025.68767123288,EPI_ISL_20208457|A/Turkey/AB/FAV-0274/2025|H5N1|Canada-AB|Unknown|2025-09-09|domestic_avian|D1.1
929,61,0.538519475583441,-74.1405581026992,38.5624021907227,-76.6406274880437,39.2110387217781,1.27266295090561,0.73414347532217,2025.15189148332,2025.6904109589,SRR35705785|A/Vulture/MD/25-024862-001-original/2025|H5N1|USA-MD|Unknown|2025-09-10|wild_avian|D1.1
1154,368,0.245979977497316,-97.3176465371849,42.90660563055,-102.75825657733,46.0100833000478,1.27266295090561,1.0266829734083,2025.44443098141,2025.6904109589,SRR35705788|A/Swainson_s_Hawk/ND/25-024871-001-original/2025|H5N1|USA-ND|Unknown|2025-09-10|other|D1.1
1282,1283,0.0748558647020932,-123.085705846992,48.536419364753,-123.155572543355,50.7705833553599,1.27521003084549,1.2003541661434,2025.61810217414,2025.69295803884,NA
1231,442,0.195849911935182,-104.534672491998,42.2608132220397,-104.904869916042,41.8518525821854,1.27540267693297,1.07955276499779,2025.497300773,2025.69315068493,SRR36212532|A/Mallard_Duck/WY/25-025186-001-original/2025|H5N1|USA-WY|Unknown|2025-09-11|wild_avian|D1.1
1048,316,0.0791172260481774,-75.2983100590381,40.5950033081847,-74.9498433668893,40.8608180940164,1.27540267693297,1.19628545088479,2025.61403345888,2025.69315068493,SRR36212060|A/Black_Vulture/NJ/25-025220-002-original/2025|H5N1|USA-NJ|Unknown|2025-09-11|wild_avian|D1.1
1048,315,0.0791172260481774,-75.2983100590381,40.5950033081847,-74.370913347778,40.1848553458426,1.27540267693297,1.19628545088479,2025.61403345888,2025.69315068493,SRR36212431|A/Black_Vulture/NJ/25-025220-003-original/2025|H5N1|USA-NJ|Unknown|2025-09-11|wild_avian|D1.1
1146,385,0.0862481582306616,-90.8649328327996,44.0921762875336,-100.480668507508,47.81746528251,1.27814240296055,1.19189424472989,2025.60964225273,2025.69589041096,SRR36211905|A/Canada_Goose/ND/25-025249-001-original/2025|H5N1|USA-ND|Unknown|2025-09-12|wild_avian|D1.1
1169,352,0.195628360527735,-99.8636349351336,41.7489022488526,-98.9844048375418,38.5473788534823,1.28088212898791,1.08525376846018,2025.50300177646,2025.69863013699,SRR36211782|A/blue_winged_teal/KS/25-025843-038/2025|H5N1|USA-KS|Barton|2025-09-13|wild_avian|D1.1
1170,351,0.189953448722683,-103.879988258193,41.5609520926898,-98.5257295345249,38.4143202897167,1.28088212898791,1.09092868026523,2025.50867668826,2025.69863013699,SRR36211787|A/blue_winged_teal/KS/25-025843-026/2025|H5N1|USA-KS|Barton|2025-09-13|wild_avian|D1.1
1163,1164,0.0870497452221026,-92.0849522640846,41.6124591870662,-86.9407574283548,39.3672952634997,1.28180298617924,1.19475324095714,2025.61250124896,2025.69955099418,NA
1149,1150,0.109080010438853,-83.7119817645253,42.2539583774703,-83.8518089132513,43.1979086307696,1.28387168171376,1.1747916712749,2025.59253967927,2025.70161968971,NA
1181,357,0.130248550351563,-95.7897556567983,42.6362418489837,-93.3447922575525,44.7724115460797,1.28636158104263,1.15611303069106,2025.57386103869,2025.70410958904,SRR36212111|A/mallard_duck/MN/25-025867-005/2025|H5N1|USA-MN|Scott|2025-09-15|wild_avian|D1.1
774,196,0.104895000362189,-75.3834939549294,47.5171028950396,-74.6044020779237,46.8619005001799,1.28636158104263,1.18146658068044,2025.59921458868,2025.70410958904,EPI_ISL_20208424|A/Duck/QC/FAV-0272-2/2025|H5N1|Canada-QC|Unknown|2025-09-15|domestic_avian|D1.1
997,998,0.0899016695135098,-74.8224391983614,35.8790720214517,-81.0167111830572,38.5177549063924,1.28673157400711,1.1968299044936,2025.61457791249,2025.70447958201,NA
1183,355,0.13302739524543,-93.751054937729,42.0670583426515,-93.6430175238788,42.0484247348522,1.28910130706998,1.15607391182455,2025.57382191982,2025.70684931507,SRR36211924|A/Red-tailed_Hawk/IA/25-025278-001-original/2025|H5N1|USA-IA|Unknown|2025-09-16|wild_avian|D1.1
1242,461,0.122487778241388,-105.666840505233,42.0722714192105,-116.188731495985,40.3652042464793,1.28910130706998,1.1666135288286,2025.58436153683,2025.70684931507,SRR36211763|A/Gadwell/NV/25G01828-004-original/2025|H5N1|USA-NV|Unknown|2025-09-16|wild_avian|D1.1
774,197,0.107634726389546,-75.3834939549294,47.5171028950396,-71.1832139619645,43.2438486258636,1.28910130706998,1.18146658068044,2025.59921458868,2025.70684931507,SRR36212518|A/Mallard_Duck/NH/25-025612-017-original-repeat2/2025|H5N1|USA-NH|Unknown|2025-09-16|wild_avian|D1.1
1279,474,0.134151548929798,-109.18733585503,46.6961226501351,-110.897733867732,45.5015728688847,1.29184103309734,1.15768948416754,2025.57543749217,2025.7095890411,SRR36212466|A/Great_horned_Owl/MT/25-025599-001-original/2025|H5N1|USA-MT|Unknown|2025-09-17|wild_avian|D1.1
1186,362,0.200811345241689,-90.6181293913932,42.84187950854,-81.9779291486886,41.6662172572852,1.29458075912493,1.09376941388324,2025.51151742188,2025.71232876712,SRR36211892|A/Mallard_Duck/OH/25-025982-002-original/2025|H5N1|USA-OH|Unknown|2025-09-18|wild_avian|D1.1
1150,383,0.0107090774111698,-83.8518089132513,43.1979086307696,-84.192145959344,43.2869350715498,1.29458075912493,1.28387168171376,2025.70161968971,2025.71232876712,SRR36212068|A/wood_duck/MI/25-025965-014/2025|H5N1|USA-MI|Saginaw|2025-09-18|wild_avian|D1.1
1280,1284,0.13703386986417,-119.710368291272,47.8718297047718,-113.945957203836,47.140035415762,1.29797683311952,1.16094296325535,2025.57869097125,2025.71572484112,NA
1168,366,0.294919075038412,-98.1000573428477,42.8489468330218,-93.7292522352084,32.7454574746567,1.30553966323435,1.01062058819594,2025.42836859619,2025.72328767123,SRR36211605|A/American_blue-winged_Teal/LA/25G01386-003-original/2025|H5N1|USA-LA|Unknown|2025-09-22|wild_avian|D1.1
788,151,0.243230812551595,-83.9074461038686,41.2968905651772,-83.906512043648,41.2963879910457,1.30553966323435,1.06230885068276,2025.48005685868,2025.72328767123,SRR36211881|A/Black_Vulture/OH/25-026070-003-original/2025|H5N1|USA-OH|Unknown|2025-09-22|wild_avian|D1.1
1238,438,0.161875083678384,-104.938683908387,43.3224362679771,-118.824044011104,47.0681842286963,1.30553966323435,1.14366457955597,2025.56141258755,2025.72328767123,SRR36212227|A/Great_horned_Owl/WA/25G01455-001-original/2025|H5N1|USA-WA|Unknown|2025-09-22|wild_avian|D1.1
778,199,0.157441822393256,-78.9024927018657,43.528930204935,-77.7816451356471,43.1486475642731,1.30827938926171,1.15083756686846,2025.56858557487,2025.72602739726,SRR36211866|A/wood_duck/NY/25-026198-009/2025|H5N1|USA-NY|Monroe|2025-09-23|wild_avian|D1.1
1150,384,0.0244077075479567,-83.8518089132513,43.1979086307696,-83.7856489792152,43.2853978514019,1.30827938926171,1.28387168171376,2025.70161968971,2025.72602739726,SRR36211854|A/wood_duck/MI/25G01274-008/2025|H5N1|USA-MI|Saginaw|2025-09-23|wild_avian|D1.1
1175,341,0.273961303232064,-92.6346204906535,42.5774688622786,-80.9579684354496,27.7887986165421,1.3110191152893,1.03705781205723,2025.45480582006,2025.72876712329,SRR36212429|A/blue-winged_Teal/FL/25-026196-001-original/2025|H5N1|USA-FL|Unknown|2025-09-24|wild_avian|D1.1
1207,416,0.145599184116377,-114.687553558769,46.8315331005475,-120.422176195511,48.5551172763215,1.3110191152893,1.16541993117292,2025.58316793917,2025.72876712329,SRR36212382|A/wild_goose/WA/25G01700-001-original/2025|H5N1|USA-WA|Unknown|2025-09-24|wild_avian|D1.1
1234,432,0.131072160951979,-95.1209410953685,35.4323523763647,-75.7404614313343,44.110093973698,1.3110191152893,1.17994695433732,2025.59769496234,2025.72876712329,SRR36406419|A/american_green_winged_teal/NY/25G02842-011/2025|H5N1|USA-NY|Jefferson|2025-09-24|wild_avian|D1.1
1185,361,0.129496068052804,-92.7348828151468,42.1745617698334,-89.4848064232949,42.7658231038899,1.3110191152893,1.18152304723649,2025.59927105524,2025.72876712329,SRR36212149|A/Mallard_Duck/WI/25G02258-001-original/2025|H5N1|USA-WI|Unknown|2025-09-24|wild_avian|D1.1
789,153,0.120501407366413,-84.1826643151138,39.0446129381688,-85.7133801591905,39.2604938231748,1.3110191152893,1.19051770792288,2025.60826571592,2025.72876712329,SRR36212441|A/Black_Vulture/IN/25G01314-001-original/2025|H5N1|USA-IN|Unknown|2025-09-24|wild_avian|D1.1
1298,456,0.118539704162447,-83.1453627083165,27.2569220787416,-82.2396716565544,26.8401691292081,1.31375884131665,1.19521913715421,2025.61296714515,2025.73150684932,SRR36211970|A/Mottled_Duck/FL/25G01837-001-original/2025|H5N1|USA-FL|Unknown|2025-09-25|wild_avian|D1.1
1182,360,0.111916853934763,-94.1398260861663,42.2658650047407,-89.4252686546657,39.6269620512283,1.31375884131665,1.20184198738189,2025.61958999538,2025.73150684932,SRR36212424|A/Canada_Goose/IL/25-026184-001-original/2025|H5N1|USA-IL|Unknown|2025-09-25|wild_avian|D1.1
791,156,0.111735400519557,-85.4619710074736,39.4682203881247,-85.2086969439434,38.6221680678709,1.31375884131665,1.2020234407971,2025.6197714488,2025.73150684932,SRR36212433|A/Black_Vulture/KY/25G01831-001-original/2025|H5N1|USA-KY|Unknown|2025-09-25|wild_avian|D1.1
1042,312,0.171561125266991,-76.8041673173856,38.8936327829683,-76.8348687311908,38.8792004932248,1.31649856734401,1.14493744207702,2025.56268545008,2025.73424657534,SRR36203399|A/Black_Vulture/MD/25-026167-001-original/2025|H5N1|USA-MD|Unknown|2025-09-26|wild_avian|D1.1
996,647,0.141119439750448,-74.8647317801052,35.9034300453196,-80.459614053304,39.2420054845021,1.31649856734401,1.17537912759356,2025.59312713559,2025.73424657534,SRR36212436|A/Black_Vulture/WV/25G01830-001-original/2025|H5N1|USA-WV|Unknown|2025-09-26|wild_avian|D1.1
997,648,0.11966866285041,-74.8224391983614,35.8790720214517,-78.9736875259389,36.4681816044766,1.31649856734401,1.1968299044936,2025.61457791249,2025.73424657534,SRR36163010|A/chicken/NC/25-026098-002-original/2025|H5N1|USA-NC|Unknown|2025-09-26|domestic_avian|D1.1
998,649,0.0297669933369007,-81.0167111830572,38.5177549063924,-80.5803407041886,38.6833875862967,1.31649856734401,1.28673157400711,2025.70447958201,2025.73424657534,SRR36212435|A/Black_Vulture/WV/25G01830-002-original/2025|H5N1|USA-WV|Unknown|2025-09-26|wild_avian|D1.1
1249,462,0.145754505537879,-109.665450212022,43.4210939108764,-118.138752252179,43.9617692678122,1.31923829337137,1.17348378783349,2025.59123179583,2025.73698630137,SRR36211600|A/American_blue-winged_Teal/OR/25G01565-017-original/2025|H5N1|USA-OR|Unknown|2025-09-27|wild_avian|D1.1
1168,348,0.314097157230369,-98.1000573428477,42.8489468330218,-104.847577708604,42.4987637404284,1.32471774542631,1.01062058819594,2025.42836859619,2025.74246575342,SRR36211769|A/Canada_Goose/WY/25G01869-001-original/2025|H5N1|USA-WY|Unknown|2025-09-29|wild_avian|D1.1
1147,387,0.121930630874903,-90.4275424495522,44.1622281446152,-95.221024781589,46.1777629234591,1.32471774542631,1.20278711455141,2025.62053512255,2025.74246575342,SRR36212318|A/canada_goose/MN/25G01920-001/2025|H5N1|USA-MN|Otter_Tail|2025-09-29|wild_avian|D1.1
1206,413,0.106207840438789,-111.824542334419,49.8114947079704,-108.404217025001,48.9221602540886,1.32471774542631,1.21850990498752,2025.63625791299,2025.74246575342,SRR36163011|A/chicken/MT/25-026086-002-original/2025|H5N1|USA-MT|Unknown|2025-09-29|domestic_avian|D1.1
1162,375,0.177759881925022,-93.7932260929076,43.7325035896392,-101.039141886861,35.6791792341568,1.32745747145367,1.14969758952865,2025.56744559753,2025.74520547945,SRR36212386|A/wild_duck/TX/25G01488-001-original/2025|H5N1|USA-TX|Unknown|2025-09-30|wild_avian|D1.1
1227,446,0.170033686061676,-106.7457389259,39.6323004367475,-111.742060720689,32.9931871729796,1.32745747145367,1.15742378539199,2025.57517179339,2025.74520547945,SRR36212241|A/Canada_Goose/AZ/25G01642-001-original/2025|H5N1|USA-AZ|Unknown|2025-09-30|wild_avian|D1.1
1190,343,0.1073273172404,-91.8660298785056,45.0558223237039,-91.9311719548753,45.1937911598134,1.32745747145367,1.22013015421327,2025.63787816221,2025.74520547945,SRR36163013|A/chicken/WI/25-026290-001-original/2025|H5N1|USA-WI|Unknown|2025-09-30|domestic_avian|D1.1
1247,464,0.170295771052022,-109.326092792633,43.1206132628313,-111.185807487234,44.9368654330765,1.33019719748103,1.159901426429,2025.57764943443,2025.74794520548,SRR36212238|A/Canada_Goose/MT/25G01677-001-original/2025|H5N1|USA-MT|Unknown|2025-10-01|wild_avian|D1.1
1329,527,0.155870763763197,-94.8753848806502,42.6970352039946,-106.52688927914,51.5586056985986,1.33019719748103,1.17432643371783,2025.59207444172,2025.74794520548,EPI_ISL_20208421|A/Chicken/SK/FAV-0326-1/2025|H5N1|Canada-SK|Unknown|2025-10-01|domestic_avian|D1.1
791,155,0.128173756683929,-85.4619710074736,39.4682203881247,-85.2828801008565,39.3318631965934,1.33019719748103,1.2020234407971,2025.6197714488,2025.74794520548,SRR36209119|A/black_vulture/IN/25G01855-003/2025|H5N1|USA-IN|Franklin|2025-10-01|wild_avian|D1.1
1277,1278,0.0641726342293849,-106.739140300911,47.8492383367571,-109.413071418924,47.9103641207207,1.33085882966756,1.26668619543817,2025.68443420344,2025.74860683767,NA
1268,1270,0.184606058344723,-106.205283041229,43.4367041445801,-118.368613373165,46.7419591259138,1.33530209660804,1.15069603826331,2025.56844404626,2025.75305010461,NA
1137,395,0.378452526439851,-101.296966270812,44.3774221497556,-116.061081278731,51.905339824742,1.33567664953574,0.95722412309589,2025.37497213109,2025.75342465753,EPI_ISL_20206696|A/Chicken/AB/FAV-0340-001/2025__H5N1_|H5N1|Canada-AB|Unknown|2025-10-03|domestic_avian|D1.1
1056,296,0.292442526640621,-79.8637194671414,34.5862164895522,-79.6409380338253,36.2183422786616,1.33567664953574,1.04323412289512,2025.46098213089,2025.75342465753,SRR36162690|A/chicken/NC/25G01772-001-original/2025|H5N1|USA-NC|Unknown|2025-10-03|domestic_avian|D1.1
1177,354,0.261447751928185,-91.1022467731437,42.7475381320884,-83.5503583671303,42.3729195192483,1.33567664953574,1.07422889760756,2025.49197690561,2025.75342465753,SRR36212006|A/mallard_duck/MI/25G01983-007/2025|H5N1|USA-MI|Washtenaw|2025-10-03|wild_avian|D1.1
1164,376,0.0538736633564978,-86.9407574283548,39.3672952634997,-90.6231701606354,40.4768086450708,1.33567664953574,1.28180298617924,2025.69955099418,2025.75342465753,SRR36162674|A/Domestic_Duck/IL/25G03338-009-original/2025|H5N1|USA-IL|Unknown|2025-10-03|domestic_avian|D1.1
1164,377,0.0538736633564978,-86.9407574283548,39.3672952634997,-90.3649838161989,40.1683674624687,1.33567664953574,1.28180298617924,2025.69955099418,2025.75342465753,SRR36162678|A/chicken/IL/25G03338-005-original/2025|H5N1|USA-IL|Unknown|2025-10-03|domestic_avian|D1.1
1172,342,0.311491622998279,-96.3662467598085,41.2592963029923,-93.2482191164548,36.1346064711079,1.3384163755631,1.02692475256482,2025.44467276056,2025.75616438356,SRR36212242|A/Canada_Goose/AR/25G01638-001-original/2025|H5N1|USA-AR|Unknown|2025-10-04|wild_avian|D1.1
1249,463,0.164932587729608,-109.665450212022,43.4210939108764,-106.542881339437,40.6336950936461,1.3384163755631,1.17348378783349,2025.59123179583,2025.75616438356,SRR36211975|A/mallard_duck/CO/25G02242-003/2025|H5N1|USA-CO|Jackson|2025-10-04|wild_avian|D1.1
1266,503,0.182888020275227,-105.575233804161,43.0362658205797,-119.173951245673,43.6777608032593,1.34115610159068,1.15826808131546,2025.57601608931,2025.75890410959,SRR36162760|A/chicken/OR/25G01792-001-original/2025|H5N1|USA-OR|Unknown|2025-10-05|domestic_avian|D1.1
993,653,0.283875345001575,-81.4074784269404,38.7087690393425,-81.3693653427791,38.7055641816587,1.34389582761804,1.06002048261647,2025.47776849061,2025.76164383562,SRR36212366|A/Black_Vulture/WV/25G02062-001-original/2025|H5N1|USA-WV|Unknown|2025-10-06|wild_avian|D1.1
1159,372,0.155053625028774,-93.4026388891691,44.6157420422372,-93.3750928207303,44.9021899651226,1.34389582761804,1.18884220258927,2025.60659021059,2025.76164383562,SRR36212344|A/sandhill_crane/MN/25G02201-001/2025|H5N1|USA-MN|Hennepin|2025-10-06|wild_avian|D1.1
1204,418,0.297516601797691,-112.740089091912,46.149135914416,-115.766884186247,46.8146386241643,1.3466355536454,1.04911895184771,2025.46686695985,2025.76438356164,SRR36162812|A/Guinea_Fowl/ID/25G01895-002-original/2025|H5N1|USA-ID|Unknown|2025-10-07|domestic_avian|D1.1
1147,386,0.14384843909399,-90.4275424495522,44.1622281446152,-91.5126002270697,45.5390529002105,1.3466355536454,1.20278711455141,2025.62053512255,2025.76438356164,SRR36211964|A/Trumpeter_Swan/WI/25G01871-001-original/2025|H5N1|USA-WI|Unknown|2025-10-07|wild_avian|D1.1
1252,466,0.137129375978338,-110.744841589028,42.5897742476007,-112.230114723719,42.5631240824533,1.3466355536454,1.20950617766706,2025.62725418567,2025.76438356164,SRR36162806|A/Peafowl/ID/25G01896-003-original/2025|H5N1|USA-ID|Unknown|2025-10-07|wild_avian|D1.1
776,193,0.188257291743347,-73.8084285514502,43.7362360799405,-75.5780752043157,39.7461329781729,1.34937527967276,1.16111798792941,2025.57886599593,2025.76712328767,SRR36212136|A/Peregrine_Falcon/DE/25G02350-001-original/2025|H5N1|USA-DE|Unknown|2025-10-08|wild_avian|D1.1
1265,500,0.180734460126626,-99.341662027444,42.158405882206,-109.125294042518,50.179829829729,1.35211500570011,1.17138054557349,2025.58912855357,2025.7698630137,EPI_ISL_20249109|A/Whooping_crane/SK/FAV-0436-1/2025|H5N1|Canada-SK|Unknown|2025-10-09|wild_avian|D1.1
1190,344,0.131984851486844,-91.8660298785056,45.0558223237039,-84.9407585091252,43.7924899821788,1.35211500570011,1.22013015421327,2025.63787816221,2025.7698630137,SRR36211770|A/canada_goose/MI/25G01985-002/2025|H5N1|USA-MI|Isabella|2025-10-09|wild_avian|D1.1
1270,470,0.016812909092075,-118.368613373165,46.7419591259138,-119.237941503422,50.5607971923287,1.35211500570011,1.33530209660804,2025.75305010461,2025.7698630137,EPI_ISL_20258472|A/American_Wigeon/BC/AIVPHL-3746/2025|H5N1|Canada-BC|Unknown|2025-10-09|wild_avian|D1.1
1235,435,0.19480999625174,-94.9414982333731,37.6364976530547,-96.8689364827655,38.0419717743455,1.35485473172747,1.16004473547573,2025.57779274347,2025.77260273973,SRR36406423|A/canada_goose/KS/25G02613-001/2025|H5N1|USA-KS|Butler|2025-10-10|wild_avian|D1.1
1243,459,0.170367573308201,-105.232327394164,42.8863390396643,-105.166793678299,42.9889949633713,1.35485473172747,1.18448715841927,2025.60223516642,2025.77260273973,SRR36211962|A/Turkey_Vulture/WY/25G02109-001-original/2025|H5N1|USA-WY|Unknown|2025-10-10|wild_avian|D1.1
1223,1225,0.143322255608395,-98.6833069073842,38.2484160727188,-93.0154523852815,38.4507002686874,1.35699140679204,1.21366915118364,2025.63141715918,2025.77473941479,NA
1221,429,0.205604873950837,-105.5851894974,42.0222294673516,-118.939571185488,39.4846712523253,1.35759445775506,1.15198958380422,2025.5697375918,2025.77534246575,SRR36538389|A/american_blue_winged_teal/NV/25G04892-001/2025|H5N1|USA-NV|Churchill|2025-10-11|wild_avian|D1.1
1329,528,0.183268024037226,-94.8753848806502,42.6970352039946,-97.8470647839015,38.5889888796754,1.35759445775505,1.17432643371783,2025.59207444172,2025.77534246575,SRR36211847|A/american_blue_winged_teal/KS/25G02173-002/2025|H5N1|USA-KS|McPherson|2025-10-11|wild_avian|D1.1
1250,465,0.182171469301005,-111.177979049122,42.9356790220295,-119.348529778891,38.6661055718096,1.35759445775505,1.17542298845405,2025.59317099645,2025.77534246575,SRR36538296|A/american_green_winged_teal/NV/25G04893-003/2025|H5N1|USA-NV|Lyon|2025-10-11|wild_avian|D1.1
1145,389,0.173048515225667,-87.7377135728344,42.9383073490861,-78.4477712303762,42.9648723023362,1.35759445775505,1.18454594252939,2025.60229395053,2025.77534246575,SRR36212325|A/american_green_winged_teal/NY/25G02284-024/2025|H5N1|USA-NY|Genesee|2025-10-11|wild_avian|D1.1
1263,491,0.168743185709728,-95.9841939070536,38.6117361176338,-78.4048738103531,42.9125432171709,1.35759445775506,1.18885127204533,2025.60659928004,2025.77534246575,SRR36203306|A/mallard_duck/NY/25G02284-011/2025|H5N1|USA-NY|Genesee|2025-10-11|wild_avian|D1.1
1152,390,0.138251323653492,-83.8346280070943,42.8603666024814,-78.6703014580129,39.8245913987634,1.35759445775505,1.21934313410156,2025.6370911421,2025.77534246575,SRR36209116|A/Mallard_Duck/PA/25G02313-006-original-repeat2/2025|H5N1|USA-PA|Unknown|2025-10-11|wild_avian|D1.1
1057,295,0.215984520732841,-78.1050056049415,35.664943694601,-78.0642398277216,35.6202496089944,1.36033418378241,1.14434966304957,2025.56209767105,2025.77808219178,SRR36211960|A/Vulture/NC/25G02114-001-original/2025|H5N1|USA-NC|Unknown|2025-10-12|wild_avian|D1.1
1157,394,0.294068392640874,-88.1873784119509,39.7665979018769,-95.9538870445782,34.7687533257905,1.36307390980977,1.0690055171689,2025.48675352517,2025.78082191781,SRR36212343|A/Swan/OK/25G02155-001-original/2025|H5N1|USA-OK|Unknown|2025-10-13|wild_avian|D1.1
1170,353,0.274884955571899,-103.879988258193,41.5609520926898,-103.625273207794,40.9317652797799,1.36581363583713,1.09092868026523,2025.50867668826,2025.78356164384,SRR36212302|A/canada_goose/CO/25G02439-001/2025|H5N1|USA-CO|Weld|2025-10-14|wild_avian|D1.1
1160,370,0.176105061300192,-96.1139760551238,45.7948966392938,-97.7886759141212,46.2817526968999,1.37129308789184,1.19518802659165,2025.61293603459,2025.78904109589,SRR36212274|A/Pintail_Duck/ND/25G02720-001-original/2025|H5N1|USA-ND|Unknown|2025-10-16|wild_avian|D1.1
1234,433,0.194085859582108,-95.1209410953685,35.4323523763647,-94.5188772725154,35.599042020839,1.37403281391943,1.17994695433732,2025.59769496234,2025.79178082192,SRR36211957|A/Wild_Goose/OK/25G02530-001-original/2025|H5N1|USA-OK|Unknown|2025-10-17|wild_avian|D1.1
1182,359,0.172190826537535,-94.1398260861663,42.2658650047407,-94.1732547261849,42.269650749109,1.37403281391943,1.20184198738189,2025.61958999538,2025.79178082192,SRR36209083|A/Green-winged_Teal/IA/25G03115-001-original/2025|H5N1|USA-IA|Unknown|2025-10-17|wild_avian|D1.1
998,650,0.0873012399123154,-81.0167111830572,38.5177549063924,-80.4458236854497,39.1901615625932,1.37403281391943,1.28673157400711,2025.70447958201,2025.79178082192,SRR36211659|A/Black_Vulture/WV/25G03060-003-original/2025|H5N1|USA-WV|Unknown|2025-10-17|wild_avian|D1.1
1145,388,0.192226597417396,-87.7377135728344,42.9383073490861,-83.2088599171653,41.5377601348191,1.37677253994678,1.18454594252939,2025.60229395053,2025.79452054795,SRR36406418|A/northern_shoveler/OH/25G03080-047/2025|H5N1|USA-OH|Ottawa|2025-10-18|wild_avian|D1.1
1229,444,0.192535364143718,-105.112122938137,40.1416251153807,-103.488623286224,43.5270181358178,1.37951226597414,1.18697690183042,2025.60472490983,2025.79726027397,SRR36162647|A/Turkey/SD/25G02403-003-original/2025|H5N1|USA-SD|Unknown|2025-10-19|domestic_avian|D1.1
1284,480,0.0815354328546189,-113.945957203836,47.140035415762,-118.485931173519,45.620623326725,1.37951226597414,1.29797683311952,2025.71572484112,2025.79726027397,SRR36212130|A/Ring-necked_Duck/OR/25G02626-019-original/2025|H5N1|USA-OR|Unknown|2025-10-19|wild_avian|D1.1
795,207,0.782557949025307,-90.1901499997126,30.2431616701283,-88.9793638175465,33.7842219930134,1.3822519920015,0.599694042976192,2025.01744205097,2025.8,SRR36211724|A/Black_Vulture/MS/25G02635-003-original/2025|H5N1|USA-MS|Unknown|2025-10-20|wild_avian|D1.1
835,271,0.434812346737695,-92.5929650624054,35.2964850728621,-93.630253007225,34.8123294634178,1.38499171802886,0.950179371291161,2025.36792737929,2025.80273972603,SRR36211667|A/Black_Vulture/AR/25G03056-001-original/2025|H5N1|USA-AR|Unknown|2025-10-21|wild_avian|D1.1
772,198,0.322266225382865,-77.16384316443,40.0057000185526,-75.220333873281,39.6589857633206,1.38499171802886,1.06272549264599,2025.48047350064,2025.80273972603,SRR36538387|A/american_crow/NJ/25G04652-002/2025|H5N1|USA-NJ|Salem|2025-10-21|wild_avian|D1.1
1187,364,0.215951059586327,-93.7778868884055,45.7217337689947,-86.016003273381,39.6038943496785,1.38499171802886,1.16904065844253,2025.58678866644,2025.80273972603,SRR36211652|A/canada_goose/IN/25G02680-001/2025|H5N1|USA-IN|Johnson|2025-10-21|wild_avian|D1.1
1290,506,0.186461428605923,-97.2766843491301,41.1519117869661,-75.4011316779705,39.7216379314522,1.38499171802886,1.19853028942293,2025.61627829742,2025.80273972603,SRR36538388|A/american_crow/NJ/25G04652-001/2025|H5N1|USA-NJ|Salem|2025-10-21|wild_avian|D1.1
1295,453,0.361993187511029,-113.747475690825,41.6614162629743,-124.757832122685,58.2579737957881,1.38773144405644,1.02573825654541,2025.44348626454,2025.80547945205,EPI_ISL_20258482|A/Barred_Owl/BC/AIVPHL-3767/2025|H5N1|Canada-BC|Unknown|2025-10-22|wild_avian|D1.1
993,652,0.327710961439975,-81.4074784269404,38.7087690393425,-77.5311348233181,37.5060004811981,1.38773144405644,1.06002048261647,2025.47776849061,2025.80547945205,SRR36211670|A/Black_Vulture/VA/25G03055-006-original/2025|H5N1|USA-VA|Unknown|2025-10-22|wild_avian|D1.1
1269,483,0.223638861808134,-105.135330771665,42.8213344405364,-94.8421174286582,39.4306505050643,1.38773144405644,1.16409258224831,2025.58184059025,2025.80547945205,SRR36209114|A/Red-tailed_Hawk/MO/25G02853-005-original/2025|H5N1|USA-MO|Unknown|2025-10-22|wild_avian|D1.1
1163,378,0.1929782030993,-92.0849522640846,41.6124591870662,-91.5461665607853,39.5374713141039,1.38773144405644,1.19475324095714,2025.61250124896,2025.80547945205,SRR36212529|A/Canada_Goose/MO/25G02853-004-original/2025|H5N1|USA-MO|Unknown|2025-10-22|wild_avian|D1.1
1240,440,0.185155291363742,-99.7757614975942,40.3374300492075,-112.946405395115,40.3939876070769,1.38773144405644,1.2025761526927,2025.62032416069,2025.80547945205,SRR36203374|A/Canada_Goose/UT/25G03448-005-original/2025|H5N1|USA-UT|Unknown|2025-10-22|wild_avian|D1.1
1349,536,0.390749880459139,-85.4662477376099,31.1985953023582,-84.1747416942772,30.9032014920772,1.3904711700838,0.999721289624659,2025.41746929762,2025.80821917808,SRR36162703|A/chicken/GA/25G02650-001-original/2025|H5N1|USA-GA|Unknown|2025-10-23|domestic_avian|D1.1
1229,443,0.203494268253374,-105.112122938137,40.1416251153807,-105.446465762682,41.8823072340257,1.3904711700838,1.18697690183042,2025.60472490983,2025.80821917808,SRR36212527|A/Canada_Goose/WY/25G02891-001-original/2025|H5N1|USA-WY|Unknown|2025-10-23|wild_avian|D1.1
1151,391,0.189571355087175,-83.4927429223678,42.2105631159841,-82.9693024361896,41.4845767217303,1.3904711700838,1.20089981499662,2025.618647823,2025.80821917808,SRR36406301|A/american_wigeon/OH/25G04131-008/2025|H5N1|USA-OH|Ottawa|2025-10-23|wild_avian|D1.1
1210,445,0.492972399232153,-99.3155388353009,43.8580816943408,-85.8902767071362,31.6393242227283,1.40143007419323,0.908457674961075,2025.32620568296,2025.81917808219,SRR36203333|A/Canada_Goose/AL/25G03828-001-original/2025|H5N1|USA-AL|Unknown|2025-10-27|wild_avian|D1.1
1233,431,0.226481692472785,-94.3874644815889,35.2959801064282,-87.9878316533013,32.7145611648715,1.40143007419323,1.17494838172044,2025.59269638972,2025.81917808219,SRR36212524|A/Domestic_Goose/AL/25G03044-002-original/2025|H5N1|USA-AL|Unknown|2025-10-27|domestic_avian|D1.1
790,154,0.219176563227104,-85.0900455998033,39.4132762990235,-84.5986216823767,38.6024324843977,1.40143007419323,1.18225351096612,2025.60000151896,2025.81917808219,SRR36538272|A/black_vulture/KY/25G04374-002/2025|H5N1|USA-KY|Grant|2025-10-27|wild_avian|D1.1
789,152,0.210912366270343,-84.1826643151138,39.0446129381688,-84.7781858679276,38.6817830715799,1.40143007419323,1.19051770792288,2025.60826571592,2025.81917808219,SRR36538273|A/black_vulture/KY/25G04374-001/2025|H5N1|USA-KY|Grant|2025-10-27|wild_avian|D1.1
1054,297,0.375450896303416,-81.4780189013431,34.6609639691076,-79.6605456831963,33.8422971036467,1.40416980022081,1.0287189039174,2025.44646691192,2025.82191780822,SRR36209096|A/Black_Vulture/SC/25G03063-001-original/2025|H5N1|USA-SC|Unknown|2025-10-28|wild_avian|D1.1
1270,471,0.0688677036127749,-118.368613373165,46.7419591259138,-121.694605203481,48.9495782940726,1.40416980022081,1.33530209660804,2025.75305010461,2025.82191780822,SRR36406354|A/cackling_goose/WA/25G03972-002/2025|H5N1|USA-WA|Whatcom|2025-10-28|wild_avian|D1.1
1297,455,0.199899638561076,-121.117195792508,41.927481247733,-121.769546529933,38.7667941669727,1.40690952624817,1.20700988768709,2025.62475789569,2025.82465753425,SRR36406399|A/american_green_winged_teal/CA/25G03928-006/2025|H5N1|USA-CA|Yolo|2025-10-29|wild_avian|D1.1
1224,428,0.140110764037757,-97.295307345052,37.525853603208,-122.011784182554,38.8292852845107,1.40690952624817,1.26679876221041,2025.68454677021,2025.82465753425,SRR36406410|A/american_wigeon/CA/25G03928-001/2025|H5N1|USA-CA|Yolo|2025-10-29|wild_avian|D1.1
1189,345,0.356572509027328,-91.1895465221123,42.4037061964802,-80.2491220762156,41.9544136755733,1.40964925227553,1.0530767432482,2025.47082475125,2025.82739726027,SRR36209076|A/Black_Swan/PA/25G03182-002-original/2025|H5N1|USA-PA|Unknown|2025-10-30|wild_avian|D1.1
1251,468,0.22046433476186,-111.334107506226,42.5565325783895,-122.681268455259,48.8261664050323,1.40964925227553,1.18918491751367,2025.60693292551,2025.82739726027,SRR36406351|A/cackling_goose/WA/25G03973-001/2025|H5N1|USA-WA|Whatcom|2025-10-30|wild_avian|D1.1
1260,497,0.216910650393316,-100.524605289008,40.390423206634,-85.1347542469483,30.1250568089874,1.40964925227553,1.19273860188221,2025.61048660988,2025.82739726027,SRR36209051|A/Muscovy_Duck/FL/25G03354-001-original/2025|H5N1|USA-FL|Unknown|2025-10-30|wild_avian|D1.1
1187,363,0.243348319860355,-93.7778868884055,45.7217337689947,-93.2348759309039,45.3704753551704,1.41238897830289,1.16904065844253,2025.58678866644,2025.8301369863,SRR36406409|A/wood_duck/MN/25G04157-001/2025|H5N1|USA-MN|Anoka|2025-10-31|wild_avian|D1.1
1279,475,0.257439220162699,-109.18733585503,46.6961226501351,-121.94868179476,48.7415710310515,1.41512870433024,1.15768948416754,2025.57543749217,2025.83287671233,SRR36406349|A/red_tailed_hawk/WA/25G03976-001/2025|H5N1|USA-WA|Whatcom|2025-11-01|wild_avian|D1.1
1148,392,0.247870128204855,-84.0154944879082,41.7203516229373,-83.3965654472367,41.607429685891,1.41512870433024,1.16725857612539,2025.58500658412,2025.83287671233,SRR36406415|A/american_green_winged_teal/OH/25G04131-027/2025|H5N1|USA-OH|Ottawa|2025-11-01|wild_avian|D1.1
1173,346,0.245471781681799,-94.2464261476842,40.4531613498642,-84.3728740550843,35.8168224703449,1.42060815638518,1.17513637470339,2025.5928843827,2025.83835616438,SRR36162625|A/Red-breasted_Goose/TN/25G03365-002-original/2025|H5N1|USA-TN|Unknown|2025-11-03|wild_avian|D1.1
1282,476,0.220253990241785,-123.085705846992,48.536419364753,-119.653539162571,49.5628424982779,1.42060815638518,1.2003541661434,2025.61810217414,2025.83835616438,EPI_ISL_20258508|A/Canada_Goose/BC/AIVPHL-3850/2025|H5N1|Canada-BC|Unknown|2025-11-03|wild_avian|D1.1
1237,434,0.232464422228086,-93.7567742894601,38.2367173461855,-105.59553153471,35.529562644273,1.42334788241254,1.19088346018446,2025.60863146818,2025.84109589041,SRR36203396|A/wild_goose/NM/25G03506-001-original/2025|H5N1|USA-NM|Unknown|2025-11-04|wild_avian|D1.1
1220,451,0.213652022370284,-94.3155788978469,39.8936698169768,-98.3334619643843,47.482040545665,1.42334788241254,1.20969586004226,2025.62744386804,2025.84109589041,SRR36202277|A/Domestic_Cat/ND/25G03436-001-original/2025|H5N1|USA-ND|Unknown|2025-11-04|feline|D1.1
1285,489,0.155197983733512,-108.271429436188,44.3168594632636,-112.987713073108,40.7291167486242,1.42334788241254,1.26814989867903,2025.68589790668,2025.84109589041,SRR36203296|A/Swan/UT/25G03453-001-original/2025|H5N1|USA-UT|Unknown|2025-11-04|wild_avian|D1.1
778,200,0.2779897675988,-78.9024927018657,43.528930204935,-75.6792305650096,44.3478808790578,1.42882733446726,1.15083756686846,2025.56858557487,2025.84657534247,SRR36406342|A/Striped_skunk/NY/25G03988-001/2025|H5N1|USA-NY|St_Lawrence|2025-11-06|other_mammal|D1.1
779,201,0.257410531047227,-70.2386490403287,42.5756700908658,-71.5078827425016,43.1118771638022,1.42882733446726,1.17141680342003,2025.58916481142,2025.84657534247,SRR36202283|A/chicken/NH/25G03769-001-original/2025|H5N1|USA-NH|Unknown|2025-11-06|domestic_avian|D1.1
1289,505,0.248337190150944,-94.3238623232064,40.871288833817,-75.5304641298823,38.6371952410204,1.42882733446726,1.18049014431631,2025.59823815231,2025.84657534247,SRR36202234|A/chicken/DE/25G03562-002-original/2025|H5N1|USA-DE|Unknown|2025-11-06|domestic_avian|D1.1
1291,507,0.194677798110749,-94.0784795357266,40.629567751678,-77.7845653344086,34.283497831598,1.43156706049461,1.23688926238386,2025.65463727038,2025.84931506849,SRR36538326|A/canada_goose/NC/25G04376-001/2025|H5N1|USA-NC|New_Hanover|2025-11-07|wild_avian|D1.1
1293,421,0.395911011358989,-82.8955585286927,40.6609922132892,-87.3198915370096,41.153737341772,1.4343067865222,1.03839577516321,2025.45614378316,2025.85205479452,SRR36203391|A/wood_duck/IN/25G03805-006/2025|H5N1|USA-IN|Newton|2025-11-08|wild_avian|D1.1
1165,374,0.269957182741548,-87.5325677935353,40.1590400956395,-85.9166099737521,39.9908600202596,1.4343067865222,1.16434960378065,2025.58209761178,2025.85205479452,SRR36538290|A/bald_eagle/IN/25G04807-001/2025|H5N1|USA-IN|Hamilton|2025-11-08|wild_avian|D1.1
1228,447,0.264062046067023,-104.01447435417,40.5145989888594,-94.6676528900304,35.4785376520545,1.4343067865222,1.17024474045518,2025.58799274845,2025.85205479452,SRR36538295|A/american_green_winged_teal/OK/25G04973-021/2025|H5N1|USA-OK|Sequoyah|2025-11-08|wild_avian|D1.1
1224,427,0.167508024311785,-97.295307345052,37.525853603208,-95.3377108453593,37.4181584691391,1.4343067865222,1.26679876221041,2025.68454677021,2025.85205479452,SRR36406324|A/gadwall/KS/25G04225-001/2025|H5N1|USA-KS|Neosho|2025-11-08|wild_avian|D1.1
1225,425,0.0773153797301609,-93.0154523852815,38.4507002686874,-95.4203268663351,37.4268490560953,1.4343067865222,1.35699140679204,2025.77473941479,2025.85205479452,SRR36538311|A/gadwall/KS/25G04225-031/2025|H5N1|USA-KS|Neosho|2025-11-08|wild_avian|D1.1
1273,1274,0.333066389189623,-108.122663846423,43.3115270754328,-112.641375622661,42.250984872852,1.43467068707603,1.10160429788641,2025.51935230588,2025.85241869507,NA
1045,317,0.296895956768105,-78.282238619878,41.4487683007956,-73.406297592392,41.6590618864774,1.43978623857691,1.14289028180881,2025.56063828981,2025.85753424658,SRR36203383|A/Black_Vulture/CT/25G03770-001-original/2025|H5N1|USA-CT|Unknown|2025-11-10|wild_avian|D1.1
1269,482,0.275693656328606,-105.135330771665,42.8213344405364,-97.5330788036302,45.5592432419233,1.43978623857691,1.16409258224831,2025.58184059025,2025.85753424658,SRR36538310|A/gadwall/SD/25G04284-006/2025|H5N1|USA-SD|Day|2025-11-10|wild_avian|D1.1
1262,492,0.270728144328333,-95.8021888213288,39.3625055106581,-82.1144635143815,38.6134323769152,1.43978623857691,1.16905809424858,2025.58680610225,2025.85753424658,SRR36538325|A/canada_goose/WV/25G04377-001/2025|H5N1|USA-WV|Mason|2025-11-10|wild_avian|D1.1
1185,365,0.258263191340421,-92.7348828151468,42.1745617698334,-95.1376469707649,45.2003476381195,1.43978623857691,1.18152304723649,2025.59927105524,2025.85753424658,SRR36406411|A/great_horned_owl/MN/25G04156-001/2025|H5N1|USA-MN|Kandiyohi|2025-11-10|wild_avian|D1.1
1274,473,0.00511555150088427,-112.641375622661,42.250984872852,-111.977921613232,42.327766679872,1.43978623857691,1.43467068707603,2025.85241869507,2025.85753424658,SRR36406343|A/trumpeter_swan/ID/25G03984-001/2025|H5N1|USA-ID|Bannock|2025-11-10|wild_avian|D1.1
807,166,0.544774991671216,-92.175779139901,26.0015770348177,-92.1338740083683,14.9343054149309,1.44526569063163,0.900490698960412,2025.31823870696,2025.86301369863,EPI_ISL_20254739|A/chicken/San_Marcos/FLU-383/2025|H5N1|Guatemala-San_Marcos|Unknown|2025-11-12|domestic_avian|D1.1
1208,417,0.403699886483897,-97.6847944577258,41.6464828434073,-92.9414506100284,30.9528670132608,1.44526569063163,1.04156580414773,2025.45931381215,2025.86301369863,SRR36538417|A/ross_s_goose/LA/25G04375-002/2025|H5N1|USA-LA|Vernon|2025-11-12|wild_avian|D1.1
1043,311,0.2737423217842,-77.4414849653979,39.4390666317864,-77.3681611944373,39.9082996165352,1.44526569063163,1.17152336884743,2025.58927137685,2025.86301369863,SRR36406338|A/black_vulture/PA/25G03999-001/2025|H5N1|USA-PA|Adams|2025-11-12|wild_avian|D1.1
1259,496,0.243068322387754,-100.29122425559,40.7871505777304,-102.502370156044,40.7962120640181,1.44526569063163,1.20219736824387,2025.61994537624,2025.86301369863,SRR36406276|A/snow_goose/CO/25G04393-001/2025|H5N1|USA-CO|Sedgwick|2025-11-12|wild_avian|D1.1
1283,479,0.170055659786135,-123.155572543355,50.7705833553599,-126.289840613906,53.3027232698905,1.44526569063163,1.27521003084549,2025.69295803884,2025.86301369863,EPI_ISL_20258525|A/American_Crow/BC/AIVPHL-3863/2025|H5N1|Canada-BC|Unknown|2025-11-12|wild_avian|D1.1
1278,486,0.114406860964068,-109.413071418924,47.9103641207207,-101.898073070745,35.1763759904638,1.44526569063163,1.33085882966756,2025.74860683767,2025.86301369863,SRR36538334|A/wild_goose/TX/25G04762-002/2025|H5N1|USA-TX|Randall|2025-11-12|wild_avian|D1.1
1274,472,0.0105950035555991,-112.641375622661,42.250984872852,-116.152940601323,43.6509467378158,1.44526569063163,1.43467068707603,2025.85241869507,2025.86301369863,SRR36406329|A/trumpeter_swan/ID/25G04021-001/2025|H5N1|USA-ID|Ada|2025-11-12|wild_avian|D1.1
1286,510,0.41838112066402,-98.5121859200434,41.0880237863437,-120.999285148763,42.0894442543038,1.44800541665899,1.02962429599497,2025.44737230399,2025.86575342466,SRR36406291|A/red_tailed_hawk/OR/25G04260-001/2025|H5N1|USA-OR|Klamath|2025-11-13|wild_avian|D1.1
1350,534,0.266419860699396,-85.7432608948919,31.4620292850802,-83.7441797151269,32.4447449153553,1.44800541665899,1.18158555595959,2025.59933356396,2025.86575342466,SRR36538281|A/black_vulture/GA/25G04368-001/2025|H5N1|USA-GA|Houston|2025-11-13|wild_avian|D1.1
1243,460,0.263518258239716,-105.232327394164,42.8863390396643,-103.418829503038,42.1217333813883,1.44800541665899,1.18448715841927,2025.60223516642,2025.86575342466,SRR36406289|A/canada_goose/NE/25G04294-001/2025|H5N1|USA-NE|Box_Butte|2025-11-13|wild_avian|D1.1
1153,381,0.245864455103523,-93.5966509346013,44.6119844237997,-88.1867114000719,44.8611442790684,1.44800541665899,1.20214096155546,2025.61988896955,2025.86575342466,SRR36582225|A/mallard_duck/WI/25G04982-005/2025|H5N1|USA-WI|Oconto|2025-11-13|wild_avian|D1.1
1285,488,0.179855517979956,-108.271429436188,44.3168594632636,-121.648064864789,42.0100143611486,1.44800541665899,1.26814989867903,2025.68589790668,2025.86575342466,SRR36406292|A/red_tailed_hawk/OR/25G04259-001/2025|H5N1|USA-OR|Klamath|2025-11-13|wild_avian|D1.1
1218,452,0.257666896401872,-92.6033044082648,39.234656924918,-93.3860350495041,44.4516798004747,1.45074514268657,1.1930782462847,2025.61082625428,2025.86849315069,SRR36406424|A/trumpeter_swan/MN/25G04483-001/2025|H5N1|USA-MN|Rice|2025-11-14|wild_avian|D1.1
1222,424,0.298175157542258,-104.555545532177,40.5575574428189,-110.623621362939,43.2288525943758,1.45348486871393,1.15530971117167,2025.57305771917,2025.87123287671,SRR36406281|A/trumpeter_swan/WY/25G04344-003/2025|H5N1|USA-WY|Lincoln|2025-11-15|wild_avian|D1.1
1252,467,0.243978691046868,-110.744841589028,42.5897742476007,-110.743753415023,42.5932931734935,1.45348486871393,1.20950617766706,2025.62725418567,2025.87123287671,SRR36406282|A/trumpeter_swan/WY/25G04344-002/2025|H5N1|USA-WY|Lincoln|2025-11-15|wild_avian|D1.1
1294,422,0.380100882983066,-81.701419533241,40.1479444433881,-83.3315857827708,41.6165103325614,1.45622459474129,1.07612371175822,2025.49387171976,2025.87397260274,SRR36538390|A/american_black_duck/OH/25G04930-025/2025|H5N1|USA-OH|Ottawa|2025-11-16|wild_avian|D1.1
1236,437,0.281916907270524,-93.4985609079586,38.0780369015366,-88.8588622946152,38.3064973442084,1.45622459474129,1.17430768747076,2025.59205569547,2025.87397260274,SRR36406371|A/canvasback_duck/IL/25G04631-002/2025|H5N1|USA-IL|Jefferson|2025-11-16|wild_avian|D1.1
1298,457,0.263745183614436,-83.1453627083165,27.2569220787416,-81.9224001087503,26.5737449518453,1.45896432076864,1.19521913715421,2025.61296714515,2025.87671232877,SRR36406277|A/Fish_crow/FL/25G04379-001/2025|H5N1|USA-FL|Lee|2025-11-17|wild_avian|D1.1
1219,449,0.261978583810337,-93.4450239095417,39.494007020136,-89.5693262437922,38.6300330258308,1.45896432076864,1.19698573695831,2025.61473374496,2025.87671232877,SRR36406429|A/mallard_duck/IL/25G04430-008/2025|H5N1|USA-IL|Clinton|2025-11-17|wild_avian|D1.1
1173,347,0.286567672092615,-94.2464261476842,40.4531613498642,-101.860357480759,35.4403914194209,1.461704046796,1.17513637470339,2025.5928843827,2025.87945205479,SRR36538338|A/wild_goose/TX/25G04760-001/2025|H5N1|USA-TX|Potter|2025-11-18|wild_avian|D1.1
1188,349,0.270575213641904,-105.388257571351,40.6318589052823,-105.927690354772,40.7171331708251,1.461704046796,1.1911288331541,2025.60887684115,2025.87945205479,SRR36538318|A/canada_goose/CO/25G04853-001/2025|H5N1|USA-CO|Larimer|2025-11-18|wild_avian|D1.1
1283,478,0.186494015950507,-123.155572543355,50.7705833553599,-121.482016853043,47.8747191896277,1.461704046796,1.27521003084549,2025.69295803884,2025.87945205479,SRR36538351|A/trumpeter_swan/WA/25G04846-002/2025|H5N1|USA-WA|Snohomish|2025-11-18|wild_avian|D1.1
874,22,0.955180042364568,-83.0423010839348,39.8796455396705,-80.1755923661988,32.8644548494898,1.46718349885094,0.512003456486374,2024.92975146448,2025.88493150685,SRR36582238|A/Black_vulture/SC/25G05160-001/2025|H5N1|USA-SC|Charleston|2025-11-20|wild_avian|D1.1
835,272,0.517004127559781,-92.5929650624054,35.2964850728621,-94.2644320325426,36.0483510168791,1.46718349885094,0.950179371291161,2025.36792737929,2025.88493150685,SRR36538271|A/black_vulture/AR/25G04946-001/2025|H5N1|USA-AR|Washington|2025-11-20|wild_avian|D1.1
1226,430,0.31218028297204,-106.829561411848,39.7224267914935,-122.116147570324,37.9022561481225,1.46718349885094,1.1550032158789,2025.57275122388,2025.88493150685,SRR36538343|A/western_gull/CA/25G04840-001/2025|H5N1|USA-CA|Contra_Costa|2025-11-20|wild_avian|D1.1
1207,415,0.301763567678022,-114.687553558769,46.8315331005475,-97.2205292135582,35.1220566089286,1.46718349885094,1.16541993117292,2025.58316793917,2025.88493150685,SRR36538357|A/snow_goose/OK/25G05185-001/2025|H5N1|USA-OK|Cleveland|2025-11-20|wild_avian|D1.1
1297,454,0.260173611163848,-121.117195792508,41.927481247733,-121.124004985254,38.6769820129763,1.46718349885094,1.20700988768709,2025.62475789569,2025.88493150685,SRR36538375|A/red_tailed_hawk/CA/25G04838-002/2025|H5N1|USA-CA|Sacramento|2025-11-20|wild_avian|D1.1
1278,485,0.136324669183382,-109.413071418924,47.9103641207207,-98.7629610041531,45.7100869745606,1.46718349885094,1.33085882966756,2025.74860683767,2025.88493150685,SRR36538363|A/ross_s_goose/SD/25G04635-003/2025|H5N1|USA-SD|McPherson|2025-11-20|wild_avian|D1.1
1265,499,0.298542679304813,-99.341662027444,42.158405882206,-92.1538553952504,46.0231142828629,1.4699232248783,1.17138054557349,2025.58912855357,2025.88767123288,SRR36582215|A/ring_necked_duck/WI/25G05226-008/2025|H5N1|USA-WI|Burnet|2025-11-21|wild_avian|D1.1
1209,420,0.395270313511994,-101.595189443784,42.0198390895645,-76.8054304550143,37.1162522456237,1.47266295090566,1.07739263739366,2025.49514064539,2025.8904109589,SRR36582245|A/american_green_winged_teal/VA/25G05021-005/2025|H5N1|USA-VA|Surry|2025-11-22|wild_avian|D1.1
1218,448,0.279584704620958,-92.6033044082648,39.234656924918,-81.5734244333352,31.4344684012293,1.47266295090566,1.1930782462847,2025.61082625428,2025.8904109589,SRR36582243|A/american_green_winged_teal/GA/25G05285-010/2025|H5N1|USA-GA|McIntosh|2025-11-22|wild_avian|D1.1
1264,494,0.264850418175481,-97.3065419468529,39.2889188009913,-81.4227370787257,28.9633781121814,1.47266295090566,1.20781253273018,2025.62556054073,2025.8904109589,SRR36538366|A/ring_necked_duck/FL/25G04963-061/2025|H5N1|USA-FL|Lake|2025-11-22|wild_avian|D1.1
1276,484,0.260187112269584,-106.686371739368,44.0087736358318,-76.6432871308946,36.7373177032289,1.47266295090566,1.21247583863607,2025.63022384663,2025.8904109589,SRR36538305|A/greater_scaup/VA/25G04885-001/2025|H5N1|USA-VA|Suffolk|2025-11-22|wild_avian|D1.1
1266,502,0.319874321644916,-105.575233804161,43.0362658205797,-94.4416277159871,39.2983064760065,1.47814240296037,1.15826808131546,2025.57601608931,2025.89589041096,SRR36538359|A/snow_goose/MO/25G04856-004/2025|H5N1|USA-MO|Clay|2025-11-24|wild_avian|D1.1
1184,358,0.31953564548109,-92.5124138587493,42.1300663262014,-85.7888067791707,43.7243294020146,1.47814240296037,1.15860675747928,2025.57635476548,2025.89589041096,SRR36538286|A/bald_eagle/MI/25G04925-005/2025|H5N1|USA-MI|Newaygo|2025-11-24|wild_avian|D1.1
1152,393,0.258799268858809,-83.8346280070943,42.8603666024814,-84.3005247884434,43.2800205851314,1.47814240296037,1.21934313410156,2025.6370911421,2025.89589041096,SRR36538288|A/bald_eagle/MI/25G04925-001/2025|H5N1|USA-MI|Saginaw|2025-11-24|wild_avian|D1.1
1225,426,0.121150996168334,-93.0154523852815,38.4507002686874,-90.4424397531319,38.648054721342,1.47814240296037,1.35699140679204,2025.77473941479,2025.89589041096,SRR36538302|A/mallard_duck/MO/25G04856-003/2025|H5N1|USA-MO|St_Louis|2025-11-24|wild_avian|D1.1
1256,501,0.336517628911917,-100.687681001497,40.4038300272969,-69.2181351370926,45.0314008222568,1.48088212898796,1.14436450007604,2025.56211250807,2025.89863013699,SRR36538193|A/Domestic_chicken/ME/25G05080-001/2025|H5N1|USA-ME|Penobscot|2025-11-25|domestic_avian|D1.1
775,195,0.327210271718344,-74.0459248695446,44.7183069563385,-76.8188525447629,42.1114952451104,1.48088212898796,1.15367185726961,2025.57141986527,2025.89863013699,SRR36538317|A/canada_goose/NY/25G04881-001/2025|H5N1|USA-NY|Chemung|2025-11-25|wild_avian|D1.1
779,202,0.309465325567927,-70.2386490403287,42.5756700908658,-68.671479040181,45.6452839660052,1.48088212898796,1.17141680342003,2025.58916481142,2025.89863013699,SRR36538185|A/Domestic_goose/ME/25G04880-003/2025|H5N1|USA-ME|Penobscot|2025-11-25|domestic_avian|D1.1
1237,436,0.289998668803501,-93.7567742894601,38.2367173461855,-80.5355896757969,33.9014015924015,1.48088212898796,1.19088346018446,2025.60863146818,2025.89863013699,SRR36582221|A/Mute_swan/SC/25G05056-001/2025|H5N1|USA-SC|Sumter|2025-11-25|wild_avian|D1.1
1277,487,0.214195933549782,-106.739140300911,47.8492383367571,-105.534578996757,48.1701676424393,1.48088212898796,1.26668619543817,2025.68443420344,2025.89863013699,SRR36582231|A/canada_goose/MT/25G05375-001/2025|H5N1|USA-MT|Roosevelt|2025-11-25|wild_avian|D1.1
1287,504,0.455052514893499,-97.8374678784465,40.8193971225342,-81.368426227761,19.3287355296642,1.48636158104267,1.03130906614917,2025.44905707415,2025.90410958904,EPI_ISL_20261049|H5N1/chicken/CaymanIslands/25AIV50/2025|H5N1|CaymanIslands|Unknown|2025-11-27|domestic_avian|D1.1
1220,450,0.276665721000413,-94.3155788978469,39.8936698169768,-78.0617187912239,35.1911538430089,1.48636158104267,1.20969586004226,2025.62744386804,2025.90410958904,SRR36538195|A/Domestic_turkey/NC/25G05083-001/2025|H5N1|USA-NC|Wayne|2025-11-27|domestic_avian|D1.1
1288,509,0.316990213447208,-96.4988873217532,40.6157163335621,-74.6958839186372,39.8173151855572,1.48910130707003,1.17211109362282,2025.58985910162,2025.90684931507,SRR36582240|A/Bald_eagle/NJ/25G05298-001/2025|H5N1|USA-NJ|Burlington|2025-11-28|wild_avian|D1.1
1291,508,0.254951770713521,-94.0784795357266,40.629567751678,-85.3020485554385,31.7540817181166,1.49184103309739,1.23688926238386,2025.65463727038,2025.9095890411,SRR36582196|A/Wood_duck/AL/25G05286-007/2025|H5N1|USA-AL|Barbour|2025-11-29|wild_avian|D1.1
1240,439,0.292004606432045,-99.7757614975942,40.3374300492075,-97.7295412315045,40.9154615347014,1.49458075912474,1.2025761526927,2025.62032416069,2025.91232876712,SRR36582209|A/snow_goose/NE/25G05292-001/2025|H5N1|USA-NE|York|2025-11-30|wild_avian|D1.1
1141,380,0.422172345561565,-96.8587281018518,42.8306628966457,-96.2348299931598,41.1803968921141,1.49732048515233,1.07514813959076,2025.49289614759,2025.91506849315,SRR36582207|A/snow_goose/NE/25G05294-001/2025|H5N1|USA-NE|Sarpy|2025-12-01|wild_avian|D1.1
1260,498,0.304581883270116,-100.524605289008,40.390423206634,-101.735468238607,33.8275564349361,1.49732048515233,1.19273860188221,2025.61048660988,2025.91506849315,SRR36582197|A/wild_goose/TX/25G05380-001/2025|H5N1|USA-TX|Lubbock|2025-12-01|wild_avian|D1.1
1264,493,0.289507952422152,-97.3065419468529,39.2889188009913,-98.3017352322979,40.4363759559082,1.49732048515233,1.20781253273018,2025.62556054073,2025.91506849315,SRR36582206|A/snow_goose/NE/25G05295-001/2025|H5N1|USA-NE|Adams|2025-12-01|wild_avian|D1.1
1284,481,0.199343652032806,-113.945957203836,47.140035415762,-111.059695811091,45.5939625512594,1.49732048515233,1.29797683311952,2025.71572484112,2025.91506849315,SRR36582205|A/snow_goose/MT/25G05372-001/2025|H5N1|USA-MT|Gallatin|2025-12-01|wild_avian|D1.1
1246,469,0.410278987658345,-109.379380954176,42.928475709919,-95.0864704191778,29.2825433440522,1.50006021117969,1.08978122352134,2025.50752923152,2025.91780821918,SRR36582198|A/Wild_duck/TX/25G05240-001/2025|H5N1|USA-TX|Galveston|2025-12-02|wild_avian|D1.1
1258,490,0.318921067543692,-101.002205674777,41.3754337286589,-89.2846664633024,43.9604097256622,1.50006021117969,1.18113914363599,2025.59888715163,2025.91780821918,SRR36538194|A/peafowl/WI/25G05091-001/2025|H5N1|USA-WI|Marquette|2025-12-02|wild_avian|D1.1
1259,495,0.297862842935812,-100.29122425559,40.7871505777304,-96.7095379323313,39.184504768562,1.50006021117969,1.20219736824387,2025.61994537624,2025.91780821918,SRR36582213|A/snow_goose/KS/25G05234-001/2025|H5N1|USA-KS|Riley|2025-12-02|wild_avian|D1.1
1241,458,0.439209588372096,-107.391396264265,43.1016550575969,-93.6505701369096,41.9522186667817,1.50279993720704,1.06359034883495,2025.48133835683,2025.92054794521,SRR36538358|A/snow_goose/IA/25G05071-001/2025|H5N1|USA-IA|Story|2025-12-03|wild_avian|D1.1
1281,477,0.310108245327253,-121.014282179687,47.9951484292023,-122.907840270605,48.6399739165948,1.50827938926176,1.19817114393451,2025.61591915193,2025.92602739726,SRR36582220|A/Raccoon/WA/25G05425-001/2025|H5N1|USA-WA|San_Juan|2025-12-05|other_mammal|D1.1
