node1,node2,length,startLon,startLat,endLon,endLat,endNodeL,startNodeL,startYear,endYear,tipLabel
679,680,0.148414852472253,-106.871816887313,38.4150206882506,-93.9680885066852,39.9429287197074,0.148414852472253,0,2024.48186323907,2024.63027809154,NA
679,790,0.0302966776037044,-106.871816887313,38.4150206882506,-111.420272806856,40.7496045432926,0.0302966776037044,0,2024.48186323907,2024.51215991668,NA
790,1191,0.00221175603063894,-111.420272806856,40.7496045432926,-112.56370698507,40.259176032807,0.0325084336343433,0.0302966776037044,2024.51215991668,2024.51437167271,NA
1191,1192,0.0230345117452893,-112.56370698507,40.259176032807,-111.465121568557,40.6144216866457,0.0555429453796326,0.0325084336343433,2024.51437167271,2024.53740618445,NA
1192,1193,0.0160059116894051,-111.465121568557,40.6144216866457,-116.9783858168,41.1266075430516,0.0715488570690377,0.0555429453796326,2024.53740618445,2024.55341209614,NA
790,791,0.0667779425136208,-111.420272806856,40.7496045432926,-111.519916081208,40.7987275652636,0.0970746201173251,0.0302966776037044,2024.51215991668,2024.57893785919,NA
1193,1194,0.0282159417464201,-116.9783858168,41.1266075430516,-108.717350302428,44.0973426168372,0.0997647988154577,0.0715488570690377,2024.55341209614,2024.58162803789,NA
791,792,0.00431364948734014,-111.519916081208,40.7987275652636,-111.097623578883,40.4087087108003,0.101388269604665,0.0970746201173251,2024.57893785919,2024.58325150868,NA
1192,1334,0.0501256705764463,-111.465121568557,40.6144216866457,-112.093525733573,42.6454385659111,0.105668615956079,0.0555429453796326,2024.53740618445,2024.58753185503,NA
792,793,0.00688620164433074,-111.097623578883,40.4087087108003,-110.358621609912,40.183612556487,0.108274471248996,0.101388269604665,2024.58325150868,2024.59013771032,NA
1193,1213,0.0617819432230999,-116.9783858168,41.1266075430516,-111.987763941477,43.0315555190975,0.133330800292138,0.0715488570690377,2024.55341209614,2024.61519403936,NA
1213,1214,0.00473882232594813,-111.987763941477,43.0315555190975,-112.862640464714,43.6208660143426,0.138069622618086,0.133330800292138,2024.61519403936,2024.61993286169,NA
1194,1195,0.0401775030012763,-108.717350302428,44.0973426168372,-116.106547558368,46.1537287235398,0.139942301816734,0.0997647988154577,2024.58162803789,2024.62180554089,NA
793,794,0.033805287374141,-110.358621609912,40.183612556487,-107.012437995637,39.4547147657696,0.142079758623137,0.108274471248996,2024.59013771032,2024.6239429977,NA
1195,1198,0.00222290690367832,-116.106547558368,46.1537287235398,-114.662056383543,46.2663271831284,0.142165208720412,0.139942301816734,2024.62180554089,2024.62402844779,NA
794,1135,0.000606553243547303,-107.012437995637,39.4547147657696,-106.442471012449,39.6646421330353,0.142686311866684,0.142079758623137,2024.6239429977,2024.62454955094,NA
1214,1331,0.0182072337764712,-112.862640464714,43.6208660143426,-111.585242245211,42.7357303933137,0.156276856394557,0.138069622618086,2024.61993286169,2024.63814009547,NA
680,684,0.0179480205321414,-93.9680885066852,39.9429287197074,-93.9145467127381,39.9531587247786,0.166362873004394,0.148414852472253,2024.63027809154,2024.64822611208,NA
1135,1136,0.0263568398366125,-106.442471012449,39.6646421330353,-108.318391253204,41.873261028406,0.169043151703297,0.142686311866684,2024.62454955094,2024.65090639078,NA
1136,1174,0.00135446898596348,-108.318391253204,41.873261028406,-108.222202225089,41.7592345889307,0.17039762068926,0.169043151703297,2024.65090639078,2024.65226085976,NA
1174,1175,3.97626849890642e-05,-108.222202225089,41.7592345889307,-108.219913894641,41.7876575352939,0.170437383374249,0.17039762068926,2024.65226085976,2024.65230062245,NA
684,685,0.00465483828635915,-93.9145467127381,39.9531587247786,-93.9635925336742,39.6940157625907,0.171017711290753,0.166362873004394,2024.64822611208,2024.65288095036,NA
1214,1215,0.0355046631657669,-112.862640464714,43.6208660143426,-97.5769395263332,43.4272660540504,0.173574285783853,0.138069622618086,2024.61993286169,2024.65543752486,NA
794,795,0.0339797022760582,-107.012437995637,39.4547147657696,-111.729078668591,42.5586745994463,0.176059460899195,0.142079758623137,2024.6239429977,2024.65792269997,NA
795,797,0.00169189661187019,-111.729078668591,42.5586745994463,-111.565666914814,43.3323143281662,0.177751357511065,0.176059460899195,2024.65792269997,2024.65961459658,NA
797,798,0.0025901388299967,-111.565666914814,43.3323143281662,-110.580894463985,42.679065675595,0.180341496341062,0.177751357511065,2024.65961459658,2024.66220473541,NA
798,802,0.0019943391255326,-110.580894463985,42.679065675595,-110.477299645205,42.6623594124834,0.182335835466595,0.180341496341062,2024.66220473541,2024.66419907454,NA
1194,1201,0.0858495116845144,-108.717350302428,44.0973426168372,-111.488231314202,44.4981668416098,0.185614310499972,0.0997647988154577,2024.58162803789,2024.66747754957,NA
1174,1181,0.0179531615281205,-108.222202225089,41.7592345889307,-97.320748949427,39.2573688131727,0.188350782217381,0.17039762068926,2024.65226085976,2024.67021402129,NA
802,803,0.00844820769214505,-110.477299645205,42.6623594124834,-106.769466699342,43.5988933942555,0.19078404315874,0.182335835466595,2024.66419907454,2024.67264728223,NA
803,861,0.00036695626609351,-106.769466699342,43.5988933942555,-107.63849413142,43.9762105510344,0.191150999424833,0.19078404315874,2024.67264728223,2024.6730142385,NA
861,862,0.0025705077610414,-107.63849413142,43.9762105510344,-108.177086373828,44.5057324388209,0.193721507185875,0.191150999424833,2024.6730142385,2024.67558474626,NA
803,804,0.0049975407148295,-106.769466699342,43.5988933942555,-104.778746909972,43.5316528405454,0.195781583873569,0.19078404315874,2024.67264728223,2024.67764482295,NA
1195,1196,0.0572234070821218,-116.106547558368,46.1537287235398,-109.500788998981,43.8510032263036,0.197165708898856,0.139942301816734,2024.62180554089,2024.67902894797,NA
861,894,0.00759294462482751,-107.63849413142,43.9762105510344,-112.813956607286,44.0539753260339,0.198743944049661,0.191150999424833,2024.6730142385,2024.68060718312,NA
1215,1216,0.0281757210768667,-97.5769395263332,43.4272660540504,-98.2076625813438,45.0316593771641,0.201750006860719,0.173574285783853,2024.65543752486,2024.68361324593,NA
1201,1205,0.0167510345004562,-111.488231314202,44.4981668416098,-108.241641590611,44.0933077379261,0.202365345000428,0.185614310499972,2024.66747754957,2024.68422858407,NA
1334,1335,0.0970936136853329,-112.093525733573,42.6454385659111,-116.720435662641,42.1535020712049,0.202762229641412,0.105668615956079,2024.58753185503,2024.68462546871,NA
1201,1202,0.0181187414106045,-111.488231314202,44.4981668416098,-111.655939881674,44.2887428063397,0.203733051910577,0.185614310499972,2024.66747754957,2024.68559629098,NA
804,815,0.00917783001820993,-104.778746909972,43.5316528405454,-103.036526186413,42.1467531454427,0.204959413891779,0.195781583873569,2024.67764482295,2024.68682265296,NA
815,816,6.21590487712709e-05,-103.036526186413,42.1467531454427,-103.045659851959,42.1583315444404,0.20502157294055,0.204959413891779,2024.68682265296,2024.68688481201,NA
804,805,0.01118071974692,-104.778746909972,43.5316528405454,-104.802392206503,43.5086117625284,0.206962303620489,0.195781583873569,2024.67764482295,2024.68882554269,NA
1215,1309,0.0342086151320109,-97.5769395263332,43.4272660540504,-99.4088940271817,42.4704994468569,0.207782900915864,0.173574285783853,2024.65543752486,2024.68964613999,NA
1335,1336,0.00599182345721272,-116.720435662641,42.1535020712049,-116.048091207378,42.6313209544387,0.208754053098624,0.202762229641412,2024.68462546871,2024.69061729217,NA
1216,1217,0.00709884393678761,-98.2076625813438,45.0316593771641,-95.8983492571947,47.3299751956021,0.208848850797507,0.201750006860719,2024.68361324593,2024.69071208987,NA
1336,1338,0.000497146274738736,-116.048091207378,42.6313209544387,-115.984516706577,42.5415210485251,0.209251199373363,0.208754053098624,2024.69061729217,2024.69111443845,NA
894,895,0.0109993242162421,-112.813956607286,44.0539753260339,-112.850800596495,44.0628509904545,0.209743268265903,0.198743944049661,2024.68060718312,2024.69160650734,NA
862,891,0.0192431317941131,-108.177086373828,44.5057324388209,-109.355597383223,44.4556243587164,0.212964638979988,0.193721507185875,2024.67558474626,2024.69482787805,NA
797,1132,0.03633580239606,-111.565666914814,43.3323143281662,-110.962383245268,42.511750961105,0.214087159907125,0.177751357511065,2024.65961459658,2024.69595039898,NA
1198,1200,0.072635117162547,-114.662056383543,46.2663271831284,-104.307062532219,48.8464011109573,0.214800325882959,0.142165208720412,2024.62402844779,2024.69666356496,NA
1191,1354,0.184763009517086,-112.56370698507,40.259176032807,-107.716952800103,43.8076331572253,0.21727144315143,0.0325084336343433,2024.51437167271,2024.69913468222,NA
685,703,0.0466937285889502,-93.9635925336742,39.6940157625907,-95.0374288116883,39.8022206501703,0.217711439879703,0.171017711290753,2024.65288095036,2024.69957467895,NA
1175,1176,0.0481860075025271,-108.219913894641,41.7876575352939,-113.534388377535,43.8349054476366,0.218623390876777,0.170437383374249,2024.65230062245,2024.70048662995,NA
895,1105,0.00946445504042193,-112.850800596495,44.0628509904545,-112.852390522921,44.0626429411855,0.219207723306325,0.209743268265903,2024.69160650734,2024.70107096238,NA
1335,1340,0.0172373689239562,-116.720435662641,42.1535020712049,-114.773803695252,43.5418089096601,0.219999598565368,0.202762229641412,2024.68462546871,2024.70186283764,NA
1105,1129,0.00169139673825658,-112.852390522921,44.0626429411855,-112.762779522472,44.0746567741127,0.220899120044581,0.219207723306325,2024.70107096238,2024.70276235912,NA
1181,1182,0.0329514252918734,-97.320748949427,39.2573688131727,-97.8746147485572,39.437634270534,0.221302207509254,0.188350782217381,2024.67021402129,2024.70316544658,NA
1105,1106,0.0025638127247809,-112.852390522921,44.0626429411855,-109.037657378201,43.2831852606007,0.221771536031106,0.219207723306325,2024.70107096238,2024.7036347751,NA
1106,1123,0.000607080693297402,-109.037657378201,43.2831852606007,-108.484084436508,43.1556084837544,0.222378616724403,0.221771536031106,2024.7036347751,2024.7042418558,NA
1106,1107,0.00174658843179798,-109.037657378201,43.2831852606007,-106.822914258007,43.0525599824779,0.223518124462904,0.221771536031106,2024.7036347751,2024.70538136354,NA
816,819,0.0185814160518261,-103.045659851959,42.1583315444404,-103.223457882755,42.2653434159518,0.223602988992377,0.20502157294055,2024.68688481201,2024.70546622806,NA
1340,1341,0.00454042322190018,-114.773803695252,43.5418089096601,-114.683211402563,44.0349207657696,0.224540021787268,0.219999598565368,2024.70186283764,2024.70640326086,NA
680,681,0.0779134973044693,-93.9680885066852,39.9429287197074,-83.0845132661613,42.9364842205199,0.226328349776722,0.148414852472253,2024.63027809154,2024.70819158885,NA
805,811,0.0207045665310917,-104.802392206503,43.5086117625284,-110.451898704155,43.7653034089716,0.227666870151581,0.206962303620489,2024.68882554269,2024.70953010922,NA
703,704,0.00998975187970053,-95.0374288116883,39.8022206501703,-88.7319198014729,36.7761624623552,0.227701191759404,0.217711439879703,2024.69957467895,2024.70956443083,NA
1176,1179,0.00940816177142234,-113.534388377535,43.8349054476366,-113.763492694601,44.0821872110775,0.228031552648199,0.218623390876777,2024.70048662995,2024.70989479172,NA
895,896,0.0184970070953934,-112.850800596495,44.0628509904545,-114.682599673584,44.888127706005,0.228240275361296,0.209743268265903,2024.69160650734,2024.71010351443,NA
896,1098,0.000262767404580977,-114.682599673584,44.888127706005,-114.668915129898,44.8695100172519,0.228503042765877,0.228240275361296,2024.71010351443,2024.71036628184,NA
1202,1203,0.025081382800439,-111.655939881674,44.2887428063397,-113.066119620355,46.2680570894373,0.228814434711016,0.203733051910577,2024.68559629098,2024.71067767378,NA
1136,1137,0.0603434929425255,-108.318391253204,41.873261028406,-100.294639586212,41.5765664190894,0.229386644645822,0.169043151703297,2024.65090639078,2024.71124988372,NA
1216,1229,0.0280506941205252,-98.2076625813438,45.0316593771641,-82.3870637985592,42.139969473103,0.229800700981245,0.201750006860719,2024.68361324593,2024.71166394005,NA
704,735,0.00212038696711736,-88.7319198014729,36.7761624623552,-88.7695311025709,36.7830251864037,0.229821578726521,0.227701191759404,2024.70956443083,2024.7116848178,NA
896,897,0.0021638024002979,-114.682599673584,44.888127706005,-115.409872832816,44.7166685261969,0.230404077761594,0.228240275361296,2024.71010351443,2024.71226731683,NA
703,777,0.0131820848565367,-95.0374288116883,39.8022206501703,-94.9069395725197,39.0613977087748,0.23089352473624,0.217711439879703,2024.69957467895,2024.71275676381,NA
897,898,0.000754048349721259,-115.409872832816,44.7166685261969,-115.883722645329,45.1863889039624,0.231158126111315,0.230404077761594,2024.71226731683,2024.71302136518,NA
681,682,0.00496044837188658,-83.0845132661613,42.9364842205199,-82.6640501236875,42.7493814277728,0.231288798148608,0.226328349776722,2024.70819158885,2024.71315203722,NA
1137,1151,0.00206106998766864,-100.294639586212,41.5765664190894,-99.8784275055489,41.4954639470762,0.231447714633491,0.229386644645822,2024.71124988372,2024.71331095371,NA
1229,1231,0.00169545918607006,-82.3870637985592,42.139969473103,-79.46505280225,44.0150732205507,0.231496160167315,0.229800700981245,2024.71166394005,2024.71335939924,NA
1331,1332,0.0759029628579933,-111.585242245211,42.7357303933137,-111.742144172039,41.2978361592064,0.23217981925255,0.156276856394557,2024.63814009547,2024.71404305832,NA
1137,1138,0.00284325109991213,-100.294639586212,41.5765664190894,-100.602909387042,41.7042695662226,0.232229895745734,0.229386644645822,2024.71124988372,2024.71409313482,NA
862,863,0.038545570888828,-108.177086373828,44.5057324388209,-103.999148581196,43.4934100774645,0.232267078074703,0.193721507185875,2024.67558474626,2024.71413031715,NA
898,899,0.0012934559915676,-115.883722645329,45.1863889039624,-115.80561016225,45.1582296829329,0.232451582102883,0.231158126111315,2024.71302136518,2024.71431482118,NA
685,686,0.0614947322390413,-93.9635925336742,39.6940157625907,-93.8556670025814,42.470241314143,0.232512443529794,0.171017711290753,2024.65288095036,2024.7143756826,NA
1205,1208,0.0305155450606585,-108.241641590611,44.0933077379261,-106.646279539178,43.9595507440542,0.232880890061087,0.202365345000428,2024.68422858407,2024.71474412913,NA
798,799,0.0525992578507166,-110.580894463985,42.679065675595,-106.006270447775,42.0607387040697,0.232940754191779,0.180341496341062,2024.66220473541,2024.71480399326,NA
1338,1339,0.0237998075263217,-115.984516706577,42.5415210485251,-119.131193709516,44.3375061675876,0.233051006899685,0.209251199373363,2024.69111443845,2024.71491424597,NA
898,900,0.00243170119731273,-115.883722645329,45.1863889039624,-116.903423975594,45.6332773673611,0.233589827308628,0.231158126111315,2024.71302136518,2024.71545306638,NA
686,687,0.00139995553785544,-93.8556670025814,42.470241314143,-91.6629369942207,41.3977140163603,0.23391239906765,0.232512443529794,2024.7143756826,2024.71577563814,NA
805,806,0.0273841450908052,-104.802392206503,43.5086117625284,-103.542323716638,39.2294182124099,0.234346448711295,0.206962303620489,2024.68882554269,2024.71620968778,NA
687,699,0.00120284405112669,-91.6629369942207,41.3977140163603,-92.3427523421202,41.4292073741537,0.235115243118777,0.23391239906765,2024.71577563814,2024.71697848219,NA
1151,1162,0.00413633036625694,-99.8784275055489,41.4954639470762,-100.653313684829,41.7549617660965,0.235584044999748,0.231447714633491,2024.71331095371,2024.71744728407,NA
1107,1108,0.0129037289470233,-106.822914258007,43.0525599824779,-107.043013967985,43.1166854985033,0.236421853409927,0.223518124462904,2024.70538136354,2024.71828509248,NA
819,820,0.0128483188679256,-103.223457882755,42.2653434159518,-98.1571696617864,41.2029492884323,0.236451307860302,0.223602988992377,2024.70546622806,2024.71831454693,NA
1340,1348,0.016829006415072,-114.773803695252,43.5418089096601,-113.328248667337,45.0523969388411,0.23682860498044,0.219999598565368,2024.70186283764,2024.71869184405,NA
1132,1134,0.023348513048812,-110.962383245268,42.511750961105,-121.759341522762,46.0661873040408,0.237435672955937,0.214087159907125,2024.69595039898,2024.71929891203,NA
863,864,0.00530285385417595,-103.999148581196,43.4934100774645,-102.351922731513,43.4001260876083,0.237569931928879,0.232267078074703,2024.71413031715,2024.719433171,NA
1341,1345,0.0131547503551162,-114.683211402563,44.0349207657696,-114.578427216938,43.9588694904969,0.237694772142384,0.224540021787268,2024.70640326086,2024.71955801121,NA
704,705,0.0100873987994747,-88.7319198014729,36.7761624623552,-88.7048168355355,36.7743471783965,0.237788590558879,0.227701191759404,2024.70956443083,2024.71965182963,NA
864,866,0.000470840574028575,-102.351922731513,43.4001260876083,-99.7101356061965,42.4368796146722,0.238040772502907,0.237569931928879,2024.719433171,2024.71990401158,NA
1162,1164,0.00257629888749022,-100.653313684829,41.7549617660965,-100.566800074404,41.7319705811026,0.238160343887238,0.235584044999748,2024.71744728407,2024.72002358296,NA
866,867,0.000343370945154353,-99.7101356061965,42.4368796146722,-99.17745233613,41.7826086899451,0.238384143448062,0.238040772502907,2024.71990401158,2024.72024738252,NA
735,736,0.00879528327115642,-88.7695311025709,36.7830251864037,-95.5325273733843,39.3096592856311,0.238616861997678,0.229821578726521,2024.7116848178,2024.72048010107,NA
793,1189,0.130557250821577,-110.358621609912,40.183612556487,-119.958980505294,46.381408462397,0.238831722070573,0.108274471248996,2024.59013771032,2024.72069496114,NA
1151,1152,0.00752243454917445,-99.8784275055489,41.4954639470762,-100.42386564939,41.6079483312364,0.238970149182665,0.231447714633491,2024.71331095371,2024.72083338825,NA
1181,1186,0.0507680061650693,-97.320748949427,39.2573688131727,-113.96843021419,37.5412115262323,0.23911878838245,0.188350782217381,2024.67021402129,2024.72098202745,NA
1196,1197,0.0423385736095547,-109.500788998981,43.8510032263036,-105.666455531052,41.3420781374046,0.239504282508411,0.197165708898856,2024.67902894797,2024.72136752158,NA
735,747,0.0102184727731747,-88.7695311025709,36.7830251864037,-88.5240493658877,36.7254646470845,0.240040051499696,0.229821578726521,2024.7116848178,2024.72190329057,NA
705,729,0.00243004486360165,-88.7048168355355,36.7743471783965,-89.1046042793519,36.9116011321463,0.24021863542248,0.237788590558879,2024.71965182963,2024.72208187449,NA
799,800,0.00736040093957113,-106.006270447775,42.0607387040697,-108.364722730129,42.9410294989637,0.24030115513135,0.232940754191779,2024.71480399326,2024.7221643942,NA
1108,1112,0.00473593408166462,-107.043013967985,43.1166854985033,-107.007997455455,42.0213586176618,0.241157787491592,0.236421853409927,2024.71828509248,2024.72302102656,NA
1309,1310,0.0333756842149029,-99.4088940271817,42.4704994468569,-93.0702474164567,38.8173843268936,0.241158585130766,0.207782900915864,2024.68964613999,2024.7230218242,NA
900,901,0.00773956014618493,-116.903423975594,45.6332773673611,-113.058972559705,44.7904571664017,0.241329387454813,0.233589827308628,2024.71545306638,2024.72319262653,NA
1334,1352,0.135723267135019,-112.093525733573,42.6454385659111,-113.485387360876,43.3640488789973,0.241391883091098,0.105668615956079,2024.58753185503,2024.72325512216,NA
747,772,0.00145820304762045,-88.5240493658877,36.7254646470845,-88.019411975267,36.7986925968478,0.241498254547316,0.240040051499696,2024.72190329057,2024.72336149362,NA
900,1087,0.00827053922420995,-116.903423975594,45.6332773673611,-116.819866697146,43.2530484619283,0.241860366532838,0.233589827308628,2024.71545306638,2024.72372360561,NA
705,706,0.00414643570432904,-88.7048168355355,36.7743471783965,-88.9639981876063,36.1704678011766,0.241935026263208,0.237788590558879,2024.71965182963,2024.72379826534,NA
1135,1188,0.0993295555764315,-106.442471012449,39.6646421330353,-97.5291325207929,31.8201132277776,0.242015867443116,0.142686311866684,2024.62454955094,2024.72387910652,NA
729,730,0.00198812798614667,-89.1046042793519,36.9116011321463,-89.7237179104861,36.405903458795,0.242206763408627,0.24021863542248,2024.72208187449,2024.72407000248,NA
1176,1177,0.0235898583642167,-113.534388377535,43.8349054476366,-113.565210762524,43.7931509259821,0.242213249240993,0.218623390876777,2024.70048662995,2024.72407648831,NA
1182,1183,0.0211035387807628,-97.8746147485572,39.437634270534,-97.028740718634,39.753433495207,0.242405746290017,0.221302207509254,2024.70316544658,2024.72426898536,NA
699,700,0.00740856452855088,-92.3427523421202,41.4292073741537,-90.0141418240666,41.9038931079911,0.242523807647328,0.235115243118777,2024.71697848219,2024.72438704672,NA
1341,1342,0.0182248080824294,-114.683211402563,44.0349207657696,-110.284495122347,39.6267634768231,0.242764829869698,0.224540021787268,2024.70640326086,2024.72462806894,NA
1208,1209,0.00988871357871068,-106.646279539178,43.9595507440542,-106.57178604677,43.4491126727951,0.242769603639797,0.232880890061087,2024.71474412913,2024.72463284271,NA
1123,1128,0.0204547063796625,-108.484084436508,43.1556084837544,-113.410726179921,44.9634088223529,0.242833323104066,0.222378616724403,2024.7042418558,2024.72469656218,NA
891,892,0.0299311086214682,-109.355597383223,44.4556243587164,-111.047683472697,44.5466058096299,0.242895747601456,0.212964638979988,2024.69482787805,2024.72475898667,NA
1162,1163,0.00732669198050973,-100.653313684829,41.7549617660965,-100.365790210834,41.6630337985087,0.242910736980258,0.235584044999748,2024.71744728407,2024.72477397605,NA
1310,1311,0.00180880334792977,-93.0702474164567,38.8173843268936,-98.4269065718965,39.9254258817562,0.242967388478696,0.241158585130766,2024.7230218242,2024.72483062755,NA
772,773,0.00157522748238992,-88.019411975267,36.7986925968478,-87.2220990339262,36.5702080860756,0.243073482029706,0.241498254547316,2024.72336149362,2024.7249367211,NA
901,902,0.00196826200832034,-113.058972559705,44.7904571664017,-109.556085297501,44.7708766908874,0.243297649463133,0.241329387454813,2024.72319262653,2024.72516088854,NA
1205,1206,0.0409605758516265,-108.241641590611,44.0933077379261,-108.312219787349,44.0066124670347,0.243325920852055,0.202365345000428,2024.68422858407,2024.72518915992,NA
816,817,0.0383445083965976,-103.045659851959,42.1583315444404,-108.10168728236,46.1357230513416,0.243366081337148,0.20502157294055,2024.68688481201,2024.72522932041,NA
867,869,0.00518495197906721,-99.17745233613,41.7826086899451,-98.9685945019227,41.6508063369601,0.243569095427129,0.238384143448062,2024.72024738252,2024.7254323345,NA
1231,1232,0.0121931546142975,-79.46505280225,44.0150732205507,-76.0839514010128,43.5319018003801,0.243689314781612,0.231496160167315,2024.71335939924,2024.72555255385,NA
1098,1102,0.0154865387422551,-114.668915129898,44.8695100172519,-106.910651399564,37.2853649830603,0.243989581508132,0.228503042765877,2024.71036628184,2024.72585282058,NA
706,707,0.00207104959372129,-88.9639981876063,36.1704678011766,-87.4311339263192,36.2144999430213,0.244006075856929,0.241935026263208,2024.72379826534,2024.72586931493,NA
1208,1212,0.0111404773774393,-106.646279539178,43.9595507440542,-106.967235156285,44.8091286226572,0.244021367438526,0.232880890061087,2024.71474412913,2024.72588460651,NA
687,688,0.0102439088248856,-91.6629369942207,41.3977140163603,-86.7507490593117,39.2273062589381,0.244156307892536,0.23391239906765,2024.71577563814,2024.72601954696,NA
897,1093,0.0138791680042578,-115.409872832816,44.7166685261969,-112.507823227559,42.5018180189244,0.244283245765852,0.230404077761594,2024.71226731683,2024.72614648484,NA
1175,1180,0.0739852025789645,-108.219913894641,41.7876575352939,-103.011103523101,39.1249993449917,0.244422585953214,0.170437383374249,2024.65230062245,2024.72628582503,NA
1352,1353,0.00303743591725869,-113.485387360876,43.3640488789973,-115.674640615972,43.5239985515521,0.244429319008357,0.241391883091098,2024.72325512216,2024.72629255808,NA
747,748,0.00567899753861179,-88.5240493658877,36.7254646470845,-88.7256186352535,37.056611652596,0.245719049038308,0.240040051499696,2024.72190329057,2024.72758228811,NA
748,749,0.000477537104815795,-88.7256186352535,37.056611652596,-88.9724160593056,37.0879229020758,0.246196586143123,0.245719049038308,2024.72758228811,2024.72805982522,NA
817,818,0.0035127413891487,-108.10168728236,46.1357230513416,-109.386112717472,46.0786895082301,0.246878822726297,0.243366081337148,2024.72522932041,2024.7287420618,NA
777,778,0.0165745423801384,-94.9069395725197,39.0613977087748,-93.7004347397388,38.3630090722107,0.247468067116378,0.23089352473624,2024.71275676381,2024.72933130619,NA
1138,1139,0.0157176731932054,-100.602909387042,41.7042695662226,-100.331319292468,43.2731057107379,0.24794756893894,0.232229895745734,2024.71409313482,2024.72981080801,NA
1217,1228,0.040971288226245,-95.8983492571947,47.3299751956021,-98.6698599513503,47.2961120095221,0.249820139023752,0.208848850797507,2024.69071208987,2024.7316833781,NA
1232,1257,0.00711791226079073,-76.0839514010128,43.5319018003801,-75.9395668744179,43.752802795512,0.250807227042403,0.243689314781612,2024.72555255385,2024.73267046611,NA
1164,1165,0.0135727735197866,-100.566800074404,41.7319705811026,-97.6766536072112,41.5737461295951,0.251733117407025,0.238160343887238,2024.72002358296,2024.73359635648,NA
902,1085,0.00913503553623518,-109.556085297501,44.7708766908874,-112.966060922514,48.8839194242108,0.252432684999369,0.243297649463133,2024.72516088854,2024.73429592407,NA
869,870,0.00887597083231517,-98.9685945019227,41.6508063369601,-99.0446411001083,38.7068284294662,0.252445066259444,0.243569095427129,2024.7254323345,2024.73430830533,NA
1202,265,0.0493763866126469,-111.655939881674,44.2887428063397,-133.540022614908,58.2691767708226,0.253109438523224,0.203733051910577,2024.68559629098,2024.7349726776,SRR34491577|A/green_winged_teal/AK/24-029315-007/2024|H5N1|USA-AK|Juneau|2024-09-26|wild_avian|D1.1
1093,1094,0.0107697077450661,-112.507823227559,42.5018180189244,-112.500339840405,42.5215703939074,0.255052953510918,0.244283245765852,2024.72614648484,2024.73691619258,NA
1087,1092,0.0132570288432983,-116.819866697146,43.2530484619283,-118.316586791311,41.830989018419,0.255117395376136,0.241860366532838,2024.72372360561,2024.73698063445,NA
1198,1199,0.113241875859619,-114.662056383543,46.2663271831284,-111.99255451524,43.7022044674732,0.255407084580032,0.142165208720412,2024.62402844779,2024.73727032365,NA
800,801,0.015292819421767,-108.364722730129,42.9410294989637,-108.417328150125,42.6591031494324,0.255593974553117,0.24030115513135,2024.7221643942,2024.73745721363,NA
1310,1317,0.0148613754137952,-93.0702474164567,38.8173843268936,-92.6865288118598,38.8572541369406,0.256019960544562,0.241158585130766,2024.7230218242,2024.73788319962,NA
902,903,0.0127709391259343,-109.556085297501,44.7708766908874,-109.398664309782,44.9957022997643,0.256068588589068,0.243297649463133,2024.72516088854,2024.73793182766,NA
1123,1124,0.034926686179406,-108.484084436508,43.1556084837544,-109.218528538275,41.0225972227066,0.257305302903809,0.222378616724403,2024.7042418558,2024.73916854198,NA
811,814,0.0299873814303169,-110.451898704155,43.7653034089716,-112.500423159723,43.3933441118644,0.257654251581898,0.227666870151581,2024.70953010922,2024.73951749065,NA
870,871,0.00575897257947111,-99.0446411001083,38.7068284294662,-95.786991950385,37.2578012560397,0.258204038838915,0.252445066259444,2024.73430830533,2024.74006727791,NA
1345,1346,0.0225811616337952,-114.578427216938,43.9588694904969,-115.483952506284,43.8229680973172,0.26027593377618,0.237694772142384,2024.71955801121,2024.74213917285,NA
901,1086,0.0190398121082676,-113.058972559705,44.7904571664017,-112.917407357904,43.8808757208703,0.260369199563081,0.241329387454813,2024.72319262653,2024.74223243864,NA
1257,1258,0.0113280496131734,-75.9395668744179,43.752802795512,-71.9912935853731,41.5239123636747,0.262135276655576,0.250807227042403,2024.73267046611,2024.74399851573,NA
892,893,0.0193865625040039,-111.047683472697,44.5466058096299,-110.087312024513,44.9307303712957,0.26228231010546,0.242895747601456,2024.72475898667,2024.74414554918,NA
1354,1355,0.0457905188280618,-107.716952800103,43.8076331572253,-106.835364102374,43.8216680892983,0.263061961979492,0.21727144315143,2024.69913468222,2024.74492520105,NA
870,872,0.0120383105465409,-99.0446411001083,38.7068284294662,-99.988602464085,34.9483195252771,0.264483376805985,0.252445066259444,2024.73430830533,2024.74634661588,NA
1258,1266,0.00308794453563688,-71.9912935853731,41.5239123636747,-71.929161472382,41.4484672558225,0.265223221191213,0.262135276655576,2024.74399851573,2024.74708646026,NA
1266,1277,0.000499045660915964,-71.929161472382,41.4484672558225,-71.5542779070341,41.0295188474191,0.265722266852129,0.265223221191213,2024.74708646026,2024.74758550592,NA
688,689,0.0222682375556935,-86.7507490593117,39.2273062589381,-87.0693669564361,38.2989566590897,0.266424545448229,0.244156307892536,2024.72601954696,2024.74828778452,NA
1232,1233,0.0233926445726662,-76.0839514010128,43.5319018003801,-75.6837517191413,44.3294114534322,0.267081959354278,0.243689314781612,2024.72555255385,2024.74894519843,NA
1112,1113,0.0260575337573694,-107.007997455455,42.0213586176618,-104.340421893506,41.716831459485,0.267215321248961,0.241157787491592,2024.72302102656,2024.74907856032,NA
1108,1109,0.0335829186873955,-107.043013967985,43.1166854985033,-98.8742040169105,39.8857722482692,0.270004772097322,0.236421853409927,2024.71828509248,2024.75186801117,NA
820,852,0.0338802188907721,-98.1571696617864,41.2029492884323,-86.9577481559534,37.9646103626184,0.270331526751074,0.236451307860302,2024.71831454693,2024.75219476582,NA
1139,1142,0.0226726794834802,-100.331319292468,43.2731057107379,-100.379215204065,43.2497498796831,0.27062024842242,0.24794756893894,2024.72981080801,2024.75248348749,NA
1348,1349,0.0341213456865783,-113.328248667337,45.0523969388411,-107.209893785387,46.5032560892016,0.270949950667018,0.23682860498044,2024.71869184405,2024.75281318974,NA
866,877,0.0331144140658151,-99.7101356061965,42.4368796146722,-96.6514720937969,41.6764464577713,0.271155186568722,0.238040772502907,2024.71990401158,2024.75301842564,NA
1129,1130,0.050339927796557,-112.762779522472,44.0746567741127,-107.874206456306,44.9834647489715,0.271239047841138,0.220899120044581,2024.70276235912,2024.75310228691,NA
1349,1350,0.000511357185100092,-107.209893785387,46.5032560892016,-107.461085439704,46.6141801573561,0.271461307852118,0.270949950667018,2024.75281318974,2024.75332454692,NA
1164,1171,0.0338660987805228,-100.566800074404,41.7319705811026,-104.622172398696,40.7693886744416,0.272026442667761,0.238160343887238,2024.72002358296,2024.75388968174,NA
1266,1267,0.00682565430922755,-71.929161472382,41.4484672558225,-72.0312088400259,41.5685372899492,0.272048875500441,0.265223221191213,2024.74708646026,2024.75391211457,NA
749,750,0.026801386254097,-88.9724160593056,37.0879229020758,-92.635009622032,40.9192444803424,0.27299797239722,0.246196586143123,2024.72805982522,2024.75486121147,NA
688,690,0.0292969352896439,-86.7507490593117,39.2273062589381,-80.7378567844879,38.3575801348989,0.273453243182179,0.244156307892536,2024.72601954696,2024.75531648225,NA
706,709,0.0318141325540957,-88.9639981876063,36.1704678011766,-82.9305812122386,35.1857679828881,0.273749158817303,0.241935026263208,2024.72379826534,2024.75561239789,NA
1348,1351,0.0417523266619266,-113.328248667337,45.0523969388411,-113.288513645083,46.4571152589172,0.278580931642367,0.23682860498044,2024.71869184405,2024.76044417071,NA
1171,1173,0.00753026793959322,-104.622172398696,40.7693886744416,-104.367872007114,40.6755547246867,0.279556710607354,0.272026442667761,2024.75388968174,2024.76141994968,NA
1165,1166,0.0298082542308038,-97.6766536072112,41.5737461295951,-97.588068358745,41.5539599677867,0.281541371637829,0.251733117407025,2024.73359635648,2024.76340461071,NA
820,821,0.0452225790432625,-98.1571696617864,41.2029492884323,-96.0823510996572,40.575572867949,0.281673886903565,0.236451307860302,2024.71831454693,2024.76353712598,NA
877,878,0.0120563921286054,-96.6514720937969,41.6764464577713,-96.7372573429227,41.5628473115651,0.283211578697328,0.271155186568722,2024.75301842564,2024.76507481777,NA
1277,1278,0.0177208236726012,-71.5542779070341,41.0295188474191,-71.5863729067202,40.3239484005825,0.28344309052473,0.265722266852129,2024.74758550592,2024.7653063296,NA
690,691,0.0100987092842706,-80.7378567844879,38.3575801348989,-82.9351916012888,39.3648120967267,0.28355195246645,0.273453243182179,2024.75531648225,2024.76541519154,NA
1233,1240,0.0164796523778148,-75.6837517191413,44.3294114534322,-76.3762091884712,44.4586196814717,0.283561611732093,0.267081959354278,2024.74894519843,2024.7654248508,NA
1182,1185,0.0634583549221486,-97.8746147485572,39.437634270534,-118.722424847069,39.1961282555249,0.284760562431403,0.221302207509254,2024.70316544658,2024.7666238015,NA
821,832,0.00407335523957975,-96.0823510996572,40.575572867949,-83.8816974110508,39.6820383554729,0.285747242143144,0.281673886903565,2024.76353712598,2024.76761048122,NA
1166,1167,0.00430934409670414,-97.588068358745,41.5539599677867,-96.8763316310748,41.5577435510072,0.285850715734533,0.281541371637829,2024.76340461071,2024.76771395481,NA
869,875,0.0426777183894269,-98.9685945019227,41.6508063369601,-89.4840030020842,42.5674710824959,0.286246813816556,0.243569095427129,2024.7254323345,2024.76811005289,NA
1113,1114,0.01913756514932,-104.340421893506,41.716831459485,-109.625583793957,40.3794486326984,0.286352886398281,0.267215321248961,2024.74907856032,2024.76821612547,NA
1257,1287,0.0361645119363887,-75.9395668744179,43.752802795512,-74.4468082783794,43.6633918463965,0.286971738978792,0.250807227042403,2024.73267046611,2024.76883497805,NA
1124,1125,0.0313295489797609,-109.218528538275,41.0225972227066,-115.232002625134,41.4580843646164,0.28863485188357,0.257305302903809,2024.73916854198,2024.77049809096,NA
1094,1095,0.0350138619873828,-112.500339840405,42.5215703939074,-99.824703710933,38.9890786913633,0.290066815498301,0.255052953510918,2024.73691619258,2024.77193005457,NA
690,695,0.0169294960882789,-80.7378567844879,38.3575801348989,-82.8491701560981,36.2027316598101,0.290382739270458,0.273453243182179,2024.75531648225,2024.77224597834,NA
1229,1230,0.0618140272817067,-82.3870637985592,42.139969473103,-85.9429226438838,39.9908010721597,0.291614728262951,0.229800700981245,2024.71166394005,2024.77347796734,NA
852,853,0.0215084708457725,-86.9577481559534,37.9646103626184,-86.0138338698577,38.2391661975807,0.291839997596847,0.270331526751074,2024.75219476582,2024.77370323667,NA
1152,1153,0.0529113434037598,-100.42386564939,41.6079483312364,-103.429439900984,42.4322963256599,0.291881492586425,0.238970149182665,2024.72083338825,2024.77374473166,NA
791,1190,0.195387010735192,-111.519916081208,40.7987275652636,-118.95000419313,39.8941475647478,0.292461630852517,0.0970746201173251,2024.57893785919,2024.77432486992,NA
1139,1140,0.0454566778405623,-100.331319292468,43.2731057107379,-90.8928468300429,39.1142329841028,0.293404246779502,0.24794756893894,2024.72981080801,2024.77526748585,NA
1336,1337,0.0852107367024297,-116.048091207378,42.6313209544387,-113.269546040164,42.8519729803036,0.293964789801054,0.208754053098624,2024.69061729217,2024.77582802887,NA
736,737,0.0557287875373229,-95.5325273733843,39.3096592856311,-89.4888198432712,35.870250592075,0.294345649535001,0.238616861997678,2024.72048010107,2024.77620888861,NA
1153,1159,0.00403130247180394,-103.429439900984,42.4322963256599,-104.216868583561,42.0325987298972,0.295912795058229,0.291881492586425,2024.77374473166,2024.77777603413,NA
709,712,0.0223632130637905,-82.9305812122386,35.1857679828881,-86.1827868154599,35.1856685817491,0.296112371881094,0.273749158817303,2024.75561239789,2024.77797561095,NA
1267,1268,0.0243322019356957,-72.0312088400259,41.5685372899492,-68.9231693518978,40.6835421544529,0.296381077436136,0.272048875500441,2024.75391211457,2024.77824431651,NA
1213,4,0.163494485225559,-111.987763941477,43.0315555190975,-117.523895933468,39.7859474778803,0.296825285517697,0.133330800292138,2024.61519403936,2024.77868852459,SRR34491317|A/mallard/NV/24-030919-002/2024|H5N1|USA-NV|Churchill|2024-10-12|wild_avian|D1.1
1342,1343,0.0555772639876118,-110.284495122347,39.6267634768231,-113.710149285893,39.1387173240577,0.298342093857309,0.242764829869698,2024.72462806894,2024.78020533293,NA
1332,1333,0.0680082268222739,-111.742144172039,41.2978361592064,-113.172885669609,41.3262012478555,0.300188046074824,0.23217981925255,2024.71404305832,2024.78205128515,NA
878,879,0.0170329168008441,-96.7372573429227,41.5628473115651,-88.570668919763,39.8469027639634,0.300244495498172,0.283211578697328,2024.76507481777,2024.78210773457,NA
1217,1218,0.0915228537572383,-95.8983492571947,47.3299751956021,-97.1486244253035,44.8667355638779,0.300371704554745,0.208848850797507,2024.69071208987,2024.78223494363,NA
712,724,0.0048994069091266,-86.1827868154599,35.1856685817491,-88.2695543363044,36.0401496321824,0.30101177879022,0.296112371881094,2024.77797561095,2024.78287501786,NA
832,833,0.015479168395728,-83.8816974110508,39.6820383554729,-76.157315187885,35.9092077376716,0.301226410538872,0.285747242143144,2024.76761048122,2024.78308964961,NA
772,775,0.0606005122989348,-88.019411975267,36.7986925968478,-85.9681781856246,35.886295871151,0.302098766846251,0.241498254547316,2024.72336149362,2024.78396200592,NA
821,822,0.0227318836126831,-96.0823510996572,40.575572867949,-76.7668758454535,35.5791755841734,0.304405770516248,0.281673886903565,2024.76353712598,2024.78626900959,NA
1268,1269,0.00823123857358454,-68.9231693518978,40.6835421544529,-73.6528528656646,40.9371104666736,0.304612316009721,0.296381077436136,2024.77824431651,2024.78647555508,NA
1140,1141,0.011370454581328,-90.8928468300429,39.1142329841028,-90.7166938623283,39.0774500759455,0.30477470136083,0.293404246779502,2024.77526748585,2024.78663794043,NA
1287,1308,0.0180081863257078,-74.4468082783794,43.6633918463965,-74.0157259338756,43.5948453098517,0.304979925304499,0.286971738978792,2024.76883497805,2024.78684316438,NA
1179,630,0.076990454181104,-113.763492694601,44.0821872110775,-160.192920545039,55.9258099923099,0.305022006829303,0.228031552648199,2024.70989479172,2024.7868852459,SRR36617615|A/northern_pintail/AK/24-037862-007/2024|H5N1|USA-AK|Aleutians_East|2024-10-15|wild_avian|D1.1
1351,252,0.0264410751869362,-113.288513645083,46.4571152589172,-119.236873832409,47.3153691929707,0.305022006829303,0.278580931642367,2024.76044417071,2024.7868852459,SRR34491564|A/northern_pintail/WA/24-030720-008/2024|H5N1|USA-WA|Grant|2024-10-15|wild_avian|D1.1
1125,1126,0.0171086596932584,-115.232002625134,41.4580843646164,-116.241801364133,41.9371331705152,0.305743511576828,0.28863485188357,2024.77049809096,2024.78760675065,NA
730,731,0.0639467548433696,-89.7237179104861,36.405903458795,-84.9373984020123,36.5292415431082,0.306153518251997,0.242206763408627,2024.72407000248,2024.78801675732,NA
795,796,0.130717046517288,-111.729078668591,42.5586745994463,-114.236526341634,40.1023982695806,0.306776507416483,0.176059460899195,2024.65792269997,2024.78863974649,NA
699,701,0.0726633651323016,-92.3427523421202,41.4292073741537,-83.8792219770883,37.5828838781046,0.307778608251078,0.235115243118777,2024.71697848219,2024.78964184732,NA
903,904,0.0529959525994677,-109.398664309782,44.9957022997643,-103.208344027334,42.7135942610379,0.309064541188535,0.256068588589068,2024.73793182766,2024.79092778026,NA
1109,1110,0.0393646492696973,-98.8742040169105,39.8857722482692,-97.7461030674633,39.0742188461885,0.30936942136702,0.270004772097322,2024.75186801117,2024.79123266044,NA
724,725,0.0083642045141914,-88.2695543363044,36.0401496321824,-89.1463881400879,35.737519731067,0.309375983304412,0.30101177879022,2024.78287501786,2024.79123922238,NA
875,876,0.0234401173876015,-89.4840030020842,42.5674710824959,-91.4585713796631,42.7266119016086,0.309686931204157,0.286246813816556,2024.76811005289,2024.79155017028,NA
701,702,0.00193571509761226,-83.8792219770883,37.5828838781046,-84.329014754044,38.1379407140509,0.309714323348691,0.307778608251078,2024.78964184732,2024.79157756242,NA
1095,1096,0.0198889445575881,-99.824703710933,38.9890786913633,-92.3120324741743,36.6875842466187,0.309955760055889,0.290066815498301,2024.77193005457,2024.79181899913,NA
903,335,0.0544178991144875,-109.398664309782,44.9957022997643,-124.589968568662,50.2276491289886,0.310486487703555,0.256068588589068,2024.73793182766,2024.79234972678,EPI_ISL_19787968|A/Canada_Goose/BC/AIVPHL-2656/2024|H5N1|Canada-BC|Unknown|2024-10-17|wild_avian|D1.1
1138,1143,0.0789368603150911,-100.602909387042,41.7042695662226,-100.15536181119,44.3985497330605,0.311166756060826,0.232229895745734,2024.71409313482,2024.79302999513,NA
853,854,0.0194660248125114,-86.0138338698577,38.2391661975807,-85.8963431231221,38.5218446975008,0.311306022409358,0.291839997596847,2024.77370323667,2024.79316926148,NA
811,812,0.0838219222471495,-110.451898704155,43.7653034089716,-108.779261451317,44.8328979804506,0.31148879239873,0.227666870151581,2024.70953010922,2024.79335203147,NA
1343,1344,0.0131948023459052,-113.710149285893,39.1387173240577,-113.496711281474,38.6808662695209,0.311536896203215,0.298342093857309,2024.78020533293,2024.79340013528,NA
1171,1172,0.0396193651719545,-104.622172398696,40.7693886744416,-90.3029413430249,30.6898340941215,0.311645807839716,0.272026442667761,2024.75388968174,2024.79350904691,NA
1153,1154,0.0209599034945414,-103.429439900984,42.4322963256599,-101.283286745393,41.25384570905,0.312841396080967,0.291881492586425,2024.77374473166,2024.79470463515,NA
1311,1312,0.0714261370924669,-98.4269065718965,39.9254258817562,-101.41100433127,41.3651660503465,0.314393525571163,0.242967388478696,2024.72483062755,2024.79625676464,NA
712,713,0.0189393510702502,-86.1827868154599,35.1856685817491,-86.1798604085965,35.219471084938,0.315051722951344,0.296112371881094,2024.77797561095,2024.79691496202,NA
1196,241,0.118785259678952,-109.500788998981,43.8510032263036,-119.051795535499,46.9867874253393,0.315950968577807,0.197165708898856,2024.67902894797,2024.79781420765,SRR34491467|A/mallard/WA/24-031817-001/2024|H5N1|USA-WA|Grant|2024-10-19|wild_avian|D1.1
815,558,0.110991554686028,-103.036526186413,42.1467531454427,-111.722674977059,46.1028748198447,0.315950968577807,0.204959413891779,2024.68682265296,2024.79781420765,SRR36628568|A/green_winged_teal/MT/24-031811-004/2024|H5N1|USA-MT|Broadwater|2024-10-19|wild_avian|D1.1
1094,615,0.0608980150668894,-112.500339840405,42.5215703939074,-116.938573432785,32.9737430492097,0.315950968577807,0.255052953510918,2024.73691619258,2024.79781420765,SRR34491407|A/american_white_pelican/CA/24-031867-001/2024|H5N1|USA-CA|San_Diego|2024-10-19|wild_avian|D1.1
1096,1097,0.0102345640134456,-92.3120324741743,36.6875842466187,-91.047234500894,35.7265561591653,0.320190324069334,0.309955760055889,2024.79181899913,2024.80205356314,NA
1159,1160,0.0247897458640818,-104.216868583561,42.0325987298972,-102.092208300477,41.6110027885539,0.320702540922311,0.295912795058229,2024.77777603413,2024.80256577999,NA
1134,285,0.0839797764963497,-121.759341522762,46.0661873040408,-122.843832294443,44.9656035534289,0.321415449452287,0.237435672955937,2024.71929891203,2024.80327868852,SRR34491396|A/cackling_goose/OR/24-031821-001/2024|H5N1|USA-OR|Marion|2024-10-21|wild_avian|D1.1
1258,1259,0.0593096915577327,-71.9912935853731,41.5239123636747,-63.8397384804428,44.1241334141107,0.321444968213309,0.262135276655576,2024.74399851573,2024.80330820729,NA
894,588,0.125403745839753,-112.813956607286,44.0539753260339,-123.839716183212,44.7532445397501,0.324147689889413,0.198743944049661,2024.68060718312,2024.80601092896,SRR34491351|A/canada_goose/OR/24-033934-001/2024|H5N1|USA-OR|Lincoln|2024-10-22|wild_avian|D1.1
864,865,0.0872151850700602,-102.351922731513,43.4001260876083,-100.68411315369,40.1642177699896,0.324785116998939,0.237569931928879,2024.719433171,2024.80664835607,NA
1186,1187,0.0859242751227856,-113.96843021419,37.5412115262323,-124.023562820999,37.5000893979221,0.325043063505236,0.23911878838245,2024.72098202745,2024.80690630258,NA
1317,1318,0.0694458677632408,-92.6865288118598,38.8572541369406,-91.4209681141344,37.6096524993314,0.325465828307802,0.256019960544562,2024.73788319962,2024.80732906738,NA
1110,1111,0.0163830105327327,-97.7461030674633,39.0742188461885,-98.2157693567832,38.454068736136,0.325752431899752,0.30936942136702,2024.79123266044,2024.80761567097,NA
1085,333,0.074447245327171,-112.966060922514,48.8839194242108,-113.628274349984,49.0919928181353,0.32687993032654,0.252432684999369,2024.73429592407,2024.8087431694,EPI_ISL_20208389|A/Cackling_Goose/AB/FAV-0398-1/2024|H5N1|Canada-AB|Unknown|2024-10-23|wild_avian|D1.1
1130,1131,0.0559761928120908,-107.874206456306,44.9834647489715,-103.839560776658,42.9940469225788,0.327215240653229,0.271239047841138,2024.75310228691,2024.80907847973,NA
773,774,0.0846502563026705,-87.2220990339262,36.5702080860756,-89.0764255820402,37.9183545587563,0.327723738332377,0.243073482029706,2024.7249367211,2024.8095869774,NA
853,859,0.0366142797244242,-86.0138338698577,38.2391661975807,-85.3943423164581,38.164660372548,0.328454277321271,0.291839997596847,2024.77370323667,2024.81031751639,NA
1098,1099,0.100143793110365,-114.668915129898,44.8695100172519,-119.068243061334,47.2551975793446,0.328646835876243,0.228503042765877,2024.71036628184,2024.81051007495,NA
1277,1280,0.0632466301735117,-71.5542779070341,41.0295188474191,-73.4546138957828,40.9793450650665,0.328968897025641,0.265722266852129,2024.74758550592,2024.8108321361,NA
1107,1122,0.10563229493677,-106.822914258007,43.0525599824779,-90.0562927612205,39.6326304335582,0.329150419399673,0.223518124462904,2024.70538136354,2024.81101365847,NA
812,813,0.0180901960629738,-108.779261451317,44.8328979804506,-115.125701589088,46.3971243208639,0.329578988461704,0.31148879239873,2024.79335203147,2024.81144222753,NA
1349,250,0.0586622200966473,-107.209893785387,46.5032560892016,-94.2731508946723,47.4365043333796,0.329612170763666,0.270949950667018,2024.75281318974,2024.81147540984,SRR34491441|A/american_coot/MN/24-032215-006/2024|H5N1|USA-MN|Itasca|2024-10-24|wild_avian|D1.1
1350,249,0.0581508629115473,-107.461085439704,46.6141801573561,-93.3292714946187,47.1220723083541,0.329612170763666,0.271461307852118,2024.75332454692,2024.81147540984,SRR34491527|A/american_coot/MN/24-032215-004/2024|H5N1|USA-MN|Itasca|2024-10-24|wild_avian|D1.1
904,907,0.0209395957904717,-103.208344027334,42.7135942610379,-105.427785983398,44.8701279649751,0.330004136979007,0.309064541188535,2024.79092778026,2024.81186737605,NA
1126,1127,0.026586092490344,-116.241801364133,41.9371331705152,-116.867208122443,42.1656434003123,0.332329604067172,0.305743511576828,2024.78760675065,2024.81419284314,NA
1200,242,0.117544085317832,-104.307062532219,48.8464011109573,-104.991875898084,49.6589548168838,0.332344411200792,0.214800325882959,2024.69666356496,2024.81420765027,EPI_ISL_20208420|A/Chicken/SK/FAV-0272-1/2024|H5N1|Canada-SK|Unknown|2024-10-25|domestic_avian|D1.1
1203,275,0.103529976489776,-113.066119620355,46.2680570894373,-135.962291222217,59.4103043502855,0.332344411200792,0.228814434711016,2024.71067767378,2024.81420765027,SRR34491422|A/bald_eagle/AK/24-032749-001/2024|H5N1|USA-AK|Haines|2024-10-25|wild_avian|D1.1
1185,676,0.0503160892065151,-118.722424847069,39.1961282555249,-122.379294407949,38.9162761039279,0.335076651637918,0.284760562431403,2024.7666238015,2024.81693989071,SRR36617365|A/mallard_duck/CA/24-032544-016/2024|H5N1|USA-CA|Yolo|2024-10-26|wild_avian|D1.1
778,780,0.0880716093007019,-93.7004347397388,38.3630090722107,-81.8456243592346,38.3515026045833,0.33553967641708,0.247468067116378,2024.72933130619,2024.81740291549,NA
695,696,0.0451805819833611,-82.8491701560981,36.2027316598101,-94.7732999244525,43.6757448135488,0.335563321253819,0.290382739270458,2024.77224597834,2024.81742656033,NA
737,738,0.0431261814226798,-89.4888198432712,35.870250592075,-92.5601767110697,37.5111771904104,0.33747183095768,0.294345649535001,2024.77620888861,2024.81933507003,NA
1267,1272,0.0657526323215978,-72.0312088400259,41.5685372899492,-69.7839524233122,42.7509127586513,0.337801507822038,0.272048875500441,2024.75391211457,2024.81966474689,NA
1280,1281,0.0104619360579514,-73.4546138957828,40.9793450650665,-75.8174664234766,41.6734397348621,0.339430833083592,0.328968897025641,2024.8108321361,2024.82129407216,NA
713,714,0.0249564806762621,-86.1798604085965,35.219471084938,-78.8278430653149,34.8707201025768,0.340008203627606,0.315051722951344,2024.79691496202,2024.8218714427,NA
1086,519,0.0801719329493171,-112.917407357904,43.8808757208703,-122.843588474056,49.6934458502401,0.340541132512398,0.260369199563081,2024.74223243864,2024.82240437158,EPI_ISL_19751742|A/Peregrine_Falcon/BC/AIVPHL-2576/2024|H5N1|Canada-BC|Unknown|2024-10-28|wild_avian|D1.1
1160,1161,0.0207008144223571,-102.092208300477,41.6110027885539,-98.2854054832614,41.5883741860935,0.341403355344668,0.320702540922311,2024.80256577999,2024.82326659442,NA
691,692,0.0578621282160061,-82.9351916012888,39.3648120967267,-86.3815992350649,42.6049899760711,0.341414080682456,0.28355195246645,2024.76541519154,2024.82327731975,NA
879,887,0.0412775462316801,-88.570668919763,39.8469027639634,-88.3971401664509,38.5738050214554,0.341522041729852,0.300244495498172,2024.78210773457,2024.8233852808,NA
1154,1155,0.0288299356674016,-101.283286745393,41.25384570905,-101.4939289776,41.2465075379919,0.341671331748368,0.312841396080967,2024.79470463515,2024.82353457082,NA
1259,1265,0.0202993044995226,-63.8397384804428,44.1241334141107,-63.8276316426827,44.0594833540496,0.341744272712831,0.321444968213309,2024.80330820729,2024.82360751179,NA
1099,1101,0.0136048991144901,-119.068243061334,47.2551975793446,-119.933528648947,46.8156359382319,0.342251734990733,0.328646835876243,2024.81051007495,2024.82411497406,NA
1114,1115,0.0563939743686714,-109.625583793957,40.3794486326984,-112.707041212711,40.9924212232132,0.342746860766952,0.286352886398281,2024.76821612547,2024.82461009984,NA
1099,1100,0.0143076064604366,-119.068243061334,47.2551975793446,-142.1068004603,56.9866782803274,0.342954442336679,0.328646835876243,2024.81051007495,2024.82481768141,NA
1345,1347,0.105354183533612,-114.578427216938,43.9588694904969,-115.051097193469,44.0235619657606,0.343048955675997,0.237694772142384,2024.71955801121,2024.82491219475,NA
777,785,0.112292810563962,-94.9069395725197,39.0613977087748,-90.9515668793731,38.9299803815406,0.343186335300202,0.23089352473624,2024.71275676381,2024.82504957437,NA
907,908,0.0137279101116197,-105.427785983398,44.8701279649751,-100.22223357876,42.7715080917199,0.343732047090627,0.330004136979007,2024.81186737605,2024.82559528616,NA
1165,1168,0.0923834191601069,-97.6766536072112,41.5737461295951,-97.1900446326634,41.6365732122283,0.344116536567132,0.251733117407025,2024.73359635648,2024.82597977564,NA
1209,1210,0.10213769832652,-106.57178604677,43.4491126727951,-105.733789464506,43.29336367437,0.344907301966317,0.242769603639797,2024.72463284271,2024.82677054104,NA
854,855,0.033754708082834,-85.8963431231221,38.5218446975008,-90.7701150609433,38.5482540431613,0.345060730492192,0.311306022409358,2024.79316926148,2024.82692396956,NA
1240,1241,0.0621292555490054,-76.3762091884712,44.4586196814717,-75.6503210982787,44.1000848829769,0.345690867281099,0.283561611732093,2024.7654248508,2024.82755410635,NA
1350,251,0.0745443055345316,-107.461085439704,46.6141801573561,-113.052953050463,47.9885146902198,0.34600561338665,0.271461307852118,2024.75332454692,2024.82786885246,SRR34491342|A/bald_eagle/MT/24-033248-001/2024|H5N1|USA-MT|Flathead|2024-10-30|wild_avian|D1.1
1173,661,0.0664489027792958,-104.367872007114,40.6755547246867,-108.767944000571,50.3709796910441,0.34600561338665,0.279556710607354,2024.76141994968,2024.82786885246,EPI_ISL_20208448|A/Snow_Goose/SK/FAV-0407-6/2024|H5N1|Canada-SK|Unknown|2024-10-30|wild_avian|D1.1
1287,1288,0.0592297239633337,-74.4468082783794,43.6633918463965,-73.15913894039,42.9069162753205,0.346201462942125,0.286971738978792,2024.76883497805,2024.82806470201,NA
1281,1282,0.0116795002462122,-75.8174664234766,41.6734397348621,-75.327481985614,40.4550807853265,0.351110333329804,0.339430833083592,2024.82129407216,2024.8329735724,NA
1199,238,0.0960630096808708,-111.99255451524,43.7022044674732,-106.163704311792,41.1061509345954,0.351470094260902,0.255407084580032,2024.73727032365,2024.83333333333,SRR36617768|A/great_horned_owl/WY/24-033104-001/2024|H5N1|USA-WY|Albany|2024-11-01|wild_avian|D1.1
1190,278,0.0590084634083854,-118.95000419313,39.8941475647478,-117.817257827257,39.5564733658959,0.351470094260902,0.292461630852517,2024.77432486992,2024.83333333333,SRR36628797|A/northern_shoveler/NV/24-033106-004/2024|H5N1|USA-NV|Churchill|2024-11-01|wild_avian|D1.1
878,889,0.0684118163129166,-96.7372573429227,41.5628473115651,-96.1033205034469,42.7392855957388,0.351623395010244,0.283211578697328,2024.76507481777,2024.83348663408,NA
1288,1289,0.00681082463503158,-73.15913894039,42.9069162753205,-73.1200075580046,42.9746581909813,0.353012287577157,0.346201462942125,2024.82806470201,2024.83487552665,NA
1241,1242,0.00759001530043668,-75.6503210982787,44.1000848829769,-75.6855140309576,43.4740701793353,0.353280882581535,0.345690867281099,2024.82755410635,2024.83514412165,NA
785,786,0.0102538201771394,-90.9515668793731,38.9299803815406,-91.590294680183,38.9457799116484,0.353440155477342,0.343186335300202,2024.82504957437,2024.83530339455,NA
1154,1157,0.0408851147149354,-101.283286745393,41.25384570905,-98.0208030383384,39.9368979783066,0.353726510795902,0.312841396080967,2024.79470463515,2024.83558974987,NA
707,708,0.110064941097755,-87.4311339263192,36.2144999430213,-88.6077661603019,38.0594897796493,0.354071016954684,0.244006075856929,2024.72586931493,2024.83593425603,NA
780,781,0.0185782849795124,-81.8456243592346,38.3515026045833,-83.3729695979037,42.0231194239545,0.354117961396593,0.33553967641708,2024.81740291549,2024.83598120047,NA
899,610,0.121750752595146,-115.80561016225,45.1582296829329,-120.036075506482,44.2011065769104,0.354202334698029,0.232451582102883,2024.71431482118,2024.83606557377,SRR34491330|A/canada_goose/OR/24-033933-001/2024|H5N1|USA-OR|Crook|2024-11-02|wild_avian|D1.1
1177,629,0.111989085457035,-113.565210762524,43.7931509259821,-118.120883048638,39.6910449849688,0.354202334698029,0.242213249240993,2024.72407648831,2024.83606557377,SRR34491332|A/mallard/NV/24-033109-013/2024|H5N1|USA-NV|Churchill|2024-11-02|wild_avian|D1.1
817,608,0.11083625336088,-108.10168728236,46.1357230513416,-119.458729867801,49.9896050843564,0.354202334698029,0.243366081337148,2024.72522932041,2024.83606557377,EPI_ISL_19751768|A/Snow_Goose/BC/AIVPHL-2636/2024|H5N1|Canada-BC|Unknown|2024-11-02|wild_avian|D1.1
1282,1283,0.00316638487450271,-75.327481985614,40.4550807853265,-76.2361515394779,40.9409917683945,0.354276718204307,0.351110333329804,2024.8329735724,2024.83613995728,NA
1289,1290,0.00128695522276767,-73.1200075580046,42.9746581909813,-73.15234566897,42.6949570982543,0.354299242799925,0.353012287577157,2024.83487552665,2024.83616248187,NA
750,753,0.0866056215562785,-92.635009622032,40.9192444803424,-93.9643723611265,41.4151017621511,0.359603593953499,0.27299797239722,2024.75486121147,2024.84146683303,NA
1241,1245,0.0141237253067101,-75.6503210982787,44.1000848829769,-72.1149901813707,41.822750927473,0.359814592587809,0.345690867281099,2024.82755410635,2024.84167783166,NA
753,754,0.000325211921494262,-93.9643723611265,41.4151017621511,-94.032104905551,41.4435301060107,0.359928805874993,0.359603593953499,2024.84146683303,2024.84179204495,NA
696,697,0.0246910550905071,-94.7732999244525,43.6757448135488,-94.7042025407694,44.5191172975651,0.360254376344326,0.335563321253819,2024.81742656033,2024.84211761542,NA
1288,1305,0.015680009332556,-73.15913894039,42.9069162753205,-72.0024149297414,42.1882628983758,0.361881472274681,0.346201462942125,2024.82806470201,2024.84374471135,NA
814,594,0.104744804427737,-112.500423159723,43.3933441118644,-119.238092214826,47.5038521048081,0.362399056009634,0.257654251581898,2024.73951749065,2024.84426229508,SRR34491322|A/green_winged_teal/WA/24-033431-002/2024|H5N1|USA-WA|Grant|2024-11-05|wild_avian|D1.1
1168,1169,0.0183527393520322,-97.1900446326634,41.6365732122283,-98.9786932397577,42.2031882793059,0.362469275919164,0.344116536567132,2024.82597977564,2024.84433251499,NA
785,788,0.0199583594641408,-90.9515668793731,38.9299803815406,-90.4264969614206,38.3755122766856,0.363144694764343,0.343186335300202,2024.82504957437,2024.84500793384,NA
908,1080,0.019427300962372,-100.22223357876,42.7715080917199,-103.343130354626,41.7937729446136,0.363159348052999,0.343732047090627,2024.82559528616,2024.84502258713,NA
1317,1319,0.108895521134436,-92.6865288118598,38.8572541369406,-92.6935635771831,38.8681946499962,0.364915481678998,0.256019960544562,2024.73788319962,2024.84677872075,NA
1132,1133,0.152030196526458,-110.962383245268,42.511750961105,-111.107522422109,33.225295115549,0.366117356433584,0.214087159907125,2024.69595039898,2024.84798059551,NA
714,716,0.026924491029529,-78.8278430653149,34.8707201025768,-84.5985110798152,37.0587057548953,0.366932694657135,0.340008203627606,2024.8218714427,2024.84879593373,NA
1200,243,0.153063211000927,-104.307062532219,48.8464011109573,-103.344535122709,48.6992911832047,0.367863536883887,0.214800325882959,2024.69666356496,2024.84972677596,SRR34491320|A/ross_s_goose/ND/24-034667-001/2024|H5N1|USA-ND|Divide|2024-11-07|wild_avian|D1.1
1134,286,0.130427863927949,-121.759341522762,46.0661873040408,-122.926353673904,45.5181843461653,0.367863536883887,0.237435672955937,2024.71929891203,2024.84972677596,SRR34491321|A/cackling_goose/OR/24-033931-001/2024|H5N1|USA-OR|Washington|2024-11-07|wild_avian|D1.1
1233,1234,0.10099741183718,-75.6837517191413,44.3294114534322,-75.6484157856457,44.1522446258277,0.368079371191458,0.267081959354278,2024.74894519843,2024.84994261026,NA
1180,624,0.126173191367799,-103.011103523101,39.1249993449917,-94.5820908701777,29.7892329334682,0.370595777321013,0.244422585953214,2024.72628582503,2024.85245901639,SRR36617252|A/green_winged_teal/TX/24-037863-003/2024|H5N1|USA-TX|Chambers|2024-11-08|wild_avian|D1.1
1355,2,0.107533815341521,-106.835364102374,43.8216680892983,-94.8482852053028,29.7493994713883,0.370595777321013,0.263061961979492,2024.74492520105,2024.85245901639,SRR36628420|A/blue_winged_teal/TX/24-037863-008/2024|H5N1|USA-TX|Chambers|2024-11-08|wild_avian|D1.1
1312,1313,0.0567034798593662,-101.41100433127,41.3651660503465,-106.170529004233,41.8294115863951,0.371097005430529,0.314393525571163,2024.79625676464,2024.8529602445,NA
1259,1260,0.0497033840153636,-63.8397384804428,44.1241334141107,-63.8848172157253,44.1126976196142,0.371148352228672,0.321444968213309,2024.80330820729,2024.8530115913,NA
892,549,0.130432270156683,-111.047683472697,44.5466058096299,-94.9731856445575,37.4329553720654,0.373328017758139,0.242895747601456,2024.72475898667,2024.85519125683,SRR34491499|A/green_winged_teal/KS/24-034556-004/2024|H5N1|USA-KS|Crawford|2024-11-09|wild_avian|D1.1
1163,671,0.130417280777881,-100.365790210834,41.6630337985087,-94.9333718816499,35.482141620768,0.373328017758139,0.242910736980258,2024.72477397605,2024.85519125683,SRR36628704|A/green_winged_teal/OK/24-034551-041/2024|H5N1|USA-OK|Sequoyah|2024-11-09|wild_avian|D1.1
1212,274,0.129306650319613,-106.967235156285,44.8091286226572,-94.7917697338317,35.5954688399623,0.373328017758139,0.244021367438526,2024.72588460651,2024.85519125683,SRR34491500|A/green_winged_teal/OK/24-034551-045/2024|H5N1|USA-OK|Sequoyah|2024-11-09|wild_avian|D1.1
1141,655,0.0685533163973089,-90.7166938623283,39.0774500759455,-95.5068954353544,37.4495551422947,0.373328017758139,0.30477470136083,2024.78663794043,2024.85519125683,SRR34491498|A/green_winged_teal/KS/24-034557-008/2024|H5N1|USA-KS|Neosho|2024-11-09|wild_avian|D1.1
1283,1284,0.0197484379326525,-76.2361515394779,40.9409917683945,-76.3055509702905,42.7574886934886,0.37402515613696,0.354276718204307,2024.83613995728,2024.85588839521,NA
1355,1,0.112998296216001,-106.835364102374,43.8216680892983,-110.622512234571,51.088027201788,0.376060258195493,0.263061961979492,2024.74492520105,2024.85792349727,EPI_ISL_20208391|A/Canada_Goose/AB/FAV-0178-6/2025|H5N1|Canada-AB|Unknown|2024-11-10|wild_avian|D1.1
748,756,0.132992714115388,-88.7256186352535,37.056611652596,-77.5094319615783,40.9674602965141,0.378711763153696,0.245719049038308,2024.72758228811,2024.86057500223,NA
899,605,0.146340916529736,-115.80561016225,45.1582296829329,-122.722085844924,51.4670926747932,0.378792498632619,0.232451582102883,2024.71431482118,2024.8606557377,EPI_ISL_19787978|A/Snow_Goose/BC/AIVPHL-2667/2024|H5N1|Canada-BC|Unknown|2024-11-11|wild_avian|D1.1
1339,263,0.145741491732934,-119.131193709516,44.3375061675876,-110.494454876535,51.6827780846935,0.378792498632619,0.233051006899685,2024.71491424597,2024.8606557377,EPI_ISL_19792234|A/Chicken/AB/FAV-0354-2/2024|H5N1|Canada-AB|Unknown|2024-11-11|domestic_avian|D1.1
1101,574,0.0392730040790121,-119.933528648947,46.8156359382319,-151.538575800108,70.4330621880537,0.381524739069745,0.342251734990733,2024.82411497406,2024.86338797814,SRR31596883|A/chicken/AK/24-034057-002-original/2024|H5N1|USA-AK|Unknown|2024-11-12|domestic_avian|D1.1
1129,577,0.16335785946229,-112.762779522472,44.0746567741127,-112.569041797929,44.0566392782869,0.384256979506871,0.220899120044581,2024.70276235912,2024.86612021858,SRR34491487|A/trumpeter_swan/ID/24-034853-004/2024|H5N1|USA-ID|Jefferson|2024-11-13|wild_avian|D1.1
1199,237,0.12884989492684,-111.99255451524,43.7022044674732,-111.835095074425,43.6345137700508,0.384256979506871,0.255407084580032,2024.73727032365,2024.86612021858,SRR34491488|A/trumpeter_swan/ID/24-034853-002/2024|H5N1|USA-ID|Jefferson|2024-11-13|wild_avian|D1.1
877,545,0.113101792938149,-96.6514720937969,41.6764464577713,-106.786571689554,54.220443209092,0.384256979506871,0.271155186568722,2024.75301842564,2024.86612021858,EPI_ISL_19792227|A/Cackling_Goose/SK/FAV-0407-8/2024|H5N1|Canada-SK|Unknown|2024-11-13|wild_avian|D1.1
908,909,0.0414497292786127,-100.22223357876,42.7715080917199,-99.9373767082014,42.0891067724224,0.385181776369239,0.343732047090627,2024.82559528616,2024.86704501544,NA
855,856,0.0410511977013379,-90.7701150609433,38.5482540431613,-85.56150718658,39.1761637567077,0.38611192819353,0.345060730492192,2024.82692396956,2024.86797516727,NA
700,140,0.14446541229667,-90.0141418240666,41.9038931079911,-94.1140237844318,47.3569610082142,0.386989219943997,0.242523807647328,2024.72438704672,2024.86885245902,SRR34491480|A/ring_necked_duck/MN/24-035413-001/2024|H5N1|USA-MN|Cass|2024-11-14|wild_avian|D1.1
702,142,0.0772748965953067,-84.329014754044,38.1379407140509,-92.1258219756104,44.3169394374201,0.386989219943997,0.309714323348691,2024.79157756242,2024.86885245902,SRR34491479|A/canvasback/MN/24-035695-001/2024|H5N1|USA-MN|Wabasha|2024-11-14|wild_avian|D1.1
781,783,0.0336996438720816,-83.3729695979037,42.0231194239545,-83.7648795135338,40.6542265460131,0.387817605268674,0.354117961396593,2024.83598120047,2024.86968084434,NA
716,717,0.0216306948048606,-84.5985110798152,37.0587057548953,-81.1677123075307,38.8058666981141,0.388563389461996,0.366932694657135,2024.84879593373,2024.87042662853,NA
799,554,0.156780706189345,-106.006270447775,42.0607387040697,-103.748668339404,40.2472421448811,0.389721460381123,0.232940754191779,2024.71480399326,2024.87158469945,SRR36617493|A/golden_eagle/CO/25-010611-001/2024|H5N1|USA-CO|Morgan|2024-11-15|wild_avian|D1.1
1333,5,0.0895334143062994,-113.172885669609,41.3262012478555,-113.417778846528,41.5413639953321,0.389721460381123,0.300188046074824,2024.78205128515,2024.87158469945,SRR34491413|A/mallard/UT/24-034892-003/2024|H5N1|USA-UT|Box_Elder|2024-11-15|wild_avian|D1.1
754,212,0.0297926545061302,-94.032104905551,41.4435301060107,-98.0719409470737,46.4466135567077,0.389721460381123,0.359928805874993,2024.84179204495,2024.87158469945,SRR34491411|A/green_winged_teal/ND/24-034964-002/2024|H5N1|USA-ND|LaMoure|2024-11-15|wild_avian|D1.1
775,776,0.0895568307742236,-85.9681781856246,35.886295871151,-86.0511933875537,35.6727812827543,0.391655597620475,0.302098766846251,2024.78396200592,2024.87351883669,NA
1344,254,0.080916804615035,-113.496711281474,38.6808662695209,-118.641979023019,36.8460018411611,0.39245370081825,0.311536896203215,2024.79340013528,2024.87431693989,SRR34491569|A/gadwall/CA/24-035297-036/2024|H5N1|USA-CA|Fresno|2024-11-16|wild_avian|D1.1
1318,10,0.0669878725104471,-91.4209681141344,37.6096524993314,-89.3182259352734,38.704706600159,0.39245370081825,0.325465828307802,2024.80732906738,2024.87431693989,SRR34491574|A/green_winged_teal/IL/24-035153-025/2024|H5N1|USA-IL|Clinton|2024-11-16|wild_avian|D1.1
1269,1270,0.0891069862945242,-73.6528528656646,40.9371104666736,-76.5777841673633,41.7234459252182,0.393719302304245,0.304612316009721,2024.78647555508,2024.87558254138,NA
909,910,0.00961446976366864,-99.9373767082014,42.0891067724224,-99.353480956882,43.6521885646352,0.394796246132908,0.385181776369239,2024.86704501544,2024.87665948521,NA
1142,659,0.124565692833183,-100.379215204065,43.2497498796831,-103.368015531467,55.5382275674082,0.395185941255603,0.27062024842242,2024.75248348749,2024.87704918033,EPI_ISL_19792243|A/Mallard/SK/FAV-0391-21/2024|H5N1|Canada-SK|Unknown|2024-11-17|wild_avian|D1.1
1122,576,0.0660355218559296,-90.0562927612205,39.6326304335582,-89.5020964905498,38.6710600897744,0.395185941255603,0.329150419399673,2024.81101365847,2024.87704918033,SRR34491566|A/northern_pintail/IL/24-035154-001/2024|H5N1|USA-IL|Clinton|2024-11-17|wild_avian|D1.1
1319,1328,0.0311268173375738,-92.6935635771831,38.8681946499962,-91.793448439899,39.3344549042182,0.396042299016572,0.364915481678998,2024.84677872075,2024.87790553809,NA
1234,1235,0.0290710674960564,-75.6484157856457,44.1522446258277,-73.2757825122206,44.3611833258821,0.397150438687514,0.368079371191458,2024.84994261026,2024.87901367776,NA
1245,1246,0.0375922119491809,-72.1149901813707,41.822750927473,-75.1252396458882,40.4104756878598,0.39740680453699,0.359814592587809,2024.84167783166,2024.87927004361,NA
725,726,0.0890447896339328,-89.1463881400879,35.737519731067,-88.0553079189369,32.1336849706301,0.398420772938345,0.309375983304412,2024.79123922238,2024.88028401201,NA
1102,1103,0.155471175265863,-106.910651399564,37.2853649830603,-81.3955366767889,30.8016002015415,0.399460756773995,0.243989581508132,2024.72585282058,2024.88132399585,NA
682,683,0.169925530019403,-82.6640501236875,42.7493814277728,-97.5161343318076,41.8291003214609,0.401214328168012,0.231288798148608,2024.71315203722,2024.88307756724,NA
910,977,0.0106414622625339,-99.353480956882,43.6521885646352,-100.320339814728,44.0376324321842,0.405437708395442,0.394796246132908,2024.87665948521,2024.88730094747,NA
1080,1081,0.0424931255511409,-103.343130354626,41.7937729446136,-105.917703048436,44.8762030003207,0.40565247360414,0.363159348052999,2024.84502258713,2024.88751571268,NA
1100,571,0.0631604606674285,-142.1068004603,56.9866782803274,-155.729310905799,67.8928378780682,0.406114903004108,0.342954442336679,2024.82481768141,2024.88797814208,SRR31914376|A/chicken/AK/24-035126-001-original/2024|H5N1|USA-AK|Unknown|2024-11-21|domestic_avian|D1.1
1313,1314,0.0360421724035906,-106.170529004233,41.8294115863951,-105.335934342059,41.6662318272798,0.40713917783412,0.371097005430529,2024.8529602445,2024.88900241691,NA
717,718,0.0192337009721126,-81.1677123075307,38.8058666981141,-81.7012318446801,39.3888757526942,0.407797090434108,0.388563389461996,2024.87042662853,2024.88966032951,NA
1133,287,0.0427297870076504,-111.107522422109,33.225295115549,-112.049877184406,32.5823771796754,0.408847143441234,0.366117356433584,2024.84798059551,2024.89071038251,SRR36617849|A/house_sparrow/AZ/24-036612-005/2024|H5N1|USA-AZ|Pinal|2024-11-22|wild_avian|D1.1
859,860,0.0805956050797465,-85.3943423164581,38.164660372548,-79.4805600570407,32.1318149415825,0.409049882401017,0.328454277321271,2024.81031751639,2024.89091312147,NA
1260,1261,0.038073908933745,-63.8848172157253,44.1126976196142,-64.845484376625,44.9939614895071,0.409222261162417,0.371148352228672,2024.8530115913,2024.89108550023,NA
1270,1271,0.016096571743186,-76.5777841673633,41.7234459252182,-77.0049375273296,42.0725995674615,0.409815874047431,0.393719302304245,2024.87558254138,2024.89167911312,NA
977,978,0.00457534514401492,-100.320339814728,44.0376324321842,-99.242716242868,43.5786084077772,0.410013053539457,0.405437708395442,2024.88730094747,2024.89187629261,NA
1328,1329,0.0141399853014239,-91.793448439899,39.3344549042182,-80.6954083003195,40.7583283424312,0.410182284317996,0.396042299016572,2024.87790553809,2024.89204552339,NA
1329,1330,8.48431499593794e-05,-80.6954083003195,40.7583283424312,-80.658466747878,40.7626245246698,0.410267127467955,0.410182284317996,2024.89204552339,2024.89213036654,NA
778,779,0.163809503990176,-93.7004347397388,38.3630090722107,-97.5244753757113,40.1525436299301,0.411277571106555,0.247468067116378,2024.72933130619,2024.89314081018,NA
700,141,0.169055576231033,-90.0141418240666,41.9038931079911,-80.3803403570317,26.8511087756891,0.41157938387836,0.242523807647328,2024.72438704672,2024.89344262295,SRR34491474|A/blue_winged_teal/FL/24-036665-008/2024|H5N1|USA-FL|Palm_Beach|2024-11-23|wild_avian|D1.1
689,137,0.145154838430131,-87.0693669564361,38.2989566590897,-80.5366158264435,26.7194369802816,0.41157938387836,0.266424545448229,2024.74828778452,2024.89344262295,SRR34491475|A/blue_winged_teal/FL/24-036665-004/2024|H5N1|USA-FL|Palm_Beach|2024-11-23|wild_avian|D1.1
701,144,0.103800775627282,-83.8792219770883,37.5828838781046,-84.9421177893996,31.0300787994538,0.41157938387836,0.307778608251078,2024.78964184732,2024.89344262295,SRR36617263|A/ring_necked_duck/GA/24-036176-005/2024|H5N1|USA-GA|Seminole|2024-11-23|wild_avian|D1.1
702,143,0.10186506052967,-84.329014754044,38.1379407140509,-85.5917755728581,36.5980208448432,0.41157938387836,0.309714323348691,2024.79157756242,2024.89344262295,EPI_ISL_19777455|A/northern_pintail/Tennessee/158/2024|H5N1|USA-TN|Unknown|2024-11-23|wild_avian|D1.1
692,136,0.070165303195904,-86.3815992350649,42.6049899760711,-84.8323098175524,30.9001663013828,0.41157938387836,0.341414080682456,2024.82327731975,2024.89344262295,SRR36617264|A/ring_necked_duck/GA/24-036176-004/2024|H5N1|USA-GA|Seminole|2024-11-23|wild_avian|D1.1
1103,1104,0.0124118962500295,-81.3955366767889,30.8016002015415,-81.0751956730483,30.6532309416781,0.411872653024024,0.399460756773995,2024.88132399585,2024.8937358921,NA
718,719,0.00442148501718331,-81.7012318446801,39.3888757526942,-81.9623379628338,39.2025068216069,0.412218575451292,0.407797090434108,2024.88966032951,2024.89408181452,NA
910,911,0.0181207091078388,-99.353480956882,43.6521885646352,-96.7876277400302,43.3800900459727,0.412916955240747,0.394796246132908,2024.87665948521,2024.89478019431,NA
1235,1236,0.0159856974112653,-73.2757825122206,44.3611833258821,-72.9018286001326,44.19417379872,0.41313613609878,0.397150438687514,2024.87901367776,2024.89499937517,NA
1081,1082,0.00792504846004971,-105.917703048436,44.8762030003207,-107.961494418507,46.8727447221214,0.413577522064189,0.40565247360414,2024.88751571268,2024.89544076114,NA
802,555,0.231975788849119,-110.477299645205,42.6623594124834,-99.0050304977835,40.889206857939,0.414311624315714,0.182335835466595,2024.66419907454,2024.89617486339,SRR36617504|A/mallard_duck/NE/25-004748-004/2024|H5N1|USA-NE|Buffalo|2024-11-24|wild_avian|D1.1
1152,644,0.175341475133048,-100.42386564939,41.6079483312364,-101.046698965843,44.1756957709392,0.414311624315714,0.238970149182665,2024.72083338825,2024.89617486339,SRR31914411|A/Turkey/SD/24-035157-004-original/2024|H5N1|USA-SD|Unknown|2024-11-24|domestic_avian|D1.1
1209,269,0.171542020675916,-106.57178604677,43.4491126727951,-104.959722144974,39.7536406381663,0.414311624315714,0.242769603639797,2024.72463284271,2024.89617486339,SRR36617491|A/Peregrine_falcon/CO/25-019366-001/2024|H5N1|USA-CO|Denver|2024-11-24|wild_avian|D1.1
1092,617,0.159194228939577,-118.316586791311,41.830989018419,-119.477335315769,46.9440715535266,0.414311624315714,0.255117395376136,2024.73698063445,2024.89617486339,SRR36617269|A/mallard_duck/WA/24-036061-007/2024|H5N1|USA-WA|Grant|2024-11-24|wild_avian|D1.1
879,880,0.114134353728596,-88.570668919763,39.8469027639634,-81.5576804706313,38.6599906009373,0.414378849226768,0.300244495498172,2024.78210773457,2024.8962420883,NA
1242,1243,0.0611583807601044,-75.6855140309576,43.4740701793353,-76.3408916084368,43.3727106581022,0.41443926334164,0.353280882581535,2024.83514412165,2024.89630250241,NA
750,751,0.141575579023995,-92.635009622032,40.9192444803424,-88.7692093223809,43.2655126251011,0.414573551421215,0.27299797239722,2024.75486121147,2024.89643679049,NA
692,693,0.0731702435024975,-86.3815992350649,42.6049899760711,-89.3572048495812,43.11886602393,0.414584324184954,0.341414080682456,2024.82327731975,2024.89644756326,NA
1203,1204,0.185863340872873,-113.066119620355,46.2680570894373,-119.615712849611,45.7637919120222,0.414677775583889,0.228814434711016,2024.71067767378,2024.89654101466,NA
1319,1320,0.0498195308478575,-92.6935635771831,38.8681946499962,-80.7787972712025,40.7301283179815,0.414735012526855,0.364915481678998,2024.84677872075,2024.8965982516,NA
1157,1158,0.0610995403480938,-98.0208030383384,39.9368979783066,-92.5371544783452,41.3809227139188,0.414826051143996,0.353726510795902,2024.83558974987,2024.89668929022,NA
1218,1219,0.114629513915184,-97.1486244253035,44.8667355638779,-86.9464109216609,44.6896171305768,0.415001218469929,0.300371704554745,2024.78223494363,2024.89686445754,NA
880,881,0.00224690748427681,-81.5576804706313,38.6599906009373,-81.28413199019,39.435602996079,0.416625756711045,0.414378849226768,2024.8962420883,2024.89848899578,NA
1342,256,0.174279034883142,-110.284495122347,39.6267634768231,-110.134327580016,41.7415214434582,0.41704386475284,0.242764829869698,2024.72462806894,2024.89890710383,SRR36617265|A/great_horned_owl/WY/24-036166-001/2024|H5N1|USA-WY|Lincoln|2024-11-25|wild_avian|D1.1
1173,660,0.137487154145486,-104.367872007114,40.6755547246867,-98.8807388648368,40.9182399027221,0.41704386475284,0.279556710607354,2024.76141994968,2024.89890710383,SRR36617524|A/mallard_duck/NE/25-003309-011/2024|H5N1|USA-NE|Buffalo|2024-11-25|wild_avian|D1.1
1095,611,0.126977049254539,-99.824703710933,38.9890786913633,-92.6160951625692,29.6917918738122,0.41704386475284,0.290066815498301,2024.77193005457,2024.89890710383,SRR34491460|A/blue_winged_teal/LA/24-035708-007/2024|H5N1|USA-LA|Cameron|2024-11-25|wild_avian|D1.1
1230,46,0.125429136489889,-85.9429226438838,39.9908010721597,-101.45449160516,45.1954377846639,0.41704386475284,0.291614728262951,2024.77347796734,2024.89890710383,SRR31914406|A/Turkey/SD/24-035288-003-original/2024|H5N1|USA-SD|Unknown|2024-11-25|domestic_avian|D1.1
1172,662,0.105398056913124,-90.3029413430249,30.6898340941215,-92.7740608605155,29.6518945426015,0.41704386475284,0.311645807839716,2024.79350904691,2024.89890710383,SRR34491454|A/blue_winged_teal/LA/24-035708-014/2024|H5N1|USA-LA|Cameron|2024-11-25|wild_avian|D1.1
1133,288,0.0509265083192563,-111.107522422109,33.225295115549,-111.375463236252,32.7911689961659,0.41704386475284,0.366117356433584,2024.84798059551,2024.89890710383,SRR36617855|A/black_necked_stilt/AZ/24-036610-002/2024|H5N1|USA-AZ|Pinal|2024-11-25|wild_avian|D1.1
832,834,0.132244624343134,-83.8816974110508,39.6820383554729,-77.5268620148389,37.1954080946392,0.417991866486278,0.285747242143144,2024.76761048122,2024.89985510556,NA
1082,1083,0.00480987685262191,-107.961494418507,46.8727447221214,-106.027779102307,43.023762814918,0.418387398916811,0.413577522064189,2024.89544076114,2024.90025063799,NA
1246,1247,0.0213913847725244,-75.1252396458882,40.4104756878598,-65.5524607592727,43.7518784725212,0.418798189309514,0.39740680453699,2024.87927004361,2024.90066142838,NA
783,784,0.0314901145943098,-83.7648795135338,40.6542265460131,-84.7685115041814,41.4929064583859,0.419307719862984,0.387817605268674,2024.86968084434,2024.90117095894,NA
819,290,0.196173116197589,-103.223457882755,42.2653434159518,-104.06169217596,35.3972772799264,0.419776105189966,0.223602988992377,2024.70546622806,2024.90163934426,SRR34491451|A/green_winged_teal/NM/24-036318-011/2024|H5N1|USA-NM|San_Miguel|2024-11-26|wild_avian|D1.1
1186,674,0.180657316807516,-113.96843021419,37.5412115262323,-112.144986316168,41.2985543294143,0.419776105189966,0.23911878838245,2024.72098202745,2024.90163934426,SRR36617487|A/canada_goose/UT/24-035683-001/2024|H5N1|USA-UT|Weber|2024-11-26|wild_avian|D1.1
1092,618,0.16465870981383,-118.316586791311,41.830989018419,-104.73130968692,35.445562973447,0.419776105189966,0.255117395376136,2024.73698063445,2024.90163934426,SRR34491450|A/green_winged_teal/NM/24-036318-014/2024|H5N1|USA-NM|San_Miguel|2024-11-26|wild_avian|D1.1
1097,612,0.0995857811206315,-91.047234500894,35.7265561591653,-89.1206333800693,35.1833574926662,0.419776105189966,0.320190324069334,2024.80205356314,2024.90163934426,SRR31914398|A/chicken/TN/24-035519-005-original/2024|H5N1|USA-TN|Unknown|2024-11-26|domestic_avian|D1.1
696,128,0.0842127839361466,-94.7732999244525,43.6757448135488,-90.6489801793173,42.1593192027075,0.419776105189966,0.335563321253819,2024.81742656033,2024.90163934426,SRR36628221|A/mallard_duck/IA/24-037337-003/2024|H5N1|USA-IA|Jackson|2024-11-26|wild_avian|D1.1
887,888,0.0785117549115493,-88.3971401664509,38.5738050214554,-88.4906902849665,38.5497018642225,0.420033796641401,0.341522041729852,2024.8233852808,2024.90189703571,NA
1219,1220,0.00537257364200916,-86.9464109216609,44.6896171305768,-86.9729122473255,44.3820232747466,0.420373792111938,0.415001218469929,2024.89686445754,2024.90223703118,NA
1260,1263,0.0494163724325851,-63.8848172157253,44.1126976196142,-63.2116129639574,45.6885028023403,0.420564724661258,0.371148352228672,2024.8530115913,2024.90242796373,NA
880,882,0.00626253003415478,-81.5576804706313,38.6599906009373,-86.5475782875391,37.4555810666279,0.420641379260923,0.414378849226768,2024.8962420883,2024.90250461833,NA
726,727,0.0223240753605738,-88.0553079189369,32.1336849706301,-95.494661042738,39.3923505256648,0.420744848298918,0.398420772938345,2024.88028401201,2024.90260808737,NA
977,1078,0.0153876461925837,-100.320339814728,44.0376324321842,-100.898742537598,41.7075160166747,0.420825354588026,0.405437708395442,2024.88730094747,2024.90268859366,NA
1314,1315,0.0143005073330702,-105.335934342059,41.6662318272798,-105.220533820558,41.0273547901026,0.42143968516719,0.40713917783412,2024.88900241691,2024.90330292424,NA
855,857,0.0770383106113173,-90.7701150609433,38.5482540431613,-79.4281846517469,39.1704682474721,0.422099041103509,0.345060730492192,2024.82692396956,2024.90396228018,NA
911,912,0.00924617186019527,-96.7876277400302,43.3800900459727,-92.0410704005313,40.8699087180851,0.422163127100942,0.412916955240747,2024.89478019431,2024.90402636617,NA
686,139,0.189995902097298,-93.8556670025814,42.470241314143,-80.9438906738007,32.9680122992197,0.422508345627092,0.232512443529794,2024.7143756826,2024.9043715847,SRR34491447|A/blue_winged_teal/SC/24-036315-006/2024|H5N1|USA-SC|Colleton|2024-11-27|wild_avian|D1.1
707,162,0.178502269770163,-87.4311339263192,36.2144999430213,-91.4719806666989,34.9462501262711,0.422508345627092,0.244006075856929,2024.72586931493,2024.9043715847,SRR34491402|A/mallard/AR/24-036997-003/2024|H5N1|USA-AR|Prairie|2024-11-27|wild_avian|D1.1
1353,244,0.178079026618735,-115.674640615972,43.5239985515521,-119.499670206623,34.8683781704515,0.422508345627092,0.244429319008357,2024.72629255808,2024.9043715847,SRR34491403|A/western_gull/CA/24-036324-002/2024|H5N1|USA-CA|Santa_Barbara|2024-11-27|wild_avian|D1.1
813,596,0.092929357165388,-115.125701589088,46.3971243208639,-111.289968607134,45.0063983846837,0.422508345627092,0.329578988461704,2024.81144222753,2024.9043715847,SRR33508820|A/snow_goose/MT/24-035974-001/2024|H5N1|USA-MT|Gallatin|2024-11-27|wild_avian|D1.1
1240,1254,0.139163345008541,-76.3762091884712,44.4586196814717,-74.8515593907686,42.9864339075618,0.422724956740634,0.283561611732093,2024.7654248508,2024.90458819581,NA
1313,1316,0.051644803545339,-106.170529004233,41.8294115863951,-110.835111216355,44.1986892337548,0.422741808975868,0.371097005430529,2024.8529602445,2024.90460504805,NA
781,782,0.0687668607333061,-83.3729695979037,42.0231194239545,-81.9428343288373,39.4710987762737,0.422884822129899,0.354117961396593,2024.83598120047,2024.9047480612,NA
1305,1306,0.0613849133764632,-72.0024149297414,42.1882628983758,-72.704199505739,43.6721849258572,0.423266385651144,0.361881472274681,2024.84374471135,2024.90512962472,NA
697,698,0.0639116251091556,-94.7042025407694,44.5191172975651,-92.3396020192343,45.1143943284865,0.424166001453482,0.360254376344326,2024.84211761542,2024.90602924053,NA
857,858,0.00227848016001442,-79.4281846517469,39.1704682474721,-79.1140607420137,39.2715477277709,0.424377521263524,0.422099041103509,2024.90396228018,2024.90624076034,NA
691,694,0.141096487816269,-82.9351916012888,39.3648120967267,-83.6212223487692,37.3990089566207,0.42464844028272,0.28355195246645,2024.76541519154,2024.90651167936,NA
1312,26,0.110847060493055,-101.41100433127,41.3651660503465,-108.009692044886,45.169347312628,0.425240586064218,0.314393525571163,2024.79625676464,2024.90710382514,SRR36617643|A/trumpeter_swan/MT/24-037728-001/2024|H5N1|USA-MT|Big_Horn|2024-11-28|wild_avian|D1.1
834,835,0.00771107024860274,-77.5268620148389,37.1954080946392,-78.4305939972742,37.156122501144,0.425702936734881,0.417991866486278,2024.89985510556,2024.90756617581,NA
1183,1184,0.18449934695322,-97.028740718634,39.753433495207,-95.9486400121574,39.7400660435899,0.426905093243237,0.242405746290017,2024.72426898536,2024.90876833232,NA
788,789,0.0638600302996728,-90.4264969614206,38.3755122766856,-89.4790377475825,39.073628811099,0.427004725064016,0.363144694764343,2024.84500793384,2024.90886796414,NA
1263,1264,0.00648036976108268,-63.2116129639574,45.6885028023403,-63.3901979540721,45.0944053077023,0.42704509442234,0.420564724661258,2024.90242796373,2024.90890833349,NA
1261,1262,0.0185096709238832,-64.845484376625,44.9939614895071,-64.4356230120399,46.4988782794214,0.427731932086301,0.409222261162417,2024.89108550023,2024.90959517116,NA
724,168,0.126961047711124,-88.2695543363044,36.0401496321824,-93.2650586874426,41.2353086301297,0.427972826501344,0.30101177879022,2024.78287501786,2024.90983606557,SRR34491401|A/mallard/IA/24-036924-003/2024|H5N1|USA-IA|Marion|2024-11-29|wild_avian|D1.1
729,185,0.193218671953344,-89.1046042793519,36.9116011321463,-89.1311224189678,36.3428050358603,0.433437307375824,0.24021863542248,2024.72208187449,2024.91530054645,SRR34491391|A/green_winged_teal/TN/24-036998-013/2024|H5N1|USA-TN|Obion|2024-12-01|wild_avian|D1.1
872,526,0.168953930569839,-99.988602464085,34.9483195252771,-91.3784997331031,34.753549948963,0.433437307375824,0.264483376805985,2024.74634661588,2024.91530054645,SRR34491394|A/snow_goose/AR/24-035819-001/2024|H5N1|USA-AR|Prairie|2024-12-01|wild_avian|D1.1
1254,1256,0.0114237775166275,-74.8515593907686,42.9864339075618,-73.8706606067089,41.9166629460922,0.434148734257262,0.422724956740634,2024.90458819581,2024.91601197333,NA
1167,665,0.150318832078418,-96.8763316310748,41.5577435510072,-84.7327658382696,42.4673106720964,0.43616954781295,0.285850715734533,2024.76771395481,2024.91803278689,SRR36617866|A/trumpeter_swan/MI/24-036239-001/2024|H5N1|USA-MI|Eaton|2024-12-02|wild_avian|D1.1
738,146,0.0986977168552701,-92.5601767110697,37.5111771904104,-95.6335382132039,37.282603775513,0.43616954781295,0.33747183095768,2024.81933507003,2024.91803278689,SRR34491382|A/snow_goose/KS/24-036679-005/2024|H5N1|USA-KS|Montgomery|2024-12-02|wild_avian|D1.1
713,723,0.1234668486176,-86.1798604085965,35.219471084938,-83.8931971864942,29.8654033181719,0.438518571568944,0.315051722951344,2024.79691496202,2024.92038181064,NA
1338,262,0.229650588876713,-115.984516706577,42.5415210485251,-113.411879782645,41.6889186471472,0.438901788250077,0.209251199373363,2024.69111443845,2024.92076502732,SRR34491344|A/owl/UT/24-036341-002/2024|H5N1|USA-UT|Box_Elder|2024-12-03|wild_avian|D1.1
1197,240,0.199397505741666,-105.666455531052,41.3420781374046,-111.949208830886,41.1113418470732,0.438901788250077,0.239504282508411,2024.72136752158,2024.92076502732,SRR36628227|A/canada_goose/UT/24-036341-001/2024|H5N1|USA-UT|Davis|2024-12-03|wild_avian|D1.1
1212,270,0.19488042081155,-106.967235156285,44.8091286226572,-107.087454809712,45.0154155053342,0.438901788250077,0.244021367438526,2024.72588460651,2024.92076502732,SRR36628224|A/mallard_duck/MT/24-036921-002/2024|H5N1|USA-MT|Big_Horn|2024-12-03|wild_avian|D1.1
1180,625,0.197211442733989,-103.011103523101,39.1249993449917,-98.0232176413449,44.974756236715,0.441634028687203,0.244422585953214,2024.72628582503,2024.92349726776,SRR34491526|A/snow_goose/SD/24-036845-001/2024|H5N1|USA-SD|Spink|2024-12-04|wild_avian|D1.1
1353,245,0.197204709678846,-115.674640615972,43.5239985515521,-112.787423717196,33.0317900257081,0.441634028687203,0.244429319008357,2024.72629255808,2024.92349726776,SRR36617418|A/harris_hawk/AZ/24-038176-001/2024|H5N1|USA-AZ|Maricopa|2024-12-04|wild_avian|D1.1
1230,47,0.150019300424251,-85.9429226438838,39.9908010721597,-87.557724417645,37.6782718396171,0.441634028687203,0.291614728262951,2024.77347796734,2024.92349726776,SRR34491531|A/snow_goose/KY/24-036682-002/2024|H5N1|USA-KY|Henderson|2024-12-04|wild_avian|D1.1
1078,1079,0.0208879789419134,-100.898742537598,41.7075160166747,-100.826742541931,41.7390318542532,0.441713333529939,0.420825354588026,2024.90268859366,2024.9235765726,NA
806,807,0.208357951117726,-103.542323716638,39.2294182124099,-118.304479438426,48.202537876945,0.442704399829021,0.234346448711295,2024.71620968778,2024.9245676389,NA
904,905,0.134689752215114,-103.208344027334,42.7135942610379,-102.453111416096,40.1245084909933,0.443754293403649,0.309064541188535,2024.79092778026,2024.92561753248,NA
912,913,0.0220901676919953,-92.0410704005313,40.8699087180851,-92.7010158746124,41.0809061476053,0.444253294792937,0.422163127100942,2024.90402636617,2024.92611653387,NA
1289,1294,0.0913151500868269,-73.1200075580046,42.9746581909813,-70.0912130247348,41.4521586000232,0.444327437663984,0.353012287577157,2024.83487552665,2024.92619067674,NA
1188,677,0.202350401681213,-97.5291325207929,31.8201132277776,-93.7321757126649,30.0275723684503,0.444366269124329,0.242015867443116,2024.72387910652,2024.9262295082,SRR34491517|A/snow_goose/LA/24-036681-003/2024|H5N1|USA-LA|Cameron|2024-12-05|wild_avian|D1.1
871,521,0.186162230285414,-95.786991950385,37.2578012560397,-92.9357619288987,30.0168013281284,0.444366269124329,0.258204038838915,2024.74006727791,2024.9262295082,SRR34491514|A/snow_goose/LA/24-036681-005/2024|H5N1|USA-LA|Cameron|2024-12-05|wild_avian|D1.1
1187,672,0.119323205619093,-124.023562820999,37.5000893979221,-117.815934818,34.0984549181812,0.444366269124329,0.325043063505236,2024.80690630258,2024.9262295082,SRR36617838|A/western_gull/CA/24-036784-001/2024|H5N1|USA-CA|Los_Angeles|2024-12-05|wild_avian|D1.1
1101,573,0.102114534133596,-119.933528648947,46.8156359382319,-149.36098190656,61.8010462539776,0.444366269124329,0.342251734990733,2024.82411497406,2024.9262295082,SRR36627907|A/mallard_duck/AK/24-037772-023/2024|H5N1|USA-AK|Matanuska-Susitna|2024-12-05|wild_avian|D1.1
1100,572,0.10141182678765,-142.1068004603,56.9866782803274,-146.836303668784,62.776764079983,0.444366269124329,0.342954442336679,2024.82481768141,2024.9262295082,SRR36617632|A/mallard_duck/AK/24-037772-039/2024|H5N1|USA-AK|Matanuska-Susitna|2024-12-05|wild_avian|D1.1
714,715,0.10632034936439,-78.8278430653149,34.8707201025768,-80.9361244804922,36.250164307902,0.446328552991996,0.340008203627606,2024.8218714427,2024.92819179206,NA
822,823,0.142049657234023,-76.7668758454535,35.5791755841734,-81.1928803707666,37.2446598620542,0.446455427750271,0.304405770516248,2024.78626900959,2024.92831866682,NA
1235,1237,0.0494989787981164,-73.2757825122206,44.3611833258821,-73.8511428696492,44.1165851162955,0.446649417485631,0.397150438687514,2024.87901367776,2024.92851265656,NA
1320,1321,0.032014371530408,-80.7787972712025,40.7301283179815,-82.1913945650758,41.1715224662165,0.446749384057263,0.414735012526855,2024.8965982516,2024.92861262313,NA
1130,561,0.175859461720317,-107.874206456306,44.9834647489715,-107.389280181646,45.3778264872488,0.447098509561455,0.271239047841138,2024.75310228691,2024.92896174863,SRR36628213|A/mallard_duck/MT/24-037783-006/2024|H5N1|USA-MT|Big_Horn|2024-12-06|wild_avian|D1.1
1160,635,0.126395968639144,-102.092208300477,41.6110027885539,-90.8551842262411,33.5090687458267,0.447098509561455,0.320702540922311,2024.80256577999,2024.92896174863,SRR36617835|A/snow_goose/MS/24-036916-001/2024|H5N1|USA-MS|Washington|2024-12-06|wild_avian|D1.1
888,540,0.0270647129200539,-88.4906902849665,38.5497018642225,-87.5432484883006,38.3567302661581,0.447098509561455,0.420033796641401,2024.90189703571,2024.92896174863,SRR34491436|A/snow_goose/IN/24-037289-004/2024|H5N1|USA-IN|Gibson|2024-12-06|wild_avian|D1.1
1283,1285,0.093806654447474,-76.2361515394779,40.9409917683945,-74.3826052328725,40.808996106991,0.448083372651781,0.354276718204307,2024.83613995728,2024.92994661172,NA
1246,1252,0.0514249414470226,-75.1252396458882,40.4104756878598,-75.1301744253539,40.2271551773736,0.448831745984012,0.39740680453699,2024.87927004361,2024.93069498506,NA
708,159,0.0957597330438975,-88.6077661603019,38.0594897796493,-89.6388649567576,43.1940419514188,0.449830749998581,0.354071016954684,2024.83593425603,2024.93169398907,SRR36617819|A/tundra_swan/WI/24-037346-003/2024|H5N1|USA-WI|Dane|2024-12-07|wild_avian|D1.1
1103,590,0.0503699932245862,-81.3955366767889,30.8016002015415,-81.566026869902,30.084703726707,0.449830749998581,0.399460756773995,2024.88132399585,2024.93169398907,SRR36617659|A/green_winged_teal/FL/24-037597-003/2024|H5N1|USA-FL|St_Johns|2024-12-07|wild_avian|D1.1
1104,589,0.0379580969745568,-81.0751956730483,30.6532309416781,-81.4279990060827,30.1384000548989,0.449830749998581,0.411872653024024,2024.8937358921,2024.93169398907,SRR36628218|A/green_winged_teal/FL/24-037597-021/2024|H5N1|USA-FL|St_Johns|2024-12-07|wild_avian|D1.1
1128,606,0.209729667331869,-113.410726179921,44.9634088223529,-119.977281476954,50.0225037372573,0.452562990435935,0.242833323104066,2024.72469656218,2024.93442622951,EPI_ISL_20208417|A/Chicken/BC/FAV-0421-2/2024|H5N1|Canada-BC|Unknown|2024-12-08|domestic_avian|D1.1
865,548,0.127777873436996,-100.68411315369,40.1642177699896,-96.904113714674,36.6023868987365,0.452562990435935,0.324785116998939,2024.80664835607,2024.93442622951,SRR31820756|A/chicken/OK/24-036668-002-original/2024|H5N1|USA-OK|Unknown|2024-12-08|domestic_avian|D1.1
1177,1178,0.210404379445451,-113.565210762524,43.7931509259821,-115.447628519197,43.9147348425354,0.452617628686445,0.242213249240993,2024.72407648831,2024.93448086776,NA
1252,1253,0.00394936717344974,-75.1301744253539,40.2271551773736,-74.4399079401025,40.76860873605,0.452781113157462,0.448831745984012,2024.93069498506,2024.93464435223,NA
1220,1221,0.0325700229320818,-86.9729122473255,44.3820232747466,-86.1147186198326,43.6304083359068,0.45294381504402,0.420373792111938,2024.90223703118,2024.93480705412,NA
719,720,0.041220806427943,-81.9623379628338,39.2025068216069,-77.5070748888025,38.1755175110433,0.453439381879235,0.412218575451292,2024.89408181452,2024.93530262095,NA
1290,1291,0.0992944998119537,-73.15234566897,42.6949570982543,-72.9160569920338,43.7888428988897,0.453593742611878,0.354299242799925,2024.83616248187,2024.93545698168,NA
1237,1238,0.00768406227690921,-73.8511428696492,44.1165851162955,-78.9093535528231,45.2884557445124,0.45433347976254,0.446649417485631,2024.92851265656,2024.93619671883,NA
684,233,0.288932357868667,-93.9145467127381,39.9531587247786,-96.0878051009245,41.3338880464786,0.455295230873061,0.166362873004394,2024.64822611208,2024.93715846995,SRR34491427|A/great_horned_owl/NE/24-036852-002/2024|H5N1|USA-NE|Douglas|2024-12-09|wild_avian|D1.1
893,550,0.193012920767601,-110.087312024513,44.9307303712957,-117.791290040769,45.7287508767617,0.455295230873061,0.26228231010546,2024.74414554918,2024.93715846995,SRR36617634|A/snow_goose/OR/24-037761-001/2024|H5N1|USA-OR|Union|2024-12-09|wild_avian|D1.1
875,520,0.169048417056505,-89.4840030020842,42.5674710824959,-90.3356661805382,40.2979650047438,0.455295230873061,0.286246813816556,2024.76811005289,2024.93715846995,SRR36628220|A/american_wigeon/IL/24-037535-005/2024|H5N1|USA-IL|Fulton|2024-12-09|wild_avian|D1.1
731,181,0.149141712621064,-84.9373984020123,36.5292415431082,-89.9739619909559,34.0715737944036,0.455295230873061,0.306153518251997,2024.78801675732,2024.93715846995,SRR36617445|A/wild_duck/MS/24-037653-002/2024|H5N1|USA-MS|Tallahatchie|2024-12-09|wild_avian|D1.1
1110,563,0.145925809506041,-97.7461030674633,39.0742188461885,-87.3811597837358,41.236092938404,0.455295230873061,0.30936942136702,2024.79123266044,2024.93715846995,SRR36617246|A/snow_goose/IN/24-037868-001/2024|H5N1|USA-IN|Lake|2024-12-09|wild_avian|D1.1
1127,569,0.122965626805889,-116.867208122443,42.1656434003123,-118.175580957536,42.1198263648866,0.455295230873061,0.332329604067172,2024.81419284314,2024.93715846995,SRR33508718|A/snow_goose/OR/24-037758-001/2024|H5N1|USA-OR|Malheur|2024-12-09|wild_avian|D1.1
783,229,0.0674776256043865,-83.7648795135338,40.6542265460131,-79.9697100468281,46.6811989929168,0.455295230873061,0.387817605268674,2024.86968084434,2024.93715846995,EPI_ISL_20208432|A/Mallard/ON/FAV-0059-8/2025|H5N1|Canada-ON|Unknown|2024-12-09|wild_avian|D1.1
1237,1239,0.00928904229029781,-73.8511428696492,44.1165851162955,-73.9230201523114,40.9258181212605,0.455938459775929,0.446649417485631,2024.92851265656,2024.93780169885,NA
1247,1249,0.0387017366585999,-65.5524607592727,43.7518784725212,-71.9989877504851,41.7790326920993,0.457499925968114,0.418798189309514,2024.90066142838,2024.93936316504,NA
1285,1286,0.00948132451547512,-74.3826052328725,40.808996106991,-75.0645392241294,40.8506395708564,0.457564697167256,0.448083372651781,2024.92994661172,2024.93942793624,NA
1228,44,0.208207332286435,-98.6698599513503,47.2961120095221,-111.062021360234,49.26255413703,0.458027471310187,0.249820139023752,2024.7316833781,2024.93989071038,EPI_ISL_20208426|A/Great_Horned_Owl/AB/FAV-0178-1/2025|H5N1|Canada-AB|Unknown|2024-12-10|wild_avian|D1.1
1166,666,0.176486099672359,-97.588068358745,41.5539599677867,-95.6182753330074,44.1880348417205,0.458027471310187,0.281541371637829,2024.76340461071,2024.93989071038,SRR34491425|A/canada_goose/MN/24-037100-001/2024|H5N1|USA-MN|Murray|2024-12-10|wild_avian|D1.1
774,189,0.13030373297781,-89.0764255820402,37.9183545587563,-93.4369054080434,43.0669456885587,0.458027471310187,0.327723738332377,2024.8095869774,2024.93989071038,SRR34491424|A/blue_jay/IA/24-037140-001/2024|H5N1|USA-IA|Cerro_Gordo|2024-12-10|wild_avian|D1.1
889,542,0.106404076299943,-96.1033205034469,42.7392855957388,-96.1137414348445,42.4259990629041,0.458027471310187,0.351623395010244,2024.83348663408,2024.93989071038,SRR36617433|A/snow_goose/IA/24-037657-004/2024|H5N1|USA-IA|Woodbury|2024-12-10|wild_avian|D1.1
1314,31,0.050888293476067,-105.335934342059,41.6662318272798,-116.771439318146,43.7527408093188,0.458027471310187,0.40713917783412,2024.88900241691,2024.93989071038,SRR33508721|A/snow_goose/ID/24-037540-001/2024|H5N1|USA-ID|Canyon|2024-12-10|wild_avian|D1.1
1315,29,0.0365877861429968,-105.220533820558,41.0273547901026,-104.738343949454,40.6190728083694,0.458027471310187,0.42143968516719,2024.90330292424,2024.93989071038,SRR36617816|A/red_tailed_hawk/CO/24-037418-001/2024|H5N1|USA-CO|Weld|2024-12-10|wild_avian|D1.1
698,129,0.033861469856705,-92.3396020192343,45.1143943284865,-93.2019728974957,45.1063347028099,0.458027471310187,0.424166001453482,2024.90602924053,2024.93989071038,SRR36617403|A/canada_goose/MN/24-038291-006/2024|H5N1|USA-MN|Ramsey|2024-12-10|wild_avian|D1.1
913,914,0.0145370762679371,-92.7010158746124,41.0809061476053,-92.8805280243728,42.611767695386,0.458790371060875,0.444253294792937,2024.92611653387,2024.94065361013,NA
1206,1207,0.216993152171056,-108.312219787349,44.0066124670347,-105.728031302884,42.8052921652945,0.460319073023111,0.243325920852055,2024.72518915992,2024.9421823121,NA
891,552,0.247795072767325,-109.355597383223,44.4556243587164,-91.4798413766183,34.5915669399723,0.460759711747313,0.212964638979988,2024.69482787805,2024.94262295082,SRR36617233|A/mallard_duck/AR/24-037952-006/2024|H5N1|USA-AR|Prairie|2024-12-11|wild_avian|D1.1
1306,1307,0.0376026081649109,-72.704199505739,43.6721849258572,-72.2044067705603,43.0332973198772,0.460868993816055,0.423266385651144,2024.90512962472,2024.94273223289,NA
709,710,0.188917365651252,-82.9305812122386,35.1857679828881,-85.9561698550073,32.3467559303819,0.462666524468555,0.273749158817303,2024.75561239789,2024.94452976354,NA
1168,668,0.119375415617308,-97.1900446326634,41.6365732122283,-98.3886739670418,39.4578015564355,0.463491952184439,0.344116536567132,2024.82597977564,2024.94535519126,SRR36617797|A/snow_goose/KS/24-038036-002/2024|H5N1|USA-KS|Mitchell|2024-12-12|wild_avian|D1.1
719,174,0.0512733767331477,-81.9623379628338,39.2025068216069,-81.4715092390876,31.2261701155963,0.463491952184439,0.412218575451292,2024.89408181452,2024.94535519126,SRR36617408|A/bald_eagle/GA/24-038226-003/2024|H5N1|USA-GA|Glynn|2024-12-12|wild_avian|D1.1
1169,1170,0.101207718453017,-98.9786932397577,42.2031882793059,-93.9643249719649,39.3894829777786,0.463676994372181,0.362469275919164,2024.84433251499,2024.94554023344,NA
1087,1088,0.223920024529856,-116.819866697146,43.2530484619283,-123.371547241373,36.8525339154452,0.465780391062694,0.241860366532838,2024.72372360561,2024.94764363013,NA
1155,638,0.124552860873197,-101.4939289776,41.2465075379919,-87.1601975684519,32.388954045979,0.466224192621566,0.341671331748368,2024.82353457082,2024.94808743169,SRR31885765|A/Guineafowl/AL/24-037980-001-original/2024|H5N1|USA-AL|Unknown|2024-12-13|domestic_avian|D1.1
792,280,0.367568163454026,-111.097623578883,40.4087087108003,-118.795782429797,46.284439293021,0.468956433058692,0.101388269604665,2024.58325150868,2024.95081967213,SRR36617585|A/canvasback_duck/WA/24-038667-005/2024|H5N1|USA-WA|Walla_Walla|2024-12-14|wild_avian|D1.1
1114,587,0.182603546660411,-109.625583793957,40.3794486326984,-94.3032437112092,29.9235430586152,0.468956433058692,0.286352886398281,2024.76821612547,2024.95081967213,SRR36617600|A/gadwall/TX/24-038543-056/2024|H5N1|USA-TX|Jefferson|2024-12-14|wild_avian|D1.1
782,226,0.0460716109287929,-81.9428343288373,39.4710987762737,-84.6259528112045,40.6870658880097,0.468956433058692,0.422884822129899,2024.9047480612,2024.95081967213,SRR36617800|A/canada_goose/OH/24-038006-001/2024|H5N1|USA-OH|Mercer|2024-12-14|wild_avian|D1.1
1170,669,0.00527943868651048,-93.9643249719649,39.3894829777786,-89.0921765284923,37.0322978024342,0.468956433058692,0.463676994372181,2024.94554023344,2024.95081967213,SRR36617765|A/ring_necked_duck/KY/24-038721-028/2024|H5N1|USA-KY|Ballard|2024-12-14|wild_avian|D1.1
1294,1295,0.0260591344176258,-70.0912130247348,41.4521586000232,-71.1258336335155,41.9057724011286,0.470386572081609,0.444327437663984,2024.92619067674,2024.95224981115,NA
822,302,0.170015143416924,-76.7668758454535,35.5791755841734,-76.4696165427876,35.4074939671915,0.474420913933171,0.304405770516248,2024.78626900959,2024.95628415301,SRR36617384|A/snow_goose/NC/24-038497-002/2024|H5N1|USA-NC|Hyde|2024-12-16|wild_avian|D1.1
1315,30,0.0529812287659812,-105.220533820558,41.0273547901026,-115.3881419441,42.022656128554,0.474420913933171,0.42143968516719,2024.90330292424,2024.95628415301,SRR36617414|A/snow_goose/ID/24-038179-001/2024|H5N1|USA-ID|Owyhee|2024-12-16|wild_avian|D1.1
863,546,0.244886076295595,-103.999148581196,43.4934100774645,-116.092222036967,41.8117956093014,0.477153154370298,0.232267078074703,2024.71413031715,2024.95901639344,SRR36617967|A/gadwall/NV/24-039032-002/2024|H5N1|USA-NV|Elko|2024-12-17|wild_avian|D1.1
1102,592,0.233163572862165,-106.910651399564,37.2853649830603,-95.2428999921765,29.8566953480331,0.477153154370298,0.243989581508132,2024.72585282058,2024.95901639344,SRR36618001|A/Muscovy_duck/TX/24-038475-001/2024|H5N1|USA-TX|Harris|2024-12-17|wild_avian|D1.1
1343,257,0.178811060512988,-113.710149285893,39.1387173240577,-116.617420677107,41.0029438287398,0.477153154370298,0.298342093857309,2024.78020533293,2024.95901639344,SRR36617969|A/mallard_duck/NV/24-039032-001/2024|H5N1|USA-NV|Elko|2024-12-17|wild_avian|D1.1
698,130,0.0529871529168155,-92.3396020192343,45.1143943284865,-92.3631590069631,44.9639236686799,0.477153154370298,0.424166001453482,2024.90602924053,2024.95901639344,SRR36617307|A/canada_goose/WI/25-001449-006/2024|H5N1|USA-WI|St_Croix|2024-12-17|wild_avian|D1.1
1242,1244,0.125504579547385,-75.6855140309576,43.4740701793353,-70.3468021176968,42.2694100528014,0.47878546212892,0.353280882581535,2024.83514412165,2024.9606487012,NA
786,224,0.126445239330082,-91.590294680183,38.9457799116484,-90.8522660933482,39.4242723670317,0.479885394807424,0.353440155477342,2024.83530339455,2024.96174863388,SRR36617388|A/trumpeter_swan/IL/24-038496-001/2024|H5N1|USA-IL|Pike|2024-12-18|wild_avian|D1.1
1184,632,0.0529803015641865,-95.9486400121574,39.7400660435899,-90.4648850492892,38.9589403473815,0.479885394807424,0.426905093243237,2024.90876833232,2024.96174863388,SRR36617748|A/canada_goose/MO/24-038745-013/2024|H5N1|USA-MO|St_Charles|2024-12-18|wild_avian|D1.1
1170,670,0.0162084004352425,-93.9643249719649,39.3894829777786,-94.6916283849673,40.320805320991,0.479885394807424,0.463676994372181,2024.94554023344,2024.96174863388,SRR36617758|A/mallard_duck/MO/24-038745-003/2024|H5N1|USA-MO|Nodaway|2024-12-18|wild_avian|D1.1
1247,1248,0.0611580668685509,-65.5524607592727,43.7518784725212,-58.9233254978962,41.2131915361961,0.479956256178065,0.418798189309514,2024.90066142838,2024.96181949525,NA
1295,1296,0.0102567782249127,-71.1258336335155,41.9057724011286,-70.4753124872353,41.9204143750115,0.480643350306522,0.470386572081609,2024.95224981115,2024.96250658938,NA
730,734,0.239251258092454,-89.7237179104861,36.405903458795,-89.9529268716044,39.9914480103429,0.481458021501081,0.242206763408627,2024.72407000248,2024.96332126057,NA
823,831,0.03513240141579,-81.1928803707666,37.2446598620542,-77.957575912655,35.6903577563765,0.481587829166061,0.446455427750271,2024.92831866682,2024.96345106824,NA
807,808,0.039088692930777,-118.304479438426,48.202537876945,-116.304803079442,49.0049580783664,0.481793092759798,0.442704399829021,2024.9245676389,2024.96365633183,NA
1311,24,0.239650246765854,-98.4269065718965,39.9254258817562,-107.543923546446,44.2686192975997,0.48261763524455,0.242967388478696,2024.72483062755,2024.96448087432,SRR36617586|A/canada_goose/WY/24-038662-001/2024|H5N1|USA-WY|Big_Horn|2024-12-19|wild_avian|D1.1
1337,248,0.188652845443496,-113.269546040164,42.8519729803036,-76.1360328566724,36.789347276298,0.48261763524455,0.293964789801054,2024.77582802887,2024.96448087432,SRR36617986|A/green_winged_teal/VA/24-038857-002/2024|H5N1|USA-VA|Virginia_Beach|2024-12-19|wild_avian|D1.1
1344,255,0.171080739041335,-113.496711281474,38.6808662695209,-113.892419693867,33.5796171524431,0.48261763524455,0.311536896203215,2024.79340013528,2024.96448087432,SRR36628748|A/mallard_duck/AZ/25-000743-025/2024|H5N1|USA-AZ|La_Paz|2024-12-19|wild_avian|D1.1
856,331,0.09650570705102,-85.56150718658,39.1761637567077,-77.2646062612203,37.4744078051152,0.48261763524455,0.38611192819353,2024.86797516727,2024.96448087432,SRR36617982|A/wood_duck/VA/24-038859-013/2024|H5N1|USA-VA|Henrico|2024-12-19|wild_avian|D1.1
1104,591,0.0707449822205255,-81.0751956730483,30.6532309416781,-80.0102434484212,32.8403308686261,0.48261763524455,0.411872653024024,2024.8937358921,2024.96448087432,SRR36617572|A/green_winged_teal/SC/25-000649-005/2024|H5N1|USA-SC|Charleston|2024-12-19|wild_avian|D1.1
1236,119,0.0694814991457702,-72.9018286001326,44.19417379872,-73.3585587348642,43.730080407383,0.48261763524455,0.41313613609878,2024.89499937517,2024.96448087432,SRR31959989|A/chicken/VT/24-038443-001-original/2024|H5N1|USA-VT|Unknown|2024-12-19|domestic_avian|D1.1
1220,40,0.0622438431326118,-86.9729122473255,44.3820232747466,-84.3452652402165,33.9771996968515,0.48261763524455,0.420373792111938,2024.90223703118,2024.96448087432,SRR36617304|A/bald_eagle/GA/25-001590-001/2024|H5N1|USA-GA|Fulton|2024-12-19|wild_avian|D1.1
1254,1255,0.0603751457470959,-74.8515593907686,42.9864339075618,-72.7603078728792,42.0461438625044,0.48310010248773,0.422724956740634,2024.90458819581,2024.96496334156,NA
1221,1222,0.0306959122194688,-86.1147186198326,43.6304083359068,-85.1711404061216,44.1648919580603,0.483639727263489,0.45294381504402,2024.93480705412,2024.96550296634,NA
1352,246,0.243957992590578,-113.485387360876,43.3640488789973,-119.906849650886,46.7867051499485,0.485349875681676,0.241391883091098,2024.72325512216,2024.96721311475,SRR36617580|A/mallard_duck/WA/25-000523-001/2024|H5N1|USA-WA|Grant|2024-12-20|wild_avian|D1.1
1284,49,0.111324719544716,-76.3055509702905,42.7574886934886,-76.3341893276549,42.7436751771885,0.485349875681676,0.37402515613696,2024.85588839521,2024.96721311475,SRR36617989|A/cooper_s_hawk/NY/24-038846-001/2024|H5N1|USA-NY|Cayuga|2024-12-20|wild_avian|D1.1
1320,23,0.0706148631548207,-80.7787972712025,40.7301283179815,-75.9371041503053,42.5963017040886,0.485349875681676,0.414735012526855,2024.8965982516,2024.96721311475,SRR36617991|A/Peregrine_falcon/NY/24-038845-001/2024|H5N1|USA-NY|Cortland|2024-12-20|wild_avian|D1.1
1109,562,0.21807734402148,-98.8742040169105,39.8857722482692,-95.9990852868194,41.2104694058976,0.488082116118802,0.270004772097322,2024.75186801117,2024.96994535519,SRR36628199|A/wild_goose/NE/24-038832-001/2024|H5N1|USA-NE|Douglas|2024-12-21|wild_avian|D1.1
1088,1089,0.0230837474644782,-123.371547241373,36.8525339154452,-129.65342409838,36.4790748819595,0.488864138527172,0.465780391062694,2024.94764363013,2024.9707273776,NA
720,722,0.0365471191271948,-77.5070748888025,38.1755175110433,-84.260541863477,43.5555396070735,0.489986501006429,0.453439381879235,2024.93530262095,2024.97184974008,NA
720,721,0.0388815096584045,-77.5070748888025,38.1755175110433,-83.0614633536985,40.7885229673309,0.492320891537639,0.453439381879235,2024.93530262095,2024.97418413061,NA
1187,673,0.168503533488046,-124.023562820999,37.5000893979221,-120.636369178668,35.9000174676667,0.493546596993282,0.325043063505236,2024.80690630258,2024.97540983607,SRR36617878|A/western_gull/CA/25-004506-003/2024|H5N1|USA-CA|Monterey|2024-12-23|wild_avian|D1.1
1249,1250,0.037973197659066,-71.9989877504851,41.7790326920993,-71.2693518499006,41.7970350073756,0.49547312362718,0.457499925968114,2024.93936316504,2024.9773363627,NA
1161,637,0.15487548208574,-98.2854054832614,41.5883741860935,-96.6703748347238,42.732958769917,0.496278837430408,0.341403355344668,2024.82326659442,2024.9781420765,SRR36617972|A/canada_goose/SD/24-038946-001/2024|H5N1|USA-SD|Union|2024-12-24|wild_avian|D1.1
912,971,0.0782243566352667,-92.0410704005313,40.8699087180851,-98.0528877344755,41.7237962990241,0.500387483736209,0.422163127100942,2024.90402636617,2024.98225072281,NA
905,906,0.0566681801280187,-102.453111416096,40.1245084909933,-104.210450056196,38.9093451735877,0.500422473531668,0.443754293403649,2024.92561753248,2024.9822857126,NA
1218,42,0.206836094624167,-97.1486244253035,44.8667355638779,-92.9652600871485,51.0263228478763,0.507207799178913,0.300371704554745,2024.78223494363,2024.98907103825,EPI_ISL_20208449|A/Snowy_Owl/ON/FAV-0035-8/2025|H5N1|Canada-ON|Unknown|2024-12-28|wild_avian|D1.1
1131,559,0.179992558525684,-103.839560776658,42.9940469225788,-104.503097455325,38.5164067844136,0.507207799178913,0.327215240653229,2024.80907847973,2024.98907103825,SRR36617718|A/snow_goose/CO/25-000365-002/2024|H5N1|USA-CO|Pueblo|2024-12-28|wild_avian|D1.1
727,164,0.0864629508799943,-95.494661042738,39.3923505256648,-80.4247015081322,32.8834522468217,0.507207799178913,0.420744848298918,2024.90260808737,2024.98907103825,SRR36617711|A/american_wigeon/SC/25-000504-002/2024|H5N1|USA-SC|Colleton|2024-12-28|wild_avian|D1.1
831,300,0.0256199700128522,-77.957575912655,35.6903577563765,-76.2120941564049,35.3647672349916,0.507207799178913,0.481587829166061,2024.96345106824,2024.98907103825,SRR36617328|A/snow_goose/NC/25-001068-002/2024|H5N1|USA-NC|Hyde|2024-12-28|wild_avian|D1.1
681,126,0.286343930276671,-83.0845132661613,42.9364842205199,-117.193535875693,51.7764139257355,0.512672280053392,0.226328349776722,2024.70819158885,2024.99453551913,EPI_ISL_20208383|A/Bald_Eagle/BC/OTH-0030-26/2025|H5N1|Canada-BC|Unknown|2024-12-30|wild_avian|D1.1
682,236,0.281383481904784,-82.6640501236875,42.7493814277728,-81.6174446138959,40.709765055544,0.512672280053392,0.231288798148608,2024.71315203722,2024.99453551913,SRR36617726|A/canada_goose/OH/25-000228-002/2024|H5N1|USA-OH|Stark|2024-12-30|wild_avian|D1.1
1282,54,0.161561946723588,-75.327481985614,40.4550807853265,-75.426829733036,40.669444284513,0.512672280053392,0.351110333329804,2024.8329735724,2024.99453551913,SRR36628766|A/lesser_snow_goose/PA/25-000167-005/2024|H5N1|USA-PA|Northampton|2024-12-30|wild_avian|D1.1
1271,74,0.102856406005961,-77.0049375273296,42.0725995674615,-75.6635430850311,40.7487605755499,0.512672280053392,0.409815874047431,2024.89167911312,2024.99453551913,SRR36617737|A/lesser_snow_goose/PA/25-000169-003/2024|H5N1|USA-PA|Lehigh|2024-12-30|wild_avian|D1.1
1184,633,0.0857671868101553,-95.9486400121574,39.7400660435899,-87.6054423899666,36.1945070031663,0.512672280053392,0.426905093243237,2024.90876833232,2024.99453551913,SRR36617313|A/snow_goose/TN/25-001379-007/2024|H5N1|USA-TN|Humphreys|2024-12-30|wild_avian|D1.1
723,161,0.076885948921575,-83.8931971864942,29.8654033181719,-81.0980455196624,39.353380024251,0.515404520490519,0.438518571568944,2024.92038181064,2024.99726775956,SRR32006892|A/chicken/WV/25-000049-006-original/2024|H5N1|USA-WV|Unknown|2024-12-31|domestic_avian|D1.1
1239,121,0.05946606071459,-73.9230201523114,40.9258181212605,-75.7977338705466,38.5726652112884,0.515404520490519,0.455938459775929,2024.93780169885,2024.99726775956,SRR36617325|A/snow_goose/MA/25-001222-002/2024|H5N1|USA-MA|Dorchester|2024-12-31|wild_avian|D1.1
1286,52,0.0578398233232623,-75.0645392241294,40.8506395708564,-75.9537786280229,38.4903357236502,0.515404520490519,0.457564697167256,2024.93942793624,2024.99726775956,SRR36617326|A/snow_goose/MA/25-001222-001/2024|H5N1|USA-MA|Dorchester|2024-12-31|wild_avian|D1.1
1291,1292,0.0661985977930607,-72.9160569920338,43.7888428988897,-73.0993346622023,43.7749191682248,0.519792340404939,0.453593742611878,2024.93545698168,2025.00165557948,NA
1206,268,0.277550566102947,-108.312219787349,44.0066124670347,-89.4434875703524,36.4087311530812,0.520876486955002,0.243325920852055,2024.72518915992,2025.00273972603,SRR32416368|A/Canada_Goose/TN/25-003129-001-original/2025|H5N1|USA-TN|Unknown|2025-01-02|wild_avian|D1.1
737,147,0.226530837420002,-89.4888198432712,35.870250592075,-87.7576868162193,41.5899055065879,0.520876486955002,0.294345649535001,2024.77620888861,2025.00273972603,SRR32226683|A/Canada_Goose/IL/25-000616-010/2025|H5N1|USA-IL|Cook|2025-01-02|wild_avian|D1.1
859,327,0.192422209633731,-85.3943423164581,38.164660372548,-80.0970382383259,32.8004949949968,0.520876486955002,0.328454277321271,2024.81031751639,2025.00273972603,SRR32254425|A/bald_eagle/SC/25-000782-001/2025|H5N1|USA-SC|Charleston|2025-01-02|wild_avian|D1.1
738,145,0.183404655997322,-92.5601767110697,37.5111771904104,-86.7949550351835,34.7311874360166,0.520876486955002,0.33747183095768,2024.81933507003,2025.00273972603,SRR32254443|A/snow_goose/AL/25-001388-002/2025|H5N1|USA-AL|Limestone|2025-01-02|wild_avian|D1.1
887,539,0.17935444522515,-88.3971401664509,38.5738050214554,-87.8663011652053,41.8639643292235,0.520876486955002,0.341522041729852,2024.8233852808,2025.00273972603,SRR32226691|A/Canada_Goose/IL/25-000616-002/2025|H5N1|USA-IL|Cook|2025-01-02|wild_avian|D1.1
1236,120,0.107740350856222,-72.9018286001326,44.19417379872,-75.3547004095589,38.7414419971544,0.520876486955002,0.41313613609878,2024.89499937517,2025.00273972603,SRR32006864|A/chicken/DE/25-000201-001-original/2025|H5N1|USA-DE|Unknown|2025-01-02|domestic_avian|D1.1
1243,101,0.106437223613363,-76.3408916084368,43.3727106581022,-71.150893288881,41.5847134878001,0.520876486955002,0.41443926334164,2024.89630250241,2025.00273972603,SRR32254418|A/canada_goose/RI/25-001721-001/2025|H5N1|USA-RI|Newport|2025-01-02|wild_avian|D1.1
1158,643,0.106050435811006,-92.5371544783452,41.3809227139188,-93.3982702250619,41.7306976577729,0.520876486955002,0.414826051143996,2024.89668929022,2025.00273972603,SRR36617578|A/red_tailed_hawk/IA/25-000527-002/2024|H5N1|USA-IA|Polk|2025-01-02|wild_avian|D1.1
857,324,0.098777445851493,-79.4281846517469,39.1704682474721,-80.1679023898359,39.624116130914,0.520876486955002,0.422099041103509,2024.90396228018,2025.00273972603,SRR32868825|A/Canada_Goose/WV/25-001893-003-original/2025|H5N1|USA-WV|Unknown|2025-01-02|wild_avian|D1.1
1286,51,0.0633117897877459,-75.0645392241294,40.8506395708564,-75.0935667959867,40.8963217913804,0.520876486955002,0.457564697167256,2024.93942793624,2025.00273972603,SRR32254446|A/red_tailed_hawk/PA/25-001322-001/2025|H5N1|USA-PA|Northampton|2025-01-02|wild_avian|D1.1
1185,675,0.238855650550957,-118.722424847069,39.1961282555249,-132.078147135899,59.327704486072,0.52361621298236,0.284760562431403,2024.7666238015,2025.00547945205,EPI_ISL_19788013|A/Bald_Eagle/BC/AIVPHL-2979/2025|H5N1|Canada-BC|Unknown|2025-01-03|wild_avian|D1.1
1126,567,0.217872701405531,-116.241801364133,41.9371331705152,-107.71093359621,33.5943277808409,0.52361621298236,0.305743511576828,2024.78760675065,2025.00547945205,SRR32254439|A/snow_goose/NM/25-001448-001/2025|H5N1|USA-NM|Socorro|2025-01-03|wild_avian|D1.1
1281,53,0.184185379898767,-75.8174664234766,41.6734397348621,-74.4365891576364,41.033804889503,0.52361621298236,0.339430833083592,2024.82129407216,2025.00547945205,SRR32254501|A/snow_goose/NJ/25-000806-001/2025|H5N1|USA-NJ|Morris|2025-01-03|wild_avian|D1.1
1292,1293,0.00628532340369847,-73.0993346622023,43.7749191682248,-70.1623162796233,43.177842664619,0.526077663808637,0.519792340404939,2025.00165557948,2025.00794090288,NA
1190,279,0.233894308157427,-118.95000419313,39.8941475647478,-111.004776044382,30.8974986133547,0.526355939009944,0.292461630852517,2024.77432486992,2025.00821917808,GenBank|A/Ostrich/Sonora/CPA-00009-25/2025|H5N1|Mexico-Sonora|Unknown|2025-01-04|domestic_avian|D1.1
1183,631,0.286689918747285,-97.028740718634,39.753433495207,-93.6596549469686,41.8166239835889,0.529095665037302,0.242405746290017,2024.72426898536,2025.01095890411,SRR32226692|A/Great_Horned_Owl/IA/25-000440-001/2025|H5N1|USA-IA|Polk|2025-01-05|wild_avian|D1.1
812,598,0.217606872638571,-108.779261451317,44.8328979804506,-118.971488626435,45.1873801564423,0.529095665037302,0.31148879239873,2024.79335203147,2025.01095890411,SRR32125546|A/chicken/OR/25-000540-001-original/2025|H5N1|USA-OR|Unknown|2025-01-05|domestic_avian|D1.1
1305,93,0.167214192762621,-72.0024149297414,42.1882628983758,-70.76724721627,43.4429630262389,0.529095665037302,0.361881472274681,2024.84374471135,2025.01095890411,SRR32512599|A/canada_goose/ME/25-003295-001/2025|H5N1|USA-ME|York|2025-01-05|wild_avian|D1.1
1285,50,0.0810122923855205,-74.3826052328725,40.808996106991,-74.9773649899996,41.0703728634951,0.529095665037302,0.448083372651781,2024.92994661172,2025.01095890411,SRR32254496|A/snow_goose/NJ/25-000810-002/2025|H5N1|USA-NJ|Warren|2025-01-05|wild_avian|D1.1
978,979,0.119394012275855,-99.242716242868,43.5786084077772,-113.636679658676,45.8469830353323,0.529407065815311,0.410013053539457,2024.89187629261,2025.01127030489,NA
756,771,0.150775431030821,-77.5094319615783,40.9674602965141,-81.6704850396295,41.5405611262597,0.529487194184517,0.378711763153696,2024.86057500223,2025.01135043326,NA
872,873,0.265516581239429,-99.988602464085,34.9483195252771,-95.2942547987556,30.1922366324403,0.529999958045414,0.264483376805985,2024.74634661588,2025.01186319712,NA
1081,1084,0.125907925720676,-105.917703048436,44.8762030003207,-103.803097106941,43.1058715318341,0.531560399324816,0.40565247360414,2024.88751571268,2025.0134236384,NA
801,557,0.276241416511542,-108.417328150125,42.6591031494324,-121.93754487139,49.6234934387672,0.531835391064659,0.255593974553117,2024.73745721363,2025.01369863014,EPI_ISL_19788009|A/Red_Tailed_Hawk/BC/AIVPHL-2966/2025|H5N1|Canada-BC|Unknown|2025-01-06|wild_avian|D1.1
1308,99,0.22685546576016,-74.0157259338756,43.5948453098517,-73.7796188056808,42.8157840484826,0.531835391064659,0.304979925304499,2024.78684316438,2025.01369863014,SRR32254487|A/canada_goose/NY/25-000858-002/2025|H5N1|USA-NY|Saratoga|2025-01-06|wild_avian|D1.1
726,163,0.133414618126314,-88.0553079189369,32.1336849706301,-84.2303699050215,31.1559988460181,0.531835391064659,0.398420772938345,2024.88028401201,2025.01369863014,SRR32125549|A/chicken/GA/25-000538-001-original/2025|H5N1|USA-GA|Unknown|2025-01-06|domestic_avian|D1.1
693,135,0.117251066879706,-89.3572048495812,43.11886602393,-89.1522246845393,43.4642136803798,0.531835391064659,0.414584324184954,2024.89644756326,2025.01369863014,SRR32254451|A/red_tailed_hawk/WI/25-001295-001/2025|H5N1|USA-WI|Columbia|2025-01-06|wild_avian|D1.1
1316,27,0.109093582088791,-110.835111216355,44.1986892337548,-114.018825451092,43.409422029425,0.531835391064659,0.422741808975868,2024.90460504805,2025.01369863014,SRR32125547|A/chicken/ID/25-000539-001-original/2025|H5N1|USA-ID|Unknown|2025-01-06|domestic_avian|D1.1
1178,628,0.0792177623782147,-115.447628519197,43.9147348425354,-115.242439013556,42.76947550833,0.531835391064659,0.452617628686445,2024.93448086776,2025.01369863014,SRR32254472|A/red_tailed_hawk/ID/25-001246-001/2025|H5N1|USA-ID|Unknown|2025-01-06|wild_avian|D1.1
751,752,0.11987478373055,-88.7692093223809,43.2655126251011,-88.6558812335836,43.2394836415537,0.534448335151765,0.414573551421215,2024.89643679049,2025.01631157422,NA
1172,663,0.222929309252301,-90.3029413430249,30.6898340941215,-91.4555606112619,32.5717237188545,0.534575117092017,0.311645807839716,2024.79350904691,2025.01643835616,SRR32416436|A/mallard/LA/25-001905-003/2025|H5N1|USA-LA|Richland|2025-01-07|wild_avian|D1.1
906,337,0.0341526435603487,-104.210450056196,38.9093451735877,-104.490929101386,40.8264178489969,0.534575117092017,0.500422473531668,2024.9822857126,2025.01643835616,SRR32254489|A/cackling_goose/CO/25-000848-001/2025|H5N1|USA-CO|Weld|2025-01-07|wild_avian|D1.1
1222,1223,0.0530144313411245,-85.1711404061216,44.1648919580603,-86.8464214328694,42.5704365045877,0.536654158604613,0.483639727263489,2024.96550296634,2025.01851739768,NA
1189,281,0.298483121048801,-119.958980505294,46.381408462397,-112.46756703133,33.4475922679372,0.537314843119374,0.238831722070573,2024.72069496114,2025.01917808219,SRR33508711|A/barn_owl/AZ/25-000514-002/2025|H5N1|USA-AZ|Maricopa|2025-01-08|wild_avian|D1.1
876,529,0.227627911915217,-91.4585713796631,42.7266119016086,-113.483463688696,36.5212828542189,0.537314843119374,0.309686931204157,2024.79155017028,2025.01917808219,SRR32512601|A/american_wigeon/AZ/25-004049-003/2025|H5N1|USA-AZ|Mohave|2025-01-08|wild_avian|D1.1
1347,258,0.197005613470735,-115.051097193469,44.0235619657606,-87.7373783970958,31.0765342976553,0.540054569146731,0.343048955675997,2024.82491219475,2025.02191780822,SRR32254417|A/bald_eagle/AL/25-001791-001/2025|H5N1|USA-AL|Baldwin|2025-01-09|wild_avian|D1.1
694,133,0.115406128864012,-83.6212223487692,37.3990089566207,-81.7166769146762,48.5807137513958,0.540054569146731,0.42464844028272,2024.90651167936,2025.02191780822,EPI_ISL_19792241|A/Duck/ON/FAV-0025/2025|H5N1|Canada-ON|Unknown|2025-01-09|domestic_avian|D1.1
1223,1224,0.00840367278902665,-86.8464214328694,42.5704365045877,-87.7461038382402,42.9485080666104,0.54505783139364,0.536654158604613,2025.01851739768,2025.02692107047,NA
771,205,0.0160468270171565,-81.6704850396295,41.5405611262597,-81.0930635038715,43.112798158272,0.545534021201673,0.529487194184517,2025.01135043326,2025.02739726027,EPI_ISL_20208395|A/Canada_Goose/ON/FAV-0038-2/2025|H5N1|Canada-ON|Unknown|2025-01-11|wild_avian|D1.1
1179,626,0.320242194580832,-113.763492694601,44.0821872110775,-94.882498015132,48.9964338067608,0.548273747229031,0.228031552648199,2024.70989479172,2025.0301369863,SRR33029793|A/Trumpeter_Swan/MN/25-002569-001-original/2025|H5N1|USA-MN|Unknown|2025-01-12|wild_avian|D1.1
1155,1156,0.208987574243494,-101.4939289776,41.2465075379919,-99.4685600653692,44.9100334343623,0.550658905991862,0.341671331748368,2024.82353457082,2025.03252214506,NA
1197,239,0.311509190747978,-105.666455531052,41.3420781374046,-91.984224635527,35.4006811061593,0.551013473256388,0.239504282508411,2024.72136752158,2025.03287671233,SRR32416354|A/American_Woodcock/AR/25-003125-001-original/2025|H5N1|USA-AR|Unknown|2025-01-13|wild_avian|D1.1
1272,59,0.21321196543435,-69.7839524233122,42.7509127586513,-73.278260158204,44.8845643438685,0.551013473256388,0.337801507822038,2024.81966474689,2025.03287671233,SRR32254424|A/mallard/VT/25-001682-021/2025|H5N1|USA-VT|Grand_Isle|2025-01-13|wild_avian|D1.1
1243,102,0.136574209914749,-76.3408916084368,43.3727106581022,-73.2928947965576,44.5854572764647,0.551013473256388,0.41443926334164,2024.89630250241,2025.03287671233,SRR32254427|A/mallard/VT/25-001682-012/2025|H5N1|USA-VT|Grand_Isle|2025-01-13|wild_avian|D1.1
1238,123,0.0966799934938483,-78.9093535528231,45.2884557445124,-77.3672718673981,42.8927447705309,0.551013473256388,0.45433347976254,2024.93619671883,2025.03287671233,SRR32254429|A/snow_goose/NY/25-001673-001/2025|H5N1|USA-NY|Ontario|2025-01-13|wild_avian|D1.1
1321,1322,0.104913533544459,-82.1913945650758,41.1715224662165,-80.3777820383085,39.6637449946804,0.551662917601723,0.446749384057263,2024.92861262313,2025.03352615667,NA
716,157,0.18682050462661,-84.5985110798152,37.0587057548953,-80.5126588562705,27.7597524600435,0.553753199283746,0.366932694657135,2024.84879593373,2025.03561643836,SRR33508814|A/lesser_scaup/FL/25-003912-002/2025|H5N1|USA-FL|Indian_River|2025-01-14|wild_avian|D1.1
1167,664,0.27064220957657,-96.8763316310748,41.5577435510072,-89.7867793869991,33.6519802475825,0.556492925311103,0.285850715734533,2024.76771395481,2025.03835616438,SRR32416380|A/Wood_Duck/MS/25-002206-001-original/2025|H5N1|USA-MS|Unknown|2025-01-15|wild_avian|D1.1
1223,1226,0.0224714636944381,-86.8464214328694,42.5704365045877,-88.4575051637714,42.4225087862494,0.559125622299051,0.536654158604613,2025.01851739768,2025.04098886137,NA
1112,289,0.318074863847096,-107.007997455455,42.0213586176618,-117.844406285809,47.5985085826282,0.559232651338688,0.241157787491592,2024.72302102656,2025.04109589041,SRR32653596|A/Weasel/WA/25-002912-001-original-repeat2/2025|H5N1|USA-WA|Unknown|2025-01-16|other_mammal|D1.1
1169,667,0.196763375419524,-98.9786932397577,42.2031882793059,-104.246850464478,41.9281847706865,0.559232651338688,0.362469275919164,2024.84433251499,2025.04109589041,SRR32513187|A/great_horned_owl/WY/25-002742-001/2025|H5N1|USA-WY|Goshen|2025-01-16|wild_avian|D1.1
1253,114,0.106451538181226,-74.4399079401025,40.76860873605,-75.4094262101279,40.5235637074383,0.559232651338688,0.452781113157462,2024.93464435223,2025.04109589041,SRR32513297|A/red_tailed_hawk/PA/25-003148-002/2025|H5N1|USA-PA|Lehigh|2025-01-16|wild_avian|D1.1
1156,639,0.00857374534682609,-99.4685600653692,44.9100334343623,-99.4516028946603,44.9072401347958,0.559232651338688,0.550658905991862,2025.03252214506,2025.04109589041,SRR32254412|A/cat/SD/25-002248-001/2025|H5N1|USA-SD|Faulk|2025-01-16|feline|D1.1
1156,640,0.00857374534682609,-99.4685600653692,44.9100334343623,-99.5072425439779,45.0663545337368,0.559232651338688,0.550658905991862,2025.03252214506,2025.04109589041,SRR32254411|A/cat/SD/25-002248-002/2025|H5N1|USA-SD|Faulk|2025-01-16|feline|D1.1
784,228,0.142664657503061,-84.7685115041814,41.4929064583859,-77.800529775866,37.4734302798073,0.561972377366045,0.419307719862984,2024.90117095894,2025.04383561644,SRR32254410|A/African_crowned_crane/VA/25-002296-001/2025|H5N1|USA-VA|Powhatan|2025-01-17|wild_avian|D1.1
1244,104,0.0831869152371251,-70.3468021176968,42.2694100528014,-71.8685360571721,43.5614053118022,0.561972377366045,0.47878546212892,2024.9606487012,2025.04383561644,SRR32416416|A/mallard/NH/25-003045-041/2025|H5N1|USA-NH|Merrimack|2025-01-17|wild_avian|D1.1
1244,103,0.0831869152371251,-70.3468021176968,42.2694100528014,-71.681040366168,43.1636876135964,0.561972377366045,0.47878546212892,2024.9606487012,2025.04383561644,SRR32513176|A/mallard/NH/25-003045-054/2025|H5N1|USA-NH|Merrimack|2025-01-17|wild_avian|D1.1
1089,1090,0.0753197262838058,-129.65342409838,36.4790748819595,-121.035463754909,36.8310815273259,0.564183864810978,0.488864138527172,2024.9707273776,2025.04604710388,NA
1346,260,0.304436169617223,-115.483952506284,43.8229680973172,-105.190803384165,32.5724828865597,0.564712103393403,0.26027593377618,2024.74213917285,2025.04657534247,SRR32513271|A/great_horned_owl/NM/25-002820-001/2025|H5N1|USA-NM|Chaves|2025-01-18|wild_avian|D1.1
1272,1273,0.227263617710364,-69.7839524233122,42.7509127586513,-77.6024835449771,39.7238414828158,0.565065125532402,0.337801507822038,2024.81966474689,2025.0469283646,NA
1250,110,0.07197870579358,-71.2693518499006,41.7970350073756,-71.4856899327677,41.4173902074373,0.56745182942076,0.49547312362718,2024.9773363627,2025.04931506849,SRR33319045|A/hooded_merganser/RI/25-007119-005/2025|H5N1|USA-RI|Washington|2025-01-19|wild_avian|D1.1
813,597,0.243352293013998,-115.125701589088,46.3971243208639,-115.997318508708,41.2486271100989,0.572931281475702,0.329578988461704,2024.81144222753,2025.05479452055,SRR32254304|A/cattle/NV/25-002645-003-original/2025|H5N1|USA-NV|Unknown|2025-01-21|cattle|D1.1
1204,277,0.158253505891814,-119.615712849611,45.7637919120222,-105.633352417713,47.9129865704475,0.572931281475702,0.414677775583889,2024.89654101466,2025.05479452055,SRR33125070|A/Great_Horned_Owl/MT/25-006102-001-original/2025|H5N1|USA-MT|Unknown|2025-01-21|wild_avian|D1.1
1221,32,0.119987466431682,-86.1147186198326,43.6304083359068,-87.0864760620101,45.1397795646125,0.572931281475702,0.45294381504402,2024.93480705412,2025.05479452055,SRR34980358|A/bald_eagle/WI/25-021326-002/2025|H5N1|USA-WI|Door|2025-01-21|wild_avian|D1.1
1226,1227,0.0143026695242333,-88.4575051637714,42.4225087862494,-88.178063570365,42.4935609340749,0.573428291823285,0.559125622299051,2025.04098886137,2025.0552915309,NA
1113,1116,0.308291734077726,-104.340421893506,41.716831459485,-111.364613594895,35.9621215258296,0.575507055326687,0.267215321248961,2024.74907856032,2025.0573702944,NA
1351,253,0.297090075860693,-113.288513645083,46.4571152589172,-119.609535113287,46.998060630528,0.57567100750306,0.278580931642367,2024.76044417071,2025.05753424658,GenBank|A/chicken/WA/W250220054-7/2025|H5N1|USA-WA|Unknown|2025-01-22|domestic_avian|D1.1
754,214,0.215742201628066,-94.032104905551,41.4435301060107,-94.6289962030028,34.9082006544687,0.57567100750306,0.359928805874993,2024.84179204495,2025.05753424658,SRR32416465|A/bald_eagle/OK/25-003111-001/2025|H5N1|USA-OK|Le_Flore|2025-01-22|wild_avian|D1.1
834,303,0.157679141016781,-77.5268620148389,37.1954080946392,-75.8638844965052,37.5129860045384,0.57567100750306,0.417991866486278,2024.89985510556,2025.05753424658,SRR32513231|A/snow_goose/VA/25-004135-011/2025|H5N1|USA-VA|Northampton|2025-01-22|wild_avian|D1.1
882,531,0.155029628242137,-86.5475782875391,37.4555810666279,-84.4943191815354,38.8142923449242,0.57567100750306,0.420641379260923,2024.90250461833,2025.05753424658,SRR32512591|A/canada_goose/KY/25-004132-002/2025|H5N1|USA-KY|Kenton|2025-01-22|wild_avian|D1.1
1307,91,0.114802013687004,-72.2044067705603,43.0332973198772,-70.2088523098214,42.037383399061,0.57567100750306,0.460868993816055,2024.94273223289,2025.05753424658,SRR32512620|A/great_horned_owl/MA/25-003297-003/2025|H5N1|USA-MA|Barnstable|2025-01-22|wild_avian|D1.1
1296,89,0.0950276571965374,-70.4753124872353,41.9204143750115,-70.8470346898532,42.0500856937029,0.57567100750306,0.480643350306522,2024.96250658938,2025.05753424658,SRR32512553|A/canada_goose/MA/25-003297-004/2025|H5N1|USA-MA|Plymouth|2025-01-22|wild_avian|D1.1
752,209,0.0412226723512946,-88.6558812335836,43.2394836415537,-84.6248332799975,38.8917207004506,0.57567100750306,0.534448335151765,2025.01631157422,2025.05753424658,SRR33029806|A/raccoon/KY/25-006499-002/2025|H5N1|USA-KY|Boone|2025-01-22|other_mammal|D1.1
796,284,0.271634226113934,-114.236526341634,40.1023982695806,-121.967813864525,44.3296276417183,0.578410733530417,0.306776507416483,2024.78863974649,2025.0602739726,SRR32415199|A/chicken/OR/25-003575-001-original/2025|H5N1|USA-OR|Unknown|2025-01-23|domestic_avian|D1.1
1280,48,0.249441836504776,-73.4546138957828,40.9793450650665,-73.2774507533586,41.489229149349,0.578410733530417,0.328968897025641,2024.8108321361,2025.0602739726,SRR32512673|A/american_black_duck/CT/25-003143-002/2025|H5N1|USA-CT|New_Haven|2025-01-23|wild_avian|D1.1
683,234,0.177196405362405,-97.5161343318076,41.8291003214609,-102.266410907867,41.5619724759799,0.578410733530417,0.401214328168012,2024.88307756724,2025.0602739726,SRR32654188|A/Turkey/NE/25-002670-003-original/2025|H5N1|USA-NE|Unknown|2025-01-23|domestic_avian|D1.1
1293,96,0.0523330697217795,-70.1623162796233,43.177842664619,-70.7612375037042,43.4336177379108,0.578410733530417,0.526077663808637,2025.00794090288,2025.0602739726,SRR32512597|A/canada_goose/ME/25-003295-004/2025|H5N1|USA-ME|York|2025-01-23|wild_avian|D1.1
873,874,0.0510149607077606,-95.2942547987556,30.1922366324403,-93.7552691590993,30.9455790986494,0.581014918753175,0.529999958045414,2025.01186319712,2025.06287815783,NA
1089,623,0.0922863210306019,-129.65342409838,36.4790748819595,-122.293939287938,37.4531600684687,0.581150459557774,0.488864138527172,2024.9707273776,2025.06301369863,SRR33125090|A/western_gull/CA/25-004499-005/2025|H5N1|USA-CA|San_Mateo|2025-01-24|wild_avian|D1.1
833,322,0.282663775046259,-76.157315187885,35.9092077376716,-76.4316179788642,35.5050385793601,0.583890185585132,0.301226410538872,2024.78308964961,2025.06575342466,SRR32513217|A/wood_duck/NC/25-003923-002/2025|H5N1|USA-NC|Hyde|2025-01-25|wild_avian|D1.1
833,291,0.282663775046259,-76.157315187885,35.9092077376716,-76.1232038322495,35.8221034865014,0.583890185585132,0.301226410538872,2024.78308964961,2025.06575342466,SRR32513216|A/wood_duck/NC/25-003927-016/2025|H5N1|USA-NC|Tyrrell|2025-01-25|wild_avian|D1.1
1143,645,0.272723429524306,-100.15536181119,44.3985497330605,-85.6058508030846,41.0668768878204,0.583890185585132,0.311166756060826,2024.79302999513,2025.06575342466,SRR32654185|A/chicken/IN/25-002875-001-original/2025|H5N1|USA-IN|Unknown|2025-01-25|domestic_avian|D1.1
835,321,0.158187248850251,-78.4305939972742,37.156122501144,-75.4817016552487,38.6476351432364,0.583890185585132,0.425702936734881,2024.90756617581,2025.06575342466,SRR32654186|A/chicken/DE/25-002825-001-original/2025|H5N1|USA-DE|Unknown|2025-01-25|domestic_avian|D1.1
1116,1121,0.00900138102398396,-111.364613594895,35.9621215258296,-111.525175848307,35.5265196391666,0.584508436350671,0.575507055326687,2025.0573702944,2025.06637167542,NA
1250,1251,0.0929588412989332,-71.2693518499006,41.7970350073756,-70.8763843072059,41.1839248943008,0.588431964926113,0.49547312362718,2024.9773363627,2025.070295204,NA
1125,570,0.300734785756504,-115.232002625134,41.4580843646164,-116.067623671565,51.3721159103908,0.589369637640074,0.28863485188357,2024.77049809096,2025.07123287671,EPI_ISL_20208386|A/Black-Billed_Magpie/AB/FAV-0101-2/2025|H5N1|Canada-AB|Unknown|2025-01-27|wild_avian|D1.1
1159,634,0.293456842581845,-104.216868583561,42.0325987298972,-106.41418788536,38.6635876014076,0.589369637640074,0.295912795058229,2024.77777603413,2025.07123287671,SRR32512607|A/canada_goose/CO/25-003832-001/2025|H5N1|USA-CO|Chaffee|2025-01-27|wild_avian|D1.1
1096,614,0.279413877584185,-92.3120324741743,36.6875842466187,-81.7459448250353,26.4235954105659,0.589369637640074,0.309955760055889,2024.79181899913,2025.07123287671,SRR32416454|A/bald_eagle/FL/25-003208-001/2025|H5N1|USA-FL|Lee|2025-01-27|wild_avian|D1.1
907,511,0.259365500661067,-105.427785983398,44.8701279649751,-101.008852471685,47.1469990597384,0.589369637640074,0.330004136979007,2024.81186737605,2025.07123287671,SRR32416347|A/canada_goose/ND/25-003472-002/2025|H5N1|USA-ND|Oliver|2025-01-27|wild_avian|D1.1
1161,636,0.247966282295406,-98.2854054832614,41.5883741860935,-96.6970702310926,40.8563707680312,0.589369637640074,0.341403355344668,2024.82326659442,2025.07123287671,SRR32654124|A/Guineafowl/NE/25-003247-003-original/2025|H5N1|USA-NE|Unknown|2025-01-27|domestic_avian|D1.1
723,160,0.15085106607113,-83.8931971864942,29.8654033181719,-89.8813125169542,29.9969361202357,0.589369637640074,0.438518571568944,2024.92038181064,2025.07123287671,SRR32513218|A/vulture/LA/25-003600-001/2025|H5N1|USA-LA|Orleans|2025-01-27|wild_avian|D1.1
786,787,0.237175102322935,-91.590294680183,38.9457799116484,-93.2946628035959,42.4431962164686,0.590615257800277,0.353440155477342,2024.83530339455,2025.07247849687,NA
971,972,0.0910978214364712,-98.0528877344755,41.7237962990241,-97.2870380960997,45.0715209285031,0.59148530517268,0.500387483736209,2024.98225072281,2025.07334854424,NA
881,538,0.175483606956387,-81.28413199019,39.435602996079,-80.909249730463,39.3270241280367,0.592109363667431,0.416625756711045,2024.89848899578,2025.07397260274,SRR32653672|A/Canada_Goose/WV/25-005199-001-original/2025|H5N1|USA-WV|Unknown|2025-01-28|wild_avian|D1.1
789,223,0.165104638603415,-89.4790377475825,39.073628811099,-93.8739208147643,38.6464858585894,0.592109363667431,0.427004725064016,2024.90886796414,2025.07397260274,SRR33125126|A/Red-tailed_Hawk/MO/25-004415-009-original/2025|H5N1|USA-MO|Unknown|2025-01-28|wild_avian|D1.1
852,332,0.324517562943714,-86.9577481559534,37.9646103626184,-84.3554518745478,42.9705388900197,0.594849089694789,0.270331526751074,2024.75219476582,2025.07671232877,SRR32512666|A/canada_goose/MI/25-004311-003/2025|H5N1|USA-MI|Shiawassee|2025-01-29|wild_avian|D1.1
1140,656,0.301444842915287,-90.8928468300429,39.1142329841028,-101.972968867017,33.4571498393264,0.594849089694789,0.293404246779502,2024.77526748585,2025.07671232877,SRR32513289|A/red_tailed_hawk/TX/25-003592-003/2025|H5N1|USA-TX|Lubbock|2025-01-29|wild_avian|D1.1
796,283,0.288072582278305,-114.236526341634,40.1023982695806,-112.535115705049,38.1377184129282,0.594849089694789,0.306776507416483,2024.78863974649,2025.07671232877,SRR32513288|A/red_tailed_hawk/UT/25-003824-002/2025|H5N1|USA-UT|Unknown|2025-01-29|wild_avian|D1.1
1082,516,0.181271567630599,-107.961494418507,46.8727447221214,-101.788923799978,47.0645106372877,0.594849089694789,0.413577522064189,2024.89544076114,2025.07671232877,SRR32512609|A/canada_goose/ND/25-003829-001/2025|H5N1|USA-ND|Mercer|2025-01-29|wild_avian|D1.1
784,227,0.175541369831804,-84.7685115041814,41.4929064583859,-80.5590205534859,40.9342454258453,0.594849089694789,0.419307719862984,2024.90117095894,2025.07671232877,SRR32804603|A/bald_eagle/OH/25-006046-001/2025|H5N1|USA-OH|Mahoning|2025-01-29|wild_avian|D1.1
905,338,0.15109479629114,-102.453111416096,40.1245084909933,-101.930030649273,33.4741186581062,0.594849089694789,0.443754293403649,2024.92561753248,2025.07671232877,SRR32512557|A/cackling_goose/TX/25-003592-001/2025|H5N1|USA-TX|Lubbock|2025-01-29|wild_avian|D1.1
1248,106,0.114892833516724,-58.9233254978962,41.2131915361961,-72.10653564065,47.6478040498742,0.594849089694789,0.479956256178065,2024.96181949525,2025.07671232877,EPI_ISL_19792250|A/Turkey/QC/FAV-0046-1/2025|H5N1|Canada-QC|Unknown|2025-01-29|domestic_avian|D1.1
1255,118,0.111748987207059,-72.7603078728792,42.0461438625044,-72.7587509834518,41.5772565059783,0.594849089694789,0.48310010248773,2024.96496334156,2025.07671232877,SRR32512614|A/american_black_duck/CT/25-004298-002/2025|H5N1|USA-CT|New_Haven|2025-01-29|wild_avian|D1.1
721,171,0.102528198157149,-83.0614633536985,40.7885229673309,-81.9445372520994,41.283118215019,0.594849089694789,0.492320891537639,2024.97418413061,2025.07671232877,SRR32804602|A/bald_eagle/OH/25-006046-002/2025|H5N1|USA-OH|Lorain|2025-01-29|wild_avian|D1.1
771,206,0.0653618955102717,-81.6704850396295,41.5405611262597,-83.6413409061015,42.2895823768329,0.594849089694789,0.529487194184517,2025.01135043326,2025.07671232877,SRR32512665|A/canada_goose/MI/25-004311-004/2025|H5N1|USA-MI|Washtenaw|2025-01-29|wild_avian|D1.1
800,553,0.357287660590796,-108.364722730129,42.9410294989637,-108.374378292644,42.8461131217925,0.597588815722146,0.24030115513135,2024.7221643942,2025.07945205479,SRR32513192|A/hawk/WY/25-004351-001/2025|H5N1|USA-WY|Fremont|2025-01-30|wild_avian|D1.1
1346,261,0.337312881945967,-115.483952506284,43.8229680973172,-121.291278550881,35.7017132082022,0.597588815722146,0.26027593377618,2024.74213917285,2025.07945205479,SRR33508816|A/canada_goose/CA/25-003254-006/2025|H5N1|USA-CA|San_Luis_Obispo|2025-01-30|wild_avian|D1.1
780,230,0.262049139305066,-81.8456243592346,38.3515026045833,-91.0282182937724,36.6282827043414,0.597588815722146,0.33553967641708,2024.81740291549,2025.07945205479,SRR32654208|A/chicken/MO/25-003398-001-original/2025|H5N1|USA-MO|Unknown|2025-01-30|domestic_avian|D1.1
1157,641,0.243862304926244,-98.0208030383384,39.9368979783066,-95.6528733669635,39.7352005083683,0.597588815722146,0.353726510795902,2024.83558974987,2025.07945205479,SRR33682350|A/Bobcat/KS/25-014574-001-original/2025|H5N1|USA-KS|Unknown|2025-01-30|feline|D1.1
860,329,0.188538933321129,-79.4805600570407,32.1318149415825,-80.0743423917709,32.9659995327878,0.597588815722146,0.409049882401017,2024.89091312147,2025.07945205479,SRR32513174|A/great_horned_owl/SC/25-004165-001/2025|H5N1|USA-SC|Charleston|2025-01-30|wild_avian|D1.1
751,211,0.183015264300931,-88.7692093223809,43.2655126251011,-76.8231862581546,38.4425777426581,0.597588815722146,0.414573551421215,2024.89643679049,2025.07945205479,SRR33125054|A/Mallard/MD/25-005882-005-original/2025|H5N1|USA-MD|Unknown|2025-01-30|wild_avian|D1.1
1330,20,0.190061414281548,-80.658466747878,40.7626245246698,-77.7634755325884,39.5042398171275,0.600328541749503,0.410267127467955,2024.89213036654,2025.08219178082,SRR32415153|A/chicken/MD/25-003830-002-original/2025|H5N1|USA-MD|Unknown|2025-01-31|domestic_avian|D1.1
1090,1091,0.038596728311686,-121.035463754909,36.8310815273259,-120.69055187948,36.8430816791365,0.602780593122664,0.564183864810978,2025.04604710388,2025.0846438322,NA
1224,1225,0.0613150027297071,-87.7461038382402,42.9485080666104,-85.50316850044,42.7277230713023,0.606372834123347,0.54505783139364,2025.02692107047,2025.0882360732,NA
806,604,0.374201271120508,-103.542323716638,39.2294182124099,-82.7842059419018,29.6129221851352,0.608547719831803,0.234346448711295,2024.71620968778,2025.0904109589,SRR32653680|A/Canada_Goose/FL/25-004847-003-original/2025|H5N1|USA-FL|Unknown|2025-02-03|wild_avian|D1.1
1337,247,0.314582930030749,-113.269546040164,42.8519729803036,-122.037800811236,46.014735813005,0.608547719831803,0.293964789801054,2024.77582802887,2025.0904109589,SRR32512878|A/Duck/WA/25-004661-001-original/2025|H5N1|USA-WA|Unknown|2025-02-03|domestic_avian|D1.1
1111,565,0.282795287932051,-98.2157693567832,38.454068736136,-105.630746524841,40.8994322729043,0.608547719831803,0.325752431899752,2024.80761567097,2025.0904109589,SRR32512655|A/canada_goose/CO/25-004662-001/2025|H5N1|USA-CO|Larimer|2025-02-03|wild_avian|D1.1
788,221,0.24540302506746,-90.4264969614206,38.3755122766856,-90.4474021343788,30.9378760733421,0.608547719831803,0.363144694764343,2024.84500793384,2025.0904109589,SRR32415110|A/chicken/LA/25-004414-001-original/2025|H5N1|USA-LA|Unknown|2025-02-03|domestic_avian|D1.1
1270,73,0.214828417527558,-76.5777841673633,41.7234459252182,-76.4186178417422,42.4439784913749,0.608547719831803,0.393719302304245,2024.87558254138,2025.0904109589,SRR32513235|A/snow_goose/NY/25-004092-002/2025|H5N1|USA-NY|Tompkins|2025-02-03|wild_avian|D1.1
1226,39,0.0494220975327517,-88.4575051637714,42.4225087862494,-87.9923196426667,43.0395940595998,0.608547719831803,0.559125622299051,2025.04098886137,2025.0904109589,SRR33508795|A/red_breasted_merganser/WI/25-005001-001/2025|H5N1|USA-WI|Milwaukee|2025-02-03|wild_avian|D1.1
1121,578,0.0240392834811323,-111.525175848307,35.5265196391666,-109.924870047904,34.4296417464626,0.608547719831803,0.584508436350671,2025.06637167542,2025.0904109589,SRR32415932|A/cattle/AZ/25-004003-002-original/2025|H5N1|USA-AZ|Unknown|2025-02-03|cattle|D1.1
1121,579,0.0240392834811323,-111.525175848307,35.5265196391666,-111.48369829458,35.5747157945302,0.608547719831803,0.584508436350671,2025.06637167542,2025.0904109589,SRR32415933|A/cattle/AZ/25-004003-001-original/2025|H5N1|USA-AZ|Unknown|2025-02-03|cattle|D1.1
1210,273,0.266380143892843,-105.733789464506,43.29336367437,-106.964477415207,42.7472737387392,0.61128744585916,0.344907301966317,2024.82677054104,2025.09315068493,SRR32512649|A/Common_goldeneye/WY/25-004669-001/2025|H5N1|USA-WY|Natrona|2025-02-04|wild_avian|D1.1
1261,67,0.202065184696743,-64.845484376625,44.9939614895071,-64.8008458882326,45.0315094409216,0.61128744585916,0.409222261162417,2024.89108550023,2025.09315068493,EPI_ISL_20208379|A/American_Black_Duck/NS/FAV-0078-2/2025|H5N1|Canada-NS|Unknown|2025-02-04|wild_avian|D1.1
1255,117,0.12818734337143,-72.7603078728792,42.0461438625044,-72.0156145428933,41.4072017693769,0.61128744585916,0.48310010248773,2024.96496334156,2025.09315068493,SRR33125072|A/Great_Horned_Owl/CT/25-005886-001-original/2025|H5N1|USA-CT|Unknown|2025-02-04|wild_avian|D1.1
889,890,0.26039296262629,-96.1033205034469,42.7392855957388,-92.3580545279985,43.2842729689901,0.612016357636534,0.351623395010244,2024.83348663408,2025.09387959671,NA
913,915,0.168668115756821,-92.7010158746124,41.0809061476053,-97.2326361051665,37.1435708789061,0.612921410549758,0.444253294792937,2024.92611653387,2025.09478464962,NA
1331,8,0.457750315491961,-111.585242245211,42.7357303933137,-118.087900910466,37.782133491635,0.614027171886518,0.156276856394557,2024.63814009547,2025.09589041096,SRR32653594|A/Red-tailed_Hawk/NV/25-005369-001-original/2025|H5N1|USA-NV|Unknown|2025-02-05|wild_avian|D1.1
697,127,0.253772795542191,-94.7042025407694,44.5191172975651,-91.2501377986859,43.9954142357189,0.614027171886518,0.360254376344326,2024.84211761542,2025.09589041096,SRR32512646|A/cougar/WI/25-004744-001/2025|H5N1|USA-WI|Redacted|2025-02-05|feline|D1.1
715,180,0.167698618894522,-80.9361244804922,36.250164307902,-82.8719501250617,42.9268720687239,0.614027171886518,0.446328552991996,2024.92819179206,2025.09589041096,SRR33508810|A/bufflehead/MI/25-004779-004/2025|H5N1|USA-MI|St_Clair|2025-02-05|wild_avian|D1.1
722,173,0.124040670880088,-84.260541863477,43.5555396070735,-83.6036955550435,43.6048362700311,0.614027171886518,0.489986501006429,2024.97184974008,2025.09589041096,SRR33508812|A/bald_eagle/MI/25-004779-002/2025|H5N1|USA-MI|Tuscola|2025-02-05|wild_avian|D1.1
1084,514,0.0824667725617019,-103.803097106941,43.1058715318341,-104.637447004913,40.4879996498265,0.614027171886518,0.531560399324816,2025.0134236384,2025.09589041096,SRR32513282|A/red_tailed_hawk/CO/25-004838-001/2025|H5N1|USA-CO|Weld|2025-02-05|wild_avian|D1.1
1231,45,0.385270737746561,-79.46505280225,44.0150732205507,-99.8157329927291,44.0506020879253,0.616766897913875,0.231496160167315,2024.71335939924,2025.09863013699,SRR32512905|A/chicken/SD/25-004736-001-original/2025|H5N1|USA-SD|Unknown|2025-02-06|domestic_avian|D1.1
1265,71,0.275022625201044,-63.8276316426827,44.0594833540496,-69.781252736567,44.1893210445533,0.616766897913875,0.341744272712831,2024.82360751179,2025.09863013699,SRR33125120|A/mallard/ME/25-006143-001/2025|H5N1|USA-ME|Kennebec|2025-02-06|wild_avian|D1.1
782,225,0.193882075783976,-81.9428343288373,39.4710987762737,-83.6258608615244,41.6123097875237,0.616766897913875,0.422884822129899,2024.9047480612,2025.09863013699,SRR32512588|A/bald_eagle/OH/25-004768-001/2025|H5N1|USA-OH|Unknown|2025-02-06|wild_avian|D1.1
1306,94,0.193500512262731,-72.704199505739,43.6721849258572,-71.3826772985246,43.6069921724048,0.616766897913875,0.423266385651144,2024.90512962472,2025.09863013699,SRR32653687|A/american_black_duck/NH/25-005332-016/2025|H5N1|USA-NH|Belknap|2025-02-06|wild_avian|D1.1
1307,92,0.15589790409782,-72.2044067705603,43.0332973198772,-70.0490701256063,41.7018807443937,0.616766897913875,0.460868993816055,2024.94273223289,2025.09863013699,SRR32868847|A/bufflehead/MA/25-007118-042/2025|H5N1|USA-MA|Barnstable|2025-02-06|wild_avian|D1.1
1227,38,0.0433386060905906,-88.178063570365,42.4935609340749,-87.6447379021972,41.9462484066388,0.616766897913875,0.573428291823285,2025.0552915309,2025.09863013699,SRR32653607|A/red_breasted_merganser/IL/25-005366-003/2025|H5N1|USA-IL|Cook|2025-02-06|wild_avian|D1.1
856,330,0.233394695747703,-85.56150718658,39.1761637567077,-80.8462646138329,37.7417255105613,0.619506623941233,0.38611192819353,2024.86797516727,2025.10136986301,SRR32974090|A/Canada_Goose/WV/25-005755-001-original-repeat2/2025|H5N1|USA-WV|Unknown|2025-02-07|wild_avian|D1.1
1207,267,0.159187550918122,-105.728031302884,42.8052921652945,-96.1185258598395,37.3499643701763,0.619506623941233,0.460319073023111,2024.9421823121,2025.10136986301,SRR32653665|A/cat/KS/25-005576-002-original/2025|H5N1|USA-KS|Unknown|2025-02-07|feline|D1.1
1293,97,0.0934289601325952,-70.1623162796233,43.177842664619,-70.6933689525883,43.3572659529235,0.619506623941233,0.526077663808637,2025.00794090288,2025.10136986301,SRR33125151|A/mallard/ME/25-006144-064/2025|H5N1|USA-ME|York|2025-02-07|wild_avian|D1.1
1332,7,0.390066530716267,-111.742144172039,41.2978361592064,-103.597492008233,25.8028512366905,0.622246349968817,0.23217981925255,2024.71404305832,2025.10410958904,GenBank|A/goose/Durango/CPA-00444-25/2025|H5N1|Mexico-Durango|Unknown|2025-02-08|domestic_avian|D1.1
774,188,0.294522611636441,-89.0764255820402,37.9183545587563,-87.9815521516102,36.4780708197942,0.622246349968817,0.327723738332377,2024.8095869774,2025.10410958904,SRR33125079|A/Black_Vulture/TN/25-006120-003-original/2025|H5N1|USA-TN|Unknown|2025-02-08|wild_avian|D1.1
693,134,0.207662025783864,-89.3572048495812,43.11886602393,-95.0562189117412,43.5581789538094,0.622246349968817,0.414584324184954,2024.89644756326,2025.10410958904,SRR32512844|A/chicken/MN/25-004931-004-original/2025|H5N1|USA-MN|Unknown|2025-02-08|domestic_avian|D1.1
1269,76,0.323113486013811,-73.6528528656646,40.9371104666736,-75.5585127938512,39.3741647888974,0.627725802023532,0.304612316009721,2024.78647555508,2025.1095890411,SRR32512885|A/chicken/DE/25-005230-002-original/2025|H5N1|USA-DE|Unknown|2025-02-10|domestic_avian|D1.1
1115,586,0.28497894125658,-112.707041212711,40.9924212232132,-109.005774361994,35.6362310301545,0.627725802023532,0.342746860766952,2024.82461009984,2025.1095890411,SRR32653667|A/cat/NM/25-005387-001-original/2025|H5N1|USA-NM|Unknown|2025-02-10|feline|D1.1
776,216,0.236070204403057,-86.0511933875537,35.6727812827543,-84.2770252974388,33.2119626169908,0.627725802023532,0.391655597620475,2024.87351883669,2025.1095890411,SRR33125081|A/Black_Vulture/GA/25-005756-004-original/2025|H5N1|USA-GA|Unknown|2025-02-10|wild_avian|D1.1
871,525,0.372261489211974,-95.786991950385,37.2578012560397,-76.0964954249613,39.9184692223856,0.63046552805089,0.258204038838915,2024.74006727791,2025.11232876712,SRR32804547|A/red_shouldered_hawk/PA/25-006939-001/2025|H5N1|USA-PA|Lancaster|2025-02-11|wild_avian|D1.1
775,217,0.328366761204638,-85.9681781856246,35.886295871151,-79.7915495307185,41.9014031588911,0.63046552805089,0.302098766846251,2024.78396200592,2025.11232876712,SRR33125061|A/herring_gull/PA/25-005864-001/2025|H5N1|USA-PA|Erie|2025-02-11|wild_avian|D1.1
1158,642,0.215639476906894,-92.5371544783452,41.3809227139188,-101.516201180681,42.3205935478296,0.63046552805089,0.414826051143996,2024.89668929022,2025.11232876712,SRR32973810|A/chicken/NE/25-005224-001-original-repeat2/2025|H5N1|USA-NE|Unknown|2025-02-11|domestic_avian|D1.1
1253,112,0.177684414893428,-74.4399079401025,40.76860873605,-74.7148735065168,41.1455161177036,0.63046552805089,0.452781113157462,2024.93464435223,2025.11232876712,SRR33125172|A/bald_eagle/NJ/25-006329-001/2025|H5N1|USA-NJ|Sussex|2025-02-11|wild_avian|D1.1
972,973,0.0403963503869791,-97.2870380960997,45.0715209285031,-97.8599187905991,46.375524414724,0.631881655559659,0.59148530517268,2025.07334854424,2025.11374489463,NA
1273,1274,0.0678237314909746,-77.6024835449771,39.7238414828158,-77.045623743806,39.6565353286449,0.632888857023377,0.565065125532402,2025.0469283646,2025.1147520961,NA
715,179,0.186876701086251,-80.9361244804922,36.250164307902,-88.0290324325644,33.6152958331585,0.633205254078247,0.446328552991996,2024.92819179206,2025.11506849315,SRR33125038|A/Canada_Goose/AL/25-006220-001-original/2025|H5N1|USA-AL|Unknown|2025-02-12|wild_avian|D1.1
752,210,0.098756918926482,-88.6558812335836,43.2394836415537,-85.2795158230552,38.6128507558966,0.633205254078247,0.534448335151765,2025.01631157422,2025.11506849315,SRR33319056|A/Great_Horned_Owl/KY/25-006499-001-original-repeat/2025|H5N1|USA-KY|Unknown|2025-02-12|wild_avian|D1.1
1322,1323,0.0823672750033626,-80.3777820383085,39.6637449946804,-80.9174411446023,40.1561492171146,0.634030192605085,0.551662917601723,2025.03352615667,2025.11589343168,NA
1124,566,0.378639677202023,-109.218528538275,41.0225972227066,-111.304764756851,50.4204806738495,0.635944980105832,0.257305302903809,2024.73916854198,2025.11780821918,EPI_ISL_20208387|A/Black-Billed_Magpie/AB/FAV-0102/2025|H5N1|Canada-AB|Unknown|2025-02-13|wild_avian|D1.1
1308,100,0.330965054801332,-74.0157259338756,43.5948453098517,-71.5972043206052,41.6947729946346,0.635944980105832,0.304979925304499,2024.78684316438,2025.11780821918,SRR32868681|A/canada_goose/RI/25-007119-019/2025|H5N1|USA-RI|Kent|2025-02-13|wild_avian|D1.1
1291,95,0.182351237493953,-72.9160569920338,43.7888428988897,-71.0768132544853,43.2325843050416,0.635944980105832,0.453593742611878,2024.93545698168,2025.11780821918,SRR32804576|A/red_tailed_hawk/NH/25-006653-001/2025|H5N1|USA-NH|Strafford|2025-02-13|wild_avian|D1.1
873,522,0.105945022060418,-95.2942547987556,30.1922366324403,-98.3591098311809,29.4835457963847,0.635944980105832,0.529999958045414,2025.01186319712,2025.11780821918,SRR32804622|A/black_vulture/TX/25-006660-004/2025|H5N1|USA-TX|Bexar|2025-02-13|wild_avian|D1.1
874,523,0.0549300613526571,-93.7552691590993,30.9455790986494,-98.6932681026941,29.2562139236743,0.635944980105832,0.581014918753175,2025.06287815783,2025.11780821918,SRR32804616|A/black_vulture/TX/25-006661-005/2025|H5N1|USA-TX|Bexar|2025-02-13|wild_avian|D1.1
801,556,0.383090731580072,-108.417328150125,42.6591031494324,-124.315230138428,58.3257574790088,0.638684706133189,0.255593974553117,2024.73745721363,2025.12054794521,EPI_ISL_19788008|A/Cooper_s_Hawk/BC/AIVPHL-3515/2025|H5N1|Canada-BC|Unknown|2025-02-14|wild_avian|D1.1
1141,657,0.333910004772359,-90.7166938623283,39.0774500759455,-107.095167856586,47.9378732979763,0.638684706133189,0.30477470136083,2024.78663794043,2025.12054794521,SRR32974108|A/Bald_Eagle/MT/25-009371-001-original/2025|H5N1|USA-MT|Unknown|2025-02-14|wild_avian|D1.1
1329,21,0.228502421815193,-80.6954083003195,40.7583283424312,-80.847902149494,36.9658255468212,0.638684706133189,0.410182284317996,2024.89204552339,2025.12054794521,SRR32868736|A/Peregrine_Falcon/VA/25-007709-003-original/2025|H5N1|USA-VA|Unknown|2025-02-14|wild_avian|D1.1
906,336,0.138262232601521,-104.210450056196,38.9093451735877,-101.259308430894,36.6842032897303,0.638684706133189,0.500422473531668,2024.9822857126,2025.12054794521,SRR32804591|A/snow_goose/OK/25-006647-001/2025|H5N1|USA-OK|Texas|2025-02-14|wild_avian|D1.1
874,524,0.0576697873800145,-93.7552691590993,30.9455790986494,-101.777392065048,36.8988297809489,0.638684706133189,0.581014918753175,2025.06287815783,2025.12054794521,SRR32804590|A/snow_goose/OK/25-006648-001/2025|H5N1|USA-OK|Texas|2025-02-14|wild_avian|D1.1
1225,34,0.0323118720098421,-85.50316850044,42.7277230713023,-87.7715647658708,42.0499394644698,0.638684706133189,0.606372834123347,2025.0882360732,2025.12054794521,SRR32868800|A/herring_gull/IL/25-007474-006/2025|H5N1|USA-IL|Cook|2025-02-14|wild_avian|D1.1
1296,1297,0.15949716105913,-70.4753124872353,41.9204143750115,-68.2955555222566,43.4754302459958,0.640140511365653,0.480643350306522,2024.96250658938,2025.12200375044,NA
979,1077,0.112526348687595,-113.636679658676,45.8469830353323,-110.27798013851,47.9544649742119,0.641933414502906,0.529407065815311,2025.01127030489,2025.12379665358,NA
1274,1276,0.0101515191505155,-77.045623743806,39.6565353286449,-77.8435055433962,39.7928434084628,0.643040376173892,0.632888857023377,2025.1147520961,2025.12490361525,NA
972,976,0.053096215403147,-97.2870380960997,45.0715209285031,-99.2317016846703,43.2624201331175,0.644581520575827,0.59148530517268,2025.07334854424,2025.12644475965,NA
973,974,0.016560858628863,-97.8599187905991,46.375524414724,-97.1006866483702,46.266964203691,0.648442514188522,0.631881655559659,2025.11374489463,2025.13030575326,NA
1248,107,0.169687354064554,-58.9233254978962,41.2131915361961,-71.9630853915683,42.2808597164466,0.649643610242619,0.479956256178065,2024.96181949525,2025.13150684931,SRR32804565|A/mallard/MA/25-006665-001/2025|H5N1|USA-MA|Worcester|2025-02-18|wild_avian|D1.1
721,170,0.157322718704979,-83.0614633536985,40.7885229673309,-92.4454339777611,42.9495598987596,0.649643610242619,0.492320891537639,2024.97418413061,2025.13150684931,SRR33125097|A/Snowy_Owl/IA/25-005856-001-original/2025|H5N1|USA-IA|Unknown|2025-02-18|wild_avian|D1.1
1127,568,0.320053732203031,-116.867208122443,42.1656434003123,-89.0883059589543,52.0285562703271,0.652383336270203,0.332329604067172,2024.81419284314,2025.13424657534,EPI_ISL_20208401|A/Canada_Goose/ON/FAV-0070-2/2025|H5N1|Canada-ON|Unknown|2025-02-19|wild_avian|D1.1
1263,69,0.231818611608946,-63.2116129639574,45.6885028023403,-61.9097912245623,45.340000186967,0.652383336270203,0.420564724661258,2024.90242796373,2025.13424657534,EPI_ISL_20208385|A/Bald_Eagle/NS/FAV-0148/2025|H5N1|Canada-NS|Unknown|2025-02-19|wild_avian|D1.1
818,607,0.408244239571264,-109.386112717472,46.0786895082301,-115.562122512191,49.5709585797812,0.655123062297561,0.246878822726297,2024.7287420618,2025.13698630137,EPI_ISL_19788007|A/Canada_Goose/BC/AIVPHL-3503/2025|H5N1|Canada-BC|Unknown|2025-02-20|wild_avian|D1.1
749,755,0.410874193084749,-88.9724160593056,37.0879229020758,-88.1607939475247,32.2879876723439,0.657070779227872,0.246196586143123,2024.72805982522,2025.1389340183,NA
1354,3,0.440591345173488,-107.716952800103,43.8076331572253,-115.888370991526,46.3543221656192,0.657862788324918,0.21727144315143,2024.69913468222,2025.1397260274,SRR32804615|A/cat/ID/25-007150-001-original/2025|H5N1|USA-ID|Unknown|2025-02-21|feline|D1.1
858,325,0.233485267061394,-79.1140607420137,39.2715477277709,-80.1182237350277,36.3399721520769,0.657862788324918,0.424377521263524,2024.90624076034,2025.1397260274,SRR32868875|A/Bald_Eagle/NC/25-007708-003-original/2025|H5N1|USA-NC|Unknown|2025-02-21|wild_avian|D1.1
1323,1326,0.0260455981093458,-80.9174411446023,40.1561492171146,-83.7161657806604,40.4421787070892,0.660075790714431,0.634030192605085,2025.11589343168,2025.14193902979,NA
731,732,0.354088973101022,-84.9373984020123,36.5292415431082,-81.9175074936961,38.8041916106829,0.660242491353019,0.306153518251997,2024.78801675732,2025.14210573043,NA
1262,66,0.232870582265975,-64.4356230120399,46.4988782794214,-62.7946936032085,46.3639911097763,0.660602514352276,0.427731932086301,2024.90959517116,2025.14246575342,EPI_ISL_20208402|A/Canada_Goose/PE/FAV-0072-5/2025|H5N1|Canada-PE|Unknown|2025-02-22|wild_avian|D1.1
1249,111,0.203102588384162,-71.9989877504851,41.7790326920993,-62.4741709440858,46.3460684859803,0.660602514352276,0.457499925968114,2024.93936316504,2025.14246575342,EPI_ISL_19792232|A/Canada_goose/PE/FAV-0072-1/2025|H5N1|Canada-PE|Unknown|2025-02-22|wild_avian|D1.1
773,218,0.423008484377284,-87.2220990339262,36.5702080860756,-107.775577245761,33.3945612045337,0.66608196640699,0.243073482029706,2024.7249367211,2025.14794520548,SRR32804608|A/Skunk/NM/25-006932-001-original/2025|H5N1|USA-NM|Unknown|2025-02-24|other_mammal|D1.1
1318,9,0.340616138099188,-91.4209681141344,37.6096524993314,-91.3974211223773,37.6623707856282,0.66608196640699,0.325465828307802,2024.80732906738,2025.14794520548,SRR32804645|A/Cooper_s_Hawk/MO/25-007115-002-original/2025|H5N1|USA-MO|Unknown|2025-02-24|wild_avian|D1.1
1097,613,0.348631368365241,-91.047234500894,35.7265561591653,-83.0275376200193,29.452532394849,0.668821692434575,0.320190324069334,2024.80205356314,2025.15068493151,SRR33124756|A/chicken/FL/25-006816-001-original/2025|H5N1|USA-FL|Unknown|2025-02-25|domestic_avian|D1.1
1251,109,0.080389727508462,-70.8763843072059,41.1839248943008,-71.4004597109173,41.7297595899605,0.668821692434575,0.588431964926113,2025.070295204,2025.15068493151,SRR34784269|A/herring_gull/RI/25-019394-001/2025|H5N1|USA-RI|Kent|2025-02-25|wild_avian|D1.1
1284,55,0.297536262324973,-76.3055509702905,42.7574886934886,-76.2465541775852,42.2548935518056,0.671561418461933,0.37402515613696,2024.85588839521,2025.15342465753,SRR32868713|A/red_tailed_hawk/NY/25-007155-001/2025|H5N1|USA-NY|Tioga|2025-02-26|wild_avian|D1.1
860,328,0.262511536060915,-79.4805600570407,32.1318149415825,-82.1365424765089,37.0699284591286,0.671561418461933,0.409049882401017,2024.89091312147,2025.15342465753,SRR32973981|A/Brown_Pelican/VA/25-008328-003-original/2025|H5N1|USA-VA|Unknown|2025-02-26|wild_avian|D1.1
1084,513,0.140001019137117,-103.803097106941,43.1058715318341,-105.269699901398,42.5882032822966,0.671561418461933,0.531560399324816,2025.0134236384,2025.15342465753,SRR32868818|A/canada_goose/WY/25-008078-001/2025|H5N1|USA-WY|Platte|2025-02-26|wild_avian|D1.1
1278,58,0.39085805396456,-71.5863729067202,40.3239484005825,-78.0958352995856,44.2332495492209,0.67430114448929,0.28344309052473,2024.7653063296,2025.15616438356,EPI_ISL_19792248|A/Turkey/ON/FAV-0069-2/2025|H5N1|Canada-ON|Unknown|2025-02-27|domestic_avian|D1.1
753,213,0.314697550535791,-93.9643723611265,41.4151017621511,-96.434608084464,37.5265796123864,0.67430114448929,0.359603593953499,2024.84146683303,2025.15616438356,SRR32804611|A/cat/KS/25-007581-001-original/2025|H5N1|USA-KS|Unknown|2025-02-27|feline|D1.1
1245,105,0.314486551901481,-72.1149901813707,41.822750927473,-74.503490068713,40.4851032172873,0.67430114448929,0.359814592587809,2024.84167783166,2025.15616438356,SRR32868891|A/dark_eyed_junco/NJ/25-007152-004/2025|H5N1|USA-NJ|Somerset|2025-02-27|wild_avian|D1.1
858,323,0.249923623225766,-79.1140607420137,39.2715477277709,-81.5115256230436,37.4497623396096,0.67430114448929,0.424377521263524,2024.90624076034,2025.15616438356,SRR32868711|A/Red-tailed_Hawk/WV/25-007392-001-original/2025|H5N1|USA-WV|Unknown|2025-02-27|wild_avian|D1.1
1088,619,0.208520753426596,-123.371547241373,36.8525339154452,-121.879374257245,38.2442024242089,0.67430114448929,0.465780391062694,2024.94764363013,2025.15616438356,SRR33476791|A/Peregrine_falcon/CA/25-012990-002/2025|H5N1|USA-CA|Solano|2025-02-27|wild_avian|D1.1
1090,620,0.110117279678312,-121.035463754909,36.8310815273259,-121.814468302651,37.6919162623484,0.67430114448929,0.564183864810978,2025.04604710388,2025.15616438356,SRR33476783|A/Sanderling/CA/25-012990-001/2025|H5N1|USA-CA|Alameda|2025-02-27|wild_avian|D1.1
1256,116,0.245631862286743,-73.8706606067089,41.9166629460922,-71.219527244486,42.4987370791882,0.679780596544005,0.434148734257262,2024.91601197333,2025.16164383562,SRR34710268|A/red_tailed_hawk/MA/25-019390-004/2025|H5N1|USA-MA|Middlesex|2025-03-01|wild_avian|D1.1
1224,37,0.134722765150365,-87.7461038382402,42.9485080666104,-89.3108150834542,42.6401222994259,0.679780596544005,0.54505783139364,2025.02692107047,2025.16164383562,SRR32974035|A/Peregrine_Falcon/WI/25-008493-001-original/2025|H5N1|USA-WI|Unknown|2025-03-01|wild_avian|D1.1
818,609,0.43838122587265,-109.386112717472,46.0786895082301,-121.212860614036,48.7613319859222,0.685260048598947,0.246878822726297,2024.7287420618,2025.16712328767,SRR33476782|A/Bald_Eagle/WA/25-013105-001-original/2025|H5N1|USA-WA|Unknown|2025-03-03|wild_avian|D1.1
1265,72,0.343515775886115,-63.8276316426827,44.0594833540496,-63.5108707186651,45.3157805609357,0.685260048598947,0.341744272712831,2024.82360751179,2025.16712328767,EPI_ISL_19792237|A/Chicken/NS/FAV-0075-2/2025|H5N1|Canada-NS|Unknown|2025-03-03|domestic_avian|D1.1
1347,259,0.34221109292295,-115.051097193469,44.0235619657606,-91.8650484096194,36.7204044463426,0.685260048598947,0.343048955675997,2024.82491219475,2025.16712328767,SRR33029790|A/turkey_vulture/MO/25-007994-001/2025|H5N1|USA-MO|Howell|2025-03-03|wild_avian|D1.1
717,175,0.296696659136951,-81.1677123075307,38.8058666981141,-77.2588184703148,42.1128508868787,0.685260048598947,0.388563389461996,2024.87042662853,2025.16712328767,SRR32868755|A/red_tailed_hawk/NY/25-007854-001/2025|H5N1|USA-NY|Steuben|2025-03-03|wild_avian|D1.1
1204,276,0.270582273015058,-119.615712849611,45.7637919120222,-102.208891378801,43.7290541476176,0.685260048598947,0.414677775583889,2024.89654101466,2025.16712328767,SRR32974025|A/Red-tailed_Hawk/SD/25-008825-001-original/2025|H5N1|USA-SD|Unknown|2025-03-03|wild_avian|D1.1
727,167,0.264515200300028,-95.494661042738,39.3923505256648,-83.7893474203034,33.807817767058,0.685260048598947,0.420744848298918,2024.90260808737,2025.16712328767,SRR32868886|A/bald_eagle/GA/25-007707-001/2025|H5N1|USA-GA|Walton|2025-03-03|wild_avian|D1.1
1078,408,0.264434694010921,-100.898742537598,41.7075160166747,-110.783120706033,43.1358522638803,0.685260048598947,0.420825354588026,2024.90268859366,2025.16712328767,SRR32868817|A/Canada_Goose/WY/25-008079-001-original/2025|H5N1|USA-WY|Unknown|2025-03-03|wild_avian|D1.1
914,397,0.226469677538072,-92.8805280243728,42.611767695386,-97.7840878539934,39.2234247731221,0.685260048598947,0.458790371060875,2024.94065361013,2025.16712328767,SRR32974002|A/Skunk/KS/25-008665-001-original/2025|H5N1|USA-KS|Unknown|2025-03-03|other_mammal|D1.1
1227,36,0.111831756775662,-88.178063570365,42.4935609340749,-86.4304877705549,40.7102986318979,0.685260048598947,0.573428291823285,2025.0552915309,2025.16712328767,SRR32868795|A/Bald_Eagle/IN/25-007837-001-original/2025|H5N1|USA-IN|Unknown|2025-03-03|wild_avian|D1.1
732,733,0.0251169103454274,-81.9175074936961,38.8041916106829,-82.2953728913503,39.1449669377167,0.685359401698446,0.660242491353019,2025.14210573043,2025.16722264077,NA
1295,88,0.217613202544695,-71.1258336335155,41.9057724011286,-71.2948088619609,41.6954698409563,0.687999774626304,0.470386572081609,2024.95224981115,2025.1698630137,SRR34710265|A/Peregrine_Falcon/RI/25-019394-007-original/2025|H5N1|USA-RI|Unknown|2025-03-04|wild_avian|D1.1
808,599,0.208946407893864,-116.304803079442,49.0049580783664,-117.406427992944,43.5145464528356,0.690739500653662,0.481793092759798,2024.96365633183,2025.17260273973,SRR32974026|A/Red-tailed_Hawk/OR/25-008819-001-original/2025|H5N1|USA-OR|Unknown|2025-03-05|wild_avian|D1.1
909,339,0.30829745031178,-99.9373767082014,42.0891067724224,-99.6731078237129,40.7025669257051,0.693479226681019,0.385181776369239,2024.86704501544,2025.17534246575,SRR32868560|A/chicken/NE/25-008023-001-original/2025|H5N1|USA-NE|Unknown|2025-03-06|domestic_avian|D1.1
779,231,0.282201655574464,-97.5244753757113,40.1525436299301,-87.4896298958744,41.5631403678899,0.693479226681019,0.411277571106555,2024.89314081018,2025.17534246575,SRR32868618|A/chicken/IN/25-008062-001-original/2025|H5N1|USA-IN|Unknown|2025-03-06|domestic_avian|D1.1
1091,622,0.0906986335583547,-120.69055187948,36.8430816791365,-122.269068436215,37.5196532035544,0.693479226681019,0.602780593122664,2025.0846438322,2025.17534246575,SRR33029846|A/barn_owl/CA/25-010283-002/2025|H5N1|USA-CA|San_Mateo|2025-03-06|wild_avian|D1.1
890,543,0.0814628690444851,-92.3580545279985,43.2842729689901,-85.3434095366932,38.3065186062804,0.693479226681019,0.612016357636534,2025.09387959671,2025.17534246575,SRR32974113|A/turkey_vulture/KY/25-009319-001/2025|H5N1|USA-KY|Oldham|2025-03-06|wild_avian|D1.1
1330,19,0.285951825240421,-80.658466747878,40.7626245246698,-67.7895269614578,45.0745449838473,0.696218952708376,0.410267127467955,2024.89213036654,2025.17808219178,SRR34980370|A/American_Crow/ME/25-021406-005-original/2025|H5N1|USA-ME|Unknown|2025-03-07|wild_avian|D1.1
831,301,0.214631123542316,-77.957575912655,35.6903577563765,-80.8245861255797,36.0092419576851,0.696218952708376,0.481587829166061,2024.96345106824,2025.17808219178,SRR32974111|A/Brown_Pelican/NC/25-009321-002-original/2025|H5N1|USA-NC|Unknown|2025-03-07|wild_avian|D1.1
1079,407,0.257245345206022,-100.826742541931,41.7390318542532,-100.843325008177,36.8525588258634,0.698958678735961,0.441713333529939,2024.9235765726,2025.18082191781,SRR32868567|A/Guineafowl/OK/25-008449-003-original/2025|H5N1|USA-OK|Unknown|2025-03-08|domestic_avian|D1.1
1323,1324,0.0696269054261137,-80.9174411446023,40.1561492171146,-79.3226946802936,39.3461582922975,0.703657098031199,0.634030192605085,2025.11589343168,2025.1855203371,NA
893,551,0.442155820685216,-110.087312024513,44.9307303712957,-117.144164765011,45.168375573124,0.704438130790676,0.26228231010546,2024.74414554918,2025.18630136986,SRR33682322|A/Owl/OR/25-014765-001-original/2025|H5N1|USA-OR|Unknown|2025-03-10|wild_avian|D1.1
708,158,0.350367113835992,-88.6077661603019,38.0594897796493,-78.6158120920027,42.7292963489993,0.704438130790676,0.354071016954684,2024.83593425603,2025.18630136986,SRR32974019|A/bald_eagle/NY/25-009027-001/2025|H5N1|USA-NY|Erie|2025-03-10|wild_avian|D1.1
1273,64,0.139373005258274,-77.6024835449771,39.7238414828158,-76.6030423757182,38.3235574901492,0.704438130790676,0.565065125532402,2025.0469283646,2025.18630136986,SRR32868593|A/chicken/MD/25-008577-002-original/2025|H5N1|USA-MD|Unknown|2025-03-10|domestic_avian|D1.1
1116,1117,0.131849314407865,-111.364613594895,35.9621215258296,-109.976674441637,34.8315542536661,0.707356369734552,0.575507055326687,2025.0573702944,2025.18921960881,NA
1122,575,0.380767163445717,-90.0562927612205,39.6326304335582,-89.5917993428,40.004183174658,0.709917582845391,0.329150419399673,2024.81101365847,2025.19178082192,SRR32973826|A/chicken/IL/25-009367-001-original/2025|H5N1|USA-IL|Unknown|2025-03-12|domestic_avian|D1.1
1264,70,0.28287248842305,-63.3901979540721,45.0944053077023,-60.7119090441692,52.4763196798144,0.709917582845391,0.42704509442234,2024.90890833349,2025.19178082192,EPI_ISL_20208427|A/Mallard/NL/FAV-0141-13/2025|H5N1|Canada-NL|Unknown|2025-03-12|wild_avian|D1.1
1239,124,0.253979123069462,-73.9230201523114,40.9258181212605,-73.9600186110337,40.9554324179554,0.709917582845391,0.455938459775929,2024.93780169885,2025.19178082192,SRR32974073|A/bald_eagle/NJ/25-009512-004/2025|H5N1|USA-NJ|Bergen|2025-03-12|wild_avian|D1.1
1091,621,0.107136989722726,-120.69055187948,36.8430816791365,-121.939120651737,37.6150054108494,0.709917582845391,0.602780593122664,2025.0846438322,2025.19178082192,SRR33682329|A/great_blue_heron/CA/25-014655-001/2025|H5N1|USA-CA|Alameda|2025-03-12|wild_avian|D1.1
915,396,0.0969961722956324,-97.2326361051665,37.1435708789061,-98.5508408978042,35.4572111370704,0.709917582845391,0.612921410549758,2025.09478464962,2025.19178082192,SRR32868813|A/Canada_Goose/OK/25-009017-002-original/2025|H5N1|USA-OK|Unknown|2025-03-12|wild_avian|D1.1
808,809,0.230188245843006,-116.304803079442,49.0049580783664,-114.813662005023,48.3427178998346,0.711981338602804,0.481793092759798,2024.96365633183,2025.19384457768,NA
1083,515,0.294269909955937,-106.027779102307,43.023762814918,-99.4781772902787,33.8814826641344,0.712657308872748,0.418387398916811,2024.90025063799,2025.19452054795,SRR33508799|A/Skunk/TX/25-010819-006-original/2025|H5N1|USA-TX|Unknown|2025-03-13|other_mammal|D1.1
787,219,0.122042051072471,-93.2946628035959,42.4431962164686,-90.6525905011558,42.0969874732564,0.712657308872748,0.590615257800277,2025.07247849687,2025.19452054795,SRR32974022|A/Peregrine_Falcon/IA/25-009016-001-original/2025|H5N1|USA-IA|Unknown|2025-03-13|wild_avian|D1.1
736,739,0.475550121080161,-95.5325273733843,39.3096592856311,-84.6718761983209,40.413024827281,0.714166983077839,0.238616861997678,2024.72048010107,2025.19603022215,NA
1268,77,0.419015957464197,-68.9231693518978,40.6835421544529,-72.1918424826728,44.0247890002516,0.715397034900333,0.296381077436136,2024.77824431651,2025.19726027397,SRR32974049|A/Canada_Goose/VT/25-009472-001-original/2025|H5N1|USA-VT|Unknown|2025-03-14|wild_avian|D1.1
739,740,0.00284895134176255,-84.6718761983209,40.413024827281,-83.9500289047868,40.3463993057511,0.717015934419602,0.714166983077839,2025.19603022215,2025.19887917349,NA
733,184,0.032777359229244,-82.2953728913503,39.1449669377167,-82.586553984588,40.0984876187375,0.71813676092769,0.685359401698446,2025.16722264077,2025.2,SRR33476771|A/black_vulture/OH/25-012888-001/2025|H5N1|USA-OH|Licking|2025-03-15|wild_avian|D1.1
823,824,0.274604463586025,-81.1928803707666,37.2446598620542,-74.8241634511282,34.353333364389,0.721059891336296,0.446455427750271,2024.92831866682,2025.20292313041,NA
1131,560,0.396400972329176,-103.839560776658,42.9940469225788,-104.659895844828,36.6843051520398,0.723616212982405,0.327215240653229,2024.80907847973,2025.20547945205,SRR32973825|A/chicken/NM/25-009470-001-original/2025|H5N1|USA-NM|Unknown|2025-03-17|domestic_avian|D1.1
1271,75,0.313800338934974,-77.0049375273296,42.0725995674615,-76.6690534566702,40.5548654008498,0.723616212982405,0.409815874047431,2024.89167911312,2025.20547945205,SRR33370215|A/black_vulture/PA/25-011842-001/2025|H5N1|USA-PA|Dauphin|2025-03-17|wild_avian|D1.1
694,132,0.298967772699686,-83.6212223487692,37.3990089566207,-74.9724826775083,39.8302149531677,0.723616212982405,0.42464844028272,2024.90651167936,2025.20547945205,SRR32974069|A/bald_eagle/NJ/25-009514-002/2025|H5N1|USA-NJ|Camden|2025-03-17|wild_avian|D1.1
722,172,0.233629711975976,-84.260541863477,43.5555396070735,-82.9663869451077,42.131902802269,0.723616212982405,0.489986501006429,2024.97184974008,2025.20547945205,EPI_ISL_20208437|A/Red-Tailed_Hawk/ON/FAV-0121-4/2025|H5N1|Canada-ON|Unknown|2025-03-17|wild_avian|D1.1
974,975,0.0754348207045403,-97.1006866483702,46.266964203691,-100.276939159079,47.9979636302617,0.723877334893062,0.648442514188522,2025.13030575326,2025.20574057397,NA
1188,678,0.484340071566647,-97.5291325207929,31.8201132277776,-97.4571032139392,31.8640396310103,0.726355939009762,0.242015867443116,2024.72387910652,2025.20821917808,SRR33508800|A/Skunk/TX/25-010819-005-original/2025|H5N1|USA-TX|Unknown|2025-03-18|other_mammal|D1.1
1128,593,0.483522615905697,-113.410726179921,44.9634088223529,-103.858245631672,24.1596925070072,0.726355939009762,0.242833323104066,2024.72469656218,2025.20821917808,EPI_ISL_20227034|A/Mexico/Dur_Indre_2292/2025|H5N1|Mexico-Durango|Unknown|2025-03-18|human|D1.1
1163,646,0.483445202029505,-100.365790210834,41.6630337985087,-104.748851975188,45.3959401331842,0.726355939009762,0.242910736980258,2024.72477397605,2025.20821917808,SRR32973819|A/Duck/MT/25-009376-001-original/2025|H5N1|USA-MT|Unknown|2025-03-18|domestic_avian|D1.1
865,547,0.401570822010824,-100.68411315369,40.1642177699896,-88.6889568229962,39.9827407811564,0.726355939009762,0.324785116998939,2024.80664835607,2025.20821917808,SRR33508852|A/Turkey/IL/25-009630-001-original/2025|H5N1|USA-IL|Unknown|2025-03-18|domestic_avian|D1.1
888,541,0.306322142368361,-88.4906902849665,38.5497018642225,-97.8011630585267,39.9225594906246,0.726355939009762,0.420033796641401,2024.90189703571,2025.20821917808,SRR33029751|A/chicken/KS/25-009496-002-original/2025|H5N1|USA-KS|Unknown|2025-03-18|domestic_avian|D1.1
1256,115,0.292207204752501,-73.8706606067089,41.9166629460922,-71.8978997512643,41.9549906775087,0.726355939009762,0.434148734257262,2024.91601197333,2025.20821917808,SRR33029808|A/Mallard/CT/25-010197-001-original/2025|H5N1|USA-CT|Unknown|2025-03-18|wild_avian|D1.1
1251,108,0.137923974083649,-70.8763843072059,41.1839248943008,-71.5059007320046,41.9933811789205,0.726355939009762,0.588431964926113,2025.070295204,2025.20821917808,SRR35089326|A/Fish_Crow/RI/25-021409-001-original/2025|H5N1|USA-RI|Unknown|2025-03-18|wild_avian|D1.1
732,182,0.0661134476567435,-81.9175074936961,38.8041916106829,-83.5161028687748,39.0549424017769,0.726355939009762,0.660242491353019,2025.14210573043,2025.20821917808,SRR33029849|A/black_vulture/OH/25-009864-005/2025|H5N1|USA-OH|Highland|2025-03-18|wild_avian|D1.1
1292,98,0.209303324632408,-73.0993346622023,43.7749191682248,-71.3296333293394,43.2020400896245,0.729095665037347,0.519792340404939,2025.00165557948,2025.21095890411,SRR34980328|A/Gull/NH/25-021405-005-original/2025|H5N1|USA-NH|Unknown|2025-03-19|wild_avian|D1.1
755,208,0.0720248858094751,-88.1607939475247,32.2879876723439,-85.7223086940599,31.1301599781696,0.729095665037347,0.657070779227872,2025.1389340183,2025.21095890411,SRR33029853|A/Black_Vulture/AL/25-010338-002-original/2025|H5N1|USA-AL|Unknown|2025-03-19|wild_avian|D1.1
1339,264,0.49878438416502,-119.131193709516,44.3375061675876,-118.418317718025,39.5897394844496,0.731835391064705,0.233051006899685,2024.71491424597,2025.21369863014,SRR33319031|A/Skunk/NV/25-011566-001-original/2025|H5N1|USA-NV|Unknown|2025-03-20|other_mammal|D1.1
689,138,0.465410845616476,-87.0693669564361,38.2989566590897,-83.4370647378923,30.5776104534009,0.731835391064705,0.266424545448229,2024.74828778452,2025.21369863014,SRR33029789|A/Bald_Eagle/FL/25-009986-004-original/2025|H5N1|USA-FL|Unknown|2025-03-20|wild_avian|D1.1
1142,658,0.461215142642285,-100.379215204065,43.2497498796831,-89.8270348685278,37.3851241686326,0.731835391064705,0.27062024842242,2024.75248348749,2025.21369863014,SRR33319026|A/turkey_vulture/MO/25-011519-002/2025|H5N1|USA-MO|Cape_Girardeau|2025-03-20|wild_avian|D1.1
710,178,0.26916886659615,-85.9561698550073,32.3467559303819,-84.7555742515381,30.4225841415322,0.731835391064705,0.462666524468555,2024.94452976354,2025.21369863014,SRR33370194|A/Great_Horned_Owl/FL/25-012397-001-original/2025|H5N1|USA-FL|Unknown|2025-03-20|wild_avian|D1.1
1297,1299,0.0926558558590681,-68.2955555222566,43.4754302459958,-70.8443597884181,44.2850447880944,0.732796367224721,0.640140511365653,2025.12200375044,2025.2146596063,NA
740,741,0.0164371877949445,-83.9500289047868,40.3463993057511,-84.2928063647793,38.6856577572818,0.733453122214546,0.717015934419602,2025.19887917349,2025.21531636129,NA
973,402,0.102693461532403,-97.8599187905991,46.375524414724,-98.779663297487,46.4181438607683,0.734575117092062,0.631881655559659,2025.11374489463,2025.21643835616,SRR33319040|A/Ross_s_Goose/ND/25-011280-001-original/2025|H5N1|USA-ND|Unknown|2025-03-21|wild_avian|D1.1
809,810,0.0231052899835714,-114.813662005023,48.3427178998346,-110.559983227712,46.8635314824474,0.735086628586375,0.711981338602804,2025.19384457768,2025.21694986766,NA
1278,1279,0.452092348542749,-71.5863729067202,40.3239484005825,-73.2476505608327,40.4360188400691,0.735535439067479,0.28344309052473,2024.7653063296,2025.21739867814,NA
1297,1298,0.0961978168607667,-68.2955555222566,43.4754302459958,-71.5838518286839,42.3746162180376,0.736338328226419,0.640140511365653,2025.12200375044,2025.2182015673,NA
835,836,0.311922668953862,-78.4305939972742,37.156122501144,-76.4030934121916,39.7626655330251,0.737625605688742,0.425702936734881,2024.90756617581,2025.21948884476,NA
836,837,0.00119697774800176,-76.4030934121916,39.7626655330251,-76.0657123935104,39.6853629850315,0.738822583436744,0.737625605688742,2025.21948884476,2025.22068582251,NA
915,916,0.126629667926235,-97.2326361051665,37.1435708789061,-97.4852941606132,36.6730732485772,0.739551078475993,0.612921410549758,2025.09478464962,2025.22141431755,NA
837,838,0.000836399813557542,-76.0657123935104,39.6853629850315,-75.4798596851417,39.5363620801929,0.739658983250302,0.738822583436744,2025.22068582251,2025.22152222232,NA
1143,1144,0.428813464603896,-100.15536181119,44.3985497330605,-75.6417987248395,37.4513665590102,0.739980220664722,0.311166756060826,2024.79302999513,2025.22184345974,NA
710,711,0.278006830820826,-85.9561698550073,32.3467559303819,-85.7734453416668,43.9053065289362,0.740673355289381,0.462666524468555,2024.94452976354,2025.22253659436,NA
882,883,0.320723943300729,-86.5475782875391,37.4555810666279,-86.8844061222669,37.6870181904732,0.741365322561651,0.420641379260923,2024.90250461833,2025.22322856163,NA
838,839,0.00275946150315787,-75.4798596851417,39.5363620801929,-75.3053890078378,39.607330956439,0.74241844475346,0.739658983250302,2025.22152222232,2025.22428168383,NA
789,222,0.315789570110118,-89.4790377475825,39.073628811099,-91.748060189179,40.8779849978262,0.742794295174134,0.427004725064016,2024.90886796414,2025.22465753425,SRR33029828|A/cat/IA/25-010114-001-original/2025|H5N1|USA-IA|Unknown|2025-03-24|feline|D1.1
971,400,0.242406811437925,-98.0528877344755,41.7237962990241,-101.901170297136,40.7571453670452,0.742794295174134,0.500387483736209,2024.98225072281,2025.22465753425,SRR33508770|A/Duck/NE/25-010532-002-original/2025|H5N1|USA-NE|Unknown|2025-03-24|domestic_avian|D1.1
1276,60,0.0997539190002418,-77.8435055433962,39.7928434084628,-76.0629505984386,39.0365096830809,0.742794295174134,0.643040376173892,2025.12490361525,2025.22465753425,SRR34710271|A/Turkey_Vulture/MD/25-019391-002-original/2025|H5N1|USA-MD|Unknown|2025-03-24|wild_avian|D1.1
839,307,0.000375850420674562,-75.3053890078378,39.607330956439,-76.1513778519551,39.4940435096748,0.742794295174134,0.74241844475346,2025.22428168383,2025.22465753425,SRR33508772|A/black_vulture/MA/25-010531-001/2025|H5N1|USA-MA|Harford|2025-03-24|wild_avian|D1.1
1117,580,0.0381776514671675,-109.976674441637,34.8315542536661,-109.799083012638,34.5866911897016,0.745534021201719,0.707356369734552,2025.18921960881,2025.22739726027,SRR33319085|A/cattle/AZ/25-010942-001-original/2025|H5N1|USA-AZ|Unknown|2025-03-25|cattle|D1.1
1326,1327,0.087622968142073,-83.7161657806604,40.4421787070892,-88.181325978427,42.2182852468204,0.747698758856504,0.660075790714431,2025.14193902979,2025.22956199793,NA
1117,1118,0.0408515224308735,-109.976674441637,34.8315542536661,-110.955241094211,34.7163233542352,0.748207892165425,0.707356369734552,2025.18921960881,2025.23007113124,NA
1080,512,0.385114399176078,-103.343130354626,41.7937729446136,-102.93457439951,40.4158237087177,0.748273747229076,0.363159348052999,2024.84502258713,2025.2301369863,SRR33508736|A/Red-tailed_Hawk/CO/25-010882-001-original/2025|H5N1|USA-CO|Unknown|2025-03-26|wild_avian|D1.1
1264,68,0.321228652806736,-63.3901979540721,45.0944053077023,-64.1356700059056,45.4794924427685,0.748273747229076,0.42704509442234,2024.90890833349,2025.2301369863,EPI_ISL_20208452|A/Striped_Skunk/NS/FAV-0143/2025|H5N1|Canada-NS|Unknown|2025-03-26|other_mammal|D1.1
890,544,0.136257389592542,-92.3580545279985,43.2842729689901,-85.2839171512374,44.3670734065292,0.748273747229076,0.612016357636534,2025.09387959671,2025.2301369863,SRR33508738|A/Great_Horned_Owl/MI/25-010812-002-original/2025|H5N1|USA-MI|Unknown|2025-03-26|wild_avian|D1.1
1324,1325,0.0448198015770647,-79.3226946802936,39.3461582922975,-74.9179606201418,40.8523153002228,0.748476899608264,0.703657098031199,2025.1855203371,2025.23034013868,NA
1144,1146,0.00859541458997448,-75.6417987248395,37.4513665590102,-74.7186484510387,37.0921189355191,0.748575635254696,0.739980220664722,2025.22184345974,2025.23043887433,NA
837,851,0.0116544531414473,-76.0657123935104,39.6853629850315,-76.7127721957339,40.4732341572327,0.750477036578192,0.738822583436744,2025.22068582251,2025.23234027565,NA
1262,65,0.323281541170133,-64.4356230120399,46.4988782794214,-68.7157160791405,45.9288574250828,0.751013473256434,0.427731932086301,2024.90959517116,2025.23287671233,SRR34710257|A/Bald_Eagle/ME/25-019392-005-original/2025|H5N1|USA-ME|Unknown|2025-03-27|wild_avian|D1.1
734,187,0.269555451755353,-89.9529268716044,39.9914480103429,-96.0009457199419,46.3310592628052,0.751013473256434,0.481458021501081,2024.96332126057,2025.23287671233,SRR33370162|A/Mallard/MN/25-012246-005-original/2025|H5N1|USA-MN|Unknown|2025-03-27|wild_avian|D1.1
851,319,0.000536436678242214,-76.7127721957339,40.4732341572327,-75.9794085551104,40.0974429804063,0.751013473256434,0.750477036578192,2025.23234027565,2025.23287671233,SRR33508749|A/black_vulture/PA/25-010745-004/2025|H5N1|USA-PA|Lancaster|2025-03-27|wild_avian|D1.1
1299,1300,0.0186518250054274,-70.8443597884181,44.2850447880944,-69.426237805438,44.1796136456566,0.751448192230148,0.732796367224721,2025.2146596063,2025.2333114313,NA
883,884,0.0160894031376646,-86.8844061222669,37.6870181904732,-85.2119318256018,36.2681333997565,0.757454725699316,0.741365322561651,2025.22322856163,2025.23931796477,NA
1189,282,0.523140655295518,-119.958980505294,46.381408462397,-112.369086018138,38.1679382346538,0.761972377366091,0.238831722070573,2024.72069496114,2025.24383561644,SRR33319032|A/Skunk/UT/25-011119-002-original/2025|H5N1|USA-UT|Unknown|2025-03-31|other_mammal|D1.1
1290,78,0.407673134566166,-73.15234566897,42.6949570982543,-77.7428250051258,38.4791452307535,0.761972377366091,0.354299242799925,2024.83616248187,2025.24383561644,SRR33370138|A/Red_Fox/VA/25-012694-001-original/2025|H5N1|USA-VA|Unknown|2025-03-31|other_mammal|D1.1
876,530,0.455025172189291,-91.4585713796631,42.7266119016086,-98.1074661160907,48.8425542543851,0.764712103393448,0.309686931204157,2024.79155017028,2025.24657534247,SRR33319029|A/Snow_Goose/ND/25-011281-001-original/2025|H5N1|USA-ND|Unknown|2025-04-01|wild_avian|D1.1
1083,517,0.346324704476637,-106.027779102307,43.023762814918,-99.8559052988808,48.7482641768569,0.764712103393448,0.418387398916811,2024.90025063799,2025.24657534247,SRR33319054|A/Great_Horned_Owl/ND/25-011283-001-original/2025|H5N1|USA-ND|Unknown|2025-04-01|wild_avian|D1.1
807,603,0.322007703564427,-118.304479438426,48.202537876945,-122.848796646545,47.0144608286591,0.764712103393448,0.442704399829021,2024.9245676389,2025.24657534247,SRR33682347|A/Canada_Goose/WA/25-014080-001-original/2025|H5N1|USA-WA|Unknown|2025-04-01|wild_avian|D1.1
1322,17,0.213049185791725,-80.3777820383085,39.6637449946804,-78.0338684549846,37.1936918073389,0.764712103393448,0.551662917601723,2025.03352615667,2025.24657534247,SRR33319022|A/Black_Vulture/VA/25-011541-002-original/2025|H5N1|USA-VA|Unknown|2025-04-01|wild_avian|D1.1
1225,35,0.161078995297459,-85.50316850044,42.7277230713023,-85.7228687262987,42.6772833236404,0.767451829420805,0.606372834123347,2025.0882360732,2025.24931506849,SRR33370139|A/red_breasted_merganser/MI/25-011271-008/2025|H5N1|USA-MI|Allegan|2025-04-02|wild_avian|D1.1
854,326,0.458885533038805,-85.8963431231221,38.5218446975008,-85.0051580674547,52.1748250914036,0.770191555448163,0.311306022409358,2024.79316926148,2025.25205479452,EPI_ISL_20208455|A/Turkey_Vulture/ON/FAV-0138-2/2025|H5N1|Canada-ON|Unknown|2025-04-03|wild_avian|D1.1
1238,122,0.315858075685623,-78.9093535528231,45.2884557445124,-78.1766867420938,52.3197420575984,0.770191555448163,0.45433347976254,2024.93619671883,2025.25205479452,EPI_ISL_20208447|A/Snow_Goose/QC/FAV-0146-5/2025|H5N1|Canada-QC|Unknown|2025-04-03|wild_avian|D1.1
836,320,0.0325659497594204,-76.4030934121916,39.7626655330251,-76.4029914063995,39.8129600263807,0.770191555448163,0.737625605688742,2025.21948884476,2025.25205479452,SRR33319024|A/black_vulture/PA/25-011728-001/2025|H5N1|USA-PA|York|2025-04-03|wild_avian|D1.1
1146,1147,0.0261319240117094,-74.7186484510387,37.0921189355191,-73.9947622255247,37.1261190472751,0.774707559266406,0.748575635254696,2025.23043887433,2025.25657079834,NA
1118,1119,0.0279674185175149,-110.955241094211,34.7163233542352,-111.505389155413,34.8673354517896,0.77617531068294,0.748207892165425,2025.23007113124,2025.25803854976,NA
733,183,0.0957910578593735,-82.2953728913503,39.1449669377167,-84.2272736533239,39.8495124236515,0.78115045955782,0.685359401698446,2025.16722264077,2025.26301369863,SRR33370172|A/vulture/OH/25-012105-001/2025|H5N1|USA-OH|Unknown|2025-04-07|wild_avian|D1.1
739,149,0.0669834764799808,-84.6718761983209,40.413024827281,-84.1585949754365,40.7855934628163,0.78115045955782,0.714166983077839,2025.19603022215,2025.26301369863,SRR33370169|A/vulture/OH/25-012105-004/2025|H5N1|USA-OH|Unknown|2025-04-07|wild_avian|D1.1
1228,43,0.534070046561425,-98.6698599513503,47.2961120095221,-105.120627380462,45.2514285282382,0.783890185585177,0.249820139023752,2024.7316833781,2025.26575342466,SRR33370196|A/Great_Horned_Owl/MT/25-012288-002-original/2025|H5N1|USA-MT|Unknown|2025-04-08|wild_avian|D1.1
695,131,0.493507446314719,-82.8491701560981,36.2027316598101,-90.9317421851674,44.0813663722397,0.783890185585177,0.290382739270458,2024.77224597834,2025.26575342466,SRR33370177|A/Snowy_Owl/WI/25-012050-001-original/2025|H5N1|USA-WI|Unknown|2025-04-08|wild_avian|D1.1
734,186,0.302432164084096,-89.9529268716044,39.9914480103429,-92.9643851422897,41.0335088460886,0.783890185585177,0.481458021501081,2024.96332126057,2025.26575342466,SRR33370176|A/Trumpeter_Swan/IA/25-011816-001-original/2025|H5N1|USA-IA|Unknown|2025-04-08|wild_avian|D1.1
814,595,0.531715386057994,-112.500423159723,43.3933441118644,-104.50911757823,39.4335695381417,0.789369637639892,0.257654251581898,2024.73951749065,2025.27123287671,SRR34710266|A/Red-tailed_Hawk/CO/25-019366-002-original/2025|H5N1|USA-CO|Unknown|2025-04-10|wild_avian|D1.1
1111,564,0.46361720574014,-98.2157693567832,38.454068736136,-93.9398312741645,40.0698542787281,0.789369637639892,0.325752431899752,2024.80761567097,2025.27123287671,SRR33476799|A/Cooper_s_Hawk/MO/25-012813-008-original/2025|H5N1|USA-MO|Unknown|2025-04-10|wild_avian|D1.1
779,232,0.378092066533337,-97.5244753757113,40.1525436299301,-93.0394734646225,40.1682735591539,0.789369637639892,0.411277571106555,2024.89314081018,2025.27123287671,SRR33476774|A/Turkey_Vulture/MO/25-012813-002-original/2025|H5N1|USA-MO|Unknown|2025-04-10|wild_avian|D1.1
976,406,0.144788117064065,-99.2317016846703,43.2624201331175,-98.2912643948875,43.0232194364802,0.789369637639892,0.644581520575827,2025.12644475965,2025.27123287671,SRR33476801|A/Canada_Goose/SD/25-013305-001-original/2025|H5N1|USA-SD|Unknown|2025-04-10|wild_avian|D1.1
740,148,0.0723537032202904,-83.9500289047868,40.3463993057511,-83.8422030531923,38.5207365723075,0.789369637639892,0.717015934419602,2025.19887917349,2025.27123287671,SRR33476805|A/black_vulture/KY/25-013218-001/2025|H5N1|USA-KY|Mason|2025-04-10|wild_avian|D1.1
741,150,0.0559165154253459,-84.2928063647793,38.6856577572818,-83.6440807796044,38.6311987526026,0.789369637639892,0.733453122214546,2025.21531636129,2025.27123287671,SRR33476809|A/canada_goose/KY/25-013218-002/2025|H5N1|USA-KY|Mason|2025-04-10|wild_avian|D1.1
1146,654,0.0407940023851956,-74.7186484510387,37.0921189355191,-77.2082641604639,38.114711772386,0.789369637639892,0.748575635254696,2025.23043887433,2025.27123287671,SRR33370209|A/Black_Vulture/VA/25-012471-002-original/2025|H5N1|USA-VA|Unknown|2025-04-10|wild_avian|D1.1
787,220,0.2014941058672,-93.2946628035959,42.4431962164686,-87.0028957454358,41.590608678644,0.792109363667477,0.590615257800277,2025.07247849687,2025.27397260274,SRR33682307|A/Turkey_Vulture/IN/25-014056-001-original/2025|H5N1|USA-IN|Unknown|2025-04-11|wild_avian|D1.1
824,825,0.0749217299349946,-74.8241634511282,34.353333364389,-76.8997335438225,34.0451682133625,0.79598162127129,0.721059891336296,2025.20292313041,2025.27784486034,NA
1085,334,0.545156130722823,-112.966060922514,48.8839194242108,-115.366787366198,33.9983845902975,0.797588815722192,0.252432684999369,2024.73429592407,2025.27945205479,SRR33682331|A/Cougar/CA/25-014656-002-original/2025|H5N1|USA-CA|Unknown|2025-04-13|feline|D1.1
839,840,0.0615771183602217,-75.3053890078378,39.607330956439,-80.2674421226938,42.8876869592318,0.803995563113681,0.74241844475346,2025.22428168383,2025.28585880219,NA
1321,18,0.361798335774585,-82.1913945650758,41.1715224662165,-74.8223731928642,40.3827008353523,0.808547719831848,0.446749384057263,2024.92861262313,2025.2904109589,SRR34425893|A/red_fox/NJ/25-018509-001/2025|H5N1|USA-NJ|Mercer|2025-04-17|other_mammal|D1.1
1252,113,0.359715973847836,-75.1301744253539,40.2271551773736,-74.8364841602529,40.2910872051362,0.808547719831848,0.448831745984012,2024.93069498506,2025.2904109589,SRR34425892|A/red_fox/NJ/25-018509-002/2025|H5N1|USA-NJ|Mercer|2025-04-17|other_mammal|D1.1
825,826,0.014037136593171,-76.8997335438225,34.0451682133625,-79.7676609657997,35.693332865581,0.810018757864461,0.79598162127129,2025.27784486034,2025.29188199694,NA
884,537,0.0538327201598899,-85.2119318256018,36.2681333997565,-83.9155003755563,32.9685110110782,0.811287445859206,0.757454725699316,2025.23931796477,2025.29315068493,SRR34270262|A/black_vulture/GA/25-017626-002/2025|H5N1|USA-GA|Monroe|2025-04-18|wild_avian|D1.1
1300,1301,0.0601169390376095,-69.426237805438,44.1796136456566,-67.1636518980413,44.3788578870207,0.811565131267758,0.751448192230148,2025.2333114313,2025.29342837034,NA
1079,410,0.372313838356624,-100.826742541931,41.7390318542532,-100.705917707011,49.1638867273369,0.814027171886563,0.441713333529939,2024.9235765726,2025.29589041096,EPI_ISL_20208446|A/Snow_Goose/MB/FAV-0170-16/2025|H5N1|Canada-MB|Unknown|2025-04-19|wild_avian|D1.1
1279,57,0.0784917328190841,-73.2476505608327,40.4360188400691,-69.1190864372952,44.9658383376577,0.814027171886563,0.735535439067479,2025.21739867814,2025.29589041096,SRR34710269|A/Snowy_Owl/ME/25-019392-006-original/2025|H5N1|USA-ME|Unknown|2025-04-19|wild_avian|D1.1
1298,79,0.0804285696875014,-71.5838518286839,42.3746162180376,-72.4053061298697,42.5223256539576,0.816766897913921,0.736338328226419,2025.2182015673,2025.29863013699,SRR35319688|A/Common_Eider/MA/25-021407-030-original/2025|H5N1|USA-MA|Unknown|2025-04-20|wild_avian|D1.1
1309,25,0.611723723025414,-99.4088940271817,42.4704994468569,-78.5736100936091,43.1056721025044,0.819506623941278,0.207782900915864,2024.68964613999,2025.30136986301,SRR33565201|A/canada_goose/NY/25-013428-001/2025|H5N1|USA-NY|Niagara|2025-04-21|wild_avian|D1.1
1093,616,0.575223378175426,-112.507823227559,42.5018180189244,-105.48219301362,41.6803381784895,0.819506623941278,0.244283245765852,2024.72614648484,2025.30136986301,SRR33476770|A/Turkey_Vulture/WY/25-013045-001-original/2025|H5N1|USA-WY|Unknown|2025-04-21|wild_avian|D1.1
1234,125,0.45142725274982,-75.6484157856457,44.1522446258277,-75.814808592944,44.1703841554485,0.819506623941278,0.368079371191458,2024.84994261026,2025.30136986301,SRR33830326|A/red_tailed_hawk/NY/25-013427-001/2025|H5N1|USA-NY|Jefferson|2025-04-21|wild_avian|D1.1
976,405,0.174925103365451,-99.2317016846703,43.2624201331175,-96.1373465368955,48.9489444020992,0.819506623941278,0.644581520575827,2025.12644475965,2025.30136986301,SRR33476668|A/chicken/MN/25-013149-001-original/2025|H5N1|USA-MN|Unknown|2025-04-21|domestic_avian|D1.1
824,292,0.0984467326049824,-74.8241634511282,34.353333364389,-80.6569044292298,35.1565739173957,0.819506623941278,0.721059891336296,2025.20292313041,2025.30136986301,SRR33682355|A/black_vulture/NC/25-013413-001/2025|H5N1|USA-NC|Mecklenburg|2025-04-21|wild_avian|D1.1
974,401,0.173803835780113,-97.1006866483702,46.266964203691,-104.009907978277,50.5032132505522,0.822246349968635,0.648442514188522,2025.13030575326,2025.30410958904,EPI_ISL_20208438|A/Rosss_Goose/SK/FAV-0170-4/2025|H5N1|Canada-SK|Unknown|2025-04-22|wild_avian|D1.1
975,403,0.101108741103158,-100.276939159079,47.9979636302617,-104.21257412647,50.7343263700078,0.82498607599622,0.723877334893062,2025.20574057397,2025.30684931507,EPI_ISL_20208439|A/Rosss_Goose/SK/FAV-0170-51/2025|H5N1|Canada-SK|Unknown|2025-04-23|wild_avian|D1.1
1118,581,0.0767781838307952,-110.955241094211,34.7163233542352,-109.451515660669,33.2657299913469,0.82498607599622,0.748207892165425,2025.23007113124,2025.30684931507,SRR33764593|A/cattle/AZ/25-013772-001-original-repeat2/2025|H5N1|USA-AZ|Unknown|2025-04-23|cattle|D1.1
1325,13,0.0765091763879566,-74.9179606201418,40.8523153002228,-72.5253920342307,41.479050856811,0.82498607599622,0.748476899608264,2025.23034013868,2025.30684931507,SRR33764586|A/Great_Horned_Owl/CT/25-013382-001-original-repeat2/2025|H5N1|USA-CT|Unknown|2025-04-23|wild_avian|D1.1
1219,41,0.412724583553649,-86.9464109216609,44.6896171305768,-86.147816672256,44.5082589180054,0.827725802023578,0.415001218469929,2024.89686445754,2025.3095890411,SRR33764590|A/bald_eagle/MI/25-013929-001/2025|H5N1|USA-MI|Manistee|2025-04-24|wild_avian|D1.1
810,601,0.0926391734372023,-110.559983227712,46.8635314824474,-117.023967439912,46.2763964341555,0.827725802023578,0.735086628586375,2025.21694986766,2025.3095890411,SRR33682312|A/Sand_Crane/WA/25-014081-001-original/2025|H5N1|USA-WA|Unknown|2025-04-24|wild_avian|D1.1
1274,1275,0.197537295044034,-77.045623743806,39.6565353286449,-76.1976388406011,39.268535578778,0.83042615206741,0.632888857023377,2025.1147520961,2025.31228939114,NA
1316,28,0.407723719075067,-110.835111216355,44.1986892337548,-111.216243481122,43.9645080292291,0.830465528050935,0.422741808975868,2024.90460504805,2025.31232876712,SRR33682328|A/Great_Horned_Owl/ID/25-014531-001-original/2025|H5N1|USA-ID|Unknown|2025-04-25|wild_avian|D1.1
1178,627,0.37784789936449,-115.447628519197,43.9147348425354,-115.065262704484,42.9629551114665,0.830465528050935,0.452617628686445,2024.93448086776,2025.31232876712,SRR33682316|A/Red-tailed_Hawk/ID/25-014530-001-original/2025|H5N1|USA-ID|Unknown|2025-04-25|wild_avian|D1.1
840,841,0.0288747010309677,-80.2674421226938,42.8876869592318,-75.984633779494,40.4109706277531,0.832870264144649,0.803995563113681,2025.28585880219,2025.31473350322,NA
916,340,0.0936541756022993,-97.4852941606132,36.6730732485772,-95.3858610804286,51.9122790752073,0.833205254078292,0.739551078475993,2025.22141431755,2025.31506849315,EPI_ISL_20208444|A/Snow_Goose/MB/FAV-0163-3/2025|H5N1|Canada-MB|Unknown|2025-04-26|wild_avian|D1.1
1119,1120,0.0596889737273101,-111.505389155413,34.8673354517896,-111.464400776451,35.1823289045529,0.83586428441025,0.77617531068294,2025.25803854976,2025.31772752348,NA
841,304,0.00581444198858549,-75.984633779494,40.4109706277531,-75.6029714068933,40.0250269462997,0.838684706133235,0.832870264144649,2025.31473350322,2025.32054794521,SRR33830330|A/black_vulture/PA/25-015563-001/2025|H5N1|USA-PA|Chester|2025-04-28|wild_avian|D1.1
1115,585,0.501417297420997,-112.707041212711,40.9924212232132,-113.178298167468,39.4743346366466,0.844164158187949,0.342746860766952,2024.82461009984,2025.32602739726,SRR33682297|A/Turkey_Vulture/UT/25-014690-001-original/2025|H5N1|USA-UT|Unknown|2025-04-30|wild_avian|D1.1
1326,14,0.184088367473518,-83.7161657806604,40.4421787070892,-86.7681298217172,39.3222993491685,0.844164158187949,0.660075790714431,2025.14193902979,2025.32602739726,SRR33564631|A/chicken/IN/25-014151-001-original/2025|H5N1|USA-IN|Unknown|2025-04-30|domestic_avian|D1.1
1327,16,0.0964653993314453,-88.181325978427,42.2182852468204,-90.3513947357562,41.5184201236936,0.844164158187949,0.747698758856504,2025.22956199793,2025.32602739726,SRR33564627|A/Guineafowl/IL/25-014146-002-original/2025|H5N1|USA-IL|Unknown|2025-04-30|domestic_avian|D1.1
914,398,0.388113513154432,-92.8805280243728,42.611767695386,-97.169037060264,51.68474469399,0.846903884215307,0.458790371060875,2024.94065361013,2025.32876712329,EPI_ISL_20208450|A/Striped_Skunk/MB/FAV-0164-2/2025|H5N1|Canada-MB|Unknown|2025-05-01|other_mammal|D1.1
975,404,0.123026549322244,-100.276939159079,47.9979636302617,-98.7180252005337,47.8091617819049,0.846903884215307,0.723877334893062,2025.20574057397,2025.32876712329,SRR33682396|A/goose/ND/25-014293-001-original-repeat/2025|H5N1|USA-ND|Unknown|2025-05-01|domestic_avian|D1.1
1077,412,0.207710195739758,-110.27798013851,47.9544649742119,-110.714740897501,47.5363023023708,0.849643610242664,0.641933414502906,2025.12379665358,2025.33150684932,SRR33830328|A/Great_Horned_Owl/MT/25-015870-001-original/2025|H5N1|USA-MT|Unknown|2025-05-02|wild_avian|D1.1
841,842,0.0168578177737707,-75.984633779494,40.4109706277531,-76.2179904298659,41.5606117246296,0.84972808191842,0.832870264144649,2025.31473350322,2025.33159132099,NA
1294,90,0.41353535066098,-70.0912130247348,41.4521586000232,-70.6232718880601,41.7791270775806,0.857862788324964,0.444327437663984,2024.92619067674,2025.3397260274,SRR33764587|A/Fox/MA/25-015209-001-original/2025|H5N1|USA-MA|Unknown|2025-05-05|other_mammal|D1.1
978,409,0.450589460812864,-99.242716242868,43.5786084077772,-100.544223748251,44.678616155754,0.860602514352321,0.410013053539457,2024.89187629261,2025.34246575342,SRR33764588|A/cat/SD/25-015467-001-original/2025|H5N1|USA-SD|Unknown|2025-05-06|feline|D1.1
1275,62,0.0301763622849106,-76.1976388406011,39.268535578778,-76.141729171549,39.2958122750979,0.860602514352321,0.83042615206741,2025.31228939114,2025.34246575342,SRR33764507|A/chicken/MD/25-014921-001-original/2025|H5N1|USA-MD|Unknown|2025-05-06|domestic_avian|D1.1
826,827,0.0510827976710003,-79.7676609657997,35.693332865581,-80.477672872982,34.8137276889777,0.861101555535462,0.810018757864461,2025.29188199694,2025.34296479461,NA
683,235,0.462127912211667,-97.5161343318076,41.8291003214609,-93.6941298372612,42.0814664371524,0.863342240379678,0.401214328168012,2024.88307756724,2025.34520547945,SRR33764582|A/Turkey_Vulture/IA/25-014877-001-original/2025|H5N1|USA-IA|Unknown|2025-05-07|wild_avian|D1.1
1207,266,0.403023167356568,-105.728031302884,42.8052921652945,-91.6918676085172,42.8052427352804,0.863342240379678,0.460319073023111,2024.9421823121,2025.34520547945,SRR33764581|A/Turkey_Vulture/IA/25-014877-002-original/2025|H5N1|USA-IA|Unknown|2025-05-07|wild_avian|D1.1
916,917,0.124576240247906,-97.4852941606132,36.6730732485772,-94.5083090797503,35.8762701312995,0.864127318723899,0.739551078475993,2025.22141431755,2025.3459905578,NA
884,885,0.109028557164139,-85.2119318256018,36.2681333997565,-85.5231327726633,38.4869182774043,0.866483282863455,0.757454725699316,2025.23931796477,2025.34834652194,NA
810,602,0.133735063848018,-110.559983227712,46.8635314824474,-110.516603902952,49.3099097304415,0.868821692434393,0.735086628586375,2025.21694986766,2025.35068493151,EPI_ISL_20208404|A/Chicken/AB/FAV-0161-1/2025|H5N1|Canada-AB|Unknown|2025-05-09|domestic_avian|D1.1
1325,12,0.12034479282613,-74.9179606201418,40.8523153002228,-74.2677629401014,40.9246202593024,0.868821692434393,0.748476899608264,2025.23034013868,2025.35068493151,SRR33682397|A/Duck/NJ/25-015044-006-original/2025|H5N1|USA-NJ|Unknown|2025-05-09|domestic_avian|D1.1
838,843,0.130175167891308,-75.4798596851417,39.5363620801929,-72.2202491373309,39.4934645673963,0.86983415114161,0.739658983250302,2025.22152222232,2025.35169739021,NA
911,399,0.458644463221231,-96.7876277400302,43.3800900459727,-100.218714401728,53.1032842363327,0.871561418461978,0.412916955240747,2024.89478019431,2025.35342465753,EPI_ISL_20208451|A/Striped_Skunk/MB/FAV-0174-1/2025|H5N1|Canada-MB|Unknown|2025-05-10|other_mammal|D1.1
883,533,0.130196095900327,-86.8844061222669,37.6870181904732,-82.0966305650834,32.1740032531842,0.871561418461978,0.741365322561651,2025.22322856163,2025.35342465753,SRR33943918|A/Muscovy_Duck/GA/25-016493-001-original/2025|H5N1|USA-GA|Unknown|2025-05-10|wild_avian|D1.1
1301,1303,0.0605943527494348,-67.1636518980413,44.3788578870207,-71.4216087961297,43.0320162359112,0.872159484017192,0.811565131267758,2025.29342837034,2025.35402272309,NA
756,757,0.4938019571454,-77.5094319615783,40.9674602965141,-80.9895586844379,42.7095442465495,0.872513720299096,0.378711763153696,2024.86057500223,2025.35437695937,NA
1303,1304,0.00219688566966136,-71.4216087961297,43.0320162359112,-71.3663498797756,43.0173566161167,0.874356369686854,0.872159484017192,2025.35402272309,2025.35621960876,NA
757,758,0.00853195015305441,-80.9895586844379,42.7095442465495,-81.4114774717165,42.9473757807844,0.88104567045215,0.872513720299096,2025.35437695937,2025.36290890952,NA
842,306,0.0355319666803452,-76.2179904298659,41.5606117246296,-77.4592015984654,40.649092231526,0.885260048598765,0.84972808191842,2025.33159132099,2025.36712328767,SRR33993064|A/Black_Vulture/PA/25-017251-001-original/2025|H5N1|USA-PA|Unknown|2025-05-15|wild_avian|D1.1
809,600,0.176018436023546,-114.813662005023,48.3427178998346,-117.197398845957,50.4127253288467,0.88799977462635,0.711981338602804,2025.19384457768,2025.3698630137,EPI_ISL_20212940|A/Bald_Eagle/BC/AIVPHL-3618/2025|H5N1|Canada-BC|Unknown|2025-05-16|wild_avian|D1.1
1299,87,0.155203407401629,-70.8443597884181,44.2850447880944,-71.3809941897558,42.0246553685395,0.88799977462635,0.732796367224721,2025.2146596063,2025.3698630137,SRR34710290|A/Great_Black-Backed_Gull/MA/25-019390-021-original/2025|H5N1|USA-MA|Unknown|2025-05-16|wild_avian|D1.1
979,980,0.361663481690641,-113.636679658676,45.8469830353323,-112.7337570326,45.5242423721759,0.891070547505952,0.529407065815311,2025.01127030489,2025.37293378658,NA
826,299,0.0889399208713181,-79.7676609657997,35.693332865581,-80.9642249530251,34.8005740639829,0.898958678735779,0.810018757864461,2025.29188199694,2025.38082191781,SRR33943915|A/black_vulture/SC/25-016638-003/2025|H5N1|USA-SC|Chester|2025-05-20|wild_avian|D1.1
827,293,0.0378571232003178,-80.477672872982,34.8137276889777,-81.4673894359681,34.8168762847977,0.898958678735779,0.861101555535462,2025.34296479461,2025.38082191781,SRR33943914|A/black_vulture/SC/25-016638-004/2025|H5N1|USA-SC|Chester|2025-05-20|wild_avian|D1.1
980,981,0.00844517083484786,-112.7337570326,45.5242423721759,-114.260730301981,45.7402589947925,0.8995157183408,0.891070547505952,2025.37293378658,2025.38137895741,NA
1119,582,0.128262820107781,-111.505389155413,34.8673354517896,-111.511444974556,34.8778913209123,0.904438130790721,0.77617531068294,2025.25803854976,2025.38630136986,SRR33830342|A/chicken/AZ/25-016339-007-original/2025|H5N1|USA-AZ|Unknown|2025-05-22|domestic_avian|D1.1
758,204,0.0233924603385711,-81.4114774717165,42.9473757807844,-81.8868225455798,43.0001933806132,0.904438130790721,0.88104567045215,2025.36290890952,2025.38630136986,EPI_ISL_20208403|A/Caspian_Tern/ON/FAV-0181-4/2025|H5N1|Canada-ON|Unknown|2025-05-22|wild_avian|D1.1
1147,651,0.132470297551673,-73.9947622255247,37.1261190472751,-77.0188108955954,37.2889873532876,0.907177856818079,0.774707559266406,2025.25657079834,2025.38904109589,SRR34710267|A/Black_Vulture/VA/25-019364-001-original/2025|H5N1|USA-VA|Unknown|2025-05-23|wild_avian|D1.1
757,759,0.0434451274084243,-80.9895586844379,42.7095442465495,-77.6497083774147,43.4815832569987,0.91595884770752,0.872513720299096,2025.35437695937,2025.39782208678,NA
725,728,0.60810613783957,-89.1463881400879,35.737519731067,-81.404545440468,25.3686992448575,0.917482121143982,0.309375983304412,2024.79123922238,2025.39934536022,NA
718,169,0.510339670493627,-81.7012318446801,39.3888757526942,-79.0258464605706,43.1971916681793,0.918136760927736,0.407797090434108,2024.88966032951,2025.4,SRR33993059|A/Turkey_Vulture/NY/25-016857-001-original/2025|H5N1|USA-NY|Unknown|2025-05-27|wild_avian|D1.1
981,982,0.021415741012814,-114.260730301981,45.7402589947925,-108.662794272105,40.8744710196305,0.920931459353614,0.8995157183408,2025.38137895741,2025.40279469843,NA
1086,518,0.66324701341937,-112.917407357904,43.8808757208703,-108.358874619828,40.613512796515,0.923616212982451,0.260369199563081,2024.74223243864,2025.40547945205,SRR33993061|A/Red_Fox/CO/25-017245-001-original/2025|H5N1|USA-CO|Unknown|2025-05-29|other_mammal|D1.1
1222,33,0.439976485718962,-85.1711404061216,44.1648919580603,-85.1679366176734,44.1349016724483,0.923616212982451,0.483639727263489,2024.96550296634,2025.40547945205,SRR33993066|A/bald_eagle/MI/25-017061-001/2025|H5N1|USA-MI|Osceola|2025-05-29|wild_avian|D1.1
711,176,0.18294285769307,-85.7734453416668,43.9053065289362,-86.407120046478,44.0063856626033,0.923616212982451,0.740673355289381,2025.22253659436,2025.40547945205,SRR33993065|A/bald_eagle/MI/25-017061-002/2025|H5N1|USA-MI|Mason|2025-05-29|wild_avian|D1.1
759,760,0.0105702870955766,-77.6497083774147,43.4815832569987,-76.4611744688068,43.1255489561768,0.926529134803097,0.91595884770752,2025.39782208678,2025.40839237388,NA
982,985,0.0069799852139576,-108.662794272105,40.8744710196305,-108.259032829213,40.3655458911136,0.927911444567572,0.920931459353614,2025.40279469843,2025.40977468364,NA
1077,411,0.287162250534259,-110.27798013851,47.9544649742119,-142.934909780425,65.3979849691358,0.929095665037165,0.641933414502906,2025.12379665358,2025.41095890411,SRR34542596|A/bald_eagle/AK/25-017393-001/2025|H5N1|USA-AK|Yukon-Koyukuk|2025-05-31|wild_avian|D1.1
760,770,0.00398434048411589,-76.4611744688068,43.1255489561768,-76.3711637917146,42.9817466669066,0.930513475287213,0.926529134803097,2025.40839237388,2025.41237671436,NA
1304,85,0.0602187474052538,-71.3663498797756,43.0173566161167,-72.7182765829859,42.6866334526842,0.934575117092107,0.874356369686854,2025.35621960876,2025.41643835616,SRR34710258|A/Common_Eider/MA/25-019390-025-original/2025|H5N1|USA-MA|Unknown|2025-06-02|wild_avian|D1.1
851,308,0.186837806541273,-76.7127721957339,40.4732341572327,-75.4325984590066,40.5806818428137,0.937314843119465,0.750477036578192,2025.23234027565,2025.41917808219,SRR34270259|A/black_vulture/PA/25-017748-001/2025|H5N1|USA-PA|Lehigh|2025-06-03|wild_avian|D1.1
842,305,0.0875867612010451,-76.2179904298659,41.5606117246296,-75.8225968279673,40.6772154501895,0.937314843119465,0.84972808191842,2025.33159132099,2025.41917808219,SRR34270258|A/black_vulture/PA/25-017748-002/2025|H5N1|USA-PA|Lehigh|2025-06-03|wild_avian|D1.1
985,995,0.0139384809674417,-108.259032829213,40.3655458911136,-110.986291914064,42.7340195881543,0.941849925535014,0.927911444567572,2025.40977468364,2025.42371316461,NA
711,177,0.202120939884799,-85.7734453416668,43.9053065289362,-87.1381631489579,45.0507152459596,0.94279429517418,0.740673355289381,2025.22253659436,2025.42465753425,SRR34425901|A/caspian_tern/WI/25-018001-001/2025|H5N1|USA-WI|Door|2025-06-05|wild_avian|D1.1
1120,583,0.10693001076393,-111.464400776451,35.1823289045529,-110.619114373391,34.3249739705552,0.94279429517418,0.83586428441025,2025.31772752348,2025.42465753425,SRR34270136|A/chicken/AZ/25-017630-002-original/2025|H5N1|USA-AZ|Unknown|2025-06-05|domestic_avian|D1.1
881,532,0.528908264490492,-81.28413199019,39.435602996079,-78.8079549617883,36.098250137894,0.945534021201537,0.416625756711045,2024.89848899578,2025.42739726027,SRR34270261|A/turkey_vulture/NC/25-017667-001/2025|H5N1|USA-NC|Durham|2025-06-06|wild_avian|D1.1
1210,1211,0.604159547869511,-105.733789464506,43.29336367437,-95.9137726022555,36.2201353788735,0.949066849835828,0.344907301966317,2024.82677054104,2025.43093008891,NA
1144,1145,0.2109367957555,-75.6417987248395,37.4513665590102,-78.9690941239258,37.8679868980271,0.950917016420221,0.739980220664722,2025.22184345974,2025.43278025549,NA
985,986,0.0293029977184839,-108.259032829213,40.3655458911136,-104.946491974483,39.0759292194457,0.957214442286056,0.927911444567572,2025.40977468364,2025.43907768136,NA
995,996,0.0166097353911384,-110.986291914064,42.7340195881543,-106.55381595935,41.6449270436819,0.958459660926152,0.941849925535014,2025.42371316461,2025.4403229,NA
996,1001,0.00056332281230953,-106.55381595935,41.6449270436819,-106.542794753082,41.6161592957021,0.959022983738462,0.958459660926152,2025.4403229,2025.44088622281,NA
1327,15,0.211533892482047,-88.181325978427,42.2182852468204,-87.9868314744609,41.7172619874346,0.959232651338551,0.747698758856504,2025.22956199793,2025.44109589041,SRR34425894|A/Peregrine_falcon/IL/25-018249-001/2025|H5N1|USA-IL|DuPage|2025-06-11|wild_avian|D1.1
917,918,0.099100312427878,-94.5083090797503,35.8762701312995,-97.8956495977305,42.343617751648,0.963227631151777,0.864127318723899,2025.3459905578,2025.44509087022,NA
995,1019,0.0232999037281195,-110.986291914064,42.7340195881543,-103.688002047515,43.2655207245519,0.965149829263133,0.941849925535014,2025.42371316461,2025.44701306834,NA
1301,1302,0.155110113865691,-67.1636518980413,44.3788578870207,-66.4599883048069,43.5358713459454,0.966675245133448,0.811565131267758,2025.29342837034,2025.44853848421,NA
980,1070,0.076462554218594,-112.7337570326,45.5242423721759,-109.716099781446,47.8564610699173,0.967533101724547,0.891070547505952,2025.37293378658,2025.4493963408,NA
918,944,0.00570084200930709,-97.8956495977305,42.343617751648,-95.8567171381909,42.4258310298915,0.968928473161084,0.963227631151777,2025.44509087022,2025.45079171223,NA
1070,1071,0.00630306046674423,-109.716099781446,47.8564610699173,-114.780887223216,48.6621494324409,0.973836162191291,0.967533101724547,2025.4493963408,2025.45569940126,NA
1070,1074,0.0106419341386065,-109.716099781446,47.8564610699173,-111.69671424862,48.7624411286324,0.978175035863153,0.967533101724547,2025.4493963408,2025.46003827494,NA
982,983,0.0575289851994226,-108.662794272105,40.8744710196305,-87.6620462293837,41.0247705026678,0.978460444553037,0.920931459353614,2025.40279469843,2025.46032368363,NA
1071,1072,0.00920801631453605,-114.780887223216,48.6621494324409,-114.099955400982,49.0926591504886,0.983044178505827,0.973836162191291,2025.45569940126,2025.46490741758,NA
1001,1008,0.024205674869588,-106.542794753082,41.6161592957021,-106.879788773989,41.7960226958014,0.98322865860805,0.959022983738462,2025.44088622281,2025.46509189768,NA
986,992,0.0268525674091711,-104.946491974483,39.0759292194457,-102.100918289566,39.637497714981,0.984067009695227,0.957214442286056,2025.43907768136,2025.46593024877,NA
918,919,0.0254983403173263,-97.8956495977305,42.343617751648,-101.080308037564,40.7418190076211,0.988725971469103,0.963227631151777,2025.44509087022,2025.47058921054,NA
919,923,0.000831280918767496,-101.080308037564,40.7418190076211,-101.904806003004,40.7293650304112,0.989557252387871,0.988725971469103,2025.47058921054,2025.47142049146,NA
1019,1020,0.0257115419497147,-103.688002047515,43.2655207245519,-103.27195122603,42.153628572221,0.990861371212848,0.965149829263133,2025.44701306834,2025.47272461029,NA
770,203,0.0615958883800821,-76.3711637917146,42.9817466669066,-77.0931222605173,42.1374915555573,0.992109363667295,0.930513475287213,2025.41237671436,2025.47397260274,SRR34542593|A/Caspian_Tern/NY/25-019019-002-original/2025|H5N1|USA-NY|Unknown|2025-06-23|wild_avian|D1.1
986,987,0.0361117480527134,-104.946491974483,39.0759292194457,-99.7348267696891,40.1321401312677,0.993326190338769,0.957214442286056,2025.43907768136,2025.47518942941,NA
1001,1002,0.0354349238335481,-106.542794753082,41.6161592957021,-109.106534402764,36.5984113657044,0.99445790757201,0.959022983738462,2025.44088622281,2025.47632114664,NA
1072,1073,0.0116606585332908,-114.099955400982,49.0926591504886,-117.583662363745,46.7233918347124,0.994704837039118,0.983044178505827,2025.46490741758,2025.47656807611,NA
1019,1061,0.0297566307586703,-103.688002047515,43.2655207245519,-103.159758320548,43.0096074748615,0.994906460021803,0.965149829263133,2025.44701306834,2025.47676969909,NA
760,761,0.0699703397679083,-76.4611744688068,43.1255489561768,-74.4563037782242,42.0366989282423,0.996499474571005,0.926529134803097,2025.40839237388,2025.47836271364,NA
1324,11,0.293931717691038,-79.3226946802936,39.3461582922975,-74.9653901645126,39.9412931099154,0.997588815722237,0.703657098031199,2025.1855203371,2025.47945205479,SRR34542590|A/Domestic_Cat/NJ/25-019482-001-original/2025|H5N1|USA-NJ|Unknown|2025-06-25|feline|D1.1
1008,1009,0.0148927237282958,-106.879788773989,41.7960226958014,-105.697975627436,42.0377661808945,0.998121382336345,0.98322865860805,2025.46509189768,2025.47998462141,NA
761,762,0.00211760682001538,-74.4563037782242,42.0366989282423,-74.5737319610083,42.3341095051899,0.998617081391021,0.996499474571005,2025.47836271364,2025.48048032046,NA
1009,1010,0.00205619580333249,-105.697975627436,42.0377661808945,-105.861248457936,42.2983128531954,1.00017757813968,0.998121382336345,2025.47998462141,2025.48204081721,NA
1302,82,0.0336532966161459,-66.4599883048069,43.5358713459454,-71.8705354779536,43.131097128995,1.00032854174959,0.966675245133448,2025.44853848421,2025.48219178082,SRR34980327|A/Herring_Gull/NH/25-021405-002-original/2025|H5N1|USA-NH|Unknown|2025-06-26|wild_avian|D1.1
923,924,0.0120137426950283,-101.904806003004,40.7293650304112,-95.9523111176702,38.1367290257077,1.0015709950829,0.989557252387871,2025.47142049146,2025.48343423416,NA
919,920,0.0154036758275409,-101.080308037564,40.7418190076211,-101.692828551576,39.5972819185297,1.00412964729664,0.988725971469103,2025.47058921054,2025.48599288637,NA
1061,1062,0.00951462736945863,-103.159758320548,43.0096074748615,-107.015680068742,42.7404028949683,1.00442108739126,0.994906460021803,2025.47676969909,2025.48628432646,NA
1020,1028,0.0141589132320781,-103.27195122603,42.153628572221,-106.697394875607,43.131531073758,1.00502028444493,0.990861371212848,2025.47272461029,2025.48688352352,NA
983,984,0.0295376749451184,-87.6620462293837,41.0247705026678,-88.2966212206648,40.9108701398038,1.00799811949816,0.978460444553037,2025.46032368363,2025.48986135857,NA
924,925,0.00667673199781316,-95.9523111176702,38.1367290257077,-92.8429361655769,37.0713520578605,1.00824772708071,1.0015709950829,2025.48343423416,2025.49011096615,NA
827,828,0.147341005241504,-80.477672872982,34.8137276889777,-81.767297267958,34.7269447820926,1.00844256077697,0.861101555535462,2025.34296479461,2025.49030579985,NA
1302,81,0.0418724746982181,-66.4599883048069,43.5358713459454,-70.4322089787782,44.8500209277031,1.00854771983167,0.966675245133448,2025.44853848421,2025.4904109589,SRR34980362|A/Common_Eider/ME/25-021406-018-original/2025|H5N1|USA-ME|Unknown|2025-06-29|wild_avian|D1.1
1062,1063,0.00486597937144495,-107.015680068742,42.7404028949683,-107.017816632681,42.7327996195694,1.00928706676271,1.00442108739126,2025.48628432646,2025.49115030584,NA
996,997,0.0523001485187682,-106.55381595935,41.6449270436819,-105.008941683547,40.8390757481298,1.01075980944492,0.958459660926152,2025.4403229,2025.49262304852,NA
840,309,0.210031608772927,-80.2674421226938,42.8876869592318,-79.3972714879593,40.6451007854609,1.01402717188661,0.803995563113681,2025.28585880219,2025.49589041096,SRR34542496|A/Mallard_Duck/PA/25-019408-006-original/2025|H5N1|USA-PA|Unknown|2025-07-01|wild_avian|D1.1
924,928,0.0149453663442483,-95.9523111176702,38.1367290257077,-97.7187965251033,37.9352530596674,1.01651636142715,1.0015709950829,2025.48343423416,2025.4983796005,NA
759,192,0.100808050206446,-77.6497083774147,43.4815832569987,-75.5948576730608,44.2847526879973,1.01676689791397,0.91595884770752,2025.39782208678,2025.49863013699,SRR34784272|A/caspian_tern/NY/25-019811-002/2025|H5N1|USA-NY|Jefferson|2025-07-02|wild_avian|D1.1
770,191,0.0862534226267534,-76.3711637917146,42.9817466669066,-76.020769678591,43.9423165384976,1.01676689791397,0.930513475287213,2025.41237671436,2025.49863013699,SRR34784273|A/caspian_tern/NY/25-019811-001/2025|H5N1|USA-NY|Jefferson|2025-07-02|wild_avian|D1.1
944,945,0.0484327639339793,-95.8567171381909,42.4258310298915,-97.4454748361345,43.4960802218683,1.01736123709506,0.968928473161084,2025.45079171223,2025.49922447617,NA
761,763,0.0213805449181326,-74.4563037782242,42.0366989282423,-72.8993597699465,42.1313603312623,1.01788001948914,0.996499474571005,2025.47836271364,2025.49974325856,NA
1303,83,0.147347139924131,-71.4216087961297,43.0320162359112,-70.3992865940872,43.4249872032192,1.01950662394132,0.872159484017192,2025.35402272309,2025.50136986301,SRR34980293|A/Common_Eider/ME/25-021406-010-original/2025|H5N1|USA-ME|Unknown|2025-07-03|wild_avian|D1.1
928,931,0.00486938106831447,-97.7187965251033,37.9352530596674,-94.1511100032584,36.2904922386198,1.02138574249546,1.01651636142715,2025.4983796005,2025.50324898157,NA
1304,84,0.147889980281827,-71.3663498797756,43.0173566161167,-71.252398312413,42.3840531398555,1.02224634996868,0.874356369686854,2025.35621960876,2025.50410958904,SRR35089324|A/Great_black-backed_gull/MA/25-021407-023-original/2025|H5N1|USA-MA|Unknown|2025-07-04|wild_avian|D1.1
1028,1048,0.0189914861974876,-106.697394875607,43.131531073758,-102.209892382733,41.6915879914992,1.02401177064241,1.00502028444493,2025.48688352352,2025.50587500971,NA
945,946,0.00955552929342685,-97.4454748361345,43.4960802218683,-97.5763113840832,42.5613481563538,1.02691676638849,1.01736123709506,2025.49922447617,2025.50878000546,NA
946,960,0.000280480052468945,-97.5763113840832,42.5613481563538,-98.0460790119993,42.672164041129,1.02719724644096,1.02691676638849,2025.50878000546,2025.50906048551,NA
843,844,0.159160270350338,-72.2202491373309,39.4934645673963,-79.2314091258289,40.4111234691063,1.02899442149195,0.86983415114161,2025.35169739021,2025.51085766056,NA
763,765,0.0137179952017863,-72.8993597699465,42.1313603312623,-70.9712957657346,41.8988377185531,1.03159801469092,1.01788001948914,2025.49974325856,2025.51346125376,NA
960,961,0.00654310774355582,-98.0460790119993,42.672164041129,-98.541767187598,43.7376985324723,1.03374035418451,1.02719724644096,2025.50906048551,2025.51560359326,NA
931,932,0.0131174118521589,-94.1511100032584,36.2904922386198,-91.3335761482609,31.7262318159738,1.03450315434762,1.02138574249546,2025.50324898157,2025.51636639342,NA
1028,1029,0.0305434653834729,-106.697394875607,43.131531073758,-107.671980248571,42.0781270963365,1.0355637498284,1.00502028444493,2025.48688352352,2025.5174269889,NA
1300,86,0.284496787875547,-69.426237805438,44.1796136456566,-71.5546170702805,44.1913465981897,1.0359449801057,0.751448192230148,2025.2333114313,2025.51780821918,SRR34980314|A/Common_Eider/NH/25-021405-003-original/2025|H5N1|USA-NH|Unknown|2025-07-09|wild_avian|D1.1
984,423,0.0279468606075399,-88.2966212206648,40.9108701398038,-84.0600202101157,39.8602214123524,1.0359449801057,1.00799811949816,2025.48986135857,2025.51780821918,SRR36209098|A/Blue-winged_Teal/OH/25G02925-001-original/2025|H5N1|USA-OH|Unknown|2025-07-09|wild_avian|D1.1
1029,1030,0.00139915174379102,-107.671980248571,42.0781270963365,-107.573823324272,42.0856610335686,1.03696290157219,1.0355637498284,2025.5174269889,2025.51882614064,NA
776,215,0.647029108512578,-86.0511933875537,35.6727812827543,-101.790764036287,48.2173553540067,1.03868470613305,0.391655597620475,2024.87351883669,2025.52054794521,SRR35151399|A/snow_goose/ND/25-020340-001/2025|H5N1|USA-ND|Ward|2025-07-10|wild_avian|D1.1
763,764,0.0222659975627801,-72.8993597699465,42.1313603312623,-72.7851968993111,42.1061752474705,1.04014601705192,1.01788001948914,2025.49974325856,2025.52200925612,NA
1020,1021,0.0517242143215291,-103.27195122603,42.153628572221,-108.226094315883,40.7533476404825,1.04258558553438,0.990861371212848,2025.47272461029,2025.52444882461,NA
946,947,0.015702365480128,-97.5763113840832,42.5613481563538,-95.4509100590939,43.6612556858948,1.04261913186862,1.02691676638849,2025.50878000546,2025.52448237094,NA
1298,80,0.307825829961576,-71.5838518286839,42.3746162180376,-71.5425957431354,43.0584988669116,1.04416415818799,0.736338328226419,2025.2182015673,2025.52602739726,SRR34980303|A/Common_Eider/NH/25-021405-004-original/2025|H5N1|USA-NH|Unknown|2025-07-12|wild_avian|D1.1
1279,56,0.311368445147873,-73.2476505608327,40.4360188400691,-71.6483731233527,42.2460000275059,1.04690388421535,0.735535439067479,2025.21739867814,2025.52876712329,SRR35089323|A/Great_black-backed_gull/MA/25-021407-024-original/2025|H5N1|USA-MA|Unknown|2025-07-13|wild_avian|D1.1
1029,1038,0.0143021768638458,-107.671980248571,42.0781270963365,-107.494171359982,42.0200475937378,1.04986592669224,1.0355637498284,2025.5174269889,2025.53172916576,NA
923,933,0.0623435583277844,-101.904806003004,40.7293650304112,-95.8846785149305,41.1105344000701,1.05190081071565,0.989557252387871,2025.47142049146,2025.53376404979,NA
741,742,0.320514040773025,-84.2928063647793,38.6856577572818,-82.138081254505,40.7002326884934,1.05396716298757,0.733453122214546,2025.21531636129,2025.53583040206,NA
1275,63,0.224696910230014,-76.1976388406011,39.268535578778,-70.8623741129106,43.8213572793851,1.05512306229742,0.83042615206741,2025.31228939114,2025.53698630137,SRR35151393|A/Common_Tern/ME/25-021406-008-original-repeat2/2025|H5N1|USA-ME|Unknown|2025-07-16|wild_avian|D1.1
1038,1043,0.00729643046158057,-107.494171359982,42.0200475937378,-107.967591325947,42.3112013396245,1.05716235715383,1.04986592669224,2025.53172916576,2025.53902559623,NA
765,766,0.0276395868349273,-70.9712957657346,41.8988377185531,-71.3247361995521,45.2455017512056,1.05923760152585,1.03159801469092,2025.51346125376,2025.5411008406,NA
1038,1039,0.0127042664673944,-107.494171359982,42.0200475937378,-107.274510653757,40.8975442772401,1.06257019315964,1.04986592669224,2025.53172916576,2025.54443343223,NA
960,966,0.0357017616430368,-98.0460790119993,42.672164041129,-98.2156799150124,43.5651708760588,1.062899008084,1.02719724644096,2025.50906048551,2025.54476224716,NA
843,846,0.194497608130564,-72.2202491373309,39.4934645673963,-72.8882800666252,38.9724277905044,1.06433175927217,0.86983415114161,2025.35169739021,2025.54619499834,NA
1030,1036,0.0277268240630386,-107.573823324272,42.0856610335686,-112.403404724146,43.1576457645111,1.06468972563523,1.03696290157219,2025.51882614064,2025.54655296471,NA
1043,1044,0.0114434556959393,-107.967591325947,42.3112013396245,-106.441355684668,40.0318491209025,1.06860581284976,1.05716235715383,2025.53902559623,2025.55046905192,NA
828,829,0.061953545036475,-81.767297267958,34.7269447820926,-76.2563730738856,32.8420517916959,1.07039610581344,1.00844256077697,2025.49030579985,2025.55225934489,NA
1120,584,0.235697134051546,-111.464400776451,35.1823289045529,-110.414133465664,35.3415250538134,1.0715614184618,0.83586428441025,2025.31772752348,2025.55342465753,SRR35150577|A/cattle/AZ/25-021143-001-original-repeat2/2025|H5N1|USA-AZ|Unknown|2025-07-22|cattle|D1.1
825,830,0.27758699372992,-76.8997335438225,34.0451682133625,-81.4852189025429,35.3227598884557,1.07356861500121,0.79598162127129,2025.27784486034,2025.55543185407,NA
1030,1031,0.0366297446959589,-107.573823324272,42.0856610335686,-108.601077043466,41.1064139861177,1.07359264626815,1.03696290157219,2025.51882614064,2025.55545588534,NA
1048,1049,0.0522751779116157,-102.209892382733,41.6915879914992,-101.75017610832,41.4456300343997,1.07628694855403,1.02401177064241,2025.50587500971,2025.55815018763,NA
928,929,0.060684712626653,-97.7187965251033,37.9352530596674,-99.3018454824135,38.1393326400144,1.0772010740538,1.01651636142715,2025.4983796005,2025.55906431313,NA
1049,1051,0.00216017673066826,-101.75017610832,41.4456300343997,-101.773664518217,41.2639007274509,1.0784471252847,1.07628694855403,2025.55815018763,2025.56031036436,NA
929,930,0.00129506494923848,-99.3018454824135,38.1393326400144,-98.9239768884349,38.3490102171682,1.07849613900304,1.0772010740538,2025.55906431313,2025.56035937808,NA
1002,1003,0.0847016661863266,-109.106534402764,36.5984113657044,-112.250535281871,41.9385659566953,1.07915957375834,0.99445790757201,2025.47632114664,2025.56102281283,NA
1051,1057,0.000934230764227051,-101.773664518217,41.2639007274509,-101.603717665431,41.380017805945,1.07938135604892,1.0784471252847,2025.56031036436,2025.56124459512,NA
1147,1148,0.305646176368946,-73.9947622255247,37.1261190472751,-76.7606275368072,36.9442397263038,1.08035373563535,0.774707559266406,2025.25657079834,2025.56221697471,NA
1051,1052,0.00215573470980757,-101.773664518217,41.2639007274509,-101.71941113762,41.5327920830031,1.08060285999451,1.0784471252847,2025.56031036436,2025.56246609907,NA
1039,1041,0.0181058961725196,-107.274510653757,40.8975442772401,-116.072718842746,45.9526228601336,1.08067608933216,1.06257019315964,2025.54443343223,2025.5625393284,NA
961,962,0.0483121836891487,-98.541767187598,43.7376985324723,-96.2786276371534,45.4524356020284,1.08205253787366,1.03374035418451,2025.51560359326,2025.56391577695,NA
1048,1060,0.0581213068411384,-102.209892382733,41.6915879914992,-103.290068559178,42.8120490164026,1.08213307748355,1.02401177064241,2025.50587500971,2025.56399631656,NA
947,948,0.0425062892811949,-95.4509100590939,43.6612556858948,-91.9999377392503,42.2801609057005,1.08512542114981,1.04261913186862,2025.52448237094,2025.56698866022,NA
925,926,0.0781284700627065,-92.8429361655769,37.0713520578605,-92.2875727172736,37.1426128029823,1.08637619714342,1.00824772708071,2025.49011096615,2025.56823943622,NA
1061,1066,0.0934588480330234,-103.159758320548,43.0096074748615,-93.8757874869114,41.6488072187436,1.08836530805483,0.994906460021803,2025.47676969909,2025.57022854713,NA
966,968,0.0258248018014582,-98.2156799150124,43.5651708760588,-94.670956961108,44.8160299206989,1.08872380988545,1.062899008084,2025.54476224716,2025.57058704896,NA
1031,1033,0.0152119225908585,-108.601077043466,41.1064139861177,-113.869250393948,43.4209675593291,1.08880456885901,1.07359264626815,2025.55545588534,2025.57066780793,NA
1021,1022,0.0466760728110063,-108.226094315883,40.7533476404825,-107.050818568907,40.963689244146,1.08926165834538,1.04258558553438,2025.52444882461,2025.57112489742,NA
997,998,0.0787499977390493,-105.008941683547,40.8390757481298,-96.7535005906383,37.0173294551971,1.08950980718397,1.01075980944492,2025.49262304852,2025.57137304626,NA
867,868,0.851497641759529,-99.17745233613,41.7826086899451,-98.7584675796493,40.2698247686567,1.08988178520759,0.238384143448062,2024.72024738252,2025.57174502428,NA
933,934,0.0390580771259255,-95.8846785149305,41.1105344000701,-91.1853096423875,38.5650281107392,1.09095888784158,1.05190081071565,2025.53376404979,2025.57282212691,NA
962,964,0.01010189645495,-96.2786276371534,45.4524356020284,-98.3144711286794,45.4905384514646,1.09215443432861,1.08205253787366,2025.56391577695,2025.5740176734,NA
948,950,0.00728125074246022,-91.9999377392503,42.2801609057005,-85.1388390259962,43.3221518241502,1.09240667189227,1.08512542114981,2025.56698866022,2025.57426991096,NA
1022,1023,0.00355080129237617,-107.050818568907,40.963689244146,-109.05039123772,40.6714608155457,1.09281245963776,1.08926165834538,2025.57112489742,2025.57467569871,NA
766,768,0.0336353732081995,-71.3247361995521,45.2455017512056,-76.216198170796,44.1066515058614,1.09287297473405,1.05923760152585,2025.5411008406,2025.57473621381,NA
1023,1024,0.000744103445901256,-109.05039123772,40.6714608155457,-109.300776918157,40.845038998792,1.09355656308366,1.09281245963776,2025.57467569871,2025.57541980216,NA
1066,1069,0.00566108540229338,-93.8757874869114,41.6488072187436,-94.6487782569509,41.7317036450209,1.09402639345712,1.08836530805483,2025.57022854713,2025.57588963253,NA
1052,1053,0.0138256120892291,-101.71941113762,41.5327920830031,-97.434643424947,40.8331705443827,1.09442847208373,1.08060285999451,2025.56246609907,2025.57629171116,NA
950,954,0.0021943065594956,-85.1388390259962,43.3221518241502,-85.390355085497,43.3904020498444,1.09460097845177,1.09240667189227,2025.57426991096,2025.57646421752,NA
1033,1034,0.00607631678218135,-113.869250393948,43.4209675593291,-112.181450244963,42.5860282147091,1.09488088564119,1.08880456885901,2025.57066780793,2025.57674412471,NA
962,963,0.0129066225977139,-96.2786276371534,45.4524356020284,-94.8816370390414,45.8627405625284,1.09495916047138,1.08205253787366,2025.56391577695,2025.57682239954,NA
1008,1016,0.112165095592136,-106.879788773989,41.7960226958014,-108.197032865871,47.1119914530932,1.09539375420019,0.98322865860805,2025.46509189768,2025.57725699327,NA
846,847,0.0314068068864652,-72.8882800666252,38.9724277905044,-75.2138778229764,40.3266050799163,1.09573856615864,1.06433175927217,2025.54619499834,2025.57760180523,NA
1003,1004,0.0172515274089373,-112.250535281871,41.9385659566953,-108.710454395326,39.2793213247867,1.09641110116727,1.07915957375834,2025.56102281283,2025.57827434024,NA
768,769,0.00406594538967386,-76.216198170796,44.1066515058614,-76.4230560399899,44.1245966519356,1.09693892012372,1.09287297473405,2025.57473621381,2025.5788021592,NA
934,935,0.00643655842272794,-91.1853096423875,38.5650281107392,-93.1309649363805,41.4476640897152,1.09739544626431,1.09095888784158,2025.57282212691,2025.57925868534,NA
1148,1149,0.017466876043116,-76.7606275368072,36.9442397263038,-77.1900626404361,35.5955813525092,1.09782061167847,1.08035373563535,2025.56221697471,2025.57968385075,NA
935,936,0.00102646474490609,-93.1309649363805,41.4476640897152,-93.4284385388485,41.4575244314355,1.09842191100921,1.09739544626431,2025.57925868534,2025.58028515008,NA
936,937,0.00118823732402196,-93.4284385388485,41.4575244314355,-92.9742704594087,41.1936580900779,1.09961014833324,1.09842191100921,2025.58028515008,2025.58147338741,NA
950,951,0.00744486474883455,-85.1388390259962,43.3221518241502,-85.4974995384874,43.2773112845684,1.09985153664111,1.09240667189227,2025.57426991096,2025.58171477571,NA
948,949,0.0147735141884531,-91.9999377392503,42.2801609057005,-88.4918043399149,44.2419806001408,1.09989893533827,1.08512542114981,2025.56698866022,2025.58176217441,NA
992,993,0.115844504847522,-102.100918289566,39.637497714981,-102.585290881353,35.8029767007658,1.09991151454275,0.984067009695227,2025.46593024877,2025.58177475362,NA
742,745,0.0462503194835002,-82.138081254505,40.7002326884934,-79.9827168786372,41.5006086945514,1.10021748247107,1.05396716298757,2025.53583040206,2025.58208072154,NA
1024,1025,0.0068054512580904,-109.300776918157,40.845038998792,-114.092761834751,42.5052859554294,1.10036201434175,1.09355656308366,2025.57541980216,2025.58222525341,NA
1010,1013,0.100232889302095,-105.861248457936,42.2983128531954,-99.083527924952,38.4516710899178,1.10041046744177,1.00017757813968,2025.48204081721,2025.58227370651,NA
1043,1047,0.0438904893127632,-107.967591325947,42.3112013396245,-120.492699741295,46.8714231532145,1.10105284646659,1.05716235715383,2025.53902559623,2025.58291608554,NA
935,940,0.0045214915173255,-93.1309649363805,41.4476640897152,-94.7083983465227,41.0033653791122,1.10191693778163,1.09739544626431,2025.57925868534,2025.58378017685,NA
937,938,0.00321566766995107,-92.9742704594087,41.1936580900779,-92.1190945748432,41.4556501383926,1.10282581600319,1.09961014833324,2025.58147338741,2025.58468905508,NA
1074,1076,0.125853975285562,-111.69671424862,48.7624411286324,-123.331830950186,47.4023626021519,1.10402901114872,0.978175035863153,2025.46003827494,2025.58589225022,NA
1057,1058,0.0248046085424003,-101.603717665431,41.380017805945,-100.377247640473,40.8359356753659,1.10418596459132,1.07938135604892,2025.56124459512,2025.58604920366,NA
844,845,0.0771278651682585,-79.2314091258289,40.4111234691063,-78.7867839446921,39.6395961479213,1.10612228666021,1.02899442149195,2025.51085766056,2025.58798552573,NA
1016,1017,0.0110669171802318,-108.197032865871,47.1119914530932,-106.874330161716,46.7128639598651,1.10646067138042,1.09539375420019,2025.57725699327,2025.58832391045,NA
1062,1064,0.102670465247059,-107.015680068742,42.7404028949683,-104.713163338332,41.3426742858809,1.10709155263832,1.00442108739126,2025.48628432646,2025.58895479171,NA
920,921,0.104318361752681,-101.692828551576,39.5972819185297,-85.0236741043151,33.1826965327298,1.10844800904933,1.00412964729664,2025.48599288637,2025.59031124812,NA
966,967,0.0455758685118353,-98.2156799150124,43.5651708760588,-96.0031322478513,44.682000471602,1.10847487659583,1.062899008084,2025.54476224716,2025.59033811567,NA
964,965,0.0165351354497278,-98.3144711286794,45.4905384514646,-92.1859638017558,44.5266417191626,1.10868956977834,1.09215443432861,2025.5740176734,2025.59055280885,NA
951,952,0.00949923371578132,-85.4974995384874,43.2773112845684,-81.1252739682451,43.7200730676108,1.10935077035689,1.09985153664111,2025.58171477571,2025.59121400943,NA
1013,1014,0.00911555305668266,-99.083527924952,38.4516710899178,-98.1335796889122,38.3429515221146,1.10952602049846,1.10041046744177,2025.58227370651,2025.59138925957,NA
1064,1065,0.00251544767302292,-104.713163338332,41.3426742858809,-105.472953979227,40.8430785193566,1.10960700031134,1.10709155263832,2025.58895479171,2025.59147023938,NA
1014,1015,0.000199334209735058,-98.1335796889122,38.3429515221146,-97.986839757979,38.3230381309564,1.10972535470819,1.10952602049846,2025.59138925957,2025.59158859378,NA
847,848,0.0141794834512465,-75.2138778229764,40.3266050799163,-75.1754514707578,40.3229920454274,1.10991804960989,1.09573856615864,2025.57760180523,2025.59178128868,NA
954,955,0.01549582906585,-85.390355085497,43.3904020498444,-87.4400280462552,43.6769855590659,1.11009680751762,1.09460097845177,2025.57646421752,2025.59196004659,NA
1044,1045,0.0415097595823233,-106.441355684668,40.0318491209025,-119.121502486062,49.9555226941048,1.11011557243209,1.06860581284976,2025.55046905192,2025.5919788115,NA
940,941,0.00861404887861461,-94.7083983465227,41.0033653791122,-94.9382360607731,43.665792525592,1.11053098666025,1.10191693778163,2025.58378017685,2025.59239422573,NA
1010,1011,0.11137812399115,-105.861248457936,42.2983128531954,-97.3574333963116,40.1436661822111,1.11155570213083,1.00017757813968,2025.48204081721,2025.5934189412,NA
1023,1026,0.0193859956148572,-109.05039123772,40.6714608155457,-108.233440432393,41.4591712199034,1.11219845525262,1.09281245963776,2025.57467569871,2025.59406169432,NA
1026,1027,2.55159898168156e-05,-108.233440432393,41.4591712199034,-108.286512108587,41.4729062818347,1.11222397124243,1.11219845525262,2025.59406169432,2025.59408721031,NA
742,743,0.0583076616019214,-82.138081254505,40.7002326884934,-85.0406572686971,38.836704507029,1.11227482458949,1.05396716298757,2025.53583040206,2025.59413806366,NA
848,849,0.00283617897519317,-75.1754514707578,40.3229920454274,-73.9704485008864,39.9312190337835,1.11275422858508,1.10991804960989,2025.59178128868,2025.59461746766,NA
937,939,0.0135598687348444,-92.9742704594087,41.1936580900779,-93.2647265828403,41.2510524038813,1.11317001706808,1.09961014833324,2025.58147338741,2025.59503325614,NA
1036,1037,0.0502992242181748,-112.403404724146,43.1576457645111,-121.650211356517,43.695592856143,1.1149889498534,1.06468972563523,2025.54655296471,2025.59685218893,NA
941,942,0.004913265765913,-94.9382360607731,43.665792525592,-94.3397152597872,44.4264336813918,1.11544425242616,1.11053098666025,2025.59239422573,2025.5973074915,NA
1053,1054,0.0226613911346325,-97.434643424947,40.8331705443827,-96.9941995720468,40.8785005306927,1.11708986321837,1.09442847208373,2025.57629171116,2025.59895310229,NA
1149,1150,0.0193481222585907,-77.1900626404361,35.5955813525092,-78.0399768764608,36.4432178123503,1.11716873393706,1.09782061167847,2025.57968385075,2025.59903197301,NA
955,956,0.00727139464996118,-87.4400280462552,43.6769855590659,-86.3150404552552,42.9421237470518,1.11736820216758,1.11009680751762,2025.59196004659,2025.59923144124,NA
1011,1012,0.00613705636977779,-97.3574333963116,40.1436661822111,-97.7786423038497,40.1881276207267,1.11769275850061,1.11155570213083,2025.5934189412,2025.59955599757,NA
1049,1050,0.0417806415799165,-101.75017610832,41.4456300343997,-109.167270902314,40.8995284635902,1.11806759013395,1.07628694855403,2025.55815018763,2025.59993082921,NA
955,957,0.00797939284070015,-87.4400280462552,43.6769855590659,-87.3350237895342,43.5999264553121,1.11807620035832,1.11009680751762,2025.59196004659,2025.59993943943,NA
885,886,0.251835655536676,-85.5231327726633,38.4869182774043,-83.8129121737528,33.0463360788377,1.11831893840013,0.866483282863455,2025.34834652194,2025.60018217747,NA
1066,1067,0.0300289992547753,-93.8757874869114,41.6488072187436,-89.8487335851951,36.9291900713067,1.1183943073096,1.08836530805483,2025.57022854713,2025.60025754638,NA
1017,1018,0.0119707543691892,-106.874330161716,46.7128639598651,-105.873595297002,45.9312576124484,1.11843142574961,1.10646067138042,2025.58832391045,2025.60029466482,NA
743,744,0.00684234624485525,-85.0406572686971,38.836704507029,-83.5857492079224,38.7719859933747,1.11911717083435,1.11227482458949,2025.59413806366,2025.60098040991,NA
1054,1055,0.00373650195799602,-96.9941995720468,40.8785005306927,-92.0685255876141,40.6693482645087,1.12082636517636,1.11708986321837,2025.59895310229,2025.60268960425,NA
845,310,0.0257131044043626,-78.7867839446921,39.6395961479213,-76.9833131372058,39.7983805784638,1.13183539106457,1.10612228666021,2025.58798552573,2025.61369863014,SRR35319489|A/Black_Vulture/PA/25-023113-001-original/2025|H5N1|USA-PA|Unknown|2025-08-13|wild_avian|D1.1
1333,6,0.834387071017102,-113.172885669609,41.3262012478555,-113.977338272597,42.3473736959905,1.13457511709193,0.300188046074824,2024.78205128515,2025.61643835616,SRR35949988|A/duck_mallard/ID/25-023507-024/2025|H5N1|USA-ID|Cassia|2025-08-14|wild_avian|D1.1
829,294,0.064179011278485,-76.2563730738856,32.8420517916959,-78.4087891551553,35.3639279899327,1.13457511709193,1.07039610581344,2025.55225934489,2025.61643835616,SRR35949967|A/Black_Vulture/NC/25-023724-001-original/2025|H5N1|USA-NC|Unknown|2025-08-14|wild_avian|D1.1
766,767,0.0780871715949814,-71.3247361995521,45.2455017512056,-70.8084261078502,45.1062470001531,1.13732477312083,1.05923760152585,2025.5411008406,2025.61918801219,NA
957,958,0.0197248032517774,-87.3350237895342,43.5999264553121,-86.8051444369063,43.1265387641808,1.1378010036101,1.11807620035832,2025.59993943943,2025.61966424268,NA
942,943,0.0223630250761895,-94.3397152597872,44.4264336813918,-90.6216544606455,40.0703611577054,1.13780727750235,1.11544425242616,2025.5973074915,2025.61967051657,NA
1055,1056,0.0181699569735874,-92.0685255876141,40.6693482645087,-91.1645428978087,41.3663860131605,1.13899632214995,1.12082636517636,2025.60268960425,2025.62085956122,NA
952,953,0.0345923145964036,-81.1252739682451,43.7200730676108,-78.8138460073425,41.0821100971371,1.14394308495329,1.10935077035689,2025.59121400943,2025.62580632403,NA
968,969,0.0564185610172578,-94.670956961108,44.8160299206989,-89.5898591301081,41.5219204845397,1.14514237090271,1.08872380988545,2025.57058704896,2025.62700560997,NA
758,190,0.264488350749432,-81.4114774717165,42.9473757807844,-77.8329006935212,43.548675258585,1.14553402120158,0.88104567045215,2025.36290890952,2025.62739726027,SRR35950029|A/Bald_Eagle/NY/25-023581-001-original/2025|H5N1|USA-NY|Unknown|2025-08-18|wild_avian|D1.1
848,314,0.0383556976190547,-75.1754514707578,40.3229920454274,-74.8642919495039,39.2731930398734,1.14827374722894,1.10991804960989,2025.59178128868,2025.6301369863,SRR35949975|A/Black_Vulture/NJ/25-023587-003-original/2025|H5N1|USA-NJ|Unknown|2025-08-19|wild_avian|D1.1
849,313,0.0355195186438613,-73.9704485008864,39.9312190337835,-75.1029835867688,39.5198141889602,1.14827374722894,1.11275422858508,2025.59461746766,2025.6301369863,SRR35950028|A/Black_Vulture/NJ/25-023587-001-original/2025|H5N1|USA-NJ|Unknown|2025-08-19|wild_avian|D1.1
1058,1059,0.0466751758966424,-100.377247640473,40.8359356753659,-98.0045541842992,39.3140312393455,1.15086114048797,1.10418596459132,2025.58604920366,2025.63272437956,NA
993,994,0.0522599504206063,-102.585290881353,35.8029767007658,-99.1353391970203,35.8186919891662,1.15217146496336,1.09991151454275,2025.58177475362,2025.63403470404,NA
769,194,0.0568142791601576,-76.4230560399899,44.1245966519356,-73.7185014641043,44.5054839551531,1.15375319928388,1.09693892012372,2025.5788021592,2025.63561643836,SRR35318191|A/chicken/NY/25-023583-002-original/2025|H5N1|USA-NY|Unknown|2025-08-21|domestic_avian|D1.1
920,922,0.153117584520519,-101.692828551576,39.5972819185297,-102.06819237471,38.679515557396,1.15724723181716,1.00412964729664,2025.48599288637,2025.63911047089,NA
926,927,0.0737851608555986,-92.2875727172736,37.1426128029823,-92.1774379035141,38.321929291523,1.16016135799902,1.08637619714342,2025.56823943622,2025.64202459707,NA
1067,1068,0.0421542591873842,-89.8487335851951,36.9291900713067,-88.3133039460621,38.3730769135778,1.16054856649699,1.1183943073096,2025.60025754638,2025.64241180557,NA
987,988,0.169147826434222,-99.7348267696891,40.1321401312677,-77.4348736699061,33.9020835776086,1.16247401677299,0.993326190338769,2025.47518942941,2025.64433725585,NA
849,850,0.0498626722894016,-73.9704485008864,39.9312190337835,-74.6925333722329,39.4098520350919,1.16261690087448,1.11275422858508,2025.59461746766,2025.64448013995,NA
728,165,0.24722998224933,-81.404545440468,25.3686992448575,-88.960591564545,15.6501278588947,1.16471210339331,0.917482121143982,2025.39934536022,2025.64657534247,EPI_ISL_20180701|A/duck/Izabal/FLU-340/2025|H5N1|Guatemala-Izabal|Unknown|2025-08-25|domestic_avian|D1.1
942,356,0.0520075769947348,-94.3397152597872,44.4264336813918,-99.5134517921636,43.5942231215872,1.1674518294209,1.11544425242616,2025.5973074915,2025.64931506849,SRR35318189|A/Turkey/SD/25-023747-001-original/2025|H5N1|USA-SD|Unknown|2025-08-26|domestic_avian|D1.1
988,989,0.0068666426290771,-77.4348736699061,33.9020835776086,-77.6944212760803,34.1411949702945,1.16934065940207,1.16247401677299,2025.64433725585,2025.65120389847,NA
1074,1075,0.194691371363033,-111.69671424862,48.7624411286324,-112.908004370687,48.3862285976496,1.17286640722619,0.978175035863153,2025.46003827494,2025.6547296463,NA
886,535,0.0573520691028382,-83.8129121737528,33.0463360788377,-83.7628414437924,32.990777834264,1.17567100750297,1.11831893840013,2025.60018217747,2025.65753424658,SRR35949432|A/chicken/GA/25-024057-002-original/2025|H5N1|USA-GA|Unknown|2025-08-29|domestic_avian|D1.1
963,379,0.0834515730589487,-94.8816370390414,45.8627405625284,-98.4963972078328,48.966240651637,1.17841073353033,1.09495916047138,2025.57682239954,2025.6602739726,SRR35949426|A/Domestic_Grower/Meat-type_Turkey/ND/25-024186-001-original/2025|H5N1|USA-ND|Unknown|2025-08-30|domestic_avian|D1.1
967,373,0.0726755829618524,-96.0031322478513,44.682000471602,-96.6162465720403,45.0065013198963,1.18115045955768,1.10847487659583,2025.59033811567,2025.66301369863,SRR35949424|A/Domestic_Grower/Meat-type_Turkey/SD/25-024189-001-original/2025|H5N1|USA-SD|Unknown|2025-08-31|domestic_avian|D1.1
998,1000,0.0950327491531906,-96.7535005906383,37.0173294551971,-81.9956526057639,27.3770139776965,1.18454255633716,1.08950980718397,2025.57137304626,2025.66640579541,NA
961,369,0.152889557428111,-98.541767187598,43.7376985324723,-110.311951978035,40.7667181610817,1.18662991161263,1.03374035418451,2025.51560359326,2025.66849315068,SRR36211907|A/Canada_Goose/UT/25-024323-001-original/2025|H5N1|USA-UT|Unknown|2025-09-02|wild_avian|D1.1
1017,441,0.0829089662595655,-106.874330161716,46.7128639598651,-110.14997774248,49.0687155137964,1.18936963763998,1.10646067138042,2025.58832391045,2025.67123287671,EPI_ISL_20208456|A/Turkey/AB/FAV-0270/2025|H5N1|Canada-AB|Unknown|2025-09-03|domestic_avian|D1.1
998,999,0.101896036998632,-96.7535005906383,37.0173294551971,-129.41520037371,46.5457977267252,1.1914058441826,1.08950980718397,2025.57137304626,2025.67326908326,NA
1073,419,0.197404526628222,-117.583662363745,46.7233918347124,-113.416287379496,42.2558625130104,1.19210936366734,0.994704837039118,2025.47656807611,2025.67397260274,SRR35705730|A/Mallard_Duck/ID/25-024960-007-original/2025|H5N1|USA-ID|Unknown|2025-09-04|wild_avian|D1.1
1034,1035,0.0986060004133031,-112.181450244963,42.5860282147091,-119.471415924406,46.9239933379233,1.19348688605449,1.09488088564119,2025.57674412471,2025.67535012513,NA
745,746,0.0936681520677853,-79.9827168786372,41.5006086945514,-83.0021994329849,40.1658299060587,1.19388563453886,1.10021748247107,2025.58208072154,2025.67574887361,NA
944,367,0.225920616533614,-95.8567171381909,42.4258310298915,-97.612271601908,45.5547629340491,1.1948490896947,0.968928473161084,2025.45079171223,2025.67671232877,SRR35705007|A/Turkey/SD/25-024863-004-original/2025|H5N1|USA-SD|Unknown|2025-09-05|domestic_avian|D1.1
830,298,0.124020200720846,-81.4852189025429,35.3227598884557,-81.4521895922591,35.3034514690623,1.19758881572206,1.07356861500121,2025.55543185407,2025.67945205479,SRR35705677|A/Black_Vulture/NC/25-025013-001-original/2025|H5N1|USA-NC|Unknown|2025-09-06|wild_avian|D1.1
965,371,0.0888992459437137,-92.1859638017558,44.5266417191626,-89.1783812425807,38.8336403218991,1.19758881572205,1.10868956977834,2025.59055280885,2025.67945205479,SRR35705728|A/blue-winged_Teal/IL/25-025061-004-original/2025|H5N1|USA-IL|Unknown|2025-09-06|wild_avian|D1.1
949,382,0.100429606411374,-88.4918043399149,44.2419806001408,-98.2927963898107,44.3140875312489,1.20032854174964,1.09989893533827,2025.58176217441,2025.68219178082,SRR35586405|A/Turkey/SD/25-024550-002-original/2025|H5N1|USA-SD|Unknown|2025-09-07|domestic_avian|D1.1
846,318,0.138736508504824,-72.8882800666252,38.9724277905044,-78.4758245458999,41.2055982732655,1.203068267777,1.06433175927217,2025.54619499834,2025.68493150685,SRR36212204|A/Black_Vulture/PA/25-025223-001-original/2025|H5N1|USA-PA|Unknown|2025-09-08|wild_avian|D1.1
922,350,0.0485607619871915,-102.06819237471,38.679515557396,-102.072842414381,38.7217622358689,1.20580799380435,1.15724723181716,2025.63911047089,2025.68767123288,SRR36212521|A/Mallard_Duck/CO/25-025267-001-original/2025|H5N1|USA-CO|Unknown|2025-09-09|wild_avian|D1.1
1075,414,0.0329415865781684,-112.908004370687,48.3862285976496,-113.943152583739,49.6056174853611,1.20580799380435,1.17286640722619,2025.6547296463,2025.68767123288,EPI_ISL_20208457|A/Turkey/AB/FAV-0274/2025|H5N1|Canada-AB|Unknown|2025-09-09|domestic_avian|D1.1
1004,1005,0.110192684150994,-108.710454395326,39.2793213247867,-99.1171325200874,39.1206641926249,1.20660378531827,1.09641110116727,2025.57827434024,2025.68846702439,NA
1276,61,0.56550734365782,-77.8435055433962,39.7928434084628,-77.9489328476261,39.7110631277119,1.20854771983171,0.643040376173892,2025.12490361525,2025.6904109589,SRR35705785|A/Vulture/MD/25-024862-001-original/2025|H5N1|USA-MD|Unknown|2025-09-10|wild_avian|D1.1
945,368,0.191186482736649,-97.4454748361345,43.4960802218683,-100.918691464176,47.7826755282786,1.20854771983171,1.01736123709506,2025.49922447617,2025.6904109589,SRR35705788|A/Swainson_s_Hawk/ND/25-024871-001-original/2025|H5N1|USA-ND|Unknown|2025-09-10|other|D1.1
989,990,0.0405300387015057,-77.6944212760803,34.1411949702945,-86.2290276740087,33.772740916169,1.20987069810357,1.16934065940207,2025.65120389847,2025.69173393718,NA
1041,1042,0.129848730220098,-116.072718842746,45.9526228601336,-121.488009170659,48.3247466400394,1.21052481955226,1.08067608933216,2025.5625393284,2025.69238805862,NA
990,991,0.00111396527485197,-86.2290276740087,33.772740916169,-85.7192219008029,33.7242786953421,1.21098466337843,1.20987069810357,2025.69173393718,2025.69284790245,NA
1031,1032,0.137621233743764,-108.601077043466,41.1064139861177,-110.389043565709,40.66226785176,1.21121388001191,1.07359264626815,2025.55545588534,2025.69307711908,NA
1009,442,0.213166063522724,-105.697975627436,42.0377661808945,-106.39706940671,41.2727157099983,1.21128744585907,0.998121382336345,2025.47998462141,2025.69315068493,SRR36212532|A/Mallard_Duck/WY/25-025186-001-original/2025|H5N1|USA-WY|Unknown|2025-09-11|wild_avian|D1.1
850,316,0.0486705449845892,-74.6925333722329,39.4098520350919,-74.6095426946593,41.1016800865909,1.21128744585907,1.16261690087448,2025.64448013995,2025.69315068493,SRR36212060|A/Black_Vulture/NJ/25-025220-002-original/2025|H5N1|USA-NJ|Unknown|2025-09-11|wild_avian|D1.1
850,315,0.0486705449845892,-74.6925333722329,39.4098520350919,-74.7084994368153,39.4628308102115,1.21128744585907,1.16261690087448,2025.64448013995,2025.69315068493,SRR36212431|A/Black_Vulture/NJ/25-025220-003-original/2025|H5N1|USA-NJ|Unknown|2025-09-11|wild_avian|D1.1
957,385,0.0959509715283349,-87.3350237895342,43.5999264553121,-98.0768439822192,48.19979208105,1.21402717188665,1.11807620035832,2025.59993943943,2025.69589041096,SRR36211905|A/Canada_Goose/ND/25-025249-001-original/2025|H5N1|USA-ND|Unknown|2025-09-12|wild_avian|D1.1
930,352,0.138270758910973,-98.9239768884349,38.3490102171682,-98.6047783630508,38.5659623548512,1.21676689791401,1.07849613900304,2025.56035937808,2025.69863013699,SRR36211782|A/blue_winged_teal/KS/25-025843-038/2025|H5N1|USA-KS|Barton|2025-09-13|wild_avian|D1.1
930,351,0.138270758910973,-98.9239768884349,38.3490102171682,-98.8366507149139,38.3552991894548,1.21676689791401,1.07849613900304,2025.56035937808,2025.69863013699,SRR36211787|A/blue_winged_teal/KS/25-025843-026/2025|H5N1|USA-KS|Barton|2025-09-13|wild_avian|D1.1
1005,1007,0.0110074024994964,-99.1171325200874,39.1206641926249,-96.7972038800413,40.8513333045278,1.21761118781776,1.20660378531827,2025.68846702439,2025.69947442689,NA
969,970,0.0735137336728442,-89.5898591301081,41.5219204845397,-89.5234326369508,41.4490228826956,1.21865610457556,1.14514237090271,2025.62700560997,2025.70051934365,NA
954,959,0.124239618831643,-85.390355085497,43.3904020498444,-84.2694763894909,43.4680413739457,1.21884059728341,1.09460097845177,2025.57646421752,2025.70070383636,NA
938,357,0.119420533965539,-92.1190945748432,41.4556501383926,-93.4257423920729,44.6640506394804,1.22224634996873,1.10282581600319,2025.58468905508,2025.70410958904,SRR36212111|A/mallard_duck/MN/25-025867-005/2025|H5N1|USA-MN|Scott|2025-09-15|wild_avian|D1.1
767,196,0.0849215768478939,-70.8084261078502,45.1062470001531,-73.5225179947371,45.6045601774413,1.22224634996873,1.13732477312083,2025.61918801219,2025.70410958904,EPI_ISL_20208424|A/Duck/QC/FAV-0272-2/2025|H5N1|Canada-QC|Unknown|2025-09-15|domestic_avian|D1.1
940,355,0.12306913821445,-94.7083983465227,41.0033653791122,-95.9247376737581,42.8283307726747,1.22498607599608,1.10191693778163,2025.58378017685,2025.70684931507,SRR36211924|A/Red-tailed_Hawk/IA/25-025278-001-original/2025|H5N1|USA-IA|Unknown|2025-09-16|wild_avian|D1.1
1065,461,0.115379075684739,-105.472953979227,40.8430785193566,-119.273636924638,38.6323487379535,1.22498607599608,1.10960700031134,2025.59147023938,2025.70684931507,SRR36211763|A/Gadwell/NV/25G01828-004-original/2025|H5N1|USA-NV|Unknown|2025-09-16|wild_avian|D1.1
767,197,0.0876613028752513,-70.8084261078502,45.1062470001531,-71.2858215219647,44.076239503307,1.22498607599608,1.13732477312083,2025.61918801219,2025.70684931507,SRR36212518|A/Mallard_Duck/NH/25-025612-017-original-repeat2/2025|H5N1|USA-NH|Unknown|2025-09-16|wild_avian|D1.1
1047,474,0.126672955556853,-120.492699741295,46.8714231532145,-112.122221233008,45.9186281162344,1.22772580202344,1.10105284646659,2025.58291608554,2025.7095890411,SRR36212466|A/Great_horned_Owl/MT/25-025599-001-original/2025|H5N1|USA-MT|Unknown|2025-09-17|wild_avian|D1.1
939,362,0.117295510982945,-93.2647265828403,41.2510524038813,-84.4819398885789,40.4028642559308,1.23046552805103,1.11317001706808,2025.59503325614,2025.71232876712,SRR36211892|A/Mallard_Duck/OH/25-025982-002-original/2025|H5N1|USA-OH|Unknown|2025-09-18|wild_avian|D1.1
959,383,0.0116249307676135,-84.2694763894909,43.4680413739457,-84.2085302054531,43.4625957275651,1.23046552805103,1.21884059728341,2025.70070383636,2025.71232876712,SRR36212068|A/wood_duck/MI/25-025965-014/2025|H5N1|USA-MI|Saginaw|2025-09-18|wild_avian|D1.1
1045,1046,0.120849651586328,-119.121502486062,49.9555226941048,-99.5108077842577,43.2487248928472,1.23096522401842,1.11011557243209,2025.5919788115,2025.71282846309,NA
932,366,0.206921277812835,-91.3335761482609,31.7262318159738,-91.6953297627327,31.2934505959574,1.24142443216046,1.03450315434762,2025.51636639342,2025.72328767123,SRR36211605|A/American_blue-winged_Teal/LA/25G01386-003-original/2025|H5N1|USA-LA|Unknown|2025-09-22|wild_avian|D1.1
1016,438,0.14603067796027,-108.197032865871,47.1119914530932,-118.827641932479,48.5626495649591,1.24142443216046,1.09539375420019,2025.57725699327,2025.72328767123,SRR36212227|A/Great_horned_Owl/WA/25G01455-001-original/2025|H5N1|USA-WA|Unknown|2025-09-22|wild_avian|D1.1
745,151,0.141206949689384,-79.9827168786372,41.5006086945514,-82.3167346114082,40.4368357599245,1.24142443216046,1.10021748247107,2025.58208072154,2025.72328767123,SRR36211881|A/Black_Vulture/OH/25-026070-003-original/2025|H5N1|USA-OH|Unknown|2025-09-22|wild_avian|D1.1
762,199,0.245547076796792,-74.5737319610083,42.3341095051899,-77.8525495441959,43.2675237962452,1.24416415818781,0.998617081391021,2025.48048032046,2025.72602739726,SRR36211866|A/wood_duck/NY/25-026198-009/2025|H5N1|USA-NY|Monroe|2025-09-23|wild_avian|D1.1
959,384,0.0253235609044005,-84.2694763894909,43.4680413739457,-83.9261638859418,43.3920423102139,1.24416415818781,1.21884059728341,2025.70070383636,2025.72602739726,SRR36211854|A/wood_duck/MI/25G01274-008/2025|H5N1|USA-MI|Saginaw|2025-09-23|wild_avian|D1.1
932,341,0.212400729867777,-91.3335761482609,31.7262318159738,-83.4542576190737,29.8706971524075,1.2469038842154,1.03450315434762,2025.51636639342,2025.72876712329,SRR36212429|A/blue-winged_Teal/FL/25-026196-001-original/2025|H5N1|USA-FL|Unknown|2025-09-24|wild_avian|D1.1
936,361,0.148481973206183,-93.4284385388485,41.4575244314355,-90.0949475267911,45.4891068672817,1.2469038842154,1.09842191100921,2025.58028515008,2025.72876712329,SRR36212149|A/Mallard_Duck/WI/25G02258-001-original/2025|H5N1|USA-WI|Unknown|2025-09-24|wild_avian|D1.1
1076,416,0.142874873066682,-123.331830950186,47.4023626021519,-118.907665799173,46.490094143585,1.2469038842154,1.10402901114872,2025.58589225022,2025.72876712329,SRR36212382|A/wild_goose/WA/25G01700-001-original/2025|H5N1|USA-WA|Unknown|2025-09-24|wild_avian|D1.1
1012,432,0.129211125714792,-97.7786423038497,40.1881276207267,-75.9382056737859,44.2115752479382,1.2469038842154,1.11769275850061,2025.59955599757,2025.72876712329,SRR36406419|A/american_green_winged_teal/NY/25G02842-011/2025|H5N1|USA-NY|Jefferson|2025-09-24|wild_avian|D1.1
746,153,0.0530182496765412,-83.0021994329849,40.1658299060587,-86.6078037006058,41.277366153573,1.2469038842154,1.19388563453886,2025.67574887361,2025.72876712329,SRR36212441|A/Black_Vulture/IN/25G01314-001-original/2025|H5N1|USA-IN|Unknown|2025-09-24|wild_avian|D1.1
941,360,0.139112623582506,-94.9382360607731,43.665792525592,-88.6828100590712,41.7120616657038,1.24964361024275,1.11053098666025,2025.59239422573,2025.73150684932,SRR36212424|A/Canada_Goose/IL/25-026184-001-original/2025|H5N1|USA-IL|Unknown|2025-09-25|wild_avian|D1.1
744,156,0.130526439408407,-83.5857492079224,38.7719859933747,-83.6601053041785,36.8698070806136,1.24964361024276,1.11911717083435,2025.60098040991,2025.73150684932,SRR36212433|A/Black_Vulture/KY/25G01831-001-original/2025|H5N1|USA-KY|Unknown|2025-09-25|wild_avian|D1.1
1000,456,0.065101053905595,-81.9956526057639,27.3770139776965,-81.9426635118405,27.3706104368736,1.24964361024276,1.18454255633716,2025.66640579541,2025.73150684932,SRR36211970|A/Mottled_Duck/FL/25G01837-001-original/2025|H5N1|USA-FL|Unknown|2025-09-25|wild_avian|D1.1
844,312,0.223388914778165,-79.2314091258289,40.4111234691063,-78.925193782745,39.5793415735133,1.25238333627011,1.02899442149195,2025.51085766056,2025.73424657534,SRR36203399|A/Black_Vulture/MD/25-026167-001-original/2025|H5N1|USA-MD|Unknown|2025-09-26|wild_avian|D1.1
1148,647,0.172029600634761,-76.7606275368072,36.9442397263038,-80.9608409481108,37.5281439683008,1.25238333627011,1.08035373563535,2025.56221697471,2025.73424657534,SRR36212436|A/Black_Vulture/WV/25G01830-001-original/2025|H5N1|USA-WV|Unknown|2025-09-26|wild_avian|D1.1
1149,648,0.154562724591645,-77.1900626404361,35.5955813525092,-77.1474694857297,35.2559351046946,1.25238333627011,1.09782061167847,2025.57968385075,2025.73424657534,SRR36163010|A/chicken/NC/25-026098-002-original/2025|H5N1|USA-NC|Unknown|2025-09-26|domestic_avian|D1.1
1150,649,0.135214602333054,-78.0399768764608,36.4432178123503,-80.9837937350461,38.7523134530466,1.25238333627011,1.11716873393706,2025.59903197301,2025.73424657534,SRR36212435|A/Black_Vulture/WV/25G01830-002-original/2025|H5N1|USA-WV|Unknown|2025-09-26|wild_avian|D1.1
1005,1006,0.0467161968198748,-99.1171325200874,39.1206641926249,-100.993477912966,36.9788402865654,1.25331998213814,1.20660378531827,2025.68846702439,2025.73518322121,NA
1025,462,0.154761047955719,-114.092761834751,42.5052859554294,-116.998127971722,45.3336800441196,1.25512306229747,1.10036201434175,2025.58222525341,2025.73698630137,SRR36211600|A/American_blue-winged_Teal/OR/25G01565-017-original/2025|H5N1|USA-OR|Unknown|2025-09-27|wild_avian|D1.1
931,348,0.23921677185695,-94.1511100032584,36.2904922386198,-104.264533324052,43.0932873628027,1.26060251435241,1.02138574249546,2025.50324898157,2025.74246575342,SRR36211769|A/Canada_Goose/WY/25G01869-001-original/2025|H5N1|USA-WY|Unknown|2025-09-29|wild_avian|D1.1
958,387,0.122801510742315,-86.8051444369063,43.1265387641808,-95.3180351080949,46.2571911634747,1.26060251435241,1.1378010036101,2025.61966424268,2025.74246575342,SRR36212318|A/canada_goose/MN/25G01920-001/2025|H5N1|USA-MN|Otter_Tail|2025-09-29|wild_avian|D1.1
1075,413,0.0877361071262257,-112.908004370687,48.3862285976496,-113.407733461179,48.9146224986023,1.26060251435241,1.17286640722619,2025.6547296463,2025.74246575342,SRR36163011|A/chicken/MT/25-026086-002-original/2025|H5N1|USA-MT|Unknown|2025-09-29|domestic_avian|D1.1
968,375,0.174618430494315,-94.670956961108,44.8160299206989,-98.1047010068791,27.0417059254006,1.26334224037977,1.08872380988545,2025.57058704896,2025.74520547945,SRR36212386|A/wild_duck/TX/25G01488-001-original/2025|H5N1|USA-TX|Unknown|2025-09-30|wild_avian|D1.1
993,446,0.16343072583702,-102.585290881353,35.8029767007658,-110.33081177625,35.8713545738211,1.26334224037977,1.09991151454275,2025.58177475362,2025.74520547945,SRR36212241|A/Canada_Goose/AZ/25G01642-001-original/2025|H5N1|USA-AZ|Unknown|2025-09-30|wild_avian|D1.1
927,343,0.103180882380752,-92.1774379035141,38.321929291523,-89.5638195911918,44.7361022111066,1.26334224037977,1.16016135799902,2025.64202459707,2025.74520547945,SRR36163013|A/chicken/WI/25-026290-001-original/2025|H5N1|USA-WI|Unknown|2025-09-30|domestic_avian|D1.1
1022,464,0.176820308061743,-107.050818568907,40.963689244146,-107.783180710495,45.2420055373007,1.26608196640713,1.08926165834538,2025.57112489742,2025.74794520548,SRR36212238|A/Canada_Goose/MT/25G01677-001-original/2025|H5N1|USA-MT|Unknown|2025-10-01|wild_avian|D1.1
868,527,0.176200181199536,-98.7584675796493,40.2698247686567,-105.239912324759,50.9871104694871,1.26608196640713,1.08988178520759,2025.57174502428,2025.74794520548,EPI_ISL_20208421|A/Chicken/SK/FAV-0326-1/2025|H5N1|Canada-SK|Unknown|2025-10-01|domestic_avian|D1.1
744,155,0.146964795572779,-83.5857492079224,38.7719859933747,-85.1057460544386,39.3178212712768,1.26608196640713,1.11911717083435,2025.60098040991,2025.74794520548,SRR36209119|A/black_vulture/IN/25G01855-003/2025|H5N1|USA-IN|Franklin|2025-10-01|wild_avian|D1.1
917,395,0.407434099737943,-94.5083090797503,35.8762701312995,-118.228516580135,56.1057419589125,1.27156141846184,0.864127318723899,2025.3459905578,2025.75342465753,EPI_ISL_20206696|A/Chicken/AB/FAV-0340-001/2025__H5N1_|H5N1|Canada-AB|Unknown|2025-10-03|domestic_avian|D1.1
828,296,0.263118857684876,-81.767297267958,34.7269447820926,-80.6913759806725,35.1146833834135,1.27156141846184,1.00844256077697,2025.49030579985,2025.75342465753,SRR36162690|A/chicken/NC/25G01772-001-original/2025|H5N1|USA-NC|Unknown|2025-10-03|domestic_avian|D1.1
933,354,0.219660607746186,-95.8846785149305,41.1105344000701,-83.5841100456345,42.1986687253882,1.27156141846184,1.05190081071565,2025.53376404979,2025.75342465753,SRR36212006|A/mallard_duck/MI/25G01983-007/2025|H5N1|USA-MI|Washtenaw|2025-10-03|wild_avian|D1.1
970,376,0.0529053138862858,-89.5234326369508,41.4490228826956,-89.9460792442018,41.7387701822404,1.27156141846184,1.21865610457556,2025.70051934365,2025.75342465753,SRR36162674|A/Domestic_Duck/IL/25G03338-009-original/2025|H5N1|USA-IL|Unknown|2025-10-03|domestic_avian|D1.1
970,377,0.0529053138862858,-89.5234326369508,41.4490228826956,-88.1871197365111,41.813863076085,1.27156141846184,1.21865610457556,2025.70051934365,2025.75342465753,SRR36162678|A/chicken/IL/25G03338-005-original/2025|H5N1|USA-IL|Unknown|2025-10-03|domestic_avian|D1.1
925,342,0.266053417408487,-92.8429361655769,37.0713520578605,-92.2886578786736,36.4843587073945,1.2743011444892,1.00824772708071,2025.49011096615,2025.75616438356,SRR36212242|A/Canada_Goose/AR/25G01638-001-original/2025|H5N1|USA-AR|Unknown|2025-10-04|wild_avian|D1.1
1025,463,0.173939130147448,-114.092761834751,42.5052859554294,-106.474097516311,40.590288394347,1.2743011444892,1.10036201434175,2025.58222525341,2025.75616438356,SRR36211975|A/mallard_duck/CO/25G02242-003/2025|H5N1|USA-CO|Jackson|2025-10-04|wild_avian|D1.1
1060,503,0.194907793033232,-103.290068559178,42.8120490164026,-118.939578946636,43.5658377001602,1.27704087051678,1.08213307748355,2025.56399631656,2025.75890410959,SRR36162760|A/chicken/OR/25G01792-001-original/2025|H5N1|USA-OR|Unknown|2025-10-05|domestic_avian|D1.1
1145,653,0.32886358012392,-78.9690941239258,37.8679868980271,-81.5533328276906,37.7228156775291,1.27978059654414,0.950917016420221,2025.43278025549,2025.76164383562,SRR36212366|A/Black_Vulture/WV/25G02062-001-original/2025|H5N1|USA-WV|Unknown|2025-10-06|wild_avian|D1.1
965,372,0.1710910267658,-92.1859638017558,44.5266417191626,-93.2749416605897,44.8855383772825,1.27978059654414,1.10868956977834,2025.59055280885,2025.76164383562,SRR36212344|A/sandhill_crane/MN/25G02201-001/2025|H5N1|USA-MN|Hennepin|2025-10-06|wild_avian|D1.1
1071,418,0.308684160380208,-114.780887223216,48.6621494324409,-112.491855300557,42.7207453993886,1.2825203225715,0.973836162191291,2025.45569940126,2025.76438356164,SRR36162812|A/Guinea_Fowl/ID/25G01895-002-original/2025|H5N1|USA-ID|Unknown|2025-10-07|domestic_avian|D1.1
1027,466,0.170296351329065,-108.286512108587,41.4729062818347,-112.155244155863,42.1470545446414,1.2825203225715,1.11222397124243,2025.59408721031,2025.76438356164,SRR36162806|A/Peafowl/ID/25G01896-003-original/2025|H5N1|USA-ID|Unknown|2025-10-07|wild_avian|D1.1
958,386,0.144719318961402,-86.8051444369063,43.1265387641808,-90.3625857618537,44.6138759495554,1.2825203225715,1.1378010036101,2025.61966424268,2025.76438356164,SRR36211964|A/Trumpeter_Swan/WI/25G01871-001-original/2025|H5N1|USA-WI|Unknown|2025-10-07|wild_avian|D1.1
769,193,0.188321128475131,-76.4230560399899,44.1245966519356,-75.6600952099206,39.3620424509012,1.28526004859886,1.09693892012372,2025.5788021592,2025.76712328767,SRR36212136|A/Peregrine_Falcon/DE/25G02350-001-original/2025|H5N1|USA-DE|Unknown|2025-10-08|wild_avian|D1.1
1059,500,0.137138634138246,-98.0045541842992,39.3140312393455,-105.976654074274,52.5025354798647,1.28799977462621,1.15086114048797,2025.63272437956,2025.7698630137,EPI_ISL_20249109|A/Whooping_crane/SK/FAV-0436-1/2025|H5N1|Canada-SK|Unknown|2025-10-09|wild_avian|D1.1
927,344,0.127838416627196,-92.1774379035141,38.321929291523,-84.7710921586974,43.6425344824056,1.28799977462621,1.16016135799902,2025.64202459707,2025.7698630137,SRR36211770|A/canada_goose/MI/25G01985-002/2025|H5N1|USA-MI|Isabella|2025-10-09|wild_avian|D1.1
1042,470,0.0774749550739571,-121.488009170659,48.3247466400394,-124.540462817693,50.5768730632987,1.28799977462621,1.21052481955226,2025.69238805862,2025.7698630137,EPI_ISL_20258472|A/American_Wigeon/BC/AIVPHL-3746/2025|H5N1|Canada-BC|Unknown|2025-10-09|wild_avian|D1.1
1064,459,0.183647948015249,-104.713163338332,41.3426742858809,-104.913757267256,43.3319303247933,1.29073950065357,1.10709155263832,2025.58895479171,2025.77260273973,SRR36211962|A/Turkey_Vulture/WY/25G02109-001-original/2025|H5N1|USA-WY|Unknown|2025-10-10|wild_avian|D1.1
1015,435,0.18101414594538,-97.986839757979,38.3230381309564,-96.8821021097936,37.7576791413006,1.29073950065357,1.10972535470819,2025.59158859378,2025.77260273973,SRR36406423|A/canada_goose/KS/25G02613-001/2025|H5N1|USA-KS|Butler|2025-10-10|wild_avian|D1.1
1003,429,0.214319652922819,-112.250535281871,41.9385659566953,-118.98767958939,39.7119262099474,1.29347922668116,1.07915957375834,2025.56102281283,2025.77534246575,SRR36538389|A/american_blue_winged_teal/NV/25G04892-001/2025|H5N1|USA-NV|Churchill|2025-10-11|wild_avian|D1.1
868,528,0.203597441473565,-98.7584675796493,40.2698247686567,-97.781597414561,38.5975221519167,1.29347922668116,1.08988178520759,2025.57174502428,2025.77534246575,SRR36211847|A/american_blue_winged_teal/KS/25G02173-002/2025|H5N1|USA-KS|McPherson|2025-10-11|wild_avian|D1.1
1024,465,0.199922663597495,-109.300776918157,40.845038998792,-119.288739302029,39.3439527800156,1.29347922668116,1.09355656308366,2025.57541980216,2025.77534246575,SRR36538296|A/american_green_winged_teal/NV/25G04893-003/2025|H5N1|USA-NV|Lyon|2025-10-11|wild_avian|D1.1
952,390,0.184128456324266,-81.1252739682451,43.7200730676108,-77.7877450037154,41.5556768372571,1.29347922668116,1.10935077035689,2025.59121400943,2025.77534246575,SRR36209116|A/Mallard_Duck/PA/25G02313-006-original-repeat2/2025|H5N1|USA-PA|Unknown|2025-10-11|wild_avian|D1.1
1055,491,0.172652861504793,-92.0685255876141,40.6693482645087,-78.0610942004287,42.8731814636433,1.29347922668116,1.12082636517636,2025.60268960425,2025.77534246575,SRR36203306|A/mallard_duck/NY/25G02284-011/2025|H5N1|USA-NY|Genesee|2025-10-11|wild_avian|D1.1
953,389,0.149536141727862,-78.8138460073425,41.0821100971371,-77.9966958748471,42.9217308782952,1.29347922668116,1.14394308495329,2025.62580632403,2025.77534246575,SRR36212325|A/american_green_winged_teal/NY/25G02284-024/2025|H5N1|USA-NY|Genesee|2025-10-11|wild_avian|D1.1
829,295,0.225822846895072,-76.2563730738856,32.8420517916959,-77.6811259678864,34.558349682361,1.29621895270851,1.07039610581344,2025.55225934489,2025.77808219178,SRR36211960|A/Vulture/NC/25G02114-001-original/2025|H5N1|USA-NC|Unknown|2025-10-12|wild_avian|D1.1
963,394,0.203999518264493,-94.8816370390414,45.8627405625284,-96.8495475985411,36.1244934326538,1.29895867873587,1.09495916047138,2025.57682239954,2025.78082191781,SRR36212343|A/Swan/OK/25G02155-001-original/2025|H5N1|USA-OK|Unknown|2025-10-13|wild_avian|D1.1
929,353,0.224497330709428,-99.3018454824135,38.1393326400144,-104.445814559444,40.9603271155709,1.30169840476323,1.0772010740538,2025.55906431313,2025.78356164384,SRR36212302|A/canada_goose/CO/25G02439-001/2025|H5N1|USA-CO|Weld|2025-10-14|wild_avian|D1.1
964,370,0.215023422489329,-98.3144711286794,45.4905384514646,-97.4029640479028,47.6828749384372,1.30717785681794,1.09215443432861,2025.5740176734,2025.78904109589,SRR36212274|A/Pintail_Duck/ND/25G02720-001-original/2025|H5N1|USA-ND|Unknown|2025-10-16|wild_avian|D1.1
939,359,0.196747565777446,-93.2647265828403,41.2510524038813,-92.2951226905378,40.8419599439376,1.30991758284553,1.11317001706808,2025.59503325614,2025.79178082192,SRR36209083|A/Green-winged_Teal/IA/25G03115-001-original/2025|H5N1|USA-IA|Unknown|2025-10-17|wild_avian|D1.1
1150,650,0.192748848908469,-78.0399768764608,36.4432178123503,-79.7149862565883,39.5541412150223,1.30991758284553,1.11716873393706,2025.59903197301,2025.79178082192,SRR36211659|A/Black_Vulture/WV/25G03060-003-original/2025|H5N1|USA-WV|Unknown|2025-10-17|wild_avian|D1.1
1012,433,0.192224824344921,-97.7786423038497,40.1881276207267,-98.0300548904832,35.0693511769022,1.30991758284553,1.11769275850061,2025.59955599757,2025.79178082192,SRR36211957|A/Wild_Goose/OK/25G02530-001-original/2025|H5N1|USA-OK|Unknown|2025-10-17|wild_avian|D1.1
956,388,0.195289106705304,-86.3150404552552,42.9421237470518,-83.1453779851371,41.6127983930758,1.31265730887288,1.11736820216758,2025.59923144124,2025.79452054795,SRR36406418|A/northern_shoveler/OH/25G03080-047/2025|H5N1|USA-OH|Ottawa|2025-10-18|wild_avian|D1.1
987,444,0.322070844561473,-99.7348267696891,40.1321401312677,-102.231410061125,45.0340423778377,1.31539703490024,0.993326190338769,2025.47518942941,2025.79726027397,SRR36162647|A/Turkey/SD/25G02403-003-original/2025|H5N1|USA-SD|Unknown|2025-10-19|domestic_avian|D1.1
1032,480,0.10418315488833,-110.389043565709,40.66226785176,-121.685358819872,44.3718465757176,1.31539703490024,1.21121388001191,2025.69307711908,2025.79726027397,SRR36212130|A/Ring-necked_Duck/OR/25G02626-019-original/2025|H5N1|USA-OR|Unknown|2025-10-19|wild_avian|D1.1
755,207,0.661065981699727,-88.1607939475247,32.2879876723439,-88.5727475177269,31.4079994468932,1.3181367609276,0.657070779227872,2025.1389340183,2025.8,SRR36211724|A/Black_Vulture/MS/25G02635-003-original/2025|H5N1|USA-MS|Unknown|2025-10-20|wild_avian|D1.1
1211,271,0.371809637119129,-95.9137726022555,36.2201353788735,-93.1234367619379,33.7504076643175,1.32087648695496,0.949066849835828,2025.43093008891,2025.80273972603,SRR36211667|A/Black_Vulture/AR/25G03056-001-original/2025|H5N1|USA-AR|Unknown|2025-10-21|wild_avian|D1.1
765,198,0.289278472264033,-70.9712957657346,41.8988377185531,-75.4006377101034,39.5991977873562,1.32087648695496,1.03159801469092,2025.51346125376,2025.80273972603,SRR36538387|A/american_crow/NJ/25G04652-002/2025|H5N1|USA-NJ|Salem|2025-10-21|wild_avian|D1.1
943,364,0.183069209452606,-90.6216544606455,40.0703611577054,-86.1982657108251,39.406220034542,1.32087648695496,1.13780727750235,2025.61967051657,2025.80273972603,SRR36211652|A/canada_goose/IN/25G02680-001/2025|H5N1|USA-IN|Johnson|2025-10-21|wild_avian|D1.1
991,506,0.109891823576531,-85.7192219008029,33.7242786953421,-75.515373041165,39.4467589115681,1.32087648695496,1.21098466337843,2025.69284790245,2025.80273972603,SRR36538388|A/american_crow/NJ/25G04652-001/2025|H5N1|USA-NJ|Salem|2025-10-21|wild_avian|D1.1
1145,652,0.37269919656232,-78.9690941239258,37.8679868980271,-79.9182545499818,36.8318144484407,1.32361621298254,0.950917016420221,2025.43278025549,2025.80547945205,SRR36211670|A/Black_Vulture/VA/25G03055-006-original/2025|H5N1|USA-VA|Unknown|2025-10-22|wild_avian|D1.1
997,453,0.312856403537621,-105.008941683547,40.8390757481298,-120.9457692191,49.4056225808194,1.32361621298254,1.01075980944492,2025.49262304852,2025.80547945205,EPI_ISL_20258482|A/Barred_Owl/BC/AIVPHL-3767/2025|H5N1|Canada-BC|Unknown|2025-10-22|wild_avian|D1.1
1036,483,0.258926487347313,-112.403404724146,43.1576457645111,-94.1138042994881,37.0294873377189,1.32361621298254,1.06468972563523,2025.54655296471,2025.80547945205,SRR36209114|A/Red-tailed_Hawk/MO/25G02853-005-original/2025|H5N1|USA-MO|Unknown|2025-10-22|wild_avian|D1.1
1018,440,0.205184787232935,-105.873595297002,45.9312576124484,-109.062143096961,40.3620277169569,1.32361621298254,1.11843142574961,2025.60029466482,2025.80547945205,SRR36203374|A/Canada_Goose/UT/25G03448-005-original/2025|H5N1|USA-UT|Unknown|2025-10-22|wild_avian|D1.1
969,378,0.17847384207983,-89.5898591301081,41.5219204845397,-92.6125075104976,38.1887990170972,1.32361621298254,1.14514237090271,2025.62700560997,2025.80547945205,SRR36212529|A/Canada_Goose/MO/25G02853-004-original/2025|H5N1|USA-MO|Unknown|2025-10-22|wild_avian|D1.1
885,536,0.459872656146444,-85.5231327726633,38.4869182774043,-84.2887913165016,30.8961945266135,1.3263559390099,0.866483282863455,2025.34834652194,2025.80821917808,SRR36162703|A/chicken/GA/25G02650-001-original/2025|H5N1|USA-GA|Unknown|2025-10-23|domestic_avian|D1.1
1063,443,0.317068872247192,-107.017816632681,42.7327996195694,-109.127055318513,43.1013977242715,1.3263559390099,1.00928706676271,2025.49115030584,2025.80821917808,SRR36212527|A/Canada_Goose/WY/25G02891-001-original/2025|H5N1|USA-WY|Unknown|2025-10-23|wild_avian|D1.1
953,391,0.182412854056606,-78.8138460073425,41.0821100971371,-83.4102381731065,41.5222793943061,1.3263559390099,1.14394308495329,2025.62580632403,2025.80821917808,SRR36406301|A/american_wigeon/OH/25G04131-008/2025|H5N1|USA-OH|Ottawa|2025-10-23|wild_avian|D1.1
981,445,0.437799124778528,-114.260730301981,45.7402589947925,-86.82177572657,32.6416873486055,1.33731484311933,0.8995157183408,2025.38137895741,2025.81917808219,SRR36203333|A/Canada_Goose/AL/25G03828-001-original/2025|H5N1|USA-AL|Unknown|2025-10-27|wild_avian|D1.1
1011,431,0.2257591409885,-97.3574333963116,40.1436661822111,-87.219828670745,34.8837621144635,1.33731484311933,1.11155570213083,2025.5934189412,2025.81917808219,SRR36212524|A/Domestic_Goose/AL/25G03044-002-original/2025|H5N1|USA-AL|Unknown|2025-10-27|domestic_avian|D1.1
743,154,0.225040018529836,-85.0406572686971,38.836704507029,-84.6367226739995,38.5720581078637,1.33731484311933,1.11227482458949,2025.59413806366,2025.81917808219,SRR36538272|A/black_vulture/KY/25G04374-002/2025|H5N1|USA-KY|Grant|2025-10-27|wild_avian|D1.1
746,152,0.143429208580472,-83.0021994329849,40.1658299060587,-84.7617153816186,38.6767901075813,1.33731484311933,1.19388563453886,2025.67574887361,2025.81917808219,SRR36538273|A/black_vulture/KY/25G04374-001/2025|H5N1|USA-KY|Grant|2025-10-27|wild_avian|D1.1
830,297,0.266485954145704,-81.4852189025429,35.3227598884557,-81.6453884644689,35.0960657294589,1.34005456914691,1.07356861500121,2025.55543185407,2025.82191780822,SRR36209096|A/Black_Vulture/SC/25G03063-001-original/2025|H5N1|USA-SC|Unknown|2025-10-28|wild_avian|D1.1
1042,471,0.129529749594657,-121.488009170659,48.3247466400394,-121.451929494572,48.9237527471597,1.34005456914691,1.21052481955226,2025.69238805862,2025.82191780822,SRR36406354|A/cackling_goose/WA/25G03972-002/2025|H5N1|USA-WA|Whatcom|2025-10-28|wild_avian|D1.1
999,455,0.151388450991669,-129.41520037371,46.5457977267252,-121.66713114713,38.326176804547,1.34279429517427,1.1914058441826,2025.67326908326,2025.82465753425,SRR36406399|A/american_green_winged_teal/CA/25G03928-006/2025|H5N1|USA-CA|Yolo|2025-10-29|wild_avian|D1.1
1006,428,0.0894743130361284,-100.993477912966,36.9788402865654,-122.06152778406,38.6778844150089,1.34279429517427,1.25331998213814,2025.73518322121,2025.82465753425,SRR36406410|A/american_wigeon/CA/25G03928-001/2025|H5N1|USA-CA|Yolo|2025-10-29|wild_avian|D1.1
926,345,0.25915782405821,-92.2875727172736,37.1426128029823,-78.7702754795467,41.8167297423206,1.34553402120163,1.08637619714342,2025.56823943622,2025.82739726027,SRR36209076|A/Black_Swan/PA/25G03182-002-original/2025|H5N1|USA-PA|Unknown|2025-10-30|wild_avian|D1.1
1027,468,0.233310049959194,-108.286512108587,41.4729062818347,-120.937584674666,48.9185006256017,1.34553402120163,1.11222397124243,2025.59408721031,2025.82739726027,SRR36406351|A/cackling_goose/WA/25G03973-001/2025|H5N1|USA-WA|Whatcom|2025-10-30|wild_avian|D1.1
1050,497,0.227466431067683,-109.167270902314,40.8995284635902,-82.3835017722714,28.211896318223,1.34553402120163,1.11806759013395,2025.59993082921,2025.82739726027,SRR36209051|A/Muscovy_Duck/FL/25G03354-001-original/2025|H5N1|USA-FL|Unknown|2025-10-30|wild_avian|D1.1
943,363,0.210466469726634,-90.6216544606455,40.0703611577054,-93.0624054051575,45.1304100495412,1.34827374722899,1.13780727750235,2025.61967051657,2025.8301369863,SRR36406409|A/wood_duck/MN/25G04157-001/2025|H5N1|USA-MN|Anoka|2025-10-31|wild_avian|D1.1
951,392,0.251161936615235,-85.4974995384874,43.2773112845684,-83.2868635276785,41.6204525219634,1.35101347325634,1.09985153664111,2025.58171477571,2025.83287671233,SRR36406415|A/american_green_winged_teal/OH/25G04131-027/2025|H5N1|USA-OH|Ottawa|2025-11-01|wild_avian|D1.1
1047,475,0.249960626789755,-120.492699741295,46.8714231532145,-120.968525421589,48.927366545607,1.35101347325634,1.10105284646659,2025.58291608554,2025.83287671233,SRR36406349|A/red_tailed_hawk/WA/25G03976-001/2025|H5N1|USA-WA|Whatcom|2025-11-01|wild_avian|D1.1
1033,476,0.267688356452278,-113.869250393948,43.4209675593291,-117.377002547865,49.9713643828952,1.35649292531129,1.08880456885901,2025.57066780793,2025.83835616438,EPI_ISL_20258508|A/Canada_Goose/BC/AIVPHL-3850/2025|H5N1|Canada-BC|Unknown|2025-11-03|wild_avian|D1.1
921,346,0.24804491626196,-85.0236741043151,33.1826965327298,-89.570768062429,35.5519195472053,1.35649292531128,1.10844800904933,2025.59031124812,2025.83835616438,SRR36162625|A/Red-breasted_Goose/TN/25G03365-002-original/2025|H5N1|USA-TN|Unknown|2025-11-03|wild_avian|D1.1
1014,434,0.249706630840187,-98.1335796889122,38.3429515221146,-103.072129332575,34.7737814717497,1.35923265133864,1.10952602049846,2025.59138925957,2025.84109589041,SRR36203396|A/wild_goose/NM/25G03506-001-original/2025|H5N1|USA-NM|Unknown|2025-11-04|wild_avian|D1.1
1037,489,0.244243701485239,-121.650211356517,43.695592856143,-109.05707055288,37.9715826951531,1.35923265133864,1.1149889498534,2025.59685218893,2025.84109589041,SRR36203296|A/Swan/UT/25G03453-001-original/2025|H5N1|USA-UT|Unknown|2025-11-04|wild_avian|D1.1
1068,451,0.198684084841656,-88.3133039460621,38.3730769135778,-102.425618443606,48.8055330775107,1.35923265133864,1.16054856649699,2025.64241180557,2025.84109589041,SRR36202277|A/Domestic_Cat/ND/25G03436-001-original/2025|H5N1|USA-ND|Unknown|2025-11-04|feline|D1.1
762,200,0.366095022002337,-74.5737319610083,42.3341095051899,-74.6490090013937,44.6139905298191,1.36471210339336,0.998617081391021,2025.48048032046,2025.84657534247,SRR36406342|A/Striped_skunk/NY/25G03988-001/2025|H5N1|USA-NY|St_Lawrence|2025-11-06|other_mammal|D1.1
764,201,0.324566086341439,-72.7851968993111,42.1061752474705,-71.3960209910586,44.4202278078325,1.36471210339336,1.04014601705192,2025.52200925612,2025.84657534247,SRR36202283|A/chicken/NH/25G03769-001-original/2025|H5N1|USA-NH|Unknown|2025-11-06|domestic_avian|D1.1
989,505,0.195371443991289,-77.6944212760803,34.1411949702945,-75.447395678764,39.1639434385479,1.36471210339336,1.16934065940207,2025.65120389847,2025.84657534247,SRR36202234|A/chicken/DE/25G03562-002-original/2025|H5N1|USA-DE|Unknown|2025-11-06|domestic_avian|D1.1
991,507,0.156467166042289,-85.7192219008029,33.7242786953421,-77.9912464514795,34.2722533055152,1.36745182942071,1.21098466337843,2025.69284790245,2025.84931506849,SRR36538326|A/canada_goose/NC/25G04376-001/2025|H5N1|USA-NC|New_Hanover|2025-11-07|wild_avian|D1.1
1039,1040,0.30658502308538,-107.274510653757,40.8975442772401,-114.239524216243,42.9248799876183,1.36915521624502,1.06257019315964,2025.54443343223,2025.85101845532,NA
983,421,0.391731110895262,-87.6620462293837,41.0247705026678,-87.3404822673775,41.06313035675,1.3701915554483,0.978460444553037,2025.46032368363,2025.85205479452,SRR36203391|A/wood_duck/IN/25G03805-006/2025|H5N1|USA-IN|Newton|2025-11-08|wild_avian|D1.1
967,374,0.261716678852468,-96.0031322478513,44.682000471602,-86.0930553396608,39.964162577357,1.3701915554483,1.10847487659583,2025.59033811567,2025.85205479452,SRR36538290|A/bald_eagle/IN/25G04807-001/2025|H5N1|USA-IN|Hamilton|2025-11-08|wild_avian|D1.1
994,447,0.218020090484944,-99.1353391970203,35.8186919891662,-94.9528985153349,35.5466783636836,1.3701915554483,1.15217146496336,2025.63403470404,2025.85205479452,SRR36538295|A/american_green_winged_teal/OK/25G04973-021/2025|H5N1|USA-OK|Sequoyah|2025-11-08|wild_avian|D1.1
1007,425,0.152580367630536,-96.7972038800413,40.8513333045278,-95.5010307540933,37.5433880194115,1.3701915554483,1.21761118781776,2025.69947442689,2025.85205479452,SRR36538311|A/gadwall/KS/25G04225-031/2025|H5N1|USA-KS|Neosho|2025-11-08|wild_avian|D1.1
1006,427,0.116871573310157,-100.993477912966,36.9788402865654,-95.4189166679477,37.5400109756247,1.3701915554483,1.25331998213814,2025.73518322121,2025.85205479452,SRR36406324|A/gadwall/KS/25G04225-001/2025|H5N1|USA-KS|Neosho|2025-11-08|wild_avian|D1.1
1041,482,0.294994918170856,-116.072718842746,45.9526228601336,-97.8863797978607,45.4194392359896,1.37567100750301,1.08067608933216,2025.5625393284,2025.85753424658,SRR36538310|A/gadwall/SD/25G04284-006/2025|H5N1|USA-SD|Day|2025-11-10|wild_avian|D1.1
847,317,0.279932441344375,-75.2138778229764,40.3266050799163,-72.9489056081575,41.7764984734953,1.37567100750301,1.09573856615864,2025.57760180523,2025.85753424658,SRR36203383|A/Black_Vulture/CT/25G03770-001-original/2025|H5N1|USA-CT|Unknown|2025-11-10|wild_avian|D1.1
938,365,0.272845191499827,-92.1190945748432,41.4556501383926,-95.0510823304873,45.0929007777925,1.37567100750301,1.10282581600319,2025.58468905508,2025.85753424658,SRR36406411|A/great_horned_owl/MN/25G04156-001/2025|H5N1|USA-MN|Kandiyohi|2025-11-10|wild_avian|D1.1
1054,492,0.258581144284648,-96.9941995720468,40.8785005306927,-81.8704695805719,38.8008273125544,1.37567100750301,1.11708986321837,2025.59895310229,2025.85753424658,SRR36538325|A/canada_goose/WV/25G04377-001/2025|H5N1|USA-WV|Mason|2025-11-10|wild_avian|D1.1
1040,473,0.00651579125799517,-114.239524216243,42.9248799876183,-112.018853820605,42.5926300349794,1.37567100750301,1.36915521624502,2025.85101845532,2025.85753424658,SRR36406343|A/trumpeter_swan/ID/25G03984-001/2025|H5N1|USA-ID|Bannock|2025-11-10|wild_avian|D1.1
728,166,0.463668338413747,-81.404545440468,25.3686992448575,-92.0711646408175,14.7511741668563,1.38115045955773,0.917482121143982,2025.39934536022,2025.86301369863,EPI_ISL_20254739|A/chicken/San_Marcos/FLU-383/2025|H5N1|Guatemala-San_Marcos|Unknown|2025-11-12|domestic_avian|D1.1
1072,417,0.398106281051902,-114.099955400982,49.0926591504886,-93.1024565692748,31.1454498034231,1.38115045955773,0.983044178505827,2025.46490741758,2025.86301369863,SRR36538417|A/ross_s_goose/LA/25G04375-002/2025|H5N1|USA-LA|Vernon|2025-11-12|wild_avian|D1.1
1058,496,0.276964494966404,-100.377247640473,40.8359356753659,-102.582586655648,40.8401501320959,1.38115045955773,1.10418596459132,2025.58604920366,2025.86301369863,SRR36406276|A/snow_goose/CO/25G04393-001/2025|H5N1|USA-CO|Sedgwick|2025-11-12|wild_avian|D1.1
845,311,0.275028172897523,-78.7867839446921,39.6395961479213,-77.2289544497801,39.9732391495885,1.38115045955773,1.10612228666021,2025.58798552573,2025.86301369863,SRR36406338|A/black_vulture/PA/25G03999-001/2025|H5N1|USA-PA|Adams|2025-11-12|wild_avian|D1.1
1035,479,0.187663573503237,-119.471415924406,46.9239933379233,-120.556794351998,50.5891569874869,1.38115045955773,1.19348688605449,2025.67535012513,2025.86301369863,EPI_ISL_20258525|A/American_Crow/BC/AIVPHL-3863/2025|H5N1|Canada-BC|Unknown|2025-11-12|wild_avian|D1.1
1046,486,0.150185235539313,-99.5108077842577,43.2487248928472,-101.898918112802,34.8832442677037,1.38115045955773,1.23096522401842,2025.71282846309,2025.86301369863,SRR36538334|A/wild_goose/TX/25G04762-002/2025|H5N1|USA-TX|Randall|2025-11-12|wild_avian|D1.1
1040,472,0.01199524331271,-114.239524216243,42.9248799876183,-116.17748869903,43.4475394828773,1.38115045955773,1.36915521624502,2025.85101845532,2025.86301369863,SRR36406329|A/trumpeter_swan/ID/25G04021-001/2025|H5N1|USA-ID|Ada|2025-11-12|wild_avian|D1.1
1063,510,0.374603118822379,-107.017816632681,42.7327996195694,-121.969036097536,43.436697965899,1.38389018558509,1.00928706676271,2025.49115030584,2025.86575342466,SRR36406291|A/red_tailed_hawk/OR/25G04260-001/2025|H5N1|USA-OR|Klamath|2025-11-13|wild_avian|D1.1
949,381,0.28399125024682,-88.4918043399149,44.2419806001408,-88.2254261631835,44.7351738449313,1.38389018558509,1.09989893533827,2025.58176217441,2025.86575342466,SRR36582225|A/mallard_duck/WI/25G04982-005/2025|H5N1|USA-WI|Oconto|2025-11-13|wild_avian|D1.1
1065,460,0.274283185273742,-105.472953979227,40.8430785193566,-103.380121586185,42.2138183478078,1.38389018558509,1.10960700031134,2025.59147023938,2025.86575342466,SRR36406289|A/canada_goose/NE/25G04294-001/2025|H5N1|USA-NE|Box_Butte|2025-11-13|wild_avian|D1.1
1037,488,0.268901235731683,-121.650211356517,43.695592856143,-121.114083425316,42.2658765305838,1.38389018558509,1.1149889498534,2025.59685218893,2025.86575342466,SRR36406292|A/red_tailed_hawk/OR/25G04259-001/2025|H5N1|USA-OR|Klamath|2025-11-13|wild_avian|D1.1
886,534,0.265571247184956,-83.8129121737528,33.0463360788377,-83.7424582454725,32.3366630747209,1.38389018558509,1.11831893840013,2025.60018217747,2025.86575342466,SRR36538281|A/black_vulture/GA/25G04368-001/2025|H5N1|USA-GA|Houston|2025-11-13|wild_avian|D1.1
1069,452,0.292603518155551,-94.6487782569509,41.7317036450209,-93.2372737105732,44.2228416533893,1.38662991161267,1.09402639345712,2025.57588963253,2025.86849315069,SRR36406424|A/trumpeter_swan/MN/25G04483-001/2025|H5N1|USA-MN|Rice|2025-11-14|wild_avian|D1.1
1004,424,0.292958536472755,-108.710454395326,39.2793213247867,-110.515656483315,41.652112943001,1.38936963764003,1.09641110116727,2025.57827434024,2025.87123287671,SRR36406281|A/trumpeter_swan/WY/25G04344-003/2025|H5N1|USA-WY|Lincoln|2025-11-15|wild_avian|D1.1
1026,467,0.277171182387412,-108.233440432393,41.4591712199034,-110.146637384919,42.1618463287411,1.38936963764003,1.11219845525262,2025.59406169432,2025.87123287671,SRR36406282|A/trumpeter_swan/WY/25G04344-002/2025|H5N1|USA-WY|Lincoln|2025-11-15|wild_avian|D1.1
984,422,0.38411124416923,-88.2966212206648,40.9108701398038,-83.3017970447586,41.5600641888684,1.39210936366739,1.00799811949816,2025.48986135857,2025.87397260274,SRR36538390|A/american_black_duck/OH/25G04930-025/2025|H5N1|USA-OH|Ottawa|2025-11-16|wild_avian|D1.1
1013,437,0.291698896225613,-99.083527924952,38.4516710899178,-89.0180130339108,38.2781715988361,1.39210936366739,1.10041046744177,2025.58227370651,2025.87397260274,SRR36406371|A/canvasback_duck/IL/25G04631-002/2025|H5N1|USA-IL|Jefferson|2025-11-16|wild_avian|D1.1
1067,449,0.276454782385141,-89.8487335851951,36.9291900713067,-89.4723334237183,38.5821566242709,1.39484908969474,1.1183943073096,2025.60025754638,2025.87671232877,SRR36406429|A/mallard_duck/IL/25G04430-008/2025|H5N1|USA-IL|Clinton|2025-11-17|wild_avian|D1.1
1000,457,0.210306533357583,-81.9956526057639,27.3770139776965,-82.0428860740263,26.5882947028999,1.39484908969474,1.18454255633716,2025.66640579541,2025.87671232877,SRR36406277|A/Fish_crow/FL/25G04379-001/2025|H5N1|USA-FL|Lee|2025-11-17|wild_avian|D1.1
921,347,0.289140806672775,-85.0236741043151,33.1826965327298,-101.78691180694,35.2457199801424,1.3975888157221,1.10844800904933,2025.59031124812,2025.87945205479,SRR36538338|A/wild_goose/TX/25G04760-001/2025|H5N1|USA-TX|Potter|2025-11-18|wild_avian|D1.1
922,349,0.240341583904937,-102.06819237471,38.679515557396,-105.036356516102,40.7639997499457,1.3975888157221,1.15724723181716,2025.63911047089,2025.87945205479,SRR36538318|A/canada_goose/CO/25G04853-001/2025|H5N1|USA-CO|Larimer|2025-11-18|wild_avian|D1.1
1035,478,0.204101929667609,-119.471415924406,46.9239933379233,-122.175780927257,47.9745333759177,1.3975888157221,1.19348688605449,2025.67535012513,2025.87945205479,SRR36538351|A/trumpeter_swan/WA/25G04846-002/2025|H5N1|USA-WA|Snohomish|2025-11-18|wild_avian|D1.1
1328,22,1.00702596876047,-91.793448439899,39.3344549042182,-79.9193758152234,32.7288096117798,1.40306826777704,0.396042299016572,2024.87790553809,2025.88493150685,SRR36582238|A/Black_vulture/SC/25G05160-001/2025|H5N1|USA-SC|Charleston|2025-11-20|wild_avian|D1.1
1211,272,0.454001417941215,-95.9137726022555,36.2201353788735,-94.1796488577039,36.1039887961072,1.40306826777704,0.949066849835828,2025.43093008891,2025.88493150685,SRR36538271|A/black_vulture/AR/25G04946-001/2025|H5N1|USA-AR|Washington|2025-11-20|wild_avian|D1.1
992,430,0.419001258081816,-102.100918289566,39.637497714981,-122.163399327954,37.8247586081138,1.40306826777704,0.984067009695227,2025.46593024877,2025.88493150685,SRR36538343|A/western_gull/CA/25G04840-001/2025|H5N1|USA-CA|Contra_Costa|2025-11-20|wild_avian|D1.1
1076,415,0.299039256628327,-123.331830950186,47.4023626021519,-97.4610156528005,35.2160039372008,1.40306826777704,1.10402901114872,2025.58589225022,2025.88493150685,SRR36538357|A/snow_goose/OK/25G05185-001/2025|H5N1|USA-OK|Cleveland|2025-11-20|wild_avian|D1.1
999,454,0.211662423594441,-129.41520037371,46.5457977267252,-121.114331634766,38.6778352980123,1.40306826777704,1.1914058441826,2025.67326908326,2025.88493150685,SRR36538375|A/red_tailed_hawk/CA/25G04838-002/2025|H5N1|USA-CA|Sacramento|2025-11-20|wild_avian|D1.1
1046,485,0.172103043758627,-99.5108077842577,43.2487248928472,-99.3554726834949,45.8974593343061,1.40306826777704,1.23096522401842,2025.71282846309,2025.88493150685,SRR36538363|A/ross_s_goose/SD/25G04635-003/2025|H5N1|USA-SD|McPherson|2025-11-20|wild_avian|D1.1
1059,499,0.254946853316433,-98.0045541842992,39.3140312393455,-92.2019265052721,45.9117762706238,1.4058079938044,1.15086114048797,2025.63272437956,2025.88767123288,SRR36582215|A/ring_necked_duck/WI/25G05226-008/2025|H5N1|USA-WI|Burnet|2025-11-21|wild_avian|D1.1
1073,420,0.41384288279264,-117.583662363745,46.7233918347124,-77.1092182818184,37.0965918309477,1.40854771983176,0.994704837039118,2025.47656807611,2025.8904109589,SRR36582245|A/american_green_winged_teal/VA/25G05021-005/2025|H5N1|USA-VA|Surry|2025-11-22|wild_avian|D1.1
1044,484,0.339941906981993,-106.441355684668,40.0318491209025,-76.7081617985658,36.6516656728495,1.40854771983176,1.06860581284976,2025.55046905192,2025.8904109589,SRR36538305|A/greater_scaup/VA/25G04885-001/2025|H5N1|USA-VA|Suffolk|2025-11-22|wild_avian|D1.1
1069,448,0.314521326374637,-94.6487782569509,41.7317036450209,-81.2774954650266,31.5507476410451,1.40854771983176,1.09402639345712,2025.57588963253,2025.8904109589,SRR36582243|A/american_green_winged_teal/GA/25G05285-010/2025|H5N1|USA-GA|McIntosh|2025-11-22|wild_avian|D1.1
1056,494,0.269551397681808,-91.1645428978087,41.3663860131605,-81.5380381195411,29.1442479529479,1.40854771983176,1.13899632214995,2025.62085956122,2025.8904109589,SRR36538366|A/ring_necked_duck/FL/25G04963-061/2025|H5N1|USA-FL|Lake|2025-11-22|wild_avian|D1.1
1060,502,0.331894094402921,-103.290068559178,42.8120490164026,-94.447780128119,39.2757891290314,1.41402717188647,1.08213307748355,2025.56399631656,2025.89589041096,SRR36538359|A/snow_goose/MO/25G04856-004/2025|H5N1|USA-MO|Clay|2025-11-24|wild_avian|D1.1
934,358,0.323068284044892,-91.1853096423875,38.5650281107392,-85.677854476433,43.3345218542132,1.41402717188647,1.09095888784158,2025.57282212691,2025.89589041096,SRR36538286|A/bald_eagle/MI/25G04925-005/2025|H5N1|USA-MI|Newaygo|2025-11-24|wild_avian|D1.1
956,393,0.296658969718892,-86.3150404552552,42.9421237470518,-83.8937662867603,43.3801864302835,1.41402717188647,1.11736820216758,2025.59923144124,2025.89589041096,SRR36538288|A/bald_eagle/MI/25G04925-001/2025|H5N1|USA-MI|Saginaw|2025-11-24|wild_avian|D1.1
1007,426,0.196415984068709,-96.7972038800413,40.8513333045278,-90.4705149100721,38.7133109263964,1.41402717188647,1.21761118781776,2025.69947442689,2025.89589041096,SRR36538302|A/mallard_duck/MO/25G04856-003/2025|H5N1|USA-MO|St_Louis|2025-11-24|wild_avian|D1.1
764,202,0.376620880862139,-72.7851968993111,42.1061752474705,-68.0484676431694,45.3086291868081,1.41676689791406,1.04014601705192,2025.52200925612,2025.89863013699,SRR36538185|A/Domestic_goose/ME/25G04880-003/2025|H5N1|USA-ME|Penobscot|2025-11-25|domestic_avian|D1.1
1052,501,0.336164037919552,-101.71941113762,41.5327920830031,-68.728770804094,46.0462133963957,1.41676689791406,1.08060285999451,2025.56246609907,2025.89863013699,SRR36538193|A/Domestic_chicken/ME/25G05080-001/2025|H5N1|USA-ME|Penobscot|2025-11-25|domestic_avian|D1.1
768,195,0.323893923180006,-76.216198170796,44.1066515058614,-76.6745545970839,42.1513049769102,1.41676689791406,1.09287297473405,2025.57473621381,2025.89863013699,SRR36538317|A/canada_goose/NY/25G04881-001/2025|H5N1|USA-NY|Chemung|2025-11-25|wild_avian|D1.1
1015,436,0.307041543205867,-97.986839757979,38.3230381309564,-80.2298078613016,33.8404385470628,1.41676689791406,1.10972535470819,2025.59158859378,2025.89863013699,SRR36582221|A/Mute_swan/SC/25G05056-001/2025|H5N1|USA-SC|Sumter|2025-11-25|wild_avian|D1.1
1045,487,0.30665132548197,-119.121502486062,49.9555226941048,-104.327206677964,48.1050400173664,1.41676689791406,1.11011557243209,2025.5919788115,2025.89863013699,SRR36582231|A/canada_goose/MT/25G05375-001/2025|H5N1|USA-MT|Roosevelt|2025-11-25|wild_avian|D1.1
994,504,0.270074885005416,-99.1353391970203,35.8186919891662,-81.3766555220043,19.3588851926702,1.42224634996877,1.15217146496336,2025.63403470404,2025.90410958904,EPI_ISL_20261049|H5N1/chicken/CaymanIslands/25AIV50/2025|H5N1|CaymanIslands|Unknown|2025-11-27|domestic_avian|D1.1
1068,450,0.261697783471786,-88.3133039460621,38.3730769135778,-77.9814532467833,35.2746344796792,1.42224634996877,1.16054856649699,2025.64241180557,2025.90410958904,SRR36538195|A/Domestic_turkey/NC/25G05083-001/2025|H5N1|USA-NC|Wayne|2025-11-27|domestic_avian|D1.1
988,509,0.262512059223138,-77.4348736699061,33.9020835776086,-74.7443254305689,40.070116875754,1.42498607599613,1.16247401677299,2025.64433725585,2025.90684931507,SRR36582240|A/Bald_eagle/NJ/25G05298-001/2025|H5N1|USA-NJ|Burlington|2025-11-28|wild_avian|D1.1
990,508,0.217855103919913,-86.2290276740087,33.772740916169,-85.5851840309068,31.8659921569232,1.42772580202349,1.20987069810357,2025.69173393718,2025.9095890411,SRR36582196|A/Wood_duck/AL/25G05286-007/2025|H5N1|USA-AL|Barbour|2025-11-29|wild_avian|D1.1
1018,439,0.312034102301237,-105.873595297002,45.9312576124484,-97.7213276254413,40.8684462493646,1.43046552805084,1.11843142574961,2025.60029466482,2025.91232876712,SRR36582209|A/snow_goose/NE/25G05292-001/2025|H5N1|USA-NE|York|2025-11-30|wild_avian|D1.1
947,380,0.390586122209811,-95.4509100590939,43.6612556858948,-96.2718368953523,41.1878506675678,1.43320525407843,1.04261913186862,2025.52448237094,2025.91506849315,SRR36582207|A/snow_goose/NE/25G05294-001/2025|H5N1|USA-NE|Sarpy|2025-12-01|wild_avian|D1.1
1057,498,0.353823898029504,-101.603717665431,41.380017805945,-101.777212026696,33.6183031644173,1.43320525407843,1.07938135604892,2025.56124459512,2025.91506849315,SRR36582197|A/wild_goose/TX/25G05380-001/2025|H5N1|USA-TX|Lubbock|2025-12-01|wild_avian|D1.1
1056,493,0.294208931928479,-91.1645428978087,41.3663860131605,-98.6763594160628,40.3687685627027,1.43320525407843,1.13899632214995,2025.62085956122,2025.91506849315,SRR36582206|A/snow_goose/NE/25G05295-001/2025|H5N1|USA-NE|Adams|2025-12-01|wild_avian|D1.1
1032,481,0.221991374066516,-110.389043565709,40.66226785176,-111.241877625416,46.1705002693495,1.43320525407843,1.21121388001191,2025.69307711908,2025.91506849315,SRR36582205|A/snow_goose/MT/25G05372-001/2025|H5N1|USA-MT|Gallatin|2025-12-01|wild_avian|D1.1
1021,469,0.393359394571409,-108.226094315883,40.7533476404825,-95.1091683105628,29.4386061704158,1.43594498010579,1.04258558553438,2025.52444882461,2025.91780821918,SRR36582198|A/Wild_duck/TX/25G05240-001/2025|H5N1|USA-TX|Galveston|2025-12-02|wild_avian|D1.1
1053,490,0.341516508022052,-97.434643424947,40.8331705443827,-89.4885051645681,43.7388610305989,1.43594498010579,1.09442847208373,2025.57629171116,2025.91780821918,SRR36538194|A/peafowl/WI/25G05091-001/2025|H5N1|USA-WI|Marquette|2025-12-02|wild_avian|D1.1
1050,495,0.317877389971841,-109.167270902314,40.8995284635902,-96.6830446964468,39.1331443790545,1.43594498010579,1.11806759013395,2025.59993082921,2025.91780821918,SRR36582213|A/snow_goose/KS/25G05234-001/2025|H5N1|USA-KS|Riley|2025-12-02|wild_avian|D1.1
1002,458,0.444226798561134,-109.106534402764,36.5984113657044,-93.4957362591171,41.9973031601945,1.43868470613314,0.99445790757201,2025.47632114664,2025.92054794521,SRR36538358|A/snow_goose/IA/25G05071-001/2025|H5N1|USA-IA|Story|2025-12-03|wild_avian|D1.1
1034,477,0.34928327254667,-112.181450244963,42.5860282147091,-122.786725354573,48.639168842923,1.44416415818786,1.09488088564119,2025.57674412471,2025.92602739726,SRR36582220|A/Raccoon/WA/25G05425-001/2025|H5N1|USA-WA|San_Juan|2025-12-05|other_mammal|D1.1
